X_rel,z,U_mag
8.3,6.7,6.3399503442741185
8.3,6.834343,6.913059070837666
8.3,6.968687,7.491917116203836
8.3,7.10303,8.026041375909527
8.3,7.237374,8.54658470245585
8.3,7.371717,8.955455178459227
8.3,7.506061,9.346738310352524
8.3,7.640404,9.610711716196414
8.3,7.774747,9.856680510466491
8.3,7.909091,10.022909056424332
8.3,8.043434,10.170434562155332
8.3,8.177778,10.278821007530473
8.3,8.312121,10.372407970559001
8.3,8.446465,10.448775144576162
8.3,8.580808,10.514202681856304
8.3,8.715152,10.572380502060367
8.3,8.849495,10.62236882284436
8.3,8.983838,10.669487459083971
8.3,9.118182,10.71021672180265
8.3,9.252525,10.749986256062549
8.3,9.386869,10.784746438363646
8.3,9.521212,10.818906877081238
8.3,9.655556,10.849887841408092
8.3,9.789899,10.879989066392236
8.3,9.924242,10.908030650963525
8.3,10.05859,10.93469247702012
8.3,10.19293,10.959564549338927
8.3,10.32727,10.984446772657806
8.3,10.46162,11.009319146088497
8.3,10.59596,11.032021759125048
8.3,10.7303,11.05384454079418
8.3,10.86465,11.075667451254896
8.3,10.99899,11.097490489779789
8.3,11.13333,11.117193553665055
8.3,11.26768,11.1368867242507
8.3,11.40202,11.156570001698904
8.3,11.53636,11.175803275115276
8.3,11.67071,11.193806340915058
8.3,11.80505,11.211809486404755
8.3,11.93939,11.229812711201097
8.3,12.07374,11.247115704132865
8.3,12.20808,11.26381850196993
8.3,12.34242,11.280531354319727
8.3,12.47677,11.29724426093739
8.3,12.61111,11.313116711453159
8.3,12.74545,11.32881909183102
8.3,12.8798,11.34451150714111
8.3,13.01414,11.360123892695583
8.3,13.14848,11.374985758504867
8.3,13.28283,11.389847645022643
8.3,13.41717,11.404709552178579
8.3,13.55152,11.419291241086329
8.3,13.68586,11.433452559685758
8.3,13.8202,11.447603889222579
8.3,13.95455,11.461755229590423
8.3,14.08889,11.47550618340702
8.3,14.22323,11.489046940065382
8.3,14.35758,11.502597701604612
8.3,14.49192,11.516138468195997
8.3,14.62626,11.529188725313118
8.3,14.76061,11.542198952035408
8.3,14.89495,11.555219181000904
8.3,15.02929,11.568129307596049
8.3,15.16364,11.5806790604395
8.3,15.29798,11.59321881544636
8.3,15.43232,11.605768572369579
8.3,15.56667,11.618108127613727
8.3,15.70101,11.63023747897957
8.3,15.83535,11.642366833534899
8.3,15.9697,11.654496191269763
8.3,16.10404,11.666335287870009
8.3,16.23838,11.678084312483307
8.3,16.37273,11.68984334216114
8.3,16.50707,11.701572362419896
8.3,16.64141,11.712981125883783
8.3,16.77576,11.724389896694381
8.3,16.9101,11.735798674876374
8.3,17.04444,11.747097387698757
8.3,17.17879,11.758195961977126
8.3,17.31313,11.769284546014083
8.3,17.44747,11.780373139626795
8.3,17.58182,11.791291638982033
8.3,17.71616,11.802090083086984
8.3,17.85051,11.812888538729808
8.3,17.98485,11.823687005968214
8.3,18.11919,11.834245370896856
8.3,18.25354,11.844763734636434
8.3,18.38788,11.855292111506492
8.3,18.52222,11.8657804856441
8.3,18.65657,11.876048793468787
8.3,18.79091,11.886317115864298
8.3,18.92525,11.896585452793326
8.3,19.0596,11.906743776943985
8.3,19.19394,11.91677208193759
8.3,19.32828,11.926800402342648
8.3,19.46263,11.936828738119926
8.3,19.59697,11.946687056877161
8.3,19.73131,11.95648537904466
8.3,19.86566,11.966273717272196
8.3,20.0,11.97607207144076
8.600000000000001,6.7,6.347292295111368
8.600000000000001,6.834343,6.909897835989531
8.600000000000001,6.968687,7.481726439614241
8.600000000000001,7.10303,8.009915673751165
8.600000000000001,7.237374,8.523348340791078
8.600000000000001,7.371717,8.929462367344529
8.600000000000001,7.506061,9.319552406034157
8.600000000000001,7.640404,9.58541931836669
8.600000000000001,7.774747,9.83451839616627
8.600000000000001,7.909091,10.003781078692155
8.600000000000001,8.043434,10.153693423414794
8.600000000000001,8.177778,10.264078057318885
8.600000000000001,8.312121,10.36057389993829
8.600000000000001,8.446465,10.438260253455374
8.600000000000001,8.580808,10.504707153713504
8.600000000000001,8.715152,10.563804497041422
8.600000000000001,8.849495,10.614802511057999
8.600000000000001,8.983838,10.662440682194381
8.600000000000001,9.118182,10.70352941241089
8.600000000000001,9.252525,10.74375854196925
8.600000000000001,9.386869,10.7788282234692
8.600000000000001,9.521212,10.813218084370494
8.600000000000001,9.655556,10.844368411978913
8.600000000000001,9.789899,10.874749174502993
8.600000000000001,9.924242,10.899259962654618
8.600000000000001,10.05859,10.925511081716854
8.600000000000001,10.19293,10.954412691486052
8.600000000000001,10.32727,10.97974457890998
8.600000000000001,10.46162,11.004866663164538
8.600000000000001,10.59596,11.027638652258043
8.600000000000001,10.7303,11.049500772667043
8.600000000000001,10.86465,11.07150340596067
8.600000000000001,10.99899,11.093506202775785
8.600000000000001,11.13333,11.113359035223246
8.600000000000001,11.26768,11.133212003826607
8.600000000000001,11.40202,11.152934743463494
8.600000000000001,11.53636,11.172167390747093
8.600000000000001,11.67071,11.190169891304773
8.600000000000001,11.80505,11.208312883520128
8.600000000000001,11.93939,11.22649609325366
8.600000000000001,12.07374,11.243969156202127
8.600000000000001,12.20808,11.260852095970552
8.600000000000001,12.34242,11.27768492639977
8.600000000000001,12.47677,11.294397414902868
8.600000000000001,12.61111,11.310269519532705
8.600000000000001,12.74545,11.326021781825961
8.600000000000001,12.8798,11.34189450637473
8.600000000000001,13.01414,11.357667228043915
8.600000000000001,13.14848,11.37268951303993
8.600000000000001,13.28283,11.387711833533444
8.600000000000001,13.41717,11.402593606323657
8.600000000000001,13.55152,11.417185103708999
8.600000000000001,13.68586,11.431336274541906
8.600000000000001,13.8202,11.445628064565827
8.600000000000001,13.95455,11.459929947018118
8.600000000000001,14.08889,11.473821487942779
8.600000000000001,14.22323,11.48750285672614
8.600000000000001,14.35758,11.50113394067528
8.600000000000001,14.49192,11.51467463644475
8.600000000000001,14.62626,11.527724871243352
8.600000000000001,14.76061,11.54079538421469
8.600000000000001,14.89495,11.553936273540964
8.600000000000001,15.02929,11.566967067055527
8.600000000000001,15.16364,11.579627500388508
8.600000000000001,15.29798,11.592287936225496
8.600000000000001,15.43232,11.604837725602255
8.600000000000001,15.56667,11.61717731994492
8.600000000000001,15.70101,11.629306731705078
8.600000000000001,15.83535,11.641536764387556
8.600000000000001,15.9697,11.653756798473486
8.600000000000001,16.10404,11.66568656231953
8.600000000000001,16.23838,11.677516248795857
8.600000000000001,16.37273,11.689315619644976
8.600000000000001,16.50707,11.701044712614975
8.600000000000001,16.64141,11.712453567255533
8.600000000000001,16.77576,11.723902734576324
8.600000000000001,16.9101,11.735382141769103
8.600000000000001,17.04444,11.746751471867988
8.600000000000001,17.17879,11.757900644298887
8.600000000000001,17.31313,11.769049772166946
8.600000000000001,17.44747,11.780148457049457
8.600000000000001,17.58182,11.791057054274734
8.600000000000001,17.71616,11.801865654784066
8.600000000000001,17.85051,11.812714663113377
8.600000000000001,17.98485,11.823563677302612
8.600000000000001,18.11919,11.834162560270462
8.600000000000001,18.25354,11.844731433102751
8.600000000000001,18.38788,11.855280046160468
8.600000000000001,18.52222,11.865758515172063
8.600000000000001,18.65657,11.876026922186734
8.600000000000001,18.79091,11.88632559102268
8.600000000000001,18.92525,11.896634387821297
8.600000000000001,19.0596,11.906833153469622
8.600000000000001,19.19394,11.916891878688626
8.600000000000001,19.32828,11.926940545483337
8.600000000000001,19.46263,11.936968969221514
8.600000000000001,19.59697,11.946827377392035
8.600000000000001,19.73131,11.956295899197684
8.600000000000001,19.86566,11.964674793042512
8.600000000000001,20.0,11.973063694784436
8.9,0.1,0.8212394966589505
8.9,0.3010101,3.0312747358527243
8.9,0.5020202,3.1112775092272225
8.9,0.7030303,3.0061965815335974
8.9,0.9040404,2.806738785484707
8.9,1.105051,2.5860512977302688
8.9,1.306061,2.381465597419809
8.9,1.507071,2.1648800873221177
8.9,1.708081,1.9372839505057493
8.9,1.909091,1.7161529675296228
8.9,2.110101,1.5148964009859962
8.9,2.311111,1.3462682064047005
8.9,2.512121,1.2105123298962777
8.9,2.713131,1.1109125104401971
8.9,2.914141,1.0431300598626028
8.9,3.115152,1.0025832619462272
8.9,3.316162,0.9889448558638928
8.9,3.517172,0.9964870091423451
8.9,3.718182,1.0259011576162504
8.9,3.919192,1.0763572874619438
8.9,4.120202,1.1479898990784727
8.9,4.321212,1.2464070898546824
8.9,4.522222,1.3718192610273625
8.9,4.723232,1.5313577925000044
8.9,4.924242,1.7310274183959178
8.9,5.125253,1.9748002765010404
8.9,5.326263,2.271977678923509
8.9,5.527273,2.652946556737883
8.9,5.728283,3.088602070012077
8.9,5.929293,3.6118807835260514
8.9,6.130303,4.21786960648228
8.9,6.331313,4.903169052500096
8.9,6.532323,5.662126084829882
8.9,6.733333,6.4884095379275815
8.9,6.934343,7.330709556428903
8.9,7.135354,8.113023133483823
8.9,7.336364,8.801493619604324
8.9,7.537374,9.355962380952297
8.9,7.738384,9.757153871987892
8.9,7.939394,10.022463216829486
8.9,8.140404,10.219689377120266
8.9,8.341414,10.36511001513993
8.9,8.542424,10.478503152979846
8.9,8.743434,10.568397768656096
8.9,8.944444,10.6412035921958
8.9,9.145455,10.705490536749299
8.9,9.346465,10.762318268479296
8.9,9.547475,10.813887040122411
8.9,9.748485,10.860836543236706
8.9,9.949495,10.901846781327206
8.9,10.15051,10.939187656974823
8.9,10.35152,10.977609137589809
8.9,10.55253,11.01642152564922
8.9,10.75354,11.049394062237134
8.9,10.95455,11.082306862418315
8.9,11.15556,11.11272994575196
8.9,11.35657,11.142423322390457
8.9,11.55758,11.171567343985238
8.9,11.75859,11.198821076439565
8.9,11.9596,11.226024935525485
8.9,12.16061,11.251678577103602
8.9,12.36162,11.276952287157922
8.9,12.56263,11.301926520882802
8.9,12.76364,11.325710043334057
8.9,12.96465,11.349443561223092
8.9,13.16566,11.372146619308644
8.9,13.36667,11.39461963807833
8.9,13.56768,11.41691313637877
8.9,13.76869,11.438345704107151
8.9,13.9697,11.459748196744298
8.9,14.17071,11.480360115431976
8.9,14.37172,11.500831952301665
8.9,14.57273,11.521174265768906
8.9,14.77374,11.540855572248354
8.9,14.97475,11.560516782356988
8.9,15.17576,11.579547451536914
8.9,15.37677,11.59848804727122
8.9,15.57778,11.617319129399462
8.9,15.77879,11.635629261891737
8.9,15.9798,11.653919312118086
8.9,16.18081,11.671688931721391
8.9,16.38182,11.689398506393916
8.9,16.58283,11.70699856546104
8.9,16.78384,11.724177799486004
8.9,16.98485,11.741356980216395
8.9,17.18586,11.758085857807265
8.9,17.38687,11.774774719350928
8.9,17.58788,11.791344046038303
8.9,17.78889,11.807582688503983
8.9,17.9899,11.823821307875354
8.9,18.19091,11.839649735074511
8.9,18.39192,11.855468167504657
8.9,18.59293,11.871167031104234
8.9,18.79394,11.88658533727396
8.9,18.99495,11.902013645167274
8.9,19.19596,11.917071849572567
8.9,19.39697,11.932120072689116
8.9,19.59798,11.947038697534476
8.9,19.79899,11.959607120761955
8.9,20.0,11.972155559974714
9.200000000000001,0.1,1.7319361753367837
9.200000000000001,0.3010101,2.945315335313939
9.200000000000001,0.5020202,2.985462981788632
9.200000000000001,0.7030303,2.8335798093298177
9.200000000000001,0.9040404,2.5181335903017676
9.200000000000001,1.105051,2.2719229458072734
9.200000000000001,1.306061,2.2780593974285943
9.200000000000001,1.507071,2.172880727644504
9.200000000000001,1.708081,1.9639892119520004
9.200000000000001,1.909091,1.742087325089487
9.200000000000001,2.110101,1.536365356180266
9.200000000000001,2.311111,1.3619400550114416
9.200000000000001,2.512121,1.2204029042708449
9.200000000000001,2.713131,1.1159014537188996
9.200000000000001,2.914141,1.043999968299361
9.200000000000001,3.115152,1.0005989130581543
9.200000000000001,3.316162,0.9846375747560463
9.200000000000001,3.517172,0.9903314602075424
9.200000000000001,3.718182,1.0186233601321
9.200000000000001,3.919192,1.0684275540979833
9.200000000000001,4.120202,1.1398086978751851
9.200000000000001,4.321212,1.2382892397903424
9.200000000000001,4.522222,1.3641588055773348
9.200000000000001,4.723232,1.524842804486278
9.200000000000001,4.924242,1.7269311660819
9.200000000000001,5.125253,1.9742936425322533
9.200000000000001,5.326263,2.276327239845842
9.200000000000001,5.527273,2.65990426354347
9.200000000000001,5.728283,3.1004716225168574
9.200000000000001,5.929293,3.629613213356687
9.200000000000001,6.130303,4.235980032767215
9.200000000000001,6.331313,4.920003065593289
9.200000000000001,6.532323,5.67695491213136
9.200000000000001,6.733333,6.493399902825134
9.200000000000001,6.934343,7.319742293057349
9.200000000000001,7.135354,8.099327781551612
9.200000000000001,7.336364,8.77709218155281
9.200000000000001,7.537374,9.330189675932962
9.200000000000001,7.738384,9.734604060375684
9.200000000000001,7.939394,10.00544929536197
9.200000000000001,8.140404,10.203840311210035
9.200000000000001,8.341414,10.354197196867931
9.200000000000001,8.542424,10.468737694682364
9.200000000000001,8.743434,10.560420179362124
9.200000000000001,8.944444,10.634504185273324
9.200000000000001,9.145455,10.699029352459913
9.200000000000001,9.346465,10.75674556444989
9.200000000000001,9.547475,10.808502712324831
9.200000000000001,9.748485,10.855850784205881
9.200000000000001,9.949495,10.897199741614253
9.200000000000001,10.15051,10.934799429814241
9.200000000000001,10.35152,10.9734697194625
9.200000000000001,10.55253,11.01228058254895
9.200000000000001,10.75354,11.045452098008557
9.200000000000001,10.95455,11.078543969903508
9.200000000000001,11.15556,11.109026032880255
9.200000000000001,11.35657,11.13892872720758
9.200000000000001,11.55758,11.168121724911815
9.200000000000001,11.75859,11.195534857982995
9.200000000000001,11.9596,11.222898151056746
9.200000000000001,12.16061,11.248621160999265
9.200000000000001,12.36162,11.274114661097824
9.200000000000001,12.56263,11.299138225475536
9.200000000000001,12.76364,11.323091612705108
9.200000000000001,12.96465,11.346984969478259
9.200000000000001,13.16566,11.369747758147168
9.200000000000001,13.36667,11.392440979912719
9.200000000000001,13.56768,11.414764106989988
9.200000000000001,13.76869,11.436376906065709
9.200000000000001,13.9697,11.457909539725094
9.200000000000001,14.17071,11.478591473351106
9.200000000000001,14.37172,11.49925381396409
9.200000000000001,14.57273,11.519615975509607
9.200000000000001,14.77374,11.539457769437748
9.200000000000001,14.97475,11.559229316851601
9.200000000000001,15.17576,11.57832019067123
9.200000000000001,15.37677,11.59742145328131
9.200000000000001,15.57778,11.616262522127524
9.200000000000001,15.77879,11.63470327009467
9.200000000000001,15.9798,11.653083743568182
9.200000000000001,16.18081,11.670893668012717
9.200000000000001,16.38182,11.688733953089335
9.200000000000001,16.58283,11.706344071609234
9.200000000000001,16.78384,11.723623950743185
9.200000000000001,16.98485,11.740863563389281
9.200000000000001,17.18586,11.757632780983133
9.200000000000001,17.38687,11.774412320363053
9.200000000000001,17.58788,11.790991735931321
9.200000000000001,17.78889,11.807300992716245
9.200000000000001,17.9899,11.82359000977072
9.200000000000001,18.19091,11.839448772561996
9.200000000000001,18.39192,11.85533781244064
9.200000000000001,18.59293,11.871036769913003
9.200000000000001,18.79394,11.886515632265219
9.200000000000001,18.99495,11.901974287336976
9.200000000000001,19.19596,11.917052802625358
9.200000000000001,19.39697,11.932151550844862
9.200000000000001,19.59798,11.947080261676092
9.200000000000001,19.79899,11.961808934033122
9.200000000000001,20.0,11.97545754214218
18.5,0.1,0.8590029720783083
18.5,0.3010101,1.218759512573436
18.5,0.5020202,1.3041717102619708
18.5,0.7030303,1.2235972874436951
18.5,1.306061,1.4909694355320866
18.5,1.507071,1.983967180250625
18.5,1.708081,2.019982926401109
18.5,1.909091,2.041734027364537
18.5,2.110101,2.066273329957218
18.5,2.311111,2.099178248693729
18.5,2.512121,2.141539306501566
18.5,2.713131,2.194738705497443
18.5,2.914141,2.2579282512997247
18.5,3.115152,2.3309549196349755
18.5,3.316162,2.415062364290938
18.5,3.517172,2.509405653986162
18.5,3.718182,2.615615811107785
18.5,3.919192,2.7343271362026917
18.5,4.120202,2.866641521874592
18.5,4.321212,3.0171163342252574
18.5,4.522222,3.186260948962679
18.5,4.723232,3.378750986476
18.5,4.924242,3.5978894701229773
18.5,5.125253,3.844920198042265
18.5,5.326263,4.13508447794677
18.5,5.527273,4.450391203532694
18.5,5.728283,4.802017351682651
18.5,5.929293,5.193845857095543
18.5,6.130303,5.615276457185639
18.5,6.331313,6.067348836641845
18.5,6.532323,6.5395074326493985
18.5,6.733333,7.030351761527221
18.5,6.934343,7.526030661047028
18.5,7.135354,8.008093560537532
18.5,7.336364,8.469916952903752
18.5,7.537374,8.894493301639649
18.5,7.738384,9.270244972322944
18.5,7.939394,9.579067111447054
18.5,8.140404,9.835493622288833
18.5,8.341414,10.045004223616864
18.5,8.542424,10.214540945801808
18.5,8.743434,10.350003339239088
18.5,8.944444,10.455938976830058
18.5,9.145455,10.545780269140037
18.5,9.346465,10.622444780779498
18.5,9.547475,10.68921990719226
18.5,9.748485,10.747924143870911
18.5,9.949495,10.79378281384003
18.5,10.15051,10.83907261687697
18.5,10.35152,10.887770748508263
18.5,10.55253,10.929528523041927
18.5,10.75354,10.96595258376137
18.5,10.95455,11.002508287888498
18.5,11.15556,11.03571858695865
18.5,11.35657,11.06788102028986
18.5,11.55758,11.099165496773049
18.5,11.75859,11.12834304885643
18.5,11.9596,11.157561619472855
18.5,12.16061,11.185052775382044
18.5,12.36162,11.212085084034104
18.5,12.56263,11.238588634920946
18.5,12.76364,11.263973924532637
18.5,12.96465,11.289369887173676
18.5,13.16566,11.313687422322042
18.5,13.36667,11.337765646871752
18.5,13.56768,11.361474686670972
18.5,13.76869,11.384464789929304
18.5,13.9697,11.407475350645901
18.5,14.17071,11.429696932990504
18.5,14.37172,11.45176896587592
18.5,14.57273,11.473541564789462
18.5,14.77374,11.494794855576655
18.5,14.97475,11.516068456896436
18.5,15.17576,11.5366927575615
18.5,15.37677,11.55720737272959
18.5,15.57778,11.577462393465856
18.5,15.77879,11.597297881480376
18.5,15.9798,11.617143575160704
18.5,16.18081,11.63642976138181
18.5,16.38182,11.655626174217648
18.5,16.58283,11.674562878956051
18.5,16.78384,11.69315990170961
18.5,16.98485,11.711767055650574
18.5,17.18586,11.72986455726602
18.5,17.38687,11.747882222367439
18.5,17.58788,11.765660093889776
18.5,17.78889,11.783138178638074
18.5,17.9899,11.800646343989287
18.5,18.19091,11.817674750895103
18.5,18.39192,11.834633273106675
18.5,18.59293,11.85137193690046
18.5,18.79394,11.86785073968479
18.5,18.99495,11.884359591671853
18.5,19.19596,11.900418608346818
18.5,19.39697,11.916437702370875
18.5,19.59798,11.932236887203464
18.5,19.79899,11.947816157192852
18.5,20.0,11.961155559607938
18.8,0.1,0.8269687291669062
18.8,0.3010101,1.060754668949714
18.8,0.5020202,1.1588099683390547
18.8,0.7030303,1.196989280155943
18.8,1.306061,1.3572900169970714
18.8,1.507071,2.0238117007129324
18.8,1.708081,2.0462043485009085
18.8,1.909091,2.0684278942629595
18.8,2.110101,2.0968562027947373
18.8,2.311111,2.134355682526948
18.8,2.512121,2.1809283082263295
18.8,2.713131,2.2379153709939663
18.8,2.914141,2.304867088161761
18.8,3.115152,2.3814247319460886
18.8,3.316162,2.4687637806867126
18.8,3.517172,2.5658920250458745
18.8,3.718182,2.674547670434478
18.8,3.919192,2.795651704554554
18.8,4.120202,2.9301882148498994
18.8,4.321212,3.0825378582948777
18.8,4.522222,3.253077844726575
18.8,4.723232,3.446433098696041
18.8,4.924242,3.665869247731487
18.8,5.125253,3.91241469605567
18.8,5.326263,4.200600488290056
18.8,5.527273,4.51386474033083
18.8,5.728283,4.862015805622661
18.8,5.929293,5.248320008073073
18.8,6.130303,5.664759256997603
18.8,6.331313,6.1080526192704765
18.8,6.532323,6.573749062196889
18.8,6.733333,7.056436242237
18.8,6.934343,7.542734419408231
18.8,7.135354,8.018250854916095
18.8,7.336364,8.471566405430332
18.8,7.537374,8.891644130301405
18.8,7.738384,9.263924390221309
18.8,7.939394,9.57114533891588
18.8,8.140404,9.82736589431656
18.8,8.341414,10.037567141321517
18.8,8.542424,10.207861717441434
18.8,8.743434,10.344351994977549
18.8,8.944444,10.45124580205638
18.8,9.145455,10.541715683576019
18.8,9.346465,10.619138812254345
18.8,9.547475,10.686322926893443
18.8,9.748485,10.74542624865758
18.8,9.949495,10.796858186063247
18.8,10.15051,10.842437693501259
18.8,10.35152,10.88607112056786
18.8,10.55253,10.927868405738579
18.8,10.75354,10.964462024727503
18.8,10.95455,11.001057298854587
18.8,11.15556,11.03426721208454
18.8,11.35657,11.066499301622628
18.8,11.55758,11.097873459855295
18.8,11.75859,11.127100736653876
18.8,11.9596,11.15632898721229
18.8,12.16061,11.183819839528091
18.8,12.36162,11.210871899067246
18.8,12.56263,11.237415217739155
18.8,12.76364,11.262810291794755
18.8,12.96465,11.288205993183485
18.8,13.16566,11.312523277644496
18.8,13.36667,11.336611293108701
18.8,13.56768,11.360340133333448
18.8,13.76869,11.383340043636101
18.8,13.9697,11.406350382262286
18.8,14.17071,11.428571753230273
18.8,14.37172,11.450653596483283
18.8,14.57273,11.472446010164896
18.8,14.77374,11.493709119394401
18.8,14.97475,11.51498253045471
18.8,15.17576,11.535606652840189
18.8,15.37677,11.55614109218697
18.8,15.57778,11.576405939491076
18.8,15.77879,11.596261257873419
18.8,15.9798,11.616116790658033
18.8,16.18081,11.635402828592982
18.8,16.38182,11.654619081434758
18.8,16.58283,11.673585628618554
18.8,16.78384,11.692202498983287
18.8,16.98485,11.71082952033685
18.8,17.18586,11.728916901286768
18.8,17.38687,11.746964426422243
18.8,17.58788,11.764782161679003
18.8,17.78889,11.782290116314421
18.8,17.9899,11.799798175538738
18.8,18.19091,11.816816486533737
18.8,18.39192,11.833814892286021
18.8,18.59293,11.850593444823483
18.8,18.79394,11.867102143006441
18.8,18.99495,11.88361091212838
18.8,19.19596,11.899679854213359
18.8,19.39697,11.915728857015493
18.8,19.59798,11.930448016787686
18.8,19.79899,11.94377732149614
18.8,20.0,11.957106660786648
19.1,0.1,0.9063597834291031
19.1,0.3010101,1.2049462896077072
19.1,0.5020202,1.3241288550771724
19.1,0.7030303,1.3480490862519632
19.1,0.9040404,1.0621475317255178
19.1,1.105051,0.34832297250858735
19.1,1.306061,1.8603167601504964
19.1,1.507071,2.0078515494921283
19.1,1.708081,2.0514994652771916
19.1,1.909091,2.0862375917726053
19.1,2.110101,2.123014461200449
19.1,2.311111,2.1669862559051243
19.1,2.512121,2.218632803203383
19.1,2.713131,2.27981696827878
19.1,2.914141,2.350759670187635
19.1,3.115152,2.430972652897327
19.1,3.316162,2.521599340547777
19.1,3.517172,2.6215388315654033
19.1,3.718182,2.7326488763176173
19.1,3.919192,2.856127406484709
19.1,4.120202,2.9928555941909356
19.1,4.321212,3.147043374027707
19.1,4.522222,3.3189449122707453
19.1,4.723232,3.5131385052971598
19.1,4.924242,3.7328395029495214
19.1,5.125253,3.978855691744929
19.1,5.326263,4.265024220084003
19.1,5.527273,4.5762463385770005
19.1,5.728283,4.920986078373473
19.1,5.929293,5.301926822027239
19.1,6.130303,5.713484555457359
19.1,6.331313,6.148320188734908
19.1,6.532323,6.607698636421094
19.1,6.733333,7.082463960208336
19.1,6.934343,7.559676693243812
19.1,7.135354,8.028769892477506
19.1,7.336364,8.47376980242266
19.1,7.537374,8.889379201486745
19.1,7.738384,9.258142430796383
19.1,7.939394,9.563635637307318
19.1,8.140404,9.819578571850132
19.1,8.341414,10.030307898501938
19.1,8.542424,10.201320557423013
19.1,8.743434,10.338788945835475
19.1,8.944444,10.446621105459867
19.1,9.145455,10.537699701696898
19.1,9.346465,10.615881598477088
19.1,9.547475,10.683464803758246
19.1,9.748485,10.742977313249842
19.1,9.949495,10.789374692329021
19.1,10.15051,10.834304311248633
19.1,10.35152,10.88167306114606
19.1,10.55253,10.926277064915084
19.1,10.75354,10.963040340188655
19.1,10.95455,10.99967524802631
19.1,11.15556,11.032894823842033
19.1,11.35657,11.065196642200595
19.1,11.55758,11.096650557131596
19.1,11.75859,11.125927625577857
19.1,11.9596,11.1551755994057
19.1,12.16061,11.182666182852213
19.1,12.36162,11.20973804529294
19.1,12.56263,11.236301185460196
19.1,12.76364,11.261716092623582
19.1,12.96465,11.287121564135358
19.1,13.16566,11.311438623620525
19.1,13.36667,11.33552646961647
19.1,13.56768,11.359265150531005
19.1,13.76869,11.382274905102408
19.1,13.9697,11.40528504517935
19.1,14.17071,11.427506224412546
19.1,14.37172,11.449597908667531
19.1,14.57273,11.471390168235112
19.1,14.77374,11.492673124510361
19.1,14.97475,11.513946362975156
19.1,15.17576,11.534570322135277
19.1,15.37677,11.555114609409607
19.1,15.57778,11.575399306696141
19.1,15.77879,11.595264477089989
19.1,15.9798,11.615119862217247
19.1,16.18081,11.634405763192271
19.1,16.38182,11.653641873653118
19.1,16.58283,11.672638280229469
19.1,16.78384,11.69128501346133
19.1,16.98485,11.709901911912649
19.1,17.18586,11.727989180606684
19.1,17.38687,11.74606657791807
19.1,17.58788,11.763914188012876
19.1,17.78889,11.781452022238412
19.1,17.9899,11.798959982246776
19.1,18.19091,11.81598820346276
19.1,18.39192,11.833016499559408
19.1,18.59293,11.849824945893786
19.1,18.79394,11.866363542742093
19.1,18.99495,11.882882234119254
19.1,19.19596,11.898941106366237
19.1,19.39697,11.915030018680133
19.1,19.59798,11.930899029574826
19.1,19.79899,11.946538134485994
19.1,20.0,11.959877431683024
19.4,0.1,0.28579818035795934
19.4,0.3010101,1.1090785413745758
19.4,0.5020202,1.2024315719344176
19.4,0.7030303,1.2399449908770743
19.4,0.9040404,1.21660594630676
19.4,1.105051,1.2879377474654266
19.4,1.306061,1.7908265334762388
19.4,1.507071,1.9925585546476896
19.4,1.708081,2.057142975061935
19.4,1.909091,2.1035037324535533
19.4,2.110101,2.148582065228913
19.4,2.311111,2.1988030272666577
19.4,2.512121,2.255798959124631
19.4,2.713131,2.3216036596314296
19.4,2.914141,2.396370823338943
19.4,3.115152,2.4800585085258144
19.4,3.316162,2.5737299529789177
19.4,3.517172,2.676511865949611
19.4,3.718182,2.7902746665613725
19.4,3.919192,2.9160081564792177
19.4,4.120202,3.0547799756758507
19.4,4.321212,3.2106605090433775
19.4,4.522222,3.3839321316880073
19.4,4.723232,3.5790274784733094
19.4,4.924242,3.7989271621746368
19.4,5.125253,4.044294203622267
19.4,5.326263,4.313813889530975
19.4,5.527273,4.63726535626417
19.4,5.728283,4.9784384356083695
19.4,5.929293,5.356173738045987
19.4,6.130303,5.7590349840953285
19.4,6.331313,6.191132524871552
19.4,6.532323,6.640326611303529
19.4,6.733333,7.107346302686551
19.4,6.934343,7.57894295631374
19.4,7.135354,8.036602086567633
19.4,7.336364,8.478775989125008
19.4,7.537374,8.887043425514218
19.4,7.738384,9.252470791728026
19.4,7.939394,9.55686911222486
19.4,8.140404,9.812061188878756
19.4,8.341414,10.022926934444639
19.4,8.542424,10.195057665478284
19.4,8.743434,10.333364425994294
19.4,8.944444,10.441845232530282
19.4,9.145455,10.534012382795247
19.4,9.346465,10.612443432928318
19.4,9.547475,10.680725654261611
19.4,9.748485,10.740557456670366
19.4,9.949495,10.79074018519796
19.4,10.15051,10.834910542916388
19.4,10.35152,10.880710844773906
19.4,10.55253,10.924675382361226
19.4,10.75354,10.961428301123995
19.4,10.95455,10.998242895795451
19.4,11.15556,11.031652278783689
19.4,11.35657,11.063973798072528
19.4,11.55758,11.095427409848515
19.4,11.75859,11.124714200920254
19.4,11.9596,11.154011992967128
19.4,12.16061,11.181562474379637
19.4,12.36162,11.208644097295238
19.4,12.56263,11.235206990343233
19.4,12.76364,11.260621667697723
19.4,12.96465,11.28604699675051
19.4,13.16566,11.310373959981467
19.4,13.36667,11.334471601081976
19.4,13.56768,11.35821007317842
19.4,13.76869,11.38121963131177
19.4,13.9697,11.404229636423393
19.4,14.17071,11.426460701589063
19.4,14.37172,11.448552206781569
19.4,14.57273,11.470354287649721
19.4,14.77374,11.491637074794589
19.4,14.97475,11.51292017519906
19.4,15.17576,11.533564002106221
19.4,15.37677,11.55410813357747
19.4,15.57778,11.574392678864426
19.4,15.77879,11.594267704874898
19.4,15.9798,11.61414294978237
19.4,16.18081,11.633448710384677
19.4,16.38182,11.652694688246852
19.4,16.58283,11.671690967615712
19.4,16.78384,11.690327580068221
19.4,16.98485,11.708984342604461
19.4,17.18586,11.727121475168488
19.4,17.38687,11.745198762957893
19.4,17.58788,11.763036269072963
19.4,17.78889,11.780574004505834
19.4,17.9899,11.79813184012793
19.4,18.19091,11.815199939166009
19.4,18.39192,11.832228147499608
19.4,18.59293,11.849036510754898
19.4,18.79394,11.865585028747862
19.4,18.99495,11.882143611372
19.4,19.19596,11.898252378929044
19.4,19.39697,11.914341223029634
19.4,19.59798,11.930210168989046
19.4,19.79899,11.945859211857174
19.4,20.0,11.960378360827391
19.700000000000003,0.1,0.41864204745557715
19.700000000000003,0.3010101,1.1567339790069346
19.700000000000003,0.5020202,1.2839202329731074
19.700000000000003,0.7030303,1.3608053963163365
19.700000000000003,0.9040404,1.4224000515573754
19.700000000000003,1.105051,1.5746817193538665
19.700000000000003,1.306061,1.8691340152879772
19.700000000000003,1.507071,2.009667676618521
19.700000000000003,1.708081,2.0761002536862394
19.700000000000003,1.909091,2.126910027318788
19.700000000000003,2.110101,2.1767787138002515
19.700000000000003,2.311111,2.2315604029107616
19.700000000000003,2.512121,2.293336466699447
19.700000000000003,2.713131,2.3633742590600186
19.700000000000003,2.914141,2.4419870470818563
19.700000000000003,3.115152,2.528728361844552
19.700000000000003,3.316162,2.6252970448264845
19.700000000000003,3.517172,2.7309417642976954
19.700000000000003,3.718182,2.8472743037557535
19.700000000000003,3.919192,2.9753198685673024
19.700000000000003,4.120202,3.115913354850785
19.700000000000003,4.321212,3.2733902555417957
19.700000000000003,4.522222,3.4480628970593044
19.700000000000003,4.723232,3.64410102095179
19.700000000000003,4.924242,3.864634455733207
19.700000000000003,5.125253,4.108516667983289
19.700000000000003,5.326263,4.375560025617452
19.700000000000003,5.527273,4.6981390056504555
19.700000000000003,5.728283,5.035634660961317
19.700000000000003,5.929293,5.40685149283698
19.700000000000003,6.130303,5.808202891982579
19.700000000000003,6.331313,6.229584602699207
19.700000000000003,6.532323,6.6747597770959395
19.700000000000003,6.733333,7.133238253842412
19.700000000000003,6.934343,7.5940641271907365
19.700000000000003,7.135354,8.0496316455222
19.700000000000003,7.336364,8.480992741092637
19.700000000000003,7.537374,8.886284798543882
19.700000000000003,7.738384,9.247585135896028
19.700000000000003,7.939394,9.549688779706809
19.700000000000003,8.140404,9.804850439814235
19.700000000000003,8.341414,10.016153943342731
19.700000000000003,8.542424,10.188603349438695
19.700000000000003,8.743434,10.327958519468396
19.700000000000003,8.944444,10.437527877109206
19.700000000000003,9.145455,10.52993416002824
19.700000000000003,9.346465,10.60936406541813
19.700000000000003,9.547475,10.677875619661641
19.700000000000003,9.748485,10.738176731516011
19.700000000000003,9.949495,10.788718922814443
19.700000000000003,10.15051,10.83656480447263
19.700000000000003,10.35152,10.880816889990076
19.700000000000003,10.55253,10.92311293102441
19.700000000000003,10.75354,10.959995581410464
19.700000000000003,10.95455,10.99692990408599
19.700000000000003,11.15556,11.030369024693925
19.700000000000003,11.35657,11.062790361314752
19.700000000000003,11.55758,11.094263718310218
19.700000000000003,11.75859,11.1235903423946
19.700000000000003,11.9596,11.15291795345977
19.700000000000003,12.16061,11.18047823168596
19.700000000000003,12.36162,11.207589725289834
19.700000000000003,12.56263,11.234162409902618
19.700000000000003,12.76364,11.259586950770352
19.700000000000003,12.96465,11.285012126894232
19.700000000000003,13.16566,11.309348916940726
19.700000000000003,13.36667,11.333456438208245
19.700000000000003,13.56768,11.35718472903988
19.700000000000003,13.76869,11.380204157738211
19.700000000000003,13.9697,11.403224018967935
19.700000000000003,14.17071,11.425454929297493
19.700000000000003,14.37172,11.447556311285592
19.700000000000003,14.57273,11.469348231461385
19.700000000000003,14.77374,11.490640889332356
19.700000000000003,14.97475,11.511923851316734
19.700000000000003,15.17576,11.532567537524706
19.700000000000003,15.37677,11.553131541890297
19.700000000000003,15.57778,11.57341594608379
19.700000000000003,15.77879,11.593300844031065
19.700000000000003,15.9798,11.613185958282541
19.700000000000003,16.18081,11.632501592117451
19.700000000000003,16.38182,11.651757444498573
19.700000000000003,16.58283,11.670753603157813
19.700000000000003,16.78384,11.689420093614094
19.700000000000003,16.98485,11.708086737711621
19.700000000000003,17.18586,11.726233758963133
19.700000000000003,17.38687,11.74433092973887
19.700000000000003,17.58788,11.762178335750008
19.700000000000003,17.78889,11.779745960564417
19.700000000000003,17.9899,11.797313693547151
19.700000000000003,18.19091,11.814391697691041
19.700000000000003,18.39192,11.831459802428638
19.700000000000003,18.59293,11.848258085432898
19.700000000000003,18.79394,11.864836507047059
19.700000000000003,18.99495,11.881415004092675
19.700000000000003,19.19596,11.897533692094763
19.700000000000003,19.39697,11.913652446595526
19.700000000000003,19.59798,11.929521329997135
19.700000000000003,19.79899,11.942930437162461
19.700000000000003,20.0,11.956309584701168
20.0,0.1,0.41595467574333467
20.0,0.3010101,1.2122873844120197
20.0,0.5020202,1.364852747752698
20.0,0.7030303,1.46282390080893
20.0,0.9040404,1.5562065408694463
20.0,1.105051,1.7192793250726495
20.0,1.306061,1.9239302374074743
20.0,1.507071,2.0354873094502546
20.0,1.708081,2.1007899611622056
20.0,1.909091,2.1540377320013633
20.0,2.110101,2.207297984913838
20.0,2.311111,2.2660285209989155
20.0,2.512121,2.3316341372586638
20.0,2.713131,2.4054684276014453
20.0,2.914141,2.487425012323611
20.0,3.115152,2.5772979408877816
20.0,3.316162,2.6766642330765644
20.0,3.517172,2.7849291546114885
20.0,3.718182,2.9037283706580626
20.0,3.919192,3.033867072532067
20.0,4.120202,3.1763533250802056
20.0,4.321212,3.3353738805311264
20.0,4.522222,3.511261739225724
20.0,4.723232,3.708081456836338
20.0,4.924242,3.9289518674627657
20.0,5.125253,4.169918419363093
20.0,5.326263,4.455435266846872
20.0,5.527273,4.757701323629663
20.0,5.728283,5.091458254676077
20.0,5.929293,5.45958814560493
20.0,6.130303,5.852570033938615
20.0,6.331313,6.271375316895564
20.0,6.532323,6.706840414590159
20.0,6.733333,7.15798508109587
20.0,6.934343,7.61350640626671
20.0,7.135354,8.058103462862238
20.0,7.336364,8.486770082740694
20.0,7.537374,8.884856801737616
20.0,7.738384,9.242781909256742
20.0,7.939394,9.543660326217541
20.0,8.140404,9.797831884720127
20.0,8.341414,10.00917926002648
20.0,8.542424,10.182587293364199
20.0,8.743434,10.322691206364789
20.0,8.944444,10.432879484895599
20.0,9.145455,10.526334600868404
20.0,9.346465,10.606013827319844
20.0,9.547475,10.675214596861355
20.0,9.748485,10.735845152207744
20.0,9.949495,10.782981101956167
20.0,10.15051,10.83474226660942
20.0,10.35152,10.87906401823877
20.0,10.55253,10.921679800983405
20.0,10.75354,10.958732255456162
20.0,10.95455,10.995666286392915
20.0,11.15556,11.029105144370853
20.0,11.35657,11.061546263784434
20.0,11.55758,11.09316958117122
20.0,11.75859,11.122536089360684
20.0,11.9596,11.151873465313724
20.0,12.16061,11.17943352866696
20.0,12.36162,11.206554849917014
20.0,12.56263,11.233157524192693
20.0,12.76364,11.258601959878389
20.0,12.96465,11.284026936979766
20.0,13.16566,11.30836354299493
20.0,13.36667,11.332470914132093
20.0,13.56768,11.356209172901975
20.0,13.76869,11.379228491098717
20.0,13.9697,11.402248179979816
20.0,14.17071,11.424478929829188
20.0,14.37172,11.446580174859639
20.0,14.57273,11.46838202915247
20.0,14.77374,11.48967457051226
20.0,14.97475,11.510957382700795
20.0,15.17576,11.531610929141618
20.0,15.37677,11.552164807044182
20.0,15.57778,11.572469115128097
20.0,15.77879,11.59236389607502
20.0,15.9798,11.612248881578745
20.0,16.18081,11.631564395596506
20.0,16.38182,11.650830132361472
20.0,16.58283,11.66986617626689
20.0,16.78384,11.688542556425375
20.0,16.98485,11.70720909204403
20.0,17.18586,11.725346012844806
20.0,17.38687,11.743463080792981
20.0,17.58788,11.761350367215224
20.0,17.78889,11.778937894176426
20.0,17.9899,11.79650553787902
20.0,18.19091,11.813583459814362
20.0,18.39192,11.830661476121067
20.0,18.59293,11.847519645540899
20.0,18.79394,11.864107984903768
20.0,18.99495,11.880686410114869
20.0,19.19596,11.896805032404316
20.0,19.39697,11.912933713964263
20.0,19.59798,11.928872497588769
20.0,19.79899,11.94343147027557
20.0,20.0,11.956810572103283
20.3,0.1,0.3920922884795048
20.3,0.3010101,1.2720606026364958
20.3,0.5020202,1.4359664954365852
20.3,0.7030303,1.5459164039597357
20.3,0.9040404,1.6568820337583894
20.3,1.105051,1.8150191956143895
20.3,1.306061,1.9684138015043557
20.3,1.507071,2.0627610812199473
20.3,1.708081,2.127262630777655
20.3,1.909091,2.182801501969983
20.3,2.110101,2.239441186327126
20.3,2.311111,2.3017835448804758
20.3,2.512121,2.370831830935673
20.3,2.713131,2.4477799863089165
20.3,2.914141,2.5328859224044
20.3,3.115152,2.6258142316947275
20.3,3.316162,2.727983254737411
20.3,3.517172,2.8386734903602484
20.3,3.718182,2.959597865244359
20.3,3.919192,3.091801281282074
20.3,4.120202,3.2361986130815117
20.3,4.321212,3.396820525759935
20.3,4.522222,3.573926784973847
20.3,4.723232,3.7716644356690088
20.3,4.924242,3.9932945084178617
20.3,5.125253,4.245725526250392
20.3,5.326263,4.51896961113085
20.3,5.527273,4.816730451567455
20.3,5.728283,5.14718382188957
20.3,5.929293,5.510249442985696
20.3,6.130303,5.898769680926828
20.3,6.331313,6.309834420906851
20.3,6.532323,6.739630889079401
20.3,6.733333,7.183658029690375
20.3,6.934343,7.630952121291609
20.3,7.135354,8.069721977400993
20.3,7.336364,8.490609019583141
20.3,7.537374,8.88441650717719
20.3,7.738384,9.238742818711678
20.3,7.939394,9.537572891839105
20.3,8.140404,9.791150071803507
20.3,8.341414,10.00265275578843
20.3,8.542424,10.176539777311554
20.3,8.743434,10.317452566276419
20.3,8.944444,10.428479796394644
20.3,9.145455,10.522514083345538
20.3,9.346465,10.60291250627627
20.3,9.547475,10.672512685965776
20.3,9.748485,10.7335327240123
20.3,9.949495,10.786381998544222
20.3,10.15051,10.83300935315886
20.3,10.35152,10.877570803736502
20.3,10.55253,10.920176279475672
20.3,10.75354,10.95727848989498
20.3,10.95455,10.994382351336514
20.3,11.15556,11.027941086201333
20.3,11.35657,11.06045205381706
20.3,11.55758,11.092065134359526
20.3,11.75859,11.121451464070693
20.3,11.9596,11.150838748938444
20.3,12.16061,11.178428733290593
20.3,12.36162,11.205569935485656
20.3,12.56263,11.23217241134872
20.3,12.76364,11.257616697050263
20.3,12.96465,11.28306159346395
20.3,13.16566,11.307408120074454
20.3,13.36667,11.331515377181177
20.3,13.56768,11.355253464316894
20.3,13.76869,11.378272646997926
20.3,13.9697,11.401292247170453
20.3,14.17071,11.423532905824008
20.3,14.37172,11.445624035306153
20.3,14.57273,11.467435739439443
20.3,14.77374,11.48871815485864
20.3,14.97475,11.51001086707285
20.3,15.17576,11.53066431095837
20.3,15.37677,11.551228073099725
20.3,15.57778,11.571532250697073
20.3,15.77879,11.59142691441579
20.3,15.9798,11.611321792847374
20.3,16.18081,11.630657198814037
20.3,16.38182,11.649932824494716
20.3,16.58283,11.66895875686363
20.3,16.78384,11.687645030182043
20.3,16.98485,11.706331458704204
20.3,17.18586,11.7244982738792
20.3,17.38687,11.74262524057353
20.3,17.58788,11.760512433715972
20.3,17.78889,11.778109866378834
20.3,17.9899,11.795697410007865
20.3,18.19091,11.812805235515638
20.3,18.39192,11.829893163998195
20.3,18.59293,11.846751257228794
20.3,18.79394,11.863359516094553
20.3,18.99495,11.879957853236073
20.3,19.19596,11.896106393845852
20.3,19.39697,11.912255003178627
20.3,19.59798,11.928183725610657
20.3,19.79899,11.943892556327409
20.3,20.0,11.959601442190618
20.6,0.1,0.38913517392093616
20.6,0.3010101,1.3351353246840036
20.6,0.5020202,1.4969498379331891
20.6,0.7030303,1.615666239435558
20.6,0.9040404,1.737372782103302
20.6,1.105051,1.8823483122684397
20.6,1.306061,2.0056643508138268
20.6,1.507071,2.090067598252718
20.6,1.708081,2.1543151806545233
20.6,1.909091,2.2123353971707176
20.6,2.110101,2.272376772470876
20.6,2.311111,2.338232413919371
20.6,2.512121,2.4105321289472457
20.6,2.713131,2.4904227078466947
20.6,2.914141,2.578470140636725
20.6,3.115152,2.6742708801026853
20.6,3.316162,2.7790777188406284
20.6,3.517172,2.8920716340304904
20.6,3.718182,3.0150356284168915
20.6,3.919192,3.1492204306732865
20.6,4.120202,3.2954773117949863
20.6,4.321212,3.4577105413455125
20.6,4.522222,3.6361750453276738
20.6,4.723232,3.835619597326415
20.6,4.924242,4.05452679153602
20.6,5.125253,4.306445793523781
20.6,5.326263,4.5780999286181885
20.6,5.527273,4.87433811678972
20.6,5.728283,5.201787709065788
20.6,5.929293,5.560016864708381
20.6,6.130303,5.944184565332152
20.6,6.331313,6.3477853413527665
20.6,6.532323,6.772042499789306
20.6,6.733333,7.2091555677959125
20.6,6.934343,7.648491885376515
20.6,7.135354,8.081551803478305
20.6,7.336364,8.494866517922437
20.6,7.537374,8.88444201991046
20.6,7.738384,9.235166826190264
20.6,7.939394,9.53186889502779
20.6,8.140404,9.784797973972182
20.6,8.341414,9.996317340448424
20.6,8.542424,10.170650555079126
20.6,8.743434,10.312322428127109
20.6,8.944444,10.4241487821605
20.6,9.145455,10.518742354605195
20.6,9.346465,10.599860108186737
20.6,9.547475,10.669849786552977
20.6,9.748485,10.731269397681878
20.6,9.949495,10.778954674321628
20.6,10.15051,10.82929723454601
20.6,10.35152,10.875906424263837
20.6,10.55253,10.918741697568478
20.6,10.75354,10.955893718569255
20.6,10.95455,10.993167486542132
20.6,11.15556,11.02682616489762
20.6,11.35657,11.059407035240605
20.6,11.55758,11.091029912777355
20.6,11.75859,11.120426101962241
20.6,11.9596,11.149873346820966
20.6,12.16061,11.177483298559228
20.6,12.36162,11.204644420290682
20.6,12.56263,11.231256722555948
20.6,12.76364,11.256700886363102
20.6,12.96465,11.282155740255831
20.6,13.16566,11.30650222238745
20.6,13.36667,11.330609394417264
20.6,13.56768,11.354357328719544
20.6,13.76869,11.377376398066557
20.6,13.9697,11.400395939190771
20.6,14.17071,11.422626534372
20.6,14.37172,11.444727570727224
20.6,14.57273,11.466529139646397
20.6,14.77374,11.487821446718602
20.6,14.97475,11.509114082852193
20.6,15.17576,11.529767446346797
20.6,15.37677,11.550331110527878
20.6,15.57778,11.570635169139896
20.6,15.77879,11.590539729839218
20.6,15.9798,11.610444520128159
20.6,16.18081,11.6297898354889
20.6,16.38182,11.649065363855868
20.6,16.58283,11.668091193531241
20.6,16.78384,11.68678737121123
20.6,16.98485,11.70548370727074
20.6,17.18586,11.723670430139633
20.6,17.38687,11.741807305866526
20.6,17.58788,11.759694412461299
20.6,17.78889,11.777291759472998
20.6,17.9899,11.794909214074499
20.6,18.19091,11.812046953528785
20.6,18.39192,11.829144801986828
20.6,18.59293,11.846002823932812
20.6,18.79394,11.86262100945542
20.6,18.99495,11.879239268033931
20.6,19.19596,11.89542773554777
20.6,19.39697,11.911576278543855
20.6,19.59798,11.927514943071765
20.6,19.79899,11.942093801878594
20.6,20.0,11.955522791203181
20.9,0.1,0.3138540690831706
20.9,0.3010101,1.403535981872033
20.9,0.5020202,1.554475851400818
20.9,0.7030303,1.674702109235038
20.9,0.9040404,1.8017780903748646
20.9,1.105051,1.9325186268585794
20.9,1.306061,2.0378627733535386
20.9,1.507071,2.1169602554683524
20.9,1.708081,2.1816332025199343
20.9,1.909091,2.242565014069759
20.9,2.110101,2.3058349272543053
20.9,2.311111,2.375022122018693
20.9,2.512121,2.4504779249880966
20.9,2.713131,2.5335181233049453
20.9,2.914141,2.6243111102852295
20.9,3.115152,2.7227190470087996
20.9,3.316162,2.8298782584037325
20.9,3.517172,2.9451217945124952
20.9,3.718182,3.070250564664091
20.9,3.919192,3.206295286976075
20.9,4.120202,3.3542545340676613
20.9,4.321212,3.5178467499533106
20.9,4.522222,3.697279887122644
20.9,4.723232,3.885258557007585
20.9,4.924242,4.116496367542653
20.9,5.125253,4.367421593778235
20.9,5.326263,4.637528597892185
20.9,5.527273,4.93080265502675
20.9,5.728283,5.254964871984083
20.9,5.929293,5.6103029077207855
20.9,6.130303,5.986708756218973
20.9,6.331313,6.387888435431308
20.9,6.532323,6.803204173770983
20.9,6.733333,7.2335535850971455
20.9,6.934343,7.667970160893488
20.9,7.135354,8.09089252267314
20.9,7.336364,8.50164842205302
20.9,7.537374,8.884291279710252
20.9,7.738384,9.23162963482165
20.9,7.939394,9.526968310785666
20.9,8.140404,9.778528388654014
20.9,8.341414,9.990016195460113
20.9,8.542424,10.165009897175683
20.9,8.743434,10.30732103724216
20.9,8.944444,10.419716697944926
20.9,9.145455,10.515279550059882
20.9,9.346465,10.596636840825449
20.9,9.547475,10.667296033992308
20.9,9.748485,10.729035284871648
20.9,9.949495,10.78059604419611
20.9,10.15051,10.825774864712278
20.9,10.35152,10.871634673678791
20.9,10.55253,10.9174168915164
20.9,10.75354,10.954728837937294
20.9,10.95455,10.992012386835171
20.9,11.15556,11.025670868625227
20.9,11.35657,11.058281592527571
20.9,11.55758,11.09004456896799
20.9,11.75859,11.119490723414735
20.9,11.9596,11.148927786199677
20.9,12.16061,11.176547571003294
20.9,12.36162,11.203708572874891
20.9,12.56263,11.230350965004474
20.9,12.76364,11.255805082976027
20.9,12.96465,11.28125977753718
20.9,13.16566,11.305616112180996
20.9,13.36667,11.329723174584709
20.9,13.56768,11.353471155221339
20.9,13.76869,11.376490159213695
20.9,13.9697,11.399509558761839
20.9,14.17071,11.421740022053443
20.9,14.37172,11.44384095352536
20.9,14.57273,11.465642520448595
20.9,14.77374,11.486934745844597
20.9,14.97475,11.50822725613982
20.9,15.17576,11.528880502011479
20.9,15.37677,11.549454064802388
20.9,15.57778,11.569758079545172
20.9,15.77879,11.589662549548203
20.9,15.9798,11.609567229276125
20.9,16.18081,11.628912441388918
20.9,16.38182,11.648197873455606
20.9,16.58283,11.667243629512726
20.9,16.78384,11.685949715862705
20.9,16.98485,11.704645956701512
20.9,17.18586,11.722832591008189
20.9,17.38687,11.740979378096483
20.9,17.58788,11.758906395853355
20.9,17.78889,11.776513658107591
20.9,17.9899,11.79413103265429
20.9,18.19091,11.811268698031824
20.9,18.39192,11.828376468213792
20.9,18.59293,11.845284399391161
20.9,18.79394,11.861912511949487
20.9,18.99495,11.878540704644658
20.9,19.19596,11.894719111700615
20.9,19.39697,11.910887589103018
20.9,19.59798,11.926866168909195
20.9,19.79899,11.940325066018417
20.9,20.0,11.953754006242367
21.200000000000003,0.1,0.8274084297605808
21.200000000000003,0.3010101,1.3834022981375962
21.200000000000003,0.5020202,1.5726021641498749
21.200000000000003,0.7030303,1.7135179474443671
21.200000000000003,0.9040404,1.847509688842239
21.200000000000003,1.105051,1.9704524324735417
21.200000000000003,1.306061,2.0673079868220436
21.200000000000003,1.507071,2.1431378344686225
21.200000000000003,1.708081,2.209231931278003
21.200000000000003,1.909091,2.2733501314827347
21.200000000000003,2.110101,2.339793204362771
21.200000000000003,2.311111,2.412057166027395
21.200000000000003,2.512121,2.490766764470339
21.200000000000003,2.713131,2.576838719936318
21.200000000000003,2.914141,2.670398985802083
21.200000000000003,3.115152,2.771085691423328
21.200000000000003,3.316162,2.8804400329884143
21.200000000000003,3.517172,2.997920889819914
21.200000000000003,3.718182,3.125142068722662
21.200000000000003,3.919192,3.263158370473184
21.200000000000003,4.120202,3.412727953272304
21.200000000000003,4.321212,3.577935925954792
21.200000000000003,4.522222,3.758246772841659
21.200000000000003,4.723232,3.9458493476679526
21.200000000000003,4.924242,4.183722207257127
21.200000000000003,5.125253,4.42885874576783
21.200000000000003,5.326263,4.695031330676741
21.200000000000003,5.527273,4.987134765373197
21.200000000000003,5.728283,5.3078819559515376
21.200000000000003,5.929293,5.657316893633597
21.200000000000003,6.130303,6.032379205591417
21.200000000000003,6.331313,6.424077550801056
21.200000000000003,6.532323,6.835859811105594
21.200000000000003,6.733333,7.258749101328699
21.200000000000003,6.934343,7.6837297786313865
21.200000000000003,7.135354,8.104788502721764
21.200000000000003,7.336364,8.5057507143516
21.200000000000003,7.537374,8.885632303398472
21.200000000000003,7.738384,9.228817949127961
21.200000000000003,7.939394,9.521449597962073
21.200000000000003,8.140404,9.772840353014592
21.200000000000003,8.341414,9.984114661775406
21.200000000000003,8.542424,10.159267896226341
21.200000000000003,8.743434,10.302368456164421
21.200000000000003,8.944444,10.415683476405938
21.200000000000003,9.145455,10.511475879778374
21.200000000000003,9.346465,10.593752643583098
21.200000000000003,9.547475,10.664631496417542
21.200000000000003,9.748485,10.726840440043286
21.200000000000003,9.949495,10.77875098728544
21.200000000000003,10.15051,10.824169681108247
21.200000000000003,10.35152,10.870259352498016
21.200000000000003,10.55253,10.916041347683134
21.200000000000003,10.75354,10.953483238203734
21.200000000000003,10.95455,10.990886716260283
21.200000000000003,11.15556,11.024575075073903
21.200000000000003,11.35657,11.057275804728356
21.200000000000003,11.55758,11.089058649479473
21.200000000000003,11.75859,11.118554783101482
21.200000000000003,11.9596,11.148021801963225
21.200000000000003,12.16061,11.175651484752217
21.200000000000003,12.36162,11.202842491839988
21.200000000000003,12.56263,11.229494764816534
21.200000000000003,12.76364,11.2549488566683
21.200000000000003,12.96465,11.280413499107407
21.200000000000003,13.16566,11.30475973882936
21.200000000000003,13.36667,11.32887678434704
21.200000000000003,13.56768,11.352624651308913
21.200000000000003,13.76869,11.375643613028778
21.200000000000003,13.9697,11.398662946761354
21.200000000000003,14.17071,11.420893317202676
21.200000000000003,14.37172,11.442984207513781
21.200000000000003,14.57273,11.464785665861541
21.200000000000003,14.77374,11.486077832293683
21.200000000000003,14.97475,11.507370265284049
21.200000000000003,15.17576,11.528023419839638
21.200000000000003,15.37677,11.548596920934243
21.200000000000003,15.57778,11.56891083404455
21.200000000000003,15.77879,11.588815231994072
21.200000000000003,15.9798,11.608719828242403
21.200000000000003,16.18081,11.628064952205527
21.200000000000003,16.38182,11.647360309330944
21.200000000000003,16.58283,11.666415973443042
21.200000000000003,16.78384,11.685121980696701
21.200000000000003,16.98485,11.70382813809086
21.200000000000003,17.18586,11.722024689973361
21.200000000000003,17.38687,11.740181397223964
21.200000000000003,17.58788,11.758108334872524
21.200000000000003,17.78889,11.77573551752377
21.200000000000003,17.9899,11.793362814114577
21.200000000000003,18.19091,11.810510405276592
21.200000000000003,18.39192,11.827638097715472
21.200000000000003,18.59293,11.844545961478353
21.200000000000003,18.79394,11.861193998519642
21.200000000000003,18.99495,11.87784212200811
21.200000000000003,19.19596,11.894030464352403
21.200000000000003,19.39697,11.910228870474661
21.200000000000003,19.59798,11.92620739523341
21.200000000000003,19.79899,11.941966034230976
21.200000000000003,20.0,11.956564834191052
21.5,0.1,0.9141379993496044
21.5,0.3010101,1.378427394929812
21.5,0.5020202,1.5932141045540473
21.5,0.7030303,1.7489411254854672
21.5,0.9040404,1.8859201927023226
21.5,1.105051,2.0027805439053368
21.5,1.306061,2.094255989616642
21.5,1.507071,2.1695103490883296
21.5,1.708081,2.237542112183001
21.5,1.909091,2.3046464510876987
21.5,2.110101,2.3742849257161844
21.5,2.311111,2.4497236841874908
21.5,2.512121,2.5314057611525262
21.5,2.713131,2.6203792481264605
21.5,2.914141,2.716413888527726
21.5,3.115152,2.8194753193422155
21.5,3.316162,2.9309543220708547
21.5,3.517172,3.0504846817827143
21.5,3.718182,3.179754306431651
21.5,3.919192,3.3199470536966458
21.5,4.120202,3.470464187408993
21.5,4.321212,3.635782431119334
21.5,4.522222,3.819553127522994
21.5,4.723232,4.021576908159574
21.5,4.924242,4.244986092266779
21.5,5.125253,4.487007419356546
21.5,5.326263,4.752691955922026
21.5,5.527273,5.041825817670634
21.5,5.728283,5.359388287746914
21.5,5.929293,5.706071823889018
21.5,6.130303,6.073688838423245
21.5,6.331313,6.4631145867478805
21.5,6.532323,6.866382453320847
21.5,6.733333,7.282869719443073
21.5,6.934343,7.703201109369165
21.5,7.135354,8.114540780240782
21.5,7.336364,8.51307453229003
21.5,7.537374,8.886203778799493
21.5,7.738384,9.22602332902217
21.5,7.939394,9.517212026431976
21.5,8.140404,9.767059313493705
21.5,8.341414,9.97822841529737
21.5,8.542424,10.153884593063617
21.5,8.743434,10.29754473350264
21.5,8.944444,10.411389294237447
21.5,9.145455,10.508111216617587
21.5,9.346465,10.590607657434369
21.5,9.547475,10.662146187232485
21.5,9.748485,10.724674894953203
21.5,9.949495,10.773099546727462
21.5,10.15051,10.820485761816661
21.5,10.35152,10.871310284293966
21.5,10.55253,10.914705199060744
21.5,10.75354,10.95214693230065
21.5,10.95455,10.98973043704893
21.5,11.15556,11.02361896723909
21.5,11.35657,11.05633958531891
21.5,11.55758,11.088122280331941
21.5,11.75859,11.117608277865845
21.5,11.9596,11.147145350554728
21.5,12.16061,11.174825184688052
21.5,12.36162,11.202016086825932
21.5,12.56263,11.2286682259486
21.5,12.76364,11.254122193533254
21.5,12.96465,11.279596872035595
21.5,13.16566,11.303953206283902
21.5,13.36667,11.328070148240382
21.5,13.56768,11.351807893410527
21.5,13.76869,11.374826740365933
21.5,13.9697,11.397846081378335
21.5,14.17071,11.42006648899634
21.5,14.37172,11.442167277878713
21.5,14.57273,11.463968625004924
21.5,14.77374,11.485250686038228
21.5,14.97475,11.506543097085006
21.5,15.17576,11.527196240222835
21.5,15.37677,11.547769644817167
21.5,15.57778,11.568073457782768
21.5,15.77879,11.587987760143513
21.5,15.9798,11.607892309635812
21.5,16.18081,11.627257386818608
21.5,16.38182,11.646542655321777
21.5,16.58283,11.665598230915416
21.5,16.78384,11.68430415365303
21.5,16.98485,11.703030246926456
21.5,17.18586,11.721236731302344
21.5,17.38687,11.739403360156734
21.5,17.58788,11.757330221544537
21.5,17.78889,11.77495733137867
21.5,17.9899,11.792604555100866
21.5,18.19091,11.809782070219216
21.5,18.39192,11.82690969600932
21.5,18.59293,11.843817495807153
21.5,18.79394,11.860475471759372
21.5,18.99495,11.87714352012216
21.5,19.19596,11.893371784430803
21.5,19.39697,11.909570135946066
21.5,19.59798,11.925548608388915
21.5,19.79899,11.94130719713212
21.5,20.0,11.954786023992298
21.8,0.1,0.973335342031502
21.8,0.3010101,1.4095640802282872
21.8,0.5020202,1.631502035001604
21.8,0.7030303,1.7901780962218807
21.8,0.9040404,1.9239946901552487
21.8,1.105051,2.033650712306422
21.8,1.306061,2.1218517252446545
21.8,1.507071,2.1970803434034236
21.8,1.708081,2.2668431551668835
21.8,1.909091,2.3366536597631486
21.8,2.110101,2.409511284932236
21.8,2.311111,2.4880709284372995
21.8,2.512121,2.5725217139323275
21.8,2.713131,2.663972677719346
21.8,2.914141,2.7624372712764953
21.8,3.115152,2.867861589643625
21.8,3.316162,2.981508712776163
21.8,3.517172,3.1029575027332768
21.8,3.718182,3.2339758400843825
21.8,3.919192,3.3757168722305075
21.8,4.120202,3.525510819082826
21.8,4.321212,3.701821834216834
21.8,4.522222,3.884258586488226
21.8,4.723232,4.0827821480547595
21.8,4.924242,4.303151194536271
21.8,5.125253,4.544691646596624
21.8,5.326263,4.808657714028559
21.8,5.527273,5.095970027162259
21.8,5.728283,5.410620129545571
21.8,5.929293,5.752847194891791
21.8,6.130303,6.116528817448242
21.8,6.331313,6.499145523779148
21.8,6.532323,6.897456649066809
21.8,6.733333,7.307727185153948
21.8,6.934343,7.7208459538791185
21.8,7.135354,8.127022578006232
21.8,7.336364,8.518524761716723
21.8,7.537374,8.8876706971086
21.8,7.738384,9.22392647651909
21.8,7.939394,9.512803100118102
21.8,8.140404,9.761772196622406
21.8,8.341414,9.972646931553637
21.8,8.542424,10.148530046293827
21.8,8.743434,10.292779920802857
21.8,8.944444,10.407314119437588
21.8,9.145455,10.504545716098969
21.8,9.346465,10.587711849297312
21.8,9.547475,10.659630140803733
21.8,9.748485,10.722538659545451
21.8,9.949495,10.77680678796534
21.8,10.15051,10.824483304589224
21.8,10.35152,10.869984003137905
21.8,10.55253,10.913428805140063
21.8,10.75354,10.95104058083647
21.8,10.95455,10.988663975549906
21.8,11.15556,11.022552366944515
21.8,11.35657,11.055353000738393
21.8,11.55758,11.087215748503587
21.8,11.75859,11.116761802022301
21.8,11.9596,11.146298776826987
21.8,12.16061,11.173978486525032
21.8,12.36162,11.20118940042727
21.8,12.56263,11.227861575298965
21.8,12.76364,11.253335572717788
21.8,12.96465,11.278800154154245
21.8,13.16566,11.303156373587264
21.8,13.36667,11.327273307713734
21.8,13.56768,11.35101105884826
21.8,13.76869,11.374029904309225
21.8,13.9697,11.397039148391798
21.8,14.17071,11.419269449682725
21.8,14.37172,11.441360209300361
21.8,14.57273,11.463161533454947
21.8,14.77374,11.484443564775042
21.8,14.97475,11.505725881217401
21.8,15.17576,11.526388926935264
21.8,15.37677,11.546952283474948
21.8,15.57778,11.5672660501398
21.8,15.77879,11.587170301293327
21.8,15.9798,11.607084761443977
21.8,16.18081,11.626439751106485
21.8,16.38182,11.645734957962041
21.8,16.58283,11.664800471800323
21.8,16.78384,11.683516330022076
21.8,16.98485,11.702242342291727
21.8,17.18586,11.720448749764081
21.8,17.38687,11.738625310083405
21.8,17.58788,11.756562102548937
21.8,17.78889,11.774209142628504
21.8,17.9899,11.791856295713405
21.8,18.19091,11.809033745088561
21.8,18.39192,11.826181301221668
21.8,18.59293,11.843109031450947
21.8,18.79394,11.859786938345446
21.8,18.99495,11.876454927283978
21.8,19.19596,11.892683136904965
21.8,19.39697,11.908901419903634
21.8,19.59798,11.92377993251043
21.8,19.79899,11.937248663971097
21.8,20.0,11.950717439214797
22.1,0.1,1.0095470856098305
22.1,0.3010101,1.4498999972139928
22.1,0.5020202,1.6745730275963324
22.1,0.7030303,1.8333592467973399
22.1,0.9040404,1.961595072103722
22.1,1.105051,2.0650022841111606
22.1,1.306061,2.150758125448957
22.1,1.507071,2.2260801004813926
22.1,1.708081,2.2974526866151477
22.1,1.909091,2.369753127711291
22.1,2.110101,2.4455449258127167
22.1,2.311111,2.5269896127374962
22.1,2.512121,2.6140175371011867
22.1,2.713131,2.7078187689024227
22.1,2.914141,2.808601356950169
22.1,3.115152,2.916294935075897
22.1,3.316162,3.032092974464553
22.1,3.517172,3.155592197799227
22.1,3.718182,3.2891927554974196
22.1,3.919192,3.4317070407403394
22.1,4.120202,3.5915646438781446
22.1,4.321212,3.760845778787379
22.1,4.522222,3.941101376160023
22.1,4.723232,4.1400277902642575
22.1,4.924242,4.360417137990967
22.1,5.125253,4.601400764698545
22.1,5.326263,4.863556430833548
22.1,5.527273,5.149084099508286
22.1,5.728283,5.460891708571727
22.1,5.929293,5.798785750837084
22.1,6.130303,6.1586132792290265
22.1,6.331313,6.534664590812668
22.1,6.532323,6.928125272735421
22.1,6.733333,7.332356476537317
22.1,6.934343,7.7384929334869055
22.1,7.135354,8.139611693264138
22.1,7.336364,8.524284486963994
22.1,7.537374,8.889498284006487
22.1,7.738384,9.222214461176394
22.1,7.939394,9.508739225381136
22.1,8.140404,9.756791322283103
22.1,8.341414,9.967263955792973
22.1,8.542424,10.14334416075843
22.1,8.743434,10.288123933966459
22.1,8.944444,10.403317905989825
22.1,9.145455,10.501039265971537
22.1,9.346465,10.584865194627275
22.1,9.547475,10.65715331882063
22.1,9.748485,10.720441716827146
22.1,9.949495,10.76940618512782
22.1,10.15051,10.81640341520732
22.1,10.35152,10.865819727452708
22.1,10.55253,10.912201568761
22.1,10.75354,10.949993442877112
22.1,10.95455,10.987656763433893
22.1,11.15556,11.021545045593268
22.1,11.35657,11.054415735624428
22.1,11.55758,11.086368577094325
22.1,11.75859,11.115954724229079
22.1,11.9596,11.145511626584216
22.1,12.16061,11.173191233102424
22.1,12.36162,11.200422188319674
22.1,12.56263,11.227104429625289
22.1,12.76364,11.252588485171737
22.1,12.96465,11.278062988571293
22.1,13.16566,11.302419109517224
22.1,13.36667,11.326526059411298
22.1,13.56768,11.350273840485576
22.1,13.76869,11.373282707288348
22.1,13.9697,11.39629186942121
22.1,14.17071,11.418522077319274
22.1,14.37172,11.44060282716695
22.1,14.57273,11.46239414849374
22.1,14.77374,11.483676169085346
22.1,14.97475,11.504958402815923
22.1,15.17576,11.525611361424092
22.1,15.37677,11.546174686359462
22.1,15.57778,11.566488423458203
22.1,15.77879,11.58639263929967
22.1,15.9798,11.606307019594789
22.1,16.18081,11.625661929743647
22.1,16.38182,11.644967088805803
22.1,16.58283,11.664032554712662
22.1,16.78384,11.682758361354214
22.1,16.98485,11.701474300014965
22.1,17.18586,11.719690636939193
22.1,17.38687,11.737867140021393
22.1,17.58788,11.755823874579761
22.1,17.78889,11.773480855384554
22.1,17.9899,11.791137943347415
22.1,18.19091,11.808305331992022
22.1,18.39192,11.825472827801887
22.1,18.59293,11.842410497791333
22.1,18.79394,11.859108344684959
22.1,18.99495,11.875776278258087
22.1,19.19596,11.892004436819015
22.1,19.39697,11.908242663107972
22.1,19.59798,11.924261013920423
22.1,19.79899,11.940069485222065
22.1,20.0,11.953548230887696
22.4,0.1,1.0364529315228865
22.4,0.3010101,1.4867516819083078
22.4,0.5020202,1.7156162508196366
22.4,0.7030303,1.8741168063336067
22.4,0.9040404,1.9976550122412295
22.4,1.105051,2.096438384070401
22.4,1.306061,2.1805958282845133
22.4,1.507071,2.2561196139339796
22.4,1.708081,2.3292473184701117
22.4,1.909091,2.403838257671401
22.4,2.110101,2.482260572385674
22.4,2.311111,2.5662149556556813
22.4,2.512121,2.655762025408047
22.4,2.713131,2.752037837880469
22.4,2.914141,2.8549564661992606
22.4,3.115152,2.964751879334364
22.4,3.316162,3.0824641641006054
22.4,3.517172,3.207803884461586
22.4,3.718182,3.3356283934497433
22.4,3.919192,3.4873933595348796
22.4,4.120202,3.647690190651466
22.4,4.321212,3.8163588508579434
22.4,4.522222,3.9974199785972653
22.4,4.723232,4.196790118262734
22.4,4.924242,4.417016453636895
22.4,5.125253,4.656787083971027
22.4,5.326263,4.91838552498376
22.4,5.527273,5.20100501306239
22.4,5.728283,5.509824969033595
22.4,5.929293,5.845133297176363
22.4,6.130303,6.198077488490228
22.4,6.331313,6.571996749838638
22.4,6.532323,6.957639565567966
22.4,6.733333,7.355960690411829
22.4,6.934343,7.75777540099111
22.4,7.135354,8.149919738660842
22.4,7.336364,8.532292513988185
22.4,7.537374,8.891078387271378
22.4,7.738384,9.220483932854199
22.4,7.939394,9.505489275579302
22.4,8.140404,9.751735609668037
22.4,8.341414,9.962037454455247
22.4,8.542424,10.138367242370544
22.4,8.743434,10.283587006179994
22.4,8.944444,10.399260821992945
22.4,9.145455,10.497812053759047
22.4,9.346465,10.581857826013161
22.4,9.547475,10.65477585489474
22.4,9.748485,10.71837416359216
22.4,9.949495,10.771294281479838
22.4,10.15051,10.821418643725384
22.4,10.35152,10.867229275977607
22.4,10.55253,10.91094402354076
22.4,10.75354,10.948745797718106
22.4,10.95455,10.986589233397597
22.4,11.15556,11.020677789619793
22.4,11.35657,11.053568419248991
22.4,11.55758,11.085521156763898
22.4,11.75859,11.11510720942928
22.4,11.9596,11.144714228601549
22.4,12.16061,11.172444058721684
22.4,12.36162,11.199684946719024
22.4,12.56263,11.22636708871436
22.4,12.76364,11.251851052025353
22.4,12.96465,11.277335640559198
22.4,13.16566,11.301691912513471
22.4,13.36667,11.325808788291383
22.4,13.56768,11.349546474655824
22.4,13.76869,11.372555252233743
22.4,13.9697,11.395564462441003
22.4,14.17071,11.417774754083508
22.4,14.37172,11.439855426175846
22.4,14.57273,11.461646657933137
22.4,14.77374,11.482928593520525
22.4,14.97475,11.504200840249428
22.4,15.17576,11.524853826561507
22.4,15.37677,11.545417073682312
22.4,15.57778,11.565720727879006
22.4,15.77879,11.585634864371556
22.4,15.9798,11.605539227745655
22.4,16.18081,11.624904123420112
22.4,16.38182,11.644199208348923
22.4,16.58283,11.663264599073496
22.4,16.78384,11.681990333792413
22.4,16.98485,11.700716233073177
22.4,17.18586,11.71895252798031
22.4,17.38687,11.737128963530044
22.4,17.58788,11.755085631858528
22.4,17.78889,11.772742549199528
22.4,17.9899,11.790409584225399
22.4,18.19091,11.80760691706286
22.4,18.39192,11.824774353911348
22.4,18.59293,11.841721967008088
22.4,18.79394,11.85840975945132
22.4,18.99495,11.875107635333443
22.4,19.19596,11.89136573731907
22.4,19.39697,11.907593913862826
22.4,19.59798,11.923622216749292
22.4,19.79899,11.93942064197941
22.4,20.0,11.954089237133713
22.700000000000003,0.1,1.0580160701855243
22.700000000000003,0.3010101,1.519502027981616
22.700000000000003,0.5020202,1.7526925639443138
22.700000000000003,0.7030303,1.9108589567213894
22.700000000000003,0.9040404,2.031408017528835
22.700000000000003,1.105051,2.127543363905861
22.700000000000003,1.306061,2.210730902861328
22.700000000000003,1.507071,2.2868901423790016
22.700000000000003,1.708081,2.3618418939365307
22.700000000000003,1.909091,2.438790870937132
22.700000000000003,2.110101,2.5194263738908065
22.700000000000003,2.311111,2.605783681249818
22.700000000000003,2.512121,2.6978068693155755
22.700000000000003,2.713131,2.796433651458788
22.700000000000003,2.914141,2.9015408765720916
22.700000000000003,3.115152,3.0131613860622295
22.700000000000003,3.316162,3.1328283099437706
22.700000000000003,3.517172,3.2604157119560364
22.700000000000003,3.718182,3.38871714641474
22.700000000000003,3.919192,3.545793718024623
22.700000000000003,4.120202,3.7032869807498177
22.700000000000003,4.321212,3.871698010788582
22.700000000000003,4.522222,4.0532053039238285
22.700000000000003,4.723232,4.252805055763336
22.700000000000003,4.924242,4.472602799619136
22.700000000000003,5.125253,4.712132771657785
22.700000000000003,5.326263,4.971329973069843
22.700000000000003,5.527273,5.252745560842389
22.700000000000003,5.728283,5.558482948126552
22.700000000000003,5.929293,5.88850254543226
22.700000000000003,6.130303,6.240258896470789
22.700000000000003,6.331313,6.605843192412748
22.700000000000003,6.532323,6.98839580271935
22.700000000000003,6.733333,7.380195503117745
22.700000000000003,6.934343,7.773726639477118
22.700000000000003,7.135354,8.16421298150796
22.700000000000003,7.336364,8.53777775565183
22.700000000000003,7.537374,8.894035049941284
22.700000000000003,7.738384,9.219405617012885
22.700000000000003,7.939394,9.501485901821896
22.700000000000003,8.140404,9.747456683981383
22.700000000000003,8.341414,9.95702823627697
22.700000000000003,8.542424,10.133369205172242
22.700000000000003,8.743434,10.27911917392897
22.700000000000003,8.944444,10.39553298828246
22.700000000000003,9.145455,10.494284097911148
22.700000000000003,9.346465,10.57916982433914
22.700000000000003,9.547475,10.652287762605361
22.700000000000003,9.748485,10.716336051727975
22.700000000000003,9.949495,10.769606194096408
22.700000000000003,10.15051,10.819810517161173
22.700000000000003,10.35152,10.865931259024206
22.700000000000003,10.55253,10.909725963341963
22.700000000000003,10.75354,10.947657830233956
22.700000000000003,10.95455,10.98563133847854
22.700000000000003,11.15556,11.019749875890904
22.700000000000003,11.35657,11.05274064299899
22.700000000000003,11.55758,11.08470334037414
22.700000000000003,11.75859,11.114339477070482
22.700000000000003,11.9596,11.143976552248812
22.700000000000003,12.16061,11.171716357867984
22.700000000000003,12.36162,11.1989773483404
22.700000000000003,12.56263,11.2256694381738
22.700000000000003,12.76364,11.25115345631622
22.700000000000003,12.96465,11.276648068786729
22.700000000000003,13.16566,11.301004307045519
22.700000000000003,13.36667,11.325111243227662
22.700000000000003,13.56768,11.348858867550764
22.700000000000003,13.76869,11.371857669254162
22.700000000000003,13.9697,11.394856874725683
22.700000000000003,14.17071,11.417077123651119
22.700000000000003,14.37172,11.439147818328161
22.700000000000003,14.57273,11.460938982406518
22.700000000000003,14.77374,11.4822109148348
22.700000000000003,14.97475,11.503473134224535
22.700000000000003,15.17576,11.52412607078459
22.700000000000003,15.37677,11.544679309594533
22.700000000000003,15.57778,11.564992894444169
22.700000000000003,15.77879,11.584897005734668
22.700000000000003,15.9798,11.60480132599528
22.700000000000003,16.18081,11.624166167336108
22.700000000000003,16.38182,11.64346122111561
22.700000000000003,16.58283,11.662526544995755
22.700000000000003,16.78384,11.681252238810249
22.700000000000003,16.98485,11.69998808626031
22.700000000000003,17.18586,11.718214325463924
22.700000000000003,17.38687,11.736410715716305
22.700000000000003,17.58788,11.754357322741775
22.700000000000003,17.78889,11.772034190610636
22.700000000000003,17.9899,11.789701171594636
22.700000000000003,18.19091,11.806908450723705
22.700000000000003,18.39192,11.824085836862974
22.700000000000003,18.59293,11.84103339609611
22.700000000000003,18.79394,11.857741138309136
22.700000000000003,18.99495,11.874448963342731
22.700000000000003,19.19596,11.890707017250667
22.700000000000003,19.39697,11.90696514567761
22.700000000000003,19.59798,11.922993402606416
22.700000000000003,19.79899,11.936522016704181
22.700000000000003,20.0,11.950020677450176
23.0,0.1,1.0790296718536678
23.0,0.3010101,1.549080482424417
23.0,0.5020202,1.7859268099533738
23.0,0.7030303,1.9442130883439543
23.0,0.9040404,2.062724282471565
23.0,1.105051,2.1575236387941645
23.0,1.306061,2.2407646577162295
23.0,1.507071,2.3180230443446277
23.0,1.708081,2.3949369658441073
23.0,1.909091,2.474029473906624
23.0,2.110101,2.557089167982197
23.0,2.311111,2.645727417755826
23.0,2.512121,2.740062942784492
23.0,2.713131,2.8409654176628027
23.0,2.914141,2.9480836209079913
23.0,3.115152,3.061684802570641
23.0,3.316162,3.183027558281118
23.0,3.517172,3.309904680111248
23.0,3.718182,3.4515503020344367
23.0,3.919192,3.6001662435654205
23.0,4.120202,3.7574271382731332
23.0,4.321212,3.926183748838433
23.0,4.522222,4.108385412825676
23.0,4.723232,4.308118004536579
23.0,4.924242,4.527640253382909
23.0,5.125253,4.765838842831526
23.0,5.326263,5.024463276063357
23.0,5.527273,5.303002808334313
23.0,5.728283,5.605840596489957
23.0,5.929293,5.933391213151136
23.0,6.130303,6.278539384357296
23.0,6.331313,6.642122099961982
23.0,6.532323,7.017226673263581
23.0,6.733333,7.403428836605591
23.0,6.934343,7.79287449747104
23.0,7.135354,8.174759596502259
23.0,7.336364,8.546147503881443
23.0,7.537374,8.896171955207219
23.0,7.738384,9.218288073744304
23.0,7.939394,9.498810179954786
23.0,8.140404,9.742859502205068
23.0,8.341414,9.95220449439059
23.0,8.542424,10.128660348787974
23.0,8.743434,10.274770528075031
23.0,8.944444,10.39160435537291
23.0,9.145455,10.491155504482334
23.0,9.346465,10.57624117370345
23.0,9.547475,10.649979129713977
23.0,9.748485,10.714327416726281
23.0,9.949495,10.764021853641825
23.0,10.15051,10.811539104334766
23.0,10.35152,10.861645566075046
23.0,10.55253,10.908627560371235
23.0,10.75354,10.946729587924166
23.0,10.95455,10.984703023476069
23.0,11.15556,11.018821495704735
23.0,11.35657,11.051842263813068
23.0,11.55758,11.083955284464167
23.0,11.75859,11.11363154711068
23.0,11.9596,11.143268545232218
23.0,12.16061,11.171008280625372
23.0,12.36162,11.198279261333068
23.0,12.56263,11.225001608474162
23.0,12.76364,11.25049570165074
23.0,12.96465,11.275990235489749
23.0,13.16566,11.300346401116295
23.0,13.36667,11.324453315411589
23.0,13.56768,11.348191121709503
23.0,13.76869,11.37117995447409
23.0,13.9697,11.394189081994197
23.0,14.17071,11.416399258510797
23.0,14.37172,11.438469920468123
23.0,14.57273,11.460241197363642
23.0,14.77374,11.481503126740312
23.0,14.97475,11.50277527101579
23.0,15.17576,11.523428137286922
23.0,15.37677,11.543981334799012
23.0,15.57778,11.56427497353275
23.0,15.77879,11.584179057696952
23.0,15.9798,11.604083307582828
23.0,16.18081,11.623448082831274
23.0,16.38182,11.642743089532974
23.0,16.58283,11.661808420808537
23.0,16.78384,11.680544072924981
23.0,16.98485,11.699269856240335
23.0,17.18586,11.717496035282588
23.0,17.38687,11.735692375865113
23.0,17.58788,11.753658957943067
23.0,17.78889,11.77134577792143
23.0,17.9899,11.78901270205389
23.0,18.19091,11.80621992810808
23.0,18.39192,11.823397264934865
23.0,18.59293,11.840374780874459
23.0,18.79394,11.85709247463762
23.0,18.99495,11.873800250672664
23.0,19.19596,11.89005825917047
23.0,19.39697,11.906326340837335
23.0,19.59798,11.922384546314708
23.0,19.79899,11.93707299839087
23.0,20.0,11.950581627759316
23.3,0.1,1.1005767005184142
23.3,0.3010101,1.5764002820275804
23.3,0.5020202,1.816150693702149
23.3,0.7030303,1.9745885157928666
23.3,0.9040404,2.0920991245324876
23.3,1.105051,2.186626240056362
23.3,1.306061,2.2706307030133313
23.3,1.507071,2.349309837998452
23.3,1.708081,2.4281113968791423
23.3,1.909091,2.5094815834594177
23.3,2.110101,2.5949801825915184
23.3,2.311111,2.686008316868504
23.3,2.512121,2.7824958422091486
23.3,2.713131,2.88542777996003
23.3,2.914141,2.994761010930325
23.3,3.115152,3.1096150371174343
23.3,3.316162,3.2309715514995343
23.3,3.517172,3.364911865104229
23.3,3.718182,3.5046532674761486
23.3,3.919192,3.6526340244446227
23.3,4.120202,3.8106776224402434
23.3,4.321212,3.9803332113665104
23.3,4.522222,4.162872381955965
23.3,4.723232,4.362666471345989
23.3,4.924242,4.581759973441502
23.3,5.125253,4.81919610847624
23.3,5.326263,5.075954034014926
23.3,5.527273,5.35276636633779
23.3,5.728283,5.652931536711882
23.3,5.929293,5.976471210802536
23.3,6.130303,6.318123884730439
23.3,6.331313,6.675714972433089
23.3,6.532323,7.046478324453043
23.3,6.733333,7.4272442057385035
23.3,6.934343,7.810357250303177
23.3,7.135354,8.187673845429844
23.3,7.336364,8.552742560879434
23.3,7.537374,8.899104140148683
23.3,7.738384,9.217792023078191
23.3,7.939394,9.495877757540677
23.3,8.140404,9.738854621665649
23.3,8.341414,9.947552107208924
23.3,8.542424,10.124010556406963
23.3,8.743434,10.27050109083275
23.3,8.944444,10.387875061961408
23.3,9.145455,10.487856251926331
23.3,9.346465,10.57354197335826
23.3,9.547475,10.647629944442013
23.3,9.748485,10.712338271388333
23.3,9.949495,10.768006373723312
23.3,10.15051,10.816743008855687
23.3,10.35152,10.863183845040034
23.3,10.55253,10.90744879867043
23.3,10.75354,10.945600838477501
23.3,10.95455,10.983754447996256
23.3,11.15556,11.017983096610383
23.3,11.35657,11.051073966121622
23.3,11.55758,11.083186922044701
23.3,11.75859,11.112873188664585
23.3,11.9596,11.142570332873337
23.3,12.16061,11.170340204244273
23.3,12.36162,11.197621250315823
23.3,12.56263,11.224353527629946
23.3,12.76364,11.249847611110138
23.3,12.96465,11.275342245764907
23.3,13.16566,11.299698499810606
23.3,13.36667,11.323805443159655
23.3,13.56768,11.347543178244845
23.3,13.76869,11.3705319884872
23.3,13.9697,11.393531173586306
23.3,14.17071,11.415731396163073
23.3,14.37172,11.437792057749396
23.3,14.57273,11.459573264223419
23.3,14.77374,11.480835160417469
23.3,14.97475,11.502097325858138
23.3,15.17576,11.522730203295637
23.3,15.37677,11.543283378279693
23.3,15.57778,11.563576949500144
23.3,15.77879,11.583480992459576
23.3,15.9798,11.603375234723046
23.3,16.18081,11.622739994377993
23.3,16.38182,11.64203496376886
23.3,16.58283,11.661100232212291
23.3,16.78384,11.679835838100827
23.3,16.98485,11.698561593347392
23.3,17.18586,11.716797738867232
23.3,17.38687,11.734994034290416
23.3,17.58788,11.752970559595681
23.3,17.78889,11.770647331670107
23.3,17.9899,11.788334215407529
23.3,18.19091,11.805551398023104
23.3,18.39192,11.822738687522142
23.3,18.59293,11.839706153763562
23.3,18.79394,11.856433800335196
23.3,18.99495,11.8731515299317
23.3,19.19596,11.889429490906226
23.3,19.39697,11.90570752696421
23.3,19.59798,11.921765690011243
23.3,19.79899,11.937603976382137
23.3,20.0,11.953442324681529
23.6,0.1,1.1226290360227977
23.6,0.3010101,1.6027631979632833
23.6,0.5020202,1.8439775077641614
23.6,0.7030303,2.0024922979077266
23.6,0.9040404,2.119823362739633
23.6,1.105051,2.214895193009388
23.6,1.306061,2.300215900366452
23.6,1.507071,2.3805811965899757
23.6,1.708081,2.461389684874989
23.6,1.909091,2.5450977093925857
23.6,2.110101,2.6329940311322537
23.6,2.311111,2.726350932089918
23.6,2.512121,2.8250023348345126
23.6,2.713131,2.930134799559542
23.6,2.914141,3.0403217591684233
23.6,3.115152,3.157095843920497
23.6,3.316162,3.2857110459123806
23.6,3.517172,3.4172024175757763
23.6,3.718182,3.555766236216275
23.6,3.919192,3.704638309777268
23.6,4.120202,3.8633833132115027
23.6,4.321212,4.033750829182874
23.6,4.522222,4.216585547985169
23.6,4.723232,4.416385505237707
23.6,4.924242,4.634977999472955
23.6,5.125253,4.871631809082721
23.6,5.326263,5.126510601967631
23.6,5.527273,5.401606985780487
23.6,5.728283,5.699140917457632
23.6,5.929293,6.018767178722188
23.6,6.130303,6.356991639064818
23.6,6.331313,6.70879866562805
23.6,6.532323,7.075313020127517
23.6,6.733333,7.450794866792944
23.6,6.934343,7.827777511489743
23.6,7.135354,8.2006156766643
23.6,7.336364,8.559552218560752
23.6,7.537374,8.902304969556637
23.6,7.738384,9.217601656958996
23.6,7.939394,9.493241095073193
23.6,8.140404,9.735121594577908
23.6,8.341414,9.94309071398431
23.6,8.542424,10.119519853871553
23.6,8.743434,10.266330846854643
23.6,8.944444,10.384225046508838
23.6,9.145455,10.484626335720462
23.6,9.346465,10.570882172583886
23.6,9.547475,10.64531020608349
23.6,9.748485,10.710388619054607
23.6,9.949495,10.760613202959126
23.6,10.15051,10.808640708012986
23.6,10.35152,10.859087326083975
23.6,10.55253,10.906319401719605
23.6,10.75354,10.944511480118669
23.6,10.95455,10.982845292972026
23.6,11.15556,11.017194144453198
23.6,11.35657,11.050345140177539
23.6,11.55758,11.082468050860866
23.6,11.75859,11.112174340668151
23.6,11.9596,11.141911654184716
23.6,12.16061,11.169711682644907
23.6,12.36162,11.197012812734476
23.6,12.56263,11.223745035534549
23.6,12.76364,11.2492391246329
23.6,12.96465,11.274743878638594
23.6,13.16566,11.299100238741923
23.6,13.36667,11.323207226723738
23.6,13.56768,11.346934902539804
23.6,13.76869,11.369933702851133
23.6,13.9697,11.392912961696064
23.6,14.17071,11.415113245442656
23.6,14.37172,11.437163919839449
23.6,14.57273,11.458945065341457
23.6,14.77374,11.480196939362777
23.6,14.97475,11.501449139899691
23.6,15.17576,11.52208204172664
23.6,15.37677,11.542625205451804
23.6,15.57778,11.562918716821292
23.6,15.77879,11.582812727908665
23.6,15.9798,11.602706974763388
23.6,16.18081,11.622061730501018
23.6,16.38182,11.641356671990199
23.6,16.58283,11.66042188374512
23.6,16.78384,11.67915745133269
23.6,16.98485,11.697883188936927
23.6,17.18586,11.716129310598788
23.6,17.38687,11.734325568481191
23.6,17.58788,11.752292042066387
23.6,17.78889,11.769978772572053
23.6,17.9899,11.787665624315936
23.6,18.19091,11.804892770885633
23.6,18.39192,11.822090018845216
23.6,18.59293,11.839067439295775
23.6,18.79394,11.855785043833118
23.6,18.99495,11.872522733321087
23.6,19.19596,11.888820650140195
23.6,19.39697,11.905098643942454
23.6,19.59798,11.921156767853462
23.6,19.79899,11.935865137676142
23.6,20.0,11.949393682241642
23.9,0.1,1.1462969750127714
23.9,0.3010101,1.6285680703630205
23.9,0.5020202,1.8701167872493396
23.9,0.7030303,2.0286754569822825
23.9,0.9040404,2.1463644031945304
23.9,1.105051,2.2424862481886936
23.9,1.306061,2.3293565183502873
23.9,1.507071,2.411753212757606
23.9,1.708081,2.494879982061959
23.9,1.909091,2.580878506326285
23.9,2.110101,2.671096858479079
23.9,2.311111,2.7664723643612525
23.9,2.512121,2.867595622596365
23.9,2.713131,2.968746376114406
23.9,2.914141,3.0900032813737512
23.9,3.115152,3.210039010172732
23.9,3.316162,3.3354552978417074
23.9,3.517172,3.466504253302243
23.9,3.718182,3.606385615467777
23.9,3.919192,3.755811952940225
23.9,4.120202,3.915759298874174
23.9,4.321212,4.086370314318785
23.9,4.522222,4.269598558453633
23.9,4.723232,4.469349686481061
23.9,4.924242,4.687592788770491
23.9,5.125253,4.922762566781609
23.9,5.326263,5.177057014465324
23.9,5.527273,5.449343646400016
23.9,5.728283,5.744105107531294
23.9,5.929293,6.061405169667615
23.9,6.130303,6.393501262136619
23.9,6.331313,6.7434271500778475
23.9,6.532323,7.103083673985053
23.9,6.733333,7.47339166121505
23.9,6.934343,7.846579162446029
23.9,7.135354,8.21147438163945
23.9,7.336364,8.568351226041866
23.9,7.537374,8.905205104830559
23.9,7.738384,9.21734346656186
23.9,7.939394,9.491393962222766
23.9,8.140404,9.73118831069009
23.9,8.341414,9.938882121568088
23.9,8.542424,10.115218517542418
23.9,8.743434,10.26227998344833
23.9,8.944444,10.380544394719777
23.9,9.145455,10.481635947551077
23.9,9.346465,10.56808184120742
23.9,9.547475,10.643100030196054
23.9,9.748485,10.708468530142337
23.9,9.949495,10.762738924755595
23.9,10.15051,10.80992772960508
23.9,10.35152,10.857717581395706
23.9,10.55253,10.905289944472822
23.9,10.75354,10.943662233751262
23.9,10.95455,10.98198601563261
23.9,11.15556,11.016334838956586
23.9,11.35657,11.049525872239943
23.9,11.55758,11.08178915675169
23.9,11.75859,11.111545609446726
23.9,11.9596,11.141292876396161
23.9,12.16061,11.16908286293962
23.9,12.36162,11.196394012057729
23.9,12.56263,11.223156534826707
23.9,12.76364,11.248660729274025
23.9,12.96465,11.274165428743446
23.9,13.16566,11.298511738697467
23.9,13.36667,11.322618728266837
23.9,13.56768,11.346346623822548
23.9,13.76869,11.369335480584928
23.9,13.9697,11.392314681168473
23.9,14.17071,11.414514910643073
23.9,14.37172,11.436565572080116
23.9,14.57273,11.458316865202946
23.9,14.77374,11.479568757515223
23.9,14.97475,11.500810899196162
23.9,15.17576,11.521443745711835
23.9,15.37677,11.541986884838723
23.9,15.57778,11.562260481941301
23.9,15.77879,11.582154483766791
23.9,15.9798,11.602048673299477
23.9,16.18081,11.621403375161188
23.9,16.38182,11.640698283597398
23.9,16.58283,11.659753531327633
23.9,16.78384,11.678489071700037
23.9,16.98485,11.697224755487355
23.9,17.18586,11.715460826726522
23.9,17.38687,11.733657046288757
23.9,17.58788,11.751633518901265
23.9,17.78889,11.769330212454758
23.9,17.9899,11.787017015455604
23.9,18.19091,11.804244116399593
23.9,18.39192,11.82144132376195
23.9,18.59293,11.838428718442426
23.9,18.79394,11.85516628242106
23.9,18.99495,11.871893929109577
23.9,19.19596,11.888191805991925
23.9,19.39697,11.904479758449325
23.9,19.59798,11.92056784323618
23.9,19.79899,11.93412630411507
23.9,20.0,11.947654813327448
24.200000000000003,0.1,1.1697497227712366
24.200000000000003,0.3010101,1.653720781837621
24.200000000000003,0.5020202,1.8949505711245738
24.200000000000003,0.7030303,2.0536297654010403
24.200000000000003,0.9040404,2.1719749471391756
24.200000000000003,1.105051,2.2693877287195128
24.200000000000003,1.306061,2.3581701749471438
24.200000000000003,1.507071,2.443033294179845
24.200000000000003,1.708081,2.52825435338541
24.200000000000003,1.909091,2.616699749309444
24.200000000000003,2.110101,2.7089706932742126
24.200000000000003,2.311111,2.806712186673868
24.200000000000003,2.512121,2.9026666851688843
24.200000000000003,2.713131,3.0205301793848447
24.200000000000003,2.914141,3.137144634637377
24.200000000000003,3.115152,3.2571777740365184
24.200000000000003,3.316162,3.383289123447392
24.200000000000003,3.517172,3.5152316805328843
24.200000000000003,3.718182,3.6562156694445647
24.200000000000003,3.919192,3.806990544091179
24.200000000000003,4.120202,3.967038380954196
24.200000000000003,4.321212,4.138487513280257
24.200000000000003,4.522222,4.321914983306403
24.200000000000003,4.723232,4.521575128519205
24.200000000000003,4.924242,4.739054732300948
24.200000000000003,5.125253,4.973966491833543
24.200000000000003,5.326263,5.22579055910322
24.200000000000003,5.527273,5.496903421749615
24.200000000000003,5.728283,5.788809331650831
24.200000000000003,5.929293,6.101332359389402
24.200000000000003,6.130303,6.432379234964187
24.200000000000003,6.331313,6.77494990071808
24.200000000000003,6.532323,7.131891185479495
24.200000000000003,6.733333,7.496485955963141
24.200000000000003,6.934343,7.862396764285903
24.200000000000003,7.135354,8.225820248385483
24.200000000000003,7.336364,8.57479912929427
24.200000000000003,7.537374,8.909352658744238
24.200000000000003,7.738384,9.217656184859392
24.200000000000003,7.939394,9.488706962126177
24.200000000000003,8.140404,9.728151204283234
24.200000000000003,8.341414,9.934724354765835
24.200000000000003,8.542424,10.110946338312347
24.200000000000003,8.743434,10.258308504432922
24.200000000000003,8.944444,10.377123328618257
24.200000000000003,9.145455,10.478394979313826
24.200000000000003,9.346465,10.565581127391674
24.200000000000003,9.547475,10.640779393186694
24.200000000000003,9.748485,10.706568050320778
24.200000000000003,9.949495,10.761178608835772
24.200000000000003,10.15051,10.808607594991017
24.200000000000003,10.35152,10.856617614770123
24.200000000000003,10.55253,10.904199974808172
24.200000000000003,10.75354,10.9427024452578
24.200000000000003,10.95455,10.981156386464537
24.200000000000003,11.15556,11.015535261494602
24.200000000000003,11.35657,11.048826510926014
24.200000000000003,11.55758,11.081109819600693
24.200000000000003,11.75859,11.110906423891457
24.200000000000003,11.9596,11.140693811630964
24.200000000000003,12.16061,11.168493827867868
24.200000000000003,12.36162,11.195825142857556
24.200000000000003,12.56263,11.222587663758418
24.200000000000003,12.76364,11.248101968478233
24.200000000000003,12.96465,11.273606744864662
24.200000000000003,13.16566,11.297953065264002
24.200000000000003,13.36667,11.322060168639092
24.200000000000003,13.56768,11.345788042834748
24.200000000000003,13.76869,11.368766971538593
24.200000000000003,13.9697,11.391746211450503
24.200000000000003,14.17071,11.413936435596055
24.200000000000003,14.37172,11.43597716623548
24.200000000000003,14.57273,11.457728424946442
24.200000000000003,14.77374,11.478960356250811
24.200000000000003,14.97475,11.500212507942642
24.200000000000003,15.17576,11.520835336620307
24.200000000000003,15.37677,11.541358508466184
24.200000000000003,15.57778,11.561642063452892
24.200000000000003,15.77879,11.581526077003915
24.200000000000003,15.9798,11.601410255264899
24.200000000000003,16.18081,11.620764929861021
24.200000000000003,16.38182,11.640049842559181
24.200000000000003,16.58283,11.659115045197511
24.200000000000003,16.78384,11.677840576360992
24.200000000000003,16.98485,11.696576234557067
24.200000000000003,17.18586,11.714812272492422
24.200000000000003,17.38687,11.733008476128935
24.200000000000003,17.58788,11.750994904267356
24.200000000000003,17.78889,11.768681574152547
24.200000000000003,17.9899,11.786378343679466
24.200000000000003,18.19091,11.803605408490188
24.200000000000003,18.39192,11.82081258751139
24.200000000000003,18.59293,11.837799940963043
24.200000000000003,18.79394,11.854547472885194
24.200000000000003,18.99495,11.871285083419602
24.200000000000003,19.19596,11.887582924872971
24.200000000000003,19.39697,11.903880844406048
24.200000000000003,19.59798,11.91996889259809
24.200000000000003,19.79899,11.935837066087762
24.200000000000003,20.0,11.950545426540833
24.5,0.1,1.1932563022502145
24.5,0.3010101,1.6782244026936626
24.5,0.5020202,1.9191640674999981
24.5,0.7030303,2.0779524381650396
24.5,0.9040404,2.1971007761431425
24.5,1.105051,2.2960149251945605
24.5,1.306061,2.386595650231421
24.5,1.507071,2.4736644154252745
24.5,1.708081,2.562522256381409
24.5,1.909091,2.652466916038901
24.5,2.110101,2.7503649156387104
24.5,2.311111,2.8518097992567095
24.5,2.512121,2.9561402382454482
24.5,2.713131,3.0664448363132744
24.5,2.914141,3.182124986320318
24.5,3.115152,3.303466743442472
24.5,3.316162,3.430146611212916
24.5,3.517172,3.5636819534625883
24.5,3.718182,3.705781522226156
24.5,3.919192,3.8570137737891144
24.5,4.120202,4.018128467116336
24.5,4.321212,4.189783484497844
24.5,4.522222,4.3734961703030875
24.5,4.723232,4.573021035938663
24.5,4.924242,4.790111273549537
24.5,5.125253,5.023493160828976
24.5,5.326263,5.27472912537752
24.5,5.527273,5.543079856534719
24.5,5.728283,5.832300939605367
24.5,5.929293,6.14260525678824
24.5,6.130303,6.4677666024160585
24.5,6.331313,6.808568465016567
24.5,6.532323,7.15896353581609
24.5,6.733333,7.518646800696545
24.5,6.934343,7.880967623480913
24.5,7.135354,8.236782260546496
24.5,7.336364,8.583813500619437
24.5,7.537374,8.912663106023178
24.5,7.738384,9.217881302049772
24.5,7.939394,9.487334204861705
24.5,8.140404,9.724622391603562
24.5,8.341414,9.930879352793433
24.5,8.542424,10.10689375114623
24.5,8.743434,10.25443651712575
24.5,8.944444,10.373571652655007
24.5,9.145455,10.4754936655565
24.5,9.346465,10.56285993018793
24.5,9.547475,10.638618414263794
24.5,9.748485,10.704697207949593
24.5,9.949495,10.755622127414753
24.5,10.15051,10.805108921805083
24.5,10.35152,10.858074131058677
24.5,10.55253,10.90312965849661
24.5,10.75354,10.94163214027112
24.5,10.95455,10.980276331267493
24.5,11.15556,11.014855615131607
24.5,11.35657,11.04816690208148
24.5,11.55758,11.080460195181407
24.5,11.75859,11.110256785662358
24.5,11.9596,11.140094394758838
24.5,12.16061,11.167954743050432
24.5,12.36162,11.195286066245105
24.5,12.56263,11.222048555527385
24.5,12.76364,11.247562830962385
24.5,12.96465,11.273077780207148
24.5,13.16566,11.297424344655218
24.5,13.36667,11.32153143410687
24.5,13.56768,11.34525926745118
24.5,13.76869,11.368228157895102
24.5,13.9697,11.391197522620587
24.5,14.17071,11.413367912539638
24.5,14.37172,11.435408614364611
24.5,14.57273,11.457159827510948
24.5,14.77374,11.478401715402624
24.5,14.97475,11.499623948858556
24.5,15.17576,11.520236878350214
24.5,15.37677,11.540760012431653
24.5,15.57778,11.561043520336058
24.5,15.77879,11.580927488778572
24.5,15.9798,11.600801711488742
24.5,16.18081,11.620136435845671
24.5,16.38182,11.639431306503978
24.5,16.58283,11.658486462944447
24.5,16.78384,11.677221949647478
24.5,16.98485,11.695947622175492
24.5,17.18586,11.714183672244388
24.5,17.38687,11.732379833526018
24.5,17.58788,11.750356218188173
24.5,17.78889,11.768052846195982
24.5,17.9899,11.785749607828981
24.5,18.19091,11.802986660631927
24.5,18.39192,11.820193799712575
24.5,18.59293,11.837181113658486
24.5,18.79394,11.853928607574373
24.5,18.99495,11.87067619725593
24.5,19.19596,11.887004016066744
24.5,19.39697,11.903301899657158
24.5,19.59798,11.919389912830697
24.5,19.79899,11.935258052491866
24.5,20.0,11.94882652265667
24.8,0.1,1.2170261450382636
24.8,0.3010101,1.7017015624189142
24.8,0.5020202,1.940581296009701
24.8,0.7030303,2.10159727669982
24.8,0.9040404,2.2211635049459226
24.8,1.105051,2.3221749945886074
24.8,1.306061,2.415575701283127
24.8,1.507071,2.506459881203961
24.8,1.708081,2.6002842200935974
24.8,1.909091,2.693976632793394
24.8,2.110101,2.7907413526043783
24.8,2.311111,2.891897893444866
24.8,2.512121,2.9976139050621895
24.8,2.713131,3.1092256674968333
24.8,2.914141,3.226338701096878
24.8,3.115152,3.348835786578037
24.8,3.316162,3.477084534801484
24.8,3.517172,3.61154478784939
24.8,3.718182,3.7545201325462485
24.8,3.919192,3.9067080436443127
24.8,4.120202,4.068338234870955
24.8,4.321212,4.24050773018534
24.8,4.522222,4.424366871396038
24.8,4.723232,4.623740651620568
24.8,4.924242,4.840195621721074
24.8,5.125253,5.072734516846909
24.8,5.326263,5.322091146951253
24.8,5.527273,5.588788852232819
24.8,5.728283,5.875541883039937
24.8,5.929293,6.182224157779252
24.8,6.130303,6.504275402814968
24.8,6.331313,6.839785486165642
24.8,6.532323,7.18635941847306
24.8,6.733333,7.5412663502203925
24.8,6.934343,7.8980202414530005
24.8,7.135354,8.249792670668182
24.8,7.336364,8.591163775555888
24.8,7.537374,8.916669569263984
24.8,7.738384,9.218648558055303
24.8,7.939394,9.48564227100876
24.8,8.140404,9.721741307225917
24.8,8.341414,9.927089172520349
24.8,8.542424,10.102930530012559
24.8,8.743434,10.250634018602467
24.8,8.944444,10.37017960031757
24.8,9.145455,10.47245187552158
24.8,9.346465,10.560338400388549
24.8,9.547475,10.636407048959814
24.8,9.748485,10.702836012994918
24.8,9.949495,10.759854773572512
24.8,10.15051,10.809632109709726
24.8,10.35152,10.85700362356419
24.8,10.55253,10.902109235583554
24.8,10.75354,10.940791971061586
24.8,10.95455,10.97948622029801
24.8,11.15556,11.014065507065386
24.8,11.35657,11.047456977879119
24.8,11.55758,11.07983049367889
24.8,11.75859,11.109687296409694
24.8,11.9596,11.139534931313813
24.8,12.16061,11.167395261234061
24.8,12.36162,11.194746728315039
24.8,12.56263,11.221529388166068
24.8,12.76364,11.24704382055919
24.8,12.96465,11.272568768990732
24.8,13.16566,11.296915302168635
24.8,13.36667,11.32101249397179
24.8,13.56768,11.344730445832395
24.8,13.76869,11.367699442012553
24.8,13.9697,11.390668787524183
24.8,14.17071,11.412839138879406
24.8,14.37172,11.434869906075566
24.8,14.57273,11.4566111931074
24.8,14.77374,11.477833144352449
24.8,14.97475,11.499055346570657
24.8,15.17576,11.51965823396588
24.8,15.37677,11.540181402448585
24.8,15.57778,11.560444947964688
24.8,15.77879,11.580318945561164
24.8,15.9798,11.600193130235331
24.8,16.18081,11.619537811524973
24.8,16.38182,11.638822691809079
24.8,16.58283,11.657877857689892
24.8,16.78384,11.676603347749234
24.8,16.98485,11.695328979682806
24.8,17.18586,11.713564988089493
24.8,17.38687,11.73176114043658
24.8,17.58788,11.749737514814289
24.8,17.78889,11.767434128614857
24.8,17.9899,11.785130850442098
24.8,18.19091,11.802367864519708
24.8,18.39192,11.819584982978702
24.8,18.59293,11.836582275521708
24.8,18.79394,11.853329746497595
24.8,18.99495,11.870087299278046
24.8,19.19596,11.88640508330713
24.8,19.39697,11.902712942236509
24.8,19.59798,11.917681069353332
24.8,19.79899,11.931239455841254
24.8,20.0,11.944787887458657
25.1,0.1,1.2406839758455563
25.1,0.3010101,1.725223811710714
25.1,0.5020202,1.963110048365331
25.1,0.7030303,2.1208871610323765
25.1,0.9040404,2.247638493858386
25.1,1.105051,2.352611799788615
25.1,1.306061,2.4484095064880296
25.1,1.507071,2.539664169018952
25.1,1.708081,2.6319047290750945
25.1,1.909091,2.729029732540345
25.1,2.110101,2.8281584545109495
25.1,2.311111,2.931121483320164
25.1,2.512121,3.038291177841883
25.1,2.713131,3.1513308979792582
25.1,2.914141,3.270167336719048
25.1,3.115152,3.3937547907488645
25.1,3.316162,3.5234553559950887
25.1,3.517172,3.6588089140303364
25.1,3.718182,3.8026204883184036
25.1,3.919192,3.955698310845366
25.1,4.120202,4.1178147183529985
25.1,4.321212,4.290432116007719
25.1,4.522222,4.4744135761640385
25.1,4.723232,4.673607177504669
25.1,4.924242,4.889393856590388
25.1,5.125253,5.121082868128145
25.1,5.326263,5.368572479555714
25.1,5.527273,5.633633361269653
25.1,5.728283,5.917960645708848
25.1,5.929293,6.221114304669969
25.1,6.130303,6.540114674995416
25.1,6.331313,6.870510433923694
25.1,6.532323,7.213340397190084
25.1,6.733333,7.5635981647322685
25.1,6.934343,7.914957235630711
25.1,7.135354,8.262768484972469
25.1,7.336364,8.59865045211571
25.1,7.537374,8.920866427253825
25.1,7.738384,9.21965118159674
25.1,7.939394,9.484194684319803
25.1,8.140404,9.719088598095018
25.1,8.341414,9.923468405672526
25.1,8.542424,10.099096769168408
25.1,8.743434,10.246951025132672
25.1,8.944444,10.36685709624927
25.1,9.145455,10.469459668240374
25.1,9.346465,10.557846479284636
25.1,9.547475,10.634235316521032
25.1,9.748485,10.701004472984575
25.1,9.949495,10.752449711416329
25.1,10.15051,10.801487985916822
25.1,10.35152,10.85295542549454
25.1,10.55253,10.901128339007679
25.1,10.75354,10.93999134043046
25.1,10.95455,10.978725665838013
25.1,11.15556,11.0133049717881
25.1,11.35657,11.046776640649654
25.1,11.55758,11.079240392786206
25.1,11.75859,11.10914742239729
25.1,11.9596,11.139005096691491
25.1,12.16061,11.166865420465289
25.1,12.36162,11.194247044627541
25.1,12.56263,11.221049888453814
25.1,12.76364,11.246574490570246
25.1,12.96465,11.272089449506218
25.1,13.16566,11.296445960861542
25.1,13.36667,11.320543266345261
25.1,13.56768,11.34425134851609
25.1,13.76869,11.36721046181119
25.1,13.9697,11.390179796915799
25.1,14.17071,11.41235011752674
25.1,14.37172,11.434360960402007
25.1,14.57273,11.456092331645207
25.1,14.77374,11.477304356245135
25.1,14.97475,11.498526534488411
25.1,15.17576,11.519129386240735
25.1,15.37677,11.53963259847866
25.1,15.57778,11.5598861909743
25.1,15.77879,11.579750226896643
25.1,15.9798,11.59962437959085
25.1,16.18081,11.618969023257458
25.1,16.38182,11.638243921471222
25.1,16.58283,11.657289105382922
25.1,16.78384,11.676004606950178
25.1,16.98485,11.694730203310558
25.1,17.18586,11.712966174485217
25.1,17.38687,11.731162325176976
25.1,17.58788,11.749138696443495
25.1,17.78889,11.766835302752733
25.1,17.9899,11.784531988807203
25.1,18.19091,11.801768967799083
25.1,18.39192,11.81898607093737
25.1,18.59293,11.83599334603704
25.1,18.79394,11.852750796654469
25.1,18.99495,11.869508315908192
25.1,19.19596,11.885826068260473
25.1,19.39697,11.902143902794839
25.1,19.59798,11.918251863513804
25.1,19.79899,11.934149947272026
25.1,20.0,11.94771836384169
25.400000000000002,0.1,1.2653161964291535
25.400000000000002,0.3010101,1.7485746591169213
25.400000000000002,0.5020202,1.9833554003182525
25.400000000000002,0.7030303,2.1415324852539492
25.400000000000002,0.9040404,2.2712613566078073
25.400000000000002,1.105051,2.3786333959435972
25.400000000000002,1.306061,2.4757932787025987
25.400000000000002,1.507071,2.5701007639938735
25.400000000000002,1.708081,2.6657919046485836
25.400000000000002,1.909091,2.7635890507486507
25.400000000000002,2.110101,2.865646050071593
25.400000000000002,2.311111,2.9693303769292037
25.400000000000002,2.512121,3.078751851961794
25.400000000000002,2.713131,3.1935571091426005
25.400000000000002,2.914141,3.313115287184516
25.400000000000002,3.115152,3.4387148182269436
25.400000000000002,3.316162,3.568907010918108
25.400000000000002,3.517172,3.7056020795080116
25.400000000000002,3.718182,3.8503754474331147
25.400000000000002,3.919192,4.003847806120795
25.400000000000002,4.120202,4.166822767943102
25.400000000000002,4.321212,4.339604743910352
25.400000000000002,4.522222,4.523718393879858
25.400000000000002,4.723232,4.722676364820342
25.400000000000002,4.924242,4.938041848758296
25.400000000000002,5.125253,5.16815042669963
25.400000000000002,5.326263,5.415054270874215
25.400000000000002,5.527273,5.677453083656751
25.400000000000002,5.728283,5.959228468111626
25.400000000000002,5.929293,6.260293055295661
25.400000000000002,6.130303,6.573833325354896
25.400000000000002,6.331313,6.902564609743997
25.400000000000002,6.532323,7.23934530847073
25.400000000000002,6.733333,7.585045039736595
25.400000000000002,6.934343,7.933062300011943
25.400000000000002,7.135354,8.273845897856239
25.400000000000002,7.336364,8.607889271681564
25.400000000000002,7.537374,8.924730180733231
25.400000000000002,7.738384,9.220546532530436
25.400000000000002,7.939394,9.483490182403536
25.400000000000002,8.140404,9.71613705491293
25.400000000000002,8.341414,9.920166783748877
25.400000000000002,8.542424,10.095412705431896
25.400000000000002,8.743434,10.243347689004692
25.400000000000002,8.944444,10.363524173241128
25.400000000000002,9.145455,10.466687201581294
25.400000000000002,9.346465,10.555234194231078
25.400000000000002,9.547475,10.632153299774387
25.400000000000002,9.748485,10.699192633174793
25.400000000000002,9.949495,10.75475381388485
25.400000000000002,10.15051,10.802933428715288
25.400000000000002,10.35152,10.852653090241391
25.400000000000002,10.55253,10.90009723386829
25.400000000000002,10.75354,10.938970275278983
25.400000000000002,10.95455,10.97788487340667
25.400000000000002,11.15556,11.012694606427354
25.400000000000002,11.35657,11.04618633869662
25.400000000000002,11.55758,11.078650100988744
25.400000000000002,11.75859,11.108557139589319
25.400000000000002,11.9596,11.138475059285655
25.400000000000002,12.16061,11.166385741363714
25.400000000000002,12.36162,11.193777394041557
25.400000000000002,12.56263,11.220580225867211
25.400000000000002,12.76364,11.246104816945394
25.400000000000002,12.96465,11.27162997104952
25.400000000000002,13.16566,11.295976750857562
25.400000000000002,13.36667,11.320074059249748
25.400000000000002,13.56768,11.343792116315177
25.400000000000002,13.76869,11.366741206343933
25.400000000000002,13.9697,11.389700686186492
25.400000000000002,14.17071,11.411851194520587
25.400000000000002,14.37172,11.433862022774274
25.400000000000002,14.57273,11.455593361752246
25.400000000000002,14.77374,11.476795355759704
25.400000000000002,14.97475,11.498007633965294
25.400000000000002,15.17576,11.518590607033772
25.400000000000002,15.37677,11.539093793414436
25.400000000000002,15.57778,11.559347349970365
25.400000000000002,15.77879,11.5792113514961
25.400000000000002,15.9798,11.599065565915042
25.400000000000002,16.18081,11.618390278288517
25.400000000000002,16.38182,11.637665144455891
25.400000000000002,16.58283,11.656710291403462
25.400000000000002,16.78384,11.675425757456152
25.400000000000002,16.98485,11.694141383926311
25.400000000000002,17.18586,11.71237738399021
25.400000000000002,17.38687,11.73057350039586
25.400000000000002,17.58788,11.748549835714924
25.400000000000002,17.78889,11.766246407421733
25.400000000000002,17.9899,11.783943099126644
25.400000000000002,18.19091,11.801190078888881
25.400000000000002,18.39192,11.818407148457416
25.400000000000002,18.59293,11.835414390152241
25.400000000000002,18.79394,11.852171808554754
25.400000000000002,18.99495,11.868929315124559
25.400000000000002,19.19596,11.885267048445563
25.400000000000002,19.39697,11.901584852299148
25.400000000000002,19.59798,11.917692783072562
25.400000000000002,19.79899,11.933590837832625
25.400000000000002,20.0,11.948329091217811
25.7,0.1,1.2886401208909357
25.7,0.3010101,1.7715279928166687
25.7,0.5020202,2.005680467296595
25.7,0.7030303,2.1580259665784927
25.7,0.9040404,2.2948268101022267
25.7,1.105051,2.4032263857406995
25.7,1.306061,2.5036843423261557
25.7,1.507071,2.6005692050287665
25.7,1.708081,2.6977194425780575
25.7,1.909091,2.799015589863474
25.7,2.110101,2.9012377394681867
25.7,2.311111,3.008022802451581
25.7,2.512121,3.118704190150856
25.7,2.713131,3.234923863178793
25.7,2.914141,3.356578309675394
25.7,3.115152,3.4823236183649744
25.7,3.316162,3.6143475893605
25.7,3.517172,3.751735006435153
25.7,3.718182,3.8973247905637454
25.7,3.919192,4.051818100604347
25.7,4.120202,4.214862122297934
25.7,4.321212,4.388158976439498
25.7,4.522222,4.57235112655287
25.7,4.723232,4.77105656841017
25.7,4.924242,4.985497528436145
25.7,5.125253,5.2153475721824005
25.7,5.326263,5.459824513249899
25.7,5.527273,5.721105459242196
25.7,5.728283,6.000258932462634
25.7,5.929293,6.297020674759677
25.7,6.130303,6.609630206295648
25.7,6.331313,6.931847417667964
25.7,6.532323,7.26622857750148
25.7,6.733333,7.606892009127806
25.7,6.934343,7.9484931997237265
25.7,7.135354,8.28797214520783
25.7,7.336364,8.614953502442287
25.7,7.537374,8.929713077229447
25.7,7.738384,9.22193238680823
25.7,7.939394,9.481899212317401
25.7,8.140404,9.714148153930266
25.7,8.341414,9.916776384188836
25.7,8.542424,10.091818082004972
25.7,8.743434,10.23983399316061
25.7,8.944444,10.360401081001449
25.7,9.145455,10.463704331442093
25.7,9.346465,10.552881695467395
25.7,9.547475,10.629960967190907
25.7,9.748485,10.697390521798686
25.7,9.949495,10.75328191424134
25.7,10.15051,10.805487619407746
25.7,10.35152,10.85348971643959
25.7,10.55253,10.899095835782687
25.7,10.75354,10.93809910289184
25.7,10.95455,10.97715390470172
25.7,11.15556,11.011983737675308
25.7,11.35657,11.045585729360504
25.7,11.55758,11.078069560559712
25.7,11.75859,11.108026794243099
25.7,11.9596,11.13798487820265
25.7,12.16061,11.165915629148612
25.7,12.36162,11.193317490565008
25.7,12.56263,11.220130356487577
25.7,12.76364,11.245665096137177
25.7,12.96465,11.271200364531376
25.7,13.16566,11.295537187692204
25.7,13.36667,11.319634647037143
25.7,13.56768,11.343352712092738
25.7,13.76869,11.366291907513206
25.7,13.9697,11.38924145883231
25.7,14.17071,11.411391989858961
25.7,14.37172,11.43339292015291
25.7,14.57273,11.455114249267204
25.7,14.77374,11.476306312222933
25.7,14.97475,11.497508628653316
25.7,15.17576,11.518081608583538
25.7,15.37677,11.538564857493762
25.7,15.57778,11.558818392516379
25.7,15.77879,11.578672433174782
25.7,15.9798,11.598526660965591
25.7,16.18081,11.617841367843296
25.7,16.38182,11.637106265274747
25.7,16.58283,11.656151384146604
25.7,16.78384,11.674866865656906
25.7,16.98485,11.69358248783748
25.7,17.18586,11.711808473351287
25.7,17.38687,11.730004597520432
25.7,17.58788,11.747980902182464
25.7,17.78889,11.765677471483153
25.7,17.9899,11.783374147388562
25.7,18.19091,11.800621106396392
25.7,18.39192,11.817838167089446
25.7,18.59293,11.834845378406818
25.7,18.79394,11.851602781530879
25.7,18.99495,11.868370265547215
25.7,19.19596,11.884707973682199
25.7,19.39697,11.901035755914217
25.7,19.59798,11.917143658653629
25.7,19.79899,11.930741970780433
25.7,20.0,11.944310331238313
26.0,0.1,1.311725423325907
26.0,0.3010101,1.7942085280883036
26.0,0.5020202,2.029083564503697
26.0,0.7030303,2.1869063037063676
26.0,0.9040404,2.3177202630326548
26.0,1.105051,2.4290022292327516
26.0,1.306061,2.531177015086056
26.0,1.507071,2.630335644558763
26.0,1.708081,2.7304622184723946
26.0,1.909091,2.8327152638084874
26.0,2.110101,2.9381299704224086
26.0,2.311111,3.0456674147117893
26.0,2.512121,3.158476960576055
26.0,2.713131,3.276359987650866
26.0,2.914141,3.398687775677017
26.0,3.115152,3.5263382570372803
26.0,3.316162,3.658812359462949
26.0,3.517172,3.7974403036023823
26.0,3.718182,3.943905084276871
26.0,3.919192,4.098744488899509
26.0,4.120202,4.26254931807518
26.0,4.321212,4.435975563784384
26.0,4.522222,4.620224614759437
26.0,4.723232,4.818644415664834
26.0,4.924242,5.032646382914512
26.0,5.125253,5.260905429299481
26.0,5.326263,5.5048069086294715
26.0,5.527273,5.763488510464268
26.0,5.728283,6.0401777607911065
26.0,5.929293,6.334944931141811
26.0,6.130303,6.642304160815382
26.0,6.331313,6.962952186565427
26.0,6.532323,7.291551623439752
26.0,6.733333,7.627880337141279
26.0,6.934343,7.96631484533591
26.0,7.135354,8.299053242417422
26.0,7.336364,8.624295999656546
26.0,7.537374,8.933864377880981
26.0,7.738384,9.223197177778063
26.0,7.939394,9.481573091542003
26.0,8.140404,9.711537925612655
26.0,8.341414,9.913787097688529
26.0,8.542424,10.088353371262214
26.0,8.743434,10.236400042042712
26.0,8.944444,10.357187576196978
26.0,9.145455,10.46099130401477
26.0,9.346465,10.550328871187986
26.0,9.547475,10.627908414875323
26.0,9.748485,10.695608155307465
26.0,9.949495,10.747723882348513
26.0,10.15051,10.797282661294515
26.0,10.35152,10.849420746275262
26.0,10.55253,10.898194275583792
26.0,10.75354,10.93738782025469
26.0,10.95455,10.976442671368993
26.0,11.15556,11.011272547925278
26.0,11.35657,11.044904646142104
26.0,11.55758,11.077548918284572
26.0,11.75859,11.10755638282642
26.0,11.9596,11.137524480070333
26.0,12.16061,11.16544524363302
26.0,12.36162,11.192867180581484
26.0,12.56263,11.219710416008626
26.0,12.76364,11.245255318966663
26.0,12.96465,11.270780580030374
26.0,13.16566,11.29512739604282
26.0,13.36667,11.319224903927598
26.0,13.56768,11.34292325066617
26.0,13.76869,11.365862551384573
26.0,13.9697,11.388812082858903
26.0,14.17071,11.41095259558794
26.0,14.37172,11.432953553128895
26.0,14.57273,11.45464508617323
26.0,14.77374,11.475837210338248
26.0,14.97475,11.497029499988994
26.0,15.17576,11.517602454660016
26.0,15.37677,11.538085714494162
26.0,15.57778,11.558309388462247
26.0,15.77879,11.578153457908183
26.0,15.9798,11.5980076551444
26.0,16.18081,11.617322333299192
26.0,16.38182,11.636587229069201
26.0,16.58283,11.655612433545487
26.0,16.78384,11.674317920847704
26.0,16.98485,11.693033511382454
26.0,17.18586,11.711259467051738
26.0,17.38687,11.729455580280366
26.0,17.58788,11.747421928642986
26.0,17.78889,11.765118488620148
26.0,17.9899,11.782815133619843
26.0,18.19091,11.8000620635328
26.0,18.39192,11.817279107017779
26.0,18.59293,11.834286330694717
26.0,18.79394,11.851053715903165
26.0,18.99495,11.867821171090046
26.0,19.19596,11.884158852184711
26.0,19.39697,11.900486614315986
26.0,19.59798,11.91661450882423
26.0,19.79899,11.931372661308783
26.0,20.0,11.944941003255336
26.3,0.1,1.333663730763777
26.3,0.3010101,1.817045435118429
26.3,0.5020202,2.050739483935842
26.3,0.7030303,2.2090457111486024
26.3,0.9040404,2.3412139745573
26.3,1.105051,2.454131749348835
26.3,1.306061,2.5587445054997366
26.3,1.507071,2.660176708483302
26.3,1.708081,2.762154636462847
26.3,1.909091,2.8669906226479154
26.3,2.110101,2.973997695610212
26.3,2.311111,3.0836998524581896
26.3,2.512121,3.1978353039683456
26.3,2.713131,3.3169675771583402
26.3,2.914141,3.4408241928774053
26.3,3.115152,3.5694194023921972
26.3,3.316162,3.7031631532022056
26.3,3.517172,3.842540774032952
26.3,3.718182,3.989694399778481
26.3,3.919192,4.145260270709287
26.3,4.120202,4.309427362982261
26.3,4.321212,4.483151611013875
26.3,4.522222,4.667418628206334
26.3,4.723232,4.865568261423587
26.3,4.924242,5.078839336726416
26.3,5.125253,5.306238171283813
26.3,5.326263,5.548316725047949
26.3,5.527273,5.805447556630261
26.3,5.728283,6.079875331192369
26.3,5.929293,6.3713773019778195
26.3,6.130303,6.675958739134706
26.3,6.331313,6.991912640407516
26.3,6.532323,7.317132892856937
26.3,6.733333,7.649249053545409
26.3,6.934343,7.982768108149849
26.3,7.135354,8.311918434979498
26.3,7.336364,8.632091982903024
26.3,7.537374,8.938622380215158
26.3,7.738384,9.224926718246723
26.3,7.939394,9.480884244238982
26.3,8.140404,9.709593899691205
26.3,8.341414,9.910747994144899
26.3,8.542424,10.08498832122179
26.3,8.743434,10.233045825426808
26.3,8.944444,10.35409390552246
26.3,9.145455,10.458167974053582
26.3,9.346465,10.54794585103769
26.3,9.547475,10.625805598541177
26.3,9.748485,10.69383552983268
26.3,9.949495,10.752165207812624
26.3,10.15051,10.80296349351877
26.3,10.35152,10.8512759331042
26.3,10.55253,10.897212451444068
26.3,10.75354,10.936446124368212
26.3,10.95455,10.97569125818223
26.3,11.15556,11.010651416426791
26.3,11.35657,11.04435371984522
26.3,11.55758,11.077008023847533
26.3,11.75859,11.10702558443375
26.3,11.9596,11.137053929744438
26.3,12.16061,11.165014925531304
26.3,12.36162,11.19244701714157
26.3,12.56263,11.219300257060924
26.3,12.76364,11.244835225196205
26.3,12.96465,11.270380673658517
26.3,13.16566,11.294727659870599
26.3,13.36667,11.318815271178552
26.3,13.56768,11.342523606282855
26.3,13.76869,11.36545294734499
26.3,13.9697,11.388392611130467
26.3,14.17071,11.41052324123014
26.3,14.37172,11.432514261969969
26.3,14.57273,11.454205774093586
26.3,14.77374,11.475387919521888
26.3,14.97475,11.496570296806249
26.3,15.17576,11.51712332686223
26.3,15.37677,11.537596619668392
26.3,15.57778,11.557830267273333
26.3,15.77879,11.57766434327473
26.3,15.9798,11.597498592897775
26.3,16.18081,11.616803313199792
26.3,16.38182,11.636058219770675
26.3,16.58283,11.655083395513222
26.3,16.78384,11.673788877997202
26.3,16.98485,11.692494493509315
26.3,17.18586,11.710720466044693
26.3,17.38687,11.728906574651747
26.3,17.58788,11.7468828938069
26.3,17.78889,11.76456944093948
26.3,17.9899,11.782266090760725
26.3,18.19091,11.799513019645472
26.3,18.39192,11.816730048695456
26.3,18.59293,11.8337372444257
26.3,18.79394,11.850504611568851
26.3,18.99495,11.86727205806938
26.3,19.19596,11.883609727772772
26.3,19.39697,11.899947470826126
26.3,19.59798,11.916075339507662
26.3,19.79899,11.931983331144366
26.3,20.0,11.947891384395591
26.6,0.1,1.354984239037019
26.6,0.3010101,1.839524263747855
26.6,0.5020202,2.0722610445486547
26.6,0.7030303,2.2252882406447445
26.6,0.9040404,2.364678164656936
26.6,1.105051,2.4792212210056697
26.6,1.306061,2.5862103527288
26.6,1.507071,2.689839343284888
26.6,1.708081,2.7936322459353247
26.6,1.909091,2.9009858931829684
26.6,2.110101,3.009557014134189
26.6,2.311111,3.121361616069682
26.6,2.512121,3.2367969360294357
26.6,2.713131,3.3571395030371676
26.6,2.914141,3.4824558905936915
26.6,3.115152,3.6119686771080826
26.6,3.316162,3.7469156668587185
26.6,3.517172,3.8870177660570033
26.6,3.718182,4.034827997946638
26.6,3.919192,4.191068985911081
26.6,4.120202,4.355578243834081
26.6,4.321212,4.529552318207996
26.6,4.522222,4.7138203256454
26.6,4.723232,4.9116838806755645
26.6,4.924242,5.124209285155402
26.6,5.125253,5.35074811217002
26.6,5.326263,5.591030238207629
26.6,5.527273,5.846628575854383
26.6,5.728283,6.118836250318199
26.6,5.929293,6.40715455039655
26.6,6.130303,6.709008454624721
26.6,6.331313,7.0204167737586785
26.6,6.532323,7.342325022796696
26.6,6.733333,7.670342835088949
26.6,6.934343,7.999091602068171
26.6,7.135354,8.32472286944815
26.6,7.336364,8.639971180004025
26.6,7.537374,8.943508549760823
26.6,7.738384,9.226831327399985
26.6,7.939394,9.480384350785098
26.6,8.140404,9.707833781844883
26.6,8.341414,9.907849713247288
26.6,8.542424,10.081753076767656
26.6,8.743434,10.229771394577602
26.6,8.944444,10.351050011946567
26.6,9.145455,10.455394420829528
26.6,9.346465,10.545572591994459
26.6,9.547475,10.623712543703084
26.6,9.748485,10.692052645829289
26.6,9.949495,10.744678666519167
26.6,10.15051,10.799532762812778
26.6,10.35152,10.850063434053382
26.6,10.55253,10.896240147923724
26.6,10.75354,10.93553397271302
26.6,10.95455,10.9749594321853
26.6,11.15556,11.010049901616549
26.6,11.35657,11.043842431457895
26.6,11.55758,11.076486780916616
26.6,11.75859,11.106534451907937
26.6,11.9596,11.136613068106934
26.6,12.16061,11.164614314014454
26.6,12.36162,11.19206657421242
26.6,12.56263,11.218919827825344
26.6,12.76364,11.244464870203153
26.6,12.96465,11.270010518475006
26.6,13.16566,11.294357684899131
26.6,13.36667,11.318445408089133
26.6,13.56768,11.34215373871473
26.6,13.76869,11.365083126854012
26.6,13.9697,11.388002931087998
26.6,14.17071,11.410123685857393
26.6,14.37172,11.432104776356653
26.6,14.57273,11.453796273284924
26.6,14.77374,11.47496844588356
26.6,14.97475,11.4961309176571
26.6,15.17576,11.516684029385893
26.6,15.37677,11.53714736102268
26.6,15.57778,11.557370987323077
26.6,15.77879,11.577195075106061
26.6,15.9798,11.597019383367572
26.6,16.18081,11.61631415206828
26.6,16.38182,11.635559074866098
26.6,16.58283,11.654584225908883
26.6,16.78384,11.673289708369186
26.6,16.98485,11.691975355014302
26.6,17.18586,11.71020135052638
26.6,17.38687,11.728387459306981
26.6,17.58788,11.746353752800559
26.6,17.78889,11.76405029141458
26.6,17.9899,11.781736952070672
26.6,18.19091,11.798983886218695
26.6,18.39192,11.816200905455421
26.6,18.59293,11.833208075969585
26.6,18.79394,11.84997542980024
26.6,18.99495,11.866742874624844
26.6,19.19596,11.883090540053704
26.6,19.39697,11.899428268656735
26.6,19.59798,11.915556113557821
26.6,19.79899,11.930314234917462
26.6,20.0,11.943902562295364
26.900000000000002,0.1,1.3762405831819786
26.900000000000002,0.3010101,1.8616057147787506
26.900000000000002,0.5020202,2.0924773090580167
26.900000000000002,0.7030303,2.2498880262501473
26.900000000000002,0.9040404,2.387430423538288
26.900000000000002,1.105051,2.504685022185201
26.900000000000002,1.306061,2.6133401268703236
26.900000000000002,1.507071,2.7191623309067
26.900000000000002,1.708081,2.825745930340438
26.900000000000002,1.909091,2.9340076445125733
26.900000000000002,2.110101,3.0455503289440684
26.900000000000002,2.311111,3.1580716988386865
26.900000000000002,2.512121,3.275485135408215
26.900000000000002,2.713131,3.3973255566096427
26.900000000000002,2.914141,3.5232539945499806
26.900000000000002,3.115152,3.654447951630599
26.900000000000002,3.316162,3.789804717164935
26.900000000000002,3.517172,3.930996180554733
26.900000000000002,3.718182,4.079563492024219
26.900000000000002,3.919192,4.236101223297346
26.900000000000002,4.120202,4.401210354368087
26.900000000000002,4.321212,4.575283813235611
26.900000000000002,4.522222,4.759511621040359
26.900000000000002,4.723232,4.957031817553805
26.900000000000002,4.924242,5.169107666391491
26.900000000000002,5.125253,5.394060623937025
26.900000000000002,5.326263,5.633778745412193
26.900000000000002,5.527273,5.886895183595132
26.900000000000002,5.728283,6.156766805803492
26.900000000000002,5.929293,6.443203275597764
26.900000000000002,6.130303,6.740167661202848
26.900000000000002,6.331313,7.050095141606122
26.900000000000002,6.532323,7.366650814915804
26.900000000000002,6.733333,7.690647492710571
26.900000000000002,6.934343,8.016436765389605
26.900000000000002,7.135354,8.335812757088727
26.900000000000002,7.336364,8.64941140274384
26.900000000000002,7.537374,8.948044295578862
26.900000000000002,7.738384,9.228597309559781
26.900000000000002,7.939394,9.48057422509721
26.900000000000002,8.140404,9.705695184846583
26.900000000000002,8.341414,9.905307025038798
26.900000000000002,8.542424,10.078587807142453
26.900000000000002,8.743434,10.226566841489939
26.900000000000002,8.944444,10.348005902281797
26.900000000000002,9.145455,10.452770756598676
26.900000000000002,9.346465,10.54308914597973
26.900000000000002,9.547475,10.621689323830486
26.900000000000002,9.748485,10.690279574154033
26.900000000000002,9.949495,10.747101545600621
26.900000000000002,10.15051,10.796262060664601
26.900000000000002,10.35152,10.845973677943528
26.900000000000002,10.55253,10.895367804789673
26.900000000000002,10.75354,10.934851995150526
26.900000000000002,10.95455,10.974287530006384
26.900000000000002,11.15556,11.009368066937899
26.900000000000002,11.35657,11.04319072916605
26.900000000000002,11.55758,11.076015576083327
26.900000000000002,11.75859,11.10611351122398
26.900000000000002,11.9596,11.136202158475166
26.900000000000002,12.16061,11.164193432993821
26.900000000000002,12.36162,11.19166578649993
26.900000000000002,12.56263,11.218549443322907
26.900000000000002,12.76364,11.244104667093524
26.900000000000002,12.96465,11.269660321037065
26.900000000000002,13.16566,11.294007492875577
26.900000000000002,13.36667,11.318095277472455
26.900000000000002,13.56768,11.341783907659405
26.900000000000002,13.76869,11.364703413983369
26.900000000000002,13.9697,11.38763320925369
26.900000000000002,14.17071,11.409743956019943
26.900000000000002,14.37172,11.43171508462002
26.900000000000002,14.57273,11.453386799467289
26.900000000000002,14.77374,11.47454904419874
26.900000000000002,14.97475,11.495711498552637
26.900000000000002,15.17576,11.516254594116141
26.900000000000002,15.37677,11.536717946154077
26.900000000000002,15.57778,11.55691172544652
26.900000000000002,15.77879,11.576725851922909
26.900000000000002,15.9798,11.596550137889388
26.900000000000002,16.18081,11.61584488555084
26.900000000000002,16.38182,11.635079815276583
26.900000000000002,16.58283,11.654085066696716
26.900000000000002,16.78384,11.672780563819705
26.900000000000002,16.98485,11.691476185755636
26.900000000000002,17.18586,11.70969215801325
26.900000000000002,17.38687,11.72787826343455
26.900000000000002,17.58788,11.745834615690088
26.900000000000002,17.78889,11.763521152876187
26.900000000000002,17.9899,11.781207788407222
26.900000000000002,18.19091,11.79845469887892
26.900000000000002,18.39192,11.815671707841295
26.900000000000002,18.59293,11.8326889063475
26.900000000000002,18.79394,11.849456249664922
26.900000000000002,18.99495,11.866223670283636
26.900000000000002,19.19596,11.882571312971281
26.900000000000002,19.39697,11.898909028036064
26.900000000000002,19.59798,11.915046879325853
26.900000000000002,19.79899,11.928655136519849
26.900000000000002,20.0,11.942243440834204
27.2,0.1,1.3965603399192419
27.2,0.3010101,1.8834560666960134
27.2,0.5020202,2.1138788863001476
27.2,0.7030303,2.2678605864488026
27.2,0.9040404,2.4111487778786445
27.2,1.105051,2.5292845973924454
27.2,1.306061,2.6406200366988664
27.2,1.507071,2.748722628906588
27.2,1.708081,2.856759802661304
27.2,1.909091,2.9682271506662907
27.2,2.110101,3.079914939497738
27.2,2.311111,3.195192754988896
27.2,2.512121,3.3137494480010274
27.2,2.713131,3.436752755096053
27.2,2.914141,3.5644109572233598
27.2,3.115152,3.6957252727156393
27.2,3.316162,3.832584363813729
27.2,3.517172,3.974341023310876
27.2,3.718182,4.123550295124588
27.2,3.919192,4.280867155767424
27.2,4.120202,4.446020327548469
27.2,4.321212,4.620377697807943
27.2,4.522222,4.804608055815644
27.2,4.723232,5.001779162080759
27.2,4.924242,5.2128756481382865
27.2,5.125253,5.437577680904804
27.2,5.326263,5.674975278083688
27.2,5.527273,5.927051012133879
27.2,5.728283,6.194520808507468
27.2,5.929293,6.477078085968836
27.2,6.130303,6.773210266205641
27.2,6.331313,7.077335406037425
27.2,6.532323,7.391766311979285
27.2,6.733333,7.711316906631544
27.2,6.934343,8.03141097102722
27.2,7.135354,8.349619254287791
27.2,7.336364,8.656852821578774
27.2,7.537374,8.953588172799387
27.2,7.738384,9.2307896265398
27.2,7.939394,9.479833074712339
27.2,8.140404,9.704528986973704
27.2,8.341414,9.9025398210444
27.2,8.542424,10.07554231111845
27.2,8.743434,10.22342212903539
27.2,8.944444,10.34509176889568
27.2,9.145455,10.449966886881777
27.2,9.346465,10.540805656582794
27.2,9.547475,10.619546046637307
27.2,9.748485,10.688496482603451
27.2,9.949495,10.74558831805903
27.2,10.15051,10.795018896290344
27.2,10.35152,10.84499058714438
27.2,10.55253,10.89438484882443
27.2,10.75354,10.934029453168003
27.2,10.95455,10.973615364694446
27.2,11.15556,11.008736052321945
27.2,11.35657,11.042679044493113
27.2,11.55758,11.075534003924563
27.2,11.75859,11.105682192722075
27.2,11.9596,11.135811058991553
27.2,12.16061,11.163812437646836
27.2,12.36162,11.19130504663045
27.2,12.56263,11.218208767346647
27.2,12.76364,11.243764173182512
27.2,12.96465,11.269329972754923
27.2,13.16566,11.293667212129487
27.2,13.36667,11.317755175376183
27.2,13.56768,11.34144383567222
27.2,13.76869,11.364363470309545
27.2,13.9697,11.387273359689084
27.2,14.17071,11.409384148703731
27.2,14.37172,11.431345401019186
27.2,14.57273,11.453007124501873
27.2,14.77374,11.474159458329176
27.2,14.97475,11.495311970189611
27.2,15.17576,11.515845089949387
27.2,15.37677,11.536288524599794
27.2,15.57778,11.556482298469144
27.2,15.77879,11.576286483291554
27.2,15.9798,11.596100800254852
27.2,16.18081,11.61538555829797
27.2,16.38182,11.63461053857164
27.2,16.58283,11.653615775876833
27.2,16.78384,11.672301306904268
27.2,16.98485,11.690986940548004
27.2,17.18586,11.709202912597029
27.2,17.38687,11.727369044050807
27.2,17.58788,11.745335377279082
27.2,17.78889,11.76302192929425
27.2,17.9899,11.780708563123742
27.2,18.19091,11.797945465731553
27.2,18.39192,11.815162482462021
27.2,18.59293,11.832179660099278
27.2,18.79394,11.848947003545558
27.2,18.99495,11.865714413595864
27.2,19.19596,11.882062043003382
27.2,19.39697,11.898399752734772
27.2,19.59798,11.91453758331238
27.2,19.79899,11.930465532420897
27.2,20.0,11.94522368350701
27.5,0.1,1.4170906992240748
27.5,0.3010101,1.9050939247787302
27.5,0.5020202,2.1364779546201116
27.5,0.7030303,2.296811911156398
27.5,0.9040404,2.433941492790208
27.5,1.105051,2.5546965875640377
27.5,1.306061,2.667594541078852
27.5,1.507071,2.777750473437638
27.5,1.708081,2.888406924240209
27.5,1.909091,3.000720818539559
27.5,2.110101,3.1152716179955733
27.5,2.311111,3.2312414761786052
27.5,2.512121,3.351868171366792
27.5,2.713131,3.4761523112278296
27.5,2.914141,3.604352490962878
27.5,3.115152,3.737219019730061
27.5,3.316162,3.8744481604199463
27.5,3.517172,4.017225178031596
27.5,3.718182,4.167116796985486
27.5,3.919192,4.324704217489759
27.5,4.120202,4.490388874058727
27.5,4.321212,4.66481763420325
27.5,4.522222,4.8489790459461934
27.5,4.723232,5.045765013055087
27.5,4.924242,5.256421447990835
27.5,5.125253,5.479548500932313
27.5,5.326263,5.716393559477727
27.5,5.527273,5.966073504579721
27.5,5.728283,6.231281335008243
27.5,5.929293,6.512047477787164
27.5,6.130303,6.803475530709678
27.5,6.331313,7.106202335636812
27.5,6.532323,7.415509569275761
27.5,6.733333,7.73124191626283
27.5,6.934343,8.048504546382201
27.5,7.135354,8.36070095330463
27.5,7.336364,8.66636785889306
27.5,7.537374,8.958322383161827
27.5,7.738384,9.232854897989274
27.5,7.939394,9.48030484399341
27.5,8.140404,9.702665752427178
27.5,8.341414,9.900255316334848
27.5,8.542424,10.072546921082767
27.5,8.743434,10.220357226083566
27.5,8.944444,10.342147360747635
27.5,9.145455,10.447402950424946
27.5,9.346465,10.538372017763997
27.5,9.547475,10.61753294091527
27.5,9.748485,10.6867037204687
27.5,9.949495,10.739839697539932
27.5,10.15051,10.7913278655166
27.5,10.35152,10.846443823230038
27.5,10.55253,10.893489992372036
27.5,10.75354,10.933134777464058
27.5,10.95455,10.972892178766584
27.5,11.15556,11.008243945799022
27.5,11.35657,11.0422071244496
27.5,11.55758,11.075062150590169
27.5,11.75859,11.10521039947887
27.5,11.9596,11.135409654202014
27.5,12.16061,11.163481506642055
27.5,12.36162,11.190984192972186
27.5,12.56263,11.217877940245039
27.5,12.76364,11.243443370127268
27.5,12.96465,11.269009419526954
27.5,13.16566,11.29335697488924
27.5,13.36667,11.317434974276429
27.5,13.56768,11.341123640161737
27.5,13.76869,11.364043279992332
27.5,13.9697,11.386943348985216
27.5,14.17071,11.409034360024366
27.5,14.37172,11.43098562509603
27.5,14.57273,11.452657341842933
27.5,14.77374,11.473799669620103
27.5,14.97475,11.494932312463215
27.5,15.17576,11.51544558622853
27.5,15.37677,11.535879018727337
27.5,15.57778,11.55607277873665
27.5,15.77879,11.575876950280755
27.5,15.9798,11.5956713595571
27.5,16.18081,11.614936218996963
27.5,16.38182,11.634161187592118
27.5,16.58283,11.653156406889801
27.5,16.78384,11.671841920505518
27.5,16.98485,11.690517614379413
27.5,17.18586,11.708713647019453
27.5,17.38687,11.726889761284916
27.5,17.58788,11.744846074483693
27.5,17.78889,11.762532607078128
27.5,17.9899,11.780209275112203
27.5,18.19091,11.797446207227566
27.5,18.39192,11.81466320439736
27.5,18.59293,11.83168036158825
27.5,18.79394,11.848447685329752
27.5,18.99495,11.865215108407416
27.5,19.19596,11.8815727430834
27.5,19.39697,11.897910433081346
27.5,19.59798,11.914048244191578
27.5,19.79899,11.929966174374558
27.5,20.0,11.943574463481424
27.8,0.1,1.4362927625486575
27.8,0.3010101,1.9265146032970561
27.8,0.5020202,2.1577791469630396
27.8,0.7030303,2.3189085965842
27.8,0.9040404,2.4574946309504755
27.8,1.105051,2.579768471979558
27.8,1.306061,2.6947530290095845
27.8,1.507071,2.8068233121375066
27.8,1.708081,2.9190567084069783
27.8,1.909091,3.033630741194087
27.8,2.110101,3.149685131938216
27.8,2.311111,3.268039872964261
27.8,2.512121,3.3906940924714415
27.8,2.713131,3.515350634896491
27.8,2.914141,3.6445819209674624
27.8,3.115152,3.778156914299692
27.8,3.316162,3.9164348059738794
27.8,3.517172,4.059898306386764
27.8,3.718182,4.210269551671483
27.8,3.919192,4.368501298205278
27.8,4.120202,4.534423851254044
27.8,4.321212,4.7089904027634475
27.8,4.522222,4.893203131284471
27.8,4.723232,5.089516758102189
27.8,4.924242,5.299542617158819
27.8,5.125253,5.521786957014528
27.8,5.326263,5.756872399570826
27.8,5.527273,6.005247385923391
27.8,5.728283,6.26820726755401
27.8,5.929293,6.5461447078618695
27.8,6.130303,6.835035138641464
27.8,6.331313,7.1335145005617715
27.8,6.532323,7.439873903079724
27.8,6.733333,7.751789512195681
27.8,6.934343,8.064608361310798
27.8,7.135354,8.373587148439702
27.8,7.336364,8.674581023781501
27.8,7.537374,8.963591166578164
27.8,7.738384,9.235486547761633
27.8,7.939394,9.480228372233322
27.8,8.140404,9.701410271550548
27.8,8.341414,9.897785933820579
27.8,8.542424,10.069431262844923
27.8,8.743434,10.217431846078757
27.8,8.944444,10.339132547034662
27.8,9.145455,10.444688494864334
27.8,9.346465,10.53606810471395
27.8,9.547475,10.615369680064791
27.8,9.748485,10.684871436324805
27.8,9.949495,10.7439189153151
27.8,10.15051,10.79592605827367
27.8,10.35152,10.845587781233812
27.8,10.55253,10.89268465111481
27.8,10.75354,10.932481258998237
27.8,10.95455,10.972279152413515
27.8,11.15556,11.007631024073646
27.8,11.35657,11.041684699636377
27.8,11.55758,11.074630257999209
27.8,11.75859,11.104838900089979
27.8,11.9596,11.13505827020724
27.8,12.16061,11.16312016545516
27.8,12.36162,11.190653092083007
27.8,12.56263,11.217567104253042
27.8,12.76364,11.243132764346859
27.8,12.96465,11.268708867573848
27.8,13.16566,11.293046438606071
27.8,13.36667,11.317134595595869
27.8,13.56768,11.340813435169432
27.8,13.76869,11.363723231130173
27.8,13.9697,11.386623324002702
27.8,14.17071,11.408714335498836
27.8,14.37172,11.430655711237405
27.8,14.57273,11.45230754782373
27.8,14.77374,11.473429983500303
27.8,14.97475,11.494562631849965
27.8,15.17576,11.515075896798598
27.8,15.37677,11.535489405909976
27.8,15.57778,11.555673246394552
27.8,15.77879,11.575457489447494
27.8,15.9798,11.595241892475244
27.8,16.18081,11.614516737454858
27.8,16.38182,11.633721755636934
27.8,16.58283,11.652707024976237
27.8,16.78384,11.671382581651285
27.8,16.98485,11.690048261951663
27.8,17.18586,11.70825427699519
27.8,17.38687,11.72641041927495
27.8,17.58788,11.744366758890088
27.8,17.78889,11.76204331275126
27.8,17.9899,11.77971996314755
27.8,18.19091,11.796956876508187
27.8,18.39192,11.814173884576196
27.8,18.59293,11.83118105037189
27.8,18.79394,11.84795837875636
27.8,18.99495,11.864725782840054
27.8,19.19596,11.881073398969622
27.8,19.39697,11.89742108558142
27.8,19.59798,11.912419042189715
27.8,19.79899,11.926017262176522
27.8,20.0,11.939605525844023
28.1,0.1,1.4554141147050281
28.1,0.3010101,1.947607360784192
28.1,0.5020202,2.1789446230718497
28.1,0.7030303,2.3350590809086946
28.1,0.9040404,2.481312488725313
28.1,1.105051,2.6051391670357775
28.1,1.306061,2.721912750705254
28.1,1.507071,2.835751295675872
28.1,1.708081,2.9494555770274973
28.1,1.909091,3.0659678728442556
28.1,2.110101,3.1831440564973215
28.1,2.311111,3.3026635392449757
28.1,2.512121,3.4259144146659293
28.1,2.713131,3.5520599922200016
28.1,2.914141,3.6838940805842224
28.1,3.115152,3.818247911995783
28.1,3.316162,3.9577224359216645
28.1,3.517172,4.101733002606614
28.1,3.718182,4.2520781918456905
28.1,3.919192,4.411466984152613
28.1,4.120202,4.5776344905991
28.1,4.321212,4.7524133502996495
28.1,4.522222,4.936464126151496
28.1,4.723232,5.131676878679161
28.1,4.924242,5.341746322225912
28.1,5.125253,5.563202631628768
28.1,5.326263,5.796613408083165
28.1,5.527273,6.043469295825694
28.1,5.728283,6.303622392276483
28.1,5.929293,6.579450405411572
28.1,6.130303,6.866007424151089
28.1,6.331313,7.160258523773454
28.1,6.532323,7.463660105328294
28.1,6.733333,7.771535058442185
28.1,6.934343,8.08033154321484
28.1,7.135354,8.38625001611635
28.1,7.336364,8.682363405811328
28.1,7.537374,8.96879490960379
28.1,7.738384,9.23820765809271
28.1,7.939394,9.480080747598446
28.1,8.140404,9.699905969308556
28.1,8.341414,9.89495040983586
28.1,8.542424,10.06634404431826
28.1,8.743434,10.214794151028244
28.1,8.944444,10.336135134314551
28.1,9.145455,10.44179146252938
28.1,9.346465,10.53372258753049
28.1,9.547475,10.613346366015016
28.1,9.748485,10.683412920551078
28.1,9.949495,10.736706263726871
28.1,10.15051,10.787862517320347
28.1,10.35152,10.841728105226638
28.1,10.55253,10.891950988189869
28.1,10.75354,10.931918204907582
28.1,10.95455,10.97175631764349
28.1,11.15556,11.00710828776931
28.1,11.35657,11.041222288294053
28.1,11.55758,11.074258223052887
28.1,11.75859,11.104517236342517
28.1,11.9596,11.134736722616369
28.1,12.16061,11.162808665365635
28.1,12.36162,11.190351826513268
28.1,12.56263,11.217286097132162
28.1,12.76364,11.242861984386607
28.1,12.96465,11.26843814565148
28.1,13.16566,11.292775737074715
28.1,13.36667,11.316854052808647
28.1,13.56768,11.34053306647973
28.1,13.76869,11.36342302023068
28.1,13.9697,11.386333141000854
28.1,14.17071,11.408414157374738
28.1,14.37172,11.430345646428833
28.1,14.57273,11.451977605502366
28.1,14.77374,11.473090151919676
28.1,14.97475,11.494222809692044
28.1,15.17576,11.51472606977571
28.1,15.37677,11.535129658826705
28.1,15.57778,11.555293583425085
28.1,15.77879,11.575067901694007
28.1,15.9798,11.594852301890578
28.1,16.18081,11.614117135894782
28.1,16.38182,11.63331220742901
28.1,16.58283,11.652287530857853
28.1,16.78384,11.670943134850516
28.1,16.98485,11.689608804536725
28.1,17.18586,11.707814804984771
28.1,17.38687,11.725970979208434
28.1,17.58788,11.74390734965734
28.1,17.78889,11.761583928999716
28.1,17.9899,11.779260564454221
28.1,18.19091,11.796497461494784
28.1,18.39192,11.813704484990765
28.1,18.59293,11.830711664048234
28.1,18.79394,11.847479002074618
28.1,18.99495,11.864246389325029
28.1,19.19596,11.880603988809717
28.1,19.39697,11.896941679538758
28.1,19.59798,11.913079488428965
28.1,19.79899,11.929017412930028
28.1,20.0,11.94261567162855
9.5,0.1,1.8386835858804833
9.5,0.3010101,3.301542954423199
9.5,0.5020202,3.336302986927297
9.5,0.7030303,3.2480236371327442
9.5,0.9040404,0.5677955564848253
9.5,1.306061,2.2689175711246627
9.5,1.507071,2.316825507230205
9.5,1.708081,2.0292876889667917
9.5,1.909091,1.78756442847173
9.5,2.110101,1.5692210864690703
9.5,2.311111,1.3862729217470722
9.5,2.512121,1.2382146944995691
9.5,2.713131,1.1289382981865
9.5,2.914141,1.053620621427227
9.5,3.115152,1.007626273127324
9.5,3.316162,0.9899124276575733
9.5,3.517172,0.9943424031028175
9.5,3.718182,1.0217025314326442
9.5,3.919192,1.0709496790856217
9.5,4.120202,1.141990605453164
9.5,4.321212,1.2403848340043233
9.5,4.522222,1.3664463707276457
9.5,4.723232,1.5278959248127573
9.5,4.924242,1.7315512124786623
9.5,5.125253,1.9813428864106246
9.5,5.326263,2.30301434979089
9.5,5.527273,2.6736041836765203
9.5,5.728283,3.11779918713996
9.5,5.929293,3.6486998109800375
9.5,6.130303,4.256898110492996
9.5,6.331313,4.940292180314299
9.5,6.532323,5.689934652670528
9.5,6.733333,6.497409094396608
9.5,6.934343,7.315636990766018
9.5,7.135354,8.08000997703412
9.5,7.336364,8.754947095753094
9.5,7.537374,9.305920711596956
9.5,7.738384,9.712704519461282
9.5,7.939394,9.986553934474882
9.5,8.140404,10.190400885183138
9.5,8.341414,10.342003627856224
9.5,8.542424,10.459590534862247
9.5,8.743434,10.552630287098719
9.5,8.944444,10.62748195340016
9.5,9.145455,10.693094917031047
9.5,9.346465,10.751049175054826
9.5,9.547475,10.803404471651177
9.5,9.748485,10.851030804217903
9.5,9.949495,10.889548358620793
9.5,10.15051,10.928776454593411
9.5,10.35152,10.971365140513003
9.5,10.55253,11.008294737258923
9.5,10.75354,11.041454896622863
9.5,10.95455,11.074795711739755
9.5,11.15556,11.105637086266077
9.5,11.35657,11.13557870588942
9.5,11.55758,11.164770612701872
9.5,11.75859,11.192192737440543
9.5,11.9596,11.219765440855072
9.5,12.16061,11.245838297272968
9.5,12.36162,11.27137106806958
9.5,12.56263,11.296393870436935
9.5,12.76364,11.320346574893124
9.5,12.96465,11.344469820307022
9.5,13.16566,11.367572940666411
9.5,13.36667,11.390295729949658
9.5,13.56768,11.412618377881511
9.5,13.76869,11.43422076209662
9.5,13.9697,11.45598367827494
9.5,14.17071,11.476966300058884
9.5,14.37172,11.497658433920416
9.5,14.57273,11.5180203366097
9.5,14.77374,11.53786191981816
9.5,14.97475,11.557844036797885
9.5,15.17576,11.577185797411593
9.5,15.37677,11.596307004594458
9.5,15.57778,11.61514796905443
9.5,15.77879,11.633578645164356
9.5,15.9798,11.652139843351213
9.5,16.18081,11.67016070420455
9.5,16.38182,11.68801102012687
9.5,16.58283,11.705611130532633
9.5,16.78384,11.722901021628969
9.5,16.98485,11.740281404824298
9.5,17.18586,11.757201510174697
9.5,17.38687,11.773991120861657
9.5,17.58788,11.790560581405373
9.5,17.78889,11.80687989486479
9.5,17.9899,11.82326965755861
9.5,18.19091,11.83924921158661
9.5,18.39192,11.855138335669853
9.5,18.59293,11.870837363035626
9.5,18.79394,11.88631630191319
9.5,18.99495,11.901855644349999
9.5,19.19596,11.917024850692677
9.5,19.39697,11.932123681196035
9.5,19.59798,11.94704246923661
9.5,19.79899,11.961781221538283
9.5,20.0,11.9744104752663
9.8,0.1,1.8725721423394472
9.8,0.3010101,2.277914532768
9.8,0.5020202,2.439531672366854
9.8,0.7030303,2.3573260423142424
9.8,1.306061,1.4813649964366509
9.8,1.507071,2.2725354833957936
9.8,1.708081,2.0427136307579383
9.8,1.909091,1.8118158151947905
9.8,2.110101,1.595730763934192
9.8,2.311111,1.410540208639126
9.8,2.512121,1.259559420772261
9.8,2.713131,1.1476626368461957
9.8,2.914141,1.0699649232283694
9.8,3.115152,1.0222160145710988
9.8,3.316162,1.0032565089273247
9.8,3.517172,1.0068979191454683
9.8,3.718182,1.0337592999820746
9.8,3.919192,1.082607734189936
9.8,4.120202,1.1533748205963976
9.8,4.321212,1.2516515142661522
9.8,4.522222,1.377806752265042
9.8,4.723232,1.5396704073969092
9.8,4.924242,1.7442966515797513
9.8,5.125253,1.995748921987604
9.8,5.326263,2.320003396334048
9.8,5.527273,2.692698271615971
9.8,5.728283,3.139276135563043
9.8,5.929293,3.6722185247870827
9.8,6.130303,4.28019527572145
9.8,6.331313,4.960197303557767
9.8,6.532323,5.70490041839678
9.8,6.733333,6.503155746458581
9.8,6.934343,7.308891788043522
9.8,7.135354,8.065150383712009
9.8,7.336364,8.732443286262937
9.8,7.537374,9.2818755302926
9.8,7.738384,9.690945736806267
9.8,7.939394,9.968900889443418
9.8,8.140404,10.175670387363748
9.8,8.341414,10.33085783459967
9.8,8.542424,10.450250791141393
9.8,8.743434,10.544837197631583
9.8,8.944444,10.620775991978071
9.8,9.145455,10.687016440879539
9.8,9.346465,10.745668334096901
9.8,9.547475,10.798371520015783
9.8,9.748485,10.84634588460253
9.8,9.949495,10.889671376823975
9.8,10.15051,10.929187911902268
9.8,10.35152,10.967445234064563
9.8,10.55253,11.004433313567962
9.8,10.75354,11.037822210574888
9.8,10.95455,11.071211677475462
9.8,11.15556,11.102051751067957
9.8,11.35657,11.132142316222284
9.8,11.55758,11.161523323295444
9.8,11.75859,11.189144679182407
9.8,11.9596,11.216756408484752
9.8,12.16061,11.242828321711377
9.8,12.36162,11.268520487357987
9.8,12.56263,11.293732843327684
9.8,12.76364,11.31788522402012
9.8,12.96465,11.342037824596046
9.8,13.16566,11.365140307911622
9.8,13.36667,11.388012886325532
9.8,13.56768,11.41052547452173
9.8,13.76869,11.432317894732101
9.8,13.9697,11.45410042879738
9.8,14.17071,11.475092659750645
9.8,14.37172,11.495924896344349
9.8,14.57273,11.516467031717298
9.8,14.77374,11.536468911538178
9.8,14.97475,11.556470839973093
9.8,15.17576,11.575812393566988
9.8,15.37677,11.595063916439788
9.8,15.57778,11.61405529329916
9.8,15.77879,11.63262641308389
9.8,15.9798,11.651197548398027
9.8,16.18081,11.669218326310077
9.8,16.38182,11.68716907054885
9.8,16.58283,11.704899670689874
9.8,16.78384,11.72229005926294
9.8,16.98485,11.739680451027912
9.8,17.18586,11.75660054915021
9.8,17.38687,11.77347062479524
9.8,17.58788,11.79014058192854
9.8,17.78889,11.806540386221508
9.8,17.9899,11.82293019220534
9.8,18.19091,11.838909780642979
9.8,18.39192,11.854869360140864
9.8,18.59293,11.870628853546517
9.8,18.79394,11.886168247469193
9.8,18.99495,11.901717645694935
9.8,19.19596,11.916876905471334
9.8,19.39697,11.932036167561527
9.8,19.59798,11.945955445407769
9.8,19.79899,11.958574739046739
9.8,20.0,11.971194038117831
10.100000000000001,0.1,1.703533602168035
10.100000000000001,0.3010101,2.621589815558282
10.100000000000001,0.5020202,2.6357556910382556
10.100000000000001,0.7030303,0.8963207430120406
10.100000000000001,0.9040404,0.05600868304880958
10.100000000000001,1.306061,1.6273634555145553
10.100000000000001,1.507071,2.1741146401259277
10.100000000000001,1.708081,2.0021067544025124
10.100000000000001,1.909091,1.803680928845691
10.100000000000001,2.110101,1.6050217630860235
10.100000000000001,2.311111,1.4277516858127897
10.100000000000001,2.512121,1.2795540317105791
10.100000000000001,2.713131,1.1683755846431707
10.100000000000001,2.914141,1.0907438868143027
10.100000000000001,3.115152,1.042822376618464
10.100000000000001,3.316162,1.0236568399369121
10.100000000000001,3.517172,1.027144613649787
10.100000000000001,3.718182,1.0539448177110762
10.100000000000001,3.919192,1.1027626966000381
10.100000000000001,4.120202,1.1735163792022145
10.100000000000001,4.321212,1.2718023190018874
10.100000000000001,4.522222,1.3980359641575595
10.100000000000001,4.723232,1.5601563769427176
10.100000000000001,4.924242,1.765360807141186
10.100000000000001,5.125253,2.017812971436025
10.100000000000001,5.326263,2.344082138443905
10.100000000000001,5.527273,2.7182898089586636
10.100000000000001,5.728283,3.1662491579350482
10.100000000000001,5.929293,3.6996199375945533
10.100000000000001,6.130303,4.306613885166513
10.100000000000001,6.331313,4.981642342694378
10.100000000000001,6.532323,5.720935294322895
10.100000000000001,6.733333,6.509656760802111
10.100000000000001,6.934343,7.302881070469174
10.100000000000001,7.135354,8.051088625069601
10.100000000000001,7.336364,8.710751057422568
10.100000000000001,7.537374,9.258549837943042
10.100000000000001,7.738384,9.669639284407177
10.100000000000001,7.939394,9.951463705296346
10.100000000000001,8.140404,10.161077312850804
10.100000000000001,8.341414,10.319798735599306
10.100000000000001,8.542424,10.44099729766777
10.100000000000001,8.743434,10.537139870402468
10.100000000000001,8.944444,10.614175365971722
10.100000000000001,9.145455,10.681043036303485
10.100000000000001,9.346465,10.7404122067258
10.100000000000001,9.547475,10.793483106787646
10.100000000000001,9.748485,10.84180530343293
10.100000000000001,9.949495,10.880819489583192
10.100000000000001,10.15051,10.919824192121443
10.100000000000001,10.35152,10.96132939144447
10.100000000000001,10.55253,11.000775658160478
10.100000000000001,10.75354,11.03437313925416
10.100000000000001,10.95455,11.067811297490563
10.100000000000001,11.15556,11.098650161016218
10.100000000000001,11.35657,11.128879590571826
10.100000000000001,11.55758,11.158429571155063
10.100000000000001,11.75859,11.186210035405846
10.100000000000001,11.9596,11.21386082241826
10.100000000000001,12.16061,11.239931857715476
10.100000000000001,12.36162,11.26576331907236
10.100000000000001,12.56263,11.291145085773135
10.100000000000001,12.76364,11.315456991870995
10.100000000000001,12.96465,11.339638958302789
10.100000000000001,13.16566,11.362740845245932
10.100000000000001,13.36667,11.385763083267705
10.100000000000001,13.56768,11.408435445518156
10.100000000000001,13.76869,11.43038773209882
10.100000000000001,13.9697,11.452209879831912
10.100000000000001,14.17071,11.473191741858694
10.100000000000001,14.37172,11.49416393405269
10.100000000000001,14.57273,11.514856128159538
10.100000000000001,14.77374,11.535018132991036
10.100000000000001,14.97475,11.555039861496939
10.100000000000001,15.17576,11.574381217525989
10.100000000000001,15.37677,11.593752910173002
10.100000000000001,15.57778,11.612884537638687
10.100000000000001,15.77879,11.631585946316868
10.100000000000001,15.9798,11.65016700654363
10.100000000000001,16.18081,11.668187703948446
10.100000000000001,16.38182,11.686248745970705
10.100000000000001,16.58283,11.704089698360955
10.100000000000001,16.78384,11.721590454983504
10.100000000000001,16.98485,11.738990845280387
10.100000000000001,17.18586,11.755900935331475
10.100000000000001,17.38687,11.77286136638581
10.100000000000001,17.58788,11.789621709080286
10.100000000000001,17.78889,11.806101900391678
10.100000000000001,17.9899,11.822501742490774
10.100000000000001,18.19091,11.838481363163526
10.100000000000001,18.39192,11.854501307776426
10.100000000000001,18.59293,11.870331176797615
10.100000000000001,18.79394,11.885940939785575
10.100000000000001,18.99495,11.901480389487125
10.100000000000001,19.19596,11.916639700434516
10.100000000000001,19.39697,11.931849301426286
10.100000000000001,19.59798,11.946868847149785
10.100000000000001,19.79899,11.961698329223372
10.100000000000001,20.0,11.97432767391433
28.400000000000002,0.1,1.4736370390652656
28.400000000000002,0.3010101,1.9683965617869896
28.400000000000002,0.5020202,2.1987430957099403
28.400000000000002,0.7030303,2.3596966965604493
28.400000000000002,0.9040404,2.504254208475389
28.400000000000002,1.105051,2.6309957093334835
28.400000000000002,1.306061,2.748858927732039
28.400000000000002,1.507071,2.864320225935102
28.400000000000002,1.708081,2.9801347389796895
28.400000000000002,1.909091,3.0972828838279978
28.400000000000002,2.110101,3.2163463665588026
28.400000000000002,2.311111,3.336089554165104
28.400000000000002,2.512121,3.4540559775022786
28.400000000000002,2.713131,3.593570936179208
28.400000000000002,2.914141,3.7263735209854807
28.400000000000002,3.115152,3.8608009248194035
28.400000000000002,3.316162,3.9994851413810966
28.400000000000002,3.517172,4.150452503538923
28.400000000000002,3.718182,4.300439465095962
28.400000000000002,3.919192,4.4585779834206285
28.400000000000002,4.120202,4.623540271194893
28.400000000000002,4.321212,4.796588557140338
28.400000000000002,4.522222,4.987923837702437
28.400000000000002,4.723232,5.1817901244910125
28.400000000000002,4.924242,5.3887358472403735
28.400000000000002,5.125253,5.607543782567333
28.400000000000002,5.326263,5.837369712089624
28.400000000000002,5.527273,6.089684832081152
28.400000000000002,5.728283,6.345892932861806
28.400000000000002,5.929293,6.6172610703592
28.400000000000002,6.130303,6.899908842196864
28.400000000000002,6.331313,7.188203994252779
28.400000000000002,6.532323,7.491216606998058
28.400000000000002,6.733333,7.791634910816592
28.400000000000002,6.934343,8.098030670599972
28.400000000000002,7.135354,8.400805999687218
28.400000000000002,7.336364,8.690622619694711
28.400000000000002,7.537374,8.969388048563582
28.400000000000002,7.738384,9.23141792950643
28.400000000000002,7.939394,9.477647349806034
28.400000000000002,8.140404,9.697797268460954
28.400000000000002,8.341414,9.891562169290172
28.400000000000002,8.542424,10.056515582129835
28.400000000000002,8.743434,10.203448558090813
28.400000000000002,8.944444,10.330827154079625
28.400000000000002,9.145455,10.437923590389637
28.400000000000002,9.346465,10.531086063390168
28.400000000000002,9.547475,10.608711729933571
28.400000000000002,9.748485,10.679199294289521
28.400000000000002,9.949495,10.741556241977849
28.400000000000002,10.15051,10.794082861925558
28.400000000000002,10.35152,10.843882654686329
28.400000000000002,10.55253,10.891108412960557
28.400000000000002,10.75354,10.931075720839914
28.400000000000002,10.95455,10.971113936281528
28.400000000000002,11.15556,11.006696018839332
28.400000000000002,11.35657,11.040840162409864
28.400000000000002,11.55758,11.073876169724851
28.400000000000002,11.75859,11.104135248273316
28.400000000000002,11.9596,11.134405080822635
28.400000000000002,12.16061,11.16252744391887
28.400000000000002,12.36162,11.19008068810967
28.400000000000002,12.56263,11.217014993193148
28.400000000000002,12.76364,11.242590912361937
28.400000000000002,12.96465,11.26817731643451
28.400000000000002,13.16566,11.292515214070956
28.400000000000002,13.36667,11.316593573007395
28.400000000000002,13.56768,11.340262600201081
28.400000000000002,13.76869,11.363162566372498
28.400000000000002,13.9697,11.386052868628065
28.400000000000002,14.17071,11.408114107781815
28.400000000000002,14.37172,11.430035616593575
28.400000000000002,14.57273,11.451667576235199
28.400000000000002,14.77374,11.47278012319521
28.400000000000002,14.97475,11.493892916814369
28.400000000000002,15.17576,11.514366336185361
28.400000000000002,15.37677,11.53476992951792
28.400000000000002,15.57778,11.554933846688252
28.400000000000002,15.77879,11.574698157934515
28.400000000000002,15.9798,11.594462657045565
28.400000000000002,16.18081,11.613707599852278
28.400000000000002,16.38182,11.632902665664982
28.400000000000002,16.58283,11.651877976732651
28.400000000000002,16.78384,11.670533568817975
28.400000000000002,16.98485,11.68917930649264
28.400000000000002,17.18586,11.707365376045114
28.400000000000002,17.38687,11.725521538365228
28.400000000000002,17.58788,11.743457893701292
28.400000000000002,17.78889,11.76113445844041
28.400000000000002,17.9899,11.778801136352108
28.400000000000002,18.19091,11.796028072427692
28.400000000000002,18.39192,11.813235080755094
28.400000000000002,18.59293,11.8302422435672
28.400000000000002,18.79394,11.847009565868706
28.400000000000002,18.99495,11.863776976124335
28.400000000000002,19.19596,11.880124594837065
28.400000000000002,19.39697,11.89647226921286
28.400000000000002,19.59798,11.9126100618151
28.400000000000002,19.79899,11.92853797051497
28.400000000000002,20.0,11.943316094591644
28.7,0.1,1.4915367584333632
28.7,0.3010101,1.9888407893149866
28.7,0.5020202,2.2193096949140405
28.7,0.7030303,2.38364808088381
28.7,0.9040404,2.526694510971971
28.7,1.105051,2.6543076227280102
28.7,1.306061,2.774748383368549
28.7,1.507071,2.8949624401519642
28.7,1.708081,3.0100059428246495
28.7,1.909091,3.1307325400163726
28.7,2.110101,3.2500009362863342
28.7,2.311111,3.3742655977966978
28.7,2.512121,3.49556149399975
28.7,2.713131,3.6300390721326075
28.7,2.914141,3.775070425835693
28.7,3.115152,3.9108842330676716
28.7,3.316162,4.053521026447235
28.7,3.517172,4.199338694865389
28.7,3.718182,4.356643484087395
28.7,3.919192,4.512768681963984
28.7,4.120202,4.679092544997323
28.7,4.321212,4.8562389395052845
28.7,4.522222,5.039389228134823
28.7,4.723232,5.24203886734546
28.7,4.924242,5.442968799893163
28.7,5.125253,5.662930377589897
28.7,5.326263,5.895349737829091
28.7,5.527273,6.136419018988649
28.7,5.728283,6.399063775847034
28.7,5.929293,6.660244706752581
28.7,6.130303,6.941412488194171
28.7,6.331313,7.228355734203061
28.7,6.532323,7.521205036105546
28.7,6.733333,7.818212639771182
28.7,6.934343,8.116110364893634
28.7,7.135354,8.411835607328124
28.7,7.336364,8.696398427312873
28.7,7.537374,8.974260661379633
28.7,7.738384,9.22059805423247
28.7,7.939394,9.471418161774597
28.7,8.140404,9.683208996503806
28.7,8.341414,9.874016989020857
28.7,8.542424,10.04867343711798
28.7,8.743434,10.184123319002778
28.7,8.944444,10.323140145326427
28.7,9.145455,10.426670623480172
28.7,9.346465,10.520153967412268
28.7,9.547475,10.604266800971887
28.7,9.748485,10.671231993408417
28.7,9.949495,10.739371305284681
28.7,10.15051,10.79212891901004
28.7,10.35152,10.842701786992587
28.7,10.55253,10.890118250494684
28.7,10.75354,10.930314563498458
28.7,10.95455,10.970591903885984
28.7,11.15556,11.006204039863446
28.7,11.35657,11.040448191670597
28.7,11.55758,11.073504254013946
28.7,11.75859,11.103803520668327
28.7,11.9596,11.134113519162197
28.7,12.16061,11.162245983651108
28.7,12.36162,11.189819446242844
28.7,12.56263,11.216763821169287
28.7,12.76364,11.242349914407601
28.7,12.96465,11.267926461702677
28.7,13.16566,11.292264435335102
28.7,13.36667,11.316342971687932
28.7,13.56768,11.340022040557914
28.7,13.76869,11.36290214075017
28.7,13.9697,11.385782544519916
28.7,14.17071,11.407843836836975
28.7,14.37172,11.429755476554691
28.7,14.57273,11.451377456839722
28.7,14.77374,11.472480102427896
28.7,14.97475,11.493572964218645
28.7,15.17576,11.514046419071994
28.7,15.37677,11.534430105710712
28.7,15.57778,11.554584028861246
28.7,15.77879,11.574338409982724
28.7,15.9798,11.594092951606125
28.7,16.18081,11.613327916179038
28.7,16.38182,11.632503044988622
28.7,16.58283,11.651478352143217
28.7,16.78384,11.67012399059626
28.7,16.98485,11.68876975149516
28.7,17.18586,11.706945831849158
28.7,17.38687,11.725092033114521
28.7,17.58788,11.743028378328363
28.7,17.78889,11.760694970756571
28.7,17.9899,11.77835165798958
28.7,18.19091,11.795578596686317
28.7,18.39192,11.812785626031859
28.7,18.59293,11.829792775418548
28.7,18.79394,11.846550112263252
28.7,18.99495,11.86331752285105
28.7,19.19596,11.87966513914444
28.7,19.39697,11.896012823396488
28.7,19.59798,11.912150601153135
28.7,19.79899,11.925768818153358
28.7,20.0,11.939367080501684
29.0,0.1,1.5095526357443452
29.0,0.3010101,2.0091130819964995
29.0,0.5020202,2.241080586912961
29.0,0.7030303,2.4051120008013602
29.0,0.9040404,2.545813198524914
29.0,1.105051,2.680126703277658
29.0,1.306061,2.801600340023425
29.0,1.507071,2.928257879209696
29.0,1.708081,3.0512149987732378
29.0,1.909091,3.1673053903257644
29.0,2.110101,3.2893026353382484
29.0,2.311111,3.420196926176999
29.0,2.512121,3.5460963630773237
29.0,2.713131,3.6815108789890565
29.0,2.914141,3.81599406329877
29.0,3.115152,3.9551471335537114
29.0,3.316162,4.097821470180702
29.0,3.517172,4.242191968717049
29.0,3.718182,4.400043347994765
29.0,3.919192,4.557356521449031
29.0,4.120202,4.726528440018142
29.0,4.321212,4.903666906160107
29.0,4.522222,5.083454593712203
29.0,4.723232,5.285170165011588
29.0,4.924242,5.487827990267976
29.0,5.125253,5.709029385578963
29.0,5.326263,5.94114516106855
29.0,5.527273,6.175152266134853
29.0,5.728283,6.434578495677894
29.0,5.929293,6.697230313217831
29.0,6.130303,6.975627200617301
29.0,6.331313,7.261790004068513
29.0,6.532323,7.545228691779732
29.0,6.733333,7.837488741423716
29.0,6.934343,8.134509379507683
29.0,7.135354,8.423136351509305
29.0,7.336364,8.706739473988215
29.0,7.537374,8.979170933466698
29.0,7.738384,9.222434294836473
29.0,7.939394,9.468788357147131
29.0,8.140404,9.676339697046028
29.0,8.341414,9.8667793876934
29.0,8.542424,10.044441949933661
29.0,8.743434,10.179694020575212
29.0,8.944444,10.315153170290825
29.0,9.145455,10.420245506636832
29.0,9.346465,10.513819114985319
29.0,9.547475,10.60143119237226
29.0,9.748485,10.668657658443218
29.0,9.949495,10.735626350872575
29.0,10.15051,10.790324832907611
29.0,10.35152,10.840988137657648
29.0,10.55253,10.889216403111213
29.0,10.75354,10.929732201336135
29.0,10.95455,10.970009631712639
29.0,11.15556,11.005621846963756
29.0,11.35657,11.039906111265777
29.0,11.55758,11.073152391899438
29.0,11.75859,11.103511843559092
29.0,11.9596,11.133831896447177
29.0,12.16061,11.161954410555328
29.0,12.36162,11.18954796783471
29.0,12.56263,11.216522680155238
29.0,12.76364,11.242118946806938
29.0,12.96465,11.267705522304672
29.0,13.16566,11.292043522095597
29.0,13.36667,11.31611213290697
29.0,13.56768,11.339781491297233
29.0,13.76869,11.362651718562168
29.0,13.9697,11.385532133817085
29.0,14.17071,11.407593436827982
29.0,14.37172,11.429495130186146
29.0,14.57273,11.451097335847251
29.0,14.77374,11.472180068353527
29.0,14.97475,11.493272930845288
29.0,15.17576,11.513746386360639
29.0,15.37677,11.534120109766649
29.0,15.57778,11.55424420205562
29.0,15.77879,11.573988638671022
29.0,15.9798,11.593743174067031
29.0,16.18081,11.612978132795007
29.0,16.38182,11.632143284842911
29.0,16.58283,11.651088713438199
29.0,16.78384,11.669724383773955
29.0,16.98485,11.688370134117793
29.0,17.18586,11.70654620446987
29.0,17.38687,11.724682418203928
29.0,17.58788,11.742598845354754
29.0,17.78889,11.760255452471533
29.0,17.9899,11.777922126668502
29.0,18.19091,11.795149053066675
29.0,18.39192,11.812346086383931
29.0,18.59293,11.829343286683223
29.0,18.79394,11.84611062606296
29.0,18.99495,11.862868022708284
29.0,19.19596,11.879225625731076
29.0,19.39697,11.895563307344855
29.0,19.59798,11.911701112653152
29.0,19.79899,11.926489172327075
29.0,20.0,11.940087426394397
29.3,0.1,1.5278709909121977
29.3,0.3010101,2.029888647101423
29.3,0.5020202,2.262706041109365
29.3,0.7030303,2.4278555557686476
29.3,0.9040404,2.5742825149913466
29.3,1.105051,2.7083659529057926
29.3,1.306061,2.8359819445369734
29.3,1.507071,2.963624605172733
29.3,1.708081,3.086697769844233
29.3,1.909091,3.208943325773602
29.3,2.110101,3.3326482463872815
29.3,2.311111,3.4583143002436927
29.3,2.512121,3.583986096891386
29.3,2.713131,3.719139151784934
29.3,2.914141,3.8546287222974747
29.3,3.115152,3.9944772822200023
29.3,3.316162,4.137579882115907
29.3,3.517172,4.281950819923823
29.3,3.718182,4.439856303406634
29.3,3.919192,4.597771294216518
29.3,4.120202,4.767138369311402
29.3,4.321212,4.944207565032296
29.3,4.522222,5.123994461542052
29.3,4.723232,5.325588571215144
29.3,4.924242,5.527190543467265
29.3,5.125253,5.746544932640716
29.3,5.326263,5.976639221576817
29.3,5.527273,6.210646848885394
29.3,5.728283,6.4695465898918325
29.3,5.929293,6.72845367233342
29.3,6.130303,7.0022789417519276
29.3,6.331313,7.284203945763846
29.3,6.532323,7.567644004062055
29.3,6.733333,7.858959983204174
29.3,6.934343,8.150287998449437
29.3,7.135354,8.433478207223605
29.3,7.336364,8.712728747115408
29.3,7.537374,8.985161768615212
29.3,7.738384,9.227700263241617
29.3,7.939394,9.47025323788159
29.3,8.140404,9.67540975573735
29.3,8.341414,9.864429836204314
29.3,8.542424,10.042100154660432
29.3,8.743434,10.177293319439896
29.3,8.944444,10.312494948736969
29.3,9.145455,10.417788281447253
29.3,9.346465,10.511672340123388
29.3,9.547475,10.599274761787216
29.3,9.748485,10.666591841239327
29.3,9.949495,10.73391208612006
29.3,10.15051,10.788951858110778
29.3,10.35152,10.83986605053357
29.3,10.55253,10.888094403674966
29.3,10.75354,10.928710175083173
29.3,10.95455,10.969317324572673
29.3,11.15556,11.005119646338706
29.3,11.35657,11.039514080149884
29.3,11.55758,11.072760430322761
29.3,11.75859,11.103149981469713
29.3,11.9596,11.133530220742403
29.3,12.16061,11.161692936518781
29.3,12.36162,11.189306644814419
29.3,12.56263,11.216291396582621
29.3,12.76364,11.241887750247235
29.3,12.96465,11.267474515225732
29.3,13.16566,11.29181269399582
29.3,13.36667,11.315881426055421
29.3,13.56768,11.33955080384594
29.3,13.76869,11.362421095788058
29.3,13.9697,11.385291660346901
29.3,14.17071,11.407333100367063
29.3,14.37172,11.429234879895295
29.3,14.57273,11.450827092097246
29.3,14.77374,11.471909870476578
29.3,14.97475,11.492982843835312
29.3,15.17576,11.513436399229057
29.3,15.37677,11.53381018040628
29.3,15.57778,11.553924270784611
29.3,15.77879,11.57365873831978
29.3,15.9798,11.593393352426336
29.3,16.18081,11.612618380347994
29.3,16.38182,11.631773568270416
29.3,16.58283,11.650718989380835
29.3,16.78384,11.669344678423665
29.3,16.98485,11.687970481334629
29.3,17.18586,11.706136596268504
29.3,17.38687,11.724272829020219
29.3,17.58788,11.742189245456101
29.3,17.78889,11.75984586147144
29.3,17.9899,11.777492567425304
29.3,18.19091,11.79471951890327
29.3,18.39192,11.811916559089514
29.3,18.59293,11.828903747012673
29.3,18.79394,11.845671087541803
29.3,18.99495,11.862428499388198
29.3,19.19596,11.878776112462551
29.3,19.39697,11.8951137923753
29.3,19.59798,11.911261584715026
29.3,19.79899,11.927189487693012
29.3,20.0,11.943127447775957
29.6,0.1,1.5464910807185048
29.6,0.3010101,2.0511704574684746
29.6,0.5020202,2.2850299047638876
29.6,0.7030303,2.4512789179738843
29.6,0.9040404,2.596423003485718
29.6,1.105051,2.734663197672904
29.6,1.306061,2.864028862293359
29.6,1.507071,2.9920916628469842
29.6,1.708081,3.1153509531803962
29.6,1.909091,3.2390190906126644
29.6,2.110101,3.3649270443032573
29.6,2.311111,3.4939919969358457
29.6,2.512121,3.619845915780118
29.6,2.713131,3.7550025355741203
29.6,2.914141,3.891286124056814
29.6,3.115152,4.031991026932151
29.6,3.316162,4.175921754902838
29.6,3.517172,4.320293119441883
29.6,3.718182,4.478248622627698
29.6,3.919192,4.6367023540862045
29.6,4.120202,4.8062141366603575
29.6,4.321212,4.983175039289402
29.6,4.522222,5.1629632517746264
29.6,4.723232,5.364437106942424
29.6,4.924242,5.564994980119948
29.6,5.125253,5.782565567349647
29.6,5.326263,6.010720612846774
29.6,5.527273,6.244728814573634
29.6,5.728283,6.503130379535489
29.6,5.929293,6.7584865416534505
29.6,6.130303,7.02799202122953
29.6,6.331313,7.3059167059677685
29.6,6.532323,7.58935801781585
29.6,6.733333,7.879786010016282
29.6,6.934343,8.165747562536167
29.6,7.135354,8.443797404476506
29.6,7.336364,8.71892837003056
29.6,7.537374,8.991362726742597
29.6,7.738384,9.233205966182899
29.6,7.939394,9.47211387930269
29.6,8.140404,9.674926408694475
29.6,8.341414,9.862532940101298
29.6,8.542424,10.04019898130545
29.6,8.743434,10.175323125338567
29.6,8.944444,10.310206830187438
29.6,9.145455,10.415641181880146
29.6,9.346465,10.509765815807462
29.6,9.547475,10.59736857265072
29.6,9.748485,10.664756056318609
29.6,9.949495,10.732397061223335
29.6,10.15051,10.787717750644424
29.6,10.35152,10.83883267213954
29.6,10.55253,10.887051166776288
29.6,10.75354,10.927737106590198
29.6,10.95455,10.968624543818146
29.6,11.15556,11.004607163138088
29.6,11.35657,11.03912182903739
29.6,11.55758,11.07236825654158
29.6,11.75859,11.10276792172397
29.6,11.9596,11.133238376194083
29.6,12.16061,11.161451311037215
29.6,12.36162,11.189085181808366
29.6,12.56263,11.216069977663386
29.6,12.76364,11.241666421849994
29.6,12.96465,11.267273378813988
29.6,13.16566,11.291611737151669
29.6,13.36667,11.315680591929988
29.6,13.56768,11.339349992715183
29.6,13.76869,11.362220351561092
29.6,13.9697,11.385081065650303
29.6,14.17071,11.407102643085338
29.6,14.37172,11.428994510515734
29.6,14.57273,11.45058673229779
29.6,14.77374,11.471659558966856
29.6,14.97475,11.49272264425098
29.6,15.17576,11.513156301019444
29.6,15.37677,11.533510142364024
29.6,15.57778,11.553634233446465
29.6,15.77879,11.573358734270048
29.6,15.9798,11.59307342918161
29.6,16.18081,11.612278528704113
29.6,16.38182,11.631423754873428
29.6,16.58283,11.650369171075893
29.6,16.78384,11.668994881193003
29.6,16.98485,11.68760073924096
29.6,17.18586,11.705756901369163
29.6,17.38687,11.723873155842583
29.6,17.58788,11.741799563628222
29.6,17.78889,11.759446190995773
29.6,17.9899,11.777082931285625
29.6,18.19091,11.794299910526961
29.6,18.39192,11.811496959858244
29.6,18.59293,11.82849413720145
29.6,18.79394,11.845251481190722
29.6,18.99495,11.86199891091746
29.6,19.19596,11.878346535348523
29.6,19.39697,11.894684215069724
29.6,19.59798,11.910831996156938
29.6,19.79899,11.92561004580933
29.6,20.0,11.939208302915432
29.900000000000002,0.1,1.5651708329014873
29.900000000000002,0.3010101,2.0727544976838352
29.900000000000002,0.5020202,2.306745973852792
29.900000000000002,0.7030303,2.4750236315207585
29.900000000000002,0.9040404,2.623727316609128
29.900000000000002,1.105051,2.750911948215145
29.900000000000002,1.306061,2.880277955670088
29.900000000000002,1.507071,3.017556725613207
29.900000000000002,1.708081,3.1464661561323624
29.900000000000002,1.909091,3.270399787451598
29.900000000000002,2.110101,3.3961741613091943
29.900000000000002,2.311111,3.5252402323097183
29.900000000000002,2.512121,3.6548758335908733
29.900000000000002,2.713131,3.7915728742270542
29.900000000000002,2.914141,3.927856878500111
29.900000000000002,3.115152,4.068562256396703
29.900000000000002,3.316162,4.2125669068225
29.900000000000002,3.517172,4.358334573339597
29.900000000000002,3.718182,4.516980119736285
29.900000000000002,3.919192,4.67543433406908
29.900000000000002,4.120202,4.84494660416235
29.900000000000002,4.321212,5.0218955261007565
29.900000000000002,4.522222,5.201262348878933
29.900000000000002,4.723232,5.401401787607456
29.900000000000002,4.924242,5.601960062158925
29.900000000000002,5.125253,5.819532113424078
29.900000000000002,5.326263,6.047395770020501
29.900000000000002,5.527273,6.2774429062702435
29.900000000000002,5.728283,6.531556197370956
29.900000000000002,5.929293,6.786913304670098
29.900000000000002,6.130303,7.056418902842234
29.900000000000002,6.331313,7.333607890421104
29.900000000000002,6.532323,7.609137749743123
29.900000000000002,6.733333,7.893371095276453
29.900000000000002,6.934343,8.179333061950455
29.900000000000002,7.135354,8.457384436209356
29.900000000000002,7.336364,8.73160691238711
29.900000000000002,7.537374,8.9962445176442
29.900000000000002,7.738384,9.234053166412584
29.900000000000002,7.939394,9.472962147458253
29.900000000000002,8.140404,9.675775692386313
29.900000000000002,8.341414,9.863016605723674
29.900000000000002,8.542424,10.038258576365596
29.900000000000002,8.743434,10.173024971333101
29.900000000000002,8.944444,10.307899151362927
29.900000000000002,9.145455,10.413343905810068
29.900000000000002,9.346465,10.507538976127902
29.900000000000002,9.547475,10.595662725288621
29.900000000000002,9.748485,10.66337095238784
29.900000000000002,9.949495,10.73100219853035
29.900000000000002,10.15051,10.78632309433399
29.900000000000002,10.35152,10.837508402801044
29.900000000000002,10.55253,10.886177975042802
29.900000000000002,10.75354,10.927114222159219
29.900000000000002,10.95455,10.968001770815674
29.900000000000002,11.15556,11.0039844871499
29.900000000000002,11.35657,11.038539302705933
29.900000000000002,11.55758,11.072016130212331
29.900000000000002,11.75859,11.10249600407267
29.900000000000002,11.9596,11.132956521076569
29.900000000000002,12.16061,11.161169511868565
29.900000000000002,12.36162,11.188823486631762
29.900000000000002,12.56263,11.215858620677587
29.900000000000002,12.76364,11.241465239961531
29.900000000000002,12.96465,11.267072231167008
29.900000000000002,13.16566,11.291420620703171
29.900000000000002,13.36667,11.315489553971037
29.900000000000002,13.56768,11.339149235313517
29.900000000000002,13.76869,11.362009722555234
29.900000000000002,13.9697,11.38487045346452
29.900000000000002,14.17071,11.406892046595104
29.900000000000002,14.37172,11.428773971669713
29.900000000000002,14.57273,11.45034641545816
29.900000000000002,14.77374,11.47139933200048
29.900000000000002,14.97475,11.49246242301642
29.900000000000002,15.17576,11.512896085174752
29.900000000000002,15.37677,11.533239967508061
29.900000000000002,15.57778,11.55333422877557
29.900000000000002,15.77879,11.573048789056884
29.900000000000002,15.9798,11.59276348244329
29.900000000000002,16.18081,11.611958580528926
29.900000000000002,16.38182,11.631103834211691
29.900000000000002,16.58283,11.650019375933578
29.900000000000002,16.78384,11.66862512238081
29.900000000000002,16.98485,11.68724097400875
29.900000000000002,17.18586,11.705397130187487
29.900000000000002,17.38687,11.723503401267385
29.900000000000002,17.58788,11.74139989680567
29.900000000000002,17.78889,11.759046542998236
29.900000000000002,17.9899,11.776683274125261
29.900000000000002,18.19091,11.793900244605508
29.900000000000002,18.39192,11.81108730170951
29.900000000000002,18.59293,11.82807453542993
29.900000000000002,18.79394,11.844831885769503
29.900000000000002,18.99495,11.861579304834438
29.900000000000002,19.19596,11.877926919167253
29.900000000000002,19.39697,11.894264599092576
29.900000000000002,19.59798,11.910402412692784
29.900000000000002,19.79899,11.924020612903803
29.900000000000002,20.0,11.937618857015114
30.2,0.1,1.5835250155000709
30.2,0.3010101,2.0944905983491755
30.2,0.5020202,2.3296547764666187
30.2,0.7030303,2.4904246879549667
30.2,0.9040404,2.6484106308692557
30.2,1.105051,2.7764895198422916
30.2,1.306061,2.907411454550333
30.2,1.507071,3.044884470309802
30.2,1.708081,3.1750116771475057
30.2,1.909091,3.301977535629519
30.2,2.110101,3.428226464322794
30.2,2.311111,3.558404382554595
30.2,2.512121,3.6887393699303743
30.2,2.713131,3.8260656083376188
30.2,2.914141,3.963580633506542
30.2,3.115152,4.104360014488827
30.2,3.316162,4.249336014151084
30.2,3.517172,4.395508607644881
30.2,3.718182,4.554441910298691
30.2,3.919192,4.713335697450413
30.2,4.120202,4.8828321292666885
30.2,4.321212,5.059616796468345
30.2,4.522222,5.238918559716865
30.2,4.723232,5.438410266920139
30.2,4.924242,5.638036380156833
30.2,5.125253,5.855334155573707
30.2,5.326263,6.081014060584352
30.2,5.527273,6.310259574165684
30.2,5.728283,6.562189682317208
30.2,5.929293,6.814624348271288
30.2,6.130303,7.083449354851656
30.2,6.331313,7.356112716130231
30.2,6.532323,7.630097228661536
30.2,6.733333,7.9109485910359085
30.2,6.934343,8.192682086266702
30.2,7.135354,8.469895095746505
30.2,7.336364,8.739342469005642
30.2,7.537374,9.002469514460621
30.2,7.738384,9.237878923490504
30.2,7.939394,9.473985575832012
30.2,8.140404,9.67644855339826
30.2,8.341414,9.861942355801947
30.2,8.542424,10.03667759638108
30.2,8.743434,10.171175681933985
30.2,8.944444,10.305771498654765
30.2,9.145455,10.41126677593494
30.2,9.346465,10.505722707124322
30.2,9.547475,10.593916901496405
30.2,9.748485,10.661845648390536
30.2,9.949495,10.729707391276776
30.2,10.15051,10.785078634402224
30.2,10.35152,10.836494664827145
30.2,10.55253,10.885224514224456
30.2,10.75354,10.92633108280651
30.2,10.95455,10.967388928551525
30.2,11.15556,11.003411793109647
30.2,11.35657,11.038116871524876
30.2,11.55758,11.071623817454492
30.2,11.75859,11.102173887189672
30.2,11.9596,11.132694579128573
30.2,12.16061,11.160917679027321
30.2,12.36162,11.188601871136742
30.2,12.56263,11.21564708316081
30.2,12.76364,11.241273871583925
30.2,12.96465,11.26689100434047
30.2,13.16566,11.291229475028523
30.2,13.36667,11.315298580617034
30.2,13.56768,11.33895831108516
30.2,13.76869,11.361818931639581
30.2,13.9697,11.384669766595637
30.2,14.17071,11.406691419149366
30.2,14.37172,11.42856347610486
30.2,14.57273,11.450125948494751
30.2,14.77374,11.471168967405415
30.2,14.97475,11.492212132055817
30.2,15.17576,11.512645836894498
30.2,15.37677,11.532969817429745
30.2,15.57778,11.553054092743231
30.2,15.77879,11.572758729349365
30.2,15.9798,11.592463472344424
30.2,16.18081,11.611658599731095
30.2,16.38182,11.630783923702662
30.2,16.58283,11.649689469334028
30.2,16.78384,11.66828527011731
30.2,16.98485,11.686891152890798
30.2,17.18586,11.705037327498523
30.2,17.38687,11.723133645999614
30.2,17.58788,11.741030138616702
30.2,17.78889,11.758666820950896
30.2,17.9899,11.77630356900413
30.2,18.19091,11.793510549239171
30.2,18.39192,11.810687635605763
30.2,18.59293,11.827674862220826
30.2,18.79394,11.844422234059879
30.2,18.99495,11.86116965987592
30.2,19.19596,11.877517277562395
30.2,19.39697,11.893854973570356
30.2,19.59798,11.909992777864591
30.2,19.79899,11.925920688796927
30.2,20.0,11.940688792243215
30.5,0.1,1.601744732513315
30.5,0.3010101,2.1163085244448956
30.5,0.5020202,2.3531241587374914
30.5,0.7030303,2.5218621641436663
30.5,0.9040404,2.6704640583618535
30.5,1.105051,2.7917273294489533
30.5,1.306061,2.9301316757391804
30.5,1.507071,3.072363271323308
30.5,1.708081,3.2031385999511968
30.5,1.909091,3.330654734072125
30.5,2.110101,3.4605454344542297
30.5,2.311111,3.591872060374341
30.5,2.512121,3.7222071283159917
30.5,2.713131,3.859533746754295
30.5,2.914141,3.9978075974898917
30.5,3.115152,4.140675957083283
30.5,3.316162,4.286017178567095
30.5,3.517172,4.432190304132978
30.5,3.718182,4.5911243570200595
30.5,3.919192,4.75031130461385
30.5,4.120202,4.919964456274681
30.5,4.321212,5.096667397427981
30.5,4.522222,5.275969640030145
30.5,4.723232,5.475461907684908
30.5,4.924242,5.674296988588836
30.5,5.125253,5.8883608131646055
30.5,5.326263,6.113239313531166
30.5,5.527273,6.342486552173923
30.5,5.728283,6.594416589594065
30.5,5.929293,6.844207483375918
30.5,6.130303,7.105562049902725
30.5,6.331313,7.3767051951350195
30.5,6.532323,7.650692033138421
30.5,6.733333,7.931543943037153
30.5,6.934343,8.20911114060126
30.5,7.135354,8.477559009000375
30.5,7.336364,8.745520987011007
30.5,7.537374,9.008649358582907
30.5,7.738384,9.24406014807711
30.5,7.939394,9.477128789364915
30.5,8.140404,9.675440442277958
30.5,8.341414,9.860421626637445
30.5,8.542424,10.035156572840432
30.5,8.743434,10.169655284864143
30.5,8.944444,10.30388300052118
30.5,9.145455,10.409450161105218
30.5,9.346465,10.503976596911313
30.5,9.547475,10.592171103820885
30.5,9.748485,10.660100113196206
30.5,9.949495,10.728252426017876
30.5,10.15051,10.784084635839113
30.5,10.35152,10.835560937857048
30.5,10.55253,10.884280942622736
30.5,10.75354,10.925397644189522
30.5,10.95455,10.966675887055288
30.5,11.15556,11.002999189341244
30.5,11.35657,11.037734395364833
30.5,11.55758,11.071241426003843
30.5,11.75859,11.101791571188539
30.5,11.9596,11.132402504783485
30.5,12.16061,11.160705938534687
30.5,12.36162,11.188410213315358
30.5,12.56263,11.21544547484256
30.5,12.76364,11.241072308615427
30.5,12.96465,11.266709654112661
30.5,13.16566,11.29105840064879
30.5,13.36667,11.31512755906871
30.5,13.56768,11.338787317241033
30.5,13.76869,11.361647963687046
30.5,13.9697,11.384488973027564
30.5,14.17071,11.406490840588303
30.5,14.37172,11.428352929098686
30.5,14.57273,11.449925415271746
30.5,14.77374,11.470968447451973
30.5,14.97475,11.491991750821361
30.5,15.17576,11.512385618291894
30.5,15.37677,11.532719614972951
30.5,15.57778,11.552803895261418
30.5,15.77879,11.57249853664828
30.5,15.9798,11.592173387157423
30.5,16.18081,11.611348633183221
30.5,16.38182,11.630463962987518
30.5,16.58283,11.649379507422484
30.5,16.78384,11.667975307131885
30.5,16.98485,11.686561270014323
30.5,17.18586,11.704677527483437
30.5,17.38687,11.722783844504756
30.5,17.58788,11.740670332107245
30.5,17.78889,11.758307009527359
30.5,17.9899,11.775923814389897
30.5,18.19091,11.79312084910034
30.5,18.39192,11.810297929534203
30.5,18.59293,11.827285148674711
30.5,18.79394,11.844032513203407
30.5,18.99495,11.860769977500075
30.5,19.19596,11.877117629853952
30.5,19.39697,11.893445317389649
30.5,19.59798,11.909583112823865
30.5,19.79899,11.925521015089162
30.5,20.0,11.939119290287705
30.8,0.1,1.6203873082744795
30.8,0.3010101,2.138133223283094
30.8,0.5020202,2.375954616978365
30.8,0.7030303,2.545531466823389
30.8,0.9040404,2.697314550932361
30.8,1.105051,2.837009151869801
30.8,1.306061,2.9700119828470717
30.8,1.507071,3.103039468548305
30.8,1.708081,3.232825251624055
30.8,1.909091,3.361538348716187
30.8,2.110101,3.4914282975360416
30.8,2.311111,3.6234199049822546
30.8,2.512121,3.755417857787955
30.8,2.713131,3.8940655915299325
30.8,2.914141,4.032952878126802
30.8,3.115152,4.175821756359507
30.8,3.316162,4.321662713858599
30.8,3.517172,4.468661260991975
30.8,3.718182,4.628011177453233
30.8,3.919192,4.787367944798746
30.8,4.120202,4.957021741279362
30.8,4.321212,5.133600359182831
30.8,4.522222,5.31259970939637
30.8,4.723232,5.511016904951116
30.8,4.924242,5.709442767121658
30.8,5.125253,5.923507235968438
30.8,5.326263,6.147033768905917
30.8,5.527273,6.373964983834368
30.8,5.728283,6.622560124947944
30.8,5.929293,6.871161980474957
30.8,6.130303,7.13251675930675
30.8,6.331313,7.400797206535962
30.8,6.532323,7.6703102922624815
30.8,6.733333,7.946232755116863
30.8,6.934343,8.222164727222935
30.8,7.135354,8.490614140866649
30.8,7.336364,8.755442041328825
30.8,7.537374,9.014175613859576
30.8,7.738384,9.246190814580888
30.8,7.939394,9.478219136524956
30.8,8.140404,9.676531787287834
30.8,8.341414,9.860296334440795
30.8,8.542424,10.033585877172175
30.8,8.743434,10.16768664224697
30.8,8.944444,10.301795241032588
30.8,9.145455,10.407372808043492
30.8,9.346465,10.502050057569216
30.8,9.547475,10.590485411899548
30.8,9.748485,10.658724997856662
30.8,9.949495,10.726957628456246
30.8,10.15051,10.782790042849296
30.8,10.35152,10.834446852096736
30.8,10.55253,10.883417394848191
30.8,10.75354,10.92474449714674
30.8,10.95455,10.966072920791344
30.8,11.15556,11.002396326577005
30.8,11.35657,11.037241763047364
30.8,11.55758,11.07088904655616
30.8,11.75859,11.101509425448478
30.8,11.9596,11.13214045997825
30.8,12.16061,11.160453954641383
30.8,12.36162,11.188178414863168
30.8,12.56263,11.215263882021361
30.8,12.76364,11.24090091057552
30.8,12.96465,11.266548322281185
30.8,13.16566,11.290897104709389
30.8,13.36667,11.314966412258064
30.8,13.56768,11.338626334036936
30.8,13.76869,11.361467133376905
30.8,13.9697,11.38431818375252
30.8,14.17071,11.40632007118716
30.8,14.37172,11.428172276251058
30.8,14.57273,11.449724887954572
30.8,14.77374,11.470748036375804
30.8,14.97475,11.491771363088995
30.8,15.17576,11.512165239954104
30.8,15.37677,11.532479325756174
30.8,15.57778,11.552543699618187
30.8,15.77879,11.572218427007185
30.8,15.9798,11.591903288307224
30.8,16.18081,11.61106853671013
30.8,16.38182,11.630173932407537
30.8,16.58283,11.649069544097115
30.8,16.78384,11.66764540487155
30.8,16.98485,11.686231370059716
30.8,17.18586,11.704347624988461
30.8,17.38687,11.722433988597263
30.8,17.58788,11.740320521929407
30.8,17.78889,11.75793724034901
30.8,17.9899,11.775554041813212
30.8,18.19091,11.79275107088272
30.8,18.39192,11.809918182337643
30.8,18.59293,11.826895430994535
30.8,18.79394,11.843632821799769
30.8,18.99495,11.860380279127254
30.8,19.19596,11.876717924021744
30.8,19.39697,11.893045631678563
30.8,19.59798,11.908043597761525
30.8,19.79899,11.92164181755622
30.8,20.0,11.935240076493038
31.1,0.1,1.6384750849369474
31.1,0.3010101,2.1600019882216923
31.1,0.5020202,2.3989194170935053
31.1,0.7030303,2.569277516361362
31.1,0.9040404,2.720123467770698
31.1,1.105051,2.843220363695884
31.1,1.306061,2.9841851339054735
31.1,1.507071,3.1283394520111356
31.1,1.708081,3.262254909335746
31.1,1.909091,3.3922002483979976
31.1,2.110101,3.522090017734665
31.1,2.311111,3.654702039090809
31.1,2.512121,3.7882444644780775
31.1,2.713131,3.9280663371261246
31.1,2.914141,4.067500969275107
31.1,3.115152,4.2103703694495564
31.1,3.316162,4.356654683341459
31.1,3.517172,4.504384611004027
31.1,3.718182,4.66408254132683
31.1,3.919192,4.823582232952194
31.1,4.120202,4.993236759645213
31.1,4.321212,5.169664373246569
31.1,4.522222,5.348320328954883
31.1,4.723232,5.545657139370407
31.1,4.924242,5.74367008580562
31.1,5.125253,5.957735277749006
31.1,5.326263,6.179934341287355
31.1,5.527273,6.404599263656345
31.1,5.728283,6.649957258655972
31.1,5.929293,6.897404344525948
31.1,6.130303,7.158760359653841
31.1,6.331313,7.424271504865511
31.1,6.532323,7.68946238376719
31.1,6.733333,7.960617731269182
31.1,6.934343,8.234969573309767
31.1,7.135354,8.503420514523894
31.1,7.336364,8.765211351074106
31.1,7.537374,9.019683123172058
31.1,7.738384,9.248384600591669
31.1,7.939394,9.479397568715427
31.1,8.140404,9.677710216610397
31.1,8.341414,9.860265046843713
31.1,8.542424,10.032105081840285
31.1,8.743434,10.16577779842373
31.1,8.944444,10.299767264460042
31.1,9.145455,10.405345252169012
31.1,9.346465,10.500163337905509
31.1,9.547475,10.588819556667557
31.1,9.748485,10.657359725095064
31.1,9.949495,10.725672681370597
31.1,10.15051,10.78149530702626
31.1,10.35152,10.833352586650491
31.1,10.55253,10.882563639731211
31.1,10.75354,10.924101165531544
31.1,10.95455,10.965489780510625
31.1,11.15556,11.001803296479897
31.1,11.35657,11.036768983280862
31.1,11.55758,11.070536540262975
31.1,11.75859,11.101247164174936
31.1,11.9596,11.13189830497976
31.1,12.16061,11.160201864586918
31.1,12.36162,11.187966511824753
31.1,12.56263,11.215082186140968
31.1,12.76364,11.240749409121113
31.1,12.96465,11.266396889919475
31.1,13.16566,11.290735711264597
31.1,13.36667,11.314815167980214
31.1,13.56768,11.338475253020745
31.1,13.76869,11.361316204816431
31.1,13.9697,11.384157298727796
31.1,14.17071,11.406159208576382
31.1,14.37172,11.428001530661655
31.1,14.57273,11.449534268119633
31.1,14.77374,11.470547533040884
31.1,14.97475,11.491560885442794
31.1,15.17576,11.511964773773144
31.1,15.37677,11.532258949690654
31.1,15.57778,11.552303418012633
31.1,15.77879,11.571968232359193
31.1,15.9798,11.591643106742247
31.1,16.18081,11.610808359358858
31.1,16.38182,11.629903822386147
31.1,16.58283,11.648769502900425
31.1,16.78384,11.667335426232361
31.1,16.98485,11.685921395590018
31.1,17.18586,11.704037649782725
31.1,17.38687,11.72211406165403
31.1,17.58788,11.739980642540372
31.1,17.78889,11.757587403547202
31.1,17.9899,11.77520420331653
31.1,18.19091,11.792401228325323
31.1,18.39192,11.809558372130493
31.1,18.59293,11.826525650997436
31.1,18.79394,11.843263067947476
31.1,18.99495,11.860000519990487
31.1,19.19596,11.876338158866297
31.1,19.39697,11.892665885540517
31.1,19.59798,11.90879371505948
31.1,19.79899,11.924721645474612
31.1,20.0,11.938329906912356
31.400000000000002,0.1,1.6573709212200345
31.400000000000002,0.3010101,2.182087310538472
31.400000000000002,0.5020202,2.421676234037965
31.400000000000002,0.7030303,2.593522065662263
31.400000000000002,0.9040404,2.746798087363462
31.400000000000002,1.105051,2.8785959994404644
31.400000000000002,1.306061,3.013333099476691
31.400000000000002,1.507071,3.158371038691866
31.400000000000002,1.708081,3.2903333827238876
31.400000000000002,1.909091,3.4208438965192447
31.400000000000002,2.110101,3.5536961524523694
31.400000000000002,2.311111,3.687397722643925
31.400000000000002,2.512121,3.8209389691051054
31.400000000000002,2.713131,3.9607611528189084
31.400000000000002,2.914141,4.100868709710393
31.400000000000002,3.115152,4.2454760603382775
31.400000000000002,3.316162,4.3920830725795375
31.400000000000002,3.517172,4.5398135936151185
31.400000000000002,3.718182,4.699513388987763
31.400000000000002,3.919192,4.859247550145564
31.400000000000002,4.120202,5.028864408858379
31.400000000000002,4.321212,5.205192603458856
31.400000000000002,4.522222,5.383850197764825
31.400000000000002,4.723232,5.581187747368241
31.400000000000002,4.924242,5.778401388942606
31.400000000000002,5.125253,5.989300914605529
31.400000000000002,5.326263,6.210713948313723
31.400000000000002,5.527273,6.4353807105039715
31.400000000000002,5.728283,6.680738738472438
31.400000000000002,5.929293,6.925645850986433
31.400000000000002,6.130303,7.1799764459522315
31.400000000000002,6.331313,7.444019590188226
31.400000000000002,6.532323,7.709210794834383
31.400000000000002,6.733333,7.980367674473862
31.400000000000002,6.934343,8.250750585048912
31.400000000000002,7.135354,8.510977917418758
31.400000000000002,7.336364,8.771329326307828
31.400000000000002,7.537374,9.025803381902577
31.400000000000002,7.738384,9.254505190507565
31.400000000000002,7.939394,9.482587010988404
31.400000000000002,8.140404,9.676875088661868
31.400000000000002,8.341414,9.85892025773716
31.400000000000002,8.542424,10.030763994845195
31.400000000000002,8.743434,10.164437334651936
31.400000000000002,8.944444,10.298008576821676
31.400000000000002,9.145455,10.403558447204182
31.400000000000002,9.346465,10.49843704909228
31.400000000000002,9.547475,10.587093590382688
31.400000000000002,9.748485,10.655634029576108
31.400000000000002,9.949495,10.724237557095181
31.400000000000002,10.15051,10.780531000350853
31.400000000000002,10.35152,10.832458549005473
31.400000000000002,10.55253,10.881659769312233
31.400000000000002,10.75354,10.923207438749996
31.400000000000002,10.95455,10.964806478650088
31.400000000000002,11.15556,11.001400478196265
31.400000000000002,11.35657,11.036396303670132
31.400000000000002,11.55758,11.070163951995186
31.400000000000002,11.75859,11.100874657177371
31.400000000000002,11.9596,11.131616055642823
31.400000000000002,12.16061,11.160019952665708
31.400000000000002,12.36162,11.187794687040626
31.400000000000002,12.56263,11.21491041521581
31.400000000000002,12.76364,11.240567687674021
31.400000000000002,12.96465,11.266235380081266
31.400000000000002,13.16566,11.290594471747138
31.400000000000002,13.36667,11.314673984755022
31.400000000000002,13.56768,11.338334101445687
31.400000000000002,13.76869,11.36116508288949
31.400000000000002,13.9697,11.384006349761888
31.400000000000002,14.17071,11.405988471375807
31.400000000000002,14.37172,11.427830828172848
31.400000000000002,14.57273,11.44936358323111
31.400000000000002,14.77374,11.470376864859706
31.400000000000002,14.97475,11.491370355912583
31.400000000000002,15.17576,11.511744406042572
31.400000000000002,15.37677,11.532038601581345
31.400000000000002,15.57778,11.552083078283465
31.400000000000002,15.77879,11.571737900761022
31.400000000000002,15.9798,11.591392883914915
31.400000000000002,16.18081,11.610528256674977
31.400000000000002,16.38182,11.629623728700862
31.400000000000002,16.58283,11.648489411354655
31.400000000000002,16.78384,11.667055336753705
31.400000000000002,16.98485,11.685611388874358
31.400000000000002,17.18586,11.703717728602392
31.400000000000002,17.38687,11.721784142220404
31.400000000000002,17.58788,11.739650721045145
31.400000000000002,17.78889,11.757257480056301
31.400000000000002,17.9899,11.774864339778151
31.400000000000002,18.19091,11.792041422306664
31.400000000000002,18.39192,11.809198562979397
31.400000000000002,18.59293,11.826165837092743
31.400000000000002,18.79394,11.842903249457365
31.400000000000002,18.99495,11.859630741617782
31.400000000000002,19.19596,11.875958414780877
31.400000000000002,19.39697,11.892286135556692
31.400000000000002,19.59798,11.90841395881097
31.400000000000002,19.79899,11.924341883140288
31.400000000000002,20.0,11.939100015164067
31.7,0.1,1.6754244826028475
31.7,0.3010101,2.204306430461359
31.7,0.5020202,2.445021157627735
31.7,0.7030303,2.6172802912363635
31.7,0.9040404,2.7720314808565383
31.7,1.105051,2.9073519725040957
31.7,1.306061,3.0501029744899117
31.7,1.507071,3.1864447765624075
31.7,1.708081,3.318842592214456
31.7,1.909091,3.4509534686309395
31.7,2.110101,3.584067624192041
31.7,2.311111,3.718969091803804
31.7,2.512121,3.853271599380998
31.7,2.713131,3.9936103816871
31.7,2.914141,4.134719934333837
31.7,3.115152,4.279380653651713
31.7,3.316162,4.426692168670454
31.7,3.517172,4.574716382957539
31.7,3.718182,4.734588037575571
31.7,3.919192,4.894586326144488
31.7,4.120202,5.064174740180928
31.7,4.321212,5.240213212617571
31.7,4.522222,5.4187564960827235
31.7,4.723232,5.615428614608452
31.7,4.924242,5.811687786131062
31.7,5.125253,6.022328550551058
31.7,5.326263,6.241669871275427
31.7,5.527273,6.4655768457616025
31.7,5.728283,6.7089310107219
31.7,5.929293,6.951155316888175
31.7,6.130303,7.204870660465161
31.7,6.331313,7.46482571202225
31.7,6.532323,7.728621090774752
31.7,6.733333,7.996734595224423
31.7,6.934343,8.263313770312836
31.7,7.135354,8.522782722734986
31.7,7.336364,8.778809257911586
31.7,7.537374,9.031914798496334
31.7,7.738384,9.258394229840905
31.7,7.939394,9.483879592182417
31.7,8.140404,9.677825031024163
31.7,8.341414,9.85816291277441
31.7,8.542424,10.029502878222328
31.7,8.743434,10.162857742623753
31.7,8.944444,10.29607046094783
31.7,9.145455,10.401660901274346
31.7,9.346465,10.496700504496545
31.7,9.547475,10.585397537026482
31.7,9.748485,10.654148494619923
31.7,9.949495,10.72298251814802
31.7,10.15051,10.779336261885902
31.7,10.35152,10.83150433644721
31.7,10.55253,10.880775806973807
31.7,10.75354,10.92247383527133
31.7,10.95455,10.96422320736886
31.7,11.15556,11.000857376555022
31.7,11.35657,11.035993504567612
31.7,11.55758,11.06979128946477
31.7,11.75859,11.100572212853358
31.7,11.9596,11.13137380628364
31.7,12.16061,11.15979781797381
31.7,12.36162,11.187612770360012
31.7,12.56263,11.214738583683086
31.7,12.76364,11.240416025136684
31.7,12.96465,11.266103860244147
31.7,13.16566,11.290463036688278
31.7,13.36667,11.314542720158272
31.7,13.56768,11.338202892009981
31.7,13.76869,11.361034006733004
31.7,13.9697,11.383865379325568
31.7,14.17071,11.405847564296057
31.7,14.37172,11.42767005314052
31.7,14.57273,11.449212842471729
31.7,14.77374,11.470196228397446
31.7,14.97475,11.491189796027905
31.7,15.17576,11.51155389344398
31.7,15.37677,11.53182818938282
31.7,15.57778,11.55187268596618
31.7,15.77879,11.571517588118201
31.7,15.9798,11.591152625475932
31.7,16.18081,11.61028803259637
31.7,16.38182,11.629353579140727
31.7,16.58283,11.64822927129396
31.7,16.78384,11.666775255992809
31.7,16.98485,11.685321344532248
31.7,17.18586,11.703417708189095
31.7,17.38687,11.721474174743989
31.7,17.58788,11.739340756012538
31.7,17.78889,11.756937556918377
31.7,17.9899,11.774524439360542
31.7,18.19091,11.791701537058863
31.7,18.39192,11.808848712970347
31.7,18.59293,11.825815984813199
31.7,18.79394,11.842543424469083
31.7,18.99495,11.859270928748959
31.7,19.19596,11.87559860952167
31.7,19.39697,11.891916350407149
31.7,19.59798,11.908044168662467
31.7,19.79899,11.921652404826915
31.7,20.0,11.935240682126597
32.0,0.1,1.6938206302192658
32.0,0.3010101,2.2265766696494995
32.0,0.5020202,2.4687453649013027
32.0,0.7030303,2.641806850357616
32.0,0.9040404,2.794846267669378
32.0,1.105051,2.9204107148602563
32.0,1.306061,3.064133347048359
32.0,1.507071,3.2116453477637585
32.0,1.708081,3.3486687923026888
32.0,1.909091,3.4810733353392496
32.0,2.110101,3.6141859386329087
32.0,2.311111,3.7490881473576967
32.0,2.512121,3.885136963371567
32.0,2.713131,4.0270070862131115
32.0,2.914141,4.168117891228568
32.0,3.115152,4.312779136256101
32.0,3.316162,4.46014218091061
32.0,3.517172,4.609150884200947
32.0,3.718182,4.769361342847175
32.0,3.919192,4.929361381812505
32.0,4.120202,5.098950640883981
32.0,4.321212,5.274954729462282
32.0,4.522222,5.452824769160773
32.0,4.723232,5.648114483830369
32.0,4.924242,5.84437442761975
32.0,5.125253,6.055016045070398
32.0,5.326263,6.274092694562971
32.0,5.527273,6.494373627371021
32.0,5.728283,6.7339717349121235
32.0,5.929293,6.976197169937758
32.0,6.130303,7.229913784991323
32.0,6.331313,7.489254659052535
32.0,6.532323,7.7462548045957105
32.0,6.733333,8.009134416215192
32.0,6.934343,8.27571497797517
32.0,7.135354,8.53518441279038
32.0,7.336364,8.790456550035481
32.0,7.537374,9.03682302217474
32.0,7.738384,9.259753801012984
32.0,7.939394,9.48524018406881
32.0,8.140404,9.679186598040507
32.0,8.341414,9.859175777514638
32.0,8.542424,10.028132272355665
32.0,8.743434,10.160969046584684
32.0,8.944444,10.294192263873095
32.0,9.145455,10.399783135497929
32.0,9.346465,10.494843282520042
32.0,9.547475,10.583861585635754
32.0,9.748485,10.652903162347119
32.0,9.949495,10.72172743985789
32.0,10.15051,10.778091398237057
32.0,10.35152,10.830329753428408
32.0,10.55253,10.88001193164981
32.0,10.75354,10.921910360597428
32.0,10.95455,10.963659866372561
32.0,11.15556,11.00028415252723
32.0,11.35657,11.035460446765184
32.0,11.55758,11.069488665470082
32.0,11.75859,11.100339828789656
32.0,11.9596,11.131141499113463
32.0,12.16061,11.159565579544775
32.0,12.36162,11.187400645106125
32.0,12.56263,11.214596789639051
32.0,12.76364,11.240294405303723
32.0,12.96465,11.265972286579768
32.0,13.16566,11.290331505000198
32.0,13.36667,11.314411272389291
32.0,13.56768,11.338071713250548
32.0,13.76869,11.360902956253328
32.0,13.9697,11.383734356198993
32.0,14.17071,11.405716566604935
32.0,14.37172,11.427539118489989
32.0,14.57273,11.44905212371593
32.0,14.77374,11.470025602352017
32.0,14.97475,11.491019185423852
32.0,15.17576,11.511383297340782
32.0,15.37677,11.531647640703616
32.0,15.57778,11.55166230723804
32.0,15.77879,11.571287274600843
32.0,15.9798,11.59093231930837
32.0,16.18081,11.610057733641318
32.0,16.38182,11.629123314981154
32.0,16.58283,11.64795913766529
32.0,16.78384,11.666495166096135
32.0,16.98485,11.685041256688153
32.0,17.18586,11.7031376222971
32.0,17.38687,11.721184113405707
32.0,17.58788,11.73902079128086
32.0,17.78889,11.756607619568062
32.0,17.9899,11.774204500339275
32.0,18.19091,11.791371596554626
32.0,18.39192,11.808518788601326
32.0,18.59293,11.825466128193275
32.0,18.79394,11.84218358307689
32.0,18.99495,11.858911083391307
32.0,19.19596,11.875238760423011
32.0,19.39697,11.89155651090707
32.0,19.59798,11.907674373887824
32.0,19.79899,11.922442468942664
32.0,20.0,11.936030744862189
32.3,0.1,1.7116389240577399
32.3,0.3010101,2.248776744311171
32.3,0.5020202,2.4922289666619744
32.3,0.7030303,2.6661337135207845
32.3,0.9040404,2.822291649545266
32.3,1.105051,2.9665284155544085
32.3,1.306061,3.1042679176389294
32.3,1.507071,3.242032051457723
32.3,1.708081,3.376618948289985
32.3,1.909091,3.51015227983012
32.3,2.110101,3.6446229554316774
32.3,2.311111,3.780761177658733
32.3,2.512121,3.9169054035655195
32.3,2.713131,4.058782773611256
32.3,2.914141,4.20087069115986
32.3,3.115152,4.346319024598145
32.3,3.316162,4.494274957952365
32.3,3.517172,4.6432832891442
32.3,3.718182,4.803517548181151
32.3,3.919192,4.963757839960988
32.3,4.120202,5.133249031960549
32.3,4.321212,5.3089640026550144
32.3,4.522222,5.486834797904758
32.3,4.723232,5.681999015333935
32.3,4.924242,5.877171523492623
32.3,5.125253,6.086137248239887
32.3,5.326263,6.30344930416094
32.3,5.527273,6.523731172265709
32.3,5.728283,6.762901813062375
32.3,5.929293,7.002078255334325
32.3,6.130303,7.2521647722202935
32.3,6.331313,7.508174470101117
32.3,6.532323,7.76517593945242
32.3,6.733333,8.027322871532213
32.3,6.934343,8.289479675564946
32.3,7.135354,8.5446907519939
32.3,7.336364,8.796540858781151
32.3,7.537374,9.042908580052558
32.3,7.738384,9.265239006744926
32.3,7.939394,9.487582309987669
32.3,8.140404,9.67939851778232
32.3,8.341414,9.858044921817182
32.3,8.542424,10.02701111353416
32.3,8.743434,10.159738776402044
32.3,8.944444,10.292473729132768
32.3,9.145455,10.398025817580235
32.3,9.346465,10.493186815450407
32.3,9.547475,10.582205448909422
32.3,9.748485,10.65130738993851
32.3,9.949495,10.720412268632256
32.3,10.15051,10.777036763257005
32.3,10.35152,10.829465538621697
32.3,10.55253,10.879147890637054
32.3,10.75354,10.921096539097348
32.3,10.95455,10.963046442204856
32.3,11.15556,10.999831058906048
32.3,11.35657,11.035107600242121
32.3,11.55758,11.06912591588594
32.3,11.75859,11.100007214886572
32.3,11.9596,11.130899134946663
32.3,12.16061,11.159373443776856
32.3,12.36162,11.187238678448757
32.3,12.56263,11.214434880425655
32.3,12.76364,11.240142593729654
32.3,12.96465,11.26584066479755
32.3,13.16566,11.290210059351109
32.3,13.36667,11.314299951369177
32.3,13.56768,11.33796042704443
32.3,13.76869,11.360781743471476
32.3,13.9697,11.383613291062481
32.3,14.17071,11.405585637926706
32.3,14.37172,11.427398281617904
32.3,14.57273,11.448911307421119
32.3,14.77374,11.469884841396365
32.3,14.97475,11.49085853841683
32.3,15.17576,11.511202754805797
32.3,15.37677,11.531457164554748
32.3,15.57778,11.55147184228971
32.3,15.77879,11.571086851124614
32.3,15.9798,11.59071198212517
32.3,16.18081,11.609827474578058
32.3,16.38182,11.628873102495449
32.3,16.58283,11.647708930104502
32.3,16.78384,11.666244988562239
32.3,16.98485,11.684771142634954
32.3,17.18586,11.702847564813432
32.3,17.38687,11.720884086948132
32.3,17.58788,11.738730765248901
32.3,17.78889,11.756307614319192
32.3,17.9899,11.773884539858898
32.3,18.19091,11.791051674818778
32.3,18.39192,11.808188885890639
32.3,18.59293,11.825136223088188
32.3,18.79394,11.841853691097985
32.3,18.99495,11.858561221052357
32.3,19.19596,11.874888923224445
32.3,19.39697,11.891196684098517
32.3,19.59798,11.907314542840554
32.3,19.79899,11.923232498144142
32.3,20.0,11.939150504224385
32.6,0.1,1.7293656131951283
32.6,0.3010101,2.2710160604967506
32.6,0.5020202,2.5158435792188216
32.6,0.7030303,2.690514591929714
32.6,0.9040404,2.8455639381970177
32.6,1.105051,2.9753166733656844
32.6,1.306061,3.130482600989069
32.6,1.507071,3.269522303485431
32.6,1.708081,3.404426894867308
32.6,1.909091,3.5389710756315464
32.6,2.110101,3.674660090545355
32.6,2.311111,3.8119167722054863
32.6,2.512121,3.9481483358754006
32.6,2.713131,4.090034916167408
32.6,2.914141,4.233014454020038
32.6,3.115152,4.379176309151276
32.6,3.316162,4.527667478193315
32.6,3.517172,4.676676450703111
32.6,3.718182,4.8369285792590935
32.6,3.919192,4.997361426257401
32.6,4.120202,5.166718886023225
32.6,4.321212,5.342117076041926
32.6,4.522222,5.519987675936829
32.6,4.723232,5.715027507792105
32.6,4.924242,5.909112021917086
32.6,5.125253,6.116427350151024
32.6,5.326263,6.332008267732577
32.6,5.527273,6.552292099924788
32.6,5.728283,6.791045380068068
32.6,5.929293,7.0272583119778265
32.6,6.130303,7.273830204156075
32.6,6.331313,7.526620101627337
32.6,6.532323,7.78362289049416
32.6,6.733333,8.045064172452646
32.6,6.934343,8.302958396778028
32.6,7.135354,8.55405614253535
32.6,7.336364,8.802595194764853
32.6,7.537374,9.048965164914064
32.6,7.738384,9.270711230614275
32.6,7.939394,9.489987410273212
32.6,8.140404,9.679707364968857
32.6,8.341414,9.857021961239822
32.6,8.542424,10.025979861497738
32.6,8.743434,10.158608412247148
32.6,8.944444,10.29084507706749
32.6,9.145455,10.39631838302118
32.6,9.346465,10.491570241660114
32.6,9.547475,10.580579214173355
32.6,9.748485,10.649751526178889
32.6,9.949495,10.719127024942928
32.6,10.15051,10.776002051947788
32.6,10.35152,10.828611240724973
32.6,10.55253,10.87830377031391
32.6,10.75354,10.92030263828156
32.6,10.95455,10.96245292928654
32.6,11.15556,10.999387875786569
32.6,11.35657,11.034754666550693
32.6,11.55758,11.068773082201906
32.6,11.75859,11.099684519512243
32.6,11.9596,11.130656691211158
32.6,12.16061,11.15919122887623
32.6,12.36162,11.187096633618246
32.6,12.56263,11.214282895770614
32.6,12.76364,11.24000070812763
32.6,12.96465,11.265728968368593
32.6,13.16566,11.290108538210463
32.6,13.36667,11.314198555326884
32.6,13.56768,11.337859067868047
32.6,13.76869,11.36068045862985
32.6,13.9697,11.383502153346436
32.6,14.17071,11.405464636101403
32.6,14.37172,11.427277371920747
32.6,14.57273,11.448780420293284
32.6,14.77374,11.46975401057674
32.6,14.97475,11.490717821294234
32.6,15.17576,11.511042142158235
32.6,15.37677,11.531286618995622
32.6,15.57778,11.551291309759403
32.6,15.77879,11.570906361021864
32.6,15.9798,11.59051157874796
32.6,16.18081,11.609607149984692
32.6,16.38182,11.628642825437996
32.6,16.58283,11.647478659463843
32.6,16.78384,11.666004749280088
32.6,16.98485,11.684510967767235
32.6,17.18586,11.702577447561195
32.6,17.38687,11.720614001896916
32.6,17.58788,11.738450682196207
32.6,17.78889,11.756017553435193
32.6,17.9899,11.773584525106582
32.6,18.19091,11.790731700810413
32.6,18.39192,11.80786893249473
32.6,18.59293,11.824816268500676
32.6,18.79394,11.841523751590337
32.6,18.99495,11.858231313765383
32.6,19.19596,11.874549044278572
32.6,19.39697,11.890856817583952
32.6,19.59798,11.906974673048047
32.6,19.79899,11.921732783681385
32.6,20.0,11.935321097366902
32.900000000000006,0.1,1.7474929316464627
32.900000000000006,0.3010101,2.2934524877929015
32.900000000000006,0.5020202,2.5391985473900345
32.900000000000006,0.7030303,2.7153426916875465
32.900000000000006,0.9040404,2.872841451988582
32.900000000000006,1.105051,3.0085147879241823
32.900000000000006,1.306061,3.147526279817906
32.900000000000006,1.507071,3.2944851304275105
32.900000000000006,1.708081,3.4336898461992047
32.900000000000006,1.909091,3.568496426778299
32.900000000000006,2.110101,3.7041846260866174
32.900000000000006,2.311111,3.841440892187783
32.900000000000006,2.512121,3.9791489581924266
32.900000000000006,2.713131,4.122348089306326
32.900000000000006,2.914141,4.265327852725151
32.900000000000006,3.115152,4.41149123430236
32.900000000000006,3.316162,4.560029986165355
32.900000000000006,3.517172,4.709859337978677
32.900000000000006,3.718182,4.870345858547252
32.900000000000006,3.919192,5.030778516641848
32.900000000000006,4.120202,5.200136901509663
32.900000000000006,4.321212,5.37549883597077
32.900000000000006,4.522222,5.552625176278919
32.900000000000006,4.723232,5.746281496485057
32.900000000000006,4.924242,5.9403668769359514
32.900000000000006,5.125253,6.147683152675063
32.900000000000006,5.326263,6.363005557997416
32.900000000000006,5.527273,6.579802745952798
32.900000000000006,5.728283,6.814965914145412
32.900000000000006,5.929293,7.051180011219966
32.900000000000006,6.130303,7.297752193967286
32.900000000000006,6.331313,7.549949999752349
32.900000000000006,6.532323,7.800572588877594
32.900000000000006,6.733333,8.057074311040148
32.900000000000006,6.934343,8.31496989133182
32.900000000000006,7.135354,8.56606907849237
32.900000000000006,7.336364,8.813878684745218
32.900000000000006,7.537374,9.053884569163218
32.900000000000006,7.738384,9.272216881735245
32.900000000000006,7.939394,9.491494063854224
32.900000000000006,8.140404,9.681215977664365
32.900000000000006,8.341414,9.858184846881215
32.900000000000006,8.542424,10.024779136858927
32.900000000000006,8.743434,10.156849548169978
32.900000000000006,8.944444,10.289086719126912
32.900000000000006,9.145455,10.394570462849853
32.900000000000006,9.346465,10.489832875012564
32.900000000000006,9.547475,10.5790931460039
32.900000000000006,9.748485,10.64852610510101
32.900000000000006,9.949495,10.71791186030712
32.900000000000006,10.15051,10.774777107632426
32.900000000000006,10.35152,10.827466576425111
32.900000000000006,10.55253,10.877559770778088
32.900000000000006,10.75354,10.919759024790986
32.900000000000006,10.95455,10.961899454972814
32.900000000000006,11.15556,10.998834522309519
32.900000000000006,11.35657,11.034251482401682
32.900000000000006,11.55758,11.068480332392301
32.900000000000006,11.75859,11.09947201176696
32.900000000000006,11.9596,11.130444263998827
32.900000000000006,12.16061,11.15896887363508
32.900000000000006,12.36162,11.186894393830809
32.900000000000006,12.56263,11.214160982768549
32.900000000000006,12.76364,11.239888969038592
32.900000000000006,12.96465,11.26561727811429
32.900000000000006,13.16566,11.289996892472452
32.900000000000006,13.36667,11.314086994970296
32.900000000000006,13.56768,11.337757769928395
32.900000000000006,13.76869,11.360579288526809
32.900000000000006,13.9697,11.383401013287434
32.900000000000006,14.17071,11.40536352383853
32.900000000000006,14.37172,11.427166324413674
32.900000000000006,14.57273,11.448659583494438
32.900000000000006,14.77374,11.469613267070635
32.900000000000006,14.97475,11.490567095838033
32.900000000000006,15.17576,11.510901433519368
32.900000000000006,15.37677,11.531135959494286
32.900000000000006,15.57778,11.551110817623991
32.900000000000006,15.77879,11.570715935265856
32.900000000000006,15.9798,11.590311163002315
32.900000000000006,16.18081,11.60940674367004
32.900000000000006,16.38182,11.628442455896653
32.900000000000006,16.58283,11.647248420020967
32.900000000000006,16.78384,11.665754555517587
32.900000000000006,16.98485,11.6842707783758
32.900000000000006,17.18586,11.70232726246369
32.900000000000006,17.38687,11.720353843559579
32.900000000000006,17.58788,11.738160622143987
32.900000000000006,17.78889,11.755727522992634
32.900000000000006,17.9899,11.773294495288992
32.900000000000006,18.19091,11.790441671589578
32.900000000000006,18.39192,11.807568921887624
32.900000000000006,18.59293,11.82448632965651
32.900000000000006,18.79394,11.841193830815433
32.900000000000006,18.99495,11.857901391057615
32.900000000000006,19.19596,11.874219119675079
32.900000000000006,19.39697,11.8905169055345
32.900000000000006,19.59798,11.906624810970383
32.900000000000006,19.79899,11.920233079633876
32.900000000000006,20.0,11.933811387142562
33.2,0.1,1.7651034858559145
33.2,0.3010101,2.315960190041351
33.2,0.5020202,2.5630686411845733
33.2,0.7030303,2.739641760937079
33.2,0.9040404,2.898418929786967
33.2,1.105051,3.0347080110510283
33.2,1.306061,3.17486436908051
33.2,1.507071,3.3221590814200654
33.2,1.708081,3.4616697892154784
33.2,1.909091,3.597611679018103
33.2,2.110101,3.7334835367038415
33.2,2.311111,3.8716230055754575
33.2,2.512121,4.00988713846417
33.2,2.713131,4.153477484599789
33.2,2.914141,4.297222478261525
33.2,3.115152,4.4434252834736
33.2,3.316162,4.592484495335957
33.2,3.517172,4.74253197748885
33.2,3.718182,4.903105894563749
33.2,3.919192,5.063671444419858
33.2,4.120202,5.232992613038373
33.2,4.321212,5.407973905394419
33.2,4.522222,5.5849514626556465
33.2,4.723232,5.777942254661043
33.2,4.924242,5.9710713372544815
33.2,5.125253,6.178143183309738
33.2,5.326263,6.391514404220787
33.2,5.527273,6.607596431994029
33.2,5.728283,6.840919728277185
33.2,5.929293,7.074670244833714
33.2,6.130303,7.320688375407408
33.2,6.331313,7.569199224282683
33.2,6.532323,7.818562354441012
33.2,6.733333,8.072341064644712
33.2,6.934343,8.326831366357771
33.2,7.135354,8.577244147924096
33.2,7.336364,8.821141948266753
33.2,7.537374,9.059910304568318
33.2,7.738384,9.276183102986794
33.2,7.939394,9.49305471253661
33.2,8.140404,9.682441945521871
33.2,8.341414,9.857749365787607
33.2,8.542424,10.02385783814409
33.2,8.743434,10.155559707335199
33.2,8.944444,10.287378293427546
33.2,9.145455,10.39288262960991
33.2,9.346465,10.4882260677031
33.2,9.547475,10.577496845885646
33.2,9.748485,10.64713036496691
33.2,9.949495,10.716696659363544
33.2,10.15051,10.773642202156013
33.2,10.35152,10.826572157354159
33.2,10.55253,10.876725599364367
33.2,10.75354,10.919065190320481
33.2,10.95455,10.961355934261563
33.2,11.15556,10.998331179135691
33.2,11.35657,11.033878445654619
33.2,11.55758,11.068137438323841
33.2,11.75859,11.099199340939684
33.2,11.9596,11.13023179372158
33.2,12.16061,11.158776522680348
33.2,12.36162,11.186742260951055
33.2,12.56263,11.214018939262973
33.2,12.76364,11.23977709303578
33.2,12.96465,11.265515545518982
33.2,13.16566,11.289895247213426
33.2,13.36667,11.314005516687534
33.2,13.56768,11.337666350191993
33.2,13.76869,11.360488000182242
33.2,13.9697,11.383309830647297
33.2,14.17071,11.405262407147966
33.2,14.37172,11.42705533753478
33.2,14.57273,11.448548634501943
33.2,14.77374,11.46949242152167
33.2,14.97475,11.49043632824599
33.2,15.17576,11.510760716028011
33.2,15.37677,11.530975342259739
33.2,15.57778,11.550950224068627
33.2,15.77879,11.570535422575821
33.2,15.9798,11.590130706714634
33.2,16.18081,11.609216325156638
33.2,16.38182,11.628232113505478
33.2,16.58283,11.647028091349316
33.2,16.78384,11.66552428863174
33.2,16.98485,11.684030551236654
33.2,17.18586,11.70208706295933
33.2,17.38687,11.720093700222753
33.2,17.58788,11.737900485296777
33.2,17.78889,11.755447431989221
33.2,17.9899,11.77300443090655
33.2,18.19091,11.790151626501231
33.2,18.39192,11.8072689164669
33.2,18.59293,11.82418632576293
33.2,18.79394,11.84088385889292
33.2,18.99495,11.857581435447026
33.2,19.19596,11.87388917639936
33.2,19.39697,11.890186988225523
33.2,19.59798,11.906294892042576
33.2,19.79899,11.922202886795692
33.2,20.0,11.936951063425173
33.5,0.1,1.7835257694835902
33.5,0.3010101,2.3384563756565164
33.5,0.5020202,2.587260761938153
33.5,0.7030303,2.7645883610127795
33.5,0.9040404,2.921558963232573
33.5,1.105051,3.0504369108291325
33.5,1.306061,3.2048016547818716
33.5,1.507071,3.3519882019017606
33.5,1.708081,3.489241261400404
33.5,1.909091,3.625498119291607
33.5,2.110101,3.7632365314905054
33.5,2.311111,3.902030833472631
33.5,2.512121,4.040294438622784
33.5,2.713131,4.183884986541547
33.5,2.914141,4.328054194913135
33.5,3.115152,4.475433790667701
33.5,3.316162,4.6246892827688235
33.5,3.517172,4.774737416618972
33.5,3.718182,4.935311360189236
33.5,3.919192,5.095953204864287
33.5,4.120202,5.264943982743114
33.5,4.321212,5.4397646897900716
33.5,4.522222,5.616743122109481
33.5,4.723232,5.809734944870509
33.5,4.924242,6.0020632951752555
33.5,5.125253,6.20615298942472
33.5,5.326263,6.418813210266191
33.5,5.527273,6.634896264017929
33.5,5.728283,6.868220761419021
33.5,5.929293,7.099749106145761
33.5,6.130303,7.339622938942607
33.5,6.331313,7.586899427271392
33.5,6.532323,7.836263877407591
33.5,6.733333,8.09004408064327
33.5,6.934343,8.341180229750137
33.5,7.135354,8.584458100103895
33.5,7.336364,8.827139494064768
33.5,7.537374,9.065909071240299
33.5,7.738384,9.282184125970078
33.5,7.939394,9.496446367297755
33.5,8.140404,9.682074630710206
33.5,8.341414,9.856894315063283
33.5,8.542424,10.023006492710152
33.5,8.743434,10.154708995955998
33.5,8.944444,10.286019213894734
33.5,9.145455,10.391295395835222
33.5,9.346465,10.486659377243935
33.5,9.547475,10.575930499445022
33.5,9.748485,10.645564309084534
33.5,9.949495,10.715381245467528
33.5,10.15051,10.77274755335445
33.5,10.35152,10.825737771618932
33.5,10.55253,10.875901395310938
33.5,10.75354,10.918241142666314
33.5,10.95455,10.960732274415292
33.5,11.15556,10.997967993812377
33.5,11.35657,11.033545411554359
33.5,11.55758,11.067804507316925
33.5,11.75859,11.098856501674701
33.5,11.9596,11.129989221388247
33.5,12.16061,11.158634285952223
33.5,12.36162,11.186610118734855
33.5,12.56263,11.213886859294004
33.5,12.76364,11.239645070019153
33.5,12.96465,11.265413729270074
33.5,13.16566,11.289813689468168
33.5,13.36667,11.313924020629933
33.5,13.56768,11.3375948930102
33.5,13.76869,11.360406579518193
33.5,13.9697,11.383228576673053
33.5,14.17071,11.405171355268518
33.5,14.37172,11.426964325912058
33.5,14.57273,11.448447647568333
33.5,14.77374,11.469391457824221
33.5,14.97475,11.490325499505515
33.5,15.17576,11.510620044340682
33.5,15.37677,11.530834696102668
33.5,15.57778,11.550809592915764
33.5,15.77879,11.570394805806291
33.5,15.9798,11.5899601985175
33.5,16.18081,11.609015936863146
33.5,16.38182,11.628031740293203
33.5,16.58283,11.646827726610086
33.5,16.78384,11.665323932075715
33.5,16.98485,11.683800280215245
33.5,17.18586,11.701826881120951
33.5,17.38687,11.719833526077435
33.5,17.58788,11.737640315048745
33.5,17.78889,11.755197265465869
33.5,17.9899,11.772734329659912
33.5,18.19091,11.789851588928448
33.5,18.39192,11.806968881417026
33.5,18.59293,11.82388629147009
33.5,18.79394,11.84058382527728
33.5,18.99495,11.857271449176345
33.5,19.19596,11.873569232099596
33.5,19.39697,11.889867043091794
33.5,19.59798,11.90597494555728
33.5,19.79899,11.921882938989919
33.5,20.0,11.935461283731659
33.8,0.1,1.8009041426806738
33.8,0.3010101,2.3607957087432605
33.8,0.5020202,2.6111469370128937
33.8,0.7030303,2.789312669034796
33.8,0.9040404,2.94930505951241
33.8,1.105051,3.097113175882394
33.8,1.306061,3.2382989700190277
33.8,1.507071,3.379510737008225
33.8,1.708081,3.517516553547361
33.8,1.909091,3.6544614863904923
33.8,2.110101,3.792198855879915
33.8,2.311111,3.931348724500787
33.8,2.512121,4.0705035899305155
33.8,2.713131,4.21482566907338
33.8,2.914141,4.35933529539403
33.8,3.115152,4.506715403663411
33.8,3.316162,4.65623805407402
33.8,3.517172,4.806716887002871
33.8,3.718182,4.967396020545369
33.8,3.919192,5.1280803815673
33.8,4.120202,5.297072129271044
33.8,4.321212,5.471650019516289
33.8,4.522222,5.6481488790998835
33.8,4.723232,5.840056549965215
33.8,4.924242,6.03197099840106
33.8,5.125253,6.236061716821395
33.8,5.326263,6.447520183792853
33.8,5.527273,6.661568416333162
33.8,5.728283,6.892092266459003
33.8,5.929293,7.122622778689802
33.8,6.130303,7.362496920132177
33.8,6.331313,7.60744637159863
33.8,6.532323,7.853182311792713
33.8,6.733333,8.102994414583605
33.8,6.934343,8.352814710087644
33.8,7.135354,8.596093995669952
33.8,7.336364,8.836207403123367
33.8,7.537374,9.07135326845306
33.8,7.738384,9.284711276688382
33.8,7.939394,9.498081037442287
33.8,8.140404,9.683710248669541
33.8,8.341414,9.857371989990922
33.8,8.542424,10.02206541025132
33.8,8.743434,10.15321967432367
33.8,8.944444,10.284380722961112
33.8,9.145455,10.389667349597637
33.8,9.346465,10.48506220274142
33.8,9.547475,10.574434239045717
33.8,9.748485,10.644308713571037
33.8,9.949495,10.71419600761353
33.8,10.15051,10.771562538594218
33.8,10.35152,10.824733175369852
33.8,10.55253,10.875127247703677
33.8,10.75354,10.917667379189798
33.8,10.95455,10.96019870655781
33.8,11.15556,10.99742455016987
33.8,11.35657,11.033112232224596
33.8,11.55758,11.067491614387485
33.8,11.75859,11.098633864809708
33.8,11.9596,11.129786701736567
33.8,12.16061,11.158431840355814
33.8,12.36162,11.186447862387883
33.8,12.56263,11.213764809235508
33.8,12.76364,11.239543210465927
33.8,12.96465,11.265321945018409
33.8,13.16566,11.289731951546003
33.8,13.36667,11.313842428623246
33.8,13.56768,11.337513459072927
33.8,13.76869,11.360335292649857
33.8,13.9697,11.38314733941394
33.8,14.17071,11.40509014773292
33.8,14.37172,11.426873233221968
33.8,14.57273,11.448346677514326
33.8,14.77374,11.469280602205144
33.8,14.97475,11.490204676017365
33.8,15.17576,11.510499239634612
33.8,15.37677,11.530703981830646
33.8,15.57778,11.55065897345767
33.8,15.77879,11.570224274601683
33.8,15.9798,11.58978968711459
33.8,16.18081,11.60884543685882
33.8,16.38182,11.62784131081198
33.8,16.58283,11.646627369108645
33.8,16.78384,11.665103641283228
33.8,16.98485,11.683580000577559
33.8,17.18586,11.70160660761773
33.8,17.38687,11.7195933062044
33.8,17.58788,11.737390148313844
33.8,17.78889,11.754927147503436
33.8,17.9899,11.772464216763025
33.8,18.19091,11.78958147847404
33.8,18.39192,11.806688810101717
33.8,18.59293,11.823596257561224
33.8,18.79394,11.840283825198693
33.8,18.99495,11.856971449998152
33.8,19.19596,11.873269232802663
33.8,19.39697,11.88954707009812
33.8,19.59798,11.90451514099241
33.8,19.79899,11.918083442370001
33.8,20.0,11.931651778262326
34.1,0.1,1.8187341196838414
34.1,0.3010101,2.383133524220241
34.1,0.5020202,2.635096655763375
34.1,0.7030303,2.8140108238846833
34.1,0.9040404,2.9727114321852337
34.1,1.105051,3.102657615716455
34.1,1.306061,3.2516057438763837
34.1,1.507071,3.4040550225183863
34.1,1.708081,3.545534790513698
34.1,1.909091,3.683086720192938
34.1,2.110101,3.8208239091105876
34.1,2.311111,3.960290392780502
34.1,2.512121,4.100235786930141
34.1,2.713131,4.24520475000179
34.1,2.914141,4.3900179346797445
34.1,3.115152,4.537398543212315
34.1,3.316162,4.68715549971267
34.1,3.517172,4.8380112892251494
34.1,3.718182,4.998753832551099
34.1,3.919192,5.159464806775115
34.1,4.120202,5.328456562068174
34.1,4.321212,5.502777806259061
34.1,4.522222,5.678778356276147
34.1,4.723232,5.869606193554003
34.1,4.924242,6.061108874452736
34.1,5.125253,6.265200654609478
34.1,5.326263,6.475479590915402
34.1,5.527273,6.687537339452111
34.1,5.728283,6.915337895063644
34.1,5.929293,7.144897699606462
34.1,6.130303,7.384773162726247
34.1,6.331313,7.627471772897842
34.1,6.532323,7.8696994667242945
34.1,6.733333,8.115678630847794
34.1,6.934343,8.36422912296901
34.1,7.135354,8.607509821934217
34.1,7.336364,8.845137257249768
34.1,7.537374,9.076770422097578
34.1,7.738384,9.287286356086728
34.1,7.939394,9.499784633869105
34.1,8.140404,9.68541579905902
34.1,8.341414,9.857929587069162
34.1,8.542424,10.021214234995744
34.1,8.743434,10.15181025236208
34.1,8.944444,10.282812139284827
34.1,9.145455,10.388099216025273
34.1,9.346465,10.483524949256449
34.1,9.547475,10.57297790972242
34.1,9.748485,10.6430830605102
34.1,9.949495,10.713020718405655
34.1,10.15051,10.770387475661263
34.1,10.35152,10.82374853024149
34.1,10.55253,10.874373049577974
34.1,10.75354,10.91709356200359
34.1,10.95455,10.95966508641253
34.1,11.15556,10.996901055826092
34.1,11.35657,11.03268900161987
34.1,11.55758,11.067188668788338
34.1,11.75859,11.098421174107623
34.1,11.9596,11.129584130062282
34.1,12.16061,11.158229344600338
34.1,12.36162,11.186295554950615
34.1,12.56263,11.213652706941872
34.1,12.76364,11.23946129726181
34.1,12.96465,11.265250108266743
34.1,13.16566,11.289650162983142
34.1,13.36667,11.313770784885074
34.1,13.56768,11.337451972029227
34.1,13.76869,11.360263951673273
34.1,13.9697,11.383086048866316
34.1,14.17071,11.405018888391739
34.1,14.37172,11.426802087878519
34.1,14.57273,11.448265653927656
34.1,14.77374,11.469179692276985
34.1,14.97475,11.490103799211152
34.1,15.17576,11.510398382901396
34.1,15.37677,11.53059321524833
34.1,15.57778,11.550528301331132
34.1,15.77879,11.570073690397537
34.1,15.9798,11.589639123850368
34.1,16.18081,11.608694886148939
34.1,16.38182,11.627670830782339
34.1,16.58283,11.646436961275624
34.1,16.78384,11.664893300418699
34.1,16.98485,11.683369671936342
34.1,17.18586,11.701396286251361
34.1,17.38687,11.7193730389732
34.1,17.58788,11.737149934902622
34.1,17.78889,11.754666983638412
34.1,17.9899,11.772204058947048
34.1,18.19091,11.789331324088705
34.1,18.39192,11.806418695933283
34.1,18.59293,11.823316182003518
34.1,18.79394,11.839983784887485
34.1,18.99495,11.856671411517139
34.1,19.19596,11.872969195146798
34.1,19.39697,11.889247061164458
34.1,19.59798,11.905335015118865
34.1,19.79899,11.921233055384397
34.1,20.0,11.934811397909105
34.400000000000006,0.1,1.8359404270088897
34.400000000000006,0.3010101,2.405665619768637
34.400000000000006,0.5020202,2.6587191879382255
34.400000000000006,0.7030303,2.8390604043653807
34.400000000000006,0.9040404,3.0002137843040244
34.400000000000006,1.105051,3.1389156316943785
34.400000000000006,1.306061,3.2810230424256814
34.400000000000006,1.507071,3.433717910257647
34.400000000000006,1.708081,3.572826699865948
34.400000000000006,1.909091,3.710656413689954
34.400000000000006,2.110101,3.8498677450371757
34.400000000000006,2.311111,3.9898912795756147
34.400000000000006,2.512121,4.129835045439859
34.400000000000006,2.713131,4.274805161434633
34.400000000000006,2.914141,4.419988770949375
34.400000000000006,3.115152,4.568294317981441
34.400000000000006,3.316162,4.718222657727892
34.400000000000006,3.517172,4.8690790901513585
34.400000000000006,3.718182,5.029822668718661
34.400000000000006,3.919192,5.19057412918996
34.400000000000006,4.120202,5.35912330530612
34.400000000000006,4.321212,5.533276094976678
34.400000000000006,4.522222,5.709277567301808
34.400000000000006,4.723232,5.900106497229574
34.400000000000006,4.924242,6.090811778122628
34.400000000000006,5.125253,6.292005527530112
34.400000000000006,5.326263,6.5015886270600625
34.400000000000006,5.527273,6.713647441038952
34.400000000000006,5.728283,6.941449235402126
34.400000000000006,5.929293,7.1688712508217085
34.400000000000006,6.130303,7.4029654212261375
34.400000000000006,6.331313,7.644469761123112
34.400000000000006,6.532323,7.886698767067141
34.400000000000006,6.733333,8.132678400809889
34.400000000000006,6.934343,8.378034906870784
34.400000000000006,7.135354,8.614617960134067
34.400000000000006,7.336364,8.851066963289565
34.400000000000006,7.537374,9.082701323138481
34.400000000000006,7.738384,9.293218486324506
34.400000000000006,7.939394,9.5032023347226
34.400000000000006,8.140404,9.685199431500436
34.400000000000006,8.341414,9.85723046804987
34.400000000000006,8.542424,10.020522817635031
34.400000000000006,8.743434,10.15110946975877
34.400000000000006,8.944444,10.281582970845415
34.400000000000006,9.145455,10.386581897537338
34.400000000000006,9.346465,10.482018179312767
34.400000000000006,9.547475,10.571471487386704
34.400000000000006,9.748485,10.641576932521627
34.400000000000006,9.949495,10.711745245477303
34.400000000000006,10.15051,10.76952276831667
34.400000000000006,10.35152,10.822934088184198
34.400000000000006,10.55253,10.873558791728444
34.400000000000006,10.75354,10.916279462449468
34.400000000000006,10.95455,10.959051367233563
34.400000000000006,11.15556,10.996547799684084
34.400000000000006,11.35657,11.032365897979018
34.400000000000006,11.55758,11.066865670302281
34.400000000000006,11.75859,11.098098268817495
34.400000000000006,11.9596,11.12935148901297
34.400000000000006,12.16061,11.158107032203093
34.400000000000006,12.36162,11.18617333846114
34.400000000000006,12.56263,11.213540554247452
34.400000000000006,12.76364,11.239339203098814
34.400000000000006,12.96465,11.265158217550654
34.400000000000006,13.16566,11.289588523904694
34.400000000000006,13.36667,11.313709208662164
34.400000000000006,13.56768,11.337390436304675
34.400000000000006,13.76869,11.36020245379128
34.400000000000006,13.9697,11.383024714443822
34.400000000000006,14.17071,11.404947750646835
34.400000000000006,14.37172,11.426720991796552
34.400000000000006,14.57273,11.448184583960314
34.400000000000006,14.77374,11.469108646980864
34.400000000000006,14.97475,11.49001288666021
34.400000000000006,15.17576,11.51027762393807
34.400000000000006,15.37677,11.53046248336346
34.400000000000006,15.57778,11.55040758596239
34.400000000000006,15.77879,11.569952991035592
34.400000000000006,15.9798,11.589498531698847
34.400000000000006,16.18081,11.608524412349306
34.400000000000006,16.38182,11.627500373675943
34.400000000000006,16.58283,11.646266514330204
34.400000000000006,16.78384,11.664722863250352
34.400000000000006,16.98485,11.683169320218425
34.400000000000006,17.18586,11.70117602365348
34.400000000000006,17.38687,11.719142785794043
34.400000000000006,17.58788,11.736919687259393
34.400000000000006,17.78889,11.754446741379732
34.400000000000006,17.9899,11.771953882979005
34.400000000000006,18.19091,11.789061213345306
34.400000000000006,18.39192,11.806148589339115
34.400000000000006,18.59293,11.823046077729105
34.400000000000006,18.79394,11.839713682872414
34.400000000000006,18.99495,11.856381359530278
34.400000000000006,19.19596,11.87266918960365
34.400000000000006,19.39697,11.88894705627143
34.400000000000006,19.59798,11.905035010244042
34.400000000000006,19.79899,11.920933050555803
34.400000000000006,20.0,11.93566128735708
34.7,0.1,1.8531482052980381
34.7,0.3010101,2.428227031241593
34.7,0.5020202,2.6828019748172336
34.7,0.7030303,2.863573099372038
34.7,0.9040404,3.025834575702693
34.7,1.105051,3.1679791900105085
34.7,1.306061,3.3179233694945913
34.7,1.507071,3.4608894186236023
34.7,1.708081,3.6002098076254034
34.7,1.909091,3.7388187965790594
34.7,2.110101,3.87815752257637
34.7,2.311111,4.018789969198583
34.7,2.512121,4.159121175359846
34.7,2.713131,4.304368949506851
34.7,2.914141,4.4500917833749
34.7,3.115152,4.59842277954802
34.7,3.316162,4.748702344503419
34.7,3.517172,4.8997042161795425
34.7,3.718182,5.060463571696267
34.7,3.919192,5.2212374981282395
34.7,4.120202,5.389743595975839
34.7,4.321212,5.563448491905801
34.7,4.522222,5.739275529142864
34.7,4.723232,5.929445545445182
34.7,4.924242,6.1192043453283755
34.7,5.125253,6.320168900636684
34.7,5.326263,6.527912848207289
34.7,5.527273,6.739297911174082
34.7,5.728283,6.9654125156757045
34.7,5.929293,7.190575813914847
34.7,6.130303,7.424167072239428
34.7,6.331313,7.662337203296737
34.7,6.532323,7.90342699171688
34.7,6.733333,8.146948906522702
34.7,6.934343,8.389230493807085
34.7,7.135354,8.625191112423686
34.7,7.336364,8.85809041693499
34.7,7.537374,9.088601267494662
34.7,7.738384,9.29721181054338
34.7,7.939394,9.504968986705425
34.7,8.140404,9.68664235942823
34.7,8.341414,9.857061858535417
34.7,8.542424,10.01988137344405
34.7,8.743434,10.150059460107075
34.7,8.944444,10.280084351321754
34.7,9.145455,10.385083878803492
34.7,9.346465,10.480531208995036
34.7,9.547475,10.569985036244177
34.7,9.748485,10.640261065876707
34.7,9.949495,10.71058993995766
34.7,10.15051,10.768427759870388
34.7,10.35152,10.82207955982363
34.7,10.55253,10.872754514778345
34.7,10.75354,10.91562551218825
34.7,10.95455,10.958537722352375
34.7,11.15556,10.99606433311245
34.7,11.35657,11.032012731133737
34.7,11.55758,11.06654264876418
34.7,11.75859,11.09784546745244
34.7,11.9596,11.12915888605628
34.7,12.16061,11.157924549211346
34.7,12.36162,11.186051068447142
34.7,12.56263,11.2134283760846
34.7,12.76364,11.239257188731607
34.7,12.96465,11.265086344129106
34.7,13.16566,11.289516737664432
34.7,13.36667,11.31364758435787
34.7,13.56768,11.337328872651618
34.7,13.76869,11.360151017777866
34.7,13.9697,11.382963382321575
34.7,14.17071,11.404886484501239
34.7,14.37172,11.42665985144178
34.7,14.57273,11.448123483944645
34.7,14.77374,11.469027648242339
34.7,14.97475,11.4899219651222
34.7,15.17576,11.51018675319272
34.7,15.37677,11.530351710839067
34.7,15.57778,11.550296839956333
34.7,15.77879,11.569822325108744
34.7,15.9798,11.589357922839962
34.7,16.18081,11.608373842796532
34.7,16.38182,11.627329880032153
34.7,16.58283,11.646096037238891
34.7,16.78384,11.664542448706412
34.7,16.98485,11.68297894708923
34.7,17.18586,11.700975680420495
34.7,17.38687,11.718932500031947
34.7,17.58788,11.736709411011413
34.7,17.78889,11.754216513000637
34.7,17.9899,11.771713683754228
34.7,18.19091,11.788811036314875
34.7,18.39192,11.805888454849931
34.7,18.59293,11.822785947729948
34.7,18.79394,11.839443588933909
34.7,18.99495,11.856111285399887
34.7,19.19596,11.872389131708042
34.7,19.39697,11.888657029539424
34.7,19.59798,11.904744984522718
34.7,19.79899,11.918323331771626
34.7,20.0,11.931881714881182
35.0,0.1,1.87065154772943
35.0,0.3010101,2.4507289503014644
35.0,0.5020202,2.707150932516037
35.0,0.7030303,2.88861207573006
35.0,0.9040404,3.048988210998987
35.0,1.105051,3.1804708083975037
35.0,1.306061,3.3308808210112346
35.0,1.507071,3.4851151105041325
35.0,1.708081,3.6281380755838195
35.0,1.909091,3.7668879538294964
35.0,2.110101,3.906224349221809
35.0,2.311111,4.046856053107682
35.0,2.512121,4.188053570908786
35.0,2.713131,4.3340942212992255
35.0,2.914141,4.4798171536977955
35.0,3.115152,4.628149612713877
35.0,3.316162,4.778452851766653
35.0,3.517172,4.929901828727993
35.0,3.718182,5.090659790013135
35.0,3.919192,5.251435586500549
35.0,4.120202,5.419941702936087
35.0,4.321212,5.593599585142196
35.0,4.522222,5.768551069062529
35.0,4.723232,5.957357275981922
35.0,4.924242,6.147118083228643
35.0,5.125253,6.348082738508899
35.0,5.326263,6.555592537123112
35.0,5.527273,6.763798281415302
35.0,5.728283,6.986746642234599
35.0,5.929293,7.211911147518132
35.0,6.130303,7.445504727752691
35.0,6.331313,7.683171984045111
35.0,6.532323,7.918720159585518
35.0,6.733333,8.158002284848816
35.0,6.934343,8.400285178501727
35.0,7.135354,8.63624617470909
35.0,7.336364,8.86852501307377
35.0,7.537374,9.093451941838419
35.0,7.738384,9.299015509627239
35.0,7.939394,9.50677366405734
35.0,8.140404,9.688447972609772
35.0,8.341414,9.858538693834475
35.0,8.542424,10.019050410292849
35.0,8.743434,10.14860029373073
35.0,8.944444,10.278615704634111
35.0,9.145455,10.383625683274044
35.0,9.346465,10.479063586650637
35.0,9.547475,10.568628759255851
35.0,9.748485,10.639115478414407
35.0,9.949495,10.709444618871043
35.0,10.15051,10.767282666627914
35.0,10.35152,10.8209947495954
35.0,10.55253,10.872060341659624
35.0,10.75354,10.915101704926917
35.0,10.95455,10.958014061678297
35.0,11.15556,10.995540799884148
35.0,11.35657,11.031529369078433
35.0,11.55758,11.066279702637031
35.0,11.75859,11.097652758108486
35.0,11.9596,11.12897626297168
35.0,12.16061,11.157742003206119
35.0,12.36162,11.185878639101732
35.0,12.56263,11.213336258082654
35.0,12.76364,11.23918523824767
35.0,12.96465,11.26502444746089
35.0,13.16566,11.28945489005708
35.0,13.36667,11.313585822105344
35.0,13.56768,11.337287356861594
35.0,13.76869,11.360099624799286
35.0,13.9697,11.382922024042525
35.0,14.17071,11.40484515843429
35.0,14.37172,11.426608590393156
35.0,14.57273,11.448052421406059
35.0,14.77374,11.468946676214602
35.0,14.97475,11.489851015742628
35.0,15.17576,11.510105825245855
35.0,15.37677,11.53027083315995
35.0,15.57778,11.550176121923073
35.0,15.77879,11.569701673255208
35.0,15.9798,11.589227285763902
35.0,16.18081,11.608243219623999
35.0,16.38182,11.62719929580148
35.0,16.58283,11.64592557992955
35.0,16.78384,11.664352038947149
35.0,16.98485,11.682798546297587
35.0,17.18586,11.700785288372275
35.0,17.38687,11.718742137755594
35.0,17.58788,11.736489147568472
35.0,17.78889,11.753976282476497
35.0,17.9899,11.771483458248406
35.0,18.19091,11.788580815625936
35.0,18.39192,11.805648256364949
35.0,18.59293,11.822515824265547
35.0,18.79394,11.839173486904883
35.0,18.99495,11.855841185601435
35.0,19.19596,11.872119034040098
35.0,19.39697,11.8883769475069
35.0,19.59798,11.90445495763191
35.0,19.79899,11.919183176600006
35.0,20.0,11.93274156275397
35.3,0.1,1.88814438231504
35.3,0.3010101,2.4730112694064585
35.3,0.5020202,2.7311254924505945
35.3,0.7030303,2.913396699415165
35.3,0.9040404,3.076713849425132
35.3,1.105051,3.227326220912048
35.3,1.306061,3.3710119630273225
35.3,1.507071,3.5147227632829723
35.3,1.708081,3.655113200951296
35.3,1.909091,3.7944047345536895
35.3,2.110101,3.934397955125249
35.3,2.311111,4.075635526032735
35.3,2.512121,4.216878211218047
35.3,2.713131,4.362922952560428
35.3,2.914141,4.509143267023486
35.3,3.115152,4.657857737924134
35.3,3.316162,4.808434396796981
35.3,3.517172,4.959883986830074
35.3,3.718182,5.120641951585822
35.3,3.919192,5.281405363976599
35.3,4.120202,5.44962892858291
35.3,4.321212,5.622869163111726
35.3,4.522222,5.797822588539647
35.3,4.723232,5.986505759383025
35.3,4.924242,6.175195125733793
35.3,5.125253,6.374635088431205
35.3,5.326263,6.580578297648536
35.3,5.527273,6.788785132340056
35.3,5.728283,7.011373473107771
35.3,5.929293,7.233968191186676
35.3,6.130303,7.464563554052885
35.3,6.331313,7.6995060426925725
35.3,6.532323,7.935055510328284
35.3,6.733333,8.173743047347413
35.3,6.934343,8.41244007894279
35.3,7.135354,8.644914066325
35.3,7.336364,8.874375961824759
35.3,7.537374,9.09930405628965
35.3,7.738384,9.30435313686679
35.3,7.939394,9.509410940962079
35.3,8.140404,9.689158794550872
35.3,8.341414,9.857984557491223
35.3,8.542424,10.018498969947196
35.3,8.743434,10.147919724228567
35.3,8.944444,10.277346778092276
35.3,9.145455,10.382177983021913
35.3,9.346465,10.477616772464454
35.3,9.547475,10.567182294268726
35.3,9.748485,10.637719405712913
35.3,9.949495,10.708259209392367
35.3,10.15051,10.766317788950557
35.3,10.35152,10.820200277617966
35.3,10.55253,10.871266055263995
35.3,10.75354,10.914357635279746
35.3,10.95455,10.957460355497524
35.3,11.15556,10.995127409681682
35.3,11.35657,11.031216222172336
35.3,11.55758,11.065956662397879
35.3,11.75859,11.097359857591298
35.3,11.9596,11.128773606610249
35.3,12.16061,11.157599567303992
35.3,12.36162,11.18577636939666
35.3,12.56263,11.213234053481935
35.3,12.76364,11.239093132812524
35.3,12.96465,11.264952522702574
35.3,13.16566,11.289403131105068
35.3,13.36667,11.313544183785963
35.3,13.56768,11.337245760261535
35.3,13.76869,11.360058102490996
35.3,13.9697,11.382870641011818
35.3,14.17071,11.404793903869468
35.3,14.37172,11.42654742558882
35.3,14.57273,11.447991283913131
35.3,14.77374,11.468885595929844
35.3,14.97475,11.489770044250303
35.3,15.17576,11.510024954047168
35.3,15.37677,11.53017002892441
35.3,15.57778,11.550075335638946
35.3,15.77879,11.56959093155854
35.3,15.9798,11.589106628873068
35.3,16.18081,11.608102640704379
35.3,16.38182,11.627048766308702
35.3,16.58283,11.645775061959903
35.3,16.78384,11.664201555441364
35.3,16.98485,11.68261812828074
35.3,17.18586,11.700594929743078
35.3,17.38687,11.718541814874307
35.3,17.58788,11.736278831673106
35.3,17.78889,11.753775992655044
35.3,17.9899,11.771263217668729
35.3,18.19091,11.78834061915192
35.3,18.39192,11.805398084747443
35.3,18.59293,11.822275656260986
35.3,18.79394,11.838923337981976
35.3,18.99495,11.855571072255284
35.3,19.19596,11.871838951734565
35.3,19.39697,11.88809688139123
35.3,19.59798,11.90417489292299
35.3,19.79899,11.920042985549232
35.3,20.0,11.935921122071733
35.6,0.1,1.9055527252370865
35.6,0.3010101,2.4952442344099524
35.6,0.5020202,2.755086887331232
35.6,0.7030303,2.9380787209121153
35.6,0.9040404,3.0999671486054488
35.6,1.105051,3.235303118393823
35.6,1.306061,3.396946372134492
35.6,1.507071,3.541326090325375
35.6,1.708081,3.681883866550267
35.6,1.909091,3.8216469762805176
35.6,2.110101,3.9622089980612465
35.6,2.311111,4.1039695291908815
35.6,2.512121,4.2452533353434045
35.6,2.713131,4.391302126376191
35.6,2.914141,4.537949986272286
35.6,3.115152,4.686988638731349
35.6,3.316162,4.837790864487869
35.6,3.517172,4.989241066973556
35.6,3.718182,5.149996053490403
35.6,3.919192,5.310711250554757
35.6,4.120202,5.47862743882201
35.6,4.321212,5.651436183029712
35.6,4.522222,5.826390568121009
35.6,4.723232,6.014951740963937
35.6,4.924242,6.202575889436163
35.6,5.125253,6.40051441719685
35.6,5.326263,6.60492426929239
35.6,5.527273,6.813131206081392
35.6,5.728283,7.035369575763009
35.6,5.929293,7.255465776945066
35.6,6.130303,7.483156144042932
35.6,6.331313,7.7154580343247305
35.6,6.532323,7.951008789684448
35.6,6.733333,8.189122750694123
35.6,6.934343,8.424348017027253
35.6,7.135354,8.653444023050477
35.6,7.336364,8.880174979187995
35.6,7.537374,9.105104237585216
35.6,7.738384,9.309651821575669
35.6,7.939394,9.512079242801976
35.6,8.140404,9.689933601434753
35.6,8.341414,9.857509382407871
35.6,8.542424,10.018027496229081
35.6,8.743434,10.147309123228723
35.6,8.944444,10.276137808958797
35.6,9.145455,10.380780241509402
35.6,9.346465,10.476209920614506
35.6,9.547475,10.565765795821529
35.6,9.748485,10.636353301648846
35.6,9.949495,10.707083774743074
35.6,10.15051,10.765372886869491
35.6,10.35152,10.819415781323446
35.6,10.55253,10.870481746511333
35.6,10.75354,10.913623543896326
35.6,10.95455,10.95690662550785
35.6,11.15556,10.99472399275814
35.6,11.35657,11.03090304753151
35.6,11.55758,11.065643595677772
35.6,11.75859,11.097076930846919
35.6,11.9596,11.128570921852296
35.6,12.16061,11.157457100831445
35.6,12.36162,11.18567406797952
35.6,12.56263,11.213131818385195
35.6,12.76364,11.239000996910363
35.6,12.96465,11.264900565062147
35.6,13.16566,11.289361337537132
35.6,13.36667,11.313512509946062
35.6,13.56768,11.337204129273157
35.6,13.76869,11.360026545742244
35.6,13.9697,11.382839221665908
35.6,14.17071,11.404752611632082
35.6,14.37172,11.426506222356275
35.6,14.57273,11.447950109012552
35.6,14.77374,11.46883447852124
35.6,14.97475,11.489719034169957
35.6,15.17576,11.509944043491547
35.6,15.37677,11.530089184994058
35.6,15.57778,11.549994510618598
35.6,15.77879,11.56950015141738
35.6,15.9798,11.588995932942323
35.6,16.18081,11.607982022131855
35.6,16.38182,11.626908197332135
35.6,16.58283,11.645634505409712
35.6,16.78384,11.66405103381315
35.6,16.98485,11.682457671787246
35.6,17.18586,11.700414532711623
35.6,17.38687,11.718351453857398
35.6,17.58788,11.736088478499859
35.6,17.78889,11.75357566616639
35.6,17.9899,11.771042940597445
35.6,18.19091,11.788110386366393
35.6,18.39192,11.805167877252668
35.6,18.59293,11.822035453298534
35.6,18.79394,11.838683154685214
35.6,18.99495,11.8553209250532
35.6,19.19596,11.871578835792208
35.6,19.39697,11.887826782176836
35.6,19.59798,11.903904795851545
35.6,19.79899,11.918623037388281
35.6,20.0,11.932171464615838
35.900000000000006,0.1,1.9227796186901656
35.900000000000006,0.3010101,2.5176395924337323
35.900000000000006,0.5020202,2.7786493640084653
35.900000000000006,0.7030303,2.963032361818328
35.900000000000006,0.9040404,3.127381643900909
35.900000000000006,1.105051,3.2684911380272674
35.900000000000006,1.306061,3.4128421636851187
35.900000000000006,1.507071,3.5652036920309422
35.900000000000006,1.708081,3.709277668659916
35.900000000000006,1.909091,3.8491625362487993
35.900000000000006,2.110101,3.9897231158484563
35.900000000000006,2.311111,4.131482816857842
35.900000000000006,2.512121,4.273447196378709
35.900000000000006,2.713131,4.420113285991445
35.900000000000006,2.914141,4.566761186941792
35.900000000000006,3.115152,4.7158002520885445
35.900000000000006,3.316162,4.866624120423277
35.900000000000006,3.517172,5.0183858620305095
35.900000000000006,3.718182,5.1790627746666535
35.900000000000006,3.919192,5.339779824343318
35.900000000000006,4.120202,5.507696028474182
35.900000000000006,4.321212,5.6804557787618535
35.900000000000006,4.522222,5.854496094228207
35.900000000000006,4.723232,6.041705892840849
35.900000000000006,4.924242,6.229331059658363
35.900000000000006,5.125253,6.42727070721724
35.900000000000006,5.326263,6.631450468942293
35.900000000000006,5.527273,6.836602842145433
35.900000000000006,5.728283,7.055815467095094
35.900000000000006,5.929293,7.275912869501782
35.900000000000006,6.130303,7.503604545700437
35.900000000000006,6.331313,7.7354205783854395
35.900000000000006,6.532323,7.96574023007369
35.900000000000006,6.733333,8.1998265520614
35.900000000000006,6.934343,8.435053088992024
35.900000000000006,7.135354,8.664150430198584
35.900000000000006,7.336364,8.890279881327816
35.900000000000006,7.537374,9.109920184417305
35.900000000000006,7.738384,9.311540701032401
35.900000000000006,7.939394,9.513969075992842
35.900000000000006,8.140404,9.691824351543286
35.900000000000006,8.341414,9.859076329511716
35.900000000000006,8.542424,10.017316548682938
35.900000000000006,8.743434,10.145959944112318
35.900000000000006,8.944444,10.274779146626647
35.900000000000006,9.145455,10.379422030268133
35.900000000000006,9.346465,10.474842282161518
35.900000000000006,9.547475,10.56445950764959
35.900000000000006,9.748485,10.635237708352086
35.900000000000006,9.949495,10.705978447680598
35.900000000000006,10.15051,10.764257789008745
35.900000000000006,10.35152,10.818360965826487
35.900000000000006,10.55253,10.86978756221559
35.900000000000006,10.75354,10.913109720264924
35.900000000000006,10.95455,10.9563929491404
35.900000000000006,11.15556,10.994210444290596
35.900000000000006,11.35657,11.030429669540517
35.900000000000006,11.55758,11.06538062295139
35.900000000000006,11.75859,11.096894190574657
35.900000000000006,11.9596,11.128398268632132
35.900000000000006,12.16061,11.157284525136852
35.900000000000006,12.36162,11.185511608345527
35.900000000000006,12.56263,11.213049660474528
35.900000000000006,12.76364,11.238949003150415
35.900000000000006,12.96465,11.264848626062788
35.900000000000006,13.16566,11.289309448152144
35.900000000000006,13.36667,11.313460705528465
35.900000000000006,13.56768,11.337172562679674
35.900000000000006,13.76869,11.359995099563115
35.900000000000006,13.9697,11.382807811146195
35.900000000000006,14.17071,11.404721234088862
35.900000000000006,14.37172,11.426474909580312
35.900000000000006,14.57273,11.447908987624007
35.900000000000006,14.77374,11.468783446327754
35.900000000000006,14.97475,11.489658025844879
35.900000000000006,15.17576,11.509893057319578
35.900000000000006,15.37677,11.530028249361456
35.900000000000006,15.57778,11.549903729493298
35.900000000000006,15.77879,11.569399436117644
35.900000000000006,15.9798,11.588895233411474
35.900000000000006,16.18081,11.607871337641775
35.900000000000006,16.38182,11.62679755236386
35.900000000000006,16.58283,11.645493984100474
35.900000000000006,16.78384,11.663890560287815
35.900000000000006,16.98485,11.682297208492134
35.900000000000006,17.18586,11.7002540791986
35.900000000000006,17.38687,11.718181031003821
35.900000000000006,17.58788,11.735888152825972
35.900000000000006,17.78889,11.75336537409087
35.900000000000006,17.9899,11.770832654789317
35.900000000000006,18.19091,11.787900106583622
35.900000000000006,18.39192,11.8049476206023
35.900000000000006,18.59293,11.82179527089664
35.900000000000006,18.79394,11.838432994829539
35.900000000000006,18.99495,11.855070768621578
35.900000000000006,19.19596,11.871328682664391
35.900000000000006,19.39697,11.887576645568966
35.900000000000006,19.59798,11.903624714323819
35.900000000000006,19.79899,11.917193106390988
35.900000000000006,20.0,11.930731532194763
36.2,0.1,1.9395210124568032
36.2,0.3010101,2.5400034455261657
36.2,0.5020202,2.802609351187477
36.2,0.7030303,2.987424875562478
36.2,0.9040404,3.1527801686509545
36.2,1.105051,3.2942723521888637
36.2,1.306061,3.4392251443467914
36.2,1.507071,3.591761021938323
36.2,1.708081,3.7359733003654445
36.2,1.909091,3.8763742559184298
36.2,2.110101,4.017018001815063
36.2,2.311111,4.1591708548237305
36.2,2.512121,4.3013827817770265
36.2,2.713131,4.448224712498109
36.2,2.914141,4.595218279329345
36.2,3.115152,4.74427274114057
36.2,3.316162,4.895292294978314
36.2,3.517172,5.047135639365608
36.2,3.718182,5.20776657355543
36.2,3.919192,5.3684094975414185
36.2,4.120202,5.536277665308331
36.2,4.321212,5.708538024159795
36.2,4.522222,5.882384120212421
36.2,4.723232,6.068944417100696
36.2,4.924242,6.255638676899596
36.2,5.125253,6.453362260661265
36.2,5.326263,6.6558126856014885
36.2,5.527273,6.860331618234594
36.2,5.728283,7.077993563320209
36.2,5.929293,7.2960168876596185
36.2,6.130303,7.523252725615378
36.2,6.331313,7.752039130939348
36.2,6.532323,7.981323725696185
36.2,6.733333,8.213181471233607
36.2,6.934343,8.445621290448356
36.2,7.135354,8.674151143857099
36.2,7.336364,8.897048854956934
36.2,7.537374,9.115667597477437
36.2,7.738384,9.315522370196694
36.2,7.939394,9.51588996695396
36.2,8.140404,9.693433475429869
36.2,8.341414,9.859131784176911
36.2,8.542424,10.016915121518988
36.2,8.743434,10.145119917401198
36.2,8.944444,10.273460478982475
36.2,9.145455,10.378103968995699
36.2,9.346465,10.473475275074165
36.2,9.547475,10.563083020613398
36.2,9.748485,10.633991813825515
36.2,9.949495,10.70487312021103
36.2,10.15051,10.763202760335956
36.2,10.35152,10.817526414861433
36.2,10.55253,10.86901326164549
36.2,10.75354,10.912475739260946
36.2,10.95455,10.955889268042585
36.2,11.15556,10.99373694053475
36.2,11.35657,11.030086455991789
36.2,11.55758,11.065077553135126
36.2,11.75859,11.096661334147718
36.2,11.9596,11.128215605630384
36.2,12.16061,11.157121980844211
36.2,12.36162,11.185409269028904
36.2,12.56263,11.21295741225647
36.2,12.76364,11.238886912622268
36.2,12.96465,11.264796672237342
36.2,13.16566,11.289267580328795
36.2,13.36667,11.313438992559368
36.2,13.56768,11.337150910180718
36.2,13.76869,11.359973569652896
36.2,13.9697,11.382786381889861
36.2,14.17071,11.404699870140234
36.2,14.37172,11.426443666211076
36.2,14.57273,11.447877785148538
36.2,14.77374,11.468742341221287
36.2,14.97475,11.489606996153265
36.2,15.17576,11.509832078525225
36.2,15.37677,11.529957365170178
36.2,15.57778,11.549832872917674
36.2,15.77879,11.569308657412684
36.2,15.9798,11.5887945112652
36.2,16.18081,11.607770655303318
36.2,16.38182,11.626676944149425
36.2,16.58283,11.645363394179814
36.2,16.78384,11.663750032149952
36.2,16.98485,11.682146722258308
36.2,17.18586,11.700093624005536
36.2,17.38687,11.718000633101688
36.2,17.58788,11.73570776636446
36.2,17.78889,11.7531650358571
36.2,17.9899,11.77063234688541
36.2,18.19091,11.787699822287287
36.2,18.39192,11.804727379527908
36.2,18.59293,11.821575036386646
36.2,18.79394,11.838202796902998
36.2,18.99495,11.85483059193675
36.2,19.19596,11.871078523528277
36.2,19.39697,11.88731651806141
36.2,19.59798,11.903364589936226
36.2,19.79899,11.91922273837574
36.2,20.0,11.933931049189196
36.5,0.1,1.9560679631308109
36.5,0.3010101,2.5622459941633133
36.5,0.5020202,2.8267787683571504
36.5,0.7030303,3.012255789042616
36.5,0.9040404,3.1756786986595613
36.5,1.105051,3.309274840755543
36.5,1.306061,3.468873751778827
36.5,1.507071,3.6207046453333334
36.5,1.708081,3.7623787221263245
36.5,1.909091,3.902917124321457
36.5,2.110101,4.044388183190234
36.5,2.311111,4.186819365342815
36.5,2.512121,4.329030433572322
36.5,2.713131,4.475872357529868
36.5,2.914141,4.623044758233361
36.5,3.115152,4.772566467022032
36.5,3.316162,4.92364967345369
36.5,3.517172,5.075493577494866
36.5,3.718182,5.236125507033795
36.5,3.919192,5.396693397538183
36.5,4.120202,5.563927219940657
36.5,4.321212,5.735984471470024
36.5,4.522222,5.9098315199229265
36.5,4.723232,6.096392969844726
36.5,4.924242,6.2823095910877615
36.5,5.125253,6.477319019603745
36.5,5.326263,6.679141115959435
36.5,5.527273,6.883661150677328
36.5,5.728283,7.101324362545272
36.5,5.929293,7.317475825358515
36.5,6.130303,7.539614027761727
36.5,6.331313,7.767382463897593
36.5,6.532323,7.9966673166344115
36.5,6.733333,8.228527456572014
36.5,6.934343,8.458217626290287
36.5,7.135354,8.680867043848039
36.5,7.336364,8.902757269116018
36.5,7.537374,9.121377139627375
36.5,7.738384,9.321234068717551
36.5,7.939394,9.519365054463176
36.5,8.140404,9.693537201588002
36.5,8.341414,9.858781692723241
36.5,8.542424,10.016573719029772
36.5,8.743434,10.144769143026085
36.5,8.944444,10.27253126042217
36.5,9.145455,10.376756581263642
36.5,9.346465,10.472118441249508
36.5,9.547475,10.56172653787191
36.5,9.748485,10.632645629476887
36.5,9.949495,10.703687607636327
36.5,10.15051,10.762378010756944
36.5,10.35152,10.816751931152469
36.5,10.55253,10.868238964953589
36.5,10.75354,10.911701603285614
36.5,10.95455,10.95530549757837
36.5,11.15556,10.993403608931086
36.5,11.35657,11.029783275875346
36.5,11.55758,11.064764481173226
36.5,11.75859,11.09634835746798
36.5,11.9596,11.128002879185011
36.5,12.16061,11.157019562230188
36.5,12.36162,11.185316945783363
36.5,12.56263,11.212865155587226
36.5,12.76364,11.2387947164587
36.5,12.96465,11.264744666605454
36.5,13.16566,11.289245808099102
36.5,13.36667,11.313417283505785
36.5,13.56768,11.337129244332663
36.5,13.76869,11.35995194396689
36.5,13.9697,11.382774908384752
36.5,14.17071,11.404678578826989
36.5,14.37172,11.426422417649018
36.5,14.57273,11.447846565620745
36.5,14.77374,11.468711149131652
36.5,14.97475,11.489575927993458
36.5,15.17576,11.50977115374467
36.5,15.37677,11.529896469417338
36.5,15.57778,11.549761996964467
36.5,15.77879,11.569247800247727
36.5,15.9798,11.588703755774626
36.5,16.18081,11.607650012141374
36.5,16.38182,11.626556320351634
36.5,16.58283,11.645252783660098
36.5,16.78384,11.663639434492183
36.5,16.98485,11.682006207260624
36.5,17.18586,11.699933195768224
36.5,17.38687,11.717830217269265
36.5,17.58788,11.73554735928452
36.5,17.78889,11.753004637336803
36.5,17.9899,11.770442014505713
36.5,18.19091,11.787479555672457
36.5,18.39192,11.804517120199785
36.5,18.59293,11.821354782602187
36.5,18.79394,11.837982548476912
36.5,18.99495,11.854600395467628
36.5,19.19596,11.870828376073023
36.5,19.39697,11.8870663743302
36.5,19.59798,11.903114449270333
36.5,19.79899,11.91897260074046
36.5,20.0,11.93251107856329
36.8,0.1,1.9730445188795513
36.8,0.3010101,2.584206107558188
36.8,0.5020202,2.8505081530283145
36.8,0.7030303,3.036796980502943
36.8,0.9040404,3.2031310887965696
36.8,1.105051,3.35602480858194
36.8,1.306061,3.5015185653060774
36.8,1.507071,3.647037063687229
36.8,1.708081,3.789042422271027
36.8,1.909091,3.9298854523444997
36.8,2.110101,4.071353990308682
36.8,2.311111,4.213934840254604
36.8,2.512121,4.356520963221865
36.8,2.713131,4.503668556209429
36.8,2.914141,4.650982804057257
36.8,3.115152,4.800503868655821
36.8,3.316162,4.951673757965025
36.8,3.517172,5.103645366939445
36.8,3.718182,5.264163411191129
36.8,3.919192,5.424686179015759
36.8,4.120202,5.5919199947224305
36.8,4.321212,5.763668100662966
36.8,4.522222,5.936941706144586
36.8,4.723232,6.122451404612417
36.8,4.924242,6.307965709798987
36.8,5.125253,6.502977261180064
36.8,5.326263,6.703735690949038
36.8,5.527273,6.906470543558152
36.8,5.728283,7.121773729874506
36.8,5.929293,7.337082918815962
36.8,6.130303,7.559222407635654
36.8,6.331313,7.785072628246694
36.8,6.532323,8.011369101648832
36.8,6.733333,8.239972722286998
36.8,6.934343,8.468584157720175
36.8,7.135354,8.691235868059465
36.8,7.336364,8.911000035593286
36.8,7.537374,9.126604124310939
36.8,7.738384,9.323960720635156
36.8,7.939394,9.521327109353603
36.8,8.140404,9.695499149814275
36.8,8.341414,9.85966551758322
36.8,8.542424,10.01611260195247
36.8,8.743434,10.143689698968217
36.8,8.944444,10.271272627781965
36.8,9.145455,10.375498397530986
36.8,9.346465,10.470821143364198
36.8,9.547475,10.560420173256826
36.8,9.748485,10.631509956005043
36.8,9.949495,10.702602302511293
36.8,10.15051,10.761292932893156
36.8,10.35152,10.815827266262303
36.8,10.55253,10.867514737374522
36.8,10.75354,10.911157738893012
36.8,10.95455,10.95480182786473
36.8,11.15556,10.992900066776434
36.8,11.35657,11.029389984682876
36.8,11.55758,11.064491459329341
36.8,11.75859,11.096165575448742
36.8,11.9596,11.127830214968306
36.8,12.16061,11.156846975475803
36.8,12.36162,11.185194536639909
36.8,12.56263,11.212792938034825
36.8,12.76364,11.238752674759688
36.8,12.96465,11.26470270120987
36.8,13.16566,11.289203892665775
36.8,13.36667,11.313385503214006
36.8,13.56768,11.337117609139957
36.8,13.76869,11.359930443981545
36.8,13.9697,11.382753459557378
36.8,14.17071,11.40465716342288
36.8,14.37172,11.426401108647879
36.8,14.57273,11.447825369744832
36.8,14.77374,11.468680059064688
36.8,14.97475,11.489534872857254
36.8,15.17576,11.509730121502557
36.8,15.37677,11.52984552229906
36.8,15.57778,11.549701138845505
36.8,15.77879,11.569157025629918
36.8,15.9798,11.58862300456716
36.8,16.18081,11.6075692766919
36.8,16.38182,11.626455653128005
36.8,16.58283,11.645132186261757
36.8,16.78384,11.663498902420537
36.8,16.98485,11.68186569065084
36.8,17.18586,11.699792689843644
36.8,17.38687,11.717679765396566
36.8,17.58788,11.735366961500644
36.8,17.78889,11.752814289883665
36.8,17.9899,11.770251676636617
36.8,18.19091,11.78728922481376
36.8,18.39192,11.80430683157773
36.8,18.59293,11.821144535108326
36.8,18.79394,11.83775233939625
36.8,18.99495,11.854370191813281
36.8,19.19596,11.870598176643007
36.8,19.39697,11.886826207599205
36.8,19.59798,11.90173444621924
36.8,19.79899,11.915252890419623
36.8,20.0,11.928781364063392
37.1,0.1,1.9893526143919424
37.1,0.3010101,2.606063913320687
37.1,0.5020202,2.8741694659119603
37.1,0.7030303,3.061176849181362
37.1,0.9040404,3.2260042760848315
37.1,1.105051,3.3602970602947337
37.1,1.306061,3.513465066059061
37.1,1.507071,3.670307947728152
37.1,1.708081,3.815426943856477
37.1,1.909091,3.9565285646233863
37.1,2.110101,4.097995523776565
37.1,2.311111,4.240700002951095
37.1,2.512121,4.383594139882029
37.1,2.713131,4.530986448859429
37.1,2.914141,4.678414542333151
37.1,3.115152,4.827936934846534
37.1,3.316162,4.979167544265291
37.1,3.517172,5.131221925869861
37.1,3.718182,5.29159516505244
37.1,3.919192,5.452059839351326
37.1,4.120202,5.6192946434025135
37.1,4.321212,5.790724676772958
37.1,4.522222,5.96341295454568
37.1,4.723232,6.147878077047782
37.1,4.924242,6.332995129074569
37.1,5.125253,6.528007805899052
37.1,5.326263,6.727724703780969
37.1,5.527273,6.928714565644054
37.1,5.728283,7.141719920780694
37.1,5.929293,7.356208898801176
37.1,6.130303,7.578349669181405
37.1,6.331313,7.802338760740321
37.1,6.532323,8.025736970203196
37.1,6.733333,8.251187127613
37.1,6.934343,8.478753846239112
37.1,7.135354,8.701406837219901
37.1,7.336364,8.919108945992209
37.1,7.537374,9.131785242883625
37.1,7.738384,9.326705463593933
37.1,7.939394,9.523325243274083
37.1,8.140404,9.697498176211006
37.1,8.341414,9.860601392944957
37.1,8.542424,10.015721504028491
37.1,8.743434,10.142670259435926
37.1,8.944444,10.270063998371528
37.1,9.145455,10.37430021842196
37.1,9.346465,10.469573847763593
37.1,9.547475,10.559153809604474
37.1,9.748485,10.630404284558427
37.1,9.949495,10.70153699921611
37.1,10.15051,10.760227858724955
37.1,10.35152,10.81491260435359
37.1,10.55253,10.866800510769854
37.1,10.75354,10.910623872506097
37.1,10.95455,10.954308156098435
37.1,11.15556,10.992406523381382
37.1,11.35657,11.0289866902896
37.1,11.55758,11.064208431125543
37.1,11.75859,11.095972783906518
37.1,11.9596,11.127667540693711
37.1,12.16061,11.156674379623247
37.1,12.36162,11.185072116039471
37.1,12.56263,11.212720706122639
37.1,12.76364,11.238710615955739
37.1,12.96465,11.264670718726146
37.1,13.16566,11.289171960721042
37.1,13.36667,11.313363704513558
37.1,13.56768,11.337105953346345
37.1,13.76869,11.359928920922613
37.1,13.9697,11.382751988049002
37.1,14.17071,11.404655726027423
37.1,14.37172,11.426389776204294
37.1,14.57273,11.447804148713901
37.1,14.77374,11.468648942263991
37.1,14.97475,11.48950379128428
37.1,15.17576,11.5097090634076
37.1,15.37677,11.52980454835177
37.1,15.57778,11.549640252714541
37.1,15.77879,11.569086221770558
37.1,15.9798,11.588552224769018
37.1,16.18081,11.607498513317866
37.1,16.38182,11.626364957324018
37.1,16.58283,11.645021559575758
37.1,16.78384,11.663368340457446
37.1,16.98485,11.681735144727702
37.1,17.18586,11.69966215525317
37.1,17.38687,11.717539284544259
37.1,17.58788,11.735216534303627
37.1,17.78889,11.752633912860377
37.1,17.9899,11.770081309784484
37.1,18.19091,11.787118865566448
37.1,18.39192,11.804116514344297
37.1,18.59293,11.820934258605194
37.1,18.79394,11.83753210052566
37.1,18.99495,11.85414995895716
37.1,19.19596,11.870377948635346
37.1,19.39697,11.88659601127344
37.1,19.59798,11.902624146930325
37.1,19.79899,11.918462354334649
37.1,20.0,11.932000836937817
37.400000000000006,0.1,2.006536385772093
37.400000000000006,0.3010101,2.628049214894871
37.400000000000006,0.5020202,2.897380070415805
37.400000000000006,0.7030303,3.0857775482769787
37.400000000000006,0.9040404,3.253077421105357
37.400000000000006,1.105051,3.3961892601858206
37.400000000000006,1.306061,3.542172806246477
37.400000000000006,1.507071,3.698923088848694
37.400000000000006,1.708081,3.841446050183735
37.400000000000006,1.909091,3.982665091509519
37.400000000000006,2.110101,4.124727337089727
37.400000000000006,2.311111,4.26764609851767
37.400000000000006,2.512121,4.410539313756453
37.400000000000006,2.713131,4.557931543227944
37.400000000000006,2.914141,4.705499455991491
37.400000000000006,3.115152,4.855296325235387
37.400000000000006,3.316162,5.006570558830514
37.400000000000006,3.517172,5.158625448903698
37.400000000000006,3.718182,5.319000632973172
37.400000000000006,3.919192,5.47936230844821
37.400000000000006,4.120202,5.64588310440485
37.400000000000006,4.321212,5.8171040453822185
37.400000000000006,4.522222,5.989792261966795
37.400000000000006,4.723232,6.174259526682838
37.400000000000006,4.924242,6.358606095076194
37.400000000000006,5.125253,6.550993252121709
37.400000000000006,5.326263,6.75009388011696
37.400000000000006,5.527273,6.951085832159242
37.400000000000006,5.728283,7.164091436572625
37.400000000000006,5.929293,7.376777744500467
37.400000000000006,6.130303,7.5940994284655305
37.400000000000006,6.331313,7.817100566720512
37.400000000000006,6.532323,8.040499996577438
37.400000000000006,6.733333,8.265951503859588
37.400000000000006,6.934343,8.49088861481197
37.400000000000006,7.135354,8.707997239754452
37.400000000000006,7.336364,8.924722819309647
37.400000000000006,7.537374,9.137399207983467
37.400000000000006,7.738384,9.332321543974478
37.400000000000006,7.939394,9.526785637877834
37.400000000000006,8.140404,9.697711070963193
37.400000000000006,8.341414,9.860365441308796
37.400000000000006,8.542424,10.015490226845913
37.400000000000006,8.743434,10.14242959889294
37.400000000000006,8.944444,10.269234863315909
37.400000000000006,9.145455,10.373022886198836
37.400000000000006,9.346465,10.468267065984817
37.400000000000006,9.547475,10.557847375336683
37.400000000000006,9.748485,10.629098146981502
37.400000000000006,9.949495,10.700391529530142
37.400000000000006,10.15051,10.759413146694348
37.400000000000006,10.35152,10.81415815577334
37.400000000000006,10.55253,10.866036248378208
37.400000000000006,10.75354,10.909859769536082
37.400000000000006,10.95455,10.953724412910772
37.400000000000006,11.15556,10.992073207077025
37.400000000000006,11.35657,11.028683524084176
37.400000000000006,11.55758,11.063915372035252
37.400000000000006,11.75859,11.095669819745762
37.400000000000006,11.9596,11.12746482032049
37.400000000000006,12.16061,11.156581956058199
37.400000000000006,12.36162,11.184989786990473
37.400000000000006,12.56263,11.21263844349894
37.400000000000006,12.76364,11.238628413609687
37.400000000000006,12.96465,11.264628701108839
37.400000000000006,13.16566,11.289160167471305
37.400000000000006,13.36667,11.313351974007492
37.400000000000006,13.56768,11.337094266175782
37.400000000000006,13.76869,11.359917274033922
37.400000000000006,13.9697,11.382750488404652
37.400000000000006,14.17071,11.404644401495151
37.400000000000006,14.37172,11.426378494480053
37.400000000000006,14.57273,11.447792896275493
37.400000000000006,14.77374,11.468637717541595
37.400000000000006,14.97475,11.489482686819079
37.400000000000006,15.17576,11.509658097198624
37.400000000000006,15.37677,11.529753611486115
37.400000000000006,15.57778,11.549599336025874
37.400000000000006,15.77879,11.569045324522584
37.400000000000006,15.9798,11.588481426401762
37.400000000000006,16.18081,11.607397823916882
37.400000000000006,16.38182,11.62626428784121
37.400000000000006,16.58283,11.644920904145026
37.400000000000006,16.78384,11.663277698533756
37.400000000000006,16.98485,11.681614583709045
37.400000000000006,17.18586,11.69951167911327
37.400000000000006,17.38687,11.717388821506493
37.400000000000006,17.58788,11.735066080909967
37.400000000000006,17.78889,11.752493468751009
37.400000000000006,17.9899,11.769910930845146
37.400000000000006,18.19091,11.786918551350581
37.400000000000006,18.39192,11.803926208253914
37.400000000000006,18.59293,11.820743958845181
37.400000000000006,18.79394,11.837341806999119
37.400000000000006,18.99495,11.85392971649536
37.400000000000006,19.19596,11.870147753708657
37.400000000000006,19.39697,11.886355820990957
37.400000000000006,19.59798,11.90239396059979
37.400000000000006,19.79899,11.918232171917907
37.400000000000006,20.0,11.932910559660835
37.7,0.1,2.0226437756517393
37.7,0.3010101,2.6499621656114694
37.7,0.5020202,2.9209573958976347
37.7,0.7030303,3.1097934578598943
37.7,0.9040404,3.2780431260947527
37.7,1.105051,3.424576073047712
37.7,1.306061,3.5783294642564574
37.7,1.507071,3.7247838750307882
37.7,1.708081,3.867391094533762
37.7,1.909091,4.008927101135227
37.7,2.110101,4.151040410625815
37.7,2.311111,4.2941772831579375
37.7,2.512121,4.437208963984946
37.7,2.713131,4.584694020415854
37.7,2.914141,4.732440698396011
37.7,3.115152,4.8822428767706105
37.7,3.316162,5.033577950596848
37.7,3.517172,5.185658455670146
37.7,3.718182,5.345931744313704
37.7,3.919192,5.506135473717348
37.7,4.120202,5.672603218972954
37.7,4.321212,5.843282059278982
37.7,4.522222,6.015759150276102
37.7,4.723232,6.199591197578154
37.7,4.924242,6.383026267656832
37.7,5.125253,6.57521142912599
37.7,5.326263,6.772689272309263
37.7,5.527273,6.9730859727434185
37.7,5.728283,7.184665239371814
37.7,5.929293,7.395440926530056
37.7,6.130303,7.6123467961023605
37.7,6.331313,7.8325826999812245
37.7,6.532323,8.055038170329373
37.7,6.733333,8.278462176313862
37.7,6.934343,8.500864679067028
37.7,7.135354,8.71745573812083
37.7,7.336364,8.9312315409587
37.7,7.537374,9.142975325623823
37.7,7.738384,9.336261788832505
37.7,7.939394,9.528815976750622
37.7,8.140404,9.69944257258695
37.7,8.341414,9.860608141147322
37.7,8.542424,10.015298999361226
37.7,8.743434,10.141779725482142
37.7,8.944444,10.268096299512415
37.7,9.145455,10.371854917815078
37.7,9.346465,10.467020136705687
37.7,9.547475,10.556570961958219
37.7,9.748485,10.627932323006847
37.7,9.949495,10.699336268646972
37.7,10.15051,10.758408179876488
37.7,10.35152,10.813353659026838
37.7,10.55253,10.865282000175627
37.7,10.75354,10.90923583255803
37.7,10.95455,10.953230767215834
37.7,11.15556,10.99160973405889
37.7,11.35657,11.028360329416616
37.7,11.55758,11.063612319528518
37.7,11.75859,11.095446971355203
37.7,11.9596,11.12729215737522
37.7,12.16061,11.156439407706005
37.7,12.36162,11.184897433435745
37.7,12.56263,11.212556179820053
37.7,12.76364,11.238576299826935
37.7,12.96465,11.264596717486816
37.7,13.16566,11.289128266900269
37.7,13.36667,11.313350219669468
37.7,13.56768,11.337092571877065
37.7,13.76869,11.359915695976854
37.7,13.9697,11.382749006250839
37.7,14.17071,11.404642982434314
37.7,14.37172,11.426377189317066
37.7,14.57273,11.44779163229181
37.7,14.77374,11.468626546140875
37.7,14.97475,11.48946158768106
37.7,15.17576,11.509637047453854
37.7,15.37677,11.529712651891773
37.7,15.57778,11.549558404844506
37.7,15.77879,11.568984467937035
37.7,15.9798,11.588420624560294
37.7,16.18081,11.60732706138136
37.7,16.38182,11.626183596576203
37.7,16.58283,11.644830232388149
37.7,16.78384,11.663167086789464
37.7,16.98485,11.68150401320126
37.7,17.18586,11.699391139798042
37.7,17.38687,11.717248338161061
37.7,17.58788,11.734925610479511
37.7,17.78889,11.752333045963695
37.7,17.9899,11.769740538713519
37.7,18.19091,11.786748183538508
37.7,18.39192,11.80373588351285
37.7,18.59293,11.820553642290301
37.7,18.79394,11.837141527329859
37.7,18.99495,11.853719458985339
37.7,19.19596,11.869937514563642
37.7,19.39697,11.88613561382698
37.7,19.59798,11.90216375821052
37.7,19.79899,11.915692252024995
37.7,20.0,11.929200776696712
38.0,0.1,2.039072918656577
38.0,0.3010101,2.6717109322233785
38.0,0.5020202,2.94470815258451
38.0,0.7030303,3.134197797880507
38.0,0.9040404,3.300481447885394
38.0,1.105051,3.4358780278602814
38.0,1.306061,3.5898346295519965
38.0,1.507071,3.747642319138108
38.0,1.708081,3.893436888213341
38.0,1.909091,4.035026449728857
38.0,2.110101,4.177138141927178
38.0,2.311111,4.3202740234973644
38.0,2.512121,4.463594308547918
38.0,2.713131,4.611317010028887
38.0,2.914141,4.759063561162297
38.0,3.115152,4.908865001015314
38.0,3.316162,5.060203616804335
38.0,3.517172,5.212300128436741
38.0,3.718182,5.3723157548733615
38.0,3.919192,5.5325212531101515
38.0,4.120202,5.698988947402274
38.0,4.321212,5.86960981049035
38.0,4.522222,6.041096588835888
38.0,4.723232,6.223621120809211
38.0,4.924242,6.407058199815449
38.0,5.125253,6.599243475323348
38.0,5.326263,6.79651534642038
38.0,5.527273,6.994130740661713
38.0,5.728283,7.203026276445002
38.0,5.929293,7.4138031195889225
38.0,6.130303,7.630710241722241
38.0,6.331313,7.850529352208594
38.0,6.532323,8.068385600823017
38.0,6.733333,8.288311249245002
38.0,6.934343,8.510713933554063
38.0,7.135354,8.727306228056126
38.0,7.336364,8.940565439980794
38.0,7.537374,9.14763819186613
38.0,7.738384,9.338310344090708
38.0,7.939394,9.530866428180918
38.0,8.140404,9.701493888189573
38.0,8.341414,9.86235656896714
38.0,8.542424,10.014878294516429
38.0,8.743434,10.140670695851139
38.0,8.944444,10.266977774509321
38.0,9.145455,10.370746834628932
38.0,9.346465,10.465882616961437
38.0,9.547475,10.55538477137536
38.0,9.748485,10.626886822241728
38.0,9.949495,10.698291031609251
38.0,10.15051,10.757363168467494
38.0,10.35152,10.812358925818266
38.0,10.55253,10.864617878111593
38.0,10.75354,10.90874205529723
38.0,10.95455,10.952737136420806
38.0,11.15556,10.99111623015728
38.0,11.35657,11.027896990235986
38.0,11.55758,11.063359357867602
38.0,11.75859,11.095274226713608
38.0,11.9596,11.127129500017896
38.0,12.16061,11.1562668280826
38.0,12.36162,11.18474496436818
38.0,12.56263,11.212503987088924
38.0,12.76364,11.238544259039243
38.0,12.96465,11.264574732198584
38.0,13.16566,11.289106331890078
38.0,13.36667,11.313328365247271
38.0,13.56768,11.337090934316413
38.0,13.76869,11.359924169475835
38.0,13.9697,11.382757516794172
38.0,14.17071,11.404651527092327
38.0,14.37172,11.426385795608711
38.0,14.57273,11.447780413457476
38.0,14.77374,11.46861541022186
38.0,14.97475,11.48945047724846
38.0,15.17576,11.509625960849117
38.0,15.37677,11.52970161374042
38.0,15.57778,11.549507509140737
38.0,15.77879,11.568933634372637
38.0,15.9798,11.588359808874308
38.0,16.18081,11.607266262563414
38.0,16.38182,11.626112836433046
38.0,16.58283,11.64473958784654
38.0,16.78384,11.663066488509473
38.0,16.98485,11.681393427494557
38.0,17.18586,11.69929056591871
38.0,17.38687,11.717137795123937
38.0,17.58788,11.734775160314864
38.0,17.78889,11.75217262953585
38.0,17.9899,11.769580130938119
38.0,18.19091,11.78658778404924
38.0,18.39192,11.80357550820227
38.0,18.59293,11.820353339950925
38.0,18.79394,11.836941248867548
38.0,18.99495,11.853519186337197
38.0,19.19596,11.869737247489518
38.0,19.39697,11.885925365366315
38.0,19.59798,11.901933565658108
38.0,19.79899,11.916611947817582
38.0,20.0,11.930120478072862
10.4,0.1,1.7836650538705932
10.4,0.3010101,2.045649745374815
10.4,0.5020202,2.0550812777155967
10.4,0.7030303,1.755651962288016
10.4,1.306061,1.621087230618549
10.4,1.507071,2.0964722299801797
10.4,1.708081,1.9608634869843256
10.4,1.909091,1.7850053141816693
10.4,2.110101,1.604420347582954
10.4,2.311111,1.4383629834917644
10.4,2.512121,1.2974102743628837
10.4,2.713131,1.190188912480492
10.4,2.914141,1.1146262205844863
10.4,3.115152,1.0680172598059139
10.4,3.316162,1.0495858438605767
10.4,3.517172,1.0535895900700372
10.4,3.718182,1.0807961347865565
10.4,3.919192,1.1299275669175493
10.4,4.120202,1.2009417974469256
10.4,4.321212,1.299408434027001
10.4,4.522222,1.425793769534013
10.4,4.723232,1.5881292562062648
10.4,4.924242,1.7936907099150465
10.4,5.125253,2.046682587474373
10.4,5.326263,2.355810095110288
10.4,5.527273,2.749339495235521
10.4,5.728283,3.1978480474579856
10.4,5.929293,3.730843286180988
10.4,6.130303,4.334177082238284
10.4,6.331313,5.007553456762554
10.4,6.532323,5.736668605915195
10.4,6.733333,6.515513999470646
10.4,6.934343,7.300714879523576
10.4,7.135354,8.034169015865611
10.4,7.336364,8.691039867388934
10.4,7.537374,9.236104722683747
10.4,7.738384,9.64888920430419
10.4,7.939394,9.933353681213495
10.4,8.140404,10.147930050920372
10.4,8.341414,10.307836138908883
10.4,8.542424,10.432069030056743
10.4,8.743434,10.529587504328159
10.4,8.944444,10.607409608393397
10.4,9.145455,10.675453736042622
10.4,9.346465,10.735060412048192
10.4,9.547475,10.788768535278606
10.4,9.748485,10.837388467872962
10.4,9.949495,10.879660231633066
10.4,10.15051,10.91801332904823
10.4,10.35152,10.958186893274997
10.4,10.55253,10.997111393310561
10.4,10.75354,11.030707415185564
10.4,10.95455,11.06436408427007
10.4,11.15556,11.095511621878092
10.4,11.35657,11.12577985825473
10.4,11.55758,11.155338679119623
10.4,11.75859,11.183118068541985
10.4,11.9596,11.210937917680441
10.4,12.16061,11.237288223969097
10.4,12.36162,11.263148842725768
10.4,12.56263,11.288529770193293
10.4,12.76364,11.312840908273806
10.4,12.96465,11.337212368087789
10.4,13.16566,11.360583982777728
10.4,13.36667,11.383625659966317
10.4,13.56768,11.40629744634011
10.4,13.76869,11.42824921474182
10.4,13.9697,11.450261216748153
10.4,14.17071,11.47149316770731
10.4,14.37172,11.492495019754756
10.4,14.57273,11.513186848593996
10.4,14.77374,11.53334853270943
10.4,14.97475,11.553550401412423
10.4,15.17576,11.57312210051425
10.4,15.37677,11.592513613575518
10.4,15.57778,11.61163503375454
10.4,15.77879,11.630336267015512
10.4,15.9798,11.649087660916672
10.4,16.18081,11.667298841401106
10.4,16.38182,11.685369808890455
10.4,16.58283,11.703210662761151
10.4,16.78384,11.720711342151004
10.4,16.98485,11.738252170480138
10.4,17.18586,11.755312790573582
10.4,17.38687,11.772283208847275
10.4,17.58788,11.789033521982144
10.4,17.78889,11.805513697137629
10.4,17.9899,11.8220340130606
10.4,18.19091,11.838124149055282
10.4,18.39192,11.854154113065055
10.4,18.59293,11.86998399281809
10.4,18.79394,11.885583774677796
10.4,18.99495,11.901213687258805
10.4,19.19596,11.91646345617647
10.4,19.39697,11.931673090488063
10.4,19.59798,11.946692667848255
10.4,19.79899,11.961522186017023
10.4,20.0,11.975291835768301
10.700000000000001,0.1,1.6377641953499502
10.700000000000001,0.3010101,1.8889873047086614
10.700000000000001,0.5020202,1.9116765393095256
10.700000000000001,0.7030303,1.6836070288323113
10.700000000000001,1.306061,1.6475758471140927
10.700000000000001,1.507071,2.0355174486552503
10.700000000000001,1.708081,1.9222858607837532
10.700000000000001,1.909091,1.7651638139423418
10.700000000000001,2.110101,1.5984207724428956
10.700000000000001,2.311111,1.4447920438475805
10.700000000000001,2.512121,1.3133681396432095
10.700000000000001,2.713131,1.212390722762342
10.700000000000001,2.914141,1.1409146085693156
10.700000000000001,3.115152,1.0966995279567964
10.700000000000001,3.316162,1.0799931233991737
10.700000000000001,3.517172,1.0853375147300284
10.700000000000001,3.718182,1.113530444161892
10.700000000000001,3.919192,1.1634182650067861
10.700000000000001,4.120202,1.2349600266493879
10.700000000000001,4.321212,1.333833342008059
10.700000000000001,4.522222,1.4605480437129819
10.700000000000001,4.723232,1.6231327703103415
10.700000000000001,4.924242,1.8289236715703017
10.700000000000001,5.125253,2.082139529730376
10.700000000000001,5.326263,2.391743087480035
10.700000000000001,5.527273,2.785566559462423
10.700000000000001,5.728283,3.2337637139327384
10.700000000000001,5.929293,3.7645907135851533
10.700000000000001,6.130303,4.366957564157544
10.700000000000001,6.331313,5.031364898075886
10.700000000000001,6.532323,5.75634421581583
10.700000000000001,6.733333,6.523646125599315
10.700000000000001,6.934343,7.293079884950842
10.700000000000001,7.135354,8.023981915960992
10.700000000000001,7.336364,8.670351317905855
10.700000000000001,7.537374,9.213758711209625
10.700000000000001,7.738384,9.628355225914367
10.700000000000001,7.939394,9.91718293026028
10.700000000000001,8.140404,10.132809315279315
10.700000000000001,8.341414,10.297307637312743
10.700000000000001,8.542424,10.422645845225592
10.700000000000001,8.743434,10.522019455336489
10.700000000000001,8.944444,10.601207366748982
10.700000000000001,9.145455,10.66949863706631
10.700000000000001,9.346465,10.730091789363247
10.700000000000001,9.547475,10.78401750008781
10.700000000000001,9.748485,10.833064849195733
10.700000000000001,9.949495,10.87566436909506
10.700000000000001,10.15051,10.917204962810924
10.700000000000001,10.35152,10.956076852203937
10.700000000000001,10.55253,10.993569961188037
10.700000000000001,10.75354,11.027324395829465
10.700000000000001,10.95455,11.061129537277596
10.700000000000001,11.15556,11.092315749317784
10.700000000000001,11.35657,11.122752695816182
10.700000000000001,11.55758,11.152340388539569
10.700000000000001,11.75859,11.180238723911277
10.700000000000001,11.9596,11.20816755015953
10.700000000000001,12.16061,11.23455692331553
10.700000000000001,12.36162,11.260566720716886
10.700000000000001,12.56263,11.285966854622808
10.700000000000001,12.76364,11.310407326008281
10.700000000000001,12.96465,11.334878124321207
10.700000000000001,13.16566,11.358289115546215
10.700000000000001,13.36667,11.381480331195874
10.700000000000001,13.56768,11.404181588600052
10.700000000000001,13.76869,11.426253005457161
10.700000000000001,13.9697,11.448354631449282
10.700000000000001,14.17071,11.469646212738704
10.700000000000001,14.37172,11.490787892523834
10.700000000000001,14.57273,11.511509399918928
10.700000000000001,14.77374,11.53178098507564
10.700000000000001,14.97475,11.55207269783433
10.700000000000001,15.17576,11.571694226467812
10.700000000000001,15.37677,11.591215782850814
10.700000000000001,15.57778,11.61035703333079
10.700000000000001,15.77879,11.629168349176014
10.700000000000001,15.9798,11.647989739137198
10.700000000000001,16.18081,11.666250890995318
10.700000000000001,16.38182,11.684432039480559
10.700000000000001,16.58283,11.702282823642834
10.700000000000001,16.78384,11.719873697229321
10.700000000000001,16.98485,11.737474611703863
10.700000000000001,17.18586,11.754575293117117
10.700000000000001,17.38687,11.7716359631961
10.700000000000001,17.58788,11.788396265844327
10.700000000000001,17.78889,11.804956689948861
10.700000000000001,17.9899,11.821517135301963
10.700000000000001,18.19091,11.837637381843058
10.700000000000001,18.39192,11.853737619571197
10.700000000000001,18.59293,11.869577519942318
10.700000000000001,18.79394,11.885237563469714
10.700000000000001,18.99495,11.900907616782446
10.700000000000001,19.19596,11.916177515458537
10.700000000000001,19.39697,11.93144741095599
10.700000000000001,19.59798,11.94646702235282
10.700000000000001,19.79899,11.959196813659416
10.700000000000001,20.0,11.971896608512212
11.0,0.1,1.577249606446456
11.0,0.3010101,1.8512740291298457
11.0,0.5020202,1.8695267472434176
11.0,0.7030303,1.6843848524190208
11.0,1.306061,1.5310851343561145
11.0,1.507071,2.0056813512289806
11.0,1.708081,1.8937585446219325
11.0,1.909091,1.7471598241857853
11.0,2.110101,1.5929262345770776
11.0,2.311111,1.45017025836035
11.0,2.512121,1.3285209868065238
11.0,2.713131,1.2351092492622417
11.0,2.914141,1.1687208580042763
11.0,3.115152,1.1282820912620237
11.0,3.316162,1.1141265036042307
11.0,3.517172,1.121489584216826
11.0,3.718182,1.15125162275125
11.0,3.919192,1.2022737045918512
11.0,4.120202,1.274723508728877
11.0,4.321212,1.374270364234325
11.0,4.522222,1.5015059577246388
11.0,4.723232,1.6644514370265042
11.0,4.924242,1.870418498872781
11.0,5.125253,2.123670608806516
11.0,5.326263,2.4511653902407273
11.0,5.527273,2.826482666825061
11.0,5.728283,3.273636939852487
11.0,5.929293,3.8027731805620033
11.0,6.130303,4.3991113397079245
11.0,6.331313,5.061025834199813
11.0,6.532323,5.774385439582189
11.0,6.733333,6.53125285945741
11.0,6.934343,7.292612458450055
11.0,7.135354,8.008720644431373
11.0,7.336364,8.652238443752431
11.0,7.537374,9.192494251361103
11.0,7.738384,9.608342430785022
11.0,7.939394,9.899546657689138
11.0,8.140404,10.119871875541037
11.0,8.341414,10.285514335004265
11.0,8.542424,10.41383598019869
11.0,8.743434,10.514594876253573
11.0,8.944444,10.594588929274929
11.0,9.145455,10.664076105818367
11.0,9.346465,10.724926534106345
11.0,9.547475,10.779499082598258
11.0,9.748485,10.828843936045011
11.0,9.949495,10.868532242041828
11.0,10.15051,10.908041154084687
11.0,10.35152,10.950200119375225
11.0,10.55253,10.99024069751792
11.0,10.75354,11.024183443197387
11.0,10.95455,11.057987238802179
11.0,11.15556,11.08918220325947
11.0,11.35657,11.119647889609373
11.0,11.55758,11.149514236803242
11.0,11.75859,11.177541475239195
11.0,11.9596,11.20546930515011
11.0,12.16061,11.231857765003369
11.0,12.36162,11.257896668788657
11.0,12.56263,11.283556013078371
11.0,12.76364,11.308105773978406
11.0,12.96465,11.332575848584813
11.0,13.16566,11.355986187419996
11.0,13.36667,11.379226793826367
11.0,13.56768,11.402177677928112
11.0,13.76869,11.424368677534398
11.0,13.9697,11.446459800384462
11.0,14.17071,11.467750939314337
11.0,14.37172,11.488942242546964
11.0,14.57273,11.50991371332733
11.0,14.77374,11.530285105992242
11.0,14.97475,11.550576491541495
11.0,15.17576,11.570197742418076
11.0,15.37677,11.589769106955163
11.0,15.57778,11.609140572478239
11.0,15.77879,11.628041852705893
11.0,15.9798,11.646863047935563
11.0,16.18081,11.665114042703756
11.0,16.38182,11.683345133854573
11.0,16.58283,11.701396291191188
11.0,16.78384,11.719057223756575
11.0,16.98485,11.736658036181502
11.0,17.18586,11.753758642526963
11.0,17.38687,11.770859343628977
11.0,17.58788,11.78779009527642
11.0,17.78889,11.80440062531398
11.0,17.9899,11.820961029116928
11.0,18.19091,11.837081252694762
11.0,18.39192,11.853211573455736
11.0,18.59293,11.869181938608955
11.0,18.79394,11.884882104889927
11.0,18.99495,11.900552153930985
11.0,19.19596,11.915832060674601
11.0,19.39697,11.931122066115556
11.0,19.59798,11.946252122977599
11.0,19.79899,11.960082026725097
11.0,20.0,11.972781836236926
38.3,0.1,2.0548007822109344
38.3,0.3010101,2.693128409454679
38.3,0.5020202,2.9679780562789326
38.3,0.7030303,3.1582845454837716
38.3,0.9040404,3.327464019811949
38.3,1.105051,3.4823030678085405
38.3,1.306061,3.6291349100146615
38.3,1.507071,3.775991840434309
38.3,1.708081,3.9190483882499323
38.3,1.909091,4.060846317401854
38.3,2.110101,4.20319664456353
38.3,2.311111,4.34652548011594
38.3,2.512121,4.489859710406306
38.3,2.713131,4.63758326266886
38.3,2.914141,4.7854675780184115
38.3,3.115152,4.9353404275092165
38.3,3.316162,5.0866968346341785
38.3,3.517172,5.238793794561577
38.3,3.718182,5.398791344159208
38.3,3.919192,5.55879395632409
38.3,4.120202,5.724848686382643
38.3,4.321212,5.894975473355073
38.3,4.522222,6.066462164047598
38.3,4.723232,6.248869764230566
38.3,4.924242,6.431281382246283
38.3,5.125253,6.622091066675971
38.3,5.326263,6.817981351122838
38.3,5.527273,7.015598820454407
38.3,5.728283,7.224188483257918
38.3,5.929293,7.432783726242677
38.3,6.130303,7.647181619687311
38.3,6.331313,7.864733687812666
38.3,6.532323,8.082592119170194
38.3,6.733333,8.30202612421985
38.3,6.934343,8.52146829583415
38.3,7.135354,8.735165629585994
38.3,7.336364,8.94607982276975
38.3,7.537374,9.153153626392049
38.3,7.738384,9.343385128102758
38.3,7.939394,9.533624578393479
38.3,8.140404,9.702527301527484
38.3,8.341414,9.86222480951224
38.3,8.542424,10.014737193238998
38.3,8.743434,10.14040041667235
38.3,8.944444,10.266069026613398
38.3,9.145455,10.369579268682472
38.3,9.346465,10.464635919723401
38.3,9.547475,10.554138416376606
38.3,9.748485,10.6256808550636
38.3,9.949495,10.6972157263734
38.3,10.15051,10.756478382920692
38.3,10.35152,10.81160453486276
38.3,10.55253,10.863873670434728
38.3,10.75354,10.90803805748902
38.3,10.95455,10.952203481000414
38.3,11.15556,10.990722867755451
38.3,11.35657,11.027593855227941
38.3,11.55758,11.063056329209891
38.3,11.75859,11.095001330995226
38.3,11.9596,11.12694682717224
38.3,12.16061,11.156154354820877
38.3,12.36162,11.184672643886268
38.3,12.56263,11.212421732700122
38.3,12.76364,11.238482098066896
38.3,12.96465,11.264542733663278
38.3,13.16566,11.289094482057802
38.3,13.36667,11.313326625661253
38.3,13.56768,11.337089237923344
38.3,13.76869,11.359922543090118
38.3,13.9697,11.382766015084844
38.3,14.17071,11.404660140582017
38.3,14.37172,11.426384491549014
38.3,14.57273,11.447789138756349
38.3,14.77374,11.468614190085537
38.3,14.97475,11.48943935522597
38.3,15.17576,11.509604929899114
38.3,15.37677,11.529670645298536
38.3,15.57778,11.549486561226324
38.3,15.77879,11.568892729879787
38.3,15.9798,11.588308982339944
38.3,16.18081,11.607205508201705
38.3,16.38182,11.626042129663775
38.3,16.58283,11.644658895709588
38.3,16.78384,11.662975830998455
38.3,16.98485,11.681292831766974
38.3,17.18586,11.69917002714246
38.3,17.38687,11.717007292229267
38.3,17.58788,11.734644667654996
38.3,17.78889,11.752042164314416
38.3,17.9899,11.769429714144136
38.3,18.19091,11.786417411407383
38.3,18.39192,11.803395162119253
38.3,18.59293,11.820183000874318
38.3,18.79394,11.836750931282868
38.3,18.99495,11.853328905766594
38.3,19.19596,11.869527000347533
38.3,19.39697,11.885715137292674
38.3,19.59798,11.9017233422819
38.3,19.79899,11.917541614787508
38.3,20.0,11.933359924671604
38.6,0.1,2.0703813948230305
38.6,0.3010101,2.7144037242499848
38.6,0.5020202,2.9911420182471784
38.6,0.7030303,3.1821741721505057
38.6,0.9040404,3.349794313447856
38.6,1.105051,3.488910666053737
38.6,1.306061,3.654040481561236
38.6,1.507071,3.801259729672036
38.6,1.708081,3.9444053092337126
38.6,1.909091,4.086372621078369
38.6,2.110101,4.228911576095255
38.6,2.311111,4.372383344207202
38.6,2.512121,4.515727483968199
38.6,2.713131,4.663451855629878
38.6,2.914141,4.811425922330725
38.6,3.115152,4.9613261830850774
38.6,3.316162,5.112665389415479
38.6,3.517172,5.26476278008765
38.6,3.718182,5.424740236327324
38.6,3.919192,5.584511992155606
38.6,4.120202,5.750136811174335
38.6,4.321212,5.919758583688104
38.6,4.522222,6.091247182115204
38.6,4.723232,6.27353786179117
38.6,4.924242,6.454936118925389
38.6,5.125253,6.64439435914892
38.6,5.326263,6.838933194783068
38.6,5.527273,7.036551735528128
38.6,5.728283,7.244842544399641
38.6,5.929293,7.451307322085544
38.6,6.130303,7.6632660863937705
38.6,6.331313,7.8786151762581245
38.6,6.532323,8.096474785318984
38.6,6.733333,8.31543514428865
38.6,6.934343,8.532006856454187
38.6,7.135354,8.742895243827105
38.6,7.336364,8.951533412294667
38.6,7.537374,9.158608257776905
38.6,7.738384,9.348409097820362
38.6,7.939394,9.536389875566941
38.6,8.140404,9.703601822367803
38.6,8.341414,9.862151128078052
38.6,8.542424,10.014666167639367
38.6,8.743434,10.140190207672015
38.6,8.944444,10.265210330565663
38.6,9.145455,10.368461743711077
38.6,9.346465,10.46342925882633
38.6,9.547475,10.552932097570586
38.6,9.748485,10.624494923889655
38.6,9.949495,10.696170451791879
38.6,10.15051,10.755593625158522
38.6,10.35152,10.8108601684687
38.6,10.55253,10.863129487493183
38.6,10.75354,10.907344082867029
38.6,10.95455,10.951669845010962
38.6,11.15556,10.990329520385504
38.6,11.35657,11.027300732025964
38.6,11.55758,11.062763312379685
38.6,11.75859,11.09472844634882
38.6,11.9596,11.126764161345855
38.6,12.16061,11.156041884787676
38.6,12.36162,11.184600324184638
38.6,12.56263,11.212349479243302
38.6,12.76364,11.2384199372419
38.6,12.96465,11.264510732106677
38.6,13.16566,11.289092625911014
38.6,13.36667,11.313334877979917
38.6,13.56768,11.33709753381081
38.6,13.76869,11.359930908437233
38.6,13.9697,11.382774502623533
38.6,14.17071,11.404668741087493
38.6,14.37172,11.426403172989351
38.6,14.57273,11.447797850286479
38.6,14.77374,11.468622955609607
38.6,14.97475,11.489438217087981
38.6,15.17576,11.509593881076322
38.6,15.37677,11.52964965823918
38.6,15.57778,11.549465595312048
38.6,15.77879,11.568871806940697
38.6,15.9798,11.588268136176252
38.6,16.18081,11.607144733257517
38.6,16.38182,11.625971401883461
38.6,16.58283,11.644588182988368
38.6,16.78384,11.662905152775744
38.6,16.98485,11.681202214583157
38.6,17.18586,11.699059466369713
38.6,17.38687,11.71688676723175
38.6,17.58788,11.734524153383427
38.6,17.78889,11.75191167768003
38.6,17.9899,11.76928927556605
38.6,18.19091,11.786267016871381
38.6,18.39192,11.803224794386663
38.6,18.59293,11.82001264066062
38.6,18.79394,11.836580592948584
38.6,18.99495,11.853138604961602
38.6,19.19596,11.869326733672935
38.6,19.39697,11.885504890313792
38.6,19.59798,11.901513100405788
38.6,19.79899,11.916181512297875
38.6,20.0,11.929670091935295
38.900000000000006,0.1,2.0863447832633373
38.900000000000006,0.3010101,2.735790681266159
38.900000000000006,0.5020202,3.013822510228171
38.900000000000006,0.7030303,3.2062639472420718
38.900000000000006,0.9040404,3.376374336269378
38.900000000000006,1.105051,3.521235238956346
38.900000000000006,1.306061,3.6684259916359303
38.900000000000006,1.507071,3.82368632210399
38.900000000000006,1.708081,3.9699189755066975
38.900000000000006,1.909091,4.111928845296761
38.900000000000006,2.110101,4.254465164167757
38.900000000000006,2.311111,4.3979359003123255
38.900000000000006,2.512121,4.541456593851462
38.900000000000006,2.713131,4.689297584732155
38.900000000000006,2.914141,4.837272461952827
38.900000000000006,3.115152,4.987172917805808
38.900000000000006,3.316162,5.13851059613145
38.900000000000006,3.517172,5.290520015977583
38.900000000000006,3.718182,5.450182838121407
38.900000000000006,3.919192,5.60995531138282
38.900000000000006,4.120202,5.7755810324121315
38.900000000000006,4.321212,5.945143794458701
38.900000000000006,4.522222,6.115621277984374
38.900000000000006,4.723232,6.296627630643703
38.900000000000006,4.924242,6.478026872517392
38.900000000000006,5.125253,6.667486206209549
38.900000000000006,5.326263,6.861822069382223
38.900000000000006,5.527273,7.0567657182176635
38.900000000000006,5.728283,7.262475048272282
38.900000000000006,5.929293,7.468941948748005
38.900000000000006,6.130303,7.6809019280336335
38.900000000000006,6.331313,7.895845201288499
38.900000000000006,6.532323,8.1093448215007
38.900000000000006,6.733333,8.324972900277057
38.900000000000006,6.934343,8.541545749103216
38.900000000000006,7.135354,8.752435322503826
38.900000000000006,7.336364,8.960572851140332
38.900000000000006,7.537374,9.163212619200806
38.900000000000006,7.738384,9.350500053882898
38.900000000000006,7.939394,9.538481696863853
38.900000000000006,8.140404,9.70569447726422
38.900000000000006,8.341414,9.86394685918732
38.900000000000006,8.542424,10.014345661060462
38.900000000000006,8.743434,10.139161335872064
38.900000000000006,8.944444,10.264181949006343
38.900000000000006,9.145455,10.367433797452852
38.900000000000006,9.346465,10.462371863871933
38.900000000000006,9.547475,10.551786010649334
38.900000000000006,9.748485,10.623479517207011
38.900000000000006,9.949495,10.695145304282738
38.900000000000006,10.15051,10.754578699452967
38.900000000000006,10.35152,10.809895516682477
38.900000000000006,10.55253,10.862475433645503
38.900000000000006,10.75354,10.90685036613766
38.900000000000006,10.95455,10.951186272308217
38.900000000000006,11.15556,10.989846072724985
38.900000000000006,11.35657,11.026847445964483
38.900000000000006,11.55758,11.062510389617179
38.900000000000006,11.75859,11.094565733609164
38.900000000000006,11.9596,11.126601535010401
38.900000000000006,12.16061,11.155869335087356
38.900000000000006,12.36162,11.184447882778803
38.900000000000006,12.56263,11.212297301150377
38.900000000000006,12.76364,11.238397905944348
38.900000000000006,12.96465,11.26448875587446
38.900000000000006,13.16566,11.2890706993904
38.900000000000006,13.36667,11.313323030308505
38.900000000000006,13.56768,11.337105892260665
38.900000000000006,13.76869,11.359949374426204
38.900000000000006,13.9697,11.382793005489333
38.900000000000006,14.17071,11.40468727782186
38.900000000000006,14.37172,11.426411770362511
38.900000000000006,14.57273,11.447806613860092
38.900000000000006,14.77374,11.468621799892317
38.900000000000006,14.97475,11.489437086955501
38.900000000000006,15.17576,11.509592774841897
38.900000000000006,15.37677,11.529648599786055
38.900000000000006,15.57778,11.549434672877476
38.900000000000006,15.77879,11.568830945299084
38.900000000000006,15.9798,11.588227292671853
38.900000000000006,16.18081,11.607103906898475
38.900000000000006,16.38182,11.625920613908502
38.900000000000006,16.58283,11.644517506035072
38.900000000000006,16.78384,11.662814521523837
38.900000000000006,16.98485,11.68111159628699
38.900000000000006,17.18586,11.698968860424285
38.900000000000006,17.38687,11.716786192071586
38.900000000000006,17.58788,11.734393668144685
38.900000000000006,17.78889,11.751771226148204
38.900000000000006,17.9899,11.769148833203543
38.900000000000006,18.19091,11.786126583357191
38.900000000000006,18.39192,11.803074385371433
38.900000000000006,18.59293,11.8198323033171
38.900000000000006,18.79394,11.836390280050539
38.900000000000006,18.99495,11.852948298470771
38.900000000000006,19.19596,11.869136433329974
38.900000000000006,19.39697,11.885314609296115
38.900000000000006,19.59798,11.901302875416155
38.900000000000006,19.79899,11.914811427740942
38.900000000000006,20.0,11.928300008765593
39.2,0.1,2.101692962151227
39.2,0.3010101,2.7570783926145612
39.2,0.5020202,3.0368528414105165
39.2,0.7030303,3.2297460639557665
39.2,0.9040404,3.4007745028321867
39.2,1.105051,3.545912043777464
39.2,1.306061,3.6934282868208377
39.2,1.507071,3.848782789104206
39.2,1.708081,3.995058649495644
39.2,1.909091,4.1372374076904945
39.2,2.110101,4.279800716461684
39.2,2.311111,4.423358472277965
39.2,2.512121,4.566934544277465
39.2,2.713131,4.714798284227153
39.2,2.914141,4.862816878124391
39.2,3.115152,5.012712533303937
39.2,3.316162,5.163994030231035
39.2,3.517172,5.315980999242765
39.2,3.718182,5.475492902226683
39.2,3.919192,5.635033462343344
39.2,4.120202,5.800603084979336
39.2,4.321212,5.969590918230768
39.2,4.522222,6.139843321742658
39.2,4.723232,6.320235608663061
39.2,4.924242,6.500752598237201
39.2,5.125253,6.690020951279289
39.2,5.326263,6.882832432616882
39.2,5.527273,7.077216950078725
39.2,5.728283,7.281602171814577
39.2,5.929293,7.4862947728850315
39.2,6.130303,7.697873930726438
39.2,6.331313,7.910283228065474
39.2,6.532323,8.122916931705177
39.2,6.733333,8.3366995563918
39.2,6.934343,8.550963887473022
39.2,7.135354,8.761379825350595
39.2,7.336364,8.966819517466014
39.2,7.537374,9.1686066136429
39.2,7.738384,9.354378040412568
39.2,7.939394,9.540588656634343
39.2,8.140404,9.707515540408293
39.2,8.341414,9.864344982449694
39.2,8.542424,10.01432479639957
39.2,8.743434,10.138681758732458
39.2,8.944444,10.263193624150691
39.2,9.145455,10.366416050794921
39.2,9.346465,10.461225128035233
39.2,9.547475,10.550599772327764
39.2,9.748485,10.622383854842393
39.2,9.949495,10.694140191999065
39.2,10.15051,10.753613874834642
39.2,10.35152,10.809111147894134
39.2,10.55253,10.861741305621536
39.2,10.75354,10.906236536706578
39.2,10.95455,10.950692723148686
39.2,11.15556,10.989392690264058
39.2,11.35657,11.026524327443381
39.2,11.55758,11.062217407571035
39.2,11.75859,11.094342944219122
39.2,11.9596,11.126438921153358
39.2,12.16061,11.155726831559177
39.2,12.36162,11.184365561278685
39.2,12.56263,11.21222506584993
39.2,12.76364,11.238355810890909
39.2,12.96465,11.264476783363385
39.2,13.16566,11.289058806537199
39.2,13.36667,11.313331273891853
39.2,13.56768,11.33712419351956
39.2,13.76869,11.359967784315135
39.2,13.9697,11.38281150590161
39.2,14.17071,11.404705838859154
39.2,14.37172,11.426430437799064
39.2,14.57273,11.447825321270715
39.2,14.77374,11.468630594200443
39.2,14.97475,11.489445949756126
39.2,15.17576,11.509591685472346
39.2,15.37677,11.529637595067399
39.2,15.57778,11.549423696197836
39.2,15.77879,11.568800039261104
39.2,15.9798,11.58818643917483
39.2,16.18081,11.607063091671986
39.2,16.38182,11.62586986636332
39.2,16.58283,11.644456778225203
39.2,16.78384,11.662733851086491
39.2,16.98485,11.681020966119833
39.2,17.18586,11.698878261027494
39.2,17.38687,11.716675646566564
39.2,17.58788,11.734283136207258
39.2,17.78889,11.751640740509172
39.2,17.9899,11.76900837801595
39.2,18.19091,11.785986152695891
39.2,18.39192,11.802923996929286
39.2,18.59293,11.819681923951439
39.2,18.79394,11.83621993724337
39.2,18.99495,11.852777978145157
39.2,19.19596,11.868956132186405
39.2,19.39697,11.885114340437108
39.2,19.59798,11.901102612396537
39.2,19.79899,11.916900947578075
39.2,20.0,11.931549427098963
39.5,0.1,2.1178129193431325
39.5,0.3010101,2.7781780339201507
39.5,0.5020202,3.0600406954957258
39.5,0.7030303,3.2535868484572625
39.5,0.9040404,3.422623810192261
39.5,1.105051,3.559605137156803
39.5,1.306061,3.7220489369065364
39.5,1.507071,3.8763895767279974
39.5,1.708081,4.0199749746264075
39.5,1.909091,4.162193119996703
39.5,2.110101,4.304977573970308
39.5,2.311111,4.4485814870374965
39.5,2.512121,4.592155514166074
39.5,2.713131,4.740020012771051
39.5,2.914141,4.888043342671963
39.5,3.115152,5.0378815329036115
39.5,3.316162,5.189124573215491
39.5,3.517172,5.341111909607494
39.5,3.718182,5.500624620477979
39.5,3.919192,5.659975219686742
39.5,4.120202,5.824693254686222
39.5,4.321212,5.9934510769737415
39.5,4.522222,6.163704348677556
39.5,4.723232,6.344096721170398
39.5,4.924242,6.523879574739034
39.5,5.125253,6.710703372096251
39.5,5.326263,6.902958796342831
39.5,5.527273,7.097344347274036
39.5,5.728283,7.301730760049552
39.5,5.929293,7.5048191478044535
39.5,6.130303,7.712096043597427
39.5,6.331313,7.923652478421521
39.5,6.532323,8.136287310044123
39.5,6.733333,8.35007017815049
39.5,6.934343,8.562055034849399
39.5,7.135354,8.767572664892581
39.5,7.336364,8.972170734733277
39.5,7.537374,9.173957828328156
39.5,7.738384,9.359730273966113
39.5,7.939394,9.544020001530582
39.5,8.140404,9.70794808099622
39.5,8.341414,9.864361582013938
39.5,8.542424,10.014344029622642
39.5,8.743434,10.138701573971819
39.5,8.944444,10.262594862906335
39.5,9.145455,10.365289004480681
39.5,9.346465,10.460068606422059
39.5,9.547475,10.549443585632508
39.5,9.748485,10.621227953861103
39.5,9.949495,10.693084937441295
39.5,10.15051,10.752839346980966
39.5,10.35152,10.808376873830374
39.5,10.55253,10.86100721152414
39.5,10.75354,10.905502597047255
39.5,10.95455,10.950129120861265
39.5,11.15556,10.989059482104272
39.5,11.35657,11.02622126196836
39.5,11.55758,11.061914446548103
39.5,11.75859,11.094040075237558
39.5,11.9596,11.126236274294554
39.5,12.16061,11.155644451876835
39.5,12.36162,11.184293271241403
39.5,12.56263,11.212152841016898
39.5,12.76364,11.23828364505467
39.5,12.96465,11.2644447838719
39.5,13.16566,11.289067007590457
39.5,13.36667,11.313339534794398
39.5,13.56768,11.33713249750902
39.5,13.76869,11.359986128085147
39.5,13.9697,11.382839982108903
39.5,14.17071,11.40473447198289
39.5,14.37172,11.426459112311605
39.5,14.57273,11.447844025637767
39.5,14.77374,11.468659326532409
39.5,14.97475,11.489454790897563
39.5,15.17576,11.50959065148097
39.5,15.37677,11.529626590275035
39.5,15.57778,11.549412712571174
39.5,15.77879,11.568799075797564
39.5,15.9798,11.588165566076402
39.5,16.18081,11.607012318427753
39.5,16.38182,11.62580911370993
39.5,16.58283,11.644396040877425
39.5,16.78384,11.662683128492342
39.5,16.98485,11.680950318552355
39.5,17.18586,11.698767692695062
39.5,17.38687,11.716575092467915
39.5,17.58788,11.734182593252955
39.5,17.78889,11.75154020832397
39.5,17.9899,11.768887907521668
39.5,18.19091,11.785835743973273
39.5,18.39192,11.802773597888867
39.5,18.59293,11.81953153291723
39.5,18.79394,11.836069554054186
39.5,18.99495,11.852607644681026
39.5,19.19596,11.868765845648971
39.5,19.39697,11.884924060240659
39.5,19.59798,11.900912337858545
39.5,19.79899,11.916710678621623
39.5,20.0,11.930189310272693
39.8,0.1,2.1327637357587017
39.8,0.3010101,2.7989205145365363
39.8,0.5020202,3.0827179304842804
39.8,0.7030303,3.2770972018296787
39.8,0.9040404,3.449027913089692
39.8,1.105051,3.6055808257722766
39.8,1.306061,3.7533880045632997
39.8,1.507071,3.9012183597967782
39.8,1.708081,4.044900023616846
39.8,1.909091,4.187206698189751
39.8,2.110101,4.329989512826312
39.8,2.311111,4.473615942696824
39.8,2.512121,4.617247845967677
39.8,2.713131,4.765118976133753
39.8,2.914141,4.913146019094565
39.8,3.115152,5.06298433614968
39.8,3.316162,5.2141749872438785
39.8,3.517172,5.366054093450546
39.8,3.718182,5.525287058527361
39.8,3.919192,5.684523512841614
39.8,4.120202,5.849242393619335
39.8,4.321212,6.017649276466
39.8,4.522222,6.187273560262916
39.8,4.723232,6.366672845693462
39.8,4.924242,6.546076591194397
39.8,5.125253,6.73290144303364
39.8,5.326263,6.924217720914038
39.8,5.527273,7.117035933998582
39.8,5.728283,7.319397139221595
39.8,5.929293,7.521762472439079
39.8,6.130303,7.729041536681894
39.8,6.331313,7.938988079919022
39.8,6.532323,8.14912202242693
39.8,6.733333,8.360205582360539
39.8,6.934343,8.571294686222213
39.8,7.135354,8.776813448779421
39.8,7.336364,8.97963432578092
39.8,7.537374,9.178889488344735
39.8,7.738384,9.362514276104195
39.8,7.939394,9.546146250478527
39.8,8.140404,9.71007412928465
39.8,8.341414,9.86550128677828
39.8,8.542424,10.014233560169858
39.8,8.743434,10.13794262875067
39.8,8.944444,10.261656665688143
39.8,9.145455,10.36435122883199
39.8,9.346465,10.4590216707037
39.8,9.547475,10.548317535688742
39.8,9.748485,10.620202567467153
39.8,9.949495,10.692089902775338
39.8,10.15051,10.751844529895903
39.8,10.35152,10.807512447492499
39.8,10.55253,10.86031319556797
39.8,10.75354,10.904978915202872
39.8,10.95455,10.949645622836822
39.8,11.15556,10.98857610666062
39.8,11.35657,11.0258281144966
39.8,11.55758,11.06165154058283
39.8,11.75859,11.093867381995123
39.8,11.9596,11.12608369128389
39.8,12.16061,11.15548194406098
39.8,12.36162,11.184180920727082
39.8,12.56263,11.212090658716292
39.8,12.76364,11.238261616323797
39.8,12.96465,11.264432826754692
39.8,13.16566,11.289055099424106
39.8,13.36667,11.313347745322368
39.8,13.56768,11.337150834822395
39.8,13.76869,11.36000458340284
39.8,13.9697,11.382868486140476
39.8,14.17071,11.404763009568482
39.8,14.37172,11.426477743823023
39.8,14.57273,11.44787275635494
39.8,14.77374,11.468668150556546
39.8,14.97475,11.489473648970629
39.8,15.17576,11.509599533464032
39.8,15.37677,11.52962554820321
39.8,15.57778,11.549401749758054
39.8,15.77879,11.568768187669741
39.8,15.9798,11.58813470201432
39.8,16.18081,11.606981471644385
39.8,16.38182,11.625768328937683
39.8,16.58283,11.644345319604223
39.8,16.78384,11.662612467088922
39.8,16.98485,11.680869674126122
39.8,17.18586,11.698697060854208
39.8,17.38687,11.716484511157722
39.8,17.58788,11.734072062506575
39.8,17.78889,11.751419725062359
39.8,17.9899,11.768757435985142
39.8,18.19091,11.78570528169299
39.8,18.39192,11.802633176125985
39.8,18.59293,11.819371150801933
39.8,18.79394,11.835909208952737
39.8,18.99495,11.852437307437485
39.8,19.19596,11.868595515077713
39.8,19.39697,11.8847437614825
39.8,19.59798,11.899592188201442
39.8,19.79899,11.913060793884108
39.8,20.0,11.926529424540838
40.1,0.1,2.148105369863697
40.1,0.3010101,2.819500931872635
40.1,0.5020202,3.105268298750936
40.1,0.7030303,3.300386559793806
40.1,0.9040404,3.4707215539429472
40.1,1.105051,3.6082337481748827
40.1,1.306061,3.7636882959305002
40.1,1.507071,3.922921613545549
40.1,1.708081,4.069523003906861
40.1,1.909091,4.2118921972457235
40.1,2.110101,4.354674353507538
40.1,2.311111,4.49830928127765
40.1,2.512121,4.641965058371138
40.1,2.713131,4.789805791802715
40.1,2.914141,4.937817512210908
40.1,3.115152,5.0876559306405165
40.1,3.316162,5.238775179659813
40.1,3.517172,5.390516040536971
40.1,3.718182,5.549446281223193
40.1,3.919192,5.7085595896086145
40.1,4.120202,5.873279309486932
40.1,4.321212,6.0413292860769054
40.1,4.522222,6.210318657019318
40.1,4.723232,6.388730954321416
40.1,4.924242,6.56775862259061
40.1,5.125253,6.7545845179209865
40.1,5.326263,6.944979702717957
40.1,5.527273,7.136261657115828
40.1,5.728283,7.336649741377627
40.1,5.929293,7.5383120441189275
40.1,6.130303,7.745592262785961
40.1,6.331313,7.953975953314279
40.1,6.532323,8.161678065804475
40.1,6.733333,8.370139333646271
40.1,6.934343,8.58035968128935
40.1,7.135354,8.785879559135774
40.1,7.336364,8.98697421871537
40.1,7.537374,9.183768421296572
40.1,7.738384,9.36529750445244
40.1,7.939394,9.548287704827196
40.1,8.140404,9.712216376637745
40.1,8.341414,9.866674155344146
40.1,8.542424,10.014183218103453
40.1,8.743434,10.137233785819266
40.1,8.944444,10.26075856051229
40.1,9.145455,10.363453543713387
40.1,9.346465,10.45801481361766
40.1,9.547475,10.547221552726233
40.1,9.748485,10.619197241859439
40.1,9.949495,10.691114924731982
40.1,10.15051,10.75085976841317
40.1,10.35152,10.806668071082546
40.1,10.55253,10.85962922344939
40.1,10.75354,10.904455271432886
40.1,10.95455,10.949152161233535
40.1,11.15556,10.988082766997781
40.1,11.35657,11.025444997775097
40.1,11.55758,11.061378660296175
40.1,11.75859,11.093684709313196
40.1,11.9596,11.125921127605489
40.1,12.16061,11.155319455236485
40.1,12.36162,11.184068585583642
40.1,12.56263,11.212028487560442
40.1,12.76364,11.238239594760142
40.1,12.96465,11.264410876368315
40.1,13.16566,11.289033198084814
40.1,13.36667,11.313345959870595
40.1,13.56768,11.337169172901678
40.1,13.76869,11.36003303635828
40.1,13.9697,11.382896987754991
40.1,14.17071,11.404791544971063
40.1,14.37172,11.426506370974655
40.1,14.57273,11.447901480512726
40.1,14.77374,11.468696965736022
40.1,14.97475,11.48949249840268
40.1,15.17576,11.509618407062346
40.1,15.37677,11.529644496162746
40.1,15.57778,11.54940077544365
40.1,15.77879,11.568757286556275
40.1,15.9798,11.588123825154279
40.1,16.18081,11.606970612442174
40.1,16.38182,11.625737530736586
40.1,16.58283,11.644294583906277
40.1,16.78384,11.662541790299555
40.1,16.98485,11.68080901446226
40.1,17.18586,11.698626414249148
40.1,17.38687,11.716403914328358
40.1,17.58788,11.733971515602528
40.1,17.78889,11.751299225168694
40.1,17.9899,11.768646948012893
40.1,18.19091,11.7855948033085
40.1,18.39192,11.802502737953215
40.1,18.59293,11.819230751878502
40.1,18.79394,11.835748846839705
40.1,18.99495,11.85227695347631
40.1,19.19596,11.868435168117225
40.1,19.39697,11.884573446263925
40.1,19.59798,11.900531784707754
40.1,19.79899,11.916310182504946
40.1,20.0,11.929788823039505
40.400000000000006,0.1,2.162740893092847
40.400000000000006,0.3010101,2.8401901072514706
40.400000000000006,0.5020202,3.12730835009222
40.400000000000006,0.7030303,3.3238532389324393
40.400000000000006,0.9040404,3.496692432674649
40.400000000000006,1.105051,3.6431003488901315
40.400000000000006,1.306061,3.7911608546343927
40.400000000000006,1.507071,3.9501097279667827
40.400000000000006,1.708081,4.093981994211602
40.400000000000006,1.909091,4.236378621052427
40.400000000000006,2.110101,4.379256884640648
40.400000000000006,2.311111,4.522904956017605
40.400000000000006,2.512121,4.6665586663133185
40.400000000000006,2.713131,4.81440009675922
40.400000000000006,2.914141,4.962391486112009
40.400000000000006,3.115152,5.11204135574187
40.400000000000006,3.316162,5.263109082817622
40.400000000000006,3.517172,5.414850247899731
40.400000000000006,3.718182,5.5737802250689885
40.400000000000006,3.919192,5.732682548438476
40.400000000000006,4.120202,5.896496857689543
40.400000000000006,4.321212,6.064312806920903
40.400000000000006,4.522222,6.23330299899329
40.400000000000006,4.723232,6.4117173323825085
40.400000000000006,4.924242,6.590016925100568
40.400000000000006,5.125253,6.774471587289823
40.400000000000006,5.326263,6.964321705878128
40.400000000000006,5.527273,7.155604659033656
40.400000000000006,5.728283,7.355992888245533
40.400000000000006,5.929293,7.556107044994767
40.400000000000006,6.130303,7.759304279170169
40.400000000000006,6.331313,7.966858084526522
40.400000000000006,6.532323,8.174562275829953
40.400000000000006,6.733333,8.383023730381446
40.400000000000006,6.934343,8.591056597297275
40.400000000000006,7.135354,8.791943141949831
40.400000000000006,7.336364,8.992220126309125
40.400000000000006,7.537374,9.189015279648753
40.400000000000006,7.738384,9.370545333276535
40.400000000000006,7.939394,9.551681560998336
40.400000000000006,8.140404,9.712724284826045
40.400000000000006,8.341414,9.866773086094447
40.400000000000006,8.542424,10.014282756832383
40.400000000000006,8.743434,10.13733388568989
40.400000000000006,8.944444,10.260240037185637
40.400000000000006,9.145455,10.362386680388182
40.400000000000006,9.346465,10.45690846298056
40.400000000000006,9.547475,10.546105526724151
40.400000000000006,9.748485,10.618091494362453
40.400000000000006,9.949495,10.690099808119388
40.400000000000006,10.15051,10.75009535762977
40.400000000000006,10.35152,10.805943908036557
40.400000000000006,10.55253,10.858905235856499
40.400000000000006,10.75354,10.903731434544902
40.400000000000006,10.95455,10.948598650463586
40.400000000000006,11.15556,10.987759632351466
40.400000000000006,11.35657,11.025142002483992
40.400000000000006,11.55758,11.061075767252657
40.400000000000006,11.75859,11.093381906215958
40.400000000000006,11.9596,11.125718537094986
40.400000000000006,12.16061,11.155237117121413
40.400000000000006,12.36162,11.18399633492457
40.400000000000006,12.56263,11.211966300697465
40.400000000000006,12.76364,11.238167465841311
40.400000000000006,12.96465,11.264388905915224
40.400000000000006,13.16566,11.289051416950372
40.400000000000006,13.36667,11.313364237360904
40.400000000000006,13.56768,11.33718749280608
40.400000000000006,13.76869,11.360051395489483
40.400000000000006,13.9697,11.382925473260276
40.400000000000006,14.17071,11.40482017922452
40.400000000000006,14.37172,11.42654504579828
40.400000000000006,14.57273,11.447930184876114
40.400000000000006,14.77374,11.46872569783811
40.400000000000006,14.97475,11.489511334624671
40.400000000000006,15.17576,11.509627362329894
40.400000000000006,15.37677,11.529643480322008
40.400000000000006,15.57778,11.54940978062829
40.400000000000006,15.77879,11.5687563119893
40.400000000000006,15.9798,11.588112937478012
40.400000000000006,16.18081,11.606929820584194
40.400000000000006,16.38182,11.62569675936741
40.400000000000006,16.58283,11.64425382797017
40.400000000000006,16.78384,11.662501049299145
40.400000000000006,16.98485,11.680748346017374
40.400000000000006,17.18586,11.698535822346411
40.400000000000006,17.38687,11.716313336890819
40.400000000000006,17.58788,11.733890949488124
40.400000000000006,17.78889,11.751218670115874
40.400000000000006,17.9899,11.768536453036827
40.400000000000006,18.19091,11.785454368582597
40.400000000000006,18.39192,11.802362313233303
40.400000000000006,18.59293,11.81909033552691
40.400000000000006,18.79394,11.835608438689858
40.400000000000006,18.99495,11.852116594192132
40.400000000000006,19.19596,11.868264855174786
40.400000000000006,19.39697,11.88440314002987
40.400000000000006,19.59798,11.900361484606215
40.400000000000006,19.79899,11.91613988840061
40.400000000000006,20.0,11.930748448817349
40.7,0.1,2.1773092719076623
40.7,0.3010101,2.8607681618239025
40.7,0.5020202,3.1496963999216727
40.7,0.7030303,3.3467043856435845
40.7,0.9040404,3.5204319770193724
40.7,1.105051,3.670260402127726
40.7,1.306061,3.826069531487461
40.7,1.507071,3.974383100921232
40.7,1.708081,4.118270687169791
40.7,1.909091,4.260733170771087
40.7,2.110101,4.403620430966133
40.7,2.311111,4.547258480908779
40.7,2.512121,4.690906505317382
40.7,2.713131,4.838715556728992
40.7,2.914141,4.986644518618301
40.7,3.115152,5.136283477003418
40.7,3.316162,5.287196920820104
40.7,3.517172,5.4388735435197395
40.7,3.718182,5.5976135557623365
40.7,3.919192,5.756221971343434
40.7,4.120202,5.9199771117472775
40.7,4.321212,6.087193296592173
40.7,4.522222,6.2559484292536025
40.7,4.723232,6.433763817563933
40.7,4.924242,6.611204359985741
40.7,5.125253,6.795478013087354
40.7,5.326263,6.983888972774826
40.7,5.527273,7.174643835956108
40.7,5.728283,7.373805079509606
40.7,5.929293,7.572274116217384
40.7,6.130303,7.775121488124713
40.7,6.331313,7.980347498280936
40.7,6.532323,8.18725678473419
40.7,6.733333,8.394029771771448
40.7,6.934343,8.59995113257741
40.7,7.135354,8.800403938571927
40.7,7.336364,8.99820697551378
40.7,7.537374,9.194220383645336
40.7,7.738384,9.374343283848905
40.7,7.939394,9.553837341970908
40.7,8.140404,9.714607084462225
40.7,8.341414,9.867298797680995
40.7,8.542424,10.014412417609984
40.7,8.743434,10.136994759354085
40.7,8.944444,10.259392088487484
40.7,9.145455,10.361499279628728
40.7,9.346465,10.45585202514809
40.7,9.547475,10.545009566374413
40.7,9.748485,10.61705608487704
40.7,9.949495,10.689134924638545
40.7,10.15051,10.749170747557518
40.7,10.35152,10.805179731484264
40.7,10.55253,10.858181290815
40.7,10.75354,10.903127770789649
40.7,10.95455,10.948105250812118
40.7,11.15556,10.987306390012233
40.7,11.35657,11.024819005351238
40.7,11.55758,11.060772900782874
40.7,11.75859,11.093159218134018
40.7,11.9596,11.125556011975481
40.7,12.16061,11.155094695537716
40.7,12.36162,11.183914080560134
40.7,12.56263,11.21189412875058
40.7,12.76364,11.23812542322926
40.7,12.96465,11.264376976669801
40.7,13.16566,11.289039562323193
40.7,13.36667,11.313382507867445
40.7,13.56768,11.33720581891355
40.7,13.76869,11.360079821928712
40.7,13.9697,11.382953983658728
40.7,14.17071,11.404848746596377
40.7,14.37172,11.426573711491024
40.7,14.57273,11.447958889407976
40.7,14.77374,11.468754483121973
40.7,14.97475,11.489540183986943
40.7,15.17576,11.509646256946132
40.7,15.37677,11.529652453863026
40.7,15.57778,11.549418781886674
40.7,15.77879,11.568755379421322
40.7,15.9798,11.58810205457944
40.7,16.18081,11.60690897434616
40.7,16.38182,11.62566597684585
40.7,16.58283,11.644223065330893
40.7,16.78384,11.662450341082117
40.7,16.98485,11.680687676334275
40.7,17.18586,11.698475182445655
40.7,17.38687,11.71623274835971
40.7,17.58788,11.73380037512738
40.7,17.78889,11.751118140111675
40.7,17.9899,11.768425952662204
40.7,18.19091,11.785343892332676
40.7,18.39192,11.802241877856144
40.7,18.59293,11.818959910028246
40.7,18.79394,11.835468049136724
40.7,18.99495,11.85196622716264
40.7,19.19596,11.86810450761658
40.7,19.39697,11.884232824611829
40.7,19.59798,11.900191175842536
40.7,19.79899,11.913659835462536
40.7,20.0,11.927108521235782
41.0,0.1,2.192101526608052
41.0,0.3010101,2.8811482265698767
41.0,0.5020202,3.1722339917569022
41.0,0.7030303,3.369895367304369
41.0,0.9040404,3.5416090969437812
41.0,1.105051,3.6800011852023635
41.0,1.306061,3.8358690961554753
41.0,1.507071,3.9956116301756013
41.0,1.708081,4.142415653892947
41.0,1.909091,4.2848847063533935
41.0,2.110101,4.427770329868347
41.0,2.311111,4.571407295352535
41.0,2.512121,4.715013739467942
41.0,2.713131,4.862696163736442
41.0,2.914141,5.010625794541187
41.0,3.115152,5.160263791317521
41.0,3.316162,5.311162552079316
41.0,3.517172,5.462540101591848
41.0,3.718182,5.620832546045877
41.0,3.919192,5.779441548505473
41.0,4.120202,5.943197465690239
41.0,4.321212,6.110350566604501
41.0,4.522222,6.278052038133615
41.0,4.723232,6.4546295440324455
41.0,4.924242,6.632070981452948
41.0,5.125253,6.816346630630833
41.0,5.326263,7.004572604825865
41.0,5.527273,7.192874202568242
41.0,5.728283,7.38972541031166
41.0,5.929293,7.588195472630296
41.0,6.130303,7.791043951360988
41.0,6.331313,7.995918100680465
41.0,6.532323,8.198960798372644
41.0,6.733333,8.402812596525395
41.0,6.934343,8.608734977080772
41.0,7.135354,8.809188846355028
41.0,7.336364,9.00655811597389
41.0,7.537374,9.198632249926504
41.0,7.738384,9.376505481572723
41.0,7.939394,9.55599932071435
41.0,8.140404,9.716769818946721
41.0,8.341414,9.869187501339821
41.0,8.542424,10.014292619368943
41.0,8.743434,10.136166453751892
41.0,8.944444,10.258564237113601
41.0,9.145455,10.360671832087332
41.0,9.346465,10.454995093100322
41.0,9.547475,10.54397385965658
41.0,9.748485,10.616101016720597
41.0,9.949495,10.688180099978275
41.0,10.15051,10.74821613256507
41.0,10.35152,10.804265372851967
41.0,10.55253,10.857547483954937
41.0,10.75354,10.902634271772515
41.0,10.95455,10.94762188861487
41.0,11.15556,10.98682314648074
41.0,11.35657,11.024365910584024
41.0,11.55758,11.060530128449596
41.0,11.75859,11.09298663284842
41.0,11.9596,11.125393509271943
41.0,12.16061,11.15493226592826
41.0,12.36162,11.183771749669763
41.0,12.56263,11.211842028283296
41.0,12.76364,11.238113452206246
41.0,12.96465,11.2643550590893
41.0,13.16566,11.289027692667956
41.0,13.36667,11.313370710084058
41.0,13.56768,11.337234201527334
41.0,13.76869,11.360118300083224
41.0,13.9697,11.38299249803052
41.0,14.17071,11.404887294181398
41.0,14.37172,11.426612314382263
41.0,14.57273,11.447997639601555
41.0,14.77374,11.46878330587062
41.0,14.97475,11.489569032325942
41.0,15.17576,11.50967512913775
41.0,15.37677,11.529681370159079
41.0,15.57778,11.549417820336272
41.0,15.77879,11.568754473400611
41.0,15.9798,11.588091167231992
41.0,16.18081,11.606908104492945
41.0,16.38182,11.6256551429643
41.0,16.58283,11.64418233269934
41.0,16.78384,11.662399650919738
41.0,16.98485,11.680636999923962
41.0,17.18586,11.698424519176156
41.0,17.38687,11.716172114432526
41.0,17.58788,11.733709824365427
41.0,17.78889,11.751017621418573
41.0,17.9899,11.768325444203676
41.0,18.19091,11.785243393691221
41.0,18.39192,11.802131403001557
41.0,18.59293,11.81882950244223
41.0,18.79394,11.835317665234422
41.0,18.99495,11.85182585085846
41.0,19.19596,11.867954138665453
41.0,19.39697,11.884082474667144
41.0,19.59798,11.900010879651127
41.0,19.79899,11.9146294419255
41.0,20.0,11.928078134529644
41.3,0.1,2.2068196573919447
41.3,0.3010101,2.9011592234337793
41.3,0.5020202,3.1942451527271465
41.3,0.7030303,3.392746055033891
41.3,0.9040404,3.5673366075683384
41.3,1.105051,3.725388693894637
41.3,1.306061,3.8738861415947343
41.3,1.507071,4.0224056440569935
41.3,1.708081,4.166403694698858
41.3,1.909091,4.308903139802566
41.3,2.110101,4.451799311661261
41.3,2.311111,4.595396076237635
41.3,2.512121,4.738997352319624
41.3,2.713131,4.886679427015961
41.3,2.914141,5.034511555330984
41.3,3.115152,5.1840047364476485
41.3,3.316162,5.334737105503698
41.3,3.517172,5.486113898412931
41.3,3.718182,5.644376065037427
41.3,3.919192,5.802641217329553
41.3,4.120202,5.965894365036097
41.3,4.321212,6.132504645575095
41.3,4.522222,6.300205891121779
41.3,4.723232,6.476673395522323
41.3,4.924242,6.653143832295589
41.3,5.125253,6.83617343574365
41.3,5.326263,7.0231713095530495
41.3,5.527273,7.211472862820974
41.3,5.728283,7.408061154675131
41.3,5.929293,7.604654136089894
41.3,6.130303,7.805374781159127
41.3,6.331313,8.00833814336058
41.3,6.532323,8.211382871995317
41.3,6.733333,8.414824897750835
41.3,6.934343,8.618272886891194
41.3,7.135354,8.816298691003976
41.3,7.336364,9.011699764280314
41.3,7.537374,9.203773801267017
41.3,7.738384,9.381267195416305
41.3,7.939394,9.558767089007668
41.3,8.140404,9.718003544320243
41.3,8.341414,9.869360810484967
41.3,8.542424,10.014472509381282
41.3,8.743434,10.13619707853616
41.3,8.944444,10.257936223016003
41.3,9.145455,10.359734889179277
41.3,9.346465,10.453928943303108
41.3,9.547475,10.542908022687506
41.3,9.748485,10.615055538387251
41.3,9.949495,10.687205231534422
41.3,10.15051,10.747381738865048
41.3,10.35152,10.803541338459873
41.3,10.55253,10.85682361986458
41.3,10.75354,10.901960598213794
41.3,10.95455,10.947098519124546
41.3,11.15556,10.986430032698548
41.3,11.35657,11.024062996486665
41.3,11.55758,11.060227313957224
41.3,11.75859,11.092713937362468
41.3,11.9596,11.125211004581065
41.3,12.16061,11.1548099309008
41.3,12.36162,11.183699546280945
41.3,12.56263,11.211769887449554
41.3,12.76364,11.238051394536923
41.3,12.96465,11.264343138711899
41.3,13.16566,11.289035898099128
41.3,13.36667,11.313399010558133
41.3,13.56768,11.337262543692471
41.3,13.76869,11.36014670463927
41.3,13.9697,11.383031008767981
41.3,14.17071,11.404925903382571
41.3,14.37172,11.426650995455736
41.3,14.57273,11.448036349709358
41.3,14.77374,11.468822065069567
41.3,14.97475,11.489597876296349
41.3,15.17576,11.509694052231293
41.3,15.37677,11.529700348823589
41.3,15.57778,11.549436819951003
41.3,15.77879,11.568763512731943
41.3,15.9798,11.588090275211542
41.3,16.18081,11.60688727657549
41.3,16.38182,11.625634358377475
41.3,16.58283,11.644151563631885
41.3,16.78384,11.662368914217168
41.3,16.98485,11.680586318913685
41.3,17.18586,11.698363889832018
41.3,17.38687,11.716101518754472
41.3,17.58788,11.733639240225385
41.3,17.78889,11.750937063755682
41.3,17.9899,11.768234931197105
41.3,18.19091,11.785132921890712
41.3,18.39192,11.802010957022324
41.3,18.59293,11.818709065070777
41.3,18.79394,11.835197249200002
41.3,18.99495,11.85168547007636
41.3,19.19596,11.867803790061847
41.3,19.39697,11.88391214552467
41.3,19.59798,11.899850556951696
41.3,19.79899,11.915599023955497
41.3,20.0,11.93135752246907
41.599999999999994,0.1,2.2213936803893386
41.599999999999994,0.3010101,2.921005222916507
41.599999999999994,0.5020202,3.2161195265270086
41.599999999999994,0.7030303,3.41535687669813
41.599999999999994,0.9040404,3.588298451926905
41.599999999999994,1.105051,3.730334257699559
41.599999999999994,1.306061,3.897352622186251
41.599999999999994,1.507071,4.046061753288953
41.599999999999994,1.708081,4.190106001268795
41.599999999999994,1.909091,4.332617861548381
41.599999999999994,2.110101,4.475500583333962
41.599999999999994,2.311111,4.619029116215705
41.599999999999994,2.512121,4.762624204415676
41.599999999999994,2.713131,4.910304908708276
41.599999999999994,2.914141,5.058011488119603
41.599999999999994,3.115152,5.207332810818719
41.599999999999994,3.316162,5.357874760258033
41.599999999999994,3.517172,5.509251778309535
41.599999999999994,3.718182,5.66748164795811
41.599999999999994,3.919192,5.825382962606913
41.599999999999994,4.120202,5.988123357296727
41.599999999999994,4.321212,6.1541828401155465
41.599999999999994,4.522222,6.321885840561506
41.599999999999994,4.723232,6.4982423411776855
41.599999999999994,4.924242,6.6737498265696065
41.599999999999994,5.125253,6.85555144655237
41.599999999999994,5.326263,7.041344278539405
41.599999999999994,5.527273,7.229647773294468
41.599999999999994,5.728283,7.425979153713507
41.599999999999994,5.929293,7.620740138730083
41.599999999999994,6.130303,7.819389011210724
41.599999999999994,6.331313,8.020493622282217
41.599999999999994,6.532323,8.223539363984523
41.599999999999994,6.733333,8.426583598394721
41.599999999999994,6.934343,8.627627197629298
41.599999999999994,7.135354,8.823293924559112
41.599999999999994,7.336364,9.016777780868466
41.599999999999994,7.537374,9.208853705198353
41.599999999999994,7.738384,9.385976239271514
41.599999999999994,7.939394,9.561529139773167
41.599999999999994,8.140404,9.719261504138586
41.599999999999994,8.341414,9.869575317576137
41.599999999999994,8.542424,10.014682591433214
41.599999999999994,8.743434,10.136277878985632
41.599999999999994,8.944444,10.25734835472051
41.599999999999994,9.145455,10.35883806921634
41.599999999999994,9.346465,10.452892902496863
41.599999999999994,9.547475,10.541872290693652
41.599999999999994,9.748485,10.614040158198877
41.599999999999994,9.949495,10.68625044868578
41.599999999999994,10.15051,10.746557419870687
41.599999999999994,10.35152,10.802827370704426
41.599999999999994,10.55253,10.856109820459741
41.599999999999994,10.75354,10.901286986030055
41.599999999999994,10.95455,10.94657520232841
41.599999999999994,11.15556,10.986036963775149
41.599999999999994,11.35657,11.023760121661818
41.599999999999994,11.55758,11.059924537989723
41.599999999999994,11.75859,11.092441278011503
41.599999999999994,11.9596,11.125018529729655
41.599999999999994,12.16061,11.154697619795453
41.599999999999994,12.36162,11.18362736318591
41.599999999999994,12.56263,11.211697766680262
41.599999999999994,12.76364,11.237999355129094
41.599999999999994,12.96465,11.264321232461127
41.599999999999994,13.16566,11.289044113651151
41.599999999999994,13.36667,11.313417318834187
41.599999999999994,13.56768,11.337280893601235
41.599999999999994,13.76869,11.360175115859045
41.599999999999994,13.9697,11.383069523083082
41.599999999999994,14.17071,11.40496451354176
41.599999999999994,14.37172,11.426689676004788
41.599999999999994,14.57273,11.448075059505394
41.599999999999994,14.77374,11.468860823221199
41.599999999999994,14.97475,11.489636717167746
41.599999999999994,15.17576,11.509722970442365
41.599999999999994,15.37677,11.529719321772623
41.599999999999994,15.57778,11.549455814077115
41.599999999999994,15.77879,11.568782546074859
41.599999999999994,15.9798,11.588089375899461
41.599999999999994,16.18081,11.606876440180411
41.599999999999994,16.38182,11.625613564804233
41.599999999999994,16.58283,11.644140785709135
41.599999999999994,16.78384,11.662348168503224
41.599999999999994,16.98485,11.68054562800106
41.599999999999994,17.18586,11.698303249841256
41.599999999999994,17.38687,11.716030912125442
41.599999999999994,17.58788,11.73357864534999
41.599999999999994,17.78889,11.75086649521698
41.599999999999994,17.9899,11.76814440674914
41.599999999999994,18.19091,11.785022438112419
41.599999999999994,18.39192,11.801900498851646
41.599999999999994,18.59293,11.818598615839967
41.599999999999994,18.79394,11.835076821327517
41.599999999999994,18.99495,11.851545077208902
41.599999999999994,19.19596,11.867653429210707
41.599999999999994,19.39697,11.883761804122406
41.599999999999994,19.59798,11.899700222242924
41.599999999999994,19.79899,11.91430881493857
41.599999999999994,20.0,11.927737554993355
41.900000000000006,0.1,2.2357376136926463
41.900000000000006,0.3010101,2.9409670239382697
41.900000000000006,0.5020202,3.2374646393691213
41.900000000000006,0.7030303,3.438118052457398
41.900000000000006,0.9040404,3.6135658677536004
41.900000000000006,1.105051,3.7613201675210215
41.900000000000006,1.306061,3.91000349066811
41.900000000000006,1.507071,4.066807605973279
41.900000000000006,1.708081,4.21372612898595
41.900000000000006,1.909091,4.356239617986473
41.900000000000006,2.110101,4.499119737548495
41.900000000000006,2.311111,4.6426471861797465
41.900000000000006,2.512121,4.786140618680374
41.900000000000006,2.713131,4.933623569890197
41.900000000000006,2.914141,5.08132977542928
41.900000000000006,3.115152,5.230651077308829
41.900000000000006,3.316162,5.381176275692062
41.900000000000006,3.517172,5.532186147066922
41.900000000000006,3.718182,5.689928427548982
41.900000000000006,3.919192,5.847830267802186
41.900000000000006,4.120202,6.010571377763175
41.900000000000006,4.321212,6.176566720045185
41.900000000000006,4.522222,6.343200140252223
41.900000000000006,4.723232,6.518334843067493
41.900000000000006,4.924242,6.693843174004296
41.900000000000006,5.125253,6.8756467485717865
41.900000000000006,5.326263,7.061258561671794
41.900000000000006,5.527273,7.247193004056834
41.900000000000006,5.728283,7.441303485346751
41.900000000000006,5.929293,7.636065444292036
41.900000000000006,6.130303,7.8347163702864755
41.900000000000006,6.331313,8.03547907887601
41.900000000000006,6.532323,8.23484835887869
41.900000000000006,6.733333,8.43509939635575
41.900000000000006,6.934343,8.636144960794281
41.900000000000006,7.135354,8.831811691728916
41.900000000000006,7.336364,9.024873723382628
41.900000000000006,7.537374,9.213197300139118
41.900000000000006,7.738384,9.388153060779906
41.900000000000006,7.939394,9.563706700559464
41.900000000000006,8.140404,9.721439781180901
41.900000000000006,8.341414,9.871482519883228
41.900000000000006,8.542424,10.014633170914209
41.900000000000006,8.743434,10.135519888751885
41.900000000000006,8.944444,10.256600797507941
41.900000000000006,9.145455,10.358080900382184
41.900000000000006,9.346465,10.452096229462965
41.900000000000006,9.547475,10.540876792159931
41.900000000000006,9.748485,10.613105274745344
41.900000000000006,9.949495,10.685315799678625
41.900000000000006,10.15051,10.745622973162913
41.900000000000006,10.35152,10.801933171409937
41.900000000000006,10.55253,10.855476144027552
41.900000000000006,10.75354,10.900793602756524
41.900000000000006,10.95455,10.946081952016941
41.900000000000006,11.15556,10.985543828462815
41.900000000000006,11.35657,11.02330712954697
41.900000000000006,11.55758,11.05967184569419
41.900000000000006,11.75859,11.092268762657211
41.900000000000006,11.9596,11.124856094928418
41.900000000000006,12.16061,11.154525256257891
41.900000000000006,12.36162,11.183475094950198
41.900000000000006,12.56263,11.211645711676063
41.900000000000006,12.76364,11.237977423181459
41.900000000000006,12.96465,11.264309352595927
41.900000000000006,13.16566,11.289032280702916
41.900000000000006,13.36667,11.313415555312462
41.900000000000006,13.56768,11.337309298338717
41.900000000000006,13.76869,11.360213611937498
41.900000000000006,13.9697,11.383108054746973
41.900000000000006,14.17071,11.405013077689253
41.900000000000006,14.37172,11.42673829391044
41.900000000000006,14.57273,11.448113816074272
41.900000000000006,14.77374,11.468889649795342
41.900000000000006,14.97475,11.4896755688743
41.900000000000006,15.17576,11.50976184566522
41.900000000000006,15.37677,11.529748240177282
41.900000000000006,15.57778,11.549464848419673
41.900000000000006,15.77879,11.568781634393071
41.900000000000006,15.9798,11.5880984826568
41.900000000000006,16.18081,11.60688556433238
41.900000000000006,16.38182,11.625612724241751
41.900000000000006,16.58283,11.644110042025984
41.900000000000006,16.78384,11.662307466399604
41.900000000000006,16.98485,11.680504939636185
41.900000000000006,17.18586,11.698262574636296
41.900000000000006,17.38687,11.715980265833213
41.900000000000006,17.58788,11.73349807896055
41.900000000000006,17.78889,11.750775960326068
41.900000000000006,17.9899,11.768053882236659
41.900000000000006,18.19091,11.784941923544142
41.900000000000006,18.39192,11.801800007928742
41.900000000000006,18.59293,11.818468189558699
41.900000000000006,18.79394,11.834946418532756
41.900000000000006,18.99495,11.851414682265556
41.900000000000006,19.19596,11.867523041821158
41.900000000000006,19.39697,11.883621435814852
41.900000000000006,19.59798,11.89953990548415
41.900000000000006,19.79899,11.912988624400027
41.900000000000006,20.0,11.926417367607094
42.2,0.1,2.2495694743112074
42.2,0.3010101,2.9608097218618235
42.2,0.5020202,3.259147752680988
42.2,0.7030303,3.460263630639117
42.2,0.9040404,3.6365512858229128
42.2,1.105051,3.7845137690587403
42.2,1.306061,3.933372075491609
42.2,1.507071,4.090225724847101
42.2,1.708081,4.237141657453752
42.2,1.909091,4.379651136207668
42.2,2.110101,4.522530285924358
42.2,2.311111,4.665976625483742
42.2,2.512121,4.809418319425784
42.2,2.713131,4.956827767510765
42.2,2.914141,5.104390375099318
42.2,3.115152,5.253693668020328
42.2,3.316162,5.403988443003621
42.2,3.517172,5.554902651167578
42.2,3.718182,5.7124208875965765
42.2,3.919192,5.869977781480206
42.2,4.120202,6.032656642057272
42.2,4.321212,6.198030253436479
42.2,4.522222,6.364420584739378
42.2,4.723232,6.538970386419979
42.2,4.924242,6.713638779218784
42.2,5.125253,6.895272299928759
42.2,5.326263,7.079521141467973
42.2,5.527273,7.264956516792176
42.2,5.728283,7.457926108382131
42.2,5.929293,7.651161103754953
42.2,6.130303,7.849490114055901
42.2,6.331313,8.048112144598525
42.2,6.532323,8.246750495377738
42.2,6.733333,8.445452030969635
42.2,6.934343,8.64455907937294
42.2,7.135354,8.83982698345437
42.2,7.336364,9.030611967788174
42.2,7.537374,9.218214707101216
42.2,7.738384,9.39186216228728
42.2,7.939394,9.565888490730371
42.2,8.140404,9.723362511409823
42.2,8.341414,9.87211300419683
42.2,8.542424,10.014883523074293
42.2,8.743434,10.135301360272472
42.2,8.944444,10.255873359771966
42.2,9.145455,10.357313975130445
42.2,9.346465,10.451130202707551
42.2,9.547475,10.539861208427768
42.2,9.748485,10.612130204993363
42.2,9.949495,10.684391220909777
42.2,10.15051,10.744728650845722
42.2,10.35152,10.801189248940869
42.2,10.55253,10.854762437275745
42.2,10.75354,10.900200153145525
42.2,10.95455,10.945598744624482
42.2,11.15556,10.98509076784058
42.2,11.35657,11.022974290173767
42.2,11.55758,11.059359127714934
42.2,11.75859,11.092036205476797
42.2,11.9596,11.12468368566035
42.2,12.16061,11.15437294329463
42.2,12.36162,11.183382931884754
42.2,12.56263,11.21157362529922
42.2,12.76364,11.237935453621487
42.2,12.96465,11.264297486285555
42.2,13.16566,11.289030483977673
42.2,13.36667,11.313433871786934
42.2,13.56768,11.337337666934369
42.2,13.76869,11.360242072127166
42.2,13.9697,11.383146592196626
42.2,14.17071,11.405051668822477
42.2,14.37172,11.426776975097113
42.2,14.57273,11.448162534071287
42.2,14.77374,11.468938442419711
42.2,14.97475,11.489714421445273
42.2,15.17576,11.509800741227682
42.2,15.37677,11.529777208994512
42.2,15.57778,11.549493843896988
42.2,15.77879,11.568800691804705
42.2,15.9798,11.58810758707274
42.2,16.18081,11.606884703948534
42.2,16.38182,11.625601923759987
42.2,16.58283,11.64409926094097
42.2,16.78384,11.6622767367695
42.2,16.98485,11.680474246838804
42.2,17.18586,11.698221910707659
42.2,17.38687,11.715929650555182
42.2,17.58788,11.73343747775906
42.2,17.78889,11.750705401342731
42.2,17.9899,11.767973351891488
42.2,18.19091,11.784851416726003
42.2,18.39192,11.801699539960543
42.2,18.59293,11.818367731649664
42.2,18.79394,11.834825994742646
42.2,18.99495,11.851294280289167
42.2,19.19596,11.86739265873855
42.2,19.39697,11.88348108308273
42.2,19.59798,11.899389559929052
42.2,19.79899,11.915118088906995
42.2,20.0,11.929696743989462
42.5,0.1,2.2631812608451134
42.5,0.3010101,2.980445454335594
42.5,0.5020202,3.280971393116773
42.5,0.7030303,3.482711141241064
42.5,0.9040404,3.6569605581325573
42.5,1.105051,3.796586870922793
42.5,1.306061,3.960557843724545
42.5,1.507071,4.116229487459229
42.5,1.708081,4.260366104866136
42.5,1.909091,4.402868142164365
42.5,2.110101,4.54565942948866
42.5,2.311111,4.689026804872499
42.5,2.512121,4.832467393437916
42.5,2.713131,4.979876433515832
42.5,2.914141,5.127338511127877
42.5,3.115152,5.276243955925765
42.5,3.316162,5.426432036405575
42.5,3.517172,5.57734641203047
42.5,3.718182,5.734865230205384
42.5,3.919192,5.892151055192822
42.5,4.120202,6.053831652831069
42.5,4.321212,6.218955211928537
42.5,4.522222,6.385346249899513
42.5,4.723232,6.559896970043264
42.5,4.924242,6.733865452511207
42.5,5.125253,6.913268258679218
42.5,5.326263,7.097021089036796
42.5,5.527273,7.282457358337219
42.5,5.728283,7.4754279826035654
42.5,5.929293,7.667280069381406
42.5,6.130303,7.861948584022252
42.5,6.331313,8.059849730811274
42.5,6.532323,8.258489038496695
42.5,6.733333,8.457191618588716
42.5,6.934343,8.654380181293517
42.5,7.135354,8.845515675653418
42.5,7.336364,9.035588856960489
42.5,7.537374,9.223192430668407
42.5,7.738384,9.396840737045531
42.5,7.939394,9.56920786504633
42.5,8.140404,9.724016599018874
42.5,8.341414,9.872390991514122
42.5,8.542424,10.015164054357015
42.5,8.743434,10.135582394299012
42.5,8.944444,10.255525621659533
42.5,9.145455,10.356367733797857
42.5,9.346465,10.450134421712404
42.5,9.547475,10.53886572243716
42.5,9.748485,10.611134974086104
42.5,9.949495,10.68344655758227
42.5,10.15051,10.743984616841788
42.5,10.35152,10.800475438863874
42.5,10.55253,10.854048789163066
42.5,10.75354,10.899486644354646
42.5,10.95455,10.945035519462099
42.5,11.15556,10.984747863259344
42.5,11.35657,11.022661510874608
42.5,11.55758,11.059046444323227
42.5,11.75859,11.0917236061995
42.5,11.9596,11.124471266573117
42.5,12.16061,11.15428073614436
42.5,12.36162,11.183310803893344
42.5,12.56263,11.211491558291296
42.5,12.76364,11.237863441187656
42.5,12.96465,11.26426560883389
42.5,13.16566,11.289048767450161
42.5,13.36667,11.31346220908604
42.5,13.56768,11.337356045171102
42.5,13.76869,11.360270487906531
42.5,13.9697,11.383185117446967
42.5,14.17071,11.4051003234861
42.5,14.37172,11.426825667908343
42.5,14.57273,11.448211255549898
42.5,14.77374,11.468987190891186
42.5,14.97475,11.489753262123202
42.5,15.17576,11.509829687952188
42.5,15.37677,11.529806183304
42.5,15.57778,11.549522839111066
42.5,15.77879,11.568829706970725
42.5,15.9798,11.588126680684976
42.5,16.18081,11.606883884539943
42.5,16.38182,11.625591124521007
42.5,16.58283,11.644088477264907
42.5,16.78384,11.66227596808804
42.5,16.98485,11.68044354483723
42.5,17.18586,11.698171278978727
42.5,17.38687,11.715869033454464
42.5,17.58788,11.733386872427507
42.5,17.78889,11.750644807582628
42.5,17.9899,11.767892813570752
42.5,18.19091,11.784750934026361
42.5,18.39192,11.801599067800513
42.5,18.59293,11.818267268524975
42.5,18.79394,11.834725540450043
42.5,18.99495,11.851163871383514
42.5,19.19596,11.867252292863053
42.5,19.39697,11.883330724752833
42.5,19.59798,11.89924920850866
42.5,19.79899,11.914977744337955
42.5,20.0,11.92839653576306
42.8,0.1,2.277166898531055
42.8,0.3010101,2.999699149722716
42.8,0.5020202,3.3022426874167454
42.8,0.7030303,3.5048093579852777
42.8,0.9040404,3.681920710785731
42.8,1.105051,3.8412966179845043
42.8,1.306061,3.9903175547084944
42.8,1.507071,4.139360269403798
42.8,1.708081,4.2834804019502855
42.8,1.909091,4.425967131870473
42.8,2.110101,4.568756853124685
42.8,2.311111,4.712078673605101
42.8,2.512121,4.855405987353824
42.8,2.713131,5.002642325108554
42.8,2.914141,5.150022870944301
42.8,3.115152,5.298928240828807
42.8,3.316162,5.44897168849332
42.8,3.517172,5.599620599696887
42.8,3.718182,5.756742578865158
42.8,3.919192,5.913866119478642
42.8,4.120202,6.075547370124724
42.8,4.321212,6.240293007866529
42.8,4.522222,6.406021249267807
42.8,4.723232,6.579624221432042
42.8,4.924242,6.7532306316272726
42.8,5.125253,6.932634343178389
42.8,5.326263,7.115547213862622
42.8,5.527273,7.299589531780365
42.8,5.728283,7.490815361653073
42.8,5.929293,7.682044440398126
42.8,6.130303,7.8767149517736765
42.8,6.331313,8.073254335272804
42.8,6.532323,8.269779993231703
42.8,6.733333,8.466209264504014
42.8,6.934343,8.662643959105807
42.8,7.135354,8.85378039499071
42.8,7.336364,9.042351178797126
42.8,7.537374,9.227804597641688
42.8,7.738384,9.399597893624247
42.8,7.939394,9.5713960744375
42.8,8.140404,9.72620548399
42.8,8.341414,9.873685273879794
42.8,8.542424,10.015314885068564
42.8,8.743434,10.135074534806117
42.8,8.944444,10.254838405181406
42.8,9.145455,10.355680885794472
42.8,9.346465,10.449298307901605
42.8,9.547475,10.537890382158155
42.8,9.748485,10.610210213732659
42.8,9.949495,10.682522107222313
42.8,10.15051,10.743070359949453
42.8,10.35152,10.799661518933384
42.8,10.55253,10.853375219266212
42.8,10.75354,10.898963353675924
42.8,10.95455,10.944542390429964
42.8,11.15556,10.984254845259558
42.8,11.35657,11.022258681680551
42.8,11.55758,11.058763812442741
42.8,11.75859,11.091531146540182
42.8,11.9596,11.12428890416979
42.8,12.16061,11.15410844269193
42.8,12.36162,11.183178639424101
42.8,12.56263,11.21142952985497
42.8,12.76364,11.237841537605677
42.8,12.96465,11.264253769239378
42.8,13.16566,11.289026973812595
42.8,13.36667,11.313460513725417
42.8,13.56768,11.337384454173755
42.8,13.76869,11.360308994793588
42.8,13.9697,11.383233668728861
42.8,14.17071,11.405138906816928
42.8,14.37172,11.426874330649722
42.8,14.57273,11.448260002431338
42.8,14.77374,11.469026017308288
42.8,14.97475,11.489802120317565
42.8,15.17576,11.509868569367836
42.8,15.37677,11.52984513059847
42.8,15.57778,11.549551855318045
42.8,15.77879,11.568848788519967
42.8,15.9798,11.58813578541442
42.8,16.18081,11.606893006502586
42.8,16.38182,11.625600301523576
42.8,16.58283,11.644077710885043
42.8,16.78384,11.662245255296117
42.8,16.98485,11.680412848857442
42.8,17.18586,11.698140596067908
42.8,17.38687,11.715828396188591
42.8,17.58788,11.733326280947505
42.8,17.78889,11.750574259221558
42.8,17.9899,11.76782227744991
42.8,18.19091,11.784670407939764
42.8,18.39192,11.801508578893266
42.8,18.59293,11.818166815989814
42.8,18.79394,11.834605122168863
42.8,18.99495,11.851053461880138
42.8,19.19596,11.867131891083226
42.8,19.39697,11.88320035273411
42.8,19.59798,11.89797896964496
42.8,19.79899,11.911387741030493
42.8,20.0,11.924796533447084
43.099999999999994,0.1,2.2904955246065857
43.099999999999994,0.3010101,3.0187768801941046
43.099999999999994,0.5020202,3.323355205103247
43.099999999999994,0.7030303,3.5266427150892317
43.099999999999994,0.9040404,3.7020727432808243
43.099999999999994,1.105051,3.842114080875671
43.099999999999994,1.306061,3.9988050328372884
43.099999999999994,1.507071,4.1593337238513195
43.099999999999994,1.708081,4.306297966293406
43.099999999999994,1.909091,4.448759415517979
43.099999999999994,2.110101,4.591547564027067
43.099999999999994,2.311111,4.734814821866253
43.099999999999994,2.512121,4.878010842649636
43.099999999999994,2.713131,5.025054449886627
43.099999999999994,2.914141,5.17234243897684
43.099999999999994,3.115152,5.321247717036516
43.099999999999994,3.316162,5.471133506243498
43.099999999999994,3.517172,5.6214979217048
43.099999999999994,3.718182,5.778208060483119
43.099999999999994,3.919192,5.93516530496006
43.099999999999994,4.120202,6.0968471978381835
43.099999999999994,4.321212,6.2612119251045195
43.099999999999994,4.522222,6.426271401147495
43.099999999999994,4.723232,6.598934677442626
43.099999999999994,4.924242,6.772183032741856
43.099999999999994,5.125253,6.951587634472691
43.099999999999994,5.326263,7.133673597687387
43.099999999999994,5.527273,7.3163480461849
43.099999999999994,5.728283,7.505869149646504
43.099999999999994,5.929293,7.696491230590943
43.099999999999994,6.130303,7.891161721528533
43.099999999999994,6.331313,8.086378374475755
43.099999999999994,6.532323,8.28084643498782
43.099999999999994,6.733333,8.47506342622402
43.099999999999994,6.934343,8.670765246206608
43.099999999999994,7.135354,8.861902605511183
43.099999999999994,7.336364,9.049007962845034
43.099999999999994,7.537374,9.232366197446673
43.099999999999994,7.738384,9.402345437842804
43.099999999999994,7.939394,9.573587647056042
43.099999999999994,8.140404,9.72839871459578
43.099999999999994,8.341414,9.87499786196831
43.099999999999994,8.542424,10.015505976142064
43.099999999999994,8.743434,10.134606894248027
43.099999999999994,8.944444,10.254181389175418
43.099999999999994,9.145455,10.3550242308316
43.099999999999994,9.346465,10.44849236168922
43.099999999999994,9.547475,10.536935184065417
43.099999999999994,9.748485,10.609285574568506
43.099999999999994,9.949495,10.681617768465633
43.099999999999994,10.15051,10.74216621101451
43.099999999999994,10.35152,10.798857693584294
43.099999999999994,10.55253,10.852701728907306
43.099999999999994,10.75354,10.898430129703032
43.099999999999994,10.95455,10.944039323576204
43.099999999999994,11.15556,10.983751887932897
43.099999999999994,11.35657,11.021855904365099
43.099999999999994,11.55758,11.058471223125169
43.099999999999994,11.75859,11.09132872116996
43.099999999999994,11.9596,11.124106573663985
43.099999999999994,12.16061,11.153926180697532
43.099999999999994,12.36162,11.183056500874935
43.099999999999994,12.56263,11.211357521972904
43.099999999999994,12.76364,11.2378096496358
43.099999999999994,12.96465,11.264231944214707
43.099999999999994,13.16566,11.2890151944012
43.099999999999994,13.36667,11.31346882951764
43.099999999999994,13.56768,11.337412870951864
43.099999999999994,13.76869,11.360347506484583
43.099999999999994,13.9697,11.383272224531
43.099999999999994,14.17071,11.405187494560838
43.099999999999994,14.37172,11.426922996085503
43.099999999999994,14.57273,11.44830875000313
43.099999999999994,14.77374,11.469074842742724
43.099999999999994,14.97475,11.489850977529676
43.099999999999994,15.17576,11.509917449875024
43.099999999999994,15.37677,11.52988407597596
43.099999999999994,15.57778,11.549580868391525
43.099999999999994,15.77879,11.568867865962378
43.099999999999994,15.9798,11.58815488605997
43.099999999999994,16.18081,11.60691212455562
43.099999999999994,16.38182,11.625599474137129
43.099999999999994,16.58283,11.644066939377042
43.099999999999994,16.78384,11.662224536751356
43.099999999999994,16.98485,11.680392147272753
43.099999999999994,17.18586,11.698119907726733
43.099999999999994,17.38687,11.715797752949586
43.099999999999994,17.58788,11.73327568293157
43.099999999999994,17.78889,11.750503703820327
43.099999999999994,17.9899,11.76775173439638
43.099999999999994,18.19091,11.784609875071226
43.099999999999994,18.39192,11.801428082599061
43.099999999999994,18.59293,11.818066355405714
43.099999999999994,18.79394,11.834494694977439
43.099999999999994,18.99495,11.85093304365994
43.099999999999994,19.19596,11.867021480768559
43.099999999999994,19.39697,11.883079971418676
43.099999999999994,19.59798,11.898958512128013
43.099999999999994,19.79899,11.914667102073452
43.099999999999994,20.0,11.928085904440147
43.400000000000006,0.1,2.3046189794915697
43.400000000000006,0.3010101,3.037958466900449
43.400000000000006,0.5020202,3.343911500534011
43.400000000000006,0.7030303,3.5486064335777945
43.400000000000006,0.9040404,3.7265497199752526
43.400000000000006,1.105051,3.8755399133744253
43.400000000000006,1.306061,4.0247133054339255
43.400000000000006,1.507071,4.184877164438218
43.400000000000006,1.708081,4.329044474138996
43.400000000000006,1.909091,4.47149355973163
43.400000000000006,2.110101,4.614136900051739
43.400000000000006,2.311111,4.757307192287636
43.400000000000006,2.512121,4.900501110034628
43.400000000000006,2.713131,5.0475442710669425
43.400000000000006,2.914141,5.194717677900235
43.400000000000006,3.115152,5.343148987130692
43.400000000000006,3.316162,5.492919019250457
43.400000000000006,3.517172,5.643284548077768
43.400000000000006,3.718182,5.799995200963679
43.400000000000006,3.919192,5.956668335309306
43.400000000000006,4.120202,6.117317017310656
43.400000000000006,4.321212,6.281429652528719
43.400000000000006,4.522222,6.446490784277216
43.400000000000006,4.723232,6.619154929720823
43.400000000000006,4.924242,6.791709394390573
43.400000000000006,5.125253,6.9689465624854865
43.400000000000006,5.326263,7.150543500727467
43.400000000000006,5.527273,7.333218795345221
43.400000000000006,5.728283,7.522740879582578
43.400000000000006,5.929293,7.712024093491214
43.400000000000006,6.130303,7.903211321495415
43.400000000000006,6.331313,8.097725060239588
43.400000000000006,6.532323,8.29219402012592
43.400000000000006,6.733333,8.486411998787966
43.400000000000006,6.934343,8.680267339481201
43.400000000000006,7.135354,8.867476294081447
43.400000000000006,7.336364,9.053887787073002
43.400000000000006,7.537374,9.237246801087085
43.400000000000006,7.738384,9.407226835048021
43.400000000000006,7.939394,9.576863764161425
43.400000000000006,8.140404,9.72910440337235
43.400000000000006,8.341414,9.8753324021679
43.400000000000006,8.542424,10.015837024576319
43.400000000000006,8.743434,10.134938414347278
43.400000000000006,8.944444,10.253904069641077
43.400000000000006,9.145455,10.354128310573714
43.400000000000006,9.346465,10.447536880142467
43.400000000000006,9.547475,10.535969981684657
43.400000000000006,9.748485,10.608330613514596
43.400000000000006,9.949495,10.680693340043089
43.400000000000006,10.15051,10.741422358848018
43.400000000000006,10.35152,10.798144054721682
43.400000000000006,10.55253,10.85198824521683
43.400000000000006,10.75354,10.897716779557442
43.400000000000006,10.95455,10.94347623512548
43.400000000000006,11.15556,10.983409086387473
43.400000000000006,11.35657,11.021533223262532
43.400000000000006,11.55758,11.05814863487499
43.400000000000006,11.75859,11.091006214410653
43.400000000000006,11.9596,11.123884232603562
43.400000000000006,12.16061,11.153824030919006
43.400000000000006,12.36162,11.182964427789287
43.400000000000006,12.56263,11.211275508086224
43.400000000000006,12.76364,11.237727689148251
43.400000000000006,12.96465,11.264190109503962
43.400000000000006,13.16566,11.289023508127816
43.400000000000006,13.36667,11.313487195599789
43.400000000000006,13.56768,11.337431277073597
43.400000000000006,13.76869,11.360365949477478
43.400000000000006,13.9697,11.38331077095968
43.400000000000006,14.17071,11.405236163151985
43.400000000000006,14.37172,11.42697170206597
43.400000000000006,14.57273,11.44835748417311
43.400000000000006,14.77374,11.46912360342009
43.400000000000006,14.97475,11.489899826693456
43.400000000000006,15.17576,11.509956400774275
43.400000000000006,15.37677,11.52992305396912
43.400000000000006,15.57778,11.549619866989232
43.400000000000006,15.77879,11.568906884244324
43.400000000000006,15.9798,11.58818398039036
43.400000000000006,16.18081,11.606921303393847
43.400000000000006,16.38182,11.625608672784407
43.400000000000006,16.58283,11.644076153412229
43.400000000000006,16.78384,11.662223765718377
43.400000000000006,16.98485,11.680371441341137
43.400000000000006,17.18586,11.69807927018203
43.400000000000006,17.38687,11.715747129930053
43.400000000000006,17.58788,11.73323507161303
43.400000000000006,17.78889,11.75046310392997
43.400000000000006,17.9899,11.767691188424392
43.400000000000006,18.19091,11.784519382901971
43.400000000000006,18.39192,11.80133760096403
43.400000000000006,18.59293,11.817975882847108
43.400000000000006,18.79394,11.834404231295595
43.400000000000006,18.99495,11.850822623466211
43.400000000000006,19.19596,11.866891101612124
43.400000000000006,19.39697,11.882949599946107
43.400000000000006,19.59798,11.898828147723876
43.400000000000006,19.79899,11.914536744644636
43.400000000000006,20.0,11.929085477869556
43.7,0.1,2.317720474671739
43.7,0.3010101,3.0570049781324897
43.7,0.5020202,3.364792762357875
43.7,0.7030303,3.569944439565611
43.7,0.9040404,3.748717945996734
43.7,1.105051,3.9011393275519524
43.7,1.306061,4.058092580767255
43.7,1.507071,4.207434865378768
43.7,1.708081,4.351587752974596
43.7,1.909091,4.493987949814029
43.7,2.110101,4.6366213938721375
43.7,2.311111,4.779662567015031
43.7,2.512121,4.922773717156227
43.7,2.713131,5.069712279224487
43.7,2.914141,5.216682962746547
43.7,3.115152,5.365091173716218
43.7,3.316162,5.514572641632337
43.7,3.517172,5.664817405665188
43.7,3.718182,5.82127793285568
43.7,3.919192,5.977566052434219
43.7,4.120202,6.138151399869973
43.7,4.321212,6.301627346017341
43.7,4.522222,6.466438363193056
43.7,4.723232,6.638531655862758
43.7,4.924242,6.810267294365056
43.7,5.125253,6.9873423687046285
43.7,5.326263,7.167649562476663
43.7,5.527273,7.3498508250333625
43.7,5.728283,7.538311087615647
43.7,5.929293,7.726172456674476
43.7,6.130303,7.917062710434092
43.7,6.331313,8.109596928485624
43.7,6.532323,8.30339095377681
43.7,6.733333,8.496179445614379
43.7,6.934343,8.688248314027847
43.7,7.135354,8.87508832669466
43.7,7.336364,9.05939566527729
43.7,7.537374,9.24208975335953
43.7,7.738384,9.41084834145458
43.7,7.939394,9.579059823274394
43.7,8.140404,9.731053296499708
43.7,8.341414,9.876048881286206
43.7,8.542424,10.016198289677805
43.7,8.743434,10.134830687368622
43.7,8.944444,10.253277322948431
43.7,9.145455,10.353452022094563
43.7,9.346465,10.446651394217092
43.7,9.547475,10.53503489639868
43.7,9.748485,10.607405985125435
43.7,9.949495,10.679799147279674
43.7,10.15051,10.740548396147611
43.7,10.35152,10.797400440019242
43.7,10.55253,10.851274826113185
43.7,10.75354,10.897103583895053
43.7,10.95455,10.94296325042283
43.7,11.15556,10.982936233276803
43.7,11.35657,11.02118055871752
43.7,11.55758,11.057826081291518
43.7,11.75859,11.090753800278044
43.7,11.9596,11.123701947277658
43.7,12.16061,11.153661833198889
43.7,12.36162,11.182862360196
43.7,12.56263,11.21118351218786
43.7,12.76364,11.237675796790809
43.7,12.96465,11.264168309436137
43.7,13.16566,11.289011772261901
43.7,13.36667,11.313505560654525
43.7,13.56768,11.337449691765906
43.7,13.76869,11.360404447360867
43.7,13.9697,11.383349339680596
43.7,14.17071,11.40527478220082
43.7,14.37172,11.427020403933005
43.7,14.57273,11.448406221748673
43.7,14.77374,11.469172410779574
43.7,14.97475,11.489948690216151
43.7,15.17576,11.51000530503163
43.7,15.37677,11.529962027094976
43.7,15.57778,11.549658866187944
43.7,15.77879,11.56893594224063
43.7,15.9798,11.588203083150646
43.7,16.18081,11.606940439896688
43.7,16.38182,11.625607866802213
43.7,16.58283,11.644075366611299
43.7,16.78384,11.662223028402401
43.7,16.98485,11.68036073957435
43.7,17.18586,11.69805859629301
43.7,17.38687,11.715716502683385
43.7,17.58788,11.733194458468043
43.7,17.78889,11.750412531138545
43.7,17.9899,11.7676306431558
43.7,18.19091,11.784448860230917
43.7,18.39192,11.801247115309952
43.7,18.59293,11.817885407442978
43.7,18.79394,11.83430378796397
43.7,18.99495,11.850722200895554
43.7,19.19596,11.86677069710765
43.7,19.39697,11.882819223862452
43.7,19.59798,11.898707779149865
43.7,19.79899,11.912116601919458
43.7,20.0,11.925505446784799
44.0,0.1,2.3310988937611965
44.0,0.3010101,3.075824525814056
44.0,0.5020202,3.3858044485299392
44.0,0.7030303,3.5915683896050483
44.0,0.9040404,3.7682922024031127
44.0,1.105051,3.90909716722709
44.0,1.306061,4.066058088499335
44.0,1.507071,4.226921534293665
44.0,1.708081,4.373888345389981
44.0,1.909091,4.516276280502513
44.0,2.110101,4.6589081814017
44.0,2.311111,4.801948266766744
44.0,2.512121,4.944843705406021
44.0,2.713131,5.091449293305101
44.0,2.914141,5.238419505843651
44.0,3.115152,5.386827578977256
44.0,3.316162,5.536284159507555
44.0,3.517172,5.68603158245465
44.0,3.718182,5.841920422588323
44.0,3.919192,5.998208944841903
44.0,4.120202,6.158794879578738
44.0,4.321212,6.322203581953633
44.0,4.522222,6.485921233993642
44.0,4.723232,6.656838037506198
44.0,4.924242,6.82857441448523
44.0,5.125253,7.005650330841081
44.0,5.326263,7.1857924696511
44.0,5.527273,7.365812258266104
44.0,5.728283,7.5522720036346795
44.0,5.929293,7.740134226888572
44.0,6.130303,7.931025407291539
44.0,6.331313,8.123259662275068
44.0,6.532323,8.313760636495786
44.0,6.733333,8.504072051069944
44.0,6.934343,8.696141745027626
44.0,7.135354,8.882982614367956
44.0,7.336364,9.06691998471652
44.0,7.537374,9.246244545942778
44.0,7.738384,9.41304610733615
44.0,7.939394,9.581258215033904
44.0,8.140404,9.733252297712104
44.0,8.341414,9.877997669637786
44.0,8.542424,10.016290137279704
44.0,8.743434,10.134223754508458
44.0,8.944444,10.252670762384422
44.0,9.145455,10.352845796504166
44.0,9.346465,10.445995590790485
44.0,9.547475,10.534110083756765
44.0,9.748485,10.606511680656356
44.0,9.949495,10.678895050641518
44.0,10.15051,10.739654478714051
44.0,10.35152,10.796526733009513
44.0,10.55253,10.850631535266412
44.0,10.75354,10.896590525956995
44.0,10.95455,10.942460313948217
44.0,11.15556,10.98242340234658
44.0,11.35657,11.020707849362356
44.0,11.55758,11.057543602631554
44.0,11.75859,11.090561462213474
44.0,11.9596,11.123509685323288
44.0,12.16061,11.153469637990508
44.0,12.36162,11.182690247602515
44.0,12.56263,11.2111115705506
44.0,12.76364,11.23764395783796
44.0,12.96465,11.264146520487365
44.0,13.16566,11.288990028100319
44.0,13.36667,11.313483878147538
44.0,13.56768,11.33747815071997
44.0,13.76869,11.360442985780265
44.0,13.9697,11.383397912543161
44.0,14.17071,11.405323386614388
44.0,14.37172,11.427069057430169
44.0,14.57273,11.448464998471765
44.0,14.77374,11.469231251065608
44.0,14.97475,11.489997555274327
44.0,15.17576,11.510054193006928
44.0,15.37677,11.530010955103517
44.0,15.57778,11.549697900285624
44.0,15.77879,11.568965026499848
44.0,15.9798,11.588232185615968
44.0,16.18081,11.606969559541922
44.0,16.38182,11.625637019967916
44.0,16.58283,11.644074611216643
44.0,16.78384,11.662212312623522
44.0,16.98485,11.680350037493485
44.0,17.18586,11.69804790726677
44.0,17.38687,11.71569584122164
44.0,17.58788,11.733143871827668
44.0,17.78889,11.750351974212958
44.0,17.9899,11.767570096721709
44.0,18.19091,11.784388323934461
44.0,18.39192,11.801186601222252
44.0,18.59293,11.817794952324551
44.0,18.79394,11.834203354295008
44.0,18.99495,11.850611775526408
44.0,19.19596,11.866670279619504
44.0,19.39697,11.882708823234466
44.0,19.59798,11.898567423596369
44.0,19.79899,11.913126161029474
44.0,20.0,11.926515013245114
44.3,0.1,2.3438123415924097
44.3,0.3010101,3.094246059918946
44.3,0.5020202,3.40624383474644
44.3,0.7030303,3.612833989825854
44.3,0.9040404,3.7924268190680013
44.3,1.105051,3.9530821074616735
44.3,1.306061,4.102548784789793
44.3,1.507071,4.252034882238753
44.3,1.708081,4.39615784305064
44.3,1.909091,4.538500409493212
44.3,2.110101,4.681037975410677
44.3,2.311111,4.823914785750574
44.3,2.512121,4.96679703032637
44.3,2.713131,5.113400129070755
44.3,2.914141,5.260139578984215
44.3,3.115152,5.40827555882434
44.3,3.316162,5.55745049334259
44.3,3.517172,5.707197979805244
44.3,3.718182,5.863047337380066
44.3,3.919192,6.0188988908871615
44.3,4.120202,6.178926049920144
44.3,4.321212,6.341761986681635
44.3,4.522222,6.50548024700909
44.3,4.723232,6.676290935401175
44.3,4.924242,6.847103603954879
44.3,5.125253,7.023043858940841
44.3,5.326263,7.202087254049059
44.3,5.527273,7.382106843035434
44.3,5.728283,7.568339587962932
44.3,5.929293,7.754575147669043
44.3,6.130303,7.943640839685349
44.3,6.331313,8.134242530960176
44.3,6.532323,8.324745345027411
44.3,6.733333,8.514708826174374
44.3,6.934343,8.704677204923673
44.3,7.135354,8.889450888082754
44.3,7.336364,9.071708863524336
44.3,7.537374,9.251034144407694
44.3,7.738384,9.417504652059819
44.3,7.939394,9.583980496729318
44.3,8.140404,9.734602195259368
44.3,8.341414,9.878383860279396
44.3,8.542424,10.016681796050676
44.3,8.743434,10.134466008037064
44.3,8.944444,10.252264121257552
44.3,9.145455,10.352090019905182
44.3,9.346465,10.445060454795964
44.3,9.547475,10.533175208200138
44.3,9.748485,10.605587097352043
44.3,9.949495,10.678000946927536
44.3,10.15051,10.738840741740464
44.3,10.35152,10.795813275382868
44.3,10.55253,10.849918225620877
44.3,10.75354,10.895917371985117
44.3,10.95455,10.941917387298076
44.3,11.15556,10.98200066443072
44.3,11.35657,11.02036526354298
44.3,11.55758,11.057211106736393
44.3,11.75859,11.090249064637218
44.3,11.9596,11.1232874293136
44.3,12.16061,11.153317510406058
44.3,12.36162,11.182598223675809
44.3,12.56263,11.211019604796403
44.3,12.76364,11.237562062659949
44.3,12.96465,11.264114733011676
44.3,13.16566,11.288988340854099
44.3,13.36667,11.313502269089168
44.3,13.56768,11.337496581128264
44.3,13.76869,11.360461470548312
44.3,13.9697,11.383436484656233
44.3,14.17071,11.405372041951054
44.3,14.37172,11.427117775194331
44.3,14.57273,11.448513744047418
44.3,14.77374,11.469280040797045
44.3,14.97475,11.490046418816787
44.3,15.17576,11.510103126028666
44.3,15.37677,11.53005993780542
44.3,15.57778,11.549746903283447
44.3,15.77879,11.569004065940867
44.3,15.9798,11.588271286520209
44.3,16.18081,11.606988719079075
44.3,16.38182,11.625646219765718
44.3,16.58283,11.644083826192379
44.3,16.78384,11.662211558085618
44.3,16.98485,11.680339334544309
44.3,17.18586,11.698017251831438
44.3,17.38687,11.715665217114546
44.3,17.58788,11.733113259278603
44.3,17.78889,11.750311386407944
44.3,17.9899,11.767519549710297
44.3,18.19091,11.784327814215334
44.3,18.39192,11.801116115465561
44.3,18.59293,11.817714475628431
44.3,18.79394,11.834122897056927
44.3,18.99495,11.850521349214155
44.3,19.19596,11.866559880125104
44.3,19.39697,11.882588440816304
44.3,19.59798,11.898447048393605
44.3,19.79899,11.914125702561684
44.3,20.0,11.929814383354447
44.599999999999994,0.1,2.356374781059394
44.599999999999994,0.3010101,3.112473646333697
44.599999999999994,0.5020202,3.4265114134961454
44.599999999999994,0.7030303,3.6338216832267527
44.599999999999994,0.9040404,3.8117197423533686
44.599999999999994,1.105051,3.9561655928090063
44.599999999999994,1.306061,4.124348665387934
44.599999999999994,1.507071,4.273981854663459
44.599999999999994,1.708081,4.4181392445805034
44.599999999999994,1.909091,4.560433499708095
44.599999999999994,2.110101,4.702869795696803
44.599999999999994,2.311111,4.845572365388394
44.599999999999994,2.512121,4.988439396077055
44.599999999999994,2.713131,5.135039991040395
44.599999999999994,2.914141,5.28153567359818
44.599999999999994,3.115152,5.429383553164507
44.599999999999994,3.316162,5.5782648288857715
44.599999999999994,3.517172,5.728012365716962
44.599999999999994,3.718182,5.883821221672152
44.599999999999994,3.919192,6.039225805903757
44.599999999999994,4.120202,6.1986892145146095
44.599999999999994,4.321212,6.360949420612766
44.599999999999994,4.522222,6.524669278599217
44.599999999999994,4.723232,6.6953748550775725
44.599999999999994,4.924242,6.865275906696956
44.599999999999994,5.125253,7.040098612506272
44.599999999999994,5.326263,7.2180623677558415
44.599999999999994,5.527273,7.398083742281045
44.599999999999994,5.728283,7.584093503574732
44.599999999999994,5.929293,7.768739569348254
44.599999999999994,6.130303,7.956021906087568
44.599999999999994,6.331313,8.145031128289357
44.599999999999994,6.532323,8.335534759324014
44.599999999999994,6.733333,8.525158286125151
44.599999999999994,6.934343,8.713075380604831
44.599999999999994,7.135354,8.89583087435557
44.599999999999994,7.336364,9.07644843593054
44.599999999999994,7.537374,9.255774406294082
44.599999999999994,7.738384,9.421920822328413
44.599999999999994,7.939394,9.586696337381834
44.599999999999994,8.140404,9.735968579662059
44.599999999999994,8.341414,9.878797478375919
44.599999999999994,8.542424,10.01709386214106
44.599999999999994,8.743434,10.134738638004567
44.599999999999994,8.944444,10.251877796379313
44.599999999999994,9.145455,10.351354501777994
44.599999999999994,9.346465,10.444145534392755
44.599999999999994,9.547475,10.53226053790147
44.599999999999994,9.748485,10.604672703038524
44.599999999999994,9.949495,10.677096992119589
44.599999999999994,10.15051,10.738037121408158
44.599999999999994,10.35152,10.795089913397927
44.599999999999994,10.55253,10.849195008199946
44.599999999999994,10.75354,10.895224303088689
44.599999999999994,10.95455,10.941354526824126
44.599999999999994,11.15556,10.981567976252858
44.599999999999994,11.35657,11.020022716301458
44.599999999999994,11.55758,11.056858648976485
44.599999999999994,11.75859,11.08992670123988
44.599999999999994,11.9596,11.123065196988879
44.599999999999994,12.16061,11.153165399608895
44.599999999999994,12.36162,11.182496212547903
44.599999999999994,12.56263,11.21091765180482
44.599999999999994,12.76364,11.237480178996858
44.599999999999994,12.96465,11.264072953559351
44.599999999999994,13.16566,11.288976657935722
44.599999999999994,13.36667,11.313520662116144
44.599999999999994,13.56768,11.337515013762744
44.599999999999994,13.76869,11.360489956753643
44.599999999999994,13.9697,11.383475055852038
44.599999999999994,14.17071,11.405410695670287
44.599999999999994,14.37172,11.427166490981882
44.599999999999994,14.57273,11.44856248785797
44.599999999999994,14.77374,11.46933882875006
44.599999999999994,14.97475,11.490105280538923
44.599999999999994,15.17576,11.510152056552814
44.599999999999994,15.37677,11.53010891767026
44.599999999999994,15.57778,11.549795903619916
44.599999999999994,15.77879,11.569053102524812
44.599999999999994,15.9798,11.588300384300311
44.599999999999994,16.18081,11.607017876052215
44.599999999999994,16.38182,11.625665417437284
44.599999999999994,16.58283,11.644103039167694
44.599999999999994,16.78384,11.662230801993484
44.599999999999994,16.98485,11.680338630874097
44.599999999999994,17.18586,11.698006595699583
44.599999999999994,17.38687,11.715634592473165
44.599999999999994,17.58788,11.733092646250737
44.599999999999994,17.78889,11.750280798065045
44.599999999999994,17.9899,11.767469002071334
44.599999999999994,18.19091,11.784257304119025
44.599999999999994,18.39192,11.801035629447776
44.599999999999994,18.59293,11.817643998644762
44.599999999999994,18.79394,11.83404243931513
44.599999999999994,18.99495,11.850420921827832
44.599999999999994,19.19596,11.866449477335228
44.599999999999994,19.39697,11.882468054021688
44.599999999999994,19.59798,11.898336668876627
44.599999999999994,19.79899,11.912875432717689
44.599999999999994,20.0,11.926244323032984
44.900000000000006,0.1,2.3692591538769134
44.900000000000006,0.3010101,3.1307901206268265
44.900000000000006,0.5020202,3.4462017904753504
44.900000000000006,0.7030303,3.654930747655289
44.900000000000006,0.9040404,3.8353560134797386
44.900000000000006,1.105051,3.9855624058494272
44.900000000000006,1.306061,4.1351730072931945
44.900000000000006,1.507071,4.292979255368614
44.900000000000006,1.708081,4.439955470141772
44.900000000000006,1.909091,4.58223551134796
44.900000000000006,2.110101,4.724670277129595
44.900000000000006,2.311111,4.86737074667243
44.900000000000006,2.512121,5.0099951647937955
44.900000000000006,2.713131,5.156226786330185
44.900000000000006,2.914141,5.3027219608576734
44.900000000000006,3.115152,5.450569652541848
44.900000000000006,3.316162,5.599424987616974
44.900000000000006,3.517172,5.748637146150248
44.900000000000006,3.718182,5.903852277211346
44.900000000000006,3.919192,6.059257211288164
44.900000000000006,4.120202,6.218720156568704
44.900000000000006,4.321212,6.380914075293545
44.900000000000006,4.522222,6.5435406911364655
44.900000000000006,4.723232,6.713091934259321
44.900000000000006,4.924242,6.882993680548913
44.900000000000006,5.125253,7.057817183901157
44.900000000000006,5.326263,7.23561985725543
44.900000000000006,5.527273,7.413537135300448
44.900000000000006,5.728283,7.597618694772418
44.900000000000006,5.929293,7.782265558098878
44.900000000000006,6.130303,7.969548759354497
44.900000000000006,6.331313,8.158264980415142
44.900000000000006,6.532323,8.34561289541275
44.900000000000006,6.733333,8.532849402228644
44.900000000000006,6.934343,8.720767245427337
44.900000000000006,7.135354,8.90352351898206
44.900000000000006,7.336364,9.083779038958015
44.900000000000006,7.537374,9.25987241676895
44.900000000000006,7.738384,9.424123669236353
44.900000000000006,7.939394,9.588899748302202
44.900000000000006,8.140404,9.738171539758392
44.900000000000006,8.341414,9.880754159702287
44.900000000000006,8.542424,10.017236413784705
44.900000000000006,8.743434,10.134182295847308
44.900000000000006,8.944444,10.251321793422377
44.900000000000006,9.145455,10.350798803085596
44.900000000000006,9.346465,10.443530221512061
44.900000000000006,9.547475,10.531356067872968
44.900000000000006,9.748485,10.603778672921235
44.900000000000006,9.949495,10.676203156567496
44.900000000000006,10.15051,10.737143454606976
44.900000000000006,10.35152,10.794226440604431
44.900000000000006,10.55253,10.848531876305902
44.900000000000006,10.75354,10.89470137471947
44.900000000000006,10.95455,10.940831715832159
44.900000000000006,11.15556,10.981035266949142
44.900000000000006,11.35657,11.019520121421829
44.900000000000006,11.55758,11.056556240649034
44.900000000000006,11.75859,11.089714418406208
44.900000000000006,11.9596,11.122852988959888
44.900000000000006,12.16061,11.152963257027528
44.900000000000006,12.36162,11.182304149833369
44.900000000000006,12.56263,11.210835743367461
44.900000000000006,12.76364,11.23743836829438
44.900000000000006,12.96465,11.26403119229931
44.900000000000006,13.16566,11.288944940832634
44.900000000000006,13.36667,11.313489004848869
44.900000000000006,13.56768,11.337533486462474
44.900000000000006,13.76869,11.360528505516802
44.900000000000006,13.9697,11.383513638870793
44.900000000000006,14.17071,11.405459309716738
44.900000000000006,14.37172,11.427215153513256
44.900000000000006,14.57273,11.448621272420187
44.900000000000006,14.77374,11.469387676539107
44.900000000000006,14.97475,11.490154152676757
44.900000000000006,15.17576,11.510210951185956
44.900000000000006,15.37677,11.530157851721572
44.900000000000006,15.57778,11.549834940641315
44.900000000000006,15.77879,11.569082188922525
44.900000000000006,15.9798,11.588339488585794
44.900000000000006,16.18081,11.607046997231064
44.900000000000006,16.38182,11.625704572068544
44.900000000000006,16.58283,11.64411228843489
44.900000000000006,16.78384,11.662230091268741
44.900000000000006,16.98485,11.680337933531598
44.900000000000006,17.18586,11.698005911120307
44.900000000000006,17.38687,11.7156339350781
44.900000000000006,17.58788,11.733052063241798
44.900000000000006,17.78889,11.750230244414274
44.900000000000006,17.9899,11.767418458715962
44.900000000000006,18.19091,11.784206770634642
44.900000000000006,18.39192,11.800985118086462
44.900000000000006,18.59293,11.817563545917485
44.900000000000006,18.79394,11.833942007533278
44.900000000000006,18.99495,11.850330498107137
44.900000000000006,19.19596,11.86635906145443
44.900000000000006,19.39697,11.882367653778262
44.900000000000006,19.59798,11.898206303230594
44.900000000000006,19.79899,11.911595176872376
44.900000000000006,20.0,11.92496407128886
45.2,0.1,2.3815605815845404
45.2,0.3010101,3.1489505470535453
45.2,0.5020202,3.466209115234945
45.2,0.7030303,3.6753969518545286
45.2,0.9040404,3.8566536682003605
45.2,1.105051,4.007063651648179
45.2,1.306061,4.156827621749514
45.2,1.507071,4.314676694885047
45.2,1.708081,4.461635537481249
45.2,1.909091,4.60385789542399
45.2,2.110101,4.746281785132886
45.2,2.311111,4.888819245583635
45.2,2.512121,5.031340968808304
45.2,2.713131,5.177447943987957
45.2,2.914141,5.323698365119122
45.2,3.115152,5.471520881889391
45.2,3.316162,5.620043577848319
45.2,3.517172,5.769115897361439
45.2,3.718182,5.924063814761435
45.2,3.919192,6.079055671115444
45.2,4.120202,6.238455222237219
45.2,4.321212,6.400006520814314
45.2,4.522222,6.562382001339012
45.2,4.723232,6.731380495974535
45.2,4.924242,6.900490601536571
45.2,5.125253,7.075162999489111
45.2,5.326263,7.251751256499035
45.2,5.527273,7.429223567896556
45.2,5.728283,7.612314589462958
45.2,5.929293,7.795635000748162
45.2,6.130303,7.982641208116862
45.2,6.331313,8.169511272203744
45.2,6.532323,8.356229288539566
45.2,6.733333,8.542134334678888
45.2,6.934343,8.728387773177882
45.2,7.135354,8.91079998892294
45.2,7.336364,9.089094264466127
45.2,7.537374,9.264567599502067
45.2,7.738384,9.427669194402428
45.2,7.939394,9.59110362009271
45.2,8.140404,9.740138119796958
45.2,8.341414,9.88153809078988
45.2,8.542424,10.017679006003494
45.2,8.743434,10.134155725667162
45.2,8.944444,10.2507760383802
45.2,9.145455,10.350193428176047
45.2,9.346465,10.442695475564223
45.2,9.547475,10.530451652592827
45.2,9.748485,10.602874606025056
45.2,9.949495,10.675299424374895
45.2,10.15051,10.736269915572354
45.2,10.35152,10.793463163973733
45.2,10.55253,10.84779876573942
45.2,10.75354,10.894058439890282
45.2,10.95455,10.940288948947664
45.2,11.15556,10.980532613839744
45.2,11.35657,11.0191376102373
45.2,11.55758,11.056193827734504
45.2,11.75859,11.089432117358328
45.2,11.9596,11.122630793698333
45.2,12.16061,11.152761142852222
45.2,12.36162,11.182172148215555
45.2,12.56263,11.210723808811128
45.2,12.76364,11.237366528048558
45.2,12.96465,11.263999436923774
45.2,13.16566,11.28891324552274
45.2,13.36667,11.313497398731224
45.2,13.56768,11.337551927319936
45.2,13.76869,11.360557022372467
45.2,13.9697,11.383552221139887
45.2,14.17071,11.405497941709545
45.2,14.37172,11.427273866586317
45.2,14.57273,11.448680020306075
45.2,14.77374,11.469446493826736
45.2,14.97475,11.490213025893011
45.2,15.17576,11.510269863779978
45.2,15.37677,11.530206829814867
45.2,15.57778,11.549883943884916
45.2,15.77879,11.569131248721048
45.2,15.9798,11.588378591766118
45.2,16.18081,11.607086135110684
45.2,16.38182,11.625723769661953
45.2,16.58283,11.644141504761038
45.2,16.78384,11.662239359584245
45.2,16.98485,11.68034723884914
45.2,17.18586,11.69800524392891
45.2,17.38687,11.71561331403319
45.2,17.58788,11.733031455713034
45.2,17.78889,11.750199676450526
45.2,17.9899,11.767377917819992
45.2,18.19091,11.784166252752403
45.2,18.39192,11.800914638414358
45.2,18.59293,11.817493076131282
45.2,18.79394,11.833861568027062
45.2,18.99495,11.85024007847179
45.2,19.19596,11.866258655912905
45.2,19.39697,11.882257268784887
45.2,19.59798,11.89809592566423
45.2,19.79899,11.913754626308382
45.2,20.0,11.928273440724853
45.5,0.1,2.3945139053233944
45.5,0.3010101,3.1668610116693294
45.5,0.5020202,3.4863327535354594
45.5,0.7030303,3.696130001926668
45.5,0.9040404,3.8753263631555845
45.5,1.105051,4.017308795516128
45.5,1.306061,4.1823466120871435
45.5,1.507071,4.338990251620306
45.5,1.708081,4.48313575226813
45.5,1.909091,4.625342875622185
45.5,2.110101,4.767575508463943
45.5,2.311111,4.909972243716692
45.5,2.512121,5.0524928185240645
45.5,2.713131,5.198599246734267
45.5,2.914141,5.344695030816174
45.5,3.115152,5.491929520645756
45.5,3.316162,5.640306346885812
45.5,3.517172,5.789379665738419
45.5,3.718182,5.944326972415329
45.5,3.919192,6.0990016032513426
45.5,4.120202,6.2573290397257635
45.5,4.321212,6.418626230563294
45.5,4.522222,6.581002271221264
45.5,4.723232,6.750002537401551
45.5,4.924242,6.918455969759738
45.5,5.125253,7.091110746765996
45.5,5.326263,7.2672591336521695
45.5,5.527273,7.444732186955254
45.5,5.728283,7.627823078881548
45.5,5.929293,7.809943200652446
45.5,6.130303,7.9937833856424225
45.5,6.331313,8.180029693327992
45.5,6.532323,8.36674843970389
45.5,6.733333,8.552654291495875
45.5,6.934343,8.737245461078635
45.5,7.135354,8.916084351765093
45.5,7.336364,9.093760584680755
45.5,7.537374,9.269233520522084
45.5,7.738384,9.432336726696274
45.5,7.939394,9.594305508178742
45.5,8.140404,9.740938068449141
45.5,8.341414,9.881991691952459
45.5,8.542424,10.018131999062422
45.5,8.743434,10.134609084901996
45.5,8.944444,10.250600277093978
45.5,9.145455,10.349358650772606
45.5,9.346465,10.441781014824894
45.5,9.547475,10.529547417996348
45.5,9.748485,10.601970569730302
45.5,9.949495,10.674395715943627
45.5,10.15051,10.735496559084268
45.5,10.35152,10.7927199728593
45.5,10.55253,10.847055712688189
45.5,10.75354,10.893315506030127
45.5,10.95455,10.939676193983168
45.5,11.15556,10.980130030973035
45.5,11.35657,11.018765125904794
45.5,11.55758,11.0558214312408
45.5,11.75859,11.08905979784425
45.5,11.9596,11.12236858546761
45.5,12.16061,11.152629080819864
45.5,12.36162,11.182060156891879
45.5,12.56263,11.210611875459366
45.5,12.76364,11.237254646572293
45.5,12.96465,11.263937667098194
45.5,13.16566,11.288911596723736
45.5,13.36667,11.31350579835673
45.5,13.56768,11.337550366562963
45.5,13.76869,11.360555497858408
45.5,13.9697,11.383580783950531
45.5,14.17071,11.405556622588689
45.5,14.37172,11.427322584614553
45.5,14.57273,11.448738766067725
45.5,14.77374,11.469505265608396
45.5,14.97475,11.49027188817715
45.5,15.17576,11.510318819887509
45.5,15.37677,11.530265811731232
45.5,15.57778,11.549942946027189
45.5,15.77879,11.569190270135529
45.5,15.9798,11.588427683415828
45.5,16.18081,11.607115317366237
45.5,16.38182,11.62576297187981
45.5,16.58283,11.64417072199479
45.5,16.78384,11.662268591232452
45.5,16.98485,11.68035654316431
45.5,17.18586,11.697984615683982
45.5,17.38687,11.715602699676568
45.5,17.58788,11.733020852607163
45.5,17.78889,11.750189084355021
45.5,17.9899,11.767337378206708
45.5,18.19091,11.78410577333778
45.5,18.39192,11.800854169321358
45.5,18.59293,11.817432615660554
45.5,18.79394,11.833801116018853
45.5,18.99495,11.850149670951776
45.5,19.19596,11.86613827423373
45.5,19.39697,11.882136894503402
45.5,19.59798,11.897975558418672
45.5,19.79899,11.913634266035668
45.5,20.0,11.926993186141466
45.8,0.1,2.4063753545021975
45.8,0.3010101,3.1843454618609903
45.8,0.5020202,3.505851056704836
45.8,0.7030303,3.7164845093174637
45.8,0.9040404,3.898574605382095
45.8,1.105051,4.060524817847879
45.8,1.306061,4.210451610164965
45.8,1.507071,4.3603953869392855
45.8,1.708081,4.504507787905009
45.8,1.909091,4.646683935076563
45.8,2.110101,4.7889140090631575
45.8,2.311111,4.931232307334149
45.8,2.512121,5.073555997757999
45.8,2.713131,5.219395647103371
45.8,2.914141,5.365366789030305
45.8,3.115152,5.512601039191224
45.8,3.316162,5.660777055745337
45.8,3.517172,5.809494743677001
45.8,3.718182,5.963979036658858
45.8,3.919192,6.118466223175185
45.8,4.120202,6.276794148789541
45.8,4.321212,6.437705413614272
45.8,4.522222,6.599414802483534
45.8,4.723232,6.767528681613011
45.8,4.924242,6.935645099524701
45.8,5.125253,7.108300636930971
45.8,5.326263,7.28370342130794
45.8,5.527273,7.459945198430341
45.8,5.728283,7.6415221636133435
45.8,5.929293,7.823102454210612
45.8,6.130303,8.00694343536164
45.8,6.331313,8.192012441287146
45.8,6.532323,8.37690224788745
45.8,6.733333,8.56083511653303
45.8,6.934343,8.744772352544977
45.8,7.135354,8.923611921619097
45.8,7.336364,9.099980512373554
45.8,7.537374,9.273581015063694
45.8,7.738384,9.43504269007421
45.8,7.939394,9.596509231652607
45.8,8.140404,9.743142268950614
45.8,8.341414,9.883374907112575
45.8,8.542424,10.018455335860303
45.8,8.743434,10.134263343032563
45.8,8.944444,10.250074990979043
45.8,9.145455,10.34883363398792
45.8,9.346465,10.441076451063372
45.8,9.547475,10.528633313829506
45.8,9.748485,10.601056781199016
45.8,9.949495,10.673482141205822
45.8,10.15051,10.734593142336038
45.8,10.35152,10.79189676324612
45.8,10.55253,10.846342711824326
45.8,10.75354,10.892732679363004
45.8,10.95455,10.939123494195892
45.8,11.15556,10.979577429817718
45.8,11.35657,11.018292638962542
45.8,11.55758,11.0554690589164
45.8,11.75859,11.088797530992025
45.8,11.9596,11.122126399556718
45.8,12.16061,11.152396960172323
45.8,12.36162,11.18187813907393
45.8,12.56263,11.210499966908609
45.8,12.76364,11.23719284389072
45.8,12.96465,11.2638859235424
45.8,13.16566,11.288869896974239
45.8,13.36667,11.3134841755491
45.8,13.56768,11.337558825114263
45.8,13.76869,11.360594034867137
45.8,13.9697,11.383619362065296
45.8,14.17071,11.40559523181732
45.8,14.37172,11.427371271163084
45.8,14.57273,11.448787535379196
45.8,14.77374,11.469564114577773
45.8,14.97475,11.490330768167956
45.8,15.17576,11.510377722098093
45.8,15.37677,11.53032477173059
45.8,15.57778,11.549991966703693
45.8,15.77879,11.56922934920268
45.8,15.9798,11.588476784419372
45.8,16.18081,11.607164434990846
45.8,16.38182,11.62580214918761
45.8,16.58283,11.644199961322242
45.8,16.78384,11.662287890141691
45.8,16.98485,11.680365858636408
45.8,17.18586,11.698003943420954
45.8,17.38687,11.71559207070531
45.8,17.58788,11.733000267037445
45.8,17.78889,11.750148539756989
45.8,17.9899,11.767306845166466
45.8,18.19091,11.784065249865398
45.8,18.39192,11.800803687900743
45.8,18.59293,11.817362173693324
45.8,18.79394,11.8337107090076
45.8,18.99495,11.850059272241225
45.8,19.19596,11.866047882880215
45.8,19.39697,11.882036520883002
45.8,19.59798,11.896735291947556
45.8,19.79899,11.910084195451596
45.8,20.0,11.923423117533122
46.099999999999994,0.1,2.4185247403786887
46.099999999999994,0.3010101,3.201591937329919
46.099999999999994,0.5020202,3.525157418429213
46.099999999999994,0.7030303,3.736523875224975
46.099999999999994,0.9040404,3.916928278600287
46.099999999999994,1.105051,4.059345996500354
46.099999999999994,1.306061,4.217050083815236
46.099999999999994,1.507071,4.3786245307884535
46.099999999999994,1.708081,4.52565366055605
46.099999999999994,1.909091,4.667838029040764
46.099999999999994,2.110101,4.810066465289775
46.099999999999994,2.311111,4.952290500951519
46.099999999999994,2.512121,5.094379851717927
46.099999999999994,2.713131,5.239942723211493
46.099999999999994,2.914141,5.385780200812332
46.099999999999994,3.115152,5.533015197178026
46.099999999999994,3.316162,5.680981397846639
46.099999999999994,3.517172,5.829326459357279
46.099999999999994,3.718182,5.983344630406107
46.099999999999994,3.919192,6.13764232780404
46.099999999999994,4.120202,6.295970739785904
46.099999999999994,4.321212,6.456498046882936
46.099999999999994,4.522222,6.617544748474265
46.099999999999994,4.723232,6.784793303588513
46.099999999999994,4.924242,6.952579734474592
46.099999999999994,5.125253,7.125236040697911
46.099999999999994,5.326263,7.299912364211894
46.099999999999994,5.527273,7.4749560967349415
46.099999999999994,5.728283,7.655067511411927
46.099999999999994,5.929293,7.836125093322576
46.099999999999994,6.130303,8.019966859311333
46.099999999999994,6.331313,8.203886934338916
46.099999999999994,6.532323,8.386983320301976
46.099999999999994,6.733333,8.568955575447784
46.099999999999994,6.934343,8.752242945202893
46.099999999999994,7.135354,8.931083121427777
46.099999999999994,7.336364,9.106152942622717
46.099999999999994,7.537374,9.27789183820417
46.099999999999994,7.738384,9.437729693159024
46.099999999999994,7.939394,9.598698881849758
46.099999999999994,8.140404,9.745332351075186
46.099999999999994,8.341414,9.884762906366246
46.099999999999994,8.542424,10.018799351027347
46.099999999999994,8.743434,10.133918192723272
46.099999999999994,8.944444,10.249540253634859
46.099999999999994,9.145455,10.348289138485049
46.099999999999994,9.346465,10.440352294259982
46.099999999999994,9.547475,10.52770948040086
46.099999999999994,9.748485,10.600123139197851
46.099999999999994,9.949495,10.672548679018838
46.099999999999994,10.15051,10.733649834452685
46.099999999999994,10.35152,10.791043635356507
46.099999999999994,10.55253,10.84560976745608
46.099999999999994,10.75354,10.892119905440754
46.099999999999994,10.95455,10.938540845079952
46.099999999999994,11.15556,10.978994877831745
46.099999999999994,11.35657,11.017800174924904
46.099999999999994,11.55758,11.05509667992219
46.099999999999994,11.75859,11.088525233568017
46.099999999999994,11.9596,11.121874179539827
46.099999999999994,12.16061,11.152134807225236
46.099999999999994,12.36162,11.181696096331784
46.099999999999994,12.56263,11.210388043656085
46.099999999999994,12.76364,11.237131039051187
46.099999999999994,12.96465,11.263834180249066
46.099999999999994,13.16566,11.288808198017334
46.099999999999994,13.36667,11.313452544232982
46.099999999999994,13.56768,11.337567264553021
46.099999999999994,13.76869,11.360622542859637
46.099999999999994,13.9697,11.383657910410616
46.099999999999994,14.17071,11.405633812139204
46.099999999999994,14.37172,11.42742993846439
46.099999999999994,14.57273,11.44885629634114
46.099999999999994,14.77374,11.469622966227591
46.099999999999994,14.97475,11.490399652244426
46.099999999999994,15.17576,11.510446628455004
46.099999999999994,15.37677,11.530383729163658
46.099999999999994,15.57778,11.550040977428353
46.099999999999994,15.77879,11.569288411093144
46.099999999999994,15.9798,11.588525868049729
46.099999999999994,16.18081,11.607223535614654
46.099999999999994,16.38182,11.625851318469365
46.099999999999994,16.58283,11.644239202527304
46.099999999999994,16.78384,11.662307201075599
46.099999999999994,16.98485,11.680385186712655
46.099999999999994,17.18586,11.698023283680687
46.099999999999994,17.38687,11.715601450444934
46.099999999999994,17.58788,11.732989686852534
46.099999999999994,17.78889,11.750127998007617
46.099999999999994,17.9899,11.76728631488583
46.099999999999994,18.19091,11.784044729086906
46.099999999999994,18.39192,11.800773220190584
46.099999999999994,18.59293,11.817301756095032
46.099999999999994,18.79394,11.833630335972773
46.099999999999994,18.99495,11.849968907216189
46.099999999999994,19.19596,11.865967524613403
46.099999999999994,19.39697,11.881926173740817
46.099999999999994,19.59798,11.89772484721745
46.099999999999994,19.79899,11.913353544865407
46.099999999999994,20.0,11.926712476755917
46.400000000000006,0.1,2.4299822105998596
46.400000000000006,0.3010101,3.2188832725305088
46.400000000000006,0.5020202,3.5438365082870558
46.400000000000006,0.7030303,3.756656379341637
46.400000000000006,0.9040404,3.939609570850737
46.400000000000006,1.105051,4.09109881327627
46.400000000000006,1.306061,4.2412191749043675
46.400000000000006,1.507071,4.402439043951892
46.400000000000006,1.708081,4.546655498657021
46.400000000000006,1.909091,4.688842583625819
46.400000000000006,2.110101,4.830942265142361
46.400000000000006,2.311111,4.972993194402755
46.400000000000006,2.512121,5.115081363556031
46.400000000000006,2.713131,5.260643638706652
46.400000000000006,2.914141,5.40631940732093
46.400000000000006,3.115152,5.552923977836779
46.400000000000006,3.316162,5.700737269262775
46.400000000000006,3.517172,5.849081281416099
46.400000000000006,3.718182,6.003100793580331
46.400000000000006,3.919192,6.1570761283978115
46.400000000000006,4.120202,6.314336061538379
46.400000000000006,4.321212,6.474610208933121
46.400000000000006,4.522222,6.6356574421531285
46.400000000000006,4.723232,6.802906743112049
46.400000000000006,4.924242,6.970056530971925
46.400000000000006,5.125253,7.1407977615118226
46.400000000000006,5.326263,7.315044260630599
46.400000000000006,5.527273,7.490088708265685
46.400000000000006,5.728283,7.670200961166442
46.400000000000006,5.929293,7.8501096485258826
46.400000000000006,6.130303,8.03095053310272
46.400000000000006,6.331313,8.21425994320568
46.400000000000006,6.532323,8.397357945856305
46.400000000000006,6.733333,8.579330885032501
46.400000000000006,6.934343,8.760971347289296
46.400000000000006,7.135354,8.936292308675634
46.400000000000006,7.336364,9.11074692627258
46.400000000000006,7.537374,9.282486292162307
46.400000000000006,7.738384,9.442324630883128
46.400000000000006,7.939394,9.601855711242578
46.400000000000006,8.140404,9.746170679984669
46.400000000000006,8.341414,9.885263793587441
46.400000000000006,8.542424,10.01930355955798
46.400000000000006,8.743434,10.134422702670951
46.400000000000006,8.944444,10.24939553169359
46.400000000000006,9.145455,10.347434966262586
46.400000000000006,9.346465,10.439418376031101
46.400000000000006,9.547475,10.526785761438047
46.400000000000006,9.748485,10.599199595804913
46.400000000000006,9.949495,10.671605273702724
46.400000000000006,10.15051,10.73285658429369
46.400000000000006,10.35152,10.790270540096694
46.400000000000006,10.55253,10.844846807134479
46.400000000000006,10.75354,10.891357061784753
46.400000000000006,10.95455,10.937898189206928
46.400000000000006,11.15556,10.978552312941915
46.400000000000006,11.35657,11.01738770217115
46.400000000000006,11.55758,11.054674296147429
46.400000000000006,11.75859,11.08811292725821
46.400000000000006,11.9596,11.12157194227735
46.400000000000006,12.16061,11.151992722792759
46.400000000000006,12.36162,11.181564085466324
46.400000000000006,12.56263,11.210256091611337
46.400000000000006,12.76364,11.236999139555044
46.400000000000006,12.96465,11.26375241957708
46.400000000000006,13.16566,11.288796537186105
46.400000000000006,13.36667,11.313440930572487
46.400000000000006,13.56768,11.33755569100092
46.400000000000006,13.76869,11.36061100605485
46.400000000000006,13.9697,11.383686438783023
46.400000000000006,14.17071,11.405692481847776
46.400000000000006,14.37172,11.427498646703201
46.400000000000006,14.57273,11.448925032254863
46.400000000000006,14.77374,11.46969172799117
46.400000000000006,14.97475,11.490468528635368
46.400000000000006,15.17576,11.510495582224625
46.400000000000006,15.37677,11.530432707789979
46.400000000000006,15.57778,11.550099976160144
46.400000000000006,15.77879,11.569337429039644
46.400000000000006,15.9798,11.588584938210914
46.400000000000006,16.18081,11.607272719545158
46.400000000000006,16.38182,11.625900522894376
46.400000000000006,16.58283,11.644298421414296
46.400000000000006,16.78384,11.662356434001454
46.400000000000006,16.98485,11.680414516279546
46.400000000000006,17.18586,11.698012671306849
46.400000000000006,17.38687,11.715590851241496
46.400000000000006,17.58788,11.732979098473143
46.400000000000006,17.78889,11.750117420193122
46.400000000000006,17.9899,11.767265781443243
46.400000000000006,18.19091,11.784004287814906
46.400000000000006,18.39192,11.800732788814498
46.400000000000006,18.59293,11.817271332365086
46.400000000000006,18.79394,11.833589919847608
46.400000000000006,18.99495,11.849888565456553
46.400000000000006,19.19596,11.865837202427553
46.400000000000006,19.39697,11.8817958577236
46.400000000000006,19.59798,11.897584537286992
46.400000000000006,19.79899,11.913223240932723
46.400000000000006,20.0,11.927682046899132
46.7,0.1,2.441296669936742
46.7,0.3010101,3.2359625489184087
46.7,0.5020202,3.562794471717392
46.7,0.7030303,3.7760849712278803
46.7,0.9040404,3.9598998270855716
46.7,1.105051,4.114857861924502
46.7,1.306061,4.272855486195907
46.7,1.507071,4.423177709419627
46.7,1.708081,4.567414047777573
46.7,1.909091,4.709681525171828
46.7,2.110101,4.851793522416868
46.7,2.311111,4.993613669748119
46.7,2.512121,5.135554619586928
46.7,2.713131,5.2809789078892235
46.7,2.914141,5.426388327934873
46.7,3.115152,5.572964621910076
46.7,3.316162,5.720411942111495
46.7,3.517172,5.86860393407489
46.7,3.718182,6.022344943805083
46.7,3.919192,6.175891808994617
46.7,4.120202,6.33308925954438
46.7,4.321212,6.492741506033969
46.7,4.522222,6.653544483751894
46.7,4.723232,6.820275087971043
46.7,4.924242,6.986680325209725
46.7,5.125253,7.157282503702384
46.7,5.326263,7.330426258587655
46.7,5.527273,7.505066959594666
46.7,5.728283,7.684274486045657
46.7,5.929293,7.862972774230897
46.7,6.130303,8.04355791031127
46.7,6.331313,8.22516939447821
46.7,6.532323,8.407686100565028
46.7,6.733333,8.588354180455829
46.7,6.934343,8.768362982334063
46.7,7.135354,8.94334952814555
46.7,7.336364,9.115903238513258
46.7,7.537374,9.287041204373743
46.7,7.738384,9.445783940350097
46.7,7.939394,9.604036389778395
46.7,8.140404,9.74812888981377
46.7,8.341414,9.886111089279055
46.7,8.542424,10.019828356380193
46.7,8.743434,10.134448182820066
46.7,8.944444,10.248881675995053
46.7,9.145455,10.346861271470054
46.7,9.346465,10.43855472377004
46.7,9.547475,10.525842258739608
46.7,9.748485,10.598246123120237
46.7,9.949495,10.670651839410677
46.7,10.15051,10.73193330759365
46.7,10.35152,10.789477422182095
46.7,10.55253,10.844073829505323
46.7,10.75354,10.890674294301771
46.7,10.95455,10.937305619175305
46.7,11.15556,10.97798981670396
46.7,11.35657,11.016935222266047
46.7,11.55758,11.0542418901671
46.7,11.75859,11.087770568045334
46.7,11.9596,11.121309635068014
46.7,12.16061,11.15176051243602
46.7,12.36162,11.181422028732372
46.7,12.56263,11.210134111560516
46.7,12.76364,11.236917299782418
46.7,12.96465,11.26370070074178
46.7,13.16566,11.288744862910693
46.7,13.36667,11.313419301121186
46.7,13.56768,11.337534102708261
46.7,13.76869,11.360629460395637
46.7,13.9697,11.383724934331084
46.7,14.17071,11.40574104297858
46.7,14.37172,11.427577330850811
46.7,14.57273,11.449003757465608
46.7,14.77374,11.46977055853831
46.7,14.97475,11.49053743981299
46.7,15.17576,11.510564519924506
46.7,15.37677,11.530481679723948
46.7,15.57778,11.550148969961992
46.7,15.77879,11.569396453258365
46.7,15.9798,11.588643988867636
46.7,16.18081,11.607331819472737
46.7,16.38182,11.62596971769242
46.7,16.58283,11.644367637946013
46.7,16.78384,11.66240573542276
46.7,16.98485,11.680453874184744
46.7,17.18586,11.69804204795557
46.7,17.38687,11.71559025602117
46.7,17.58788,11.732978515106128
46.7,17.78889,11.750116864283363
46.7,17.9899,11.767255245513802
46.7,18.19091,11.78399379394368
46.7,18.39192,11.800712375181755
46.7,18.59293,11.817250928960558
46.7,18.79394,11.833529589211905
46.7,18.99495,11.849818275934638
46.7,19.19596,11.865736924220423
46.7,19.39697,11.88164559707254
46.7,19.59798,11.897444281787063
46.7,19.79899,11.910753143992437
46.7,20.0,11.924042028169826
47.0,0.1,2.4526990890231444
47.0,0.3010101,3.252718831291815
47.0,0.5020202,3.5818015341932647
47.0,0.7030303,3.795713738299637
47.0,0.9040404,3.977455944271379
47.0,1.105051,4.1206765846394475
47.0,1.306061,4.278812012519133
47.0,1.507071,4.440941648406834
47.0,1.708081,4.588907944320366
47.0,1.909091,4.731378558653192
47.0,2.110101,4.87348870347781
47.0,2.311111,5.015307443210245
47.0,2.512121,5.156230947550626
47.0,2.713131,5.301191470559203
47.0,2.914141,5.446599261134066
47.0,3.115152,5.593175245808515
47.0,3.316162,5.740587495820554
47.0,3.517172,5.888120731380242
47.0,3.718182,6.041291139647214
47.0,3.919192,6.194839275846372
47.0,4.120202,6.352037189377235
47.0,4.321212,6.511617051155826
47.0,4.522222,6.671329295498277
47.0,4.723232,6.837085505172718
47.0,4.924242,7.003490425379056
47.0,5.125253,7.174094395876966
47.0,5.326263,7.347090186071143
47.0,5.527273,7.519839386126817
47.0,5.728283,7.697456945852882
47.0,5.929293,7.876155932433564
47.0,6.130303,8.056741825837205
47.0,6.331313,8.23809491127573
47.0,6.532323,8.417705291682568
47.0,6.733333,8.595875842813319
47.0,6.934343,8.775884988597388
47.0,7.135354,8.950872902815231
47.0,7.336364,9.123060938326546
47.0,7.537374,9.290993192545354
47.0,7.738384,9.447852615903917
47.0,7.939394,9.60610543446178
47.0,8.140404,9.750198292433568
47.0,8.341414,9.888013010650536
47.0,8.542424,10.020163908498994
47.0,8.743434,10.13376488224774
47.0,8.944444,10.248198549046393
47.0,9.145455,10.346178304022468
47.0,9.346465,10.43783177948508
47.0,9.547475,10.52482880374251
47.0,9.748485,10.59712235585829
47.0,9.949495,10.669528258345768
47.0,10.15051,10.730799887981432
47.0,10.35152,10.788434181011816
47.0,10.55253,10.843360905076967
47.0,10.75354,10.88999167727348
47.0,10.95455,10.936613109320357
47.0,11.15556,10.977297400406309
47.0,11.35657,11.016292850178353
47.0,11.55758,11.053829398010128
47.0,11.75859,11.087448034622016
47.0,11.9596,11.120997187753327
47.0,12.16061,11.151438139591109
47.0,12.36162,11.181159780280586
47.0,12.56263,11.210042179580524
47.0,12.76364,11.236825562412927
47.0,12.96465,11.263619011062065
47.0,13.16566,11.28866321654151
47.0,13.36667,11.313347681767118
47.0,13.56768,11.337522479646175
47.0,13.76869,11.360647842054902
47.0,13.9697,11.383743354997785
47.0,14.17071,11.405769497898838
47.0,14.37172,11.427615872230303
47.0,14.57273,11.44909255298141
47.0,14.77374,11.469839480393032
47.0,14.97475,11.490606383774885
47.0,15.17576,11.510633484964917
47.0,15.37677,11.53054065585651
47.0,15.57778,11.550197950736141
47.0,15.77879,11.569455437370168
47.0,15.9798,11.588702992901414
47.0,16.18081,11.607400841306799
47.0,16.38182,11.62603880529299
47.0,16.58283,11.644426928826269
47.0,16.78384,11.662445112102747
47.0,16.98485,11.680493261865339
47.0,17.18586,11.69808144658895
47.0,17.38687,11.71560966046171
47.0,17.58788,11.732967936108661
47.0,17.78889,11.750116291875722
47.0,17.9899,11.767244683529551
47.0,18.19091,11.78399324142999
47.0,18.39192,11.800711881878861
47.0,18.59293,11.817210622659978
47.0,18.79394,11.83346935186878
47.0,18.99495,11.849748042730662
47.0,19.19596,11.865676695317436
47.0,19.39697,11.881545391572937
47.0,19.59798,11.897214012381216
47.0,19.79899,11.911622706614748
47.0,20.0,11.924911598523128
47.3,0.1,2.463909489772726
47.3,0.3010101,3.2689611403887247
47.3,0.5020202,3.6000983501997017
47.3,0.7030303,3.814872326653665
47.3,0.9040404,3.999569315322389
47.3,1.105051,4.162988251263217
47.3,1.306061,4.313729163518852
47.3,1.507071,4.464486834882595
47.3,1.708081,4.609609133812046
47.3,1.909091,4.7528615758821715
47.3,2.110101,4.895255840581787
47.3,2.311111,5.0360963973254345
47.3,2.512121,5.176942867804754
47.3,2.713131,5.321900766241427
47.3,2.914141,5.467008904260749
47.3,3.115152,5.61320683459879
47.3,3.316162,5.760215210768883
47.3,3.517172,5.907749348449296
47.3,3.718182,6.060882060022306
47.3,3.919192,6.214017429395919
47.3,4.120202,6.370640990553893
47.3,4.321212,6.529610702434843
47.3,4.522222,6.68932348409401
47.3,4.723232,6.854995520681835
47.3,4.924242,7.020669697717357
47.3,5.125253,7.190291649506772
47.3,5.326263,7.362302575637591
47.3,5.527273,7.535052516018229
47.3,5.728283,7.712494320517022
47.3,5.929293,7.889939788244145
47.3,6.130303,8.069010943797196
47.3,6.331313,8.248964164109553
47.3,6.532323,8.428575008194919
47.3,6.733333,8.606380720815194
47.3,6.934343,8.784190998722424
47.3,7.135354,8.95709924915279
47.3,7.336364,9.127633400623417
47.3,7.537374,9.295566968285728
47.3,7.738384,9.452098561075942
47.3,7.939394,9.608635911425106
47.3,8.140404,9.751640496255659
47.3,8.341414,9.888806179405806
47.3,8.542424,10.020949329010856
47.3,8.743434,10.134330746031338
47.3,8.944444,10.24770553853697
47.3,9.145455,10.345285257704914
47.3,9.346465,10.436828459799194
47.3,9.547475,10.523815657508939
47.3,9.748485,10.59607922597598
47.3,9.949495,10.668344749123719
47.3,10.15051,10.729836489934675
47.3,10.35152,10.78770101237371
47.3,10.55253,10.842637875730436
47.3,10.75354,10.889258826619319
47.3,10.95455,10.93588058784505
47.3,11.15556,10.97668489150093
47.3,11.35657,11.015790320487117
47.3,11.55758,11.053336962018106
47.3,11.75859,11.086985633529187
47.3,11.9596,11.120624713287787
47.3,12.16061,11.151225852877882
47.3,12.36162,11.181057682357327
47.3,12.56263,11.209950142140281
47.3,12.76364,11.236733635627328
47.3,12.96465,11.263517311215717
47.3,13.16566,11.288591551821627
47.3,13.36667,11.313296029797753
47.3,13.56768,11.337470869933624
47.3,13.76869,11.360616253019582
47.3,13.9697,11.383751753599281
47.3,14.17071,11.405838051764627
47.3,14.37172,11.427734551745766
47.3,14.57273,11.44921125958847
47.3,14.77374,11.469938264135653
47.3,14.97475,11.490675330253115
47.3,15.17576,11.510672446892151
47.3,15.37677,11.530569623203146
47.3,15.57778,11.550226938984373
47.3,15.77879,11.569494434051345
47.3,15.9798,11.588761980991134
47.3,16.18081,11.60748995218543
47.3,16.38182,11.626148001442491
47.3,16.58283,11.644536138577674
47.3,16.78384,11.662534382763555
47.3,16.98485,11.680532657554576
47.3,17.18586,11.698080850345713
47.3,17.38687,11.715599068397527
47.3,17.58788,11.732957354874511
47.3,17.78889,11.75010571729901
47.3,17.9899,11.767254110912372
47.3,18.19091,11.784002782648944
47.3,18.39192,11.800741489423944
47.3,18.59293,11.817240236435406
47.3,18.79394,11.833469025619724
47.3,18.99495,11.849687834968428
47.3,19.19596,11.865526533505932
47.3,19.39697,11.88135525325528
47.3,19.59798,11.89702387683173
47.3,19.79899,11.912532405550408
47.3,20.0,11.928030968863188
47.599999999999994,0.1,2.47485589516453
47.599999999999994,0.3010101,3.284881552263488
47.599999999999994,0.5020202,3.6181195609663566
47.599999999999994,0.7030303,3.833672375215481
47.599999999999994,0.9040404,4.016672425505853
47.599999999999994,1.105051,4.163726348533829
47.599999999999994,1.306061,4.333180859636958
47.599999999999994,1.507071,4.483776725745785
47.599999999999994,1.708081,4.628855412703222
47.599999999999994,1.909091,4.771464640257873
47.599999999999994,2.110101,4.91352087373638
47.599999999999994,2.311111,5.054873648006271
47.599999999999994,2.512121,5.195759967439917
47.599999999999994,2.713131,5.340714337690939
47.599999999999994,2.914141,5.485496178861868
47.599999999999994,3.115152,5.631414357604324
47.599999999999994,3.316162,5.778199655786252
47.599999999999994,3.517172,5.925732666939723
47.599999999999994,3.718182,6.078815773083856
47.599999999999994,3.919192,6.231383455796597
47.599999999999994,4.120202,6.387471515820811
47.599999999999994,4.321212,6.545981230596061
47.599999999999994,4.522222,6.705693567854717
47.599999999999994,4.723232,6.871267491834686
47.599999999999994,4.924242,7.036080219875761
47.599999999999994,5.125253,7.204842985515592
47.599999999999994,5.326263,7.3761076863974635
47.599999999999994,5.527273,7.548857418134861
47.599999999999994,5.728283,7.726131909617454
47.599999999999994,5.929293,7.902372587006528
47.599999999999994,6.130303,8.08011298313572
47.599999999999994,6.331313,8.258887355157317
47.599999999999994,6.532323,8.438498315582292
47.599999999999994,6.733333,8.615976405392823
47.599999999999994,6.934343,8.7918079555726
47.599999999999994,7.135354,8.962703201484976
47.599999999999994,7.336364,9.131574731504545
47.599999999999994,7.537374,9.29950716884631
47.599999999999994,7.738384,9.455821614387895
47.599999999999994,7.939394,9.611220831270638
47.599999999999994,8.140404,9.75310110862442
47.599999999999994,8.341414,9.889378018253304
47.599999999999994,8.542424,10.021527282261259
47.599999999999994,8.743434,10.134809078499993
47.599999999999994,8.944444,10.247735153577802
47.599999999999994,9.145455,10.34472376616957
47.599999999999994,9.346465,10.435775596463754
47.599999999999994,9.547475,10.52276294339834
47.599999999999994,9.748485,10.595086244689524
47.599999999999994,9.949495,10.667600351237457
47.599999999999994,10.15051,10.729162014900323
47.599999999999994,10.35152,10.787036829988725
47.599999999999994,10.55253,10.841973878759491
47.599999999999994,10.75354,10.888635138434974
47.599999999999994,10.95455,10.935427592343153
47.599999999999994,11.15556,10.976221969048046
47.599999999999994,11.35657,11.015277367159033
47.599999999999994,11.55758,11.052824119015954
47.599999999999994,11.75859,11.086532817420077
47.599999999999994,11.9596,11.120401764534309
47.599999999999994,12.16061,11.151123195798172
47.599999999999994,12.36162,11.181035312179898
47.599999999999994,12.56263,11.209917841073825
47.599999999999994,12.76364,11.236711482713227
47.599999999999994,12.96465,11.263515484535553
47.599999999999994,13.16566,11.288539774438725
47.599999999999994,13.36667,11.31321426405661
47.599999999999994,13.56768,11.337389149689384
47.599999999999994,13.76869,11.360564549441857
47.599999999999994,13.9697,11.383810020606242
47.599999999999994,14.17071,11.40597651308667
47.599999999999994,14.37172,11.42791317007947
47.599999999999994,14.57273,11.449389906520565
47.599999999999994,14.77374,11.470097000064683
47.599999999999994,14.97475,11.490784258441654
47.599999999999994,15.17576,11.510721383041423
47.599999999999994,15.37677,11.530568557587893
47.599999999999994,15.57778,11.550225895084102
47.599999999999994,15.77879,11.569523394639594
47.599999999999994,15.9798,11.58885092221428
47.599999999999994,16.18081,11.607629029994717
47.599999999999994,16.38182,11.62631717435897
47.599999999999994,16.58283,11.644705325582235
47.599999999999994,16.78384,11.662683634912764
47.599999999999994,16.98485,11.680612044238224
47.599999999999994,17.18586,11.6980902363816
47.599999999999994,17.38687,11.715558453258055
47.599999999999994,17.58788,11.73291675104994
47.599999999999994,17.78889,11.750085116879665
47.599999999999994,17.9899,11.767293504707654
47.599999999999994,18.19091,11.784092301790846
47.599999999999994,18.39192,11.800851081846684
47.599999999999994,18.59293,11.817349835360835
47.599999999999994,18.79394,11.833538712495049
47.599999999999994,18.99495,11.849697698857465
47.599999999999994,19.19596,11.865426607542394
47.599999999999994,19.39697,11.881195432176897
47.599999999999994,19.59798,11.896864052081163
47.599999999999994,19.79899,11.911232666129658
47.599999999999994,20.0,11.924431400753738
47.900000000000006,0.1,2.48547630664705
47.900000000000006,0.3010101,3.3007918460066525
47.900000000000006,0.5020202,3.6354302526667928
47.900000000000006,0.7030303,3.8523235213809155
47.900000000000006,0.9040404,4.037848483324718
47.900000000000006,1.105051,4.190508588303816
47.900000000000006,1.306061,4.341087026649705
47.900000000000006,1.507071,4.499731386077091
47.900000000000006,1.708081,4.647156871706794
47.900000000000006,1.909091,4.7895950987285625
47.900000000000006,2.110101,4.931649223916817
47.900000000000006,2.311111,5.072999387112359
47.900000000000006,2.512121,5.2143291526674975
47.900000000000006,2.713131,5.360946448825116
47.900000000000006,2.914141,5.5057247641211635
47.900000000000006,3.115152,5.651641653486225
47.900000000000006,3.316162,5.798406661511987
47.900000000000006,3.517172,5.944124604005321
47.900000000000006,3.718182,6.098032757774497
47.900000000000006,3.919192,6.250601696241473
47.900000000000006,4.120202,6.406690259894848
47.900000000000006,4.321212,6.565145557627164
47.900000000000006,4.522222,6.722522304347037
47.900000000000006,4.723232,6.888471096370672
47.900000000000006,4.924242,7.0532836161789465
47.900000000000006,5.125253,7.22204730373792
47.900000000000006,5.326263,7.393202111947763
47.900000000000006,5.527273,7.563264484786024
47.900000000000006,5.728283,7.740463499107178
47.900000000000006,5.929293,7.916704875148629
47.900000000000006,6.130303,8.094446987136518
47.900000000000006,6.331313,8.273003864551747
47.900000000000006,6.532323,8.448947598079853
47.900000000000006,6.733333,8.623731977000327
47.900000000000006,6.934343,8.79956353323237
47.900000000000006,7.135354,8.970458792859507
47.900000000000006,7.336364,9.138962807029479
47.900000000000006,7.537374,9.302621810911322
47.900000000000006,7.738384,9.457330664827579
47.900000000000006,7.939394,9.612729199672936
47.900000000000006,8.140404,9.754609769033847
47.900000000000006,8.341414,9.890656223884022
47.900000000000006,8.542424,10.022014355472816
47.900000000000006,8.743434,10.133617025335862
47.900000000000006,8.944444,10.246553203087949
47.900000000000006,9.145455,10.343541916341373
47.900000000000006,9.346465,10.434443410364176
47.900000000000006,9.547475,10.521279280075992
47.900000000000006,9.748485,10.593361577728922
47.900000000000006,9.949495,10.66587593109349
47.900000000000006,10.15051,10.727437798498189
47.900000000000006,10.35152,10.785312833642681
47.900000000000006,10.55253,10.841300203536706
47.900000000000006,10.75354,10.88772204877406
47.900000000000006,10.95455,10.934504626049536
47.900000000000006,11.15556,10.975309115892452
47.900000000000006,11.35657,11.014354568395635
47.900000000000006,11.55758,11.052211288594311
47.900000000000006,11.75859,11.086029976600047
47.900000000000006,11.9596,11.11989902616457
47.900000000000006,12.16061,11.150620539579524
47.900000000000006,12.36162,11.18056282471245
47.900000000000006,12.56263,11.209855741429765
47.900000000000006,12.76364,11.236559607357508
47.900000000000006,12.96465,11.263363658327608
47.900000000000006,13.16566,11.28838799605967
47.900000000000006,13.36667,11.313042515804149
47.900000000000006,13.56768,11.337277478293336
47.900000000000006,13.76869,11.360532885215195
47.900000000000006,13.9697,11.38377839856524
47.900000000000006,14.17071,11.405934924695652
47.900000000000006,14.37172,11.427901682729297
47.900000000000006,14.57273,11.44950865586839
47.900000000000006,14.77374,11.470145865767249
47.900000000000006,14.97475,11.490823145653312
47.900000000000006,15.17576,11.510760293044333
47.900000000000006,15.37677,11.53058747581536
47.900000000000006,15.57778,11.550224880154301
47.900000000000006,15.77879,11.569562379199505
47.900000000000006,15.9798,11.588899927641304
47.900000000000006,16.18081,11.607678051835865
47.900000000000006,16.38182,11.6263862664699
47.900000000000006,16.58283,11.644814568083516
47.900000000000006,16.78384,11.662722953945684
47.900000000000006,16.98485,11.68066137394413
47.900000000000006,17.18586,11.698129578438381
47.900000000000006,17.38687,11.715567798142642
47.900000000000006,17.58788,11.732896147657325
47.900000000000006,17.78889,11.750104515223665
47.900000000000006,17.9899,11.767302914406685
47.900000000000006,18.19091,11.784101720117988
47.900000000000006,18.39192,11.800880564002048
47.900000000000006,18.59293,11.817389501514263
47.900000000000006,18.79394,11.833538476405433
47.900000000000006,18.99495,11.84968746608205
47.900000000000006,19.19596,11.865416378346083
47.900000000000006,19.39697,11.881135305704138
47.900000000000006,19.59798,11.896844060384653
47.900000000000006,19.79899,11.910072762878947
47.900000000000006,20.0,11.923271495470157
48.2,0.1,2.4955457803887526
48.2,0.3010101,3.3163692563242857
48.2,0.5020202,3.6527731188360497
48.2,0.7030303,3.870075922030393
48.2,0.9040404,4.056164428992969
48.2,1.105051,4.208870065670495
48.2,1.306061,4.359093528005755
48.2,1.507071,4.5176312114735335
48.2,1.708081,4.665115986764472
48.2,1.909091,4.807780490642991
48.2,2.110101,4.94986825283539
48.2,2.311111,5.091157424150754
48.2,2.512121,5.232448454092066
48.2,2.713131,5.381051357942759
48.2,2.914141,5.52970909227445
48.2,3.115152,5.675349641840954
48.2,3.316162,5.8184520091131855
48.2,3.517172,5.96264261392893
48.2,3.718182,6.118465221769253
48.2,3.919192,6.2739784362036914
48.2,4.120202,6.4296417036346
48.2,4.321212,6.583862392132176
48.2,4.522222,6.739579818298328
48.2,4.723232,6.907329749697496
48.2,4.924242,7.0747270711667865
48.2,5.125253,7.242950963342166
48.2,5.326263,7.409799193965924
48.2,5.527273,7.578282429600673
48.2,5.728283,7.757176273563673
48.2,5.929293,7.935685366486997
48.2,6.130303,8.11292065276959
48.2,6.331313,8.288106815387648
48.2,6.532323,8.462898801934097
48.2,6.733333,8.63562738120162
48.2,6.934343,8.808888692343507
48.2,7.135354,8.979078023628801
48.2,7.336364,9.14356238885875
48.2,7.537374,9.305948951318191
48.2,7.738384,9.459140982587659
48.2,7.939394,9.61277051701947
48.2,8.140404,9.75512271762795
48.2,8.341414,9.893517689322053
48.2,8.542424,10.02555943392854
48.2,8.743434,10.1338617122805
48.2,8.944444,10.243187481229713
48.2,9.145455,10.340476546631548
48.2,9.346465,10.432728570234705
48.2,9.547475,10.519934764091587
48.2,9.748485,10.590787473348321
48.2,9.949495,10.662062214820827
48.2,10.15051,10.7243241788204
48.2,10.35152,10.785039101786332
48.2,10.55253,10.84170657689598
48.2,10.75354,10.886948657163236
48.2,10.95455,10.932611454689035
48.2,11.15556,10.973616055426824
48.2,11.35657,11.013391590609695
48.2,11.55758,11.051418417092224
48.2,11.75859,11.085047430123216
48.2,11.9596,11.118756764599153
48.2,12.16061,11.149788383709963
48.2,12.36162,11.180740853432829
48.2,12.56263,11.210223848907747
48.2,12.76364,11.23647768716915
48.2,12.96465,11.26291172642426
48.2,13.16566,11.28796615620286
48.2,13.36667,11.312690847967016
48.2,13.56768,11.336935873638835
48.2,13.76869,11.360241393170007
48.2,13.9697,11.38352699969296
48.2,14.17071,11.405843601524127
48.2,14.37172,11.428250516180016
48.2,14.57273,11.449917530313906
48.2,14.77374,11.47027466747925
48.2,14.97475,11.490751903230894
48.2,15.17576,11.510649130802737
48.2,15.37677,11.530386479832574
48.2,15.57778,11.550003920485548
48.2,15.77879,11.56944147046199
48.2,15.9798,11.588839058605929
48.2,16.18081,11.607737233317602
48.2,16.38182,11.626725549750345
48.2,16.58283,11.645173870764749
48.2,16.78384,11.662852187453518
48.2,16.98485,11.68064056977091
48.2,17.18586,11.698058840343412
48.2,17.38687,11.715367191924535
48.2,17.58788,11.732685560043715
48.2,17.78889,11.749993941364927
48.2,17.9899,11.767262352987276
48.2,18.19091,11.784161193666645
48.2,18.39192,11.801170103413888
48.2,18.59293,11.817689049658076
48.2,18.79394,11.833628034671776
48.2,18.99495,11.849667032574727
48.2,19.19596,11.865346062733888
48.2,19.39697,11.880945225092214
48.2,19.59798,11.896653984624129
48.2,19.79899,11.912462343834227
48.2,20.0,11.926980914276477
11.3,0.1,1.367999713358204
11.3,0.3010101,1.5861710277337882
11.3,0.5020202,1.6683366427898236
11.3,0.7030303,1.3419193494443262
11.3,1.306061,1.280574885238513
11.3,1.507071,1.9687461193493763
11.3,1.708081,1.8700333270843343
11.3,1.909091,1.7324598178183725
11.3,2.110101,1.5889066336519664
11.3,2.311111,1.4570343953028082
11.3,2.512121,1.3444754773169383
11.3,2.713131,1.2583786674712258
11.3,2.914141,1.198103308391209
11.3,3.115152,1.1623440889887753
11.3,3.316162,1.1515782834578028
11.3,3.517172,1.1613983813855966
11.3,3.718182,1.1930069400520773
11.3,3.919192,1.2455933677723492
11.3,4.120202,1.3193316411327543
11.3,4.321212,1.419857996908791
11.3,4.522222,1.5477976906348896
11.3,4.723232,1.7111943761896817
11.3,4.924242,1.9173766982478222
11.3,5.125253,2.1705447882218922
11.3,5.326263,2.4973631316029556
11.3,5.527273,2.871993054187999
11.3,5.728283,3.3175643049207815
11.3,5.929293,3.8433615805518504
11.3,6.130303,4.435634251017189
11.3,6.331313,5.089110120580431
11.3,6.532323,5.7950611914713805
11.3,6.733333,6.541332385771059
11.3,6.934343,7.289963990424816
11.3,7.135354,7.99798895197866
11.3,7.336364,8.63357146884483
11.3,7.537374,9.171621070358452
11.3,7.738384,9.58858577758693
11.3,7.939394,9.882950969782472
11.3,8.140404,10.105768913661556
11.3,8.341414,10.274733619508421
11.3,8.542424,10.404819504533373
11.3,8.743434,10.50714326493465
11.3,8.944444,10.588282928830862
11.3,9.145455,10.658446514549597
11.3,9.346465,10.720043394798953
11.3,9.547475,10.77500309636054
11.3,9.748485,10.824715264213788
11.3,9.949495,10.869339771892271
11.3,10.15051,10.909866416875946
11.3,10.35152,10.949034474854276
11.3,10.55253,10.9868539154442
11.3,10.75354,11.020855103532478
11.3,10.95455,11.054857177207376
11.3,11.15556,11.086210638553919
11.3,11.35657,11.11679498117387
11.3,11.55758,11.14665016547386
11.3,11.75859,11.17471630160561
11.3,11.9596,11.202783007899185
11.3,12.16061,11.229300481631302
11.3,12.36162,11.255438474275115
11.3,12.56263,11.281086964982244
11.3,12.76364,11.305685946196698
11.3,12.96465,11.330275289222572
11.3,13.16566,11.353825002732762
11.3,13.36667,11.377145009424442
11.3,13.56768,11.40009528079764
11.3,13.76869,11.422325756853514
11.3,13.9697,11.444556451386056
11.3,14.17071,11.465977250456161
11.3,14.37172,11.487248198662284
11.3,14.57273,11.508209249767235
11.3,14.77374,11.528630327640816
11.3,14.97475,11.549051526870054
11.3,15.17576,11.568792660883174
11.3,15.37677,11.588443857322318
11.3,15.57778,11.607815053636998
11.3,15.77879,11.626756180876956
11.3,15.9798,11.645697368356421
11.3,16.18081,11.66405840318755
11.3,16.38182,11.682359455623361
11.3,16.58283,11.700410454112294
11.3,16.78384,11.718111348340045
11.3,16.98485,11.735812268406727
11.3,17.18586,11.753003010329294
11.3,17.38687,11.770153751770835
11.3,17.58788,11.787084420360118
11.3,17.78889,11.803724985839288
11.3,17.9899,11.820365560265184
11.3,18.19091,11.836565967609824
11.3,18.39192,11.85273637043381
11.3,18.59293,11.868706701587044
11.3,18.79394,11.884436946795976
11.3,18.99495,11.900177194172807
11.3,19.19596,11.9155073019256
11.3,19.39697,11.930827407017532
11.3,19.59798,11.945957459258295
11.3,19.79899,11.960887455671347
11.3,20.0,11.975817452697965
11.600000000000001,0.1,1.348776588207057
11.600000000000001,0.3010101,1.8246672741062562
11.600000000000001,0.5020202,1.890677548865706
11.600000000000001,0.7030303,1.4528832803310028
11.600000000000001,1.306061,1.510473995536999
11.600000000000001,1.507071,1.9399672745784518
11.600000000000001,1.708081,1.8459541574758889
11.600000000000001,1.909091,1.7182506783154394
11.600000000000001,2.110101,1.5852516045543323
11.600000000000001,2.311111,1.4640705759012214
11.600000000000001,2.512121,1.3606828324184346
11.600000000000001,2.713131,1.2822687870090472
11.600000000000001,2.914141,1.2286775430155557
11.600000000000001,3.115152,1.1982630868474018
11.600000000000001,3.316162,1.191566807492464
11.600000000000001,3.517172,1.2043891187629443
11.600000000000001,3.718182,1.2382992676450715
11.600000000000001,3.919192,1.2928771370290808
11.600000000000001,4.120202,1.368287094695815
11.600000000000001,4.321212,1.4701167814225284
11.600000000000001,4.522222,1.5989969726509443
11.600000000000001,4.723232,1.7630012830327089
11.600000000000001,4.924242,1.9694757570446724
11.600000000000001,5.125253,2.222492980798846
11.600000000000001,5.326263,2.5485241414254887
11.600000000000001,5.527273,2.922147846176207
11.600000000000001,5.728283,3.3655772266374115
11.600000000000001,5.929293,3.8871005171749444
11.600000000000001,6.130303,4.4748471783343815
11.600000000000001,6.331313,5.118887012357607
11.600000000000001,6.532323,5.81713320708807
11.600000000000001,6.733333,6.552613974373099
11.600000000000001,6.934343,7.288481710395616
11.600000000000001,7.135354,7.988390637217299
11.600000000000001,7.336364,8.615797177633494
11.600000000000001,7.537374,9.15148660489016
11.600000000000001,7.738384,9.569302804401671
11.600000000000001,7.939394,9.866593826380967
11.600000000000001,8.140404,10.091838398475307
11.600000000000001,8.341414,10.264025134530623
11.600000000000001,8.542424,10.395855141322537
11.600000000000001,8.743434,10.499763633014458
11.600000000000001,8.944444,10.582058797705882
11.600000000000001,9.145455,10.652888737760662
11.600000000000001,9.346465,10.715261984584087
11.600000000000001,9.547475,10.770608818512498
11.600000000000001,9.748485,10.820688263565412
11.600000000000001,9.949495,10.86089223060614
11.600000000000001,10.15051,10.904635545836568
11.600000000000001,10.35152,10.945590858857091
11.600000000000001,10.55253,10.983628349190129
11.600000000000001,10.75354,11.017678061502513
11.600000000000001,10.95455,11.051878409326061
11.600000000000001,11.15556,11.083380367606487
11.600000000000001,11.35657,11.114063390911062
11.600000000000001,11.55758,11.143917498745312
11.600000000000001,11.75859,11.17201258761034
11.600000000000001,11.9596,11.200208162108797
11.600000000000001,12.16061,11.226844638169847
11.600000000000001,12.36162,11.2530517289424
11.600000000000001,12.56263,11.278709426745268
11.600000000000001,12.76364,11.303337658581624
11.600000000000001,12.96465,11.328046242845279
11.600000000000001,13.16566,11.351705296858576
11.600000000000001,13.36667,11.375104692936489
11.600000000000001,13.56768,11.398054391971412
11.600000000000001,13.76869,11.420324352142975
11.600000000000001,13.9697,11.4426745683458
11.600000000000001,14.17071,11.464204971347652
11.600000000000001,14.37172,11.485555536557484
11.600000000000001,14.57273,11.506516192909372
11.600000000000001,14.77374,11.52697694595822
11.600000000000001,14.97475,11.547517892237213
11.600000000000001,15.17576,11.567378839992529
11.600000000000001,15.37677,11.58708983100359
11.600000000000001,15.57778,11.606460772163745
11.600000000000001,15.77879,11.625451725362696
11.600000000000001,15.9798,11.644502832552817
11.600000000000001,16.18081,11.662963835826478
11.600000000000001,16.38182,11.681314810702865
11.600000000000001,16.58283,11.699365657426974
11.600000000000001,16.78384,11.71710648759659
11.600000000000001,16.98485,11.734907446021804
11.600000000000001,17.18586,11.752188257599194
11.600000000000001,17.38687,11.769389004141566
11.600000000000001,17.58788,11.786319592625066
11.600000000000001,17.78889,11.803000167611975
11.600000000000001,17.9899,11.819720852113711
11.600000000000001,18.19091,11.835991387382176
11.600000000000001,18.39192,11.852201843179877
11.600000000000001,18.59293,11.868162141128929
11.600000000000001,18.79394,11.883932441708227
11.600000000000001,18.99495,11.89972283757195
11.600000000000001,19.19596,11.915113106959787
11.600000000000001,19.39697,11.93046329193905
11.600000000000001,19.59798,11.94559333934227
11.600000000000001,19.79899,11.959473407838695
11.600000000000001,20.0,11.972263551672079
11.9,0.1,1.1421253978314563
11.9,0.3010101,1.4370630553439971
11.9,0.5020202,1.5415659020767767
11.9,0.7030303,1.4071829349664944
11.9,1.306061,1.520165020819018
11.9,1.507071,1.9141502847766136
11.9,1.708081,1.8264403081220504
11.9,1.909091,1.707117697417293
11.9,2.110101,1.5841665786546784
11.9,2.311111,1.4724502921672544
11.9,2.512121,1.3785011426985794
11.9,2.713131,1.3084132735576046
11.9,2.914141,1.261231220432705
11.9,3.115152,1.2362590128487216
11.9,3.316162,1.2336934618486708
11.9,3.517172,1.2499901889234155
11.9,3.718182,1.2867624123448702
11.9,3.919192,1.3435390121974593
11.9,4.120202,1.4208245922788156
11.9,4.321212,1.5241237718996437
11.9,4.522222,1.654175834231709
11.9,4.723232,1.819004561587787
11.9,4.924242,2.0258110039848547
11.9,5.125253,2.2786495495718007
11.9,5.326263,2.586364355176458
11.9,5.527273,2.9756038514009764
11.9,5.728283,3.4162571924227785
11.9,5.929293,3.934836948219316
11.9,6.130303,4.513222114049131
11.9,6.331313,5.154124922283722
11.9,6.532323,5.838899581968186
11.9,6.733333,6.563389437213917
11.9,6.934343,7.29119415236676
11.9,7.135354,7.976116675949153
11.9,7.336364,8.60054408980533
11.9,7.537374,9.132094250164625
11.9,7.738384,9.550489013765684
11.9,7.939394,9.849798299980263
11.9,8.140404,10.079218937214462
11.9,8.341414,10.252479478018849
11.9,8.542424,10.38723223067249
11.9,8.743434,10.492525584884872
11.9,8.944444,10.575656586627867
11.9,9.145455,10.647712022517547
11.9,9.346465,10.710342423708475
11.9,9.547475,10.766355826932424
11.9,9.748485,10.816752656448019
11.9,9.949495,10.860303131426685
11.9,10.15051,10.899616154998949
11.9,10.35152,10.939939781673894
11.9,10.55253,10.980554227645156
11.9,10.75354,11.014782147349111
11.9,10.95455,11.048981168706439
11.9,11.15556,11.080481904378248
11.9,11.35657,11.111203668101009
11.9,11.55758,11.141296237384314
11.9,11.75859,11.169510158072681
11.9,11.9596,11.197694755579207
11.9,12.16061,11.224330333577146
11.9,12.36162,11.250576520664259
11.9,12.56263,11.27643323182861
11.9,12.76364,11.301150670154541
11.9,12.96465,11.325858530602394
11.9,13.16566,11.349516924984925
11.9,13.36667,11.372955676291879
11.9,13.56768,11.396104760107326
11.9,13.76869,11.418464197163157
11.9,13.9697,11.44081388842758
11.9,14.17071,11.46234382045679
11.9,14.37172,11.483733949020651
11.9,14.57273,11.504904284174994
11.9,14.77374,11.525454724985007
11.9,14.97475,11.545995306392982
11.9,15.17576,11.565855933988873
11.9,15.37677,11.585606657785952
11.9,15.57778,11.605187513537645
11.9,15.77879,11.624248313026754
11.9,15.9798,11.643299180509015
11.9,16.18081,11.661759979408297
11.9,16.38182,11.680160817689266
11.9,16.58283,11.698391751117322
11.9,16.78384,11.716202535641829
11.9,16.98485,11.733993346945477
11.9,17.18586,11.751274037884295
11.9,17.38687,11.768514740736443
11.9,17.58788,11.785605525285163
11.9,17.78889,11.802336120240543
11.9,17.9899,11.819056722232768
11.9,18.19091,11.835317193989283
11.9,18.39192,11.851567667223932
11.9,18.59293,11.867668220026358
11.9,18.79394,11.883468576020611
11.9,18.99495,11.899258932186806
11.9,19.19596,11.914649174597816
11.9,19.39697,11.930029416583716
11.9,19.59798,11.945269739598077
11.9,19.79899,11.958079871283653
11.9,20.0,11.970870002537403
12.200000000000001,0.1,1.201875827156418
12.200000000000001,0.3010101,1.644744987521452
12.200000000000001,0.5020202,1.7115184623824118
12.200000000000001,0.7030303,1.574333605076525
12.200000000000001,0.9040404,0.09229172036647086
12.200000000000001,1.306061,1.624019037714066
12.200000000000001,1.507071,1.8857473487511158
12.200000000000001,1.708081,1.810277429653717
12.200000000000001,1.909091,1.6999997144574845
12.200000000000001,2.110101,1.5853070695723206
12.200000000000001,2.311111,1.4829720207245376
12.200000000000001,2.512121,1.3982788527848646
12.200000000000001,2.713131,1.336242203474321
12.200000000000001,2.914141,1.2959261337182122
12.200000000000001,3.115152,1.2759510988475826
12.200000000000001,3.316162,1.2777757320762757
12.200000000000001,3.517172,1.2979545907865937
12.200000000000001,3.718182,1.337872349443698
12.200000000000001,3.919192,1.3972500712869118
12.200000000000001,4.120202,1.4764739889132106
12.200000000000001,4.321212,1.5814249946460075
12.200000000000001,4.522222,1.7129196499311663
12.200000000000001,4.723232,1.8787357378723057
12.200000000000001,4.924242,2.085956680830295
12.200000000000001,5.125253,2.3386042805308347
12.200000000000001,5.326263,2.644795596262414
12.200000000000001,5.527273,3.032975708251278
12.200000000000001,5.728283,3.4702914251797643
12.200000000000001,5.929293,3.982007356652225
12.200000000000001,6.130303,4.558577971898964
12.200000000000001,6.331313,5.185650661601528
12.200000000000001,6.532323,5.86491631198018
12.200000000000001,6.733333,6.576802621115175
12.200000000000001,6.934343,7.2887082578242985
12.200000000000001,7.135354,7.9709924983984655
12.200000000000001,7.336364,8.58390733167702
12.200000000000001,7.537374,9.1132551457603
12.200000000000001,7.738384,9.532054605400763
12.200000000000001,7.939394,9.83455420871627
12.200000000000001,8.140404,10.064892447195637
12.200000000000001,8.341414,10.242313789704722
12.200000000000001,8.542424,10.378131232113494
12.200000000000001,8.743434,10.485258809884284
12.200000000000001,8.944444,10.569804846910017
12.200000000000001,9.145455,10.642137158174421
12.200000000000001,9.346465,10.705803392797034
12.200000000000001,9.547475,10.762054217494187
12.200000000000001,9.748485,10.812888138008832
12.200000000000001,9.949495,10.856776104546038
12.200000000000001,10.15051,10.896316964201308
12.200000000000001,10.35152,10.936858464058018
12.200000000000001,10.55253,10.977471325659652
12.200000000000001,10.75354,11.011847529150465
12.200000000000001,10.95455,11.046174933936177
12.200000000000001,11.15556,11.077714414131998
12.200000000000001,11.35657,11.108574742985988
12.200000000000001,11.55758,11.138696165351249
12.200000000000001,11.75859,11.166988931139896
12.200000000000001,11.9596,11.195252441260273
12.200000000000001,12.16061,11.221927115584151
12.200000000000001,12.36162,11.248272329928067
12.200000000000001,12.56263,11.274138213080361
12.200000000000001,12.76364,11.298944842074519
12.200000000000001,12.96465,11.323721941071442
12.200000000000001,13.16566,11.347409682308932
12.200000000000001,13.36667,11.370947765093602
12.200000000000001,13.56768,11.39411624775117
12.200000000000001,13.76869,11.416565129065928
12.200000000000001,13.9697,11.43897429662027
12.200000000000001,14.17071,11.460543774433825
12.200000000000001,14.37172,11.482043469245854
12.200000000000001,14.57273,11.50322337985161
12.200000000000001,14.77374,11.523863470929935
12.200000000000001,14.97475,11.5444737171061
12.200000000000001,15.17576,11.564364053320404
12.200000000000001,15.37677,11.584224533052641
12.200000000000001,15.57778,11.603815102981462
12.200000000000001,15.77879,11.622965719144661
12.200000000000001,15.9798,11.642076398017979
12.200000000000001,16.18081,11.660577033452238
12.200000000000001,16.38182,11.679077772906828
12.200000000000001,16.58283,11.697318524508594
12.200000000000001,16.78384,11.715209250433695
12.200000000000001,16.98485,11.7330599786125
12.200000000000001,17.18586,11.750370599477803
12.200000000000001,17.38687,11.7676913043469
12.200000000000001,17.58788,11.784791980217992
12.200000000000001,17.78889,11.801592601357182
12.200000000000001,17.9899,11.818353189284975
12.200000000000001,18.19091,11.834653653914936
12.200000000000001,18.39192,11.850964191656107
12.200000000000001,18.59293,11.867064684230359
12.200000000000001,18.79394,11.882925117926499
12.200000000000001,18.99495,11.89875550064266
12.200000000000001,19.19596,11.9141757730002
12.200000000000001,19.39697,11.929606109145025
12.200000000000001,19.59798,11.94484640183289
12.200000000000001,19.79899,11.959876646895122
12.200000000000001,20.0,11.97379683037422
48.5,0.1,2.505402332223978
48.5,0.3010101,3.3316213031018256
48.5,0.5020202,3.6701672949743616
48.5,0.7030303,3.88795619771926
48.5,0.9040404,4.071942789222346
48.5,1.105051,4.238147661581795
48.5,1.306061,4.388286857905159
48.5,1.507071,4.538523241381656
48.5,1.708081,4.6830960687259235
48.5,1.909091,4.819738461434421
48.5,2.110101,4.949396474587639
48.5,2.311111,5.090656651628328
48.5,2.512121,5.238905519184238
48.5,2.713131,5.3908367861254955
48.5,2.914141,5.546067535003771
48.5,3.115152,5.694350219048036
48.5,3.316162,5.83745332694583
48.5,3.517172,5.98615351965278
48.5,3.718182,6.14069140584915
48.5,3.919192,6.296516116703267
48.5,4.120202,6.451381274937502
48.5,4.321212,6.605602474595592
48.5,4.522222,6.768049989985108
48.5,4.723232,6.9358015097864785
48.5,4.924242,7.09825924056102
48.5,5.125253,7.262220399361587
48.5,5.326263,7.429069996686131
48.5,5.527273,7.597056503414114
48.5,5.728283,7.772243372659871
48.5,5.929293,7.9511403671840455
48.5,6.130303,8.127631745041368
48.5,6.331313,8.302818500720166
48.5,6.532323,8.476386355922537
48.5,6.733333,8.649117548128368
48.5,6.934343,8.819904548823333
48.5,7.135354,8.986130324027457
48.5,7.336364,9.15061382799468
48.5,7.537374,9.30757969045142
48.5,7.738384,9.460864055142272
48.5,7.939394,9.614062074791033
48.5,8.140404,9.756919001308775
48.5,8.341414,9.895314264414138
48.5,8.542424,10.012384316691112
48.5,8.743434,10.12067681864721
48.5,8.944444,10.237450639809829
48.5,9.145455,10.337389237981476
48.5,9.346465,10.429641655183312
48.5,9.547475,10.514440977759172
48.5,9.748485,10.588243907390613
48.5,9.949495,10.659108892282132
48.5,10.15051,10.72236092014924
48.5,10.35152,10.78306599178568
48.5,10.55253,10.832046072256501
48.5,10.75354,10.877288163521825
48.5,10.95455,10.928968225654861
48.5,11.15556,10.971882175489553
48.5,11.35657,11.011667862439516
48.5,11.55758,11.04970581005464
48.5,11.75859,11.084164859740197
48.5,11.9596,11.117804367008432
48.5,12.16061,11.149296173400323
48.5,12.36162,11.180248707047243
48.5,12.56263,11.207392230393785
48.5,12.76364,11.233646110550598
48.5,12.96465,11.262039660667014
48.5,13.16566,11.287484086874334
48.5,13.36667,11.312208833422748
48.5,13.56768,11.336554301434605
48.5,13.76869,11.360009881868086
48.5,13.9697,11.383315555801088
48.5,14.17071,11.405862265228352
48.5,14.37172,11.428269206171963
48.5,14.57273,11.448916294324755
48.5,14.77374,11.469273455547496
48.5,14.97475,11.490560591991294
48.5,15.17576,11.510507892784142
48.5,15.37677,11.530245266918078
48.5,15.57778,11.549892978568622
48.5,15.77879,11.569360572203992
48.5,15.9798,11.588798192629064
48.5,16.18081,11.607836429352673
48.5,16.38182,11.626834758336143
48.5,16.58283,11.644623064153492
48.5,16.78384,11.662301394143539
48.5,16.98485,11.680569721268604
48.5,17.18586,11.697958057492908
48.5,17.38687,11.715276423002873
48.5,17.58788,11.732594957778687
48.5,17.78889,11.749903361058529
48.5,17.9899,11.767211785047007
48.5,18.19091,11.784240663238961
48.5,18.39192,11.801249580449943
48.5,18.59293,11.817228555708464
48.5,18.79394,11.833167547505967
48.5,18.99495,11.849606449343646
48.5,19.19596,11.865235600253113
48.5,19.39697,11.880844768266204
48.5,19.59798,11.896603723083905
48.5,19.79899,11.91241209490325
48.5,20.0,11.928220503251321
48.8,0.1,2.515670863068881
48.8,0.3010101,3.3465398099809147
48.8,0.5020202,3.687122750962576
48.8,0.7030303,3.9055682513970975
48.8,0.9040404,4.09225313588363
48.8,1.105051,4.256282250958508
48.8,1.306061,4.406402291844452
48.8,1.507071,4.556535852848975
48.8,1.708081,4.686776940686012
48.8,1.909091,4.810128668188103
48.8,2.110101,4.944423670695077
48.8,2.311111,5.099638653656996
48.8,2.512121,5.254858708340269
48.8,2.713131,5.4100833946117355
48.8,2.914141,5.56531232676001
48.8,3.115152,5.713594071032713
48.8,3.316162,5.85985572364926
48.8,3.517172,6.012560521864912
48.8,3.718182,6.165265712743111
48.8,3.919192,6.320596898608508
48.8,4.120202,6.4754625634224965
48.8,4.321212,6.634476883170948
48.8,4.522222,6.801280982269253
48.8,4.723232,6.960467311365083
48.8,4.924242,7.119654746046963
48.8,5.125253,7.283617565781011
48.8,5.326263,7.451148904494825
48.8,5.527273,7.619794357594001
48.8,5.728283,7.788440590957104
48.8,5.929293,7.966231257455829
48.8,6.130303,8.14272345229361
48.8,6.331313,8.316915733471344
48.8,6.532323,8.489177084557427
48.8,6.733333,8.658997749467133
48.8,6.934343,8.828819413104172
48.8,7.135354,8.995045321451002
48.8,7.336364,9.154800107755609
48.8,7.537374,9.308281586620138
48.8,7.738384,9.46176702303224
48.8,7.939394,9.614982935000297
48.8,8.140404,9.757840179619889
48.8,8.341414,9.882545809144851
48.8,8.542424,9.99332645098679
48.8,8.743434,10.113398278814907
48.8,8.944444,10.233481781009683
48.8,9.145455,10.333420850168611
48.8,9.346465,10.420806487542169
48.8,9.547475,10.502907514681917
48.8,9.748485,10.58501070384534
48.8,9.949495,10.655955857302919
48.8,10.15051,10.719218025356623
48.8,10.35152,10.772115845945605
48.8,10.55253,10.819546089675471
48.8,10.75354,10.873154398120425
48.8,10.95455,10.926773809218936
48.8,11.15556,10.969677940091191
48.8,11.35657,11.008284948892124
48.8,11.55758,11.04584345427172
48.8,11.75859,11.083242398911324
48.8,11.9596,11.116881994438305
48.8,12.16061,11.14837387222661
48.8,12.36162,11.17670700543201
48.8,12.56263,11.203780550493805
48.8,12.76364,11.232633849278589
48.8,12.96465,11.2614873564879
48.8,13.16566,11.286941844615525
48.8,13.36667,11.31139705701865
48.8,13.56768,11.335652681492341
48.8,13.76869,11.359828403395227
48.8,13.9697,11.383134114942708
48.8,14.17071,11.40568085381366
48.8,14.37172,11.426847882103031
48.8,14.57273,11.447594973371055
48.8,14.77374,11.469022063109366
48.8,14.97475,11.490459215793855
48.8,15.17576,11.510406544477512
48.8,15.37677,11.530074148878828
48.8,15.57778,11.549721917681785
48.8,15.77879,11.569339698020848
48.8,15.9798,11.588777336570912
48.8,16.18081,11.607815587090982
48.8,16.38182,11.625943892281894
48.8,16.58283,11.643892192331624
48.8,16.78384,11.662210501594759
48.8,16.98485,11.680538841305872
48.8,17.18586,11.697927193085352
48.8,17.38687,11.715235675999699
48.8,17.58788,11.73255423287454
48.8,17.78889,11.749872780955137
48.8,17.9899,11.767181216063415
48.8,18.19091,11.784210102368347
48.8,18.39192,11.8004590585389
48.8,18.59293,11.816637991599144
48.8,18.79394,11.833096882523154
48.8,18.99495,11.849545791453213
48.8,19.19596,11.865174950487807
48.8,19.39697,11.880893959577927
48.8,19.59798,11.896652923873704
48.8,19.79899,11.912431759855211
48.8,20.0,11.928240176882097
49.099999999999994,0.1,2.5255225168958124
49.099999999999994,0.3010101,3.361487336413007
49.099999999999994,0.5020202,3.704020985620245
49.099999999999994,0.7030303,3.923285409615629
49.099999999999994,0.9040404,4.108430799999252
49.099999999999994,1.105051,4.275224046852452
49.099999999999994,1.306061,4.4256611638568115
49.099999999999994,1.507071,4.577527247860603
49.099999999999994,1.708081,4.725580033551107
49.099999999999994,1.909091,4.865049390845357
49.099999999999994,2.110101,4.994925161019302
49.099999999999994,2.311111,5.136797026441213
49.099999999999994,2.512121,5.280178902636269
49.099999999999994,2.713131,5.4293307230736305
49.099999999999994,2.914141,5.584557803284009
49.099999999999994,3.115152,5.733562660380964
49.099999999999994,3.316162,5.886265899686549
49.099999999999994,3.517172,6.038969641801122
49.099999999999994,3.718182,6.191674777509024
49.099999999999994,3.919192,6.344679840319475
49.099999999999994,4.120202,6.50090594204185
49.099999999999994,4.321212,6.663489532584109
49.099999999999994,4.522222,6.8226754134998
49.099999999999994,4.723232,6.981863459680099
49.099999999999994,4.924242,7.141052528523777
49.099999999999994,5.125253,7.305241978350659
49.099999999999994,5.326263,7.473887471563775
49.099999999999994,5.527273,7.642533758205638
49.099999999999994,5.728283,7.81118078684788
49.099999999999994,5.929293,7.981322652741453
49.099999999999994,6.130303,8.157445557003479
49.099999999999994,6.331313,8.328272166196506
49.099999999999994,6.532323,8.498091843148956
49.099999999999994,6.733333,8.667912576080386
49.099999999999994,6.934343,8.837734305788896
49.099999999999994,7.135354,9.002024421538245
49.099999999999994,7.336364,9.155501416950191
49.099999999999994,7.537374,9.308982597562718
49.099999999999994,7.738384,9.462469712337445
49.099999999999994,7.939394,9.615903821947832
49.099999999999994,8.140404,9.752711438190968
49.099999999999994,8.341414,9.869288090235619
49.099999999999994,8.542424,9.989360637755572
49.099999999999994,8.743434,10.109438982995783
49.099999999999994,8.944444,10.229512992769678
49.099999999999994,9.145455,10.32716390514507
49.099999999999994,9.346465,10.409262877818565
49.099999999999994,9.547475,10.491364064153545
49.099999999999994,9.748485,10.57346741249228
49.099999999999994,9.949495,10.652802835965144
49.099999999999994,10.15051,10.712176506861299
49.099999999999994,10.35152,10.763733850433793
49.099999999999994,10.55253,10.81734126849997
49.099999999999994,10.75354,10.870959803776195
49.099999999999994,10.95455,10.924569440110158
49.099999999999994,11.15556,10.96687437130512
49.099999999999994,11.35657,11.004432526672657
49.099999999999994,11.55758,11.041991114842494
49.099999999999994,11.75859,11.079550131306087
49.099999999999994,11.9596,11.115949641592934
49.099999999999994,12.16061,11.146021886342036
49.099999999999994,12.36162,11.174374967937075
49.099999999999994,12.56263,11.203228128399953
49.099999999999994,12.76364,11.232081498542348
49.099999999999994,12.96465,11.26094507674858
49.099999999999994,13.16566,11.286239859024086
49.099999999999994,13.36667,11.310505411873248
49.099999999999994,13.56768,11.334761075484662
49.099999999999994,13.76869,11.359026849064653
49.099999999999994,13.9697,11.38295268634285
49.099999999999994,14.17071,11.404779489634565
49.099999999999994,14.37172,11.426056496696573
49.099999999999994,14.57273,11.447483552468853
49.099999999999994,14.77374,11.468920671395004
49.099999999999994,14.97475,11.49034785328328
49.099999999999994,15.17576,11.51026533205777
49.099999999999994,15.37677,11.529903077269825
49.099999999999994,15.57778,11.549550865820438
49.099999999999994,15.77879,11.569188697629663
49.099999999999994,15.9798,11.588756486834207
49.099999999999994,16.18081,11.607264728246506
49.099999999999994,16.38182,11.625522995186964
49.099999999999994,16.58283,11.643851289314815
49.099999999999994,16.78384,11.662169614102382
49.099999999999994,16.98485,11.680497969260728
49.099999999999994,17.18586,11.697886401047935
49.099999999999994,17.38687,11.715204944743588
49.099999999999994,17.58788,11.73252351383417
49.099999999999994,17.78889,11.749832108215399
49.099999999999994,17.9899,11.767150650956145
49.099999999999994,18.19091,11.783689565417161
49.099999999999994,18.39192,11.80011843569594
49.099999999999994,18.59293,11.816577318979142
49.099999999999994,18.79394,11.83302622029121
49.099999999999994,18.99495,11.849485139543747
49.099999999999994,19.19596,11.865184197301836
49.099999999999994,19.39697,11.880953157049252
49.099999999999994,19.59798,11.896712134267885
49.099999999999994,19.79899,11.91247112885999
49.099999999999994,20.0,11.928259852269084
49.400000000000006,0.1,2.5361791251350008
49.400000000000006,0.3010101,3.376625024394074
49.400000000000006,0.5020202,3.7204749901713017
49.400000000000006,0.7030303,3.9414682787357713
49.400000000000006,0.9040404,4.129258185969874
49.400000000000006,1.105051,4.294693209181851
49.400000000000006,1.306061,4.446828663852503
49.400000000000006,1.507071,4.598697810488387
49.400000000000006,1.708081,4.746744006820134
49.400000000000006,1.909091,4.893510587850182
49.400000000000006,2.110101,5.0356646631642885
49.400000000000006,2.311111,5.176900649601035
49.400000000000006,2.512121,5.318763677866704
49.400000000000006,2.713131,5.462231758930553
49.400000000000006,2.914141,5.604696510748757
49.400000000000006,3.115152,5.742810307608174
49.400000000000006,3.316162,5.895512334143378
49.400000000000006,3.517172,6.048216871456824
49.400000000000006,3.718182,6.200921810564508
49.400000000000006,3.919192,6.368448997057423
49.400000000000006,4.120202,6.522682346837093
49.400000000000006,4.321212,6.681867534971567
49.400000000000006,4.522222,6.841053965386015
49.400000000000006,4.723232,7.000243486691811
49.400000000000006,4.924242,7.159434955729174
49.400000000000006,5.125253,7.3245176007611885
49.400000000000006,5.326263,7.493163888740954
49.400000000000006,5.527273,7.661810933130416
49.400000000000006,5.728283,7.830458685092158
49.400000000000006,5.929293,7.997008785601437
49.400000000000006,6.130303,8.165789359771843
49.400000000000006,6.331313,8.335607841850031
49.400000000000006,6.532323,8.505427449534755
49.400000000000006,6.733333,8.67524811331028
49.400000000000006,6.934343,8.845069774021805
49.400000000000006,7.135354,9.003883529286115
49.400000000000006,7.336364,9.157359757889182
49.400000000000006,7.537374,9.310842165714362
49.400000000000006,7.738384,9.46432949801453
49.400000000000006,7.939394,9.616925198613357
49.400000000000006,8.140404,9.746629738690215
49.400000000000006,8.341414,9.866698838072045
49.400000000000006,8.542424,9.9867718648649
49.400000000000006,8.743434,10.106850678947335
49.400000000000006,8.944444,10.2269251474603
49.400000000000006,9.145455,10.319529474332125
49.400000000000006,9.346465,10.401628647966481
49.400000000000006,9.547475,10.48373003363438
49.400000000000006,9.748485,10.565833579770272
49.400000000000006,9.949495,10.647199414997651
49.400000000000006,10.15051,10.7085425753059
49.400000000000006,10.35152,10.762159079897582
49.400000000000006,10.55253,10.815766716786074
49.400000000000006,10.75354,10.869385468891327
49.400000000000006,10.95455,10.922995320080323
49.400000000000006,11.15556,10.964191523208516
49.400000000000006,11.35657,11.001749774835245
49.400000000000006,11.55758,11.039318458570461
49.400000000000006,11.75859,11.076877570208419
49.400000000000006,11.9596,11.114227318916157
49.400000000000006,12.16061,11.14515970361923
49.400000000000006,12.36162,11.174012718404263
49.400000000000006,12.56263,11.202865944164587
49.400000000000006,12.76364,11.231729379268748
49.400000000000006,12.96465,11.260583022218889
49.400000000000006,13.16566,11.285648209041499
49.400000000000006,13.36667,11.309913800740357
49.400000000000006,13.56768,11.33416950312048
49.400000000000006,13.76869,11.358435315231663
49.400000000000006,13.9697,11.382621309594633
49.400000000000006,14.17071,11.40458819405723
49.400000000000006,14.37172,11.426015212500804
49.400000000000006,14.57273,11.447452294391715
49.400000000000006,14.77374,11.468879439536957
49.400000000000006,14.97475,11.490316647389625
49.400000000000006,15.17576,11.510184310101312
49.400000000000006,15.37677,11.52982207401058
49.400000000000006,15.57778,11.54946988119665
49.400000000000006,15.77879,11.569107731576691
49.400000000000006,15.9798,11.588705652772768
49.400000000000006,16.18081,11.60720391100944
49.400000000000006,16.38182,11.62552218825423
49.400000000000006,16.58283,11.643850496142257
49.400000000000006,16.78384,11.662178834575267
49.400000000000006,16.98485,11.680497203478449
49.400000000000006,17.18586,11.697885723007726
49.400000000000006,17.38687,11.71520427798394
49.400000000000006,17.58788,11.732522858293914
49.400000000000006,17.78889,11.749841463825629
49.400000000000006,17.9899,11.767110101953831
49.400000000000006,18.19091,11.78362896048543
49.400000000000006,18.39192,11.80008783489952
49.400000000000006,18.59293,11.816536727442497
49.400000000000006,18.79394,11.83299563792626
49.400000000000006,18.99495,11.849454566356355
49.400000000000006,19.19596,11.865233519340975
49.400000000000006,19.39697,11.880992489997098
49.400000000000006,19.59798,11.896751478067028
49.400000000000006,19.79899,11.91251048348166
49.400000000000006,20.0,11.928229567642008
49.7,0.1,2.54617692517137
49.7,0.3010101,3.3918587189771614
49.7,0.5020202,3.7377752958689148
49.7,0.7030303,3.9592855322403495
49.7,0.9040404,4.148326775300136
49.7,1.105051,4.31411707731406
49.7,1.306061,4.466808853474898
49.7,1.507071,4.619330340037376
49.7,1.708081,4.766772537490922
49.7,1.909091,4.911182824571675
49.7,2.110101,5.053010338720588
49.7,2.311111,5.189955533280987
49.7,2.512121,5.328962896848763
49.7,2.713131,5.461423590132629
49.7,2.914141,5.581225659776473
49.7,3.115152,5.717730273995273
49.7,3.316162,5.886587860517074
49.7,3.517172,6.070634157420758
49.7,3.718182,6.234513141104926
49.7,3.919192,6.384258786720024
49.7,4.120202,6.538259281151274
49.7,4.321212,6.695121621260962
49.7,4.522222,6.853399462142414
49.7,4.723232,7.012589056880999
49.7,4.924242,7.171781552007401
49.7,5.125253,7.336865016712112
49.7,5.326263,7.505511993574987
49.7,5.527273,7.674159693526661
49.7,5.728283,7.833620071680839
49.7,5.929293,7.987872622151432
49.7,6.130303,8.157998153544568
49.7,6.331313,8.336737899319528
49.7,6.532323,8.509604777604718
49.7,6.733333,8.67942509783635
49.7,6.934343,8.849246427697087
49.7,7.135354,9.008059562537934
49.7,7.336364,9.161535047237209
49.7,7.537374,9.31501673034665
49.7,7.738384,9.4653557372929
49.7,7.939394,9.614275647373194
49.7,8.140404,9.744358980694857
49.7,8.341414,9.86631426467004
49.7,8.542424,9.986937074743796
49.7,8.743434,10.107014260526517
49.7,8.944444,10.22709909182872
49.7,9.145455,10.319693725679905
49.7,9.346465,10.40179318259657
49.7,9.547475,10.483894847179974
49.7,9.748485,10.563789234504705
49.7,9.949495,10.64291584623037
49.7,10.15051,10.70491899049699
49.7,10.35152,10.761194976292881
49.7,10.55253,10.815442648911976
49.7,10.75354,10.86906159753566
49.7,10.95455,10.922671643344268
49.7,11.15556,10.963867985441663
49.7,11.35657,11.001426359374829
49.7,11.55758,11.038985164741328
49.7,11.75859,11.075994981627602
49.7,11.9596,11.112865328242567
49.7,12.16061,11.144067788715075
49.7,12.36162,11.173850914354592
49.7,12.56263,11.202884203462443
49.7,12.76364,11.231747690878997
49.7,12.96465,11.26060138591453
49.7,13.16566,11.285666613275161
49.7,13.36667,11.309932242993499
49.7,13.56768,11.334187983228443
49.7,13.76869,11.358264012973585
49.7,13.9697,11.382310176299091
49.7,14.17071,11.404377111939393
49.7,14.37172,11.426084230823665
49.7,14.57273,11.447561343719052
49.7,14.77374,11.468988508724923
49.7,14.97475,11.490425736399468
49.7,15.17576,11.510293416090832
49.7,15.37677,11.52993119645304
49.7,15.57778,11.549579020101186
49.7,15.77879,11.569116950111436
49.7,15.9798,11.588634928312276
49.7,16.18081,11.607173227569321
49.7,16.38182,11.625601587195005
49.7,16.58283,11.643929911738034
49.7,16.78384,11.66225826034667
49.7,16.98485,11.68057663936429
49.7,17.18586,11.697975168240761
49.7,17.38687,11.715283732523837
49.7,17.58788,11.732602322074527
49.7,17.78889,11.74983095269182
49.7,17.9899,11.767049608847522
49.7,18.19091,11.783588485168304
49.7,18.39192,11.800097389456482
49.7,18.59293,11.81655628975285
49.7,18.79394,11.833015207116144
49.7,18.99495,11.849464142386957
49.7,19.19596,11.865243102137091
49.7,19.39697,11.881002079539334
49.7,19.59798,11.896771074311381
49.7,19.79899,11.91245021009546
49.7,20.0,11.928129360469171
50.0,0.1,2.5564407007825394
50.0,0.3010101,3.407067763905253
50.0,0.5020202,3.7552308666575507
50.0,0.7030303,3.977557122349882
50.0,0.9040404,4.164619142955051
50.0,1.105051,4.332997029711352
50.0,1.306061,4.485688016946505
50.0,1.507071,4.638262747922737
50.0,1.708081,4.784197232690515
50.0,1.909091,4.9284539699624474
50.0,2.110101,5.070258791598735
50.0,2.311111,5.2072030157817935
50.0,2.512121,5.345962671689711
50.0,2.713131,5.4959117296703415
50.0,2.914141,5.616064065526505
50.0,3.115152,5.76954852072251
50.0,3.316162,5.95083530091211
50.0,3.517172,6.100578535703147
50.0,3.718182,6.250323127662588
50.0,3.919192,6.400068985652002
50.0,4.120202,6.554070132222338
50.0,4.321212,6.710933389626578
50.0,4.522222,6.867798412820465
50.0,4.723232,7.024935610492325
50.0,4.924242,7.184129102572182
50.0,5.125253,7.349213362750119
50.0,5.326263,7.515980630660556
50.0,5.527273,7.670231635018292
50.0,5.728283,7.824484090500733
50.0,5.929293,7.978735971257587
50.0,6.130303,8.148862784080105
50.0,6.331313,8.32760177806634
50.0,6.532323,8.506341901713292
50.0,6.733333,8.6836021972079
50.0,6.934343,8.853423194327123
50.0,7.135354,9.012234707460948
50.0,7.336364,9.164882927774327
50.0,7.537374,9.313790785044601
50.0,7.738384,9.462704943774183
50.0,7.939394,9.611625108326393
50.0,8.140404,9.741709672580061
50.0,8.341414,9.863664175576806
50.0,8.542424,9.985623831856904
50.0,8.743434,10.107177880544707
50.0,8.944444,10.227263073352088
50.0,9.145455,10.31985801353531
50.0,9.346465,10.401267952294232
50.0,9.547475,10.480380694080626
50.0,9.748485,10.559505490933882
50.0,9.949495,10.638622297742593
50.0,10.15051,10.700635605228113
50.0,10.35152,10.756901743917282
50.0,10.55253,10.813169082320321
50.0,10.75354,10.868737761681677
50.0,10.95455,10.922348001946332
50.0,11.15556,10.963544482887585
50.0,11.35657,11.000903201326317
50.0,11.55758,11.037772881967582
50.0,11.75859,11.074632933561166
50.0,11.9596,11.111493352268516
50.0,12.16061,11.142705870705843
50.0,12.36162,11.172489050763106
50.0,12.56263,11.202272438630105
50.0,12.76364,11.231756015829404
50.0,12.96465,11.260619762778298
50.0,13.16566,11.285685030689914
50.0,13.36667,11.30987077259388
50.0,13.56768,11.333916766776047
50.0,13.76869,11.35796285976035
50.0,13.9697,11.3820090509206
50.0,14.17071,11.404066009416704
50.0,14.37172,11.42578315006211
50.0,14.57273,11.447490350966248
50.0,14.77374,11.469107584206586
50.0,14.97475,11.49053483174904
50.0,15.17576,11.510402528375089
50.0,15.37677,11.530000353212586
50.0,15.57778,11.549518264806355
50.0,15.77879,11.569046216641143
50.0,15.9798,11.588564208642328
50.0,16.18081,11.607102519685416
50.0,16.38182,11.62553089090674
50.0,16.58283,11.643949290383715
50.0,16.78384,11.662337689526638
50.0,16.98485,11.680666078642684
50.0,17.18586,11.698054616910785
50.0,17.38687,11.71532319796923
50.0,17.58788,11.732541813725486
50.0,17.78889,11.74977045401364
50.0,17.9899,11.76698911879623
50.0,18.19091,11.783528002495219
50.0,18.39192,11.800036914024817
50.0,18.59293,11.816545842922173
50.0,18.79394,11.83302477893855
50.0,18.99495,11.849483721012195
50.0,19.19596,11.865262687548547
50.0,19.39697,11.880981733573082
50.0,19.59798,11.896660860400909
50.0,19.79899,11.912340000591344
50.0,20.0,11.928019154047464
50.3,0.1,2.5661225930498652
50.3,0.3010101,3.4217919254534426
50.3,0.5020202,3.771898608097598
50.3,0.7030303,3.9950135769349897
50.3,0.9040404,4.185046267085856
50.3,1.105051,4.3515793307113055
50.3,1.306061,4.5040817965014
50.3,1.507071,4.656597396033982
50.3,1.708081,4.802489219856745
50.3,1.909091,4.94617904158322
50.3,2.110101,5.088175130498312
50.3,2.311111,5.227122177871513
50.3,2.512121,5.366075484897458
50.3,2.713131,5.5162416870825695
50.3,2.914141,5.666808026177691
50.3,3.115152,5.8169022571194136
50.3,3.316162,5.966644267606222
50.3,3.517172,6.116387727027205
50.3,3.718182,6.266132533610251
50.3,3.919192,6.415879588735299
50.3,4.120202,6.569880379178181
50.3,4.321212,6.726744540317903
50.3,4.522222,6.88361141951308
50.3,4.723232,7.040480835082051
50.3,4.924242,7.197352621182418
50.3,5.125253,7.352591612767742
50.3,5.326263,7.50684349747859
50.3,5.527273,7.661095847916967
50.3,5.728283,7.815347636662206
50.3,5.929293,7.969600837937745
50.3,6.130303,8.139726918860683
50.3,6.331313,8.318467150439751
50.3,6.532323,8.49720650381624
50.3,6.733333,8.675946967874703
50.3,6.934343,8.854687537657792
50.3,7.135354,9.013331098509397
50.3,7.336364,9.162232617945996
50.3,7.537374,9.31114074273675
50.3,7.738384,9.460055162326245
50.3,7.939394,9.608975581312704
50.3,8.140404,9.73905937662317
50.3,8.341414,9.861015098465545
50.3,8.542424,9.982974968328875
50.3,8.743434,10.104933837284142
50.3,8.944444,10.226907559557233
50.3,9.145455,10.317862992919213
50.3,9.346465,10.396973833197212
50.3,9.547475,10.476096773593362
50.3,9.748485,10.555211767692093
50.3,9.949495,10.634328769118111
50.3,10.15051,10.696342240173935
50.3,10.35152,10.752608531444992
50.3,10.55253,10.808886021171471
50.3,10.75354,10.865154691104095
50.3,10.95455,10.921424522897542
50.3,11.15556,10.962681643245597
50.3,11.35657,10.999541022683136
50.3,11.55758,11.036400776277157
50.3,11.75859,11.073260900236393
50.3,11.9596,11.1101313907563
50.3,12.16061,11.14133396736485
50.3,12.36162,11.17111720180859
50.3,12.56263,11.200900643798292
50.3,12.76364,11.2306842916833
50.3,12.96465,11.260468143828708
50.3,13.16566,11.285523648443922
50.3,13.36667,11.309569571400566
50.3,13.56768,11.333605593709132
50.3,13.76869,11.35765171462459
50.3,13.9697,11.381697933600648
50.3,14.17071,11.403764914801272
50.3,14.37172,11.425472077325425
50.3,14.57273,11.447189299899838
50.3,14.77374,11.468896582342493
50.3,14.97475,11.490613924228391
50.3,15.17576,11.510411711877296
50.3,15.37677,11.529929596877972
50.3,15.57778,11.549447522326071
50.3,15.77879,11.568965488017687
50.3,15.9798,11.588493493702911
50.3,16.18081,11.607031816584755
50.3,16.38182,11.625450199378308
50.3,16.58283,11.643878610333989
50.3,16.78384,11.662307049390899
50.3,16.98485,11.680735516359332
50.3,17.18586,11.698044085249595
50.3,17.38687,11.715262685029085
50.3,17.58788,11.732481309458315
50.3,17.78889,11.74969995842925
50.3,17.9899,11.766918631833489
50.3,18.19091,11.783467522848271
50.3,18.39192,11.799976441640448
50.3,18.59293,11.816485377780019
50.3,18.79394,11.832984331198457
50.3,18.99495,11.849493301764728
50.3,19.19596,11.865192401956664
50.3,19.39697,11.880881518515492
50.3,19.59798,11.896560648464096
50.3,19.79899,11.91223979176713
50.3,20.0,11.92791894832785
50.599999999999994,0.1,2.575697363001453
50.599999999999994,0.3010101,3.4363632757797458
50.599999999999994,0.5020202,3.788440414936385
50.599999999999994,0.7030303,4.01227862575854
50.599999999999994,0.9040404,4.200533826699731
50.599999999999994,1.105051,4.369590904360284
50.599999999999994,1.306061,4.521759870182921
50.599999999999994,1.507071,4.674176835910025
50.599999999999994,1.708081,4.8201078875925125
50.599999999999994,1.909091,4.948074511284028
50.599999999999994,2.110101,5.106043695859322
50.599999999999994,2.311111,5.244990402676452
50.599999999999994,2.512121,5.3917154943164824
50.599999999999994,2.713131,5.54227911539378
50.599999999999994,2.914141,5.68585615524001
50.599999999999994,3.115152,5.83237449167423
50.599999999999994,3.316162,5.981579441498687
50.599999999999994,3.517172,6.131323014904095
50.599999999999994,3.718182,6.2810679227236195
50.599999999999994,3.919192,6.430814073701862
50.599999999999994,4.120202,6.584816248341602
50.599999999999994,4.321212,6.741680964651163
50.599999999999994,4.522222,6.898548367883178
50.599999999999994,4.723232,7.0552245166654695
50.599999999999994,4.924242,7.210426155395503
50.599999999999994,5.125253,7.34644817456014
50.599999999999994,5.326263,7.474767266637182
50.599999999999994,5.527273,7.629018898412399
50.599999999999994,5.728283,7.783271958841945
50.599999999999994,5.929293,7.937524423232226
50.599999999999994,6.130303,8.124679043706246
50.599999999999994,6.331313,8.325595081113754
50.599999999999994,6.532323,8.50433561244487
50.599999999999994,6.733333,8.683076250467877
50.599999999999994,6.934343,8.86181598564179
50.599999999999994,7.135354,9.020461572775442
50.599999999999994,7.336364,9.16936449865416
50.599999999999994,7.537374,9.31827397833737
50.599999999999994,7.738384,9.468148511034256
50.599999999999994,7.939394,9.622096735711342
50.599999999999994,8.140404,9.747512983317577
50.599999999999994,8.341414,9.862438887006578
50.599999999999994,8.542424,9.984399936650016
50.599999999999994,8.743434,10.106364955068292
50.599999999999994,8.944444,10.228329801054285
50.599999999999994,9.145455,10.31929614856131
50.599999999999994,9.346465,10.398407819303802
50.599999999999994,9.547475,10.477521577610766
50.599999999999994,9.748485,10.555847697048284
50.599999999999994,9.949495,10.631656727971158
50.599999999999994,10.15051,10.694514299064483
50.599999999999994,10.35152,10.752464028070154
50.599999999999994,10.55253,10.808731738373403
50.599999999999994,10.75354,10.865000626385914
50.599999999999994,10.95455,10.921280673863262
50.599999999999994,11.15556,10.962527938329398
50.599999999999994,11.35657,10.999387440426943
50.599999999999994,11.55758,11.036257315627108
50.599999999999994,11.75859,11.072637631237827
50.599999999999994,11.9596,11.107868472705507
50.599999999999994,12.16061,11.140241746910048
50.599999999999994,12.36162,11.171325522858808
50.599999999999994,12.56263,11.201109014826123
50.599999999999994,12.76364,11.230892712419287
50.599999999999994,12.96465,11.260676614007242
50.599999999999994,13.16566,11.285732155866574
50.599999999999994,13.36667,11.309778113321793
50.599999999999994,13.56768,11.333824169945423
50.599999999999994,13.76869,11.35757027749663
50.599999999999994,13.9697,11.380766395544834
50.599999999999994,14.17071,11.403473580475465
50.599999999999994,14.37172,11.425770912702133
50.599999999999994,14.57273,11.447488159160839
50.599999999999994,14.77374,11.46919546536
50.599999999999994,14.97475,11.490912830912198
50.599999999999994,15.17576,11.510710638636093
50.599999999999994,15.37677,11.53022854317767
50.599999999999994,15.57778,11.54974648809998
50.599999999999994,15.77879,11.56906444762979
50.599999999999994,15.9798,11.588062409217018
50.599999999999994,16.18081,11.606970880214927
50.599999999999994,16.38182,11.625669367072362
50.599999999999994,16.58283,11.644097792015227
50.599999999999994,16.78384,11.662526244986413
50.599999999999994,16.98485,11.680954725880714
50.599999999999994,17.18586,11.698263307908416
50.599999999999994,17.38687,11.715481920757655
50.599999999999994,17.58788,11.732700558218149
50.599999999999994,17.78889,11.74976919578541
50.599999999999994,17.9899,11.766627828439319
50.599999999999994,18.19091,11.783426746282752
50.599999999999994,18.39192,11.800085686678369
50.599999999999994,18.59293,11.816594634489771
50.599999999999994,18.79394,11.833103599518294
50.599999999999994,18.99495,11.849612581691986
50.599999999999994,19.19596,11.865311692190717
50.599999999999994,19.39697,11.880990819023365
50.599999999999994,19.59798,11.896669959191037
50.599999999999994,19.79899,11.91222912995946
50.599999999999994,20.0,11.927658331046695
50.900000000000006,0.1,2.5856488596304645
50.900000000000006,0.3010101,3.451091618999227
50.900000000000006,0.5020202,3.8045756410131983
50.900000000000006,0.7030303,4.0298539145734
50.900000000000006,0.9040404,4.2207363120288175
50.900000000000006,1.105051,4.387668628865502
50.900000000000006,1.306061,4.53983846638035
50.900000000000006,1.507071,4.691948632890311
50.900000000000006,1.708081,4.832741060294088
50.900000000000006,1.909091,4.956493873664119
50.900000000000006,2.110101,5.123912406790162
50.900000000000006,2.311111,5.267194358656998
50.900000000000006,2.512121,5.414828523188769
50.900000000000006,2.713131,5.558365498246356
50.900000000000006,2.914141,5.701903945109472
50.900000000000006,3.115152,5.8481820941946685
50.900000000000006,3.316162,5.99734001391139
50.900000000000006,3.517172,6.14649819653352
50.900000000000006,3.718182,6.296002488635311
50.900000000000006,3.919192,6.445748730737329
50.900000000000006,4.120202,6.599751284039012
50.900000000000006,4.321212,6.75661654918317
50.900000000000006,4.522222,6.912469123089103
50.900000000000006,4.723232,7.0676689962977415
50.900000000000006,4.924242,7.222869638103328
50.900000000000006,5.125253,7.358891672690881
50.900000000000006,5.326263,7.483313501014036
50.900000000000006,5.527273,7.607736347062506
50.900000000000006,5.728283,7.751195740483747
50.900000000000006,5.929293,7.905449460840962
50.900000000000006,6.130303,8.092604273282081
50.900000000000006,6.331313,8.297612501084416
50.900000000000006,6.532323,8.50262081739314
50.900000000000006,6.733333,8.690204842589113
50.900000000000006,6.934343,8.868945736370783
50.900000000000006,7.135354,9.027591344744732
50.900000000000006,7.336364,9.17649566845297
50.900000000000006,7.537374,9.32884054615939
50.900000000000006,7.738384,9.482783936341425
50.900000000000006,7.939394,9.636734332117326
50.900000000000006,8.140404,9.76215285338274
50.900000000000006,8.341414,9.875256084529221
50.900000000000006,8.542424,9.988362103508303
50.900000000000006,8.743434,10.1077864153616
50.900000000000006,8.944444,10.229762378698661
50.900000000000006,9.145455,10.320719638077922
50.900000000000006,9.346465,10.399832136331698
50.900000000000006,9.547475,10.476527717564263
50.900000000000006,9.748485,10.552335561568
50.900000000000006,9.949495,10.628145241079283
50.900000000000006,10.15051,10.691013303454017
50.900000000000006,10.35152,10.749534529584894
50.900000000000006,10.55253,10.80805657802994
50.900000000000006,10.75354,10.864856602899229
50.900000000000006,10.95455,10.921126866203862
50.900000000000006,11.15556,10.96238427431747
50.900000000000006,11.35657,10.9992438988972
50.900000000000006,11.55758,11.034824090304571
50.900000000000006,11.75859,11.070054688051446
50.900000000000006,11.9596,11.105285633190908
50.900000000000006,12.16061,11.137658986357954
50.900000000000006,12.36162,11.169313046109329
50.900000000000006,12.56263,11.200977274476536
50.900000000000006,12.76364,11.23111114518942
50.900000000000006,12.96465,11.260895096192293
50.900000000000006,13.16566,11.285940675352352
50.900000000000006,13.36667,11.309986667319546
50.900000000000006,13.56768,11.333322640140832
50.900000000000006,13.76869,11.35651869396963
50.900000000000006,13.9697,11.379704852392088
50.900000000000006,14.17071,11.402412067555693
50.900000000000006,14.37172,11.425039507392128
50.900000000000006,14.57273,11.44766699859475
50.900000000000006,14.77374,11.46949435789059
50.900000000000006,14.97475,11.491211747056933
50.900000000000006,15.17576,11.511009574904275
50.900000000000006,15.37677,11.530527498968699
50.900000000000006,15.57778,11.549585405156988
50.900000000000006,15.77879,11.568583346124687
50.900000000000006,15.9798,11.58758132946492
50.900000000000006,16.18081,11.606479817265699
50.900000000000006,16.38182,11.625378381056901
50.900000000000006,16.58283,11.644276968210367
50.900000000000006,16.78384,11.662745447577626
50.900000000000006,16.98485,11.681173942330897
50.900000000000006,17.18586,11.698482537539697
50.900000000000006,17.38687,11.715701163447537
50.900000000000006,17.58788,11.73258976201134
50.900000000000006,17.78889,11.74945838326771
50.900000000000006,17.9899,11.766327030816765
50.900000000000006,18.19091,11.783115960750933
50.900000000000006,18.39192,11.799904921255719
50.900000000000006,18.59293,11.816693898514233
50.900000000000006,18.79394,11.833212875782559
50.900000000000006,18.99495,11.849721869551521
50.900000000000006,19.19596,11.865420990345893
50.900000000000006,19.39697,11.881110127366455
50.900000000000006,19.59798,11.896539312485796
50.900000000000006,19.79899,11.911968510348593
50.900000000000006,20.0,11.927407720384924
51.2,0.1,2.595267339748759
51.2,0.3010101,3.465834791270536
51.2,0.5020202,3.8213477409149275
51.2,0.7030303,4.047027013431763
51.2,0.9040404,4.2386743494466534
51.2,1.105051,4.405786712011444
51.2,1.306061,4.5577407559294825
51.2,1.507071,4.709592776995267
51.2,1.708081,4.855628805007603
51.2,1.909091,4.99949293392037
51.2,2.110101,5.142678644702558
51.2,2.311111,5.287345796729883
51.2,2.512121,5.430878347963436
51.2,2.713131,5.574413605770294
51.2,2.914141,5.7179523661141936
51.2,3.115152,5.863991247717505
51.2,3.316162,6.0131482693792835
51.2,3.517172,6.162307545372161
51.2,3.718182,6.311466991135468
51.2,3.919192,6.460684554317676
51.2,4.120202,6.614518637942733
51.2,4.321212,6.769714611340041
51.2,4.522222,6.9249126040565265
51.2,4.723232,7.080112483300146
51.2,4.924242,7.235314127671007
51.2,5.125253,7.371336175725989
51.2,5.326263,7.4957570233756545
51.2,5.527273,7.620179886332388
51.2,5.728283,7.744603712378218
51.2,5.929293,7.87337495642744
51.2,6.130303,8.060529951748514
51.2,6.331313,8.265538323627684
51.2,6.532323,8.470546777415029
51.2,6.733333,8.675555307285345
51.2,6.934343,8.876075789302291
51.2,7.135354,9.035605992574922
51.2,7.336364,9.189534644202874
51.2,7.537374,9.343473006594472
51.2,7.738384,9.497419653512265
51.2,7.939394,9.651373190020413
51.2,8.140404,9.776793960702038
51.2,8.341414,9.889899047433051
51.2,8.542424,10.003005876005485
51.2,8.743434,10.116120353862845
51.2,8.944444,10.231185293342302
51.2,9.145455,10.321403799486728
51.2,9.346465,10.397208525031518
51.2,9.547475,10.473015158429629
51.2,9.748485,10.548823658452333
51.2,9.949495,10.624633985315915
51.2,10.15051,10.687502538195572
51.2,10.35152,10.746024200120456
51.2,10.55253,10.80454667984203
51.2,10.75354,10.863069964146055
51.2,10.95455,10.920983099592027
51.2,11.15556,10.961780724179196
51.2,11.35657,10.997010722361706
51.2,11.55758,11.032241074064938
51.2,11.75859,11.067471776012916
51.2,11.9596,11.10269282488548
51.2,12.16061,11.13507625685
51.2,12.36162,11.166730389044892
51.2,12.56263,11.198384689581331
51.2,12.76364,11.230049156988594
51.2,12.96465,11.261103590635226
51.2,13.16566,11.285879158794577
51.2,13.36667,11.309075042499567
51.2,13.56768,11.332261031899678
51.2,13.76869,11.35545712620152
51.2,13.9697,11.378643324866152
51.2,14.17071,11.401360570139712
51.2,14.37172,11.423978038332782
51.2,14.57273,11.446605557723482
51.2,14.77374,11.46922312812447
51.2,14.97475,11.491510672727598
51.2,15.17576,11.511108495142263
51.2,15.37677,11.530106372774606
51.2,15.57778,11.549104293097905
51.2,15.77879,11.568092255946612
51.2,15.9798,11.587090260991216
51.2,16.18081,11.60599876549075
51.2,16.38182,11.624897345422582
51.2,16.58283,11.643795948665248
51.2,16.78384,11.662694575132118
51.2,16.98485,11.68139316576415
51.2,17.18586,11.698551749774351
51.2,17.38687,11.715420333149018
51.2,17.58788,11.732278943034789
51.2,17.78889,11.749147579249366
51.2,17.9899,11.766016241714118
51.2,18.19091,11.782815183690674
51.2,18.39192,11.799604156111211
51.2,18.59293,11.816393145203499
51.2,18.79394,11.833182150944435
51.2,18.99495,11.849841165288701
51.2,19.19596,11.86542031350706
51.2,19.39697,11.8808494959104
51.2,19.59798,11.896288690536666
51.2,19.79899,11.911717897408955
51.2,20.0,11.927147116411836
51.5,0.1,2.6055388579150063
51.5,0.3010101,3.4806470490687293
51.5,0.5020202,3.8382136145806536
51.5,0.7030303,4.064659856095366
51.5,0.9040404,4.254450343754832
51.5,1.105051,4.423866549185131
51.5,1.306061,4.575825410035208
51.5,1.507071,4.727676408555587
51.5,1.708081,4.8736815193924015
51.5,1.909091,5.011421994567037
51.5,2.110101,5.153348041199468
51.5,2.311111,5.303068843561209
51.5,2.512121,5.446599359484877
51.5,2.713131,5.590133625549472
51.5,2.914141,5.7336694329029045
51.5,3.115152,5.879099193010468
51.5,3.316162,6.028259232582084
51.5,3.517172,6.177420525483983
51.5,3.718182,6.3265819832632335
51.5,3.919192,6.4754033337125225
51.5,4.120202,6.627519754722257
51.5,4.321212,6.782436024159058
51.5,4.522222,6.937633955426349
51.5,4.723232,7.0928327727025415
51.5,4.924242,7.248034354485933
51.5,5.125253,7.384056357025388
51.5,5.326263,7.5084781707183215
51.5,5.527273,7.632899995962805
51.5,5.728283,7.757323785478505
51.5,5.929293,7.8898594491146365
51.5,6.130303,8.07095705116801
51.5,6.331313,8.275965465413071
51.5,6.532323,8.480973957787798
51.5,6.733333,8.685982525892825
51.5,6.934343,8.866382019735056
51.5,7.135354,9.03457283885658
51.5,7.336364,9.193092010432194
51.5,7.537374,9.34703151638258
51.5,7.738384,9.500980235639489
51.5,7.939394,9.654936775381245
51.5,8.140404,9.780358987552688
51.5,8.341414,9.893465267388313
51.5,8.542424,10.00657326091565
51.5,8.743434,10.119688877255665
51.5,8.944444,10.218200126294803
51.5,9.145455,10.311474232751594
51.5,9.346465,10.392069620599882
51.5,9.547475,10.467886701163852
51.5,9.748485,10.543695643235763
51.5,9.949495,10.619506406573644
51.5,10.15051,10.682375291782638
51.5,10.35152,10.740897249675909
51.5,10.55253,10.79942002255106
51.5,10.75354,10.857933597397523
51.5,10.95455,10.908340600223617
51.5,11.15556,10.956488830886157
51.5,11.35657,10.99458858601003
51.5,11.55758,11.029819009470065
51.5,11.75859,11.065049782794857
51.5,11.9596,11.10028090260152
51.5,12.16061,11.1326543888782
51.5,12.36162,11.164308570940035
51.5,12.56263,11.195972921006526
51.5,12.76364,11.227627437885605
51.5,12.96465,11.256262608828026
51.5,13.16566,11.284227973634742
51.5,13.36667,11.30823381333175
51.5,13.56768,11.331429833169397
51.5,13.76869,11.354625957866501
51.5,13.9697,11.377812186845647
51.5,14.17071,11.400519454814837
51.5,14.37172,11.423146944202106
51.5,14.57273,11.445774484768137
51.5,14.77374,11.468392076297174
51.5,14.97475,11.489579830138
51.5,15.17576,11.510537605514386
51.5,15.37677,11.529765490727751
51.5,15.57778,11.548763428216327
51.5,15.77879,11.567751408174457
51.5,15.9798,11.586749430274601
51.5,16.18081,11.605657947918711
51.5,16.38182,11.624556540523125
51.5,16.58283,11.643455156425533
51.5,16.78384,11.662353795456756
51.5,16.98485,11.680352433706718
51.5,17.18586,11.698251068302142
51.5,17.38687,11.71519966815449
51.5,17.58788,11.732058290103005
51.5,17.78889,11.748926938347076
51.5,17.9899,11.765795612807638
51.5,18.19091,11.782584564530252
51.5,18.39192,11.799383546491434
51.5,18.59293,11.816172545127635
51.5,18.79394,11.832961560384902
51.5,18.99495,11.849100675572535
51.5,19.19596,11.86519979164354
51.5,19.39697,11.880648980266866
51.5,19.59798,11.896078182354934
51.5,19.79899,11.91150739662367
51.5,20.0,11.926946623024454
51.8,0.1,2.6149985285545356
51.8,0.3010101,3.4950682482086326
51.8,0.5020202,3.85452918269867
51.8,0.7030303,4.081772078569199
51.8,0.9040404,4.274346103238446
51.8,1.105051,4.441961776835089
51.8,1.306061,4.593945342934053
51.8,1.507071,4.745941813207407
51.8,1.708081,4.875904339209453
51.8,1.909091,4.998233948656385
51.8,2.110101,5.141307350065833
51.8,2.311111,5.318631410263951
51.8,2.512121,5.462161767209033
51.8,2.713131,5.605693926528523
51.8,2.914141,5.7482244413253865
51.8,3.115152,5.893872914723035
51.8,3.316162,6.0430329165562
51.8,3.517172,6.192144131030583
51.8,3.718182,6.340728579372678
51.8,3.919192,6.489314260270812
51.8,4.120202,6.6414306441286834
51.8,4.321212,6.795921938768977
51.8,4.522222,6.950492745816013
51.8,4.723232,7.105692466891598
51.8,4.924242,7.26089395363756
51.8,5.125253,7.396915881359844
51.8,5.326263,7.521336632393819
51.8,5.527273,7.647470374122487
51.8,5.728283,7.784502993384998
51.8,5.929293,7.9215376149757235
51.8,6.130303,8.102636212522713
51.8,6.331313,8.30764462159716
51.8,6.532323,8.506731638862618
51.8,6.733333,8.674920364872733
51.8,6.934343,8.843111349577107
51.8,7.135354,9.011306411770153
51.8,7.336364,9.179504382421708
51.8,7.537374,9.345053367636472
51.8,7.738384,9.49900357377631
51.8,7.939394,9.652960554675861
51.8,8.140404,9.778384808998593
51.8,8.341414,9.891490954734653
51.8,8.542424,10.000312811432552
51.8,8.743434,10.093108801345073
51.8,8.944444,10.185901881093526
51.8,9.145455,10.27917621730245
51.8,9.346465,10.372642321086381
51.8,9.547475,10.461940270217717
51.8,9.748485,10.537749547526278
51.8,9.949495,10.613560642311704
51.8,10.15051,10.67642978100684
51.8,10.35152,10.73495196522277
51.8,10.55253,10.790715931136024
51.8,10.75354,10.838673267325923
51.8,10.95455,10.886631128487334
51.8,11.15556,10.934789303512906
51.8,11.35657,10.98299792419117
51.8,11.55758,11.027487417618307
51.8,11.75859,11.062718245927032
51.8,11.9596,11.097939420550235
51.8,12.16061,11.13032294865254
51.8,12.36162,11.161977169310585
51.8,12.56263,11.192481753185572
51.8,12.76364,11.22044691702637
51.8,12.96465,11.248412218835133
51.8,13.16566,11.276377586573847
51.8,13.36667,11.304343075918
51.8,13.56768,11.330708839160451
51.8,13.76869,11.353904989231449
51.8,13.9697,11.37709124348679
51.8,14.17071,11.399798530372541
51.8,14.37172,11.422426037495372
51.8,14.57273,11.44445364377422
51.8,14.77374,11.46543138298846
51.8,14.97475,11.486399168939052
51.8,15.17576,11.507356955469485
51.8,15.37677,11.528294783113658
51.8,15.57778,11.548492687483204
51.8,15.77879,11.567490682129062
51.8,15.9798,11.586478719015938
51.8,16.18081,11.605387248004252
51.8,16.38182,11.624285851546459
51.8,16.58283,11.642784467339935
51.8,16.78384,11.660703091491296
51.8,16.98485,11.678631739895774
51.8,17.18586,11.696530385637457
51.8,17.38687,11.714429054060576
51.8,17.58788,11.731877720924736
51.8,17.78889,11.748746379732108
51.8,17.9899,11.765615064726076
51.8,18.19091,11.782414024956338
51.8,18.39192,11.799203015355461
51.8,18.59293,11.815682063083647
51.8,18.79394,11.831801172917716
51.8,18.99495,11.84792029678209
51.8,19.19596,11.864019418293118
51.8,19.39697,11.880128553636688
51.8,19.59798,11.895897731825045
51.8,19.79899,11.911336952703746
51.8,20.0,11.92676618572243
52.099999999999994,0.1,2.624780192470326
52.099999999999994,0.3010101,3.509348536147126
52.099999999999994,0.5020202,3.870677720201877
52.099999999999994,0.7030303,4.098592145333465
52.099999999999994,0.9040404,4.289333022403242
52.099999999999994,1.105051,4.459544863730583
52.099999999999994,1.306061,4.6116361714514715
52.099999999999994,1.507071,4.764220924647667
52.099999999999994,1.708081,4.910264379909516
52.099999999999994,1.909091,5.047394987779335
52.099999999999994,2.110101,5.175862377584619
52.099999999999994,2.311111,5.315619109412916
52.099999999999994,2.512121,5.477724291147606
52.099999999999994,2.713131,5.6205963366691085
52.099999999999994,2.914141,5.762700033621035
52.099999999999994,3.115152,5.908647266247012
52.099999999999994,3.316162,6.057472311867343
52.099999999999994,3.517172,6.206055313924533
52.099999999999994,3.718182,6.354639640423045
52.099999999999994,3.919192,6.503225202408771
52.099999999999994,4.120202,6.655341544943346
52.099999999999994,4.321212,6.8098328506882595
52.099999999999994,4.522222,6.964326023509901
52.099999999999994,4.723232,7.118820945595647
52.099999999999994,4.924242,7.273752560482599
52.099999999999994,5.125253,7.409774413508121
52.099999999999994,5.326263,7.542115969324498
52.099999999999994,5.527273,7.679148541061293
52.099999999999994,5.728283,7.816182163812543
52.099999999999994,5.929293,7.953215785064257
52.099999999999994,6.130303,8.134314378182188
52.099999999999994,6.331313,8.315268314559919
52.099999999999994,6.532323,8.483458219861024
52.099999999999994,6.733333,8.651650411686722
52.099999999999994,6.934343,8.819846703209539
52.099999999999994,7.135354,8.988045917733691
52.099999999999994,7.336364,9.156246895619308
52.099999999999994,7.537374,9.324451487164657
52.099999999999994,7.738384,9.492658554723732
52.099999999999994,7.939394,9.650985631693016
52.099999999999994,8.140404,9.776410923804905
52.099999999999994,8.341414,9.875223533940297
52.099999999999994,8.542424,9.968014939259303
52.099999999999994,8.743434,10.06081048930064
52.099999999999994,8.944444,10.153604125537077
52.099999999999994,9.145455,10.246878688575508
52.099999999999994,9.346465,10.340344897965021
52.099999999999994,9.547475,10.433813134599387
52.099999999999994,9.748485,10.52728334440441
52.099999999999994,9.949495,10.607614941586002
52.099999999999994,10.15051,10.670484333665641
52.099999999999994,10.35152,10.721039648211342
52.099999999999994,10.55253,10.769006484782498
52.099999999999994,10.75354,10.816963854332101
52.099999999999994,10.95455,10.8649317493895
52.099999999999994,11.15556,10.913079868450863
52.099999999999994,11.35657,10.961288408054372
52.099999999999994,11.55758,11.009497447027366
52.099999999999994,11.75859,11.057706978937855
52.099999999999994,11.9596,11.09560794732665
52.099999999999994,12.16061,11.127981517456497
52.099999999999994,12.36162,11.15667629382741
52.099999999999994,12.56263,11.184631339154299
52.099999999999994,12.76364,11.212596523386223
52.099999999999994,12.96465,11.240561845581007
52.099999999999994,13.16566,11.268527216214704
52.099999999999994,13.36667,11.296492704811225
52.099999999999994,13.56768,11.324468329344699
52.099999999999994,13.76869,11.352434088877182
52.099999999999994,13.9697,11.376370306241364
52.099999999999994,14.17071,11.399077612068679
52.099999999999994,14.37172,11.420295252245122
52.099999999999994,14.57273,11.441272959600175
52.099999999999994,14.77374,11.462250713854697
52.099999999999994,14.97475,11.483218514835961
52.099999999999994,15.17576,11.504176312513678
52.099999999999994,15.37677,11.525114150756304
52.099999999999994,15.57778,11.546062036355679
52.099999999999994,15.77879,11.56700996913484
52.099999999999994,15.9798,11.586208012903656
52.099999999999994,16.18081,11.605116553199856
52.099999999999994,16.38182,11.623135143469266
52.099999999999994,16.58283,11.641063755568196
52.099999999999994,16.78384,11.658982392072662
52.099999999999994,16.98485,11.676911052796491
52.099999999999994,17.18586,11.6948097096771
52.099999999999994,17.38687,11.71270838911552
52.099999999999994,17.58788,11.730607093309214
52.099999999999994,17.78889,11.748515822090676
52.099999999999994,17.9899,11.765434520889396
52.099999999999994,18.19091,11.782233489651157
52.099999999999994,18.39192,11.798382573261694
52.099999999999994,18.59293,11.814501675079827
52.099999999999994,18.79394,11.830620790992995
52.099999999999994,18.99495,11.846739920898692
52.099999999999994,19.19596,11.862839047846844
52.099999999999994,19.39697,11.878948188577771
52.099999999999994,19.59798,11.895047343569802
52.099999999999994,19.79899,11.911156512696055
52.099999999999994,20.0,11.92658575205608
52.400000000000006,0.1,2.634097086302827
52.400000000000006,0.3010101,3.523737989968695
52.400000000000006,0.5020202,3.886259943701145
52.400000000000006,0.7030303,4.115713292606858
52.400000000000006,0.9040404,4.309052672486226
52.400000000000006,1.105051,4.477435011754859
52.400000000000006,1.306061,4.630193127893191
52.400000000000006,1.507071,4.782779808005416
52.400000000000006,1.708081,4.928810802564136
52.400000000000006,1.909091,5.072642809867063
52.400000000000006,2.110101,5.21238658269051
52.400000000000006,2.311111,5.3514276776450975
52.400000000000006,2.512121,5.491177418207383
52.400000000000006,2.713131,5.633181258001617
52.400000000000006,2.914141,5.774158146037718
52.400000000000006,3.115152,5.908819536003446
52.400000000000006,3.316162,6.0574007222618445
52.400000000000006,3.517172,6.2059833535505335
52.400000000000006,3.718182,6.354567328499663
52.400000000000006,3.919192,6.516859186385721
52.400000000000006,4.120202,6.669290054216194
52.400000000000006,4.321212,6.823781505140929
52.400000000000006,4.522222,6.978274814893296
52.400000000000006,4.723232,7.132769860819334
52.400000000000006,4.924242,7.287151230659515
52.400000000000006,5.125253,7.422910760940741
52.400000000000006,5.326263,7.559942222109723
52.400000000000006,5.527273,7.696974790103678
52.400000000000006,5.728283,7.834007408694876
52.400000000000006,5.929293,7.971042025072952
52.400000000000006,6.130303,8.14303950457303
52.400000000000006,6.331313,8.311228250183605
52.400000000000006,6.532323,8.479420393390205
52.400000000000006,6.733333,8.647614737597149
52.400000000000006,6.934343,8.815813099379493
52.400000000000006,7.135354,8.984014310679978
52.400000000000006,7.336364,9.152217211851264
52.400000000000006,7.537374,9.320423658399035
52.400000000000006,7.738384,9.488632515056278
52.400000000000006,7.939394,9.652564905327758
52.400000000000006,8.140404,9.771559582429271
52.400000000000006,8.341414,9.86434929364911
52.400000000000006,8.542424,9.95714120390724
52.400000000000006,8.743434,10.049931252162343
52.400000000000006,8.944444,10.1427353790579
52.400000000000006,9.145455,10.236010327803585
52.400000000000006,9.346465,10.329476880976882
52.400000000000006,9.547475,10.422935457546426
52.400000000000006,9.748485,10.516406002901723
52.400000000000006,9.949495,10.604499141793491
52.400000000000006,10.15051,10.665222135124953
52.400000000000006,10.35152,10.713178487866829
52.400000000000006,10.55253,10.76113538046976
52.400000000000006,10.75354,10.809102805517492
52.400000000000006,10.95455,10.857060756245547
52.400000000000006,11.15556,10.905208901908873
52.400000000000006,11.35657,10.953417459731432
52.400000000000006,11.55758,11.001626517223903
52.400000000000006,11.75859,11.049836067792143
52.400000000000006,11.9596,11.094006467223252
52.400000000000006,12.16061,11.125930310352876
52.400000000000006,12.36162,11.153885244754864
52.400000000000006,12.56263,11.181850319037121
52.400000000000006,12.76364,11.209815532166347
52.400000000000006,12.96465,11.237780883148753
52.400000000000006,13.16566,11.26574627738005
52.400000000000006,13.36667,11.293711788410514
52.400000000000006,13.56768,11.321687435263925
52.400000000000006,13.76869,11.349653217111623
52.400000000000006,13.9697,11.375889312815312
52.400000000000006,14.17071,11.398266747145804
52.400000000000006,14.37172,11.41924442346178
52.400000000000006,14.57273,11.440222146880622
52.400000000000006,14.77374,11.461189917230534
52.400000000000006,14.97475,11.482167734179116
52.400000000000006,15.17576,11.503115546939645
52.400000000000006,15.37677,11.524063399957692
52.400000000000006,15.57778,11.54501130036329
52.400000000000006,15.77879,11.565959247898594
52.400000000000006,15.9798,11.586057300965754
52.400000000000006,16.18081,11.604665890381067
52.400000000000006,16.38182,11.62258448892431
52.400000000000006,16.58283,11.640513111877752
52.400000000000006,16.78384,11.658431759230526
52.400000000000006,16.98485,11.676360430744115
52.400000000000006,17.18586,11.69425909820064
52.400000000000006,17.38687,11.712157788169073
52.400000000000006,17.58788,11.730066502806237
52.400000000000006,17.78889,11.74796524211246
52.400000000000006,17.9899,11.765333993241262
52.400000000000006,18.19091,11.78186303395167
52.400000000000006,18.39192,11.79798212824543
52.400000000000006,18.59293,11.81410123665178
52.400000000000006,18.79394,11.830220359113609
52.400000000000006,18.99495,11.846339495573247
52.400000000000006,19.19596,11.862438628989278
52.400000000000006,19.39697,11.878547776191258
52.400000000000006,19.59798,11.894646937614784
52.400000000000006,19.79899,11.910746113178407
52.400000000000006,20.0,11.926445332006669
52.7,0.1,2.6434191658848296
52.7,0.3010101,3.538136628512266
52.7,0.5020202,3.9025997976943567
52.7,0.7030303,4.132509919837705
52.7,0.9040404,4.326827440424067
52.7,1.105051,4.495447194098868
52.7,1.306061,4.648574389930559
52.7,1.507071,4.801593670404227
52.7,1.708081,4.94729390447654
52.7,1.909091,5.089730865327104
52.7,2.110101,5.22931604061855
52.7,2.311111,5.363506987498102
52.7,2.512121,5.50002849153032
52.7,2.713131,5.630468593420155
52.7,2.914141,5.747657787971545
52.7,3.115152,5.88078404651272
52.7,3.316162,6.043942317152193
52.7,3.517172,6.220815219693024
52.7,3.718182,6.3815172204170185
52.7,3.919192,6.5308847914368435
52.7,4.120202,6.683316860823564
52.7,4.321212,6.837808726114142
52.7,4.522222,6.992302428193331
52.7,4.723232,7.1462084461138735
52.7,4.924242,7.299744121654568
52.7,5.125253,7.433613153831007
52.7,5.326263,7.555585606711189
52.7,5.527273,7.68709420474326
52.7,5.728283,7.824127802982927
52.7,5.929293,7.961161399570159
52.7,6.130303,8.137634927974235
52.7,6.331313,8.335510021369851
52.7,6.532323,8.513843525427772
52.7,6.733333,8.682036545597036
52.7,6.934343,8.85023265856885
52.7,7.135354,9.018430692845447
52.7,7.336364,9.18663248777619
52.7,7.537374,9.354836895820808
52.7,7.738384,9.508012649199678
52.7,7.939394,9.654393326659752
52.7,8.140404,9.777449361908804
52.7,8.341414,9.890436371962119
52.7,8.542424,9.98911536797771
52.7,8.743434,10.081909785715354
52.7,8.944444,10.17470426930292
52.7,9.145455,10.267989919705503
52.7,9.346465,10.361447291793661
52.7,9.547475,10.454916665911634
52.7,9.748485,10.532240057857532
52.7,9.949495,10.60385564652482
52.7,10.15051,10.668018546813812
52.7,10.35152,10.729684121652344
52.7,10.55253,10.780950909080776
52.7,10.75354,10.82890843441413
52.7,10.95455,10.876876483367086
52.7,11.15556,10.925024821056336
52.7,11.35657,10.973233596088766
52.7,11.55758,11.021442867990586
52.7,11.75859,11.058903612618892
52.7,11.9596,11.093474978662602
52.7,12.16061,11.126988684925049
52.7,12.36162,11.160233078068266
52.7,12.56263,11.189208089143932
52.7,12.76364,11.217163348173342
52.7,12.96465,11.24512874468979
52.7,13.16566,11.273094203814654
52.7,13.36667,11.301069783539809
52.7,13.56768,11.329035498765501
52.7,13.76869,11.352811789368966
52.7,13.9697,11.375778264113315
52.7,14.17071,11.398945699702002
52.7,14.37172,11.422143340703236
52.7,14.57273,11.443431074767071
52.7,14.77374,11.464398863081929
52.7,14.97475,11.485376697917852
52.7,15.17576,11.50632453344347
52.7,15.37677,11.527272409907244
52.7,15.57778,11.548220333629896
52.7,15.77879,11.567268436692485
52.7,15.9798,11.586076595604379
52.7,16.18081,11.605165239937339
52.7,16.38182,11.624273955839518
52.7,16.58283,11.642302596331456
52.7,16.78384,11.660231251384733
52.7,16.98485,11.678159930635301
52.7,17.18586,11.696058607548366
52.7,17.38687,11.713957307082852
52.7,17.58788,11.731856031308975
52.7,17.78889,11.748634752944858
52.7,17.9899,11.765343497797803
52.7,18.19091,11.782222525316538
52.7,18.39192,11.799111582013007
52.7,18.59293,11.815260696268243
52.7,18.79394,11.83137982632848
52.7,18.99495,11.847498970364214
52.7,19.19596,11.863598112307054
52.7,19.39697,11.879697268059532
52.7,19.59798,11.895806437941825
52.7,19.79899,11.911105680297974
52.7,20.0,11.926394935271949
53.0,0.1,2.6528963624645283
53.0,0.3010101,3.5524738863051186
53.0,0.5020202,3.919131683719127
53.0,0.7030303,4.149734425627647
53.0,0.9040404,4.342019660432528
53.0,1.105051,4.5132675234213915
53.0,1.306061,4.666393092706952
53.0,1.507071,4.819907868186854
53.0,1.708081,4.96501297881093
53.0,1.909091,5.107396469734077
53.0,2.110101,5.246957114725985
53.0,2.311111,5.381149161108858
53.0,2.512121,5.515312007057815
53.0,2.713131,5.656206236006421
53.0,2.914141,5.773671683275346
53.0,3.115152,5.922151757726677
53.0,3.316162,6.0968098557174955
53.0,3.517172,6.246175868355586
53.0,3.718182,6.395543129540414
53.0,3.919192,6.544911551803288
53.0,4.120202,6.697342818757431
53.0,4.321212,6.851733739913658
53.0,4.522222,7.005267796968728
53.0,4.723232,7.1588022634402595
53.0,4.924242,7.312338048556559
53.0,5.125253,7.44620620898929
53.0,5.326263,7.568179794944617
53.0,5.527273,7.690154265290586
53.0,5.728283,7.814247205278718
53.0,5.929293,7.951281784936289
53.0,6.130303,8.127755306697688
53.0,6.331313,8.325630398659586
53.0,6.532323,8.523505480668788
53.0,6.733333,8.716460128736975
53.0,6.934343,8.884652976856989
53.0,7.135354,9.052849820550746
53.0,7.336364,9.217098900626366
53.0,7.537374,9.363466548172907
53.0,7.738384,9.509841310379375
53.0,7.939394,9.656222863701046
53.0,8.140404,9.77927851217012
53.0,8.341414,9.892266020333796
53.0,8.542424,10.005256816993365
53.0,8.743434,10.113888984109304
53.0,8.944444,10.206683815726748
53.0,9.145455,10.299960158186627
53.0,9.346465,10.388379058486617
53.0,9.547475,10.459982016828734
53.0,9.748485,10.531596399170725
53.0,9.949495,10.603212177100524
53.0,10.15051,10.667375215897588
53.0,10.35152,10.729040911544939
53.0,10.55253,10.790707180181561
53.0,10.75354,10.848724219805606
53.0,10.95455,10.896682366198077
53.0,11.15556,10.944840894332534
53.0,11.35657,10.98921026258838
53.0,11.55758,11.023790996348085
53.0,11.75859,11.058372076420575
53.0,11.9596,11.092953499566473
53.0,12.16061,11.126457249083463
53.0,12.36162,11.159701681787213
53.0,12.56263,11.192946279286579
53.0,12.76364,11.22452120954225
53.0,12.96465,11.252486651344833
53.0,13.16566,11.280452175248532
53.0,13.36667,11.306758006076297
53.0,13.56768,11.329734314912173
53.0,13.76869,11.35270072090843
53.0,13.9697,11.375677223348934
53.0,14.17071,11.398834679815838
53.0,14.37172,11.422032340342355
53.0,14.57273,11.445230048756521
53.0,14.77374,11.467607823109477
53.0,14.97475,11.488585675765574
53.0,15.17576,11.509533534079585
53.0,15.37677,11.529661492655038
53.0,15.57778,11.548479587896955
53.0,15.77879,11.567287722283162
53.0,15.9798,11.586095895549846
53.0,16.18081,11.605184550712313
53.0,16.38182,11.624293277049913
53.0,16.58283,11.643412023947398
53.0,16.78384,11.662030748197333
53.0,16.98485,11.679949435209108
53.0,17.18586,11.697858121534924
53.0,17.38687,11.715236817786897
53.0,17.58788,11.731945522163393
53.0,17.78889,11.748644251613122
53.0,17.9899,11.765353006018232
53.0,18.19091,11.782232041071815
53.0,18.39192,11.799121105224899
53.0,18.59293,11.816010184582495
53.0,18.79394,11.832539299111037
53.0,18.99495,11.848658450714371
53.0,19.19596,11.86475760117487
53.0,19.39697,11.880466794455819
53.0,19.59798,11.895756031524915
53.0,19.79899,11.911045280617357
53.0,20.0,11.92634454168731
53.3,0.1,2.6622057889628783
53.3,0.3010101,3.566295361218583
53.3,0.5020202,3.93487150676091
53.3,0.7030303,4.1662598133651505
53.3,0.9040404,4.36159060623324
53.3,1.105051,4.53106850677695
53.3,1.306061,4.684724176084776
53.3,1.507071,4.838392077391321
53.3,1.708081,4.983443473488987
53.3,1.909091,5.1256273723989505
53.3,2.110101,5.264941460498259
53.3,2.311111,5.399099728639517
53.3,2.512121,5.533259288779716
53.3,2.713131,5.6742856884091095
53.3,2.914141,5.8155625410020635
53.3,3.115152,5.961472736886173
53.3,3.316162,6.110837239173504
53.3,3.517172,6.260203090904907
53.3,3.718182,6.409570195938915
53.3,3.919192,6.558937466884744
53.3,4.120202,6.710795668646751
53.3,4.321212,6.864327353523579
53.3,4.522222,7.017860535981705
53.3,4.723232,7.1713951179903
53.3,4.924242,7.324931015149815
53.3,5.125253,7.458800298802
53.3,5.326263,7.580774016994773
53.3,5.527273,7.702747614092873
53.3,5.728283,7.824723050391075
53.3,5.929293,7.946698284205735
53.3,6.130303,8.11787469468101
53.3,6.331313,8.315749786615255
53.3,6.532323,8.513625868046777
53.3,6.733333,8.711502871528257
53.3,6.934343,8.909379737270717
53.3,7.135354,9.07256369499495
53.3,7.336364,9.218924847384795
53.3,7.537374,9.365293427263069
53.3,7.738384,9.511669091740133
53.3,7.939394,9.65805151869734
53.3,8.140404,9.781107778771124
53.3,8.341414,9.894096782354788
53.3,8.542424,10.007087063120748
53.3,8.743434,10.120079544869474
53.3,8.944444,10.233074154678574
53.3,9.145455,10.316123339247648
53.3,9.346465,10.387735040055514
53.3,9.547475,10.45933819255051
53.3,9.748485,10.530952766564662
53.3,9.949495,10.602568733516845
53.3,10.15051,10.66673191069176
53.3,10.35152,10.728397727015507
53.3,10.55253,10.79006411498112
53.3,10.75354,10.851731064728105
53.3,10.95455,10.913398566790745
53.3,11.15556,10.95410817801953
53.3,11.35657,10.98867862054041
53.3,11.55758,11.02325941217078
53.3,11.75859,11.05784054976863
53.3,11.9596,11.092422030097651
53.3,12.16061,11.125935822734085
53.3,12.36162,11.159170295025014
53.3,12.56263,11.192414931748853
53.3,12.76364,11.225659731622553
53.3,12.96465,11.258904693158156
53.3,13.16566,11.28368065051956
53.3,13.36667,11.306656889744904
53.3,13.56768,11.329623226613087
53.3,13.76869,11.352599660399113
53.3,13.9697,11.375566190641496
53.3,14.17071,11.398723667911199
53.3,14.37172,11.421921347946741
53.3,14.57273,11.44511907579174
53.3,14.77374,11.468316851155642
53.3,14.97475,11.491514673750672
53.3,15.17576,11.510872684188339
53.3,15.37677,11.529680754698099
53.3,15.57778,11.548498864410215
53.3,15.77879,11.567307013189327
53.3,15.9798,11.586115200802121
53.3,16.18081,11.605203866812662
53.3,16.38182,11.62431260357723
53.3,16.58283,11.643431360867293
53.3,16.78384,11.662540138654629
53.3,16.98485,11.6816589367685
53.3,17.18586,11.698547612160006
53.3,17.38687,11.715246300997837
53.3,17.58788,11.73195501492735
53.3,17.78889,11.748663753922317
53.3,17.9899,11.765362517855685
53.3,18.19091,11.782241560485216
53.3,18.39192,11.799130632043799
53.3,18.59293,11.816019718808775
53.3,18.79394,11.832908820715037
53.3,18.99495,11.849797937719378
53.3,19.19596,11.865127154495848
53.3,19.39697,11.880416385613639
53.3,19.59798,11.895705628806878
53.3,19.79899,11.910994884028538
53.3,20.0,11.92628415123262
53.599999999999994,0.1,2.671290422317365
53.599999999999994,0.3010101,3.5798481408650793
53.599999999999994,0.5020202,3.950411102455838
53.599999999999994,0.7030303,4.182591738723609
53.599999999999994,0.9040404,4.376096462303312
53.599999999999994,1.105051,4.5476846908845845
53.599999999999994,1.306061,4.700313973360619
53.599999999999994,1.507071,4.8536723285041905
53.599999999999994,1.708081,4.998772527467481
53.599999999999994,1.909091,5.139588538012382
53.599999999999994,2.110101,5.2782274145531485
53.599999999999994,2.311111,5.413481228170224
53.599999999999994,2.512121,5.547748538856117
53.599999999999994,2.713131,5.688646769977835
53.599999999999994,2.914141,5.8074913287459315
53.599999999999994,3.115152,5.942219708043465
53.599999999999994,3.316162,6.091584464694393
53.599999999999994,3.517172,6.255620031628065
53.599999999999994,3.718182,6.429501717223728
53.599999999999994,3.919192,6.574691651043314
53.599999999999994,4.120202,6.724071252746159
53.599999999999994,4.321212,6.876408418761225
53.599999999999994,4.522222,7.029941836370957
53.599999999999994,4.723232,7.1834776427997875
53.599999999999994,4.924242,7.337013749388597
53.599999999999994,5.125253,7.470882256953783
53.599999999999994,5.326263,7.592856205352006
53.599999999999994,5.527273,7.714830022288766
53.599999999999994,5.728283,7.83849073054399
53.599999999999994,5.929293,7.972440641189611
53.599999999999994,6.130303,8.147829493998463
53.599999999999994,6.331313,8.34570387182016
53.599999999999994,6.532323,8.543580223829288
53.599999999999994,6.733333,8.735632058415066
53.599999999999994,6.934343,8.898385979541477
53.599999999999994,7.135354,9.061142355165577
53.599999999999994,7.336364,9.220936635253317
53.599999999999994,7.537374,9.367306158442105
53.599999999999994,7.738384,9.513682734554514
53.599999999999994,7.939394,9.660066045306076
53.599999999999994,8.140404,9.783122942669655
53.599999999999994,8.341414,9.896111473669269
53.599999999999994,8.542424,10.00910726933331
53.599999999999994,8.743434,10.117371058225684
53.599999999999994,8.944444,10.208509645475706
53.599999999999994,9.145455,10.300069501960524
53.599999999999994,9.346465,10.387130996666267
53.599999999999994,9.547475,10.458744340665099
53.599999999999994,9.748485,10.53035910388019
53.599999999999994,9.949495,10.60197525768992
53.599999999999994,10.15051,10.666138574584826
53.599999999999994,10.35152,10.727804514118898
53.599999999999994,10.55253,10.789471023919093
53.599999999999994,10.75354,10.847508492175809
53.599999999999994,10.95455,10.895547552989827
53.599999999999994,11.15556,10.943746976594413
53.599999999999994,11.35657,10.98815699153226
53.599999999999994,11.55758,11.02272783999491
53.599999999999994,11.75859,11.057309033962301
53.599999999999994,11.9596,11.091890570325798
53.599999999999994,12.16061,11.125404406069691
53.599999999999994,12.36162,11.15864891792785
53.599999999999994,12.56263,11.191893594169562
53.599999999999994,12.76364,11.223548620471613
53.599999999999994,12.96465,11.251794193462608
53.599999999999994,13.16566,11.280049850046387
53.599999999999994,13.36667,11.306545786463815
53.599999999999994,13.56768,11.329522150807968
53.599999999999994,13.76869,11.352488612087775
53.599999999999994,13.9697,11.37545516964949
53.599999999999994,14.17071,11.398622667633568
53.599999999999994,14.37172,11.421820367217036
53.599999999999994,14.57273,11.445008114581485
53.599999999999994,14.77374,11.467425968382265
53.599999999999994,14.97475,11.488483967739796
53.599999999999994,15.17576,11.509521970149434
53.599999999999994,15.37677,11.52971002653202
53.599999999999994,15.57778,11.548518150511262
53.599999999999994,15.77879,11.567326313439107
53.599999999999994,15.9798,11.586144515144746
53.599999999999994,16.18081,11.605223192008102
53.599999999999994,16.38182,11.624341939149419
53.599999999999994,16.58283,11.643450706855436
53.599999999999994,16.78384,11.662069482129557
53.599999999999994,16.98485,11.679988260769402
53.599999999999994,17.18586,11.697887036911998
53.599999999999994,17.38687,11.7152657912699
53.599999999999994,17.58788,11.731964514714036
53.599999999999994,17.78889,11.748673263141464
53.599999999999994,17.9899,11.765382036453014
53.599999999999994,18.19091,11.782261086611873
53.599999999999994,18.39192,11.79915016558055
53.599999999999994,18.59293,11.816029259759175
53.599999999999994,18.79394,11.832538398027141
53.599999999999994,18.99495,11.848617583043481
53.599999999999994,19.19596,11.864676766376764
53.599999999999994,19.39697,11.88035598233419
53.599999999999994,19.59798,11.895655231569211
53.599999999999994,19.79899,11.910944492839528
53.599999999999994,20.0,11.926233766096356
53.900000000000006,0.1,2.6801351429635916
53.900000000000006,0.3010101,3.5934630350819026
53.900000000000006,0.5020202,3.96533864196771
53.900000000000006,0.7030303,4.198784523793953
53.900000000000006,0.9040404,4.394764550311344
53.900000000000006,1.105051,4.564238190433592
53.900000000000006,1.306061,4.716865042174375
53.900000000000006,1.507071,4.8693961376684936
53.900000000000006,1.708081,5.012813843966883
53.900000000000006,1.909091,5.1532627395154496
53.900000000000006,2.110101,5.291916531970102
53.900000000000006,2.311111,5.427169300438648
53.900000000000006,2.512121,5.563142739152132
53.900000000000006,2.713131,5.696517326748107
53.900000000000006,2.914141,5.815166182887545
53.900000000000006,3.115152,5.963308758367636
53.900000000000006,3.316162,6.140041535014077
53.900000000000006,3.517172,6.298387018923194
53.900000000000006,3.718182,6.443576064695216
53.900000000000006,3.919192,6.588766336994926
53.900000000000006,4.120202,6.738146355027476
53.900000000000006,4.321212,6.8903431638357215
53.900000000000006,4.522222,7.042541006918425
53.900000000000006,4.723232,7.195559254117458
53.900000000000006,4.924242,7.349095571229681
53.900000000000006,5.125253,7.482965300101841
53.900000000000006,5.326263,7.604938473289302
53.900000000000006,5.527273,7.734494780030946
53.900000000000006,5.728283,7.868444105687695
53.900000000000006,5.929293,8.002394260035109
53.900000000000006,6.130303,8.177783387842549
53.900000000000006,6.331313,8.375659047023218
53.900000000000006,6.532323,8.550412029770493
53.900000000000006,6.733333,8.71316478991737
53.900000000000006,6.934343,8.875922082322122
53.900000000000006,7.135354,9.038681716370975
53.900000000000006,7.336364,9.201444515906026
53.900000000000006,7.537374,9.364211313262919
53.900000000000006,7.738384,9.515695505640267
53.900000000000006,7.939394,9.66207969780076
53.900000000000006,8.140404,9.785138229502197
53.900000000000006,8.341414,9.898127286348679
53.900000000000006,8.542424,9.995633442505305
53.900000000000006,8.743434,10.086767604329493
53.900000000000006,8.944444,10.17790649196233
53.900000000000006,9.145455,10.2694663552068
53.900000000000006,9.346465,10.361177655712133
53.900000000000006,9.547475,10.452890628479897
53.900000000000006,9.748485,10.52976546903791
53.900000000000006,9.949495,10.601371809689592
53.900000000000006,10.15051,10.665545265933437
53.900000000000006,10.35152,10.727211328534521
53.900000000000006,10.55253,10.778529142157737
53.900000000000006,10.75354,10.826567812435005
53.900000000000006,10.95455,10.874606946486637
53.900000000000006,11.15556,10.922806360850995
53.900000000000006,11.35657,10.97106616589975
53.900000000000006,11.55758,11.019316406873207
53.900000000000006,11.75859,11.056787527909743
53.900000000000006,11.9596,11.091359120388638
53.900000000000006,12.16061,11.124872999171847
53.900000000000006,12.36162,11.15811755074632
53.900000000000006,12.56263,11.187322757966442
53.900000000000006,12.76364,11.21556821798612
53.900000000000006,12.96465,11.24380381103499
53.900000000000006,13.16566,11.272059471069307
53.900000000000006,13.36667,11.30030524904142
53.900000000000006,13.56768,11.328561157778491
53.900000000000006,13.76869,11.352377571899357
53.900000000000006,13.9697,11.375354156674845
53.900000000000006,14.17071,11.398511675503206
53.900000000000006,14.37172,11.421709394615968
53.900000000000006,14.57273,11.443067301842687
53.900000000000006,14.77374,11.464135274508509
53.900000000000006,14.97475,11.48519328905183
53.900000000000006,15.17576,11.506231303105208
53.900000000000006,15.37677,11.527259353711209
53.900000000000006,15.57778,11.548297446705647
53.900000000000006,15.77879,11.567355619016036
53.900000000000006,15.9798,11.586163834856404
53.900000000000006,16.18081,11.605252522514965
53.900000000000006,16.38182,11.624361280097471
53.900000000000006,16.58283,11.642390030014958
53.900000000000006,16.78384,11.660308798836072
53.900000000000006,16.98485,11.67822758929966
53.900000000000006,17.18586,11.696126376226177
53.900000000000006,17.38687,11.714015183289563
53.900000000000006,17.58788,11.731914012403596
53.900000000000006,17.78889,11.748692775974622
53.900000000000006,17.9899,11.7653915587144
53.900000000000006,18.19091,11.782270616396515
53.900000000000006,18.39192,11.799159702769247
53.900000000000006,18.59293,11.81526886439625
53.900000000000006,18.79394,11.831338041894323
53.900000000000006,18.99495,11.847417232647134
53.900000000000006,19.19596,11.863476421158074
53.900000000000006,19.39697,11.879535622778269
53.900000000000006,19.59798,11.895584837909993
53.900000000000006,19.79899,11.910884104819203
53.900000000000006,20.0,11.92617338408452
54.2,0.1,2.6885198497246288
54.2,0.3010101,3.6068690345122403
54.2,0.5020202,3.9803593092677034
54.2,0.7030303,4.214246827184836
54.2,0.9040404,4.410825887274452
54.2,1.105051,4.580371731430216
54.2,1.306061,4.73268476891769
54.2,1.507071,4.884847645525148
54.2,1.708081,5.02819619511109
54.2,1.909091,5.168593867281792
54.2,2.110101,5.307192505344913
54.2,2.311111,5.44392787094627
54.2,2.512121,5.580892188306314
54.2,2.713131,5.727624740016916
54.2,2.914141,5.873486113660188
54.2,3.115152,6.022086671777105
54.2,3.316162,6.167273374429246
54.2,3.517172,6.312461468983917
54.2,3.718182,6.457650859715801
54.2,3.919192,6.602841459212224
54.2,4.120202,6.752221882187243
54.2,4.321212,6.9044191379675475
54.2,4.522222,7.056617406678196
54.2,4.723232,7.20881662596765
54.2,4.924242,7.36117747649333
54.2,5.125253,7.496551473078478
54.2,5.326263,7.630499283885775
54.2,5.527273,7.764448001040986
54.2,5.728283,7.898397578441023
54.2,5.929293,8.03234897453748
54.2,6.130303,8.202442396213323
54.2,6.331313,8.365191156173655
54.2,6.532323,8.527943746760283
54.2,6.733333,8.690700949777218
54.2,6.934343,8.853460567648689
54.2,7.135354,9.016224416494747
54.2,7.336364,9.178990322095276
54.2,7.537374,9.341759125845636
54.2,7.738384,9.504531679890627
54.2,7.939394,9.664094473834737
54.2,8.140404,9.782760552666556
54.2,8.341414,9.87389441632834
54.2,8.542424,9.965031103077733
54.2,8.743434,10.056164563591523
54.2,8.944444,10.14730374970826
54.2,9.145455,10.23886361607512
54.2,9.346465,10.330574813005063
54.2,9.547475,10.422297688673803
54.2,9.748485,10.514012199684238
54.2,9.949495,10.600778389078982
54.2,10.15051,10.661522404206877
54.2,10.35152,10.709560200331568
54.2,10.55253,10.757588473363008
54.2,10.75354,10.805627216539778
54.2,10.95455,10.853666423740522
54.2,11.15556,10.901875828325077
54.2,11.35657,10.950125600639007
54.2,11.55758,10.998375809861676
54.2,11.75859,11.046636450161467
54.2,11.9596,11.090837680146842
54.2,12.16061,11.122841794693505
54.2,12.36162,11.15108700574729
54.2,12.56263,11.179332351780653
54.2,12.76364,11.207577831773069
54.2,12.96465,11.235823444752583
54.2,13.16566,11.264069108236786
54.2,13.36667,11.292324886110459
54.2,13.56768,11.320570794974502
54.2,13.76869,11.348826833756291
54.2,13.9697,11.375243151898333
54.2,14.17071,11.397650750741516
54.2,14.37172,11.418718654271046
54.2,14.57273,11.439776600164477
54.2,14.77374,11.460834588072457
54.2,14.97475,11.481902617779676
54.2,15.17576,11.502940643440422
54.2,15.37677,11.523968705151217
54.2,15.57778,11.545006809222611
54.2,15.77879,11.566034955505394
54.2,15.9798,11.586183159925126
54.2,16.18081,11.60479184558756
54.2,16.38182,11.622710582740414
54.2,16.58283,11.640629341702805
54.2,16.78384,11.658548122373864
54.2,16.98485,11.676466924629308
54.2,17.18586,11.694355722363527
54.2,17.38687,11.71225454008558
54.2,17.58788,11.730153379835606
54.2,17.78889,11.748042241564798
54.2,17.9899,11.765411084586075
54.2,18.19091,11.781920178780945
54.2,18.39192,11.797989335358535
54.2,18.59293,11.81406850528429
54.2,18.79394,11.830137688508863
54.2,18.99495,11.846216884973611
54.2,19.19596,11.862276078638756
54.2,19.39697,11.878335285428781
54.2,19.59798,11.894384505676697
54.2,19.79899,11.910443739326558
54.2,20.0,11.926123005177331
54.5,0.1,2.69680430539752
54.5,0.3010101,3.620040237430128
54.5,0.5020202,3.995650325888429
54.5,0.7030303,4.229928162584294
54.5,0.9040404,4.424342340974847
54.5,1.105051,4.59623079769184
54.5,1.306061,4.748095636433167
54.5,1.507071,4.900258410872181
54.5,1.708081,5.043624739893831
54.5,1.909091,5.178039967113787
54.5,2.110101,5.304788865277833
54.5,2.311111,5.441730541760207
54.5,2.512121,5.588035317223592
54.5,2.713131,5.7369782017603335
54.5,2.914141,5.887857483562914
54.5,3.115152,6.0356904811628524
54.5,3.316162,6.181034092401849
54.5,3.517172,6.326222361150612
54.5,3.718182,6.471411913598963
54.5,3.919192,6.6166026689402315
54.5,4.120202,6.765983302711394
54.5,4.321212,6.918180806074398
54.5,4.522222,7.070379307953658
54.5,4.723232,7.222578746971743
54.5,4.924242,7.373934475849325
54.5,5.125253,7.505049981319662
54.5,5.326263,7.633510522103493
54.5,5.527273,7.767459394474876
54.5,5.728283,7.901409119847865
54.5,5.929293,8.035359657185232
54.5,6.130303,8.20669979817912
54.5,6.331313,8.3794627609851
54.5,6.532323,8.542216316761271
54.5,6.733333,8.704972482016286
54.5,6.934343,8.867733059135693
54.5,7.135354,9.03049586117861
54.5,7.336364,9.193262718005496
54.5,7.537374,9.356031471493916
54.5,7.738384,9.5188029706627
54.5,7.939394,9.667173065138549
54.5,8.140404,9.787024457816035
54.5,8.341414,9.883838588833775
54.5,8.542424,9.974974481393636
54.5,8.743434,10.066109142145688
54.5,8.944444,10.157248523353617
54.5,9.145455,10.248808678653699
54.5,9.346465,10.340520195341155
54.5,9.547475,10.432243383619452
54.5,9.748485,10.523958200169814
54.5,9.949495,10.600345404801077
54.5,10.15051,10.66415010687197
54.5,10.35152,10.715467822460553
54.5,10.55253,10.763506157911097
54.5,10.75354,10.811534962967947
54.5,10.95455,10.859574231197538
54.5,11.15556,10.90778372487503
54.5,11.35657,10.956033593666717
54.5,11.55758,11.00428389828601
54.5,11.75859,11.052544632920693
54.5,11.9596,11.090286221789652
54.5,12.16061,11.12415001573246
54.5,12.36162,11.153435106190232
54.5,12.56263,11.181680497081725
54.5,12.76364,11.209926021678154
54.5,12.96465,11.238171679009264
54.5,13.16566,11.266427393639725
54.5,13.36667,11.294673224028164
54.5,13.56768,11.322929184987254
54.5,13.76869,11.351175275700808
54.5,13.9697,11.375132110736214
54.5,14.17071,11.39842977669452
54.5,14.37172,11.419827683564433
54.5,14.57273,11.44088564664241
54.5,14.77374,11.461943651729765
54.5,14.97475,11.483001698534242
54.5,15.17576,11.50403974316937
54.5,15.37677,11.525077823987031
54.5,15.57778,11.546105947174535
54.5,15.77879,11.567144112420388
54.5,15.9798,11.586222479200348
54.5,16.18081,11.60531124318514
54.5,16.38182,11.62334999694287
54.5,16.58283,11.64126876509248
54.5,16.78384,11.659187554947572
54.5,16.98485,11.677106366382327
54.5,17.18586,11.695005173951468
54.5,17.38687,11.712894001573973
54.5,17.58788,11.730792851187518
54.5,17.78889,11.748681722748533
54.5,17.9899,11.76543061852026
54.5,18.19091,11.782289764429308
54.5,18.39192,11.798398927392197
54.5,18.59293,11.814468103309256
54.5,18.79394,11.830547292460702
54.5,18.99495,11.8466164948823
54.5,19.19596,11.862675694839492
54.5,19.39697,11.878734907913797
54.5,19.59798,11.894794134408128
54.5,19.79899,11.910853374308426
54.5,20.0,11.926092654220135
54.8,0.1,2.7054703632827906
54.8,0.3010101,3.6329343406974037
54.8,0.5020202,4.010509524347474
54.8,0.7030303,4.245404099627866
54.8,0.9040404,4.442513993366916
54.8,1.105051,4.612128671620929
54.8,1.306061,4.763929392336903
54.8,1.507071,4.915738739412645
54.8,1.708081,5.044821210458258
54.8,1.909091,5.16603149396281
54.8,2.110101,5.29742527359504
54.8,2.311111,5.448289007163472
54.8,2.512121,5.599158497788434
54.8,2.713131,5.750031370596026
54.8,2.914141,5.900908292011939
54.8,3.115152,6.048739054144931
54.8,3.316162,6.194298332516985
54.8,3.517172,6.339826922392487
54.8,3.718182,6.485016549214211
54.8,3.919192,6.630207373194498
54.8,4.120202,6.779588124751505
54.8,4.321212,6.9317857743788975
54.8,4.522222,7.083833485969297
54.8,4.723232,7.234666712521092
54.8,4.924242,7.385500812970255
54.8,5.125253,7.516616489428155
54.8,5.326263,7.6358061464208475
54.8,5.527273,7.756998365098004
54.8,5.728283,7.890948187559524
54.8,5.929293,8.024899819671257
54.8,6.130303,8.196240109088254
54.8,6.331313,8.387869417425929
54.8,6.532323,8.574857472662064
54.8,6.733333,8.737612871008482
54.8,6.934343,8.90037073220209
54.8,7.135354,9.063131870876576
54.8,7.336364,9.22589711090417
54.8,7.537374,9.384801543351204
54.8,7.738384,9.526799519857594
54.8,7.939394,9.668802307169777
54.8,8.140404,9.788654095656035
54.8,8.341414,9.898943669352162
54.8,8.542424,10.005194971624478
54.8,8.743434,10.096332779747419
54.8,8.944444,10.187472300700037
54.8,9.145455,10.279022883967684
54.8,9.346465,10.370744927345816
54.8,9.547475,10.457588918896443
54.8,9.748485,10.528705281984125
54.8,9.949495,10.599812936201758
54.8,10.15051,10.663617734858722
54.8,10.35152,10.724965098383958
54.8,10.55253,10.782833090595135
54.8,10.75354,10.830871951126618
54.8,10.95455,10.87891127367764
54.8,11.15556,10.927110905197685
54.8,11.35657,10.975370934281008
54.8,11.55758,11.019831565956412
54.8,11.75859,11.054842992637623
54.8,11.9596,11.089854760264014
54.8,12.16061,11.123718599691259
54.8,12.36162,11.157293068953432
54.8,12.56263,11.189207959953752
54.8,12.76364,11.217453541294914
54.8,12.96465,11.245699254958996
54.8,13.16566,11.273955044521179
54.8,13.36667,11.302200953442457
54.8,13.56768,11.328737249039891
54.8,13.76869,11.351894146810611
54.8,13.9697,11.37505112440356
54.8,14.17071,11.398348810111193
54.8,14.37172,11.421676654903218
54.8,14.57273,11.444194577246066
54.8,14.77374,11.465252600413901
54.8,14.97475,11.486310665220866
54.8,15.17576,11.507348732426582
54.8,15.37677,11.528386836386948
54.8,15.57778,11.548565053883525
54.8,15.77879,11.567413420074123
54.8,15.9798,11.586251819234937
54.8,16.18081,11.605350593447154
54.8,16.38182,11.62447942564253
54.8,16.58283,11.643108246214073
54.8,16.78384,11.66102704391326
54.8,16.98485,11.678945863164639
54.8,17.18586,11.696844680137469
54.8,17.38687,11.714733517262502
54.8,17.58788,11.732102377501084
54.8,17.78889,11.748781260688213
54.8,17.9899,11.765470165085565
54.8,18.19091,11.782319317726376
54.8,18.39192,11.799178495515656
54.8,18.59293,11.815677682223951
54.8,18.79394,11.831746877456377
54.8,18.99495,11.84782608589494
54.8,19.19596,11.863885292699303
54.8,19.39697,11.879944512621623
54.8,19.59798,11.895593759352852
54.8,19.79899,11.910833032697424
54.8,20.0,11.926072318268728
55.099999999999994,0.1,2.7137401033897053
55.099999999999994,0.3010101,3.645848995180616
55.099999999999994,0.5020202,4.025250743172706
55.099999999999994,0.7030303,4.260878728356953
55.099999999999994,0.9040404,4.45623920219109
55.099999999999994,1.105051,4.628509154389831
55.099999999999994,1.306061,4.780577704290143
55.099999999999994,1.507071,4.93385922769157
55.099999999999994,1.708081,5.080357886665068
55.099999999999994,1.909091,5.21739877196702
55.099999999999994,2.110101,5.344315389427282
55.099999999999994,2.311111,5.481724870484434
55.099999999999994,2.512121,5.6191758235990035
55.099999999999994,2.713131,5.763085674256321
55.099999999999994,2.914141,5.913961187424943
55.099999999999994,3.115152,6.06179067205405
55.099999999999994,3.316162,6.207349467320235
55.099999999999994,3.517172,6.3529095041391255
55.099999999999994,3.718182,6.498470699068539
55.099999999999994,3.919192,6.643812191492875
55.099999999999994,4.120202,6.793193057856764
55.099999999999994,4.321212,6.944567237643603
55.099999999999994,4.522222,7.095399662420722
55.099999999999994,4.723232,7.2462330112918245
55.099999999999994,4.924242,7.397067231178009
55.099999999999994,5.125253,7.528183076683743
55.099999999999994,5.326263,7.647372928552581
55.099999999999994,5.527273,7.766562523951305
55.099999999999994,5.728283,7.885753827263815
55.099999999999994,5.929293,8.01443901619373
55.099999999999994,6.130303,8.185779453691667
55.099999999999994,6.331313,8.377409933290664
55.099999999999994,6.532323,8.569041977582966
55.099999999999994,6.733333,8.760675480980478
55.099999999999994,6.934343,8.933009374504906
55.099999999999994,7.135354,9.09576984168961
55.099999999999994,7.336364,9.244437147760914
55.099999999999994,7.537374,9.3864296656105
55.099999999999994,7.738384,9.528427242482445
55.099999999999994,7.939394,9.670431611717964
55.099999999999994,8.140404,9.7902827948487
55.099999999999994,8.341414,9.900573681258628
55.099999999999994,8.542424,10.010868355067867
55.099999999999994,8.743434,10.121156758072951
55.099999999999994,8.944444,10.217686535611831
55.099999999999994,9.145455,10.309247539638688
55.099999999999994,9.346465,10.385941004963128
55.099999999999994,9.547475,10.457056190660623
55.099999999999994,9.748485,10.528172691854753
55.099999999999994,9.949495,10.599280482402113
55.099999999999994,10.15051,10.663085377566235
55.099999999999994,10.35152,10.724432823791076
55.099999999999994,10.55253,10.785780757871336
55.099999999999994,10.75354,10.847129171529547
55.099999999999994,10.95455,10.89823843338432
55.099999999999994,11.15556,10.946448201526435
55.099999999999994,11.35657,10.984388854861496
55.099999999999994,11.55758,11.019399996785088
55.099999999999994,11.75859,11.054411482550746
55.099999999999994,11.9596,11.08942330885966
55.099999999999994,12.16061,11.12328719374529
55.099999999999994,12.36162,11.15687170487738
55.099999999999994,12.56263,11.19044639197687
55.099999999999994,12.76364,11.224021253378039
55.099999999999994,12.96465,11.253226887132941
55.099999999999994,13.16566,11.281482751422026
55.099999999999994,13.36667,11.305509377560343
55.099999999999994,13.56768,11.328656220358903
55.099999999999994,13.76869,11.351813143305806
55.099999999999994,13.9697,11.374970145973464
55.099999999999994,14.17071,11.39826785141412
55.099999999999994,14.37172,11.421605714882439
55.099999999999994,14.57273,11.444933623031945
55.099999999999994,14.77374,11.468261575478008
55.099999999999994,14.97475,11.489619646830725
55.099999999999994,15.17576,11.510657736567154
55.099999999999994,15.37677,11.529766026703388
55.099999999999994,15.57778,11.54860437293631
55.099999999999994,15.77879,11.567452752210075
55.099999999999994,15.9798,11.586291164410092
55.099999999999994,16.18081,11.605389948851737
55.099999999999994,16.38182,11.624518790959993
55.099999999999994,16.58283,11.643647652030381
55.099999999999994,16.78384,11.662766531976443
55.099999999999994,16.98485,11.68078536488742
55.099999999999994,17.18586,11.698684191253104
55.099999999999994,17.38687,11.715453040095692
55.099999999999994,17.58788,11.73213191051864
55.099999999999994,17.78889,11.748820802171902
55.099999999999994,17.9899,11.7654997150645
55.099999999999994,18.19091,11.782348874384217
55.099999999999994,18.39192,11.799208058784835
55.099999999999994,18.59293,11.816067256028616
55.099999999999994,18.79394,11.832926466082238
55.099999999999994,18.99495,11.849025680820995
55.099999999999994,19.19596,11.865084894485225
55.099999999999994,19.39697,11.880344148186246
55.099999999999994,19.59798,11.895583414803774
55.099999999999994,19.79899,11.910822693700121
55.099999999999994,20.0,11.926051984846648
55.400000000000006,0.1,2.7226685305084426
55.400000000000006,0.3010101,3.6588825189916743
55.400000000000006,0.5020202,4.039437343914026
55.400000000000006,0.7030303,4.27664220505693
55.400000000000006,0.9040404,4.474637181864255
55.400000000000006,1.105051,4.645302522241581
55.400000000000006,1.306061,4.798781382804897
55.400000000000006,1.507071,4.952064583886443
55.400000000000006,1.708081,5.098551509393804
55.400000000000006,1.909091,5.242758703964285
55.400000000000006,2.110101,5.3819376342540295
55.400000000000006,2.311111,5.518754433073601
55.400000000000006,2.512121,5.656155511102509
55.400000000000006,2.713131,5.793622561977709
55.400000000000006,2.914141,5.930068563157605
55.400000000000006,3.115152,6.0619818426038625
55.400000000000006,3.316162,6.207540114163701
55.400000000000006,3.517172,6.3530996512128795
55.400000000000006,3.718182,6.498660368730293
55.400000000000006,3.919192,6.6582262373470575
55.400000000000006,4.120202,6.805145723318981
55.400000000000006,4.321212,6.9559773080203104
55.400000000000006,4.522222,7.10680987237657
55.400000000000006,4.723232,7.257643357066611
55.400000000000006,4.924242,7.4084777024478505
55.400000000000006,5.125253,7.539593729835504
55.400000000000006,5.326263,7.658783794555532
55.400000000000006,5.527273,7.7779745933933215
55.400000000000006,5.728283,7.897165093233058
55.400000000000006,5.929293,8.018032970355971
55.400000000000006,6.130303,8.188225383161488
55.400000000000006,6.331313,8.379856151095456
55.400000000000006,6.532323,8.571488470375902
55.400000000000006,6.733333,8.763121236421052
55.400000000000006,6.934343,8.949000546702877
55.400000000000006,7.135354,9.104138942808222
55.400000000000006,7.336364,9.246125753524966
55.400000000000006,7.537374,9.388117886444645
55.400000000000006,7.738384,9.530116059980122
55.400000000000006,7.939394,9.672121005723225
55.400000000000006,8.140404,9.791972584952093
55.400000000000006,8.341414,9.902263787814904
55.400000000000006,8.542424,10.012551771016952
55.400000000000006,8.743434,10.122850475794667
55.400000000000006,8.944444,10.228591171351066
55.400000000000006,9.145455,10.314324167670447
55.400000000000006,9.346465,10.385428151152249
55.400000000000006,9.547475,10.45654347518895
55.400000000000006,9.748485,10.527650113272982
55.400000000000006,9.949495,10.59876803836784
55.400000000000006,10.15051,10.662563030071485
55.400000000000006,10.35152,10.723910559279112
55.400000000000006,10.55253,10.785258575420896
55.400000000000006,10.75354,10.846607070288682
55.400000000000006,10.95455,10.904366214688231
55.400000000000006,11.15556,10.94894638705686
55.400000000000006,11.35657,10.983957241112686
55.400000000000006,11.55758,11.018978441839721
55.400000000000006,11.75859,11.053989986120369
55.400000000000006,11.9596,11.089001870676679
55.400000000000006,12.16061,11.12286580092512
55.400000000000006,12.36162,11.156440354103934
55.400000000000006,12.56263,11.190015082917759
55.400000000000006,12.76364,11.223589985790385
55.400000000000006,12.96465,11.255525321549209
55.400000000000006,13.16566,11.282271544898775
55.400000000000006,13.36667,11.305428332181119
55.400000000000006,13.56768,11.328585200064333
55.400000000000006,13.76869,11.351732148110841
55.400000000000006,13.9697,11.374889175718259
55.400000000000006,14.17071,11.39819690083905
55.400000000000006,14.37172,11.421524783103845
55.400000000000006,14.57273,11.44485270992188
55.400000000000006,14.77374,11.468180680961508
55.400000000000006,14.97475,11.490698767329361
55.400000000000006,15.17576,11.51095701273165
55.400000000000006,15.37677,11.529805338836173
55.400000000000006,15.57778,11.548643698150022
55.400000000000006,15.77879,11.567492090434294
55.400000000000006,15.9798,11.586330515602189
55.400000000000006,16.18081,11.605429310237493
55.400000000000006,16.38182,11.624558162230482
55.400000000000006,16.58283,11.643687033152723
55.400000000000006,16.78384,11.66280592294222
55.400000000000006,16.98485,11.68142483256939
55.400000000000006,17.18586,11.698803711284075
55.400000000000006,17.38687,11.715482568839782
55.400000000000006,17.58788,11.732171447691433
55.400000000000006,17.78889,11.748850347849354
55.400000000000006,17.9899,11.765539269125261
55.400000000000006,18.19091,11.782388435161359
55.400000000000006,18.39192,11.799247626125137
55.400000000000006,18.59293,11.816106829955764
55.400000000000006,18.79394,11.832966046556304
55.400000000000006,18.99495,11.849435289252405
55.400000000000006,19.19596,11.865084541385631
55.400000000000006,19.39697,11.880323801231425
55.400000000000006,19.59798,11.895563073389138
55.400000000000006,19.79899,11.910802357811512
55.400000000000006,20.0,11.926041654432629
55.7,0.1,2.7309769747995642
55.7,0.3010101,3.671936914643213
55.7,0.5020202,4.054416097273992
55.7,0.7030303,4.2920758923001365
55.7,0.9040404,4.491094081190531
55.7,1.105051,4.662030101588049
55.7,1.306061,4.815917863333768
55.7,1.507071,4.969680709885976
55.7,1.708081,5.115659888976781
55.7,1.909091,5.257806815543548
55.7,2.110101,5.396724418750248
55.7,2.311111,5.529540179075875
55.7,2.512121,5.664278053126901
55.7,2.713131,5.791254262723115
55.7,2.914141,5.906041267276792
55.7,3.115152,6.036449911865155
55.7,3.316162,6.197255730127344
55.7,3.517172,6.372394209249241
55.7,3.718182,6.528603786926597
55.7,3.919192,6.671547302661698
55.7,4.120202,6.818316878196722
55.7,4.321212,6.967659450036712
55.7,4.522222,7.117909096683755
55.7,4.723232,7.268742735085089
55.7,4.924242,7.419577230068752
55.7,5.125253,7.550693464640538
55.7,5.326263,7.669882771144937
55.7,5.527273,7.7890738031732445
55.7,5.728283,7.915602225295818
55.7,5.929293,8.046289675123475
55.7,6.130303,8.21648255493445
55.7,6.331313,8.408113837340144
55.7,6.532323,8.599746643039541
55.7,6.733333,8.769033108096595
55.7,6.934343,8.926979025450587
55.7,7.135354,9.084928125821403
55.7,7.336364,9.242880244676508
55.7,7.537374,9.389927240938215
55.7,7.738384,9.531926000606402
55.7,7.939394,9.673931515428823
55.7,8.140404,9.793783494085217
55.7,8.341414,9.904075021641127
55.7,8.542424,10.01436532195594
55.7,8.743434,10.109955514513151
55.7,8.944444,10.199647699839465
55.7,9.145455,10.289690815014676
55.7,9.346465,10.379865216029792
55.7,9.547475,10.45606077081972
55.7,9.748485,10.527167542542182
55.7,9.949495,10.598285599543514
55.7,10.15051,10.662080687365334
55.7,10.35152,10.723438300050017
55.7,10.55253,10.784786398973099
55.7,10.75354,10.836015506209238
55.7,10.95455,10.884125222249216
55.7,11.15556,10.932375282258006
55.7,11.35657,10.980665736700049
55.7,11.55758,11.018556905390867
55.7,11.75859,11.053568507236658
55.7,11.9596,11.088580448960682
55.7,12.16061,11.122444424401369
55.7,12.36162,11.156019019588676
55.7,12.56263,11.189593790165512
55.7,12.76364,11.219019413693323
55.7,12.96465,11.247505322826
55.7,13.16566,11.275981308864342
55.7,13.36667,11.304467409795238
55.7,13.56768,11.328504188885473
55.7,13.76869,11.351661161664309
55.7,13.9697,11.374818213961175
55.7,14.17071,11.398115958873753
55.7,14.37172,11.421443859939973
55.7,14.57273,11.444781805437984
55.7,14.77374,11.466209963451567
55.7,14.97475,11.487358185504712
55.7,15.17576,11.50846641006487
55.7,15.37677,11.529584667362963
55.7,15.57778,11.548683030437651
55.7,15.77879,11.567531435599006
55.7,15.9798,11.58636987360142
55.7,16.18081,11.605468678471867
55.7,16.38182,11.624597540351715
55.7,16.58283,11.643726421104143
55.7,16.78384,11.661745323229
55.7,16.98485,11.67965424455036
55.7,17.18586,11.697553162573119
55.7,17.38687,11.715442098163717
55.7,17.58788,11.732200989955334
55.7,17.78889,11.748889898447926
55.7,17.9899,11.765568828130569
55.7,18.19091,11.782418000849525
55.7,18.39192,11.799277198389843
55.7,18.59293,11.816136408757359
55.7,18.79394,11.832205659418328
55.7,18.99495,11.848244923093983
55.7,19.19596,11.86427418454471
55.7,19.39697,11.880293457882123
55.7,19.59798,11.895542735646478
55.7,19.79899,11.910782025548498
55.7,20.0,11.926021327654182
56.0,0.1,2.739456410817612
56.0,0.3010101,3.6849238291462503
56.0,0.5020202,4.069547918130378
56.0,0.7030303,4.307840402320964
56.0,0.9040404,4.504782599211137
56.0,1.105051,4.6782104032491425
56.0,1.306061,4.832096935343112
56.0,1.507071,4.985761344565318
56.0,1.708081,5.130041437946674
56.0,1.909091,5.271968926265024
56.0,2.110101,5.410859322882861
56.0,2.311111,5.543673320447249
56.0,2.512121,5.678476856159593
56.0,2.713131,5.8219448725191
56.0,2.914141,5.937064144627404
56.0,3.115152,6.083493800176816
56.0,3.316162,6.256041869682213
56.0,3.517172,6.398982453191098
56.0,3.718182,6.541925017227654
56.0,3.919192,6.684867499207793
56.0,4.120202,6.831637184085109
56.0,4.321212,6.980980948284142
56.0,4.522222,7.1303246429742755
56.0,4.723232,7.27984123539076
56.0,4.924242,7.430675875316268
56.0,5.125253,7.561792317809354
56.0,5.326263,7.682484581915461
56.0,5.527273,7.813171774646927
56.0,5.728283,7.943858784599772
56.0,5.929293,8.074546571947465
56.0,6.130303,8.244740911479868
56.0,6.331313,8.431124142027219
56.0,6.532323,8.58906596823256
56.0,6.733333,8.747011245385478
56.0,6.934343,8.904959792594049
56.0,7.135354,9.0629114375257
56.0,7.336364,9.220866019806802
56.0,7.537374,9.378823393373867
56.0,7.738384,9.53373600284972
56.0,7.939394,9.67574208563361
56.0,8.140404,9.79559446285671
56.0,8.341414,9.901640712371526
56.0,8.542424,9.991328150706742
56.0,8.743434,10.081012124435363
56.0,8.944444,10.170704592676831
56.0,9.145455,10.260747730343736
56.0,9.346465,10.350932059066146
56.0,9.547475,10.44110785266363
56.0,9.748485,10.526684987035978
56.0,9.949495,10.597803175853628
56.0,10.15051,10.661608359535087
56.0,10.35152,10.719556247226166
56.0,10.55253,10.767665154969624
56.0,10.75354,10.815774510196484
56.0,10.95455,10.863884306910654
56.0,11.15556,10.912134372481777
56.0,11.35657,10.960424811448256
56.0,11.55758,11.008715665932453
56.0,11.75859,11.053147038687934
56.0,11.9596,11.088159037510716
56.0,12.16061,11.12202305811589
56.0,12.36162,11.154037965810435
56.0,12.56263,11.182513630109016
56.0,12.76364,11.210999421501226
56.0,12.96465,11.239475339240995
56.0,13.16566,11.267961318175258
56.0,13.36667,11.296437408927362
56.0,13.56768,11.32492362420357
56.0,13.76869,11.35158018334413
56.0,13.9697,11.374737260312065
56.0,14.17071,11.398045024899515
56.0,14.37172,11.420593016450056
56.0,14.57273,11.441731177011727
56.0,14.77374,11.462869374973081
56.0,14.97475,11.484007610068238
56.0,15.17576,11.505125844356732
56.0,15.37677,11.526234110917278
56.0,15.57778,11.547352415023756
56.0,15.77879,11.567570785993452
56.0,15.9798,11.586419236788284
56.0,16.18081,11.605518051860486
56.0,16.38182,11.62414692476379
56.0,16.58283,11.642065818295729
56.0,16.78384,11.659974730867459
56.0,16.98485,11.677893662330638
56.0,17.18586,11.695782589584374
56.0,17.38687,11.713671534323906
56.0,17.58788,11.731570498328047
56.0,17.78889,11.74891945247222
56.0,17.9899,11.765608390484951
56.0,18.19091,11.782457569882935
56.0,18.39192,11.798936787331078
56.0,18.59293,11.814976032878706
56.0,18.79394,11.831015290448816
56.0,18.99495,11.847054559972372
56.0,19.19596,11.863083826852762
56.0,19.39697,11.879103105614295
56.0,19.59798,11.895132396515976
56.0,19.79899,11.910761695816996
56.0,20.0,11.926001003384838
56.3,0.1,2.7473861269009534
56.3,0.3010101,3.6974019621377696
56.3,0.5020202,4.083833055523334
56.3,0.7030303,4.322816846423287
56.3,0.9040404,4.522639421016892
56.3,1.105051,4.694069811575966
56.3,1.306061,4.847621705005554
56.3,1.507071,5.001183403754179
56.3,1.708081,5.145404724989538
56.3,1.909091,5.286519237209915
56.3,2.110101,5.425452179123512
56.3,2.311111,5.560462125429868
56.3,2.512121,5.695477362966085
56.3,2.713131,5.839112949721613
56.3,2.914141,5.983055315709547
56.3,3.115152,6.126422810500668
56.3,3.316162,6.269362309153815
56.3,3.517172,6.412303856538915
56.3,3.718182,6.555245384348144
56.3,3.919192,6.698187829664545
56.3,4.120202,6.844958616860272
56.3,4.321212,6.994301573821913
56.3,4.522222,7.143645449604312
56.3,4.723232,7.292991185894084
56.3,4.924242,7.44233673453467
56.3,5.125253,7.580054920687498
56.3,5.326263,7.710741630155831
56.3,5.527273,7.841428183623684
56.3,5.728283,7.972115539445262
56.3,5.929293,8.102804658696904
56.3,6.130303,8.251157094155664
56.3,6.331313,8.409098146359831
56.3,6.532323,8.567043750482885
56.3,6.733333,8.724991716547157
56.3,6.934343,8.882942863746718
56.3,7.135354,9.040897024188117
56.3,7.336364,9.198854045012522
56.3,7.537374,9.356813779074978
56.3,7.738384,9.514776093228475
56.3,7.939394,9.672740859994997
56.3,8.140404,9.78301298273914
56.3,8.341414,9.872699126805294
56.3,8.542424,9.962386847667275
56.3,8.743434,10.05207910319629
56.3,8.944444,10.141761852977483
56.3,9.145455,10.231805010026317
56.3,9.346465,10.32198926313367
56.3,9.547475,10.412164986493003
56.3,9.748485,10.502352141738537
56.3,9.949495,10.592530692741397
56.3,10.15051,10.651206633344106
56.3,10.35152,10.69931516781584
56.3,10.55253,10.74742415595859
56.3,10.75354,10.795533591654133
56.3,10.95455,10.843633469185063
56.3,11.15556,10.891883540035755
56.3,11.35657,10.940183962956723
56.3,11.55758,10.988474802423461
56.3,11.75859,11.03677605284328
56.3,11.9596,11.085067708955876
56.3,12.16061,11.117532427457448
56.3,12.36162,11.146007971941856
56.3,12.56263,11.17448364465482
56.3,12.76364,11.202969444547088
56.3,12.96465,11.2314453707596
56.3,13.16566,11.259931342604775
56.3,13.36667,11.288407423062296
56.3,13.56768,11.316893628184083
56.3,13.76869,11.345379957093575
56.3,13.9697,11.3738564089423
56.3,14.17071,11.396104272091282
56.3,14.37172,11.417242408210615
56.3,14.57273,11.438390581856153
56.3,14.77374,11.459528792849921
56.3,14.97475,11.480667040970246
56.3,15.17576,11.50178528499552
56.3,15.37677,11.522893560828201
56.3,15.57778,11.544001874166213
56.3,15.77879,11.565120224822945
56.3,15.9798,11.586228612638115
56.3,16.18081,11.604467433057316
56.3,16.38182,11.622376317799521
56.3,16.58283,11.640295221553375
56.3,16.78384,11.658214144289019
56.3,16.98485,11.676123085946786
56.3,17.18586,11.694022022392323
56.3,17.38687,11.711910976252016
56.3,17.58788,11.72979994935527
56.3,17.78889,11.747688941659023
56.3,17.9899,11.76557795305355
56.3,18.19091,11.781717170239943
56.3,18.39192,11.797756409626126
56.3,18.59293,11.813795661069046
56.3,18.79394,11.829834924499288
56.3,18.99495,11.845874199909128
56.3,19.19596,11.861893472235739
56.3,19.39697,11.877912756379411
56.3,19.59798,11.893942052688677
56.3,19.79899,11.909961361113856
56.3,20.0,11.925990681589285
56.599999999999994,0.1,2.7551980513262966
56.599999999999994,0.3010101,3.709696472320997
56.599999999999994,0.5020202,4.09796528842235
56.599999999999994,0.7030303,4.337569653248932
56.599999999999994,0.9040404,4.5354365124638525
56.599999999999994,1.105051,4.709350212603189
56.599999999999994,1.306061,4.862446314265489
56.599999999999994,1.507071,5.015872930353667
56.599999999999994,1.708081,5.160150504390275
56.599999999999994,1.909091,5.285764297986209
56.599999999999994,2.110101,5.440395334036434
56.599999999999994,2.311111,5.575404848087948
56.599999999999994,2.512121,5.716394530883193
56.599999999999994,2.713131,5.860334632430102
56.599999999999994,2.914141,5.9987680380769
56.599999999999994,3.115152,6.139511957969634
56.599999999999994,3.316162,6.2823372631038135
56.599999999999994,3.517172,6.425277800010026
56.599999999999994,3.718182,6.568219315708381
56.599999999999994,3.919192,6.711162747498273
56.599999999999994,4.120202,6.857932688947824
56.599999999999994,4.321212,7.007275899659772
56.599999999999994,4.522222,7.156621015062847
56.599999999999994,4.723232,7.3057901641159315
56.599999999999994,4.924242,7.4536204428264305
56.599999999999994,5.125253,7.581796303969328
56.599999999999994,5.326263,7.699964752339423
56.599999999999994,5.527273,7.830651419703039
56.599999999999994,5.728283,7.961339886653169
56.599999999999994,5.929293,8.092028114683163
56.599999999999994,6.130303,8.258545880394715
56.599999999999994,6.331313,8.440140156386883
56.599999999999994,6.532323,8.598084271370169
56.599999999999994,6.733333,8.756030790135693
56.599999999999994,6.934343,8.913980530248386
56.599999999999994,7.135354,9.071933322262531
56.599999999999994,7.336364,9.229889011907972
56.599999999999994,7.537374,9.387847450587758
56.599999999999994,7.738384,9.542026966150837
56.599999999999994,7.939394,9.68018727341891
56.599999999999994,8.140404,9.797283790897172
56.599999999999994,8.341414,9.901512984716302
56.599999999999994,8.542424,9.99120075366588
56.599999999999994,8.743434,10.08088505213267
56.599999999999994,8.944444,10.170577839423366
56.599999999999994,9.145455,10.260621289636084
56.599999999999994,9.346465,10.350805925235187
56.599999999999994,9.547475,10.440982020482673
56.599999999999994,9.748485,10.526429554384173
56.599999999999994,9.949495,10.597008433150506
56.599999999999994,10.15051,10.660554126616544
56.599999999999994,10.35152,10.718392376991103
56.599999999999994,10.55253,10.766491415989517
56.599999999999994,10.75354,10.8146009011403
56.599999999999994,10.95455,10.862710826779697
56.599999999999994,11.15556,10.910961021849984
56.599999999999994,11.35657,10.959251589718516
56.599999999999994,11.55758,11.007552571916401
56.599999999999994,11.75859,11.052044099268647
56.599999999999994,11.9596,11.08731631367863
56.599999999999994,12.16061,11.121490467780495
56.599999999999994,12.36162,11.153725473408263
56.599999999999994,12.56263,11.182201202534014
56.599999999999994,12.76364,11.21067705857391
56.599999999999994,12.96465,11.23916304046079
56.599999999999994,13.16566,11.267639085151416
56.599999999999994,13.36667,11.29612524159008
56.599999999999994,13.56768,11.32461152228922
56.599999999999994,13.76869,11.351308194492523
56.599999999999994,13.9697,11.374585471534365
56.599999999999994,14.17071,11.398043388676115
56.599999999999994,14.37172,11.420691481336434
56.599999999999994,14.57273,11.441829670121448
56.599999999999994,14.77374,11.462967896142612
56.599999999999994,14.97475,11.484106159223892
56.599999999999994,15.17576,11.505224422305359
56.599999999999994,15.37677,11.526332717709769
56.599999999999994,15.57778,11.54745105050084
56.599999999999994,15.77879,11.567669476066133
56.599999999999994,15.9798,11.586518019769855
56.599999999999994,16.18081,11.605646896399787
56.599999999999994,16.38182,11.624295810483941
56.599999999999994,16.58283,11.642214721684528
56.599999999999994,16.78384,11.66012365186976
56.599999999999994,16.98485,11.67804260089309
56.599999999999994,17.18586,11.695931546207342
56.599999999999994,17.38687,11.713820508996463
56.599999999999994,17.58788,11.731719490996353
56.599999999999994,17.78889,11.749058500401572
56.599999999999994,17.9899,11.76569753853413
56.599999999999994,18.19091,11.78253679055299
56.599999999999994,18.39192,11.799016050958178
56.599999999999994,18.59293,11.815055307461664
56.599999999999994,18.79394,11.831094575937902
56.599999999999994,18.99495,11.847133856378651
56.599999999999994,19.19596,11.863153134435287
56.599999999999994,19.39697,11.879182424310569
56.599999999999994,19.59798,11.895201726334543
56.599999999999994,19.79899,11.910811045472009
56.599999999999994,20.0,11.926000381468153
56.900000000000006,0.1,2.7633290527998478
56.900000000000006,0.3010101,3.722115263403036
56.900000000000006,0.5020202,4.1116532349171635
56.900000000000006,0.7030303,4.352585141606565
56.900000000000006,0.9040404,4.553091091571792
56.900000000000006,1.105051,4.7247539523417865
56.900000000000006,1.306061,4.877850102558397
56.900000000000006,1.507071,5.030875412395933
56.900000000000006,1.708081,5.1699349294154695
56.900000000000006,1.909091,5.291397083098037
56.900000000000006,2.110101,5.455339533293725
56.900000000000006,2.311111,5.5936815279482826
56.900000000000006,2.512121,5.735312720017755
56.900000000000006,2.713131,5.873713453812072
56.900000000000006,2.914141,6.012117351370161
56.900000000000006,3.115152,6.152671466431793
56.900000000000006,3.316162,6.295487179145269
56.900000000000006,3.517172,6.438303845725109
56.900000000000006,3.718182,6.5811944412674075
56.900000000000006,3.919192,6.724136855808112
56.900000000000006,4.120202,6.87090694494753
56.900000000000006,4.321212,7.02025140267931
56.900000000000006,4.522222,7.168673728262191
56.900000000000006,4.723232,7.31650344113896
56.900000000000006,4.924242,7.4643338555531455
56.900000000000006,5.125253,7.592508913634732
56.900000000000006,5.326263,7.708796977415778
56.900000000000006,5.527273,7.825085685206618
56.900000000000006,5.728283,7.950563275478702
56.900000000000006,5.929293,8.081252611673701
56.900000000000006,6.130303,8.247769549594672
56.900000000000006,6.331313,8.433729991719034
56.900000000000006,6.532323,8.619692052001355
56.900000000000006,6.733333,8.787070602784096
56.900000000000006,6.934343,8.945018931223549
56.900000000000006,7.135354,9.102970352676179
56.900000000000006,7.336364,9.260924707574087
56.900000000000006,7.537374,9.405345553274858
56.900000000000006,7.738384,9.543501254847392
56.900000000000006,7.939394,9.681663023821063
56.900000000000006,8.140404,9.798758848074234
56.900000000000006,8.341414,9.906762529239666
56.900000000000006,8.542424,10.014769675875653
56.900000000000006,8.743434,10.109701376208486
56.900000000000006,8.944444,10.199394197680062
56.900000000000006,9.145455,10.289437936310094
56.900000000000006,9.346465,10.379612949337927
56.900000000000006,9.547475,10.455409436495938
56.900000000000006,9.748485,10.525987209782501
56.900000000000006,9.949495,10.59656621323727
56.900000000000006,10.15051,10.660111994742026
56.900000000000006,10.35152,10.721300206014678
56.900000000000006,10.55253,10.78247887869154
56.900000000000006,10.75354,10.833678315635822
56.900000000000006,10.95455,10.881778289020186
56.900000000000006,11.15556,10.930038607287958
56.900000000000006,11.35657,10.978329319031586
56.900000000000006,11.55758,11.016410813534659
56.900000000000006,11.75859,11.051682751515663
56.900000000000006,11.9596,11.08694501974668
56.900000000000006,12.16061,11.121119215648537
56.900000000000006,12.36162,11.155014003574495
56.900000000000006,12.56263,11.188908964009352
56.900000000000006,12.76364,11.21839472743733
56.900000000000006,12.96465,11.246870764843962
56.900000000000006,13.16566,11.275356882016677
56.900000000000006,13.36667,11.30384311426077
56.900000000000006,13.56768,11.327980132884598
56.900000000000006,13.76869,11.351247359316764
56.900000000000006,13.9697,11.374524657095993
56.900000000000006,14.17071,11.397982590505928
56.900000000000006,14.37172,11.421460666600904
56.900000000000006,14.57273,11.44494878248537
56.900000000000006,14.77374,11.466407011764753
56.900000000000006,14.97475,11.487545289775708
56.900000000000006,15.17576,11.508663571879046
56.900000000000006,15.37677,11.529771886820726
56.900000000000006,15.57778,11.548880365062649
56.900000000000006,15.77879,11.567728890275209
56.900000000000006,15.9798,11.586567445456955
56.900000000000006,16.18081,11.605696331126957
56.900000000000006,16.38182,11.624855268656633
56.900000000000006,16.58283,11.64402422370098
56.900000000000006,16.78384,11.66204316432364
56.900000000000006,16.98485,11.679952120759669
56.900000000000006,17.18586,11.697851074876782
56.900000000000006,17.38687,11.715740046586175
56.900000000000006,17.58788,11.732469054877193
56.900000000000006,17.78889,11.749108082469027
56.900000000000006,17.9899,11.765747128045454
56.900000000000006,18.19091,11.782586385983576
56.900000000000006,18.39192,11.799435665458727
56.900000000000006,18.59293,11.81628495592849
56.900000000000006,18.79394,11.832354230458805
56.900000000000006,18.99495,11.848393515905169
56.900000000000006,19.19596,11.864422799686464
56.900000000000006,19.39697,11.880442095287778
56.900000000000006,19.59798,11.895641413015566
56.900000000000006,19.79899,11.910820742514689
56.900000000000006,20.0,11.926000083559368
57.2,0.1,2.7711943088370554
57.2,0.3010101,3.7345491666297326
57.2,0.5020202,4.126018373024533
57.2,0.7030303,4.3673105809029
57.2,0.9040404,4.568451465325567
57.2,1.105051,4.740270891719904
57.2,1.306061,4.893127290949485
57.2,1.507071,5.045865628176463
57.2,1.708081,5.190069004599299
57.2,1.909091,5.331080721770896
57.2,2.110101,5.4709732377878435
57.2,2.311111,5.610264869451313
57.2,2.512121,5.748663655225666
57.2,2.713131,5.88706378887806
57.2,2.914141,6.025466107992059
57.2,3.115152,6.165832365142678
57.2,3.316162,6.308648058916842
57.2,3.517172,6.451464707234973
57.2,3.718182,6.594281248217601
57.2,3.919192,6.7371111515432665
57.2,4.120202,6.8837295518652795
57.2,4.321212,7.0315578805247565
57.2,4.522222,7.179386995526627
57.2,4.723232,7.32721684596711
57.2,4.924242,7.475046391625253
57.2,5.125253,7.603222647026346
57.2,5.326263,7.7195099402153255
57.2,5.527273,7.835798871182159
57.2,5.728283,7.952088408956239
57.2,5.929293,8.070476150073743
57.2,6.130303,8.236994259586048
57.2,6.331313,8.422953903337964
57.2,6.532323,8.608916158454573
57.2,6.733333,8.794879922827736
57.2,6.934343,8.976058061615902
57.2,7.135354,9.130524136473667
57.2,7.336364,9.268669515152485
57.2,7.537374,9.406820412712399
57.2,7.738384,9.544976590021008
57.2,7.939394,9.683137820216247
57.2,8.140404,9.800233950563001
57.2,8.341414,9.908238870025711
57.2,8.542424,10.016244249622998
57.2,8.743434,10.124247042910714
57.2,8.944444,10.228210924759528
57.2,9.145455,10.313814966161326
57.2,9.346465,10.384390332777402
57.2,9.547475,10.454966978710505
57.2,9.748485,10.5255448782472
57.2,9.949495,10.59612400632431
57.2,10.15051,10.659669875797558
57.2,10.35152,10.720848162491905
57.2,10.55253,10.782036909440412
57.2,10.75354,10.843216109202547
57.2,10.95455,10.900855855100666
57.2,11.15556,10.945506438741134
57.2,11.35657,10.980777761526962
57.2,11.55758,11.016039420641642
57.2,11.75859,11.051311412659
57.2,11.9596,11.086583734549821
57.2,12.16061,11.120747972310683
57.2,12.36162,11.154642798814557
57.2,12.56263,11.188537797638228
57.2,12.76364,11.22243296725708
57.2,12.96465,11.25458854373931
57.2,13.16566,11.281365004240303
57.2,13.36667,11.30464210747735
57.2,13.56768,11.327919282914404
57.2,13.76869,11.351186530156186
57.2,13.9697,11.374463848660985
57.2,14.17071,11.397921798357796
57.2,14.37172,11.421409889856609
57.2,14.57273,11.444888021170572
57.2,14.77374,11.468376191969313
57.2,14.97475,11.49099443257527
57.2,15.17576,11.511252789082079
57.2,15.37677,11.53009126554218
57.2,15.57778,11.54893977218501
57.2,15.77879,11.567788308873512
57.2,15.9798,11.586626875493215
57.2,16.18081,11.605755770196996
57.2,16.38182,11.624914716466334
57.2,16.58283,11.644073680250887
57.2,16.78384,11.663242661412546
57.2,16.98485,11.681871645488105
57.2,17.18586,11.699230616606759
57.2,17.38687,11.71587961554244
57.2,17.58788,11.73251863257648
57.2,17.78889,11.749157667650607
57.2,17.9899,11.76580672062196
57.2,18.19091,11.782645984496634
57.2,18.39192,11.799495269770215
57.2,18.59293,11.816344566062954
57.2,18.79394,11.833193873287676
57.2,18.99495,11.849663178487516
57.2,19.19596,11.865282472947285
57.2,19.39697,11.880461784269727
57.2,19.59798,11.895651107215077
57.2,19.79899,11.91083044175568
57.2,20.0,11.926009787828999
57.5,0.1,2.779612674689703
57.5,0.3010101,3.7470962804586145
57.5,0.5020202,4.140533445352039
57.5,0.7030303,4.382484440465866
57.5,0.9040404,4.581712281706084
57.5,1.105051,4.75583793652765
57.5,1.306061,4.908756035834173
57.5,1.507071,5.061493586235984
57.5,1.708081,5.205651237416219
57.5,1.909091,5.340760866211456
57.5,2.110101,5.4796778871954865
57.5,2.311111,5.6242971947596265
57.5,2.512121,5.762696974683603
57.5,2.713131,5.901098140856885
57.5,2.914141,6.039501529139143
57.5,3.115152,6.179039873551855
57.5,3.316162,6.32185543569061
57.5,3.517172,6.464670955902837
57.5,3.718182,6.607488375078629
57.5,3.919192,6.74982484610515
57.5,4.120202,6.894622241132228
57.5,4.321212,7.0419918234246035
57.5,4.522222,7.189821056949025
57.5,4.723232,7.3376510200992815
57.5,4.924242,7.485481672900399
57.5,5.125253,7.613657094349364
57.5,5.326263,7.729945589393633
57.5,5.527273,7.846234713927245
57.5,5.728283,7.96252343894649
57.5,5.929293,8.085991702397068
57.5,6.130303,8.251369969735512
57.5,6.331313,8.437331026576182
57.5,6.532323,8.623293674386334
57.5,6.733333,8.809257812410294
57.5,6.934343,8.973573940370661
57.5,7.135354,9.127149585197925
57.5,7.336364,9.270259964118956
57.5,7.537374,9.4084113477948
57.5,7.738384,9.546567995839123
57.5,7.939394,9.684729682968694
57.5,8.140404,9.80182612411483
57.5,8.341414,9.909830290281816
57.5,8.542424,10.017838911068486
57.5,8.743434,10.125841940191792
57.5,8.944444,10.21976646013613
57.5,9.145455,10.308461957972744
57.5,9.346465,10.38398777126758
57.5,9.547475,10.454564542060828
57.5,9.748485,10.525132565102624
57.5,9.949495,10.595711814864938
57.5,10.15051,10.65925777177774
57.5,10.35152,10.720446133903641
57.5,10.55253,10.78162495569791
57.5,10.75354,10.842814229138169
57.5,10.95455,10.893984370883784
57.5,11.15556,10.94226503101917
57.5,11.35657,10.98041633119478
57.5,11.55758,11.015678043846274
57.5,11.75859,11.050950089071476
57.5,11.9596,11.086222463800391
57.5,12.16061,11.120386743202664
57.5,12.36162,11.154281608401206
57.5,12.56263,11.1881766456523
57.5,12.76364,11.222071853471125
57.5,12.96465,11.251697927611204
57.5,13.16566,11.280384242458227
57.5,13.36667,11.304581243823025
57.5,13.56768,11.327858439937554
57.5,13.76869,11.351135707722593
57.5,13.9697,11.374413046739004
57.5,14.17071,11.397861012799828
57.5,14.37172,11.421349119785823
57.5,14.57273,11.444837266481656
57.5,14.77374,11.468325452642935
57.5,14.97475,11.48983380792984
57.5,15.17576,11.511032189099751
57.5,15.37677,11.530150667598642
57.5,15.57778,11.54899918563031
57.5,15.77879,11.567847733670384
57.5,15.9798,11.586686311603753
57.5,16.18081,11.605815215328672
57.5,16.38182,11.624974170337085
57.5,16.58283,11.644133142831858
57.5,16.78384,11.663302132675684
57.5,16.98485,11.681311157812765
57.5,17.18586,11.699200181671962
57.5,17.38687,11.715929190420129
57.5,17.58788,11.732578214864958
57.5,17.78889,11.749217257310065
57.5,17.9899,11.765856317696969
57.5,18.19091,11.782695587454272
57.5,18.39192,11.79954487853807
57.5,18.59293,11.816394180624787
57.5,18.79394,11.833243493626835
57.5,18.99495,11.849282827731685
57.5,19.19596,11.865272159857131
57.5,19.39697,11.880471476742542
57.5,19.59798,11.895660804699308
57.5,19.79899,11.910840144238284
57.5,20.0,11.926019495297243
57.8,0.1,2.7873351618899003
57.8,0.3010101,3.7592702589396705
57.8,0.5020202,4.154486039590737
57.8,0.7030303,4.3971941475197935
57.8,0.9040404,4.599206968112342
57.8,1.105051,4.7714572075639925
57.8,1.306061,4.92441429012063
57.8,1.507071,5.077379844336772
57.8,1.708081,5.206050365780304
57.8,1.909091,5.326302517388281
57.8,2.110101,5.466313401314523
57.8,2.311111,5.638666230238203
57.8,2.512121,5.777064842140024
57.8,2.713131,5.915464889143746
57.8,2.914141,6.052570618217563
57.8,3.115152,6.192270125680152
57.8,3.316162,6.335085475921749
57.8,3.517172,6.477831222826289
57.8,3.718182,6.619836355954607
57.8,3.919192,6.7618426356883035
57.8,4.120202,6.906640008809636
57.8,4.321212,7.053313836397488
57.8,4.522222,7.200117049767363
57.8,4.723232,7.347947112410541
57.8,4.924242,7.4957768583207605
57.8,5.125253,7.6239534339717325
57.8,5.326263,7.740242113406264
57.8,5.527273,7.858044968063861
57.8,5.728283,7.9854946611609305
57.8,5.929293,8.112945089133689
57.8,6.130303,8.278323816268108
57.8,6.331313,8.464284386323333
57.8,6.532323,8.645038914627499
57.8,6.733333,8.798610848691649
57.8,6.934343,8.952186790143854
57.8,7.135354,9.105764588208412
57.8,7.336364,9.259345098264031
57.8,7.537374,9.410060342356358
57.8,7.738384,9.548217458823862
57.8,7.939394,9.686379600340993
57.8,8.140404,9.803476354362706
57.8,8.341414,9.911480771286204
57.8,8.542424,10.015353702688913
57.8,8.743434,10.103747259650968
57.8,8.944444,10.192152142954418
57.8,9.145455,10.280857718758734
57.8,9.346465,10.369664396905774
57.8,9.547475,10.454172122905245
57.8,9.748485,10.524750267505736
57.8,9.949495,10.595319637650233
57.8,10.15051,10.65886568170673
57.8,10.35152,10.72005411941271
57.8,10.55253,10.777833171404481
57.8,10.75354,10.825993098215116
57.8,10.95455,10.87414344537713
57.8,11.15556,10.922424112400407
57.8,11.35657,10.97074515391976
57.8,11.55758,11.015326679505115
57.8,11.75859,11.050598777515388
57.8,11.9596,11.085861204786758
57.8,12.16061,11.120035525671097
57.8,12.36162,11.153930429534629
57.8,12.56263,11.1861957870699
57.8,12.76364,11.214881903950008
57.8,12.96465,11.243568138774272
57.8,13.16566,11.272254441089622
57.8,13.36667,11.300940850195822
57.8,13.56768,11.327807603540506
57.8,13.76869,11.351084891806224
57.8,13.9697,11.374352251264884
57.8,14.17071,11.397810233532846
57.8,14.37172,11.42129835605117
57.8,14.57273,11.443956574041053
57.8,14.77374,11.465174926402407
57.8,14.97475,11.486393312881045
57.8,15.17576,11.507591702324419
57.8,15.37677,11.528780121869987
57.8,15.57778,11.549058604460441
57.8,15.77879,11.567907163786218
57.8,15.9798,11.586745752967941
57.8,16.18081,11.60587466572738
57.8,16.38182,11.625033629446984
57.8,16.58283,11.643682618825647
57.8,16.78384,11.661591637048733
57.8,16.98485,11.67951067216844
57.8,17.18586,11.697399703631302
57.8,17.38687,11.715288750739814
57.8,17.58788,11.732627801006231
57.8,17.78889,11.749276850784044
57.8,17.9899,11.765915918506293
57.8,18.19091,11.782755194160101
57.8,18.39192,11.799604491048907
57.8,18.59293,11.816063803880716
57.8,18.79394,11.83207313325362
57.8,18.99495,11.848082473317655
57.8,19.19596,11.864071810702878
57.8,19.39697,11.880071158627679
57.8,19.59798,11.895670504925338
57.8,19.79899,11.91084984943973
57.8,20.0,11.926029205461427
58.099999999999994,0.1,2.795299537955263
58.099999999999994,0.3010101,3.771281217298401
58.099999999999994,0.5020202,4.168257375071585
58.099999999999994,0.7030303,4.4115942513262345
58.099999999999994,0.9040404,4.61168020637979
58.099999999999994,1.105051,4.786514332741858
58.099999999999994,1.306061,4.9395805308475715
58.099999999999994,1.507071,5.093144848440286
58.099999999999994,1.708081,5.237706918290556
58.099999999999994,1.909091,5.372597617465082
58.099999999999994,2.110101,5.498361285245643
58.099999999999994,2.311111,5.63426336328893
58.099999999999994,2.512121,5.791433790658612
58.099999999999994,2.713131,5.92898183041799
58.099999999999994,2.914141,6.065537155104052
58.099999999999994,3.115152,6.205500964400608
58.099999999999994,3.316162,6.347846567684003
58.099999999999994,3.517172,6.489849328833718
58.099999999999994,3.718182,6.631854317622854
58.099999999999994,3.919192,6.773859453853302
58.099999999999994,4.120202,6.9186568045487435
58.099999999999994,4.321212,7.065331684909695
58.099999999999994,4.522222,7.21200744114884
58.099999999999994,4.723232,7.3586830193808135
58.099999999999994,4.924242,7.506073134290798
58.099999999999994,5.125253,7.634248860853506
58.099999999999994,5.326263,7.757547615957442
58.099999999999994,5.527273,7.884996885198523
58.099999999999994,5.728283,8.012446913541613
58.099999999999994,5.929293,8.139897662334034
58.099999999999994,6.130303,8.305276842536067
58.099999999999994,6.331313,8.47007702050143
58.099999999999994,6.532323,8.623648130564172
58.099999999999994,6.733333,8.777223335464779
58.099999999999994,6.934343,8.930800477055298
58.099999999999994,7.135354,9.084381407379647
58.099999999999994,7.336364,9.23796398519127
58.099999999999994,7.537374,9.39154908187936
58.099999999999994,7.738384,9.5451375756952
58.099999999999994,7.939394,9.688029561762646
58.099999999999994,8.140404,9.805126628002844
58.099999999999994,8.341414,9.899339600228448
58.099999999999994,8.542424,9.987741105999365
58.099999999999994,8.743434,10.076142972121371
58.099999999999994,8.944444,10.164548163098146
58.099999999999994,9.145455,10.253243814852055
58.099999999999994,9.346465,10.342060483514503
58.099999999999994,9.547475,10.430868464590617
58.099999999999994,9.748485,10.519677724714574
58.099999999999994,9.949495,10.594937473319144
58.099999999999994,10.15051,10.658473604623948
58.099999999999994,10.35152,10.709842590755914
58.099999999999994,10.55253,10.758002166565456
58.099999999999994,10.75354,10.806152168507257
58.099999999999994,10.95455,10.854312590638887
58.099999999999994,11.15556,10.902593264222812
58.099999999999994,11.35657,10.950914293052929
58.099999999999994,11.55758,10.999235718828999
58.099999999999994,11.75859,11.047547536390152
58.099999999999994,11.9596,11.085509954609096
58.099999999999994,12.16061,11.119674317108757
58.099999999999994,12.36162,11.149380009252344
58.099999999999994,12.56263,11.178066009105377
58.099999999999994,12.76364,11.20675212796113
58.099999999999994,12.96465,11.235438364837119
58.099999999999994,13.16566,11.264124654563878
58.099999999999994,13.36667,11.292811048098743
58.099999999999994,13.56768,11.321497558340214
58.099999999999994,13.76869,11.350184184437607
58.099999999999994,13.9697,11.37430146188685
58.099999999999994,14.17071,11.397749460469118
58.099999999999994,14.37172,11.419307732236964
58.099999999999994,14.57273,11.440526061711278
58.099999999999994,14.77374,11.4617444254886
58.099999999999994,14.97475,11.482962823323183
58.099999999999994,15.17576,11.504151221071371
58.099999999999994,15.37677,11.525339648400239
58.099999999999994,15.57778,11.546528110113686
58.099999999999994,15.77879,11.567716605971423
58.099999999999994,15.9798,11.586805198744058
58.099999999999994,16.18081,11.605934120506562
58.099999999999994,16.38182,11.623973111139682
58.099999999999994,16.58283,11.641882120842288
58.099999999999994,16.78384,11.659791147522714
58.099999999999994,16.98485,11.677710191122788
58.099999999999994,17.18586,11.695599230139578
58.099999999999994,17.38687,11.7134882847565
58.099999999999994,17.58788,11.731367356629532
58.099999999999994,17.78889,11.74925644565515
58.099999999999994,17.9899,11.765975522411674
58.099999999999994,18.19091,11.782814803957505
58.099999999999994,18.39192,11.798854117012006
58.099999999999994,18.59293,11.814863441301759
58.099999999999994,18.79394,11.830872776312217
58.099999999999994,18.99495,11.84688212199992
58.099999999999994,19.19596,11.862881464604841
58.099999999999994,19.39697,11.87887081780182
58.099999999999994,19.59798,11.89486018184689
58.099999999999994,19.79899,11.91085955669898
58.099999999999994,20.0,11.926038917819765
12.5,0.1,1.0486446839041166
12.5,0.3010101,1.388678354818433
12.5,0.5020202,1.4622162099924714
12.5,0.7030303,1.3813906942547292
12.5,1.306061,1.4654579120389564
12.5,1.507071,1.8812341288133774
12.5,1.708081,1.8018076553461422
12.5,1.909091,1.6965489492772605
12.5,2.110101,1.5900802004242531
12.5,2.311111,1.4961433052113748
12.5,2.512121,1.4200802529612282
12.5,2.713131,1.365934500755916
12.5,2.914141,1.3319567298631534
12.5,3.115152,1.3175909565280932
12.5,3.316162,1.3238804977844425
12.5,3.517172,1.347981791320829
12.5,3.718182,1.39126889484754
12.5,3.919192,1.453307671570554
12.5,4.120202,1.5348430866380873
12.5,4.321212,1.6416619078117523
12.5,4.522222,1.7747046143829055
12.5,4.723232,1.9416552757750822
12.5,4.924242,2.1493664475194736
12.5,5.125253,2.4018287548189168
12.5,5.326263,2.7249503133643462
12.5,5.527273,3.0924228668533256
12.5,5.728283,3.5262117974663636
12.5,5.929293,4.034334786469217
12.5,6.130303,4.6003926727405
12.5,6.331313,5.223923365460046
12.5,6.532323,5.889043842086089
12.5,6.733333,6.5897048313845525
12.5,6.934343,7.29356730334777
12.5,7.135354,7.960786869560011
12.5,7.336364,8.570604511943129
12.5,7.537374,9.095220298042694
12.5,7.738384,9.514088777949675
12.5,7.939394,9.818320808882861
12.5,8.140404,10.052515068652278
12.5,8.341414,10.230970226530069
12.5,8.542424,10.369640286281824
12.5,8.743434,10.47815266402322
12.5,8.944444,10.563524512134617
12.5,9.145455,10.63710226275283
12.5,9.346465,10.701025683921229
12.5,9.547475,10.75796305883472
12.5,9.748485,10.809114382047948
12.5,9.949495,10.850001939711634
12.5,10.15051,10.891259965061076
12.5,10.35152,10.935897380955334
12.5,10.55253,10.974479149958283
12.5,10.75354,11.008854043482103
12.5,10.95455,11.043369682770942
12.5,11.15556,11.075167380960997
12.5,11.35657,11.10604656673473
12.5,11.55758,11.136166956194964
12.5,11.75859,11.16446876712028
12.5,11.9596,11.192841104537393
12.5,12.16061,11.219684636326942
12.5,12.36162,11.246049022873846
12.5,12.56263,11.271914138647409
12.5,12.76364,11.296720055820865
12.5,12.96465,11.321596336493332
12.5,13.16566,11.345443310881329
12.5,13.36667,11.36899078684591
12.5,13.56768,11.392158700174583
12.5,13.76869,11.41460705478059
12.5,13.9697,11.437135659044369
12.5,14.17071,11.458864641955062
12.5,14.37172,11.480373901572918
12.5,14.57273,11.501563400937709
12.5,14.77374,11.522203114294431
12.5,14.97475,11.542923005896954
12.5,15.17576,11.562983065392727
12.5,15.37677,11.5828532464485
12.5,15.57778,11.60244353213569
12.5,15.77879,11.621593889764782
12.5,15.9798,11.640824387024006
12.5,16.18081,11.65947491551057
12.5,16.38182,11.677985460839066
12.5,16.58283,11.696226026312665
12.5,16.78384,11.714116584909322
12.5,16.98485,11.732077265048941
12.5,17.18586,11.749527898267488
12.5,17.38687,11.766848484307298
12.5,17.58788,11.78394904581764
12.5,17.78889,11.800749565706147
12.5,17.9899,11.81762019865587
12.5,18.19091,11.834020748691398
12.5,18.39192,11.850341218586042
12.5,18.59293,11.866441646609951
12.5,18.79394,11.882302024555605
12.5,18.99495,11.898222508193035
12.5,19.19596,11.913722898920792
12.5,19.39697,11.929163199884279
12.5,19.59798,11.94440346058902
12.5,19.79899,11.959433679070006
12.5,20.0,11.972323942872256
12.8,0.1,1.020069644524494
12.8,0.3010101,1.5059100669136154
12.8,0.5020202,1.5869664501230074
12.8,0.7030303,0.7126837566282256
12.8,0.9040404,0.04157047106188944
12.8,1.306061,1.2209377847438636
12.8,1.507071,1.8620914308299674
12.8,1.708081,1.7932297928973024
12.8,1.909091,1.6956778632478577
12.8,2.110101,1.5977388997462723
12.8,2.311111,1.5126468529948192
12.8,2.512121,1.4444055036780414
12.8,2.713131,1.3971622711634741
12.8,2.914141,1.369674179584407
12.8,3.115152,1.3610098207295895
12.8,3.316162,1.3720774503815318
12.8,3.517172,1.4000056902113465
12.8,3.718182,1.4464376278733342
12.8,3.919192,1.5113668029878276
12.8,4.120202,1.5954649268030092
12.8,4.321212,1.704402007630949
12.8,4.522222,1.8390738781687728
12.8,4.723232,2.0071526009441
12.8,4.924242,2.2154656072360877
12.8,5.125253,2.4677550534709036
12.8,5.326263,2.7891090958445584
12.8,5.527273,3.1547090784827536
12.8,5.728283,3.584955838628873
12.8,5.929293,4.0869516567741355
12.8,6.130303,4.64696577335694
12.8,6.331313,5.2593828085121475
12.8,6.532323,5.915848974404946
12.8,6.733333,6.605272361946629
12.8,6.934343,7.296379495606313
12.8,7.135354,7.9553749378464556
12.8,7.336364,8.556434946832441
12.8,7.537374,9.077891125334911
12.8,7.738384,9.496587910301121
12.8,7.939394,9.80297104066475
12.8,8.140404,10.03919895933052
12.8,8.341414,10.220605958771706
12.8,8.542424,10.360939996344
12.8,8.743434,10.47101695036376
12.8,8.944444,10.557554191349084
12.8,9.145455,10.631828255088127
12.8,9.346465,10.696547986216464
12.8,9.547475,10.753882495486891
12.8,9.748485,10.805411107493422
12.8,9.949495,10.85136359046724
12.8,10.15051,10.892889579982986
12.8,10.35152,10.932957682975246
12.8,10.55253,10.971577867839715
12.8,10.75354,11.006140968722164
12.8,10.95455,11.040695240230262
12.8,11.15556,11.072491785444605
12.8,11.35657,11.103469610412697
12.8,11.55758,11.133718665880235
12.8,11.75859,11.162119295895192
12.8,11.9596,11.19051066321126
12.8,12.16061,11.217353345628359
12.8,12.36162,11.24378678299539
12.8,12.56263,11.26975098045965
12.8,12.76364,11.294646069803932
12.8,12.96465,11.319531636772494
12.8,13.16566,11.343377975626401
12.8,13.36667,11.367004770978347
12.8,13.56768,11.390262037180849
12.8,13.76869,11.412799809279157
12.8,13.9697,11.435337888692692
12.8,14.17071,11.457066401997452
12.8,14.37172,11.478655186709315
12.8,14.57273,11.499934247079919
12.8,14.77374,11.52067357292284
12.8,14.97475,11.541403089139187
12.8,15.17576,11.561462812912145
12.8,15.37677,11.58142268894897
12.8,15.57778,11.601102705258636
12.8,15.77879,11.620342834117013
12.8,15.9798,11.639593074082617
12.8,16.18081,11.65824337301825
12.8,16.38182,11.676823750417787
12.8,16.58283,11.695154179304096
12.8,16.78384,11.713124630908514
12.8,16.98485,11.731105142809492
12.8,17.18586,11.748545626885727
12.8,17.38687,11.765946147583916
12.8,17.58788,11.783126667848096
12.8,17.78889,11.799997165959935
12.8,17.9899,11.81686769409337
12.8,18.19091,11.833278152918558
12.8,18.39192,11.849658627135952
12.8,18.59293,11.865829074862901
12.8,18.79394,11.881749483381569
12.8,18.99495,11.897669905196388
12.8,19.19596,11.913180244840891
12.8,19.39697,11.928670590431055
12.8,19.59798,11.94289088157659
12.8,19.79899,11.955771111564497
12.8,20.0,11.96865134518643
13.100000000000001,0.1,1.0549274386963967
13.100000000000001,0.3010101,1.4377255522534116
13.100000000000001,0.5020202,1.4965877184663272
13.100000000000001,0.7030303,1.3337387520822646
13.100000000000001,1.306061,1.4523484689423023
13.100000000000001,1.507071,1.8500751602230692
13.100000000000001,1.708081,1.7844227711900287
13.100000000000001,1.909091,1.6953381055265626
13.100000000000001,2.110101,1.6064120417030858
13.100000000000001,2.311111,1.5303867906568602
13.100000000000001,2.512121,1.4700035656199864
13.100000000000001,2.713131,1.4296641384729243
13.100000000000001,2.914141,1.4086413544293035
13.100000000000001,3.115152,1.405682599427229
13.100000000000001,3.316162,1.42161607764421
13.100000000000001,3.517172,1.4534880130971992
13.100000000000001,3.718182,1.5032101628729022
13.100000000000001,3.919192,1.5711754715085806
13.100000000000001,4.120202,1.657992811696143
13.100000000000001,4.321212,1.7692080817424667
13.100000000000001,4.522222,1.9056374655658632
13.100000000000001,4.723232,2.0749444284908347
13.100000000000001,4.924242,2.2839286431759667
13.100000000000001,5.125253,2.536064195642643
13.100000000000001,5.326263,2.85569958996781
13.100000000000001,5.527273,3.2192988054718485
13.100000000000001,5.728283,3.6458075854957412
13.100000000000001,5.929293,4.141338983618608
13.100000000000001,6.130303,4.6951561177281205
13.100000000000001,6.331313,5.296149930238147
13.100000000000001,6.532323,5.943880559922702
13.100000000000001,6.733333,6.622033115804511
13.100000000000001,6.934343,7.300414466851196
13.100000000000001,7.135354,7.951178741022164
13.100000000000001,7.336364,8.543289236012452
13.100000000000001,7.537374,9.061442219124071
13.100000000000001,7.738384,9.479675757705547
13.100000000000001,7.939394,9.787937322006247
13.100000000000001,8.140404,10.026102094427822
13.100000000000001,8.341414,10.210361107130623
13.100000000000001,8.542424,10.35232922833683
13.100000000000001,8.743434,10.463960858164949
13.100000000000001,8.944444,10.551673588147018
13.100000000000001,9.145455,10.626624046662586
13.100000000000001,9.346465,10.692140186018175
13.100000000000001,9.547475,10.749881911834159
13.100000000000001,9.748485,10.801797889301149
13.100000000000001,9.949495,10.843201186574804
13.100000000000001,10.15051,10.884165296388318
13.100000000000001,10.35152,10.927629336589545
13.100000000000001,10.55253,10.96881628982978
13.100000000000001,10.75354,11.003547695192813
13.100000000000001,10.95455,11.03815069930268
13.100000000000001,11.15556,11.069946186072057
13.100000000000001,11.35657,11.101022729190461
13.100000000000001,11.55758,11.13138051953104
13.100000000000001,11.75859,11.159870029371103
13.100000000000001,11.9596,11.188290495606356
13.100000000000001,12.16061,11.215122394977866
13.100000000000001,12.36162,11.241634932443107
13.100000000000001,12.56263,11.267668252166892
13.100000000000001,12.76364,11.292642547647656
13.100000000000001,12.96465,11.317547448255953
13.100000000000001,13.16566,11.341393198104607
13.100000000000001,13.36667,11.36507933814343
13.100000000000001,13.56768,11.388415973742847
13.100000000000001,13.76869,11.411033173858312
13.100000000000001,13.9697,11.433580759375806
13.100000000000001,14.17071,11.45530883481985
13.100000000000001,14.37172,11.476967148651354
13.100000000000001,14.57273,11.498335765670763
13.100000000000001,14.77374,11.519154694874317
13.100000000000001,14.97475,11.539903854488488
13.100000000000001,15.17576,11.559953263159544
13.100000000000001,15.37677,11.579992821314189
13.100000000000001,15.57778,11.599762548398854
13.100000000000001,15.77879,11.619092425754669
13.100000000000001,15.9798,11.638342418936586
13.100000000000001,16.18081,11.656992500944657
13.100000000000001,16.38182,11.67565268671856
13.100000000000001,16.58283,11.694062950503103
13.100000000000001,16.78384,11.71212326557421
13.100000000000001,16.98485,11.730103614733844
13.100000000000001,17.18586,11.747543956914146
13.100000000000001,17.38687,11.765014383742988
13.100000000000001,17.58788,11.782264831744909
13.100000000000001,17.78889,11.799215277457968
13.100000000000001,17.9899,11.816085703603543
13.100000000000001,18.19091,11.83249607513121
13.100000000000001,18.39192,11.848946525591773
13.100000000000001,18.59293,11.865176965373863
13.100000000000001,18.79394,11.881167379066198
13.100000000000001,18.99495,11.89708774082435
13.100000000000001,19.19596,11.912588031370381
13.100000000000001,19.39697,11.92813840050729
13.100000000000001,19.59798,11.943488748365903
13.100000000000001,19.79899,11.958619068846454
13.100000000000001,20.0,11.971509276071925
58.400000000000006,0.1,2.8028260342746982
58.400000000000006,0.3010101,3.7833532689867617
58.400000000000006,0.5020202,4.1813941708020215
58.400000000000006,0.7030303,4.426203487586055
58.400000000000006,0.9040404,4.628903288258986
58.400000000000006,1.105051,4.801826414830904
58.400000000000006,1.306061,4.9555427551514795
58.400000000000006,1.507071,5.109107808640761
58.400000000000006,1.708081,5.25365333805806
58.400000000000006,1.909091,5.395170651808507
58.400000000000006,2.110101,5.532349807260022
58.400000000000006,2.311111,5.667597213260256
58.400000000000006,2.512121,5.8034906761935385
58.400000000000006,2.713131,5.940015763468861
58.400000000000006,2.914141,6.075502299666959
58.400000000000006,3.115152,6.204622579517906
58.400000000000006,3.316162,6.346623588255187
58.400000000000006,3.517172,6.488626925795696
58.400000000000006,3.718182,6.630630509598018
58.400000000000006,3.919192,6.78553917905796
58.400000000000006,4.120202,6.930548473711682
58.400000000000006,4.321212,7.077223463872791
58.400000000000006,4.522222,7.223898322489311
58.400000000000006,4.723232,7.370575000685093
58.400000000000006,4.924242,7.5171054063991365
58.400000000000006,5.125253,7.644417087782959
58.400000000000006,5.326263,7.771865833342488
58.400000000000006,5.527273,7.899315364232059
58.400000000000006,5.728283,8.026765644551144
58.400000000000006,5.929293,8.154216636192254
58.400000000000006,6.130303,8.312150838589117
58.400000000000006,6.331313,8.465720864538051
58.400000000000006,6.532323,8.619293116481463
58.400000000000006,6.733333,8.77286942616003
58.400000000000006,6.934343,8.92644763594275
58.400000000000006,7.135354,9.08002859970997
58.400000000000006,7.336364,9.233613177707142
58.400000000000006,7.537374,9.387199243316022
58.400000000000006,7.738384,9.540787675775896
58.400000000000006,7.939394,9.69065764715553
58.400000000000006,8.140404,9.801699290264358
58.400000000000006,8.341414,9.890099606985238
58.400000000000006,8.542424,9.97850131839862
58.400000000000006,8.743434,10.066899388023481
58.400000000000006,8.944444,10.155304780104455
58.400000000000006,9.145455,10.244010553596453
58.400000000000006,9.346465,10.332817314678291
58.400000000000006,9.547475,10.421625387564813
58.400000000000006,9.748485,10.510444738748632
58.400000000000006,9.949495,10.594645213794836
58.400000000000006,10.15051,10.654691807122516
58.400000000000006,10.35152,10.702841018861196
58.400000000000006,10.55253,10.751000661888892
58.400000000000006,10.75354,10.799160730593204
58.400000000000006,10.95455,10.847321219305096
58.400000000000006,11.15556,10.89560193675201
58.400000000000006,11.35657,10.943913002965246
58.400000000000006,11.55758,10.992234465938726
58.400000000000006,11.75859,11.04055632057231
58.400000000000006,11.9596,11.08507870241715
58.400000000000006,12.16061,11.117863520861741
58.400000000000006,12.36162,11.14654941910199
58.400000000000006,12.56263,11.175235437128322
58.400000000000006,12.76364,11.203921574059706
58.400000000000006,12.96465,11.23260782901879
58.400000000000006,13.16566,11.261294132266915
58.400000000000006,13.36667,11.289980538300151
58.400000000000006,13.56768,11.3186670610716
58.400000000000006,13.76869,11.347353699631357
58.400000000000006,13.9697,11.374210695258759
58.400000000000006,14.17071,11.396968815096077
58.400000000000006,14.37172,11.418187122023708
58.400000000000006,14.57273,11.439405463377314
58.400000000000006,14.77374,11.460623838965676
58.400000000000006,14.97475,11.481842248598998
58.400000000000006,15.17576,11.503030657334703
58.400000000000006,15.37677,11.524219095529624
58.400000000000006,15.57778,11.54540756802082
58.400000000000006,15.77879,11.566596074670802
58.400000000000006,15.9798,11.586864657647373
58.400000000000006,16.18081,11.605513616727618
58.400000000000006,16.38182,11.623422617356344
58.400000000000006,16.58283,11.641331635017254
58.400000000000006,16.78384,11.65924066967836
58.400000000000006,16.98485,11.677159721190225
58.400000000000006,17.18586,11.695048768017799
58.400000000000006,17.38687,11.712937830368073
58.400000000000006,17.58788,11.730826909972265
58.400000000000006,17.78889,11.748716006708248
58.400000000000006,17.9899,11.766025133079056
58.400000000000006,18.19091,11.782474451437439
58.400000000000006,18.39192,11.79848377018008
58.400000000000006,18.59293,11.814493099673324
58.400000000000006,18.79394,11.830502439873527
58.400000000000006,18.99495,11.846511790737281
58.400000000000006,19.19596,11.862511138479201
58.400000000000006,19.39697,11.87850049678018
58.400000000000006,19.59798,11.894489865952817
58.400000000000006,19.79899,11.910489245900926
58.400000000000006,20.0,11.926058637103473
58.7,0.1,2.8103176867943667
58.7,0.3010101,3.7953815313718384
58.7,0.5020202,4.195254580779541
58.7,0.7030303,4.440484762710269
58.7,0.9040404,4.6440527783553565
58.7,1.105051,4.817187539718849
58.7,1.306061,4.971221116543166
58.7,1.507071,5.125159930575755
58.7,1.708081,5.269459418293066
58.7,1.909091,5.409850690769294
58.7,2.110101,5.546925576670858
58.7,2.311111,5.677735750197778
58.7,2.512121,5.810676911013089
58.7,2.713131,5.936274044068806
58.7,2.914141,6.049223432990237
58.7,3.115152,6.176922179948708
58.7,3.316162,6.332666775515269
58.7,3.517172,6.501339807980606
58.7,3.718182,6.654644879975612
58.7,3.919192,6.797178575749273
58.7,4.120202,6.942187928083753
58.7,4.321212,7.088863140800804
58.7,4.522222,7.235539211426
58.7,4.723232,7.381469898133845
58.7,4.924242,7.526932184459154
58.7,5.125253,7.652495500488043
58.7,5.326263,7.766022812813439
58.7,5.527273,7.888365664668234
58.7,5.728283,8.015816040702848
58.7,5.929293,8.143267127503902
58.7,6.130303,8.305309662487705
58.7,6.331313,8.486123609497964
58.7,6.532323,8.6490048818008
58.7,6.733333,8.80257899927497
58.7,6.934343,8.95615704793146
58.7,7.135354,9.10973688086115
58.7,7.336364,9.26331935718346
58.7,7.537374,9.416905348640428
58.7,7.738384,9.557418823475391
58.7,7.939394,9.692021090593022
58.7,8.140404,9.80658235353021
58.7,8.341414,9.91249256543408
58.7,8.542424,10.005992798116718
58.7,8.743434,10.094396859135848
58.7,8.944444,10.182802239244328
58.7,9.145455,10.271498229578711
58.7,9.346465,10.360315287299091
58.7,9.547475,10.44912364866067
58.7,9.748485,10.524102867548491
58.7,9.949495,10.594193114029672
58.7,10.15051,10.6574596765632
58.7,10.35152,10.7184285113867
58.7,10.55253,10.769678104315638
58.7,10.75354,10.817838223385714
58.7,10.95455,10.865998761294227
58.7,11.15556,10.914279597268491
58.7,11.35657,10.962590800778608
58.7,11.55758,11.01091239917248
58.7,11.75859,11.049154767618903
58.7,11.9596,11.084687557045212
58.7,12.16061,11.119122177857047
58.7,12.36162,11.15327735810941
58.7,12.56263,11.18300328464318
58.7,12.76364,11.211689471883922
58.7,12.96465,11.240375776814341
58.7,13.16566,11.269062145752379
58.7,13.36667,11.297748620479677
58.7,13.56768,11.326435211515783
58.7,13.76869,11.350702511611866
58.7,13.9697,11.374129996778779
58.7,14.17071,11.397738103231974
58.7,14.37172,11.421366346933237
58.7,14.57273,11.442924690536902
58.7,14.77374,11.464143078856772
58.7,14.97475,11.485361501164133
58.7,15.17576,11.506559926281088
58.7,15.37677,11.527748381367514
58.7,15.57778,11.548936870678007
58.7,15.77879,11.568055489679923
58.7,15.9798,11.586914149099881
58.7,16.18081,11.606073121743583
58.7,16.38182,11.625262143230975
58.7,16.58283,11.643291169064431
58.7,16.78384,11.661210210589944
58.7,16.98485,11.679119269040012
58.7,17.18586,11.69700832405987
58.7,17.38687,11.71489739472828
58.7,17.58788,11.732786482578815
58.7,17.78889,11.7494756139519
58.7,17.9899,11.766084762760302
58.7,18.19091,11.78290410249121
58.7,18.39192,11.799743461253383
58.7,18.59293,11.815782796469025
58.7,18.79394,11.831792140965
58.7,18.99495,11.847801496111996
58.7,19.19596,11.863790848770492
58.7,19.39697,11.87978021198952
58.7,19.59798,11.895779586012925
58.7,19.79899,11.910928971698286
58.7,20.0,11.926068367969611
59.0,0.1,2.8179104815610385
59.0,0.3010101,3.8073446747663846
59.0,0.5020202,4.209340918375898
59.0,0.7030303,4.455156762960929
59.0,0.9040404,4.656631694095388
59.0,1.105051,4.832437433905171
59.0,1.306061,4.986469846817974
59.0,1.507071,5.1409138613219945
59.0,1.708081,5.284779002573963
59.0,1.909091,5.425128722999661
59.0,2.110101,5.562175912237727
59.0,2.311111,5.692986891127359
59.0,2.512121,5.823757389706441
59.0,2.713131,5.959277017117505
59.0,2.914141,6.072487589839398
59.0,3.115152,6.214651755121886
59.0,3.316162,6.381221847211242
59.0,3.517172,6.523752174867583
59.0,3.718182,6.666284618548765
59.0,3.919192,6.808818108292574
59.0,4.120202,6.953828515170736
59.0,4.321212,7.100374917520723
59.0,4.522222,7.245835903631281
59.0,4.723232,7.391297640707746
59.0,4.924242,7.536759085395521
59.0,5.125253,7.6623225997461635
59.0,5.326263,7.775851131437781
59.0,5.527273,7.889379245255749
59.0,5.728283,8.004866474561672
59.0,5.929293,8.13231765618594
59.0,6.130303,8.294360345554717
59.0,6.331313,8.475174475226844
59.0,6.532323,8.655990193169822
59.0,6.733333,8.832290153795194
59.0,6.934343,8.985866039237182
59.0,7.135354,9.139445737693595
59.0,7.336364,9.289591021657289
59.0,7.537374,9.424184659472958
59.0,7.738384,9.558781907683265
59.0,7.939394,9.69338457377516
59.0,8.140404,9.807945098764304
59.0,8.341414,9.913855513116921
59.0,8.542424,10.01976917103109
59.0,8.743434,10.121894654472008
59.0,8.944444,10.210300019934355
59.0,9.145455,10.29899622285145
59.0,9.346465,10.383483440168625
59.0,9.547475,10.453571458267767
59.0,9.748485,10.523660661550027
59.0,9.949495,10.593751026487382
59.0,10.15051,10.65700767325107
59.0,10.35152,10.717986580060654
59.0,10.55253,10.778955929020048
59.0,10.75354,10.836515814143615
59.0,10.95455,10.884676400646454
59.0,11.15556,10.932957354312475
59.0,11.35657,10.977678842737093
59.0,11.55758,11.013221055228366
59.0,11.75859,11.04876358168704
59.0,11.9596,11.084306419092302
59.0,12.16061,11.118731077136227
59.0,12.36162,11.152886291708088
59.0,12.56263,11.187041666339011
59.0,12.76364,11.219457418206673
59.0,12.96465,11.248143772881928
59.0,13.16566,11.276830207297891
59.0,13.36667,11.303776996098522
59.0,13.56768,11.327204364043308
59.0,13.76869,11.350621799909476
59.0,13.9697,11.374049303124053
59.0,14.17071,11.397657423573882
59.0,14.37172,11.421285680504207
59.0,14.57273,11.444923973685775
59.0,14.77374,11.467672329025138
59.0,14.97475,11.488890763981152
59.0,15.17576,11.5100792055212
59.0,15.37677,11.530377719876219
59.0,15.57778,11.549246333083536
59.0,15.77879,11.568104974629431
59.0,15.9798,11.586963644343335
59.0,16.18081,11.606122625070697
59.0,16.38182,11.625311654371668
59.0,16.58283,11.644510699907636
59.0,16.78384,11.663169756220267
59.0,16.98485,11.68107882155033
59.0,17.18586,11.698967884796584
59.0,17.38687,11.716306976179204
59.0,17.58788,11.732916100142077
59.0,17.78889,11.74952523984304
59.0,17.9899,11.766134395215449
59.0,18.19091,11.78296374013386
59.0,18.39192,11.799793104038429
59.0,18.59293,11.816622477478514
59.0,18.79394,11.833071844612853
59.0,18.99495,11.84908120403793
59.0,19.19596,11.86508056159126
59.0,19.39697,11.880659930078359
59.0,19.59798,11.895799309715201
59.0,19.79899,11.910938699973466
59.0,20.0,11.926078100794959
59.3,0.1,2.8253444595747914
59.3,0.3010101,3.818820032378953
59.3,0.5020202,4.222643347907206
59.3,0.7030303,4.469217829258174
59.3,0.9040404,4.6737588851651655
59.3,1.105051,4.847713208468701
59.3,1.306061,5.002314638959296
59.3,1.507071,5.156925971302059
59.3,1.708081,5.300724066430387
59.3,1.909091,5.440921966320941
59.3,2.110101,5.5777477927367
59.3,2.311111,5.708512526743215
59.3,2.512121,5.83927909140964
59.3,2.713131,5.974891641586096
59.3,2.914141,6.110681114334102
59.3,3.115152,6.250332262859318
59.3,3.316162,6.392862164925489
59.3,3.517172,6.535393267680447
59.3,3.718182,6.6779244927286365
59.3,3.919192,6.8204577726203715
59.3,4.120202,6.964741089424815
59.3,4.321212,7.110201455917912
59.3,4.522222,7.25566261225923
59.3,4.723232,7.401124511877616
59.3,4.924242,7.546587111793137
59.3,5.125253,7.672149822029655
59.3,5.326263,7.785678570860608
59.3,5.527273,7.899206893330854
59.3,5.728283,8.012735764943153
59.3,5.929293,8.12626616257354
59.3,6.130303,8.2834110629354
59.3,6.331313,8.464226374925255
59.3,6.532323,8.645042271009126
59.3,6.733333,8.825859651092948
59.3,6.934343,9.00667842709708
59.3,7.135354,9.156365051745016
59.3,7.336364,9.290953312264671
59.3,7.537374,9.425547373781788
59.3,7.738384,9.560145032197896
59.3,7.939394,9.6947480964987
59.3,8.140404,9.809308883069171
59.3,8.341414,9.91521949946016
59.3,8.542424,10.021134354785055
59.3,8.743434,10.127040410754622
59.3,8.944444,10.232957629302463
59.3,9.145455,10.312944073633044
59.3,9.346465,10.383031005456361
59.3,9.547475,10.453119145033787
59.3,9.748485,10.523208468212042
59.3,9.949495,10.593298951513274
59.3,10.15051,10.656565682112348
59.3,10.35152,10.71753466114732
59.3,10.55253,10.778504081377967
59.3,10.75354,10.839483935234348
59.3,10.95455,10.900454215743563
59.3,11.15556,10.941745622902904
59.3,11.35657,10.97728756730944
59.3,11.55758,11.012829828438896
59.3,11.75859,11.048372403193456
59.3,11.9596,11.083915288637707
59.3,12.16061,11.118339983891161
59.3,12.36162,11.152495232760957
59.3,12.56263,11.186650641450798
59.3,12.76364,11.220806208573471
59.3,12.96465,11.254951932705067
59.3,13.16566,11.280268934905584
59.3,13.36667,11.303696252873559
59.3,13.56768,11.327123639065366
59.3,13.76869,11.350541093042077
59.3,13.9697,11.373968614323847
59.3,14.17071,11.397576748761256
59.3,14.37172,11.421205018938604
59.3,14.57273,11.444843325257237
59.3,14.77374,11.468471667599333
59.3,14.97475,11.492110045694064
59.3,15.17576,11.511568592738294
59.3,15.37677,11.530427187895919
59.3,15.57778,11.549295811459489
59.3,15.77879,11.568154463327975
59.3,15.9798,11.587013143330408
59.3,16.18081,11.606172132134882
59.3,16.38182,11.625361169243847
59.3,16.58283,11.644560222584847
59.3,16.78384,11.663749292130706
59.3,16.98485,11.682938377775198
59.3,17.18586,11.699747476876988
59.3,17.38687,11.716356591650953
59.3,17.58788,11.732965722211242
59.3,17.78889,11.749584868469741
59.3,17.9899,11.766194030402957
59.3,18.19091,11.783013380545771
59.3,18.39192,11.799842749568315
59.3,18.59293,11.816682128112365
59.3,18.79394,11.833511516156312
59.3,18.99495,11.850350913660836
59.3,19.19596,11.865530277646002
59.3,19.39697,11.880669651185352
59.3,19.59798,11.89580903539295
59.3,19.79899,11.910948430210343
59.3,20.0,11.926097835564557
59.599999999999994,0.1,2.832584511515534
59.599999999999994,0.3010101,3.8300535519623855
59.599999999999994,0.5020202,4.23579428392355
59.599999999999994,0.7030303,4.4831589343541065
59.599999999999994,0.9040404,4.685859491325166
59.599999999999994,1.105051,4.8620392160052175
59.599999999999994,1.306061,5.015739149093935
59.599999999999994,1.507071,5.170078867749982
59.599999999999994,1.708081,5.313939454223479
59.599999999999994,1.909091,5.452786283786967
59.599999999999994,2.110101,5.58881959815463
59.599999999999994,2.311111,5.7202761443377215
59.599999999999994,2.512121,5.851110537616693
59.599999999999994,2.713131,5.98663289191067
59.599999999999994,2.914141,6.100747801134402
59.599999999999994,3.115152,6.229648098450292
59.599999999999994,3.316162,6.372178649214607
59.599999999999994,3.517172,6.529087364609193
59.599999999999994,3.718182,6.695651946548286
59.599999999999994,3.919192,6.83415743585418
59.599999999999994,4.120202,6.9758001583920715
59.599999999999994,4.321212,7.119732836681989
59.599999999999994,4.522222,7.26519419953248
59.599999999999994,4.723232,7.410656296597249
59.599999999999994,4.924242,7.55611808559629
59.599999999999994,5.125253,7.681682027171453
59.599999999999994,5.326263,7.795211029774718
59.599999999999994,5.527273,7.908739598038194
59.599999999999994,5.728283,8.023802624315328
59.599999999999994,5.929293,8.148236691849437
59.599999999999994,6.130303,8.309217845985216
59.599999999999994,6.331313,8.490032685400546
59.599999999999994,6.532323,8.670849080764205
59.599999999999994,6.733333,8.846484081468049
59.599999999999994,6.934343,8.996049834804296
59.599999999999994,7.135354,9.145619178553012
59.599999999999994,7.336364,9.29247962621945
59.599999999999994,7.537374,9.427074108971716
59.599999999999994,7.738384,9.561672176577327
59.599999999999994,7.939394,9.696275638013848
59.599999999999994,8.140404,9.810836695939983
59.599999999999994,8.341414,9.916747528501825
59.599999999999994,8.542424,10.02265959534072
59.599999999999994,8.743434,10.124525744164515
59.599999999999994,8.944444,10.211712658069573
59.599999999999994,9.145455,10.299140304879785
59.599999999999994,9.346465,10.382628611776054
59.599999999999994,9.547475,10.4527168683565
59.599999999999994,9.748485,10.522806307038481
59.599999999999994,9.949495,10.592896904355088
59.599999999999994,10.15051,10.656163717950616
59.599999999999994,10.35152,10.717132769168318
59.599999999999994,10.55253,10.77811226064952
59.599999999999994,10.75354,10.835682345720556
59.599999999999994,10.95455,10.883873279983463
59.599999999999994,11.15556,10.93217456466014
59.599999999999994,11.35657,10.97690630707197
59.599999999999994,11.55758,11.012448615877393
59.599999999999994,11.75859,11.047991238096365
59.599999999999994,11.9596,11.083534170669427
59.599999999999994,12.16061,11.117968902909038
59.599999999999994,12.36162,11.152114186280636
59.599999999999994,12.56263,11.18626962923168
59.599999999999994,12.76364,11.218755483487485
59.599999999999994,12.96465,11.247652010014594
59.599999999999994,13.16566,11.276538609486362
59.599999999999994,13.36667,11.303615516585284
59.599999999999994,13.56768,11.327042920672893
59.599999999999994,13.76869,11.350470392458094
59.599999999999994,13.9697,11.373897931551323
59.599999999999994,14.17071,11.397496080009589
59.599999999999994,14.37172,11.42113436338037
59.599999999999994,14.57273,11.444762682944553
59.599999999999994,14.77374,11.467551081114333
59.599999999999994,14.97475,11.488849586234108
59.599999999999994,15.17576,11.510128097919083
59.599999999999994,15.37677,11.530486662646592
59.599999999999994,15.57778,11.549345296434042
59.599999999999994,15.77879,11.568203958436126
59.599999999999994,15.9798,11.587062648563794
59.599999999999994,16.18081,11.60622164542849
59.599999999999994,16.38182,11.62542069031715
59.599999999999994,16.58283,11.644609751465568
59.599999999999994,16.78384,11.663268841218361
59.599999999999994,16.98485,11.68118796395555
59.599999999999994,17.18586,11.699077083602553
59.599999999999994,17.38687,11.716416212052705
59.599999999999994,17.58788,11.73302534911682
59.599999999999994,17.78889,11.749634501881845
59.599999999999994,17.9899,11.76625367026117
59.599999999999994,18.19091,11.7830730255917
59.599999999999994,18.39192,11.799902399701056
59.599999999999994,18.59293,11.816741783337207
59.599999999999994,18.79394,11.833171176847848
59.599999999999994,18.99495,11.849150580319762
59.599999999999994,19.19596,11.865119981056234
59.599999999999994,19.39697,11.88068937585291
59.599999999999994,19.59798,11.895828764572451
59.599999999999994,19.79899,11.910968163872514
59.599999999999994,20.0,11.926107573747899
59.900000000000006,0.1,2.8396045025966767
59.900000000000006,0.3010101,3.841351005325451
59.900000000000006,0.5020202,4.248323867794343
59.900000000000006,0.7030303,4.496994523056176
59.900000000000006,0.9040404,4.702224784797665
59.900000000000006,1.105051,4.876215191362149
59.900000000000006,1.306061,5.029913077472291
59.900000000000006,1.507071,5.183482624593742
59.900000000000006,1.708081,5.325851334159122
59.900000000000006,1.909091,5.464335626744038
59.900000000000006,2.110101,5.600388148931794
59.900000000000006,2.311111,5.731844913539281
59.900000000000006,2.512121,5.864302412013218
59.900000000000006,2.713131,5.992504256560961
59.900000000000006,2.914141,6.106431682992876
59.900000000000006,3.115152,6.248502847225065
59.900000000000006,3.316162,6.417856375574665
59.900000000000006,3.517172,6.569227872870893
59.900000000000006,3.718182,6.707732899331335
59.900000000000006,3.919192,6.846238565060675
59.900000000000006,4.120202,6.987881529908253
59.900000000000006,4.321212,7.131634195749623
59.900000000000006,4.522222,7.275386426165586
59.900000000000006,4.723232,7.420187243818087
59.900000000000006,4.924242,7.565650218054215
59.900000000000006,5.125253,7.691214387927082
59.900000000000006,5.326263,7.804742641531799
59.900000000000006,5.527273,7.925176063982954
59.900000000000006,5.728283,8.049608850190001
59.900000000000006,5.929293,8.174042209718069
59.900000000000006,6.130303,8.335023816178328
59.900000000000006,6.331313,8.515839175760847
59.900000000000006,6.532323,8.676081614847996
59.900000000000006,6.733333,8.825647597438998
59.900000000000006,6.934343,8.975215245487602
59.900000000000006,7.135354,9.124785425452435
59.900000000000006,7.336364,9.274358016019159
59.900000000000006,7.537374,9.423933903169758
59.900000000000006,7.738384,9.56319935994728
59.900000000000006,7.939394,9.697802217895545
59.900000000000006,8.140404,9.812364546603105
59.900000000000006,8.341414,9.918275594865635
59.900000000000006,8.542424,10.010924556947945
59.900000000000006,8.743434,10.09811060336136
59.900000000000006,8.944444,10.185297835701109
59.900000000000006,9.145455,10.272725594627413
59.900000000000006,9.346465,10.360244312287143
59.900000000000006,9.547475,10.447764210349243
59.900000000000006,9.748485,10.522404158253234
59.900000000000006,9.949495,10.592494869511905
59.900000000000006,10.15051,10.655761766037026
59.900000000000006,10.35152,10.716730889373194
59.900000000000006,10.55253,10.768010934721207
59.900000000000006,10.75354,10.816211538436143
59.900000000000006,10.95455,10.864412538004176
59.900000000000006,11.15556,10.912703825623002
59.900000000000006,11.35657,10.961035463506255
59.900000000000006,11.55758,11.009367476217355
59.900000000000006,11.75859,11.047610080586793
59.900000000000006,11.9596,11.083153060267575
59.900000000000006,12.16061,11.117587829581945
59.900000000000006,12.36162,11.151733147361465
59.900000000000006,12.56263,11.181639292154781
59.900000000000006,12.76364,11.210525709935062
59.900000000000006,12.96465,11.239422237524714
59.900000000000006,13.16566,11.268308824432847
59.900000000000006,13.36667,11.297195510112235
59.900000000000006,13.56768,11.326092304379728
59.900000000000006,13.76869,11.35038969688971
59.900000000000006,13.9697,11.373817253723947
59.900000000000006,14.17071,11.397425416111057
59.900000000000006,14.37172,11.421053712772908
59.900000000000006,14.57273,11.44269214724013
59.900000000000006,14.77374,11.463990630743744
59.900000000000006,14.97475,11.485299146164484
59.900000000000006,15.17576,11.506577665290525
59.900000000000006,15.37677,11.527856212606256
59.900000000000006,15.57778,11.54913479206234
59.900000000000006,15.77879,11.568263457335386
59.900000000000006,15.9798,11.587122157582712
59.900000000000006,16.18081,11.606281162478554
59.900000000000006,16.38182,11.625470215194571
59.900000000000006,16.58283,11.643499311596496
59.900000000000006,16.78384,11.661418426171421
59.900000000000006,16.98485,11.679337556091035
59.900000000000006,17.18586,11.697226682101672
59.900000000000006,17.38687,11.715115822256562
59.900000000000006,17.58788,11.733004978037734
59.900000000000006,17.78889,11.74969413801665
59.900000000000006,17.9899,11.766303312879455
59.900000000000006,18.19091,11.783132673374183
59.900000000000006,18.39192,11.799962052605006
59.900000000000006,18.59293,11.815981442132138
59.900000000000006,18.79394,11.83196084125723
59.900000000000006,18.99495,11.847940249938466
59.900000000000006,19.19596,11.863909655570591
59.900000000000006,19.39697,11.879869070634602
59.900000000000006,19.59798,11.895838495394296
59.900000000000006,19.79899,11.910987899512515
59.900000000000006,20.0,11.926127313857503
60.2,0.1,2.8462024118521283
60.2,0.3010101,3.8524394456796553
60.2,0.5020202,4.260963378043785
60.2,0.7030303,4.510071047931165
60.2,0.9040404,4.715834723738821
60.2,1.105051,4.8898335583201815
60.2,1.306061,5.043126316467698
60.2,1.507071,5.196219600255614
60.2,1.708081,5.338605022690677
60.2,1.909091,5.477401459889591
60.2,2.110101,5.613445131103499
60.2,2.311111,5.746971124644214
60.2,2.512121,5.880809272008893
60.2,2.713131,6.021794489673168
60.2,2.914141,6.161848842362838
60.2,3.115152,6.304300747845313
60.2,3.316162,6.442804564957375
60.2,3.517172,6.581309096392999
60.2,3.718182,6.719814299531995
60.2,3.919192,6.858320133679405
60.2,4.120202,6.999963331128987
60.2,4.321212,7.143715266733777
60.2,4.522222,7.287468755086662
60.2,4.723232,7.431222764229229
60.2,4.924242,7.57518250869193
60.2,5.125253,7.702116819968929
60.2,5.326263,7.826548696867105
60.2,5.527273,7.950981191632497
60.2,5.728283,8.075414275702629
60.2,5.929293,8.19984892214835
60.2,6.130303,8.35611929314686
60.2,6.331313,8.505680578292207
60.2,6.532323,8.655244752539955
60.2,6.733333,8.80481167119879
60.2,6.934343,8.954382194264463
60.2,7.135354,9.1039541947082
60.2,7.336364,9.253528553050987
60.2,7.537374,9.403105155728811
60.2,7.738384,9.552683897618163
60.2,7.939394,9.699329836040516
60.2,8.140404,9.810128360692847
60.2,8.341414,9.897315264753638
60.2,8.542424,9.98450241605367
60.2,8.743434,10.071695782004863
60.2,8.944444,10.158883331693227
60.2,9.145455,10.246311200592718
60.2,9.346465,10.333829951808912
60.2,9.547475,10.421349885859327
60.2,9.748485,10.508870973190659
60.2,9.949495,10.592102846821936
60.2,10.15051,10.65214999886189
60.2,10.35152,10.700349859703861
60.2,10.55253,10.748550127328638
60.2,10.75354,10.796740796457435
60.2,10.95455,10.844941861387944
60.2,11.15556,10.89324315140731
60.2,11.35657,10.941574774240618
60.2,11.55758,10.989906772652875
60.2,11.75859,11.0382391417111
60.2,11.9596,11.082771957394868
60.2,12.16061,11.115617027741278
60.2,12.36162,11.144513223913412
60.2,12.56263,11.173409531750146
60.2,12.76364,11.20230595045799
60.2,12.96465,11.231192479201166
60.2,13.16566,11.260089053437621
60.2,13.36667,11.288975723686157
60.2,13.56768,11.317862502758548
60.2,13.76869,11.346749389852476
60.2,13.9697,11.373746580787083
60.2,14.17071,11.396524800172424
60.2,14.37172,11.41783322969617
60.2,14.57273,11.439141691476157
60.2,14.77374,11.460440185341989
60.2,14.97475,11.481748711095932
60.2,15.17576,11.503027237658385
60.2,15.37677,11.524305791982147
60.2,15.57778,11.54558437842987
60.2,15.77879,11.566852996804343
60.2,15.9798,11.587171670396506
60.2,16.18081,11.605820695779412
60.2,16.38182,11.623739786667626
60.2,16.58283,11.641648893070924
60.2,16.78384,11.659568014844504
60.2,16.98485,11.677477151966938
60.2,17.18586,11.69537628431399
60.2,17.38687,11.713265430746475
60.2,17.58788,11.731154592788705
60.2,17.78889,11.749043770410244
60.2,17.9899,11.766362958237604
60.2,18.19091,11.782802324298613
60.2,18.39192,11.798781709495906
60.2,18.59293,11.814761104295227
60.2,18.79394,11.830740508639195
60.2,18.99495,11.84672992250951
60.2,19.19596,11.862689333050609
60.2,19.39697,11.878658752970907
60.2,19.59798,11.894618182606639
60.2,19.79899,11.910587621887728
60.2,20.0,11.926137055956081
60.5,0.1,2.852718198264705
60.5,0.3010101,3.863293104491478
60.5,0.5020202,4.273883949661127
60.5,0.7030303,4.523208827746679
60.5,0.9040404,4.726686745476683
60.5,1.105051,4.903355195422602
60.5,1.306061,5.05659493106961
60.5,1.507071,5.209688528884177
60.5,1.708081,5.352096243278296
60.5,1.909091,5.485115227281868
60.5,2.110101,5.628565132134085
60.5,2.311111,5.762393432799077
60.5,2.512121,5.899469993535298
60.5,2.713131,6.04075797695468
60.5,2.914141,6.179127134151036
60.5,3.115152,6.316316371215469
60.5,3.316162,6.454796879564235
60.5,3.517172,6.5933015077887545
60.5,3.718182,6.7318068025381415
60.5,3.919192,6.870312723498979
60.5,4.120202,7.011956056599503
60.5,4.321212,7.155708156550052
60.5,4.522222,7.299461801869791
60.5,4.723232,7.443214961194739
60.5,4.924242,7.5858956628895715
60.5,5.125253,7.708489088089725
60.5,5.326263,7.827868884629521
60.5,5.527273,7.952301537425726
60.5,5.728283,8.076735774457061
60.5,5.929293,8.201169569336557
60.5,6.130303,8.359092728943978
60.5,6.331313,8.517854365923176
60.5,6.532323,8.667419518594807
60.5,6.733333,8.816986412707193
60.5,6.934343,8.966555908573957
60.5,7.135354,9.116127880432728
60.5,7.336364,9.2657032061101
60.5,7.537374,9.415279775063373
60.5,7.738384,9.564858481560067
60.5,7.939394,9.701709863901076
60.5,8.140404,9.813869905875865
60.5,8.341414,9.906020540733655
60.5,8.542424,9.993207771886079
60.5,8.743434,10.080393215499717
60.5,8.944444,10.167590839988602
60.5,9.145455,10.255018850662657
60.5,9.346465,10.342537766352244
60.5,9.547475,10.43005786112679
60.5,9.748485,10.517579105553292
60.5,9.949495,10.591780781549776
60.5,10.15051,10.654748096350326
60.5,10.35152,10.706027894204427
60.5,10.55253,10.754228218592482
60.5,10.75354,10.802418943716372
60.5,10.95455,10.850620064036047
60.5,11.15556,10.898921430735436
60.5,11.35657,10.947253135782773
60.5,11.55758,10.995585215492344
60.5,11.75859,11.043917664905758
60.5,11.9596,11.082320865011845
60.5,12.16061,11.116995892037409
60.5,12.36162,11.14697198341303
60.5,12.56263,11.17585832192776
60.5,12.76364,11.204754771031174
60.5,12.96465,11.233651329933938
60.5,13.16566,11.262537939568492
60.5,13.36667,11.291424646155065
60.5,13.56768,11.32031146132482
60.5,13.76869,11.349198384279823
60.5,13.9697,11.373625932104208
60.5,14.17071,11.397374164138036
60.5,14.37172,11.419042593330396
60.5,14.57273,11.440351066486025
60.5,14.77374,11.461659571672303
60.5,14.97475,11.482958108719242
60.5,15.17576,11.504236647929368
60.5,15.37677,11.525515215052758
60.5,15.57778,11.546793814249684
60.5,15.77879,11.568072445295128
60.5,15.9798,11.587211198611534
60.5,16.18081,11.606410250538195
60.5,16.38182,11.624449348196297
60.5,16.58283,11.642358461336073
60.5,16.78384,11.660277589847645
60.5,16.98485,11.678196733662919
60.5,17.18586,11.69608587329147
60.5,17.38687,11.713975027004933
60.5,17.58788,11.73186419630516
60.5,17.78889,11.749753381161486
60.5,17.9899,11.766422614956683
60.5,18.19091,11.783222023329179
60.5,18.39192,11.799241414423673
60.5,18.59293,11.81522081347531
60.5,18.79394,11.831210222061113
60.5,18.99495,11.847189640177135
60.5,19.19596,11.863149055190762
60.5,19.39697,11.879118479596546
60.5,19.59798,11.895077913705126
60.5,19.79899,11.911047357446925
60.5,20.0,11.926156807152308
60.8,0.1,2.8595688578065777
60.8,0.3010101,3.873863883403228
60.8,0.5020202,4.286280011484644
60.8,0.7030303,4.536231426604764
60.8,0.9040404,4.742569123448842
60.8,1.105051,4.916918778030964
60.8,1.306061,5.07019387970434
60.8,1.507071,5.223476286201517
60.8,1.708081,5.352236138474838
60.8,1.909091,5.472500337513474
60.8,2.110101,5.643446469384127
60.8,2.311111,5.7783088422884585
60.8,2.512121,5.919594665352286
60.8,2.713131,6.055595763627564
60.8,2.914141,6.191276298827342
60.8,3.115152,6.328346406546222
60.8,3.316162,6.466795378424409
60.8,3.517172,6.605248993511553
60.8,3.718182,6.743754339384956
60.8,3.919192,6.882260306800099
60.8,4.120202,7.023903727460688
60.8,4.321212,7.16765693933798
60.8,4.522222,7.311217881417168
60.8,4.723232,7.4532338488266605
60.8,4.924242,7.59525027515927
60.8,5.125253,7.717843829905749
60.8,5.326263,7.82869003250879
60.8,5.527273,7.941380454335787
60.8,5.728283,8.06581377354087
60.8,5.929293,8.190247648735939
60.8,6.130303,8.348170951436197
60.8,6.331313,8.524268063326547
60.8,6.532323,8.69609897284998
60.8,6.733333,8.845664867273308
60.8,6.934343,8.995234388306963
60.8,7.135354,9.144805408432564
60.8,7.336364,9.294378807662147
60.8,7.537374,9.440541059091647
60.8,7.738384,9.571762621343067
60.8,7.939394,9.702987043190708
60.8,8.140404,9.8151473061515
60.8,8.341414,9.91907759132909
60.8,8.542424,10.019475507707254
60.8,8.743434,10.106661906063112
60.8,8.944444,10.193849483315574
60.8,9.145455,10.281277649688347
60.8,9.346465,10.368796793188297
60.8,9.547475,10.452096874595313
60.8,9.748485,10.521707327832948
60.8,9.949495,10.591318877468897
60.8,10.15051,10.654286269690315
60.8,10.35152,10.715015772277198
60.8,10.55253,10.772475814513314
60.8,10.75354,10.820676590494923
60.8,10.95455,10.868867760747445
60.8,11.15556,10.917169240670972
60.8,11.35657,10.965501075961111
60.8,11.55758,11.010253436800859
60.8,11.75859,11.046076497784199
60.8,11.9596,11.081899848734185
60.8,12.16061,11.116584908896339
60.8,12.36162,11.150980489751685
60.8,12.56263,11.183656418689221
60.8,12.76364,11.212552912763119
60.8,12.96465,11.241439516381948
60.8,13.16566,11.270336185196303
60.8,13.36667,11.299222953802957
60.8,13.56768,11.326330047219876
60.8,13.76869,11.349927646293034
60.8,13.9697,11.373525309534518
60.8,14.17071,11.39727355430044
60.8,14.37172,11.421051927734895
60.8,14.57273,11.443940363197743
60.8,14.77374,11.465248880177668
60.8,14.97475,11.486557428956225
60.8,15.17576,11.5078359833746
60.8,15.37677,11.529104566228792
60.8,15.57778,11.549463221498598
60.8,15.77879,11.568361968947128
60.8,15.9798,11.5872507425765
60.8,16.18081,11.606449801899435
60.8,16.38182,11.62566890605101
60.8,16.58283,11.64435802551654
60.8,16.78384,11.66227716052929
60.8,16.98485,11.68018631082438
60.8,17.18586,11.698085458152859
60.8,17.38687,11.715974619622544
60.8,17.58788,11.733293812593047
60.8,17.78889,11.749883040396536
60.8,17.9899,11.766472282076865
60.8,18.19091,11.783281695062707
60.8,18.39192,11.800091124991807
60.8,18.59293,11.816530547020774
60.8,18.79394,11.832509959354585
60.8,18.99495,11.848489381208323
60.8,19.19596,11.86445880051142
60.8,19.39697,11.880418229222444
60.8,19.59798,11.895967665725989
60.8,19.79899,11.911067109939404
60.8,20.0,11.9261665637469
61.099999999999994,0.1,2.8662215289055064
61.099999999999994,0.3010101,3.8844817075206675
61.099999999999994,0.5020202,4.298848566540515
61.099999999999994,0.7030303,4.54962015556364
61.099999999999994,0.9040404,4.754333909721746
61.099999999999994,1.105051,4.931062466051571
61.099999999999994,1.306061,5.084337159713116
61.099999999999994,1.507071,5.237615541860766
61.099999999999994,1.708081,5.381017431313859
61.099999999999994,1.909091,5.5152589190566
61.099999999999994,2.110101,5.658327833617085
61.099999999999994,2.311111,5.796394366132025
61.099999999999994,2.512121,5.932069550411093
61.099999999999994,2.713131,6.067746933237778
61.099999999999994,2.914141,6.203426370638721
61.099999999999994,3.115152,6.340377263822544
61.099999999999994,3.316162,6.478826017242541
61.099999999999994,3.517172,6.61727554009266
61.099999999999994,3.718182,6.755725781783756
61.099999999999994,3.919192,6.894209039564712
61.099999999999994,4.120202,7.035852544459243
61.099999999999994,4.321212,7.178557901000664
61.099999999999994,4.522222,7.320573453041524
61.099999999999994,4.723232,7.4625894879467545
61.099999999999994,4.924242,7.60460597571528
61.099999999999994,5.125253,7.727199661271023
61.099999999999994,5.326263,7.838046028641818
61.099999999999994,5.527273,7.948891868427129
61.099999999999994,5.728283,8.059739160928359
61.099999999999994,5.929293,8.179325761989293
61.099999999999994,6.130303,8.337249207527497
61.099999999999994,6.331313,8.5133464925635
61.099999999999994,6.532323,8.689445248375351
61.099999999999994,6.733333,8.86554438739788
61.099999999999994,6.934343,9.023912341755487
61.099999999999994,7.135354,9.173483409397429
61.099999999999994,7.336364,9.310600687351934
61.099999999999994,7.537374,9.44181858550605
61.099999999999994,7.738384,9.573039495787372
61.099999999999994,7.939394,9.70426425575699
61.099999999999994,8.140404,9.816424739181599
61.099999999999994,8.341414,9.920355193792636
61.099999999999994,8.542424,10.02429172034036
61.099999999999994,8.743434,10.128220286437987
61.099999999999994,8.944444,10.22011840688975
61.099999999999994,9.145455,10.307546725816145
61.099999999999994,9.346465,10.382015317278716
61.099999999999994,9.547475,10.451634763096859
61.099999999999994,9.748485,10.5212453262268
61.099999999999994,9.949495,10.59085698442251
61.099999999999994,10.15051,10.653824454060707
61.099999999999994,10.35152,10.714554023127235
61.099999999999994,10.55253,10.775294015206125
61.099999999999994,10.75354,10.836024423388174
61.099999999999994,10.95455,10.887125548431147
61.099999999999994,11.15556,10.935427140762533
61.099999999999994,11.35657,10.974019528548556
61.099999999999994,11.55758,11.009842340374195
61.099999999999994,11.75859,11.045665444733267
61.099999999999994,11.9596,11.08148883878929
61.099999999999994,12.16061,11.116173932217265
61.099999999999994,12.36162,11.150559543753065
61.099999999999994,12.56263,11.184955302892753
61.099999999999994,12.76364,11.219351208345156
61.099999999999994,12.96465,11.249237745686722
61.099999999999994,13.16566,11.278124473592364
61.099999999999994,13.36667,11.302631844688335
61.099999999999994,13.56768,11.326229395831525
61.099999999999994,13.76869,11.349827011476329
61.099999999999994,13.9697,11.3734246911935
61.099999999999994,14.17071,11.397172948737794
61.099999999999994,14.37172,11.420951334217378
61.099999999999994,14.57273,11.444739753970287
61.099999999999994,14.77374,11.468518207853267
61.099999999999994,14.97475,11.490146758725837
61.099999999999994,15.17576,11.511425328374116
61.099999999999994,15.37677,11.530604019498817
61.099999999999994,15.57778,11.549502750075613
61.099999999999994,15.77879,11.568391506931462
61.099999999999994,15.9798,11.587290289928927
61.099999999999994,16.18081,11.606479356622545
61.099999999999994,16.38182,11.625708467871755
61.099999999999994,16.58283,11.64493759427141
61.099999999999994,16.78384,11.664166735746575
61.099999999999994,16.98485,11.682185892493766
61.099999999999994,17.18586,11.70007504751494
61.099999999999994,17.38687,11.716754250713288
61.099999999999994,17.58788,11.733343470478687
61.099999999999994,17.78889,11.749932704143847
61.099999999999994,17.9899,11.766521951650239
61.099999999999994,18.19091,11.783331369264292
61.099999999999994,18.39192,11.800150803727224
61.099999999999994,18.59293,11.816970246588504
61.099999999999994,18.79394,11.833779697828966
61.099999999999994,18.99495,11.849789124448252
61.099999999999994,19.19596,11.86575854801718
61.099999999999994,19.39697,11.880877977135082
61.099999999999994,19.59798,11.895977415832327
61.099999999999994,19.79899,11.911086864169366
61.099999999999994,20.0,11.926186322104531
61.400000000000006,0.1,2.8734970992218978
61.400000000000006,0.3010101,3.8954313245688144
61.400000000000006,0.5020202,4.3111452735330555
61.400000000000006,0.7030303,4.563266599804742
61.400000000000006,0.9040404,4.770393519409851
61.400000000000006,1.105051,4.945175634030872
61.400000000000006,1.306061,5.098570361886483
61.400000000000006,1.507071,5.251848834098804
61.400000000000006,1.708081,5.395299811436412
61.400000000000006,1.909091,5.535079512078586
61.400000000000006,2.110101,5.673386104887422
61.400000000000006,2.311111,5.809060705799356
61.400000000000006,2.512121,5.944736714680489
61.400000000000006,2.713131,6.080414970136025
61.400000000000006,2.914141,6.216096325163401
61.400000000000006,3.115152,6.35235197339292
61.400000000000006,3.316162,6.490800517182295
61.400000000000006,3.517172,6.629249835631779
61.400000000000006,3.718182,6.7676998799882595
61.400000000000006,3.919192,6.906059426975143
61.400000000000006,4.120202,7.045776274781482
61.400000000000006,4.321212,7.187792377935819
61.400000000000006,4.522222,7.3298079901826405
61.400000000000006,4.723232,7.471824079433366
61.400000000000006,4.924242,7.613840620434616
61.400000000000006,5.125253,7.73643442195147
61.400000000000006,5.326263,7.847280940253412
61.400000000000006,5.527273,7.958127927541915
61.400000000000006,5.728283,8.06897436176735
61.400000000000006,5.929293,8.181375715032217
61.400000000000006,6.130303,8.338268761235863
61.400000000000006,6.331313,8.514366311405805
61.400000000000006,6.532323,8.690464321512279
61.400000000000006,6.733333,8.866564704393255
61.400000000000006,6.934343,9.037486985164575
61.400000000000006,7.135354,9.180713786172868
61.400000000000006,7.336364,9.311927869299733
61.400000000000006,7.537374,9.443145125978722
61.400000000000006,7.738384,9.574366384632295
61.400000000000006,7.939394,9.705592482924034
61.400000000000006,8.140404,9.817753190470686
61.400000000000006,8.341414,9.921683819058961
61.400000000000006,8.542424,10.02561751611187
61.400000000000006,8.743434,10.129546248813135
61.400000000000006,8.944444,10.229525746893868
61.400000000000006,9.145455,10.311964698921527
61.400000000000006,9.346465,10.381573116578544
61.400000000000006,9.547475,10.451182672523254
61.400000000000006,9.748485,10.520793344153299
61.400000000000006,9.949495,10.590415109312778
61.400000000000006,10.15051,10.653372656087573
61.400000000000006,10.35152,10.714112291523538
61.400000000000006,10.55253,10.774852349383199
61.400000000000006,10.75354,10.835582822623307
61.400000000000006,10.95455,10.892923867622757
61.400000000000006,11.15556,10.93778583659269
61.400000000000006,11.35657,10.973608396669944
61.400000000000006,11.55758,11.009431251881702
61.400000000000006,11.75859,11.045254399356919
61.400000000000006,11.9596,11.08108783618969
61.400000000000006,12.16061,11.115762962903794
61.400000000000006,12.36162,11.150158605044448
61.400000000000006,12.56263,11.184544394729208
61.400000000000006,12.76364,11.218940330483113
61.400000000000006,12.96465,11.25163663212547
61.400000000000006,13.16566,11.278933678950708
61.400000000000006,13.36667,11.302531181796226
61.400000000000006,13.56768,11.326128749479569
61.400000000000006,13.76869,11.349726381596318
61.400000000000006,13.9697,11.373324077717843
61.400000000000006,14.17071,11.39707234800044
61.400000000000006,14.37172,11.420850745528833
61.400000000000006,14.57273,11.444639177280536
61.400000000000006,14.77374,11.468417643113078
61.400000000000006,14.97475,11.491306183487133
61.400000000000006,15.17576,11.511754829318235
61.400000000000006,15.37677,11.530643542908479
61.400000000000006,15.57778,11.549542282866259
61.400000000000006,15.77879,11.568431049072126
61.400000000000006,15.9798,11.587329841366774
61.400000000000006,16.18081,11.606518915441459
61.400000000000006,16.38182,11.62574803380966
61.400000000000006,16.58283,11.644977167304747
61.400000000000006,16.78384,11.664206315851896
61.400000000000006,16.98485,11.682885495237512
61.400000000000006,17.18586,11.700224694175498
61.400000000000006,17.38687,11.716813905846069
61.400000000000006,17.58788,11.733403131478543
61.400000000000006,17.78889,11.74999237097419
61.400000000000006,17.9899,11.766571624312675
61.400000000000006,18.19091,11.783381046547055
61.400000000000006,18.39192,11.800200485554575
61.400000000000006,18.59293,11.817019932947472
61.400000000000006,18.79394,11.833839388672057
61.400000000000006,18.99495,11.850248850826961
61.400000000000006,19.19596,11.865788292219332
61.400000000000006,19.39697,11.88089772536614
61.400000000000006,19.59798,11.895997168192142
61.400000000000006,19.79899,11.911096620661494
61.400000000000006,20.0,11.92620608269075
61.7,0.1,2.880159827847394
61.7,0.3010101,3.906401779852148
61.7,0.5020202,4.323550261156598
61.7,0.7030303,4.576184003104535
61.7,0.9040404,4.784197878025246
61.7,1.105051,4.959092479312559
61.7,1.306061,5.112716145352933
61.7,1.507071,5.26626939497888
61.7,1.708081,5.404331242898791
61.7,1.909091,5.523686084370129
61.7,2.110101,5.6620063327445544
61.7,2.311111,5.82273984535706
61.7,2.512121,5.958414743929252
61.7,2.713131,6.094092933487136
61.7,2.914141,6.228564537648404
61.7,3.115152,6.364216388790728
61.7,3.316162,6.50266477020879
61.7,3.517172,6.64111393137818
61.7,3.718182,6.7789997983378125
61.7,3.919192,6.916491331057668
61.7,4.120202,7.056111630093279
61.7,4.321212,7.1971636648366175
61.7,4.522222,7.3388013372231935
61.7,4.723232,7.480817466031924
61.7,4.924242,7.622834043136906
61.7,5.125253,7.745427936040386
61.7,5.326263,7.856274576614796
61.7,5.527273,7.96712168223679
61.7,5.728283,8.084769964676987
61.7,5.929293,8.206275516105412
61.7,6.130303,8.36316895398751
61.7,6.331313,8.539266949855762
61.7,6.532323,8.71536538348257
61.7,6.733333,8.871359863297206
61.7,6.934343,9.017150812790877
61.7,7.135354,9.162944066003478
61.7,7.336364,9.308739513843545
61.7,7.537374,9.444573658848569
61.7,7.738384,9.57579526732884
61.7,7.939394,9.707020705463542
61.7,8.140404,9.819181644450481
61.7,8.341414,9.923113457009004
61.7,8.542424,10.0270433340635
61.7,8.743434,10.118201511496546
61.7,8.944444,10.204220456879371
61.7,9.145455,10.29043999497158
61.7,9.346465,10.376720447201315
61.7,9.547475,10.450770612114813
61.7,9.748485,10.520381389495764
61.7,9.949495,10.58999325915472
61.7,10.15051,10.652960882020988
61.7,10.35152,10.713700584026634
61.7,10.55253,10.77443070779128
61.7,10.75354,10.825621732132909
61.7,10.95455,10.873843283554182
61.7,11.15556,10.92216514664105
61.7,11.35657,10.970507352633005
61.7,11.55758,11.00903017272959
61.7,11.75859,11.04485336282559
61.7,11.9596,11.080686842014934
61.7,12.16061,11.115362001940044
61.7,12.36162,11.149757674864954
61.7,12.56263,11.184143495149106
61.7,12.76364,11.214230039806495
61.7,12.96465,11.243336823266905
61.7,13.16566,11.272433672697858
61.7,13.36667,11.301520616737989
61.7,13.56768,11.326028108968066
61.7,13.76869,11.349625757337733
61.7,13.9697,11.373223469701587
61.7,14.17071,11.396981752670163
61.7,14.37172,11.420760162263218
61.7,14.57273,11.444538606064699
61.7,14.77374,11.466257180100541
61.7,14.97475,11.487665799548356
61.7,15.17576,11.509034425891464
61.7,15.37677,11.53040307926602
61.7,15.57778,11.549581820724159
61.7,15.77879,11.568480596176013
61.7,15.9798,11.587369397716442
61.7,16.18081,11.606568479112479
61.7,16.38182,11.625787604621502
61.7,16.58283,11.645016745209315
61.7,16.78384,11.663055935603191
61.7,16.98485,11.680975143250832
61.7,17.18586,11.69888434760471
61.7,17.38687,11.716783564862057
61.7,17.58788,11.733452796251836
61.7,17.78889,11.750042041536988
61.7,17.9899,11.766631300611014
61.7,18.19091,11.783440727453257
61.7,18.39192,11.80026017099593
61.7,18.59293,11.817069622927635
61.7,18.79394,11.833059079259279
61.7,18.99495,11.849018543983957
61.7,19.19596,11.864958005740009
61.7,19.39697,11.880897475918243
61.7,19.59798,11.896016923323076
61.7,19.79899,11.911116379855898
61.7,20.0,11.926225845971251
62.0,0.1,2.887022572077114
62.0,0.3010101,3.9171802931346096
62.0,0.5020202,4.3362314997701725
62.0,0.7030303,4.589270877549224
62.0,0.9040404,4.794958231862472
62.0,1.105051,4.972711987664616
62.0,1.306061,5.126335289976161
62.0,1.507071,5.280410456866551
62.0,1.708081,5.424485031466535
62.0,1.909091,5.548330507228451
62.0,2.110101,5.6728285324809145
62.0,2.311111,5.823187453685401
62.0,2.512121,5.972094794515175
62.0,2.713131,6.107213220679919
62.0,2.914141,6.240198058363905
62.0,3.115152,6.376080443601321
62.0,3.316162,6.514451102811063
62.0,3.517172,6.651940384515949
62.0,3.718182,6.789431787293885
62.0,3.919192,6.926923242858623
62.0,4.120202,7.066543505310702
62.0,4.321212,7.2075945322205275
62.0,4.522222,7.348647154171271
62.0,4.723232,7.489810910110981
62.0,4.924242,7.63182752216498
62.0,5.125253,7.754421505352623
62.0,5.326263,7.866660786104148
62.0,5.527273,7.988165422832188
62.0,5.728283,8.109669659609375
62.0,5.929293,8.231175471032772
62.0,6.130303,8.388069295390178
62.0,6.331313,8.559445483175201
62.0,6.532323,8.705233171126077
62.0,6.733333,8.851023352666587
62.0,6.934343,8.99681590536625
62.0,7.135354,9.142610714797822
62.0,7.336364,9.288407676329795
62.0,7.537374,9.43420668944454
62.0,7.738384,9.577224182749493
62.0,7.939394,9.708449960140282
62.0,8.140404,9.820611130133104
62.0,8.341414,9.92085191986483
62.0,8.542424,10.006878014519899
62.0,8.743434,10.092896205576217
62.0,8.944444,10.178925464865653
62.0,9.145455,10.26513513256097
62.0,9.346465,10.351425645483388
62.0,9.547475,10.437707230433384
62.0,9.748485,10.519969445724302
62.0,9.949495,10.589581419665329
62.0,10.15051,10.652549118775827
62.0,10.35152,10.710079064233065
62.0,10.55253,10.758309920201983
62.0,10.75354,10.806541153614411
62.0,10.95455,10.854772759439049
62.0,11.15556,10.90308461957659
62.0,11.35657,10.951426806375613
62.0,11.55758,10.999769347831478
62.0,11.75859,11.044462332831852
62.0,11.9596,11.080285854395925
62.0,12.16061,11.114961047513985
62.0,12.36162,11.147736982695172
62.0,12.56263,11.176833560970627
62.0,12.76364,11.205940242808946
62.0,12.96465,11.235037027582148
62.0,13.16566,11.26413386552369
62.0,13.36667,11.293220795510473
62.0,13.56768,11.322317827125985
62.0,13.76869,11.349525137432249
62.0,13.9697,11.373122866001442
62.0,14.17071,11.396881161684
62.0,14.37172,11.419809624396258
62.0,14.57273,11.441208192794193
62.0,14.77374,11.462606791413775
62.0,14.97475,11.484015420055592
62.0,15.17576,11.505384052894822
62.0,15.37677,11.526752712339741
62.0,15.57778,11.548121401988649
62.0,15.77879,11.568520146698384
62.0,15.9798,11.587408957452165
62.0,16.18081,11.606608046188816
62.0,16.38182,11.625307194638937
62.0,16.58283,11.643226380573804
62.0,16.78384,11.661155580498868
62.0,16.98485,11.679074794352463
62.0,17.18586,11.696974004175457
62.0,17.38687,11.714883226785876
62.0,17.58788,11.732782463602005
62.0,17.78889,11.750101714563856
62.0,17.9899,11.76669097938837
62.0,18.19091,11.783490410852478
62.0,18.39192,11.799919856999127
62.0,18.59293,11.815869309415906
62.0,18.79394,11.831828770382078
62.0,18.99495,11.847788239897252
62.0,19.19596,11.863727706137903
62.0,19.39697,11.879667180817291
62.0,19.59798,11.895606664171037
62.0,19.79899,11.911136140844752
62.0,20.0,11.926235611024879
62.3,0.1,2.893516454224988
62.3,0.3010101,3.9275819113865196
62.3,0.5020202,4.348308924703535
62.3,0.7030303,4.602006214036132
62.3,0.9040404,4.810643262339777
62.3,1.105051,4.986272660436084
62.3,1.306061,5.140527792394883
62.3,1.507071,5.29479206189623
62.3,1.708081,5.438806276572225
62.3,1.909091,5.579407161080012
62.3,2.110101,5.717673902773827
62.3,2.311111,5.851749291844647
62.3,2.512121,5.98582572610661
62.3,2.713131,6.118845417887425
62.3,2.914141,6.251830147484837
62.3,3.115152,6.387395248296486
62.3,3.316162,6.5248832554699305
62.3,3.517172,6.662372457051961
62.3,3.718182,6.799862780901999
62.3,3.919192,6.937354159402722
62.3,4.120202,7.076975388198461
62.3,4.321212,7.218026407045998
62.3,4.522222,7.359079020400607
62.3,4.723232,7.50013119494002
62.3,4.924242,7.641184899371227
62.3,5.125253,7.770056806689932
62.3,5.326263,7.891560100213732
62.3,5.527273,8.013065011229658
62.3,5.728283,8.134569512262383
62.3,5.929293,8.256075577075343
62.3,6.130303,8.393320128084909
62.3,6.331313,8.539106933757559
62.3,6.532323,8.684896310332471
62.3,6.733333,8.830688128100594
62.3,6.934343,8.97648227049573
62.3,7.135354,9.122278624400929
62.3,7.336364,9.268077085792523
62.3,7.537374,9.413877556832446
62.3,7.738384,9.559679945670693
62.3,7.939394,9.705484165695031
62.3,8.140404,9.809529990056133
62.3,8.341414,9.89555228097516
62.3,8.542424,9.98157569412244
62.3,8.743434,10.067601200860313
62.3,8.944444,10.153620773517948
62.3,9.145455,10.239840568379254
62.3,9.346465,10.326121140298719
62.3,9.547475,10.412402785581753
62.3,9.748485,10.498695477662624
62.3,9.949495,10.584979191344628
62.3,10.15051,10.64277791041509
62.3,10.35152,10.69099843783497
62.3,10.55253,10.739229347877469
62.3,10.75354,10.787460635547564
62.3,10.95455,10.835692295802172
62.3,11.15556,10.884004152651485
62.3,11.35657,10.932346319880848
62.3,11.55758,10.980688842599776
62.3,11.75859,11.029021716126254
62.3,11.9596,11.077364935791314
62.3,12.16061,11.110340721921068
62.3,12.36162,11.139437196745508
62.3,12.56263,11.168543776048555
62.3,12.76364,11.197640459100406
62.3,12.96465,11.226747245048607
62.3,13.16566,11.255834071531439
62.3,13.36667,11.284930987304675
62.3,13.56768,11.31401800497479
62.3,13.76869,11.343115123670454
62.3,13.9697,11.372202342698277
62.3,14.17071,11.394760674427669
62.3,14.37172,11.416159221673222
62.3,14.57273,11.437557799312113
62.3,14.77374,11.458956407148461
62.3,14.97475,11.48036504498222
62.3,15.17576,11.501733684289244
62.3,15.37677,11.523102349800705
62.3,15.57778,11.544471045503242
62.3,15.77879,11.565839771229516
62.3,15.9798,11.587208526813418
62.3,16.18081,11.60547765208317
62.3,16.38182,11.623406830191911
62.3,16.58283,11.641326022363694
62.3,16.78384,11.659255228508954
62.3,16.98485,11.677174448565744
62.3,17.18586,11.695073663834057
62.3,17.38687,11.712972891815292
62.3,17.58788,11.730872134006983
62.3,17.78889,11.74877139030593
62.3,17.9899,11.766670660666753
62.3,18.19091,11.782730092700376
62.3,18.39192,11.79868954130605
62.3,18.59293,11.814638998534273
62.3,18.79394,11.830598464282318
62.3,18.99495,11.84655793854997
62.3,19.19596,11.862497409306982
62.3,19.39697,11.878436888450771
62.3,19.59798,11.894376376291387
62.3,19.79899,11.910315872760805
62.3,20.0,11.926255377857213
62.599999999999994,0.1,2.8999484475196917
62.599999999999994,0.3010101,3.9379186892648623
62.599999999999994,0.5020202,4.360464942200064
62.599999999999994,0.7030303,4.614984929550745
62.599999999999994,0.9040404,4.821914510467775
62.599999999999994,1.105051,5.0002615483222375
62.599999999999994,1.306061,5.155078341527687
62.599999999999994,1.507071,5.309509813212516
62.599999999999994,1.708081,5.453584466142892
62.599999999999994,1.909091,5.593398866786656
62.599999999999994,2.110101,5.729275312486431
62.599999999999994,2.311111,5.858197539301648
62.599999999999994,2.512121,5.991777770950984
62.599999999999994,2.713131,6.124816480979786
62.599999999999994,2.914141,6.235094441578914
62.599999999999994,3.115152,6.359521200716299
62.599999999999994,3.316162,6.497008136852069
62.599999999999994,3.517172,6.648364142095273
62.599999999999994,3.718182,6.809441451075043
62.599999999999994,3.919192,6.947522160846643
62.599999999999994,4.120202,7.087380008471784
62.599999999999994,4.321212,7.228431176626252
62.599999999999994,4.522222,7.3694839327346155
62.599999999999994,4.723232,7.510397162268543
62.599999999999994,4.924242,7.650241271880243
62.599999999999994,5.125253,7.770466152489828
62.599999999999994,5.326263,7.880541420125734
62.599999999999994,5.527273,8.00204641444769
62.599999999999994,5.728283,8.123550997093094
62.599999999999994,5.929293,8.245057141866594
62.599999999999994,6.130303,8.399128757299689
62.599999999999994,6.331313,8.566828906824682
62.599999999999994,6.532323,8.712617392415774
62.599999999999994,6.733333,8.858408343235821
62.599999999999994,6.934343,9.004201637902758
62.599999999999994,7.135354,9.149997164839384
62.599999999999994,7.336364,9.29579481911391
62.599999999999994,7.537374,9.441594501972663
62.599999999999994,7.738384,9.584003193611938
62.599999999999994,7.939394,9.7120382646778
62.599999999999994,8.140404,9.821930661303366
62.599999999999994,8.341414,9.92068691168048
62.599999999999994,8.542424,10.006712253619396
62.599999999999994,8.743434,10.092730687890409
62.599999999999994,8.944444,10.178760186157504
62.599999999999994,9.145455,10.264970088086237
62.599999999999994,9.346465,10.351260831048796
62.599999999999994,9.547475,10.437542642307957
62.599999999999994,9.748485,10.51969518246152
62.599999999999994,9.949495,10.588827771960432
62.599999999999994,10.15051,10.651505856839965
62.599999999999994,10.35152,10.708866058054326
62.599999999999994,10.55253,10.757097020257751
62.599999999999994,10.75354,10.805328358998668
62.599999999999994,10.95455,10.85356006925728
62.599999999999994,11.15556,10.901872034176963
62.599999999999994,11.35657,10.950214325231936
62.599999999999994,11.55758,10.99854697014652
62.599999999999994,11.75859,11.043320115589442
62.599999999999994,11.9596,11.079413926890014
62.599999999999994,12.16061,11.11433934375026
62.599999999999994,12.36162,11.147275432230344
62.599999999999994,12.56263,11.176382052258862
62.599999999999994,12.76364,11.205478775815978
62.599999999999994,12.96465,11.234585601956411
62.599999999999994,13.16566,11.263672482130115
62.599999999999994,13.36667,11.292769454248436
62.599999999999994,13.56768,11.321856527872052
62.599999999999994,13.76869,11.349133892916024
62.599999999999994,13.9697,11.372891699627493
62.599999999999994,14.17071,11.396800047049757
62.599999999999994,14.37172,11.419828547065597
62.599999999999994,14.57273,11.441227136023802
62.599999999999994,14.77374,11.462625755126838
62.599999999999994,14.97475,11.48402440420689
62.599999999999994,15.17576,11.505393058000225
62.599999999999994,15.37677,11.526761738411677
62.599999999999994,15.57778,11.548130448949497
62.599999999999994,15.77879,11.568549231552732
62.599999999999994,15.9798,11.587478105364202
62.599999999999994,16.18081,11.606717237960643
62.599999999999994,16.38182,11.62543641583729
62.599999999999994,16.58283,11.643365614096636
62.599999999999994,16.78384,11.661284826310926
62.599999999999994,16.98485,11.67921405241384
62.599999999999994,17.18586,11.697113274858129
62.599999999999994,17.38687,11.715012510084634
62.599999999999994,17.58788,11.732911759477755
62.599999999999994,17.78889,11.750221040689839
62.599999999999994,17.9899,11.766790357083769
62.599999999999994,18.19091,11.783589826959119
62.599999999999994,18.39192,11.800009297012679
62.599999999999994,18.59293,11.815968757567235
62.599999999999994,18.79394,11.831928226683338
62.599999999999994,18.99495,11.847877704306125
62.599999999999994,19.19596,11.863817178898607
62.599999999999994,19.39697,11.879756661879735
62.599999999999994,19.59798,11.895696153530213
62.599999999999994,19.79899,11.911215651397342
62.599999999999994,20.0,11.92627515545185
62.900000000000006,0.1,2.90660749422855
62.900000000000006,0.3010101,3.9484694056997305
62.900000000000006,0.5020202,4.372208367484981
62.900000000000006,0.7030303,4.628245602080167
62.900000000000006,0.9040404,4.837801979852579
62.900000000000006,1.105051,5.014131727421592
62.900000000000006,1.306061,5.168947127575394
62.900000000000006,1.507071,5.323915954051783
62.900000000000006,1.708081,5.467438441231289
62.900000000000006,1.909091,5.607041787967874
62.900000000000006,2.110101,5.742947931544771
62.900000000000006,2.311111,5.871870090827258
62.900000000000006,2.512121,6.000707323870736
62.900000000000006,2.713131,6.122574720837009
62.900000000000006,2.914141,6.232651766730382
62.900000000000006,3.115152,6.369783403352182
62.900000000000006,3.316162,6.533143389176032
62.900000000000006,3.517172,6.6817669253900505
62.900000000000006,3.718182,6.819846391326189
62.900000000000006,3.919192,6.9579268865664625
62.900000000000006,4.120202,7.097784740894656
62.900000000000006,4.321212,7.2388360557418
62.900000000000006,4.522222,7.37915353409188
62.900000000000006,4.723232,7.518997266270072
62.900000000000006,4.924242,7.658841487089909
62.900000000000006,5.125253,7.779066528231153
62.900000000000006,5.326263,7.88742540271829
62.900000000000006,5.527273,7.995783718908667
62.900000000000006,5.728283,8.112532513868956
62.900000000000006,5.929293,8.234038738349964
62.900000000000006,6.130303,8.388110488414842
62.900000000000006,6.331313,8.55985506588416
62.900000000000006,6.532323,8.73159998665206
62.900000000000006,6.733333,8.886128969843128
62.900000000000006,6.934343,9.031921416364774
62.900000000000006,7.135354,9.177716115012293
62.900000000000006,7.336364,9.323512960470785
62.900000000000006,7.537374,9.457167742519148
62.900000000000006,7.738384,9.585200681739066
62.900000000000006,7.939394,9.713236043969307
62.900000000000006,8.140404,9.823128628778122
62.900000000000006,8.341414,9.925189529975512
62.900000000000006,8.542424,10.027251363855164
62.900000000000006,8.743434,10.11787042387979
62.900000000000006,8.944444,10.2038898466032
62.900000000000006,9.145455,10.290109852464152
62.900000000000006,9.346465,10.376390764094927
62.900000000000006,9.547475,10.450091722630253
62.900000000000006,9.748485,10.519233370482983
62.900000000000006,9.949495,10.588366058981551
62.900000000000006,10.15051,10.651044214487385
62.900000000000006,10.35152,10.71155434886253
62.900000000000006,10.55253,10.772054888025796
62.900000000000006,10.75354,10.823186168484733
62.900000000000006,10.95455,10.871417928193253
62.900000000000006,11.15556,10.919730000488007
62.900000000000006,11.35657,10.968072414541354
62.900000000000006,11.55758,11.00681559691889
62.900000000000006,11.75859,11.042899175928515
62.900000000000006,11.9596,11.07899302591765
62.900000000000006,12.16061,11.113918472475248
62.900000000000006,12.36162,11.148554404432316
62.900000000000006,12.56263,11.183190473464077
62.900000000000006,12.76364,11.2133171309555
62.900000000000006,12.96465,11.24242399713264
62.900000000000006,13.16566,11.271510930854529
62.900000000000006,13.36667,11.30060795908212
62.900000000000006,13.56768,11.325255560863283
62.900000000000006,13.76869,11.349013321424168
62.900000000000006,13.9697,11.372781143202928
62.900000000000006,14.17071,11.396689502379566
62.900000000000006,14.37172,11.420617981479152
62.900000000000006,14.57273,11.444546493636356
62.900000000000006,14.77374,11.466285112254722
62.900000000000006,14.97475,11.487693772495113
62.900000000000006,15.17576,11.509062440749872
62.900000000000006,15.37677,11.530431136036238
62.900000000000006,15.57778,11.549649957133816
62.900000000000006,15.77879,11.568578815335385
62.900000000000006,15.9798,11.587517697600394
62.900000000000006,16.18081,11.60674683691199
62.900000000000006,16.38182,11.626016016904297
62.900000000000006,16.58283,11.645285210997057
62.900000000000006,16.78384,11.663324428405687
62.900000000000006,16.98485,11.681243660547349
62.900000000000006,17.18586,11.699152890138654
62.900000000000006,17.38687,11.717052132601713
62.900000000000006,17.58788,11.733701426826617
62.900000000000006,17.78889,11.750280736082281
62.900000000000006,17.9899,11.766850057705136
62.900000000000006,18.19091,11.78363953174478
62.900000000000006,18.39192,11.8004490208606
62.900000000000006,18.59293,11.817258517481447
62.900000000000006,18.79394,11.833247991048255
62.900000000000006,18.99495,11.849207472010173
62.900000000000006,19.19596,11.865146950418348
62.900000000000006,19.39697,11.881086437250527
62.900000000000006,19.59798,11.896165927758743
62.900000000000006,19.79899,11.91123542688587
62.900000000000006,20.0,11.926304934670872
63.2,0.1,2.912822717586296
63.2,0.3010101,3.958899072535466
63.2,0.5020202,4.384208242105365
63.2,0.7030303,4.640737667524027
63.2,0.9040404,4.851318610156093
63.2,1.105051,5.02792125462183
63.2,1.306061,5.183164250289867
63.2,1.507071,5.338633101810562
63.2,1.708081,5.482003474847655
63.2,1.909091,5.621312260401315
63.2,2.110101,5.757077212651899
63.2,2.311111,5.885819836338275
63.2,2.512121,6.014537719128081
63.2,2.713131,6.146791452245651
63.2,2.914141,6.2781895786098545
63.2,3.115152,6.4160180950124674
63.2,3.316162,6.5540940636497504
63.2,3.517172,6.692172204994309
63.2,3.718182,6.830251448609728
63.2,3.919192,6.968331727694687
63.2,4.120202,7.108067519697888
63.2,4.321212,7.247910311175326
63.2,4.522222,7.3877536462976225
63.2,4.723232,7.5275974919137605
63.2,4.924242,7.667441821485931
63.2,5.125253,7.787667019534653
63.2,5.326263,7.896026077332863
63.2,5.527273,8.004385571299599
63.2,5.728283,8.112744484050456
63.2,5.929293,8.223020369333279
63.2,6.130303,8.377092251135617
63.2,6.331313,8.548836987485501
63.2,6.532323,8.72058206257571
63.2,6.733333,8.892329398707725
63.2,6.934343,9.059642602862693
63.2,7.135354,9.202310297853177
63.2,7.336364,9.330336277459761
63.2,7.537374,9.45836496051751
63.2,7.738384,9.586397198716922
63.2,7.939394,9.714433851516509
63.2,8.140404,9.824326624157502
63.2,8.341414,9.926387668337886
63.2,8.542424,10.028447642390963
63.2,8.743434,10.130508518069183
63.2,8.944444,10.229029752474135
63.2,9.145455,10.31135952496117
63.2,9.346465,10.380499131897544
63.2,9.547475,10.449629820271602
63.2,9.748485,10.518771568332868
63.2,9.949495,10.587904355774686
63.2,10.15051,10.650582581906626
63.2,10.35152,10.71109277695642
63.2,10.55253,10.771593376179487
63.2,10.75354,10.832104372566306
63.2,10.95455,10.889285871989637
63.2,11.15556,10.934208211359689
63.2,11.35657,10.970301279568764
63.2,11.55758,11.006394623975272
63.2,11.75859,11.042488241792153
63.2,11.9596,11.078572130452695
63.2,12.16061,11.113507606633348
63.2,12.36162,11.1481335659701
63.2,12.56263,11.182769662189681
63.2,12.76364,11.217405894084397
63.2,12.96465,11.250262430467552
63.2,13.16566,11.277609611577292
63.2,13.36667,11.301377263738217
63.2,13.56768,11.325134977936505
63.2,13.76869,11.348902753645687
63.2,13.9697,11.372670590549284
63.2,14.17071,11.396568961480432
63.2,14.37172,11.420497451657518
63.2,14.57273,11.44443597481481
63.2,14.77374,11.468364530809518
63.2,14.97475,11.491353149898195
63.2,15.17576,11.511811874748927
63.2,15.37677,11.530740692930731
63.2,15.57778,11.549679535405797
63.2,15.77879,11.56860840208563
63.2,15.9798,11.587547292845448
63.2,16.18081,11.606776438843573
63.2,16.38182,11.62604562530399
63.2,16.58283,11.645314825843126
63.2,16.78384,11.664584040391214
63.2,16.98485,11.68328327294348
63.2,17.18586,11.700612527349884
63.2,17.38687,11.717191817056445
63.2,17.58788,11.733761119202631
63.2,17.78889,11.750330433735119
63.2,17.9899,11.766899760564648
63.2,18.19091,11.783699238731762
63.2,18.39192,11.80049873193958
63.2,18.59293,11.817308232624473
63.2,18.79394,11.834117740753937
63.2,18.99495,11.850527241690685
63.2,19.19596,11.866046721440444
63.2,19.39697,11.881116206922997
63.2,19.59798,11.896185701119684
63.2,19.79899,11.91125520399766
63.2,20.0,11.926324715524022
63.5,0.1,2.9193569265619708
63.5,0.3010101,3.969047871588142
63.5,0.5020202,4.396465562128984
63.5,0.7030303,4.653530091584095
63.5,0.9040404,4.861955930510752
63.5,1.105051,5.041195805256325
63.5,1.306061,5.195946494452677
63.5,1.507071,5.351412569991671
63.5,1.708081,5.494805084478642
63.5,1.909091,5.633617276986221
63.5,2.110101,5.76844307962183
63.5,2.311111,5.897633587108197
63.5,2.512121,6.026351275272332
63.5,2.713131,6.158584479191908
63.5,2.914141,6.2800327052397655
63.5,3.115152,6.405770372519965
63.5,3.316162,6.5438477533838215
63.5,3.517172,6.681926291969678
63.5,3.718182,6.833994061665039
63.5,3.919192,6.980219889866701
63.5,4.120202,7.117092148754713
63.5,4.321212,7.256370044930544
63.5,4.522222,7.396213501477047
63.5,4.723232,7.536058464753843
63.5,4.924242,7.675902907266389
63.5,5.125253,7.796127267031463
63.5,5.326263,7.904486513120982
63.5,5.527273,8.012846189827162
63.5,5.728283,8.121206279911746
63.5,5.929293,8.236267333165479
63.5,6.130303,8.389380304921282
63.5,6.331313,8.561124387135342
63.5,6.532323,8.732870792459472
63.5,6.733333,8.904617444470059
63.5,6.934343,9.056691837896524
63.5,7.135354,9.199004451787346
63.5,7.336364,9.331626152736057
63.5,7.537374,9.459656146967708
63.5,7.738384,9.587688687479147
63.5,7.939394,9.715724634144026
63.5,8.140404,9.82561760264419
63.5,8.341414,9.927678799919546
63.5,8.542424,10.029743923610443
63.5,8.743434,10.13180494587486
63.5,8.944444,10.221545781458637
63.5,9.145455,10.306596838010813
63.5,9.346465,10.38006715902641
63.5,9.547475,10.449197946368582
63.5,9.748485,10.518339792190995
63.5,9.949495,10.587472676099088
63.5,10.15051,10.650150972197848
63.5,10.35152,10.710661228056116
63.5,10.55253,10.771171887306796
63.5,10.75354,10.831672943292132
63.5,10.95455,10.882764862775266
63.5,11.15556,10.931097256985042
63.5,11.35657,10.969890275317102
63.5,11.55758,11.005983658434111
63.5,11.75859,11.042077314718222
63.5,11.9596,11.078171241539751
63.5,12.16061,11.113096747497208
63.5,12.36162,11.147722734288816
63.5,12.56263,11.182358857798976
63.5,12.76364,11.216995116820701
63.5,12.96465,11.247262010644082
63.5,13.16566,11.276559091043694
63.5,13.36667,11.301266671263193
63.5,13.56768,11.325034400460606
63.5,13.76869,11.34879219121394
63.5,13.9697,11.372560043086631
63.5,14.17071,11.396458425692288
63.5,14.37172,11.420396926951359
63.5,14.57273,11.444325461183643
63.5,14.77374,11.468254028175503
63.5,14.97475,11.490072726866924
63.5,15.17576,11.511531450246938
63.5,15.37677,11.530770267322115
63.5,15.57778,11.549709118233757
63.5,15.77879,11.568637993343735
63.5,15.9798,11.5875768924628
63.5,16.18081,11.606806045135793
63.5,16.38182,11.626075238061926
63.5,16.58283,11.645344445045348
63.5,16.78384,11.664613666016393
63.5,16.98485,11.682662939324056
63.5,17.18586,11.700572213447874
63.5,17.38687,11.71724150771463
63.5,17.58788,11.733810815077701
63.5,17.78889,11.750380134774922
63.5,17.9899,11.76694946677307
63.5,18.19091,11.783748949089498
63.5,18.39192,11.80055844634645
63.5,18.59293,11.817367951067942
63.5,18.79394,11.834177463257111
63.5,18.99495,11.850136977794664
63.5,19.19596,11.866056489273825
63.5,19.39697,11.88113597911159
63.5,19.59798,11.896205477032645
63.5,19.79899,11.911274983625761
63.5,20.0,11.92634449885764
63.8,0.1,2.925218218508837
63.8,0.3010101,3.9788077433218625
63.8,0.5020202,4.408122999832845
63.8,0.7030303,4.665848507855551
63.8,0.9040404,4.877164718333755
63.8,1.105051,5.054257675396368
63.8,1.306061,5.208849705510102
63.8,1.507071,5.363447431335066
63.8,1.708081,5.5055071101092485
63.8,1.909091,5.643225185184191
63.8,2.110101,5.7781215765406015
63.8,2.311111,5.907613079191733
63.8,2.512121,6.037109559913955
63.8,2.713131,6.149570679577544
63.8,2.914141,6.260833928704188
63.8,3.115152,6.397628711365097
63.8,3.316162,6.560836665695848
63.8,3.517172,6.721598251312656
63.8,3.718182,6.856164363437987
63.8,3.919192,6.9907309810371085
63.8,4.120202,7.127603375188438
63.8,4.321212,7.2660243951111845
63.8,4.522222,7.40460429632829
63.8,4.723232,7.544448378233168
63.8,4.924242,7.68429293443248
63.8,5.125253,7.8045184568798325
63.8,5.326263,7.912877892669696
63.8,5.527273,8.022650655850732
63.8,5.728283,8.141429241436644
63.8,5.929293,8.26020827627963
63.8,6.130303,8.413320621449708
63.8,6.331313,8.585066138321004
63.8,6.532323,8.7520791047123
63.8,6.733333,8.894388977433762
63.8,6.934343,9.036700960554455
63.8,7.135354,9.179015956524394
63.8,7.336364,9.32133187303253
63.8,7.537374,9.460993331263536
63.8,7.738384,9.589026175583005
63.8,7.939394,9.717063417605925
63.8,8.140404,9.826956585832365
63.8,8.341414,9.929017940866519
63.8,8.542424,10.027459904846886
63.8,8.743434,10.112369650551088
63.8,8.944444,10.19729036722589
63.8,9.145455,10.282341569686926
63.8,9.346465,10.367453586288109
63.8,9.547475,10.448786091307367
63.8,9.748485,10.517928033564406
63.8,9.949495,10.587061012686327
63.8,10.15051,10.649739378510173
63.8,10.35152,10.710239695320142
63.8,10.55253,10.767550590167314
63.8,10.75354,10.815812351419753
63.8,10.95455,10.864074462929015
63.8,11.15556,10.912396849540842
63.8,11.35657,10.960739555385253
63.8,11.55758,11.00558269943069
63.8,11.75859,11.041666394077676
63.8,11.9596,11.077760358908815
63.8,12.16061,11.112685894579975
63.8,12.36162,11.147321908828756
63.8,12.56263,11.180298262489174
63.8,12.76364,11.209605174858895
63.8,12.96465,11.238912183933708
63.8,13.16566,11.268199253803331
63.8,13.36667,11.297496412349117
63.8,13.56768,11.324923827722612
63.8,13.76869,11.348681633411381
63.8,13.9697,11.37244950010451
63.8,14.17071,11.396357894389867
63.8,14.37172,11.420286406747069
63.8,14.57273,11.44333499477875
63.8,14.77374,11.464833688137729
63.8,14.97475,11.486322409940131
63.8,15.17576,11.50779113863305
63.8,15.37677,11.529259892912535
63.8,15.57778,11.549738704865472
63.8,15.77879,11.568677588289484
63.8,15.9798,11.587606495786641
63.8,16.18081,11.606845655104022
63.8,16.38182,11.626114854492712
63.8,16.58283,11.644834085566389
63.8,16.78384,11.662773354966976
63.8,16.98485,11.680712637081369
63.8,17.18586,11.698621915917618
63.8,17.38687,11.716541206424504
63.8,17.58788,11.733870513766464
63.8,17.78889,11.750439838636112
63.8,17.9899,11.767009175773604
63.8,18.19091,11.783798662229255
63.8,18.39192,11.80060816352679
63.8,18.59293,11.817017669821487
63.8,18.79394,11.832947180852345
63.8,18.99495,11.848886699544389
63.8,19.19596,11.864806215111171
63.8,19.39697,11.880725738247913
63.8,19.59798,11.896225255033796
63.8,19.79899,11.911294765322623
63.8,20.0,11.926364284241284
64.1,0.1,2.9311343701905557
64.1,0.3010101,3.988432482251259
64.1,0.5020202,4.419454859193109
64.1,0.7030303,4.677880993900556
64.1,0.9040404,4.887215991826656
64.1,1.105051,5.066696969320768
64.1,1.306061,5.221206504361612
64.1,1.507071,5.3753586652741046
64.1,1.708081,5.516851311592556
64.1,1.909091,5.6542230804260845
64.1,2.110101,5.789046850920678
64.1,2.311111,5.919304144537283
64.1,2.512121,6.050776031260415
64.1,2.713131,6.18775359626853
64.1,2.914141,6.311557131568311
64.1,3.115152,6.450888263186199
64.1,3.316162,6.597543805923435
64.1,3.517172,6.732109479363752
64.1,3.718182,6.866675685638333
64.1,3.919192,7.001242393596079
64.1,4.120202,7.138114916469622
64.1,4.321212,7.276536086543001
64.1,4.522222,7.414958665640916
64.1,4.723232,7.553381628614855
64.1,4.924242,7.692683088243009
64.1,5.125253,7.812908771176533
64.1,5.326263,7.927812934267615
64.1,5.527273,8.046590295407956
64.1,5.728283,8.165369117464223
64.1,5.929293,8.28414838069822
64.1,6.130303,8.43726209280457
64.1,6.331313,8.589776345295821
64.1,6.532323,8.732086496986865
64.1,6.733333,8.874397821316753
64.1,6.934343,9.016711215134302
64.1,7.135354,9.159027582123127
64.1,7.336364,9.30134483184246
64.1,7.537374,9.443663879108067
64.1,7.738384,9.5859856438177
64.1,7.939394,9.718401228216921
64.1,8.140404,9.828294595790148
64.1,8.341414,9.918290086594675
64.1,8.542424,10.003204151153025
64.1,8.743434,10.088114209109477
64.1,8.944444,10.173025235305575
64.1,9.145455,10.258086581862326
64.1,9.346465,10.34318868153917
64.1,9.547475,10.428301758951854
64.1,9.748485,10.513415790559298
64.1,9.949495,10.586649358764477
64.1,10.15051,10.649317794392333
64.1,10.35152,10.70059870548896
64.1,10.55253,10.748860156346986
64.1,10.75354,10.797111962556064
64.1,10.95455,10.845374119114535
64.1,11.15556,10.893696497758633
64.1,11.35657,10.942049180723819
64.1,11.55758,10.990392199862283
64.1,11.75859,11.038735550591019
64.1,11.9596,11.077359481827044
64.1,12.16061,11.112285047202759
64.1,12.36162,11.1426316294881
64.1,12.56263,11.171938445564571
64.1,12.76364,11.201245359176086
64.1,12.96465,11.230552369558602
64.1,13.16566,11.259849428819514
64.1,13.36667,11.289136574393536
64.1,13.56768,11.318423815626465
64.1,13.76869,11.347721151796808
64.1,13.9697,11.37233896091486
64.1,14.17071,11.396247366879834
64.1,14.37172,11.41809599306134
64.1,14.57273,11.439594665790926
64.1,14.77374,11.461093367075014
64.1,14.97475,11.482582096781824
64.1,15.17576,11.504050830812522
64.1,15.37677,11.52551959005409
64.1,15.57778,11.54697837787285
64.1,15.77879,11.568447194015631
64.1,15.9798,11.587646102093615
64.1,16.18081,11.606875268095335
64.1,16.38182,11.624944513120758
64.1,16.58283,11.642883775169118
64.1,16.78384,11.660823049975585
64.1,16.98485,11.67876233748137
64.1,17.18586,11.69668162097044
64.1,17.38687,11.714590916118842
64.1,17.58788,11.732500224221042
64.1,17.78889,11.750419545201682
64.1,17.9899,11.76705888701754
64.1,18.19091,11.783858377559586
64.1,18.39192,11.799827877757373
64.1,18.59293,11.815767385409826
64.1,18.79394,11.831706900775375
64.1,18.99495,11.847636423802614
64.1,19.19596,11.863555943454966
64.1,19.39697,11.87947547066096
64.1,19.59798,11.895395005680495
64.1,19.79899,11.911314548482022
64.1,20.0,11.926384071245073
64.4,0.1,2.9367024830431907
64.4,0.3010101,3.998022338072711
64.4,0.5020202,4.4300224258857686
64.4,0.7030303,4.6897770876781975
64.4,0.9040404,4.901707956849116
64.4,1.105051,5.078889984344142
64.4,1.306061,5.232864334391923
64.4,1.507071,5.387014877644579
64.4,1.708081,5.528481738321091
64.4,1.909091,5.665695331768287
64.4,2.110101,5.791753288657797
64.4,2.311111,5.923208920847176
64.4,2.512121,6.05722950753794
64.4,2.713131,6.194484957092095
64.4,2.914141,6.334913757724301
64.4,3.115152,6.47344393097818
64.4,3.316162,6.608009109578984
64.4,3.517172,6.742575850328297
64.4,3.718182,6.877142120421308
64.4,3.919192,7.01170888942377
64.4,4.120202,7.148581506168681
64.4,4.321212,7.28700278905077
64.4,4.522222,7.425425474765776
64.4,4.723232,7.563848542680147
64.4,4.924242,7.702095914746038
64.4,5.125253,7.8213406914597465
64.4,5.326263,7.94011875828569
64.4,5.527273,8.058897300882917
64.4,5.728283,8.177676297220586
64.4,5.929293,8.296454730455807
64.4,6.130303,8.443115386234673
64.4,6.331313,8.585424009265843
64.4,6.532323,8.72773389284692
64.4,6.733333,8.870045926011263
64.4,6.934343,9.012361007441276
64.4,7.135354,9.154677041825916
64.4,7.336364,9.296995939178384
64.4,7.537374,9.439315615413474
64.4,7.738384,9.581636991237842
64.4,7.939394,9.720573448305835
64.4,8.140404,9.825233039832975
64.4,8.341414,9.910143269002972
64.4,8.542424,9.995055514858665
64.4,8.743434,10.07997075153494
64.4,8.944444,10.164881954447006
64.4,9.145455,10.24993342103424
64.4,9.346465,10.335045618402097
64.4,9.547475,10.420158792881827
64.4,9.748485,10.505272920723892
64.4,9.949495,10.58633763216934
64.4,10.15051,10.645706518801214
64.4,10.35152,10.693967656816934
64.4,10.55253,10.74221915477053
64.4,10.75354,10.790481007697963
64.4,10.95455,10.838743210928596
64.4,11.15556,10.887065618554898
64.4,11.35657,10.935418325379672
64.4,11.55758,10.98376136833147
64.4,11.75859,11.032104742903899
64.4,11.9596,11.076898594560415
64.4,12.16061,11.110384498376586
64.4,12.36162,11.139691229192138
64.4,12.56263,11.168998058271798
64.4,12.76364,11.198304984843189
64.4,12.96465,11.227612008143693
64.4,13.16566,11.256899076607166
64.4,13.36667,11.286196230453498
64.4,13.56768,11.315483480041229
64.4,13.76869,11.344770824556164
64.4,13.9697,11.372198431289654
64.4,14.17071,11.395346906927788
64.4,14.37172,11.416845559865475
64.4,14.57273,11.43834424148954
64.4,14.77374,11.45984295163817
64.4,14.97475,11.481331690155129
64.4,15.17576,11.502800432351698
64.4,15.37677,11.52426919961386
64.4,15.57778,11.545727995426008
64.4,15.77879,11.567196819536356
64.4,15.9798,11.58766571524038
64.4,16.18081,11.606394921957856
64.4,16.38182,11.624334176689663
64.4,16.58283,11.642273444222186
64.4,16.78384,11.660212724496892
64.4,16.98485,11.678152017454783
64.4,17.18586,11.696071306275408
64.4,17.38687,11.713980606730983
64.4,17.58788,11.731899920108102
64.4,17.78889,11.749809246382156
64.4,17.9899,11.767118603589239
64.4,18.19091,11.783508108757777
64.4,18.39192,11.79944761261634
64.4,18.59293,11.815387124174809
64.4,18.79394,11.831316643432949
64.4,18.99495,11.847256170331423
64.4,19.19596,11.86317569386164
64.4,19.39697,11.879095224935469
64.4,19.59798,11.895014763828339
64.4,19.79899,11.910934310477272
64.4,20.0,11.92641386276224
64.7,0.1,2.942314516965233
64.7,0.3010101,4.007537321524765
64.7,0.5020202,4.441244629769843
64.7,0.7030303,4.701363313882231
64.7,0.9040404,4.913775510813901
64.7,1.105051,5.091000010807127
64.7,1.306061,5.2446359876319235
64.7,1.507071,5.398390820028193
64.7,1.708081,5.534889831899974
64.7,1.909091,5.653116734253957
64.7,2.110101,5.775921676503171
64.7,2.311111,5.914747588948887
64.7,2.512121,6.058014874165555
64.7,2.713131,6.201285444537149
64.7,2.914141,6.3445600772217
64.7,3.115152,6.4831258594266234
64.7,3.316162,6.618180715439343
64.7,3.517172,6.752951003409926
64.7,3.718182,6.887517287396248
64.7,3.919192,7.022084068881397
64.7,4.120202,7.158956717781325
64.7,4.321212,7.297379045456737
64.7,4.522222,7.435800775315463
64.7,4.723232,7.5733336048907915
64.7,4.924242,7.710305622683816
64.7,5.125253,7.827935713608095
64.7,5.326263,7.93386856930926
64.7,5.527273,8.04793478110026
64.7,5.728283,8.16671383738461
64.7,5.929293,8.285493329336697
64.7,6.130303,8.43598096445634
64.7,6.331313,8.603676133449218
64.7,6.532323,8.75466059945823
64.7,6.733333,8.89697287637655
64.7,6.934343,9.039286219049306
64.7,7.135354,9.181601531585253
64.7,7.336364,9.323919723841538
64.7,7.537374,9.466238711124285
64.7,7.738384,9.5966599298669
64.7,7.939394,9.721698654195388
64.7,8.140404,9.829448946521378
64.7,8.341414,9.929737855868948
64.7,8.542424,10.019130785422325
64.7,8.743434,10.10404093516551
64.7,8.944444,10.188962049949332
64.7,9.145455,10.274013588681617
64.7,9.346465,10.359125915612106
64.7,9.547475,10.44422921546154
64.7,9.748485,10.517202354028951
64.7,9.949495,10.585866073971983
64.7,10.15051,10.64826488738641
64.7,10.35152,10.70855555091706
64.7,10.55253,10.759716977586724
64.7,10.75354,10.807978881114774
64.7,10.95455,10.856241133930926
64.7,11.15556,10.904563644437413
64.7,11.35657,10.952916468487306
64.7,11.55758,11.001259627096537
64.7,11.75859,11.040133523901817
64.7,11.9596,11.076467791309838
64.7,12.16061,11.111633553056972
64.7,12.36162,11.14650976880029
64.7,12.56263,11.176876532512846
64.7,12.76364,11.20618349543487
64.7,12.96465,11.235490554828115
64.7,13.16566,11.264787671882816
64.7,13.36667,11.294074876840238
64.7,13.56768,11.323362177108214
64.7,13.76869,11.348149984983042
64.7,13.9697,11.372077933606981
64.7,14.17071,11.396136384084887
64.7,14.37172,11.420214947429944
64.7,14.57273,11.442073625988487
64.7,14.77374,11.463572346867467
64.7,14.97475,11.48507109606174
64.7,15.17576,11.50653985197813
64.7,15.37677,11.527998633393649
64.7,15.57778,11.549467443247607
64.7,15.77879,11.56871637938779
64.7,15.9798,11.58769535037467
64.7,16.18081,11.606974555924662
64.7,16.38182,11.626283798850148
64.7,16.58283,11.644353070425861
64.7,16.78384,11.66229235629277
64.7,16.98485,11.680231654823427
64.7,17.18586,11.69814095027461
64.7,17.38687,11.716060257388328
64.7,17.58788,11.733969577435806
64.7,17.78889,11.750608948599666
64.7,17.9899,11.767168333353547
64.7,18.19091,11.783957855144575
64.7,18.39192,11.80075739053145
64.7,18.59293,11.816726906272521
64.7,18.79394,11.83266642854082
64.7,18.99495,11.848595958468174
64.7,19.19596,11.864515485461787
64.7,19.39697,11.880435020001096
64.7,19.59798,11.896354562348959
64.7,19.79899,11.911404108110732
64.7,20.0,11.926433661651124
65.0,0.1,2.948137477139175
65.0,0.3010101,4.017079232725041
65.0,0.5020202,4.452796566533716
65.0,0.7030303,4.7132521101175
65.0,0.9040404,4.92345184440726
65.0,1.105051,5.103393696975776
65.0,1.306061,5.257029885265226
65.0,1.507071,5.411627628211835
65.0,1.708081,5.5559344102386685
65.0,1.909091,5.678902582183016
65.0,2.110101,5.801746236712278
65.0,2.311111,5.9323256334119465
65.0,2.512121,6.067666499331548
65.0,2.713131,6.210935136981336
65.0,2.914141,6.354206919521146
65.0,3.115152,6.492771533245438
65.0,3.316162,6.627825708935025
65.0,3.517172,6.762881740166694
65.0,3.718182,6.897893526716478
65.0,3.919192,7.032460319542403
65.0,4.120202,7.1693320005072705
65.0,4.321212,7.307601323746559
65.0,4.522222,7.4445716399567
65.0,4.723232,7.581543339139954
65.0,4.924242,7.718514401091651
65.0,5.125253,7.836145589095058
65.0,5.326263,7.942077573174104
65.0,5.527273,8.048010921646176
65.0,5.728283,8.155751404507413
65.0,5.929293,8.274530955027352
65.0,6.130303,8.4250196988688
65.0,6.331313,8.592715001277774
65.0,6.532323,8.760411497760263
65.0,6.733333,8.923899188043434
65.0,6.934343,9.066211790843914
65.0,7.135354,9.20852738023174
65.0,7.336364,9.347716097709695
65.0,7.537374,9.47274893757125
65.0,7.738384,9.597784906854557
65.0,7.939394,9.722823884848676
65.0,8.140404,9.830575340893368
65.0,8.341414,9.930863374892132
65.0,8.542424,10.031149230351158
65.0,8.743434,10.128121339005022
65.0,8.944444,10.213032364719204
65.0,9.145455,10.298083973430368
65.0,9.346465,10.379396052344129
65.0,9.547475,10.448067883708877
65.0,9.748485,10.516740714115231
65.0,9.949495,10.58540452436713
65.0,10.15051,10.647803402393242
65.0,10.35152,10.708094121627502
65.0,10.55253,10.768385227315546
65.0,10.75354,10.82547683504912
65.0,10.95455,10.873739136933898
65.0,11.15556,10.922061749597466
65.0,11.35657,10.967024849674818
65.0,11.55758,11.003368642226228
65.0,11.75859,11.039712690750452
65.0,11.9596,11.076046992716375
65.0,12.16061,11.111212781031456
65.0,12.36162,11.146089021147814
65.0,12.56263,11.180955389112148
65.0,12.76364,11.214062040185999
65.0,12.96465,11.243369135531948
65.0,13.16566,11.272666301065854
65.0,13.36667,11.300173728477903
65.0,13.56768,11.32410157303584
65.0,13.76869,11.348029476743317
65.0,13.9697,11.371957439174642
65.0,14.17071,11.3960159003817
65.0,14.37172,11.420094473875798
65.0,14.57273,11.444173079333225
65.0,14.77374,11.467311750727209
65.0,14.97475,11.48880051060733
65.0,15.17576,11.510269280240685
65.0,15.37677,11.530788119315341
65.0,15.57778,11.549767053210251
65.0,15.77879,11.568736009531262
65.0,15.9798,11.587714988121794
65.0,16.18081,11.606994199704637
65.0,16.38182,11.626313448447895
65.0,16.58283,11.645622710340445
65.0,16.78384,11.664361992104196
65.0,16.98485,11.682301296198874
65.0,17.18586,11.700220598235715
65.0,17.38687,11.717549930080535
65.0,17.58788,11.734099297301272
65.0,17.78889,11.750658675662313
65.0,17.9899,11.767218065098044
65.0,18.19091,11.784007590628129
65.0,18.39192,11.800807129676521
65.0,18.59293,11.817606675506909
65.0,18.79394,11.834006215448518
65.0,18.99495,11.849945748374541
65.0,19.19596,11.865865278829006
65.0,19.39697,11.881354814659774
65.0,19.59798,11.896384355965914
65.0,19.79899,11.911423905089796
65.0,20.0,11.926463461984232
65.3,0.1,2.954021449737384
65.3,0.3010101,4.026336211589225
65.3,0.5020202,4.4637236743438775
65.3,0.7030303,4.72488351392043
65.3,0.9040404,4.938136615376891
65.3,1.105051,5.116123873064041
65.3,1.306061,5.271120741379936
65.3,1.507071,5.4261252292917925
65.3,1.708081,5.570368524364
65.3,1.909091,5.711030148471309
65.3,2.110101,5.848391994290003
65.3,2.311111,5.979827740738273
65.3,2.512121,6.111264745014626
65.3,2.713131,6.240591103005738
65.3,2.914141,6.369843850928773
65.3,3.115152,6.502419693877914
65.3,3.316162,6.637473160983376
65.3,3.517172,6.772527510769954
65.3,3.718182,6.907582691197012
65.3,3.919192,7.042639654647913
65.3,4.120202,7.178840077110863
65.3,4.321212,7.31581003815612
65.3,4.522222,7.452781401046358
65.3,4.723232,7.589752144995723
65.3,4.924242,7.726723249649447
65.3,5.125253,7.844354533568804
65.3,5.326263,7.950287643331695
65.3,5.527273,8.05622011399125
65.3,5.728283,8.162153932611309
65.3,5.929293,8.268088087165207
65.3,6.130303,8.414057459998306
65.3,6.331313,8.581752895637203
65.3,6.532323,8.749449521735576
65.3,6.733333,8.917147268848495
65.3,6.934343,9.084846076568615
65.3,7.135354,9.2238117132634
65.3,7.336364,9.34884157171695
65.3,7.537374,9.473874679240687
65.3,7.738384,9.598910908857254
65.3,7.939394,9.723950140120323
65.3,8.140404,9.831700759659036
65.3,8.341414,9.931988917920282
65.3,8.542424,10.032275895194434
65.3,8.743434,10.132568666817521
65.3,8.944444,10.232862209731465
65.3,9.145455,10.310263331343732
65.3,9.346465,10.37893423735282
65.3,9.547475,10.447606161230235
65.3,9.748485,10.516279082986074
65.3,9.949495,10.584942983443144
65.3,10.15051,10.647341926036395
65.3,10.35152,10.707632700929718
65.3,10.55253,10.76792386167082
65.3,10.75354,10.82821540181382
65.3,10.95455,10.888507315055634
65.3,11.15556,10.930270382045245
65.3,11.35657,10.966603951433198
65.3,11.55758,11.002947779043089
65.3,11.75859,11.039281862395494
65.3,11.9596,11.075626198877305
65.3,12.16061,11.11079201371433
65.3,12.36162,11.145658278307977
65.3,12.56263,11.180534670433323
65.3,12.76364,11.215401189064627
65.3,12.96465,11.250277832869951
65.3,13.16566,11.27612539668793
65.3,13.36667,11.30005319572024
65.3,13.56768,11.323981054194363
65.3,13.76869,11.347898971794935
65.3,13.9697,11.371826948025234
65.3,14.17071,11.395885419953396
65.3,14.37172,11.419974003558831
65.3,14.57273,11.444052619116166
65.3,14.77374,11.468131266345639
65.3,14.97475,11.49220994507216
65.3,15.17576,11.511828817660273
65.3,15.37677,11.530807736737481
65.3,15.57778,11.54978667830315
65.3,15.77879,11.568765642247225
65.3,15.9798,11.587734628480394
65.3,16.18081,11.607013846091732
65.3,16.38182,11.626333100668884
65.3,16.58283,11.645642368375503
65.3,16.78384,11.664961649068074
65.3,16.98485,11.684270942758245
65.3,17.18586,11.701040288973733
65.3,17.38687,11.717599649728445
65.3,17.58788,11.73414902165452
65.3,17.78889,11.750708404707458
65.3,17.9899,11.767267798839434
65.3,18.19091,11.78405732807175
65.3,18.39192,11.800856870778574
65.3,18.59293,11.817656420257443
65.3,18.79394,11.834465976465768
65.3,18.99495,11.851265539402048
65.3,19.19596,11.866345069446924
65.3,19.39697,11.881374606313331
65.3,19.59798,11.896414151018476
65.3,19.79899,11.911443703526508
65.3,20.0,11.926483263814388
65.6,0.1,2.959974450606584
65.6,0.3010101,4.035610232598212
65.6,0.5020202,4.474823204653585
65.6,0.7030303,4.736852904378989
65.6,0.9040404,4.948428320845123
65.6,1.105051,5.129184763061644
65.6,1.306061,5.284852916038857
65.6,1.507071,5.440057525439808
65.6,1.708081,5.584364606270941
65.6,1.909091,5.7239202359311925
65.6,2.110101,5.85904824099835
65.6,2.311111,5.986470747517881
65.6,2.512121,6.117521145446892
65.6,2.713131,6.246887085222548
65.6,2.914141,6.355207059027917
65.6,3.115152,6.477434969907241
65.6,3.316162,6.612488032294495
65.6,3.517172,6.761723056429703
65.6,3.718182,6.920624329050155
65.6,3.919192,7.053372152242996
65.6,4.120202,7.187900650110145
65.6,4.321212,7.323758729944615
65.6,4.522222,7.460729137434783
65.6,4.723232,7.597699923885967
65.6,4.924242,7.734672069075628
65.6,5.125253,7.852302447737103
65.6,5.326263,7.958235682496329
65.6,5.527273,8.064169274435844
65.6,5.728283,8.171539967341769
65.6,5.929293,8.287693547250585
65.6,6.130303,8.437257631251617
65.6,6.331313,8.604953434521688
65.6,6.532323,8.772650408717894
65.6,6.733333,8.935590884459732
65.6,6.934343,9.074600791431457
65.6,7.135354,9.213613512348317
65.6,7.336364,9.350097953640809
65.6,7.537374,9.475131336236968
65.6,7.738384,9.600167833341077
65.6,7.939394,9.725207324846135
65.6,8.140404,9.832958120386719
65.6,8.341414,9.933246417754335
65.6,8.542424,10.033532531274444
65.6,8.743434,10.130275062670407
65.6,8.944444,10.214127078754233
65.6,9.145455,10.298069642156996
65.6,9.346465,10.378522456821578
65.6,9.547475,10.447184470235165
65.6,9.748485,10.515857480327632
65.6,9.949495,10.584531467771146
65.6,10.15051,10.646930474528071
65.6,10.35152,10.707221305476578
65.6,10.55253,10.767512521659146
65.6,10.75354,10.824604289656472
65.6,10.95455,10.87288687955216
65.6,11.15556,10.921229759512546
65.6,11.35657,10.966193060695142
65.6,11.55758,11.002536922756404
65.6,11.75859,11.03887104041713
65.6,11.9596,11.075215410954968
65.6,12.16061,11.110381252381282
65.6,12.36162,11.145247541552223
65.6,12.56263,11.18012395816998
65.6,12.76364,11.213290678944825
65.6,12.96465,11.242797886529
65.6,13.16566,11.272285161771645
65.6,13.36667,11.299932669220048
65.6,13.56768,11.323860541358645
65.6,13.76869,11.347778472540325
65.6,13.9697,11.371706462347229
65.6,14.17071,11.39576494497385
65.6,14.37172,11.419853538737984
65.6,14.57273,11.44393216438757
65.6,14.77374,11.467100865745149
65.6,14.97475,11.48869967153093
65.6,15.17576,11.510258486661254
65.6,15.37677,11.530837359054873
65.6,15.57778,11.549806308191293
65.6,15.77879,11.568785279656975
65.6,15.9798,11.587764273366426
65.6,16.18081,11.607043497012738
65.6,16.38182,11.626362757422752
65.6,16.58283,11.645672030922592
65.6,16.78384,11.664421335478076
65.6,16.98485,11.682380677315468
65.6,17.18586,11.70031001661055
65.6,17.38687,11.717649373223205
65.6,17.58788,11.734208749777766
65.6,17.78889,11.75076813742759
65.6,17.9899,11.76731753617575
65.6,18.19091,11.784107069109304
65.6,18.39192,11.800906615460393
65.6,18.59293,11.817716168559217
65.6,18.79394,11.834105726192725
65.6,18.99495,11.850015288214276
65.6,19.19596,11.865924847213284
65.6,19.39697,11.881404400806929
65.6,19.59798,11.896443948858245
65.6,19.79899,11.911473504703922
65.6,20.0,11.926513068321063
65.9,0.1,2.965886491058359
65.9,0.3010101,4.045139071499839
65.9,0.5020202,4.485511865276686
65.9,0.7030303,4.749058698888556
65.9,0.9040404,4.963287691782925
65.9,1.105051,5.141979719103181
65.9,1.306061,5.297647509140423
65.9,1.507071,5.453305942981281
65.9,1.708081,5.59589727470011
65.9,1.909091,5.735155580251803
65.9,2.110101,5.870317107695085
65.9,2.311111,5.997739278933874
65.9,2.512121,6.126009943320805
65.9,2.713131,6.2480655771488385
65.9,2.914141,6.356206361605821
65.9,3.115152,6.491442559489137
65.9,3.316162,6.65294249322921
65.9,3.517172,6.797682529277064
65.9,3.718182,6.930429683064586
65.9,3.919192,7.063177415806316
65.9,4.120202,7.197705904674241
65.9,4.321212,7.333431918130565
65.9,4.522222,7.46915834193025
65.9,4.723232,7.605648774951363
65.9,4.924242,7.742619960827689
65.9,5.125253,7.860250431556004
65.9,5.326263,7.966183790135938
65.9,5.527273,8.078587389706485
65.9,5.728283,8.194739756091037
65.9,5.929293,8.310892530656977
65.9,6.130303,8.460457927432557
65.9,6.331313,8.628154092727309
65.9,6.532323,8.776964976718777
65.9,6.733333,8.91597524858136
65.9,6.934343,9.054986386013969
65.9,7.135354,9.193999304113905
65.9,7.336364,9.333014923473423
65.9,7.537374,9.472031169091183
65.9,7.738384,9.601423782098566
65.9,7.939394,9.726463533452383
65.9,8.140404,9.834215504650478
65.9,8.341414,9.934503940855707
65.9,8.542424,10.023147980855372
65.9,8.743434,10.106989412311654
65.9,8.944444,10.190841726773117
65.9,9.145455,10.274794441824822
65.9,9.346465,10.3587778860957
65.9,9.547475,10.442762223997983
65.9,9.748485,10.515435886107385
65.9,9.949495,10.58410996067604
65.9,10.15051,10.64650903144197
65.9,10.35152,10.706799918394225
65.9,10.55253,10.75798171080474
65.9,10.75354,10.8062640081339
65.9,10.95455,10.85455663480575
65.9,11.15556,10.902889503035004
65.9,11.35657,10.951242668380337
65.9,11.55758,10.999586151274983
65.9,11.75859,11.038460223258806
65.9,11.9596,11.074804627874537
65.9,12.16061,11.10997049584463
65.9,12.36162,11.144836809643715
65.9,12.56263,11.175373720764405
65.9,12.76364,11.204880838236209
65.9,12.96465,11.234388047107016
65.9,13.16566,11.263875312477849
65.9,13.36667,11.29335266149944
65.9,13.56768,11.32284010076429
65.9,13.76869,11.347667976573021
65.9,13.9697,11.371585979932917
65.9,14.17071,11.395644473251831
65.9,14.37172,11.419733077168486
65.9,14.57273,11.441671818094699
65.9,14.77374,11.463270603593248
65.9,14.97475,11.484859416088632
65.9,15.17576,11.506428235454482
65.9,15.37677,11.527987079155164
65.9,15.57778,11.549555949903908
65.9,15.77879,11.568814919700593
65.9,15.9798,11.587793920903412
65.9,16.18081,11.607073150540415
65.9,16.38182,11.62638241679823
65.9,16.58283,11.644461735940288
65.9,16.78384,11.662421070810511
65.9,16.98485,11.68038041735415
65.9,17.18586,11.698309760706604
65.9,17.38687,11.716249114771541
65.9,17.58788,11.734178480777501
65.9,17.78889,11.750817872151634
65.9,17.9899,11.767377275482799
65.9,18.19091,11.784166812115382
65.9,18.39192,11.80096636210805
65.9,18.59293,11.816915914297104
65.9,18.79394,11.832835473231752
65.9,18.99495,11.848755039118116
65.9,19.19596,11.86465460180041
65.9,19.39697,11.880554171329567
65.9,19.59798,11.896453747932386
65.9,19.79899,11.911503307353751
65.9,20.0,11.926532874294727
66.2,0.1,2.9714516564601476
66.2,0.3010101,4.054551811348878
66.2,0.5020202,4.496397937258334
66.2,0.7030303,4.760413094072106
66.2,0.9040404,4.975533532535778
66.2,1.105051,5.154431530363896
66.2,1.306061,5.310049471159539
66.2,1.507071,5.465648426227755
66.2,1.708081,5.6076869736231085
66.2,1.909091,5.745175584675397
66.2,2.110101,5.879941612272088
66.2,2.311111,6.009126406064179
66.2,2.512121,6.138569475896459
66.2,2.713131,6.272938068097283
66.2,2.914141,6.4063221238197094
66.2,3.115152,6.541995803620628
66.2,3.316162,6.67474159307437
66.2,3.517172,6.807488036574551
66.2,3.718182,6.940235096322305
66.2,3.919192,7.072982737751571
66.2,4.120202,7.207511216553723
66.2,4.321212,7.343237271582253
66.2,4.522222,7.478963734370571
66.2,4.723232,7.614690584827735
66.2,4.924242,7.750567921923775
66.2,5.125253,7.8694832557962195
66.2,5.326263,7.985634962618614
66.2,5.527273,8.101787108340448
66.2,5.728283,8.217939674351925
66.2,5.929293,8.334092641852942
66.2,6.130303,8.47933286735491
66.2,6.331313,8.618339461305332
66.2,6.532323,8.75734906911657
66.2,6.733333,8.896359596292264
66.2,6.934343,9.035371954390294
66.2,7.135354,9.174387059935803
66.2,7.336364,9.31340283496689
66.2,7.537374,9.452421205552849
66.2,7.738384,9.591440102568905
66.2,7.939394,9.727720765862497
66.2,8.140404,9.83216756265083
66.2,8.341414,9.916014466040778
66.2,8.542424,9.999862295171855
66.2,8.743434,10.083714026883026
66.2,8.944444,10.167556639135888
66.2,9.145455,10.251509504628078
66.2,9.346465,10.335493044213175
66.2,9.547475,10.419487477729495
66.2,9.748485,10.503472783951263
66.2,9.949495,10.583698461840736
66.2,10.15051,10.643077784473185
66.2,10.35152,10.69135944551827
66.2,10.55253,10.739641445240778
66.2,10.75354,10.787933778997195
66.2,10.95455,10.83621644252082
66.2,11.15556,10.884549298617781
66.2,11.35657,10.93290243819092
66.2,11.55758,10.981255896001413
66.2,11.75859,11.029599667927933
66.2,11.9596,11.074393849602966
66.2,12.16061,11.107939930447115
66.2,12.36162,11.137446864030307
66.2,12.56263,11.166953890537853
66.2,12.76364,11.196461009172902
66.2,12.96465,11.225968219240377
66.2,13.16566,11.255455474749352
66.2,13.36667,11.284942811581576
66.2,13.56768,11.314430238828066
66.2,13.76869,11.34390775581632
66.2,13.9697,11.371465500832343
66.2,14.17071,11.394654049443616
66.2,14.37172,11.416242787370368
66.2,14.57273,11.437841552505791
66.2,14.77374,11.459440344725747
66.2,14.97475,11.48102916390278
66.2,15.17576,11.502597987504362
66.2,15.37677,11.524156835132183
66.2,15.57778,11.545715709803051
66.2,15.77879,11.567284611365643
66.2,15.9798,11.587813571071596
66.2,16.18081,11.606552824765197
66.2,16.38182,11.624512140868466
66.2,16.58283,11.642461468760041
66.2,16.78384,11.660420808347777
66.2,16.98485,11.678380159596678
66.2,17.18586,11.69631950698813
66.2,17.38687,11.714248865081036
66.2,17.58788,11.732178235052736
66.2,17.78889,11.750107616883513
66.2,17.9899,11.767427016789899
66.2,18.19091,11.783816554905124
66.2,18.39192,11.799736103789726
66.2,18.59293,11.815655659672444
66.2,18.79394,11.831575222493068
66.2,18.99495,11.847484792267627
66.2,19.19596,11.863394358605998
66.2,19.39697,11.879293931789503
66.2,19.59798,11.895193512037862
66.2,19.79899,11.911093099307891
66.2,20.0,11.926562681742434
66.5,0.1,2.9768779301856414
66.5,0.3010101,4.0637217631627065
66.5,0.5020202,4.507573717595039
66.5,0.7030303,4.77196429596266
66.5,0.9040404,4.984848179664077
66.5,1.105051,5.166278751532071
66.5,1.306061,5.321107179504612
66.5,1.507071,5.476704374807887
66.5,1.708081,5.618770213621058
66.5,1.909091,5.750117788527846
66.5,2.110101,5.872009348548238
66.5,2.311111,6.001441571101224
66.5,2.512121,6.1355966480269855
66.5,2.713131,6.27342167506306
66.5,2.914141,6.414744990056663
66.5,3.115152,6.551421705532979
66.5,3.316162,6.684363276778399
66.5,3.517172,6.817109626692988
66.5,3.718182,6.9498565957046115
66.5,3.919192,7.082604149143978
66.5,4.120202,7.217132628275538
66.5,4.321212,7.352859739639586
66.5,4.522222,7.488586256820695
66.5,4.723232,7.624313158588911
66.5,4.924242,7.759277204210405
66.5,5.125253,7.874555665621832
66.5,5.326263,7.986061336724704
66.5,5.527273,8.102213584196267
66.5,5.728283,8.218366249060264
66.5,5.929293,8.334519313864636
66.5,6.130303,8.481624552576982
66.5,6.331313,8.629263012100962
66.5,6.532323,8.768271594015797
66.5,6.733333,8.907283093845113
66.5,6.934343,9.046295423078211
66.5,7.135354,9.185310498751608
66.5,7.336364,9.324326242657722
66.5,7.537374,9.463343581411477
66.5,7.738384,9.602363445538696
66.5,7.939394,9.729708650931626
66.5,8.140404,9.835419278867489
66.5,8.341414,9.923640047327362
66.5,8.542424,10.00749091331874
66.5,8.743434,10.09133268090573
66.5,8.944444,10.175185327323657
66.5,9.145455,10.259138272602042
66.5,9.346465,10.34312190780462
66.5,9.547475,10.427116434627356
66.5,9.748485,10.511101832141978
66.5,9.949495,10.583356924273458
66.5,10.15051,10.64548636569365
66.5,10.35152,10.69666793886417
66.5,10.55253,10.744959984214214
66.5,10.75354,10.793242363184175
66.5,10.95455,10.841525071254962
66.5,11.15556,10.889857988226154
66.5,11.35657,10.938211192851423
66.5,11.55758,10.986564715028186
66.5,11.75859,11.034918550542171
66.5,11.9596,11.07392308239824
66.5,12.16061,11.109319122917077
66.5,12.36162,11.139915980911496
66.5,12.56263,11.169423029843154
66.5,12.76364,11.198930170824974
66.5,12.96465,11.228437403071302
66.5,13.16566,11.257924684782022
66.5,13.36667,11.2874120485804
66.5,13.56768,11.316899502632443
66.5,13.76869,11.346387046234108
66.5,13.9697,11.371315040557956
66.5,14.17071,11.395523573902656
66.5,14.37172,11.41750230508149
66.5,14.57273,11.439101079323793
66.5,14.77374,11.460689880616783
66.5,14.97475,11.482288708800308
66.5,15.17576,11.503847542582225
66.5,15.37677,11.52541640042159
66.5,15.57778,11.546975285328688
66.5,15.77879,11.568534197087171
66.5,15.9798,11.587823234539568
66.5,16.18081,11.607162499144017
66.5,16.38182,11.625251818165566
66.5,16.58283,11.6432111510598
66.5,16.78384,11.661170495653298
66.5,16.98485,11.679129851891814
66.5,17.18586,11.697059204711643
66.5,17.38687,11.71498856823422
66.5,17.58788,11.732917943617903
66.5,17.78889,11.750857330828754
66.5,17.9899,11.767476767563776
66.5,18.19091,11.78426633034213
66.5,18.39192,11.800225883448825
66.5,18.59293,11.81613544246659
66.5,18.79394,11.832055008432212
66.5,18.99495,11.847974581298924
66.5,19.19596,11.863874150972858
66.5,19.39697,11.879773727475648
66.5,19.59798,11.895683311022946
66.5,19.79899,11.911582901609025
66.5,20.0,11.926582496248521
66.8,0.1,2.982523246799843
66.8,0.3010101,4.072612911290962
66.8,0.5020202,4.518220934691786
66.8,0.7030303,4.783197386305402
66.8,0.9040404,4.998895461712758
66.8,1.105051,5.1780386685224675
66.8,1.306061,5.332695958546804
66.8,1.507071,5.487358831922573
66.8,1.708081,5.6146394272017375
66.8,1.909091,5.732433212834672
66.8,2.110101,5.858303696323011
66.8,2.311111,5.99962040735439
66.8,2.512121,6.140939498306134
66.8,2.713131,6.28225980858166
66.8,2.914141,6.423583191563843
66.8,3.115152,6.560258187692317
66.8,3.316162,6.693468979637759
66.8,3.517172,6.826640803968128
66.8,3.718182,6.959387683137079
66.8,3.919192,7.092135149176667
66.8,4.120202,7.226663633124518
66.8,4.321212,7.362389807532013
66.8,4.522222,7.497980347220709
66.8,4.723232,7.632471958383351
66.8,4.924242,7.766963919060698
66.8,5.125253,7.882242476856798
66.8,5.326263,7.985899684076656
66.8,5.527273,8.091252914686487
66.8,5.728283,8.20740562883591
66.8,5.929293,8.323558742078209
66.8,6.130303,8.47066407132239
66.8,6.331313,8.63456542900899
66.8,6.532323,8.794465269919387
66.8,6.733333,8.933475103429453
66.8,6.934343,9.072487781577657
66.8,7.135354,9.211501220750206
66.8,7.336364,9.350517342517811
66.8,7.537374,9.486403651016236
66.8,7.738384,9.608585626163062
66.8,7.939394,9.730771278792842
66.8,8.140404,9.836481049178564
66.8,8.341414,9.935079819610122
66.8,8.542424,10.030561759413851
66.8,8.743434,10.114413429243061
66.8,8.944444,10.198265977769461
66.8,9.145455,10.282208966815778
66.8,9.346465,10.36620269640298
66.8,9.547475,10.446466915613087
66.8,9.748485,10.514680758600944
66.8,9.949495,10.582895524652548
66.8,10.15051,10.645015024782788
66.8,10.35152,10.705096249576568
66.8,10.55253,10.762087971107587
66.8,10.75354,10.81038039901264
66.8,10.95455,10.858663155203843
66.8,11.15556,10.906996169076484
66.8,11.35657,10.955349483813057
66.8,11.55758,11.000323267994633
66.8,11.75859,11.036907700387514
66.8,11.9596,11.073482370905474
66.8,12.16061,11.108878435143613
66.8,12.36162,11.143984923005513
66.8,12.56263,11.177341675598242
66.8,12.76364,11.206848849348148
66.8,12.96465,11.236356114184874
66.8,13.16566,11.265843440084822
66.8,13.36667,11.295330850303312
66.8,13.56768,11.322998502591172
66.8,13.76869,11.347086522205021
66.8,13.9697,11.371174598376255
66.8,14.17071,11.39538314154192
66.8,14.37172,11.419611790689
66.8,14.57273,11.442890508143318
66.8,14.77374,11.46448931966876
66.8,14.97475,11.486088158041433
66.8,15.17576,11.507647004854753
66.8,15.37677,11.529205876150696
66.8,15.57778,11.549794818729035
66.8,15.77879,11.568813854320428
66.8,15.9798,11.587842910612638
66.8,16.18081,11.607172180682607
66.8,16.38182,11.62654148505417
66.8,16.58283,11.645320810448233
66.8,16.78384,11.663280160185327
66.8,16.98485,11.68123952154952
66.8,17.18586,11.6991788804365
66.8,17.38687,11.717108250101274
66.8,17.58788,11.734427649537109
66.8,17.78889,11.750977082649374
66.8,17.9899,11.767526525833421
66.8,18.19091,11.784316091981188
66.8,18.39192,11.801115670411749
66.8,18.59293,11.817505244578534
66.8,18.79394,11.833424813278233
66.8,18.99495,11.849344388886836
66.8,19.19596,11.86524396172537
66.8,19.39697,11.881143541378735
66.8,19.59798,11.89660312657222
66.8,19.79899,11.911612717211625
66.8,20.0,11.926612314897778
67.1,0.1,2.9878506801122477
67.1,0.3010101,4.081543089694479
67.1,0.5020202,4.528762944735639
67.1,0.7030303,4.794451215342707
67.1,0.9040404,5.00825923912484
67.1,1.105051,5.190074081016131
67.1,1.306061,5.344908574284451
67.1,1.507071,5.500542417226518
67.1,1.708081,5.644311684952251
67.1,1.909091,5.777222545774927
67.1,2.110101,5.899221696162597
67.1,2.311111,6.0289613654391445
67.1,2.512121,6.1568411707737924
67.1,2.713131,6.2910996134461605
67.1,2.914141,6.432421052382668
67.1,3.115152,6.569096317263675
67.1,3.316162,6.7023065337400896
67.1,3.517172,6.835516806221189
67.1,3.718182,6.96872907399212
67.1,3.919192,7.10166522554561
67.1,4.120202,7.236194712525447
67.1,4.321212,7.371175748659788
67.1,4.522222,7.5056670425998675
67.1,4.723232,7.640159702415011
67.1,4.924242,7.774651709025227
67.1,5.125253,7.889930360625249
67.1,5.326263,7.99358768950825
67.1,5.527273,8.09724533209032
67.1,5.728283,8.200904278860506
67.1,5.929293,8.312599192992401
67.1,6.130303,8.459704612846755
67.1,6.331313,8.62360608169714
67.1,6.532323,8.787508627820353
67.1,6.733333,8.951412191821555
67.1,6.934343,9.098679456523744
67.1,7.135354,9.237693258047186
67.1,7.336364,9.365285427115857
67.1,7.537374,9.487464852829518
67.1,7.738384,9.609648054596715
67.1,7.939394,9.731832928021594
67.1,8.140404,9.837542840639237
67.1,8.341414,9.936141718933671
67.1,8.542424,10.03473932477292
67.1,8.743434,10.133343636585556
67.1,8.944444,10.221346822530814
67.1,9.145455,10.305289853436943
67.1,9.346465,10.37778237429021
67.1,9.547475,10.445995359544469
67.1,9.748485,10.5142092850776
67.1,9.949495,10.582424132755675
67.1,10.15051,10.644543691428158
67.1,10.35152,10.70462496675995
67.1,10.55253,10.764706609879807
67.1,10.75354,10.824788614751391
67.1,10.95455,10.875791313637444
67.1,11.15556,10.92413442377498
67.1,11.35657,10.963318275079397
67.1,11.55758,10.999892498402195
67.1,11.75859,11.036476961945533
67.1,11.9596,11.073051663416738
67.1,12.16061,11.108447751366826
67.1,12.36162,11.143554261028918
67.1,12.56263,11.178650890477023
67.1,12.76364,11.21374763847496
67.1,12.96465,11.244264855670135
67.1,13.16566,11.273752225615873
67.1,13.36667,11.298770062574862
67.1,13.56768,11.32285803797445
67.1,13.76869,11.346946070239143
67.1,13.9697,11.371034159008314
67.1,14.17071,11.39524271198957
67.1,14.37172,11.419481370399915
67.1,14.57273,11.44371005978617
67.1,14.77374,11.467938779923823
67.1,14.97475,11.489877615476937
67.1,15.17576,11.51144647531643
67.1,15.37677,11.530775461712572
67.1,15.57778,11.54980448334856
67.1,15.77879,11.568823525826785
67.1,15.9798,11.587852588983024
67.1,16.18081,11.607181864494944
67.1,16.38182,11.626551174133755
67.1,16.58283,11.64592049599271
67.1,16.78384,11.665279830065288
67.1,16.98485,11.683359194872335
67.1,17.18586,11.701288559851475
67.1,17.38687,11.71792797395303
67.1,17.58788,11.734477401161678
67.1,17.78889,11.751026838472738
67.1,17.9899,11.767576285876817
67.1,18.19091,11.784355855371976
67.1,18.39192,11.801155437098622
67.1,18.59293,11.817955025032791
67.1,18.79394,11.834764619103975
67.1,18.99495,11.85070419813375
67.1,19.19596,11.866603774102973
67.1,19.39697,11.881623353778528
67.1,19.59798,11.896632940431882
67.1,19.79899,11.911632534136825
67.1,20.0,11.92664213485951
67.4,0.1,2.993652079999922
67.4,0.3010101,4.090572384094116
67.4,0.5020202,4.53871235046219
67.4,0.7030303,4.8059451287294985
67.4,0.9040404,5.02245084723227
67.4,1.105051,5.2024002783728776
67.4,1.306061,5.358179882578009
67.4,1.507071,5.513815298898538
67.4,1.708081,5.657559945999454
67.4,1.909091,5.797314943372906
67.4,2.110101,5.931515208848656
67.4,2.311111,6.060777465152299
67.4,2.512121,6.19050719306791
67.4,2.713131,6.318312683936681
67.4,2.914141,6.445095002398495
67.4,3.115152,6.5666333369468814
67.4,3.316162,6.699842045431627
67.4,3.517172,6.833052829822558
67.4,3.718182,6.966263628806824
67.4,3.919192,7.111996966526734
67.4,4.120202,7.244300467028342
67.4,4.321212,7.37879142705512
67.4,4.522222,7.513283770961368
67.4,4.723232,7.647775478914796
67.4,4.924242,7.7822675318356564
67.4,5.125253,7.897546277040586
67.4,5.326263,8.001203724787795
67.4,5.527273,8.104861485380543
67.4,5.728283,8.208520545670533
67.4,5.929293,8.313639743099193
67.4,6.130303,8.45987767131791
67.4,6.331313,8.623779325231528
67.4,6.532323,8.787682049382022
67.4,6.733333,8.951585784983035
67.4,6.934343,9.113436842139231
67.4,7.135354,9.244209593258692
67.4,7.336364,9.366387374792126
67.4,7.537374,9.488567036076777
67.4,7.738384,9.610750467196484
67.4,7.939394,9.732935563993918
67.4,8.140404,9.838645622688423
67.4,8.341414,9.937244613564353
67.4,8.542424,10.035846329451102
67.4,8.743434,10.13444074956467
67.4,8.944444,10.229555436929488
67.4,9.145455,10.309118637878198
67.4,9.346465,10.377330748149275
67.4,9.547475,10.445543816246728
67.4,9.748485,10.51375782358934
67.4,9.949495,10.581972752061981
67.4,10.15051,10.644092369238638
67.4,10.35152,10.704173695316726
67.4,10.55253,10.764255388632055
67.4,10.75354,10.824327443246734
67.4,10.95455,10.881220017770847
67.4,11.15556,10.926303467001304
67.4,11.35657,10.962887479011865
67.4,11.55758,10.999461733519702
67.4,11.75859,11.036046228051221
67.4,11.9596,11.072620960314461
67.4,12.16061,11.108017071995198
67.4,12.36162,11.143123603520905
67.4,12.56263,11.178220254699156
67.4,12.76364,11.213317024295948
67.4,12.96465,11.246684067544551
67.4,13.16566,11.274541658148618
67.4,13.36667,11.298629588996338
67.4,13.56768,11.32271757704666
67.4,13.76869,11.346805621883023
67.4,13.9697,11.37089372317094
67.4,14.17071,11.395102285957934
67.4,14.37172,11.419340953660972
67.4,14.57273,11.443569652301267
67.4,14.77374,11.46780838162914
67.4,14.97475,11.491097186241268
67.4,15.17576,11.51176611481261
67.4,15.37677,11.530795122395704
67.4,15.57778,11.549814150922883
67.4,15.77879,11.568843200227562
67.4,15.9798,11.587862270247685
67.4,16.18081,11.607201551156153
67.4,16.38182,11.62656086607816
67.4,16.58283,11.64593019318408
67.4,16.78384,11.665299532469051
67.4,16.98485,11.684078901740431
67.4,17.18586,11.70143830241495
67.4,17.38687,11.717977723690929
67.4,17.58788,11.734527155100935
67.4,17.78889,11.7510765966016
67.4,17.9899,11.76761604819721
67.4,18.19091,11.784405621021419
67.4,18.39192,11.801205206037649
67.4,18.59293,11.818004797252135
67.4,18.79394,11.834804394606769
67.4,18.99495,11.851183996540799
67.4,19.19596,11.866653583682721
67.4,19.39697,11.881653166333503
67.4,19.59798,11.896662756032898
67.4,19.79899,11.911662352790296
67.4,20.0,11.926661956539327
67.7,0.1,2.999065574428846
67.7,0.3010101,4.099616702983021
67.7,0.5020202,4.549490922246055
67.7,0.7030303,4.817138729797221
67.7,0.9040404,5.034527092919152
67.7,1.105051,5.21470475506128
67.7,1.306061,5.3707804316323005
67.7,1.507071,5.526763034844055
67.7,1.708081,5.670195122111781
67.7,1.909091,5.808505185198596
67.7,2.110101,5.94257203230949
67.7,2.311111,6.068624260663736
67.7,2.512121,6.196219181890187
67.7,2.713131,6.314426081227548
67.7,2.914141,6.42131501091004
67.7,3.115152,6.541566151427165
67.7,3.316162,6.688418025230229
67.7,3.517172,6.8480947763729585
67.7,3.718182,6.9907738828202515
67.7,3.919192,7.121540671501728
67.7,4.120202,7.253704175761264
67.7,4.321212,7.386808125949749
67.7,4.522222,7.520756488665135
67.7,4.723232,7.65524824515075
67.7,4.924242,7.789740344721619
67.7,5.125253,7.905019183659119
67.7,5.326263,8.008676753064819
67.7,5.527273,8.112335630730218
67.7,5.728283,8.222393134467804
67.7,5.929293,8.336079590857954
67.7,6.130303,8.48231780040894
67.7,6.331313,8.646219784872576
67.7,6.532323,8.810122824547012
67.7,6.733333,8.966053561982827
67.7,6.934343,9.117938318799487
67.7,7.135354,9.248321601264909
67.7,7.336364,9.368274450831704
67.7,7.537374,9.489750160058149
67.7,7.738384,9.611933826076381
67.7,7.939394,9.734119151469505
67.7,8.140404,9.839830364621172
67.7,8.341414,9.938429477306256
67.7,8.542424,10.037033312618712
67.7,8.743434,10.124376514809933
67.7,8.944444,10.207199971914761
67.7,9.145455,10.290083891834007
67.7,9.346465,10.372998516705357
67.7,9.547475,10.445122290792252
67.7,9.748485,10.513336378445493
67.7,9.949495,10.581551386125303
67.7,10.15051,10.643671061760784
67.7,10.35152,10.703752439030254
67.7,10.55253,10.763834183023613
67.7,10.75354,10.814916779442829
67.7,10.95455,10.863229843120344
67.7,11.15556,10.911573163939963
67.7,11.35657,10.959916774474344
67.7,11.55758,10.99904097398975
67.7,11.75859,11.035625499165509
67.7,11.9596,11.072200261914157
67.7,12.16061,11.107606397326776
67.7,12.36162,11.142702950907927
67.7,12.56263,11.177799623956817
67.7,12.76364,11.208506825217741
67.7,12.96465,11.23821420957279
67.7,13.16566,11.267891657183961
67.7,13.36667,11.297569186105822
67.7,13.56768,11.322587120609104
67.7,13.76869,11.346675177867981
67.7,13.9697,11.370763291526039
67.7,14.17071,11.394971864106097
67.7,14.37172,11.419200541140722
67.7,14.57273,11.443439249019693
67.7,14.77374,11.465478093674136
67.7,14.97475,11.48717698097316
67.7,15.17576,11.50883587742389
67.7,15.37677,11.530504797403573
67.7,15.57778,11.549833822112923
67.7,15.77879,11.568852878208416
67.7,15.9798,11.587881954957558
67.7,16.18081,11.607211241310498
67.7,16.38182,11.626580561476041
67.7,16.58283,11.645949893826959
67.7,16.78384,11.664049277584919
67.7,16.98485,11.68202867587125
67.7,17.18586,11.699988071749141
67.7,17.38687,11.717937477609292
67.7,17.58788,11.734576911927737
67.7,17.78889,11.751126357568593
67.7,17.9899,11.767665813292151
67.7,18.19091,11.784455389446741
67.7,18.39192,11.801254977742477
67.7,18.59293,11.818054572226767
67.7,18.79394,11.833994169651818
67.7,18.99495,11.849893773289327
67.7,19.19596,11.86578337391434
67.7,19.39697,11.881672980770347
67.7,19.59798,11.896682573811427
67.7,19.79899,11.911692173564465
67.7,20.0,11.926691780312229
68.0,0.1,3.0045990348592713
68.0,0.3010101,4.108647805950875
68.0,0.5020202,4.560526523974383
68.0,0.7030303,4.828652276352395
68.0,0.9040404,5.043853155756279
68.0,1.105051,5.226613003622044
68.0,1.306061,5.382688929405149
68.0,1.507071,5.538604904759815
68.0,1.708081,5.680337857846458
68.0,1.909091,5.818352829308169
68.0,2.110101,5.952384078209666
68.0,2.311111,6.078435926635502
68.0,2.512121,6.206726083038524
68.0,2.713131,6.339680843264109
68.0,2.914141,6.44686923758856
68.0,3.115152,6.581436238966453
68.0,3.316162,6.738787171204386
68.0,3.517172,6.869551653543586
68.0,3.718182,7.000317761102182
68.0,3.919192,7.131083459645308
68.0,4.120202,7.263247972806092
68.0,4.321212,7.396351994824421
68.0,4.522222,7.529456368767063
68.0,4.723232,7.662721088776107
68.0,4.924242,7.797213233572701
68.0,5.125253,7.912492165339208
68.0,5.326263,8.01746071120363
68.0,5.527273,8.13114664457333
68.0,5.728283,8.244832930219888
68.0,5.929293,8.358519554004697
68.0,6.130303,8.504758041185477
68.0,6.331313,8.666787817258202
68.0,6.532323,8.818669453741219
68.0,6.733333,8.970553707637977
68.0,6.934343,9.122440448007547
68.0,7.135354,9.252825184747376
68.0,7.336364,9.372780226780819
68.0,7.537374,9.492736124154732
68.0,7.738384,9.613117205919883
68.0,7.939394,9.735303759637821
68.0,8.140404,9.841014126893445
68.0,8.341414,9.936362965376402
68.0,8.542424,10.019188074896448
68.0,8.743434,10.102011010534394
68.0,8.944444,10.184834752194044
68.0,9.145455,10.267718826034244
68.0,9.346465,10.350633555750198
68.0,9.547475,10.433549104889577
68.0,9.748485,10.512914940618533
68.0,9.949495,10.58113002756731
68.0,10.15051,10.64324976162062
68.0,10.35152,10.700311370563602
68.0,10.55253,10.748623839942333
68.0,10.75354,10.796926623647725
68.0,10.95455,10.845239717380066
68.0,11.15556,10.89358302332125
68.0,11.35657,10.941926606467096
68.0,11.55758,10.990280490267164
68.0,11.75859,11.035204774421546
68.0,11.9596,11.071779567644237
68.0,12.16061,11.107185726828757
68.0,12.36162,11.140622466983118
68.0,12.56263,11.17032967831996
68.0,12.76364,11.200026977061237
68.0,12.96465,11.229734362484452
68.0,13.16566,11.259411800759816
68.0,13.36667,11.289089318212431
68.0,13.56768,11.318766921363691
68.0,13.76869,11.346534736761006
68.0,13.9697,11.370622862781046
68.0,14.17071,11.394841445118894
68.0,14.37172,11.418170176969921
68.0,14.57273,11.439859018416904
68.0,14.77374,11.461557885657376
68.0,14.97475,11.483256778527402
68.0,15.17576,11.504915678302545
68.0,15.37677,11.526584601234854
68.0,15.57778,11.548243549989808
68.0,15.77879,11.568872558468058
68.0,15.9798,11.587891641981434
68.0,16.18081,11.607230933737203
68.0,16.38182,11.626030277104764
68.0,16.58283,11.644009657880188
68.0,16.78384,11.661999049463656
68.0,16.98485,11.679978451873858
68.0,17.18586,11.697927851288588
68.0,17.38687,11.715887260615224
68.0,17.58788,11.733836680948954
68.0,17.78889,11.751176120300565
68.0,17.9899,11.76771558014979
68.0,18.19091,11.784505159632223
68.0,18.39192,11.80089474964557
68.0,18.59293,11.816804344101493
68.0,18.79394,11.832703944898073
68.0,18.99495,11.848603551997542
68.0,19.19596,11.864493155900869
68.0,19.39697,11.880382766022361
68.0,19.59798,11.896262382574518
68.0,19.79899,11.9117219956529
68.0,20.0,11.926721605411762
13.4,0.1,1.0075500641447135
13.4,0.3010101,1.323367274508759
13.4,0.5020202,1.371611768119074
13.4,0.7030303,1.277388185663204
13.4,1.306061,1.4915430021670133
13.4,1.507071,1.8365593964088012
13.4,1.708081,1.7790875100798529
13.4,1.909091,1.6981033134230852
13.4,2.110101,1.6180581336385893
13.4,2.311111,1.5500853834346553
13.4,2.512121,1.4976726799619762
13.4,2.713131,1.4645746328720195
13.4,2.914141,1.449468330693433
13.4,3.115152,1.4519145100487065
13.4,3.316162,1.4723392329168912
13.4,3.517172,1.508298172842901
13.4,3.718182,1.561666897308275
13.4,3.919192,1.6326181249748006
13.4,4.120202,1.722119889118465
13.4,4.321212,1.8355686744507238
13.4,4.522222,1.9738853553124052
13.4,4.723232,2.144611429355479
13.4,4.924242,2.354251789819311
13.4,5.125253,2.6062292588359552
13.4,5.326263,2.9076086542681443
13.4,5.527273,3.2850932529530525
13.4,5.728283,3.7074419277353265
13.4,5.929293,4.198914765351365
13.4,6.130303,4.741049328211096
13.4,6.331313,5.338288910056933
13.4,6.532323,5.971362359445375
13.4,6.733333,6.6381989629897244
13.4,6.934343,7.308594765822566
13.4,7.135354,7.944238813185416
13.4,7.336364,8.53315378956961
13.4,7.537374,9.045633762374798
13.4,7.738384,9.463206469004664
13.4,7.939394,9.772783209012577
13.4,8.140404,10.014173585228418
13.4,8.341414,10.199366703772306
13.4,8.542424,10.344067709782012
13.4,8.743434,10.457054340912673
13.4,8.944444,10.545603068703379
13.4,9.145455,10.621809175859081
13.4,9.346465,10.687592657674449
13.4,9.547475,10.746021122703912
13.4,9.748485,10.798254664105265
13.4,9.949495,10.843103802898996
13.4,10.15051,10.88337684147093
13.4,10.35152,10.925420072523446
13.4,10.55253,10.96603552518967
13.4,10.75354,11.000775715404735
13.4,10.95455,11.035567044782828
13.4,11.15556,11.06759083831769
13.4,11.35657,11.098696311361495
13.4,11.55758,11.129053142980537
13.4,11.75859,11.157541768021067
13.4,11.9596,11.186061116496457
13.4,12.16061,11.213041912291237
13.4,12.36162,11.23956367100782
13.4,12.56263,11.26560627325616
13.4,12.76364,11.290569901882254
13.4,12.96465,11.315564003352863
13.4,13.16566,11.33952897938397
13.4,13.36667,11.363234537689642
13.4,13.56768,11.386560630387965
13.4,13.76869,11.409177325263341
13.4,13.9697,11.431824328716834
13.4,14.17071,11.453681857566135
13.4,14.37172,11.475349740189056
13.4,14.57273,11.496717952078068
13.4,14.77374,11.517536505565081
13.4,14.97475,11.538385256927658
13.4,15.17576,11.558574302423251
13.4,15.37677,11.578613550475495
13.4,15.57778,11.598382984582042
13.4,15.77879,11.61771259186419
13.4,15.9798,11.637072324892552
13.4,16.18081,11.65586219540242
13.4,16.38182,11.67452216696003
13.4,16.58283,11.692942227218866
13.4,16.78384,11.710992356000444
13.4,16.98485,11.729082566763703
13.4,17.18586,11.74664281472735
13.4,17.38687,11.764123099655409
13.4,17.58788,11.781373412423898
13.4,17.78889,11.798313735346845
13.4,17.9899,11.81529411578292
13.4,18.19091,11.831804475879748
13.4,18.39192,11.848254836260802
13.4,18.59293,11.864485190656627
13.4,18.79394,11.88046552763648
13.4,18.99495,11.896485909797331
13.4,19.19596,11.91207624403397
13.4,19.39697,11.927626558782894
13.4,19.59798,11.942966855789424
13.4,19.79899,11.95810713057365
13.4,20.0,11.972157421567141
13.700000000000001,0.1,1.035830534941161
13.700000000000001,0.3010101,1.3805872030369022
13.700000000000001,0.5020202,1.437634102607184
13.700000000000001,0.7030303,1.355479715429314
13.700000000000001,1.306061,1.4459190774781538
13.700000000000001,1.507071,1.8329741270838622
13.700000000000001,1.708081,1.779119460283293
13.700000000000001,1.909091,1.7051651593561017
13.700000000000001,2.110101,1.6320827853614657
13.700000000000001,2.311111,1.571993636401368
13.700000000000001,2.512121,1.5273104728985403
13.700000000000001,2.713131,1.5010690952236172
13.700000000000001,2.914141,1.4920983264954508
13.700000000000001,3.115152,1.4992826505877344
13.700000000000001,3.316162,1.5241677380866483
13.700000000000001,3.517172,1.5643352485764808
13.700000000000001,3.718182,1.621357377750982
13.700000000000001,3.919192,1.6955161990452423
13.700000000000001,4.120202,1.7875300600291348
13.700000000000001,4.321212,1.9032280957499919
13.700000000000001,4.522222,2.0435888781531895
13.700000000000001,4.723232,2.2157884455611105
13.700000000000001,4.924242,2.426125411693075
13.700000000000001,5.125253,2.677935447245679
13.700000000000001,5.326263,2.977207989577817
13.700000000000001,5.527273,3.353198495785683
13.700000000000001,5.728283,3.7710751105804308
13.700000000000001,5.929293,4.253912592151764
13.700000000000001,6.130303,4.793930780712448
13.700000000000001,6.331313,5.375738371742043
13.700000000000001,6.532323,6.002894154608542
13.700000000000001,6.733333,6.65692606962578
13.700000000000001,6.934343,7.311598919373421
13.700000000000001,7.135354,7.944557365907517
13.700000000000001,7.336364,8.521103022682675
13.700000000000001,7.537374,9.030870267400742
13.700000000000001,7.738384,9.447337607078948
13.700000000000001,7.939394,9.758768002249749
13.700000000000001,8.140404,10.00091567149228
13.700000000000001,8.341414,10.189680140030534
13.700000000000001,8.542424,10.335356180789207
13.700000000000001,8.743434,10.450127339601442
13.700000000000001,8.944444,10.540091397910476
13.700000000000001,9.145455,10.61658465075295
13.700000000000001,9.346465,10.683434257053932
13.700000000000001,9.547475,10.742090398407493
13.700000000000001,9.748485,10.79479129230798
13.700000000000001,9.949495,10.839968163399881
13.700000000000001,10.15051,10.883587188290559
13.700000000000001,10.35152,10.924239621083952
13.700000000000001,10.55253,10.963354684865608
13.700000000000001,10.75354,10.99822336233351
13.700000000000001,10.95455,11.033143240981973
13.700000000000001,11.15556,11.065195921772983
13.700000000000001,11.35657,11.096420108188857
13.700000000000001,11.55758,11.126795964525801
13.700000000000001,11.75859,11.155363563700094
13.700000000000001,11.9596,11.183941930810539
13.700000000000001,12.16061,11.210941916770416
13.700000000000001,12.36162,11.23754278287893
13.700000000000001,12.56263,11.26359467207105
13.700000000000001,12.76364,11.288617554797574
13.700000000000001,12.96465,11.313660944359905
13.700000000000001,13.16566,11.33764531013628
13.700000000000001,13.36667,11.361410214582468
13.700000000000001,13.56768,11.384755773013207
13.700000000000001,13.76869,11.40743191149768
13.700000000000001,13.9697,11.430118386168846
13.700000000000001,14.17071,11.452005455012713
13.700000000000001,14.37172,11.473742856904472
13.700000000000001,14.57273,11.4951206720973
13.700000000000001,14.77374,11.515998818882561
13.700000000000001,14.97475,11.536897184579814
13.700000000000001,15.17576,11.557115893850597
13.700000000000001,15.37677,11.577244803447163
13.700000000000001,15.57778,11.597013952228716
13.700000000000001,15.77879,11.616413279641256
13.700000000000001,15.9798,11.635822744875567
13.700000000000001,16.18081,11.65464238264812
13.700000000000001,16.38182,11.673382134842143
13.700000000000001,16.58283,11.69180199836366
13.700000000000001,16.78384,11.709931952494406
13.700000000000001,16.98485,11.728051989765117
13.700000000000001,17.18586,11.745652088222283
13.700000000000001,17.38687,11.76320224823389
13.700000000000001,17.58788,11.780452431323178
13.700000000000001,17.78889,11.79746266152973
13.700000000000001,17.9899,11.81448293937763
13.700000000000001,18.19091,11.831023213337735
13.700000000000001,18.39192,11.847533518654693
13.700000000000001,18.59293,11.863773791556751
13.700000000000001,18.79394,11.879814095972474
13.700000000000001,18.99495,11.895854425893765
13.700000000000001,19.19596,11.91147472081255
13.700000000000001,19.39697,11.927075031322317
13.700000000000001,19.59798,11.942425279534865
13.700000000000001,19.79899,11.95540552340576
13.700000000000001,20.0,11.968375776387814
14.0,0.1,0.921022151882117
14.0,0.3010101,1.1348311963202207
14.0,0.5020202,1.2274638591993317
14.0,0.7030303,1.219758793541734
14.0,1.306061,1.4141835877494635
14.0,1.507071,1.8292979741684114
14.0,1.708081,1.7822725596371805
14.0,1.909091,1.7143840551751661
14.0,2.110101,1.648934704956048
14.0,2.311111,1.5960833083036055
14.0,2.512121,1.5586438492022934
14.0,2.713131,1.5390739760024608
14.0,2.914141,1.5356477819185215
14.0,3.115152,1.547984165646164
14.0,3.316162,1.5772210260970487
14.0,3.517172,1.6214066639918112
14.0,3.718182,1.6820828367400824
14.0,3.919192,1.759283813153194
14.0,4.120202,1.8540665611445806
14.0,4.321212,1.972098558399634
14.0,4.522222,2.1144482334976367
14.0,4.723232,2.288156764777913
14.0,4.924242,2.499193618343079
14.0,5.125253,2.750840676976346
14.0,5.326263,3.066423502931068
14.0,5.527273,3.4214237556212197
14.0,5.728283,3.8349462879758716
14.0,5.929293,4.313575528956154
14.0,6.130303,4.841690102013046
14.0,6.331313,5.419684742045518
14.0,6.532323,6.03217993761814
14.0,6.733333,6.674986201105241
14.0,6.934343,7.32176718487152
14.0,7.135354,7.9396386046554
14.0,7.336364,8.512922350717936
14.0,7.537374,9.016564359149653
14.0,7.738384,9.43189982455906
14.0,7.939394,9.744326087771517
14.0,8.140404,9.989328930486877
14.0,8.341414,10.178953834657467
14.0,8.542424,10.327253056417119
14.0,8.743434,10.443359446419674
14.0,8.944444,10.534149704226259
14.0,9.145455,10.611898808339848
14.0,9.346465,10.679015925682306
14.0,9.547475,10.738378984388136
14.0,9.748485,10.791397596618607
14.0,9.949495,10.833505125089378
14.0,10.15051,10.874973796460802
14.0,10.35152,10.91908185644194
14.0,10.55253,10.96083338723997
14.0,10.75354,10.99588054421333
14.0,10.95455,11.030789367014115
14.0,11.15556,11.062851082188953
14.0,11.35657,11.09410425218256
14.0,11.55758,11.124668728458735
14.0,11.75859,11.153315327646647
14.0,11.9596,11.181892914498524
14.0,12.16061,11.2088921827749
14.0,12.36162,11.235502302251303
14.0,12.56263,11.261683251614718
14.0,12.76364,11.286765416740264
14.0,12.96465,11.311798211141499
14.0,13.16566,11.335792029087319
14.0,13.36667,11.359576365446937
14.0,13.56768,11.383041238339967
14.0,13.76869,11.405766842647395
14.0,13.9697,11.42845286096474
14.0,14.17071,11.450339512062719
14.0,14.37172,11.472096480848974
14.0,14.57273,11.493603792502109
14.0,14.77374,11.514541545535284
14.0,14.97475,11.535429567056726
14.0,15.17576,11.555657964649326
14.0,15.37677,11.575806552845606
14.0,15.57778,11.59571535175261
14.0,15.77879,11.615164401370357
14.0,15.9798,11.634573614786484
14.0,16.18081,11.653393027771397
14.0,16.38182,11.672162552789787
14.0,16.58283,11.69073219978683
14.0,16.78384,11.708901969916413
14.0,16.98485,11.727021829529468
14.0,17.18586,11.744621772037037
14.0,17.38687,11.762201781631218
14.0,17.58788,11.779591856829407
14.0,17.78889,11.796641974192585
14.0,17.9899,11.813652131444755
14.0,18.19091,11.830192301573323
14.0,18.39192,11.846732515657092
14.0,18.59293,11.863092762089632
14.0,18.79394,11.879163003929806
14.0,18.99495,11.895203255284343
14.0,19.19596,11.910823483940897
14.0,19.39697,11.926453745569555
14.0,19.59798,11.941904022540292
14.0,19.79899,11.95601425797106
14.0,20.0,11.968984468650632
68.3,0.1,3.0097535516379046
68.3,0.3010101,4.117254991492004
68.3,0.5020202,4.570719251061389
68.3,0.7030303,4.839494200429689
68.3,0.9040404,5.057651719160555
68.3,1.105051,5.238291197292478
68.3,1.306061,5.3941318817975255
68.3,1.507071,5.549977482492676
68.3,1.708081,5.691622772139952
68.3,1.909091,5.828540408293578
68.3,2.110101,5.962458137306397
68.3,2.311111,6.0909822677502445
68.3,2.512121,6.219509585726681
68.3,2.713131,6.352553737654948
68.3,2.914141,6.485759961280423
68.3,3.115152,6.617566604506
68.3,3.316162,6.748331324389844
68.3,3.517172,6.8790957097902075
68.3,3.718182,7.009861723170471
68.3,3.919192,7.1406273301942855
68.3,4.120202,7.2727918508159926
68.3,4.321212,7.405895943280851
68.3,4.522222,7.539000384612037
68.3,4.723232,7.672104156854203
68.3,4.924242,7.805209243047004
68.3,5.125253,7.926214529352505
68.3,5.326263,8.03990027721188
68.3,5.527273,8.1535863867052
68.3,5.728283,8.267272842675549
68.3,5.929293,8.38095963125836
68.3,6.130303,8.519404476392507
68.3,6.331313,8.671285526121478
68.3,6.532323,8.823170257134004
68.3,6.733333,8.975056533208404
68.3,6.934343,9.126945227427454
68.3,7.135354,9.257331393761419
68.3,7.336364,9.37728760637756
68.3,7.537374,9.497243644305842
68.3,7.738384,9.617201476656328
68.3,7.939394,9.737159073982355
68.3,8.140404,9.831178577096388
68.3,8.341414,9.914002132270818
68.3,8.542424,9.996825531393071
68.3,8.743434,10.0796457537898
68.3,8.944444,10.162479779041346
68.3,9.145455,10.245364005556235
68.3,9.346465,10.328278838556951
68.3,9.547475,10.411184491356579
68.3,9.748485,10.494100944106018
68.3,9.949495,10.577008178328477
68.3,10.15051,10.634019024895057
68.3,10.35152,10.682321204934373
68.3,10.55253,10.730633703736778
68.3,10.75354,10.778936517126638
68.3,10.95455,10.82724964079381
68.3,11.15556,10.875592931588844
68.3,11.35657,10.923936487002422
68.3,11.55758,10.972290343881749
68.3,11.75859,11.020644498262623
68.3,11.9596,11.068998946281974
68.3,12.16061,11.10244550375818
68.3,12.36162,11.132152627833873
68.3,12.56263,11.161849840108399
68.3,12.76364,11.191557139759496
68.3,12.96465,11.221264526197526
68.3,13.16566,11.250941955096799
68.3,13.36667,11.280619461062907
68.3,13.56768,11.310297052852142
68.3,13.76869,11.339974729791374
68.3,13.9697,11.369652491237108
68.3,14.17071,11.392551139410502
68.3,14.37172,11.414249960538543
68.3,14.57273,11.43593880760159
68.3,14.77374,11.457637680445805
68.3,14.97475,11.479336578907203
68.3,15.17576,11.500995481982716
68.3,15.37677,11.522664407906015
68.3,15.57778,11.544323359608287
68.3,15.77879,11.56598233696315
68.3,15.9798,11.587651339788067
68.3,16.18081,11.606000668577973
68.3,16.38182,11.62398004261602
68.3,16.58283,11.641959427517184
68.3,16.78384,11.65993882326787
68.3,16.98485,11.677928229784056
68.3,17.18586,11.69587763270149
68.3,17.38687,11.71383704549129
68.3,17.58788,11.731786469279418
68.3,17.78889,11.749745904020342
68.3,17.9899,11.767695349674623
68.3,18.19091,11.783704928307191
68.3,18.39192,11.799604519907762
68.3,18.59293,11.815514117841246
68.3,18.79394,11.831413722106538
68.3,18.99495,11.847323332654833
68.3,19.19596,11.8632029398456
68.3,19.39697,11.879092553216275
68.3,19.59798,11.894982173028096
68.3,19.79899,11.910861799250615
68.3,20.0,11.926751431824409
14.3,0.1,1.0114112787336027
14.3,0.3010101,1.4669158829987232
14.3,0.5020202,1.5489892168791544
14.3,0.7030303,0.7276816190457609
14.3,0.9040404,0.009456224649538691
14.3,1.306061,1.1886973374943013
14.3,1.507071,1.8238217393117395
14.3,1.708081,1.7855231156892843
14.3,1.909091,1.7255212363226622
14.3,2.110101,1.6680292326308443
14.3,2.311111,1.6228194548570478
14.3,2.512121,1.5919519010262615
14.3,2.713131,1.5781920121729751
14.3,2.914141,1.5803693251837483
14.3,3.115152,1.597833370063394
14.3,3.316162,1.6315888457305747
14.3,3.517172,1.6795550736575735
14.3,3.718182,1.743482503588763
14.3,3.919192,1.8238030819762994
14.3,4.120202,1.9214698289454915
14.3,4.321212,2.0419760910361577
14.3,4.522222,2.186270477222584
14.3,4.723232,2.3613501271873716
14.3,4.924242,2.57314327545687
14.3,5.125253,2.824624597646323
14.3,5.326263,3.138185479243178
14.3,5.527273,3.490975315239145
14.3,5.728283,3.9003803517476965
14.3,5.929293,4.3721016002384046
14.3,6.130303,4.893711693439807
14.3,6.331313,5.460061846142993
14.3,6.532323,6.0638046834841814
14.3,6.733333,6.695505837592394
14.3,6.934343,7.329799683783285
14.3,7.135354,7.939485633049693
14.3,7.336364,8.503478136843004
14.3,7.537374,9.00320963175235
14.3,7.738384,9.417125778704895
14.3,7.939394,9.730588951692475
14.3,8.140404,9.977057640937076
14.3,8.341414,10.169165313449891
14.3,8.542424,10.318979151894755
14.3,8.743434,10.436580673156849
14.3,8.944444,10.528536826659503
14.3,9.145455,10.606972690602834
14.3,9.346465,10.674896569549894
14.3,9.547475,10.734667150733783
14.3,9.748485,10.788063428662118
14.3,9.949495,10.835365064588082
14.3,10.15051,10.877891518250905
14.3,10.35152,10.918840715151621
14.3,10.55253,10.958262622281254
14.3,10.75354,10.99334857031095
14.3,10.95455,11.028445908009482
14.3,11.15556,11.06062633855605
14.3,11.35657,11.091958391010289
14.3,11.55758,11.122532000922156
14.3,11.75859,11.151197739838246
14.3,11.9596,11.179864337751608
14.3,12.16061,11.206922723637334
14.3,12.36162,11.233592052942516
14.3,12.56263,11.259762349390646
14.3,12.76364,11.284863867402184
14.3,12.96465,11.309955944831808
14.3,13.16566,11.334009111451005
14.3,13.36667,11.3578328573315
14.3,13.56768,11.381297228053498
14.3,13.76869,11.404042334689471
14.3,13.9697,11.426787812474641
14.3,14.17071,11.448733971849668
14.3,14.37172,11.470540494031892
14.3,14.57273,11.492047421345392
14.3,14.77374,11.51300479506919
14.3,14.97475,11.533972412383342
14.3,15.17576,11.554260447430373
14.3,15.37677,11.574448706176783
14.3,15.57778,11.594367217489298
14.3,15.77879,11.613845987858143
14.3,15.9798,11.633324912938201
14.3,16.18081,11.65220407404193
14.3,16.38182,11.671023367504517
14.3,16.58283,11.689582806063408
14.3,16.78384,11.707782381070695
14.3,16.98485,11.725982050059807
14.3,17.18586,11.743651832187808
14.3,17.38687,11.761271688787561
14.3,17.58788,11.778661618079285
14.3,17.78889,11.795741607904354
14.3,17.9899,11.812821652060135
14.3,18.19091,11.829411732362413
14.3,18.39192,11.845991852635194
14.3,18.59293,11.862342000496128
14.3,18.79394,11.878442166123538
14.3,18.99495,11.894542361533714
14.3,19.19596,11.910212549840475
14.3,19.39697,11.925872758882868
14.3,19.59798,11.94132297128718
14.3,19.79899,11.95655318185651
14.3,20.0,11.97179340815684
14.600000000000001,0.1,0.8933499976551296
14.600000000000001,0.3010101,1.1811666837445396
14.600000000000001,0.5020202,1.269307949100105
14.600000000000001,0.7030303,1.2114734643528533
14.600000000000001,1.306061,1.4172110454336166
14.600000000000001,1.507071,1.8224053107398346
14.600000000000001,1.708081,1.7884303031237094
14.600000000000001,1.909091,1.7369155262117735
14.600000000000001,2.110101,1.687680487724871
14.600000000000001,2.311111,1.6502793537360303
14.600000000000001,2.512121,1.626008454211095
14.600000000000001,2.713131,1.6180468765110065
14.600000000000001,2.914141,1.6257624883705841
14.600000000000001,3.115152,1.648273424178971
14.600000000000001,3.316162,1.6865104059025182
14.600000000000001,3.517172,1.7382484159167169
14.600000000000001,3.718182,1.8054484519375145
14.600000000000001,3.919192,1.8888971146978122
14.600000000000001,4.120202,1.9894589171313513
14.600000000000001,4.321212,2.1124607155721207
14.600000000000001,4.522222,2.258718126599599
14.600000000000001,4.723232,2.435182067047609
14.600000000000001,4.924242,2.647730698772753
14.600000000000001,5.125253,2.899038520395343
14.600000000000001,5.326263,3.2106152202456495
14.600000000000001,5.527273,3.5611470440832322
14.600000000000001,5.728283,3.966413879446447
14.600000000000001,5.929293,4.431215564460943
14.600000000000001,6.130303,4.946339368760628
14.600000000000001,6.331313,5.501146575089387
14.600000000000001,6.532323,6.096202073301193
14.600000000000001,6.733333,6.716920915763426
14.600000000000001,6.934343,7.3388785556752705
14.600000000000001,7.135354,7.940416121466967
14.600000000000001,7.336364,8.495039693214878
14.600000000000001,7.537374,8.990762218510493
14.600000000000001,7.738384,9.40301562076584
14.600000000000001,7.939394,9.717242250093365
14.600000000000001,8.140404,9.965074122885936
14.600000000000001,8.341414,10.159514924826759
14.600000000000001,8.542424,10.310803580776543
14.600000000000001,8.743434,10.429880426022489
14.600000000000001,8.944444,10.522992647319784
14.600000000000001,9.145455,10.602125402785227
14.600000000000001,9.346465,10.670846208230937
14.600000000000001,9.547475,10.731024432939575
14.600000000000001,9.748485,10.784818497225077
14.600000000000001,9.949495,10.827452426924593
14.600000000000001,10.15051,10.873364305351192
14.600000000000001,10.35152,10.916180438483023
14.600000000000001,10.55253,10.95581080550493
14.600000000000001,10.75354,10.9909456540138
14.600000000000001,10.95455,11.026201637081675
14.600000000000001,11.15556,11.058510896647096
14.600000000000001,11.35657,11.089931929298125
14.600000000000001,11.55758,11.120494748251446
14.600000000000001,11.75859,11.149179701631086
14.600000000000001,11.9596,11.17792539520112
14.600000000000001,12.16061,11.205052973471496
14.600000000000001,12.36162,11.23176157803126
14.600000000000001,12.56263,11.257931274570945
14.600000000000001,12.76364,11.283052197774955
14.600000000000001,12.96465,11.308203614131111
14.600000000000001,13.16566,11.332296178434417
14.600000000000001,13.36667,11.35615937717959
14.600000000000001,13.56768,11.379623283724523
14.600000000000001,13.76869,11.402387928456019
14.600000000000001,13.9697,11.425182900307426
14.600000000000001,14.17071,11.447188596472287
14.600000000000001,14.37172,11.469034698674765
14.600000000000001,14.57273,11.490531268421034
14.600000000000001,14.77374,11.511518285347421
14.600000000000001,14.97475,11.532535515410256
14.600000000000001,15.17576,11.552883199791491
14.600000000000001,15.37677,11.573111142587722
14.600000000000001,15.57778,11.593029384571574
14.600000000000001,15.77879,11.612537887589436
14.600000000000001,15.9798,11.632076527414709
14.600000000000001,16.18081,11.65102543600379
14.600000000000001,16.38182,11.669884502011058
14.600000000000001,16.58283,11.688453744106855
14.600000000000001,16.78384,11.706673128003924
14.600000000000001,16.98485,11.724942599951456
14.600000000000001,17.18586,11.7426722130634
14.600000000000001,17.38687,11.760331914910358
14.600000000000001,17.58788,11.777711705831617
14.600000000000001,17.78889,11.794821566860266
14.600000000000001,17.9899,11.811961486079666
14.600000000000001,18.19091,11.828621463669478
14.600000000000001,18.39192,11.845221485209501
14.600000000000001,18.59293,11.861581538959106
14.600000000000001,18.79394,11.877711623749603
14.600000000000001,18.99495,11.893861748511155
14.600000000000001,19.19596,11.909581882077758
14.600000000000001,19.39697,11.925262032295496
14.600000000000001,19.59798,11.940712182510067
14.600000000000001,19.79899,11.954872332122408
14.600000000000001,20.0,11.967922492098001
14.9,0.1,0.9496111087559812
14.9,0.3010101,1.341260936529211
14.9,0.5020202,1.4219707884993518
14.9,0.7030303,1.3531267800597357
14.9,0.9040404,0.23535214012048092
14.9,1.105051,0.11258911719348944
14.9,1.306061,1.5274316029988546
14.9,1.507071,1.8138689420573413
14.9,1.708081,1.794954520195564
14.9,1.909091,1.7513335775565322
14.9,2.110101,1.709865204745181
14.9,2.311111,1.6792275517882984
14.9,2.512121,1.6615557875530242
14.9,2.713131,1.6596302209536509
14.9,2.914141,1.67238191467794
14.9,3.115152,1.6996205564113378
14.9,3.316162,1.741918559891371
14.9,3.517172,1.7974675053344127
14.9,3.718182,1.8681947406449586
14.9,3.919192,1.9546237070074854
14.9,4.120202,2.0579342623253143
14.9,4.321212,2.183276545490126
14.9,4.522222,2.331533019583767
14.9,4.723232,2.5095060801202806
14.9,4.924242,2.7227352029075296
14.9,5.125253,2.973842876208634
14.9,5.326263,3.2675255433027903
14.9,5.527273,3.6311711499958275
14.9,5.728283,4.032000886854771
14.9,5.929293,4.4925754255327295
14.9,6.130303,4.995877466115285
14.9,6.331313,5.546920533970578
14.9,6.532323,6.12769319681164
14.9,6.733333,6.737511173341471
14.9,6.934343,7.351789064296027
14.9,7.135354,7.938512117491874
14.9,7.336364,8.489844933703354
14.9,7.537374,8.978788883031719
14.9,7.738384,9.389291950967714
14.9,7.939394,9.704086671542177
14.9,8.140404,9.95405997236282
14.9,8.341414,10.149263793141548
14.9,8.542424,10.302976325172398
14.9,8.743434,10.423338861137886
14.9,8.944444,10.517267666331856
14.9,9.145455,10.597646719159528
14.9,9.346465,10.666635303998738
14.9,9.547475,10.727530811377479
14.9,9.748485,10.781632866276645
14.9,9.949495,10.827792281960143
14.9,10.15051,10.869026826458477
14.9,10.35152,10.91117210963101
14.9,10.55253,10.953488888606486
14.9,10.75354,10.988792396315016
14.9,10.95455,11.024047437653554
14.9,11.15556,11.056355838776133
14.9,11.35657,11.087795966681803
14.9,11.55758,11.118537599117905
14.9,11.75859,11.147291668456045
14.9,11.9596,11.17603666374329
14.9,12.16061,11.20316360008297
14.9,12.36162,11.229891535820716
14.9,12.56263,11.256160415481661
14.9,12.76364,11.28132069515671
14.9,12.96465,11.306481573242555
14.9,13.16566,11.330573641078894
14.9,13.36667,11.354456323246968
14.9,13.56768,11.377999614951829
14.9,13.76869,11.400813767372517
14.9,13.9697,11.423608319181426
14.9,14.17071,11.445613628758831
14.9,14.37172,11.467469326958206
14.9,14.57273,11.489075418334288
14.9,14.77374,11.510102057490094
14.9,14.97475,11.531118962631542
14.9,15.17576,11.551466350208113
14.9,15.37677,11.571723982023173
14.9,15.57778,11.591751860659565
14.9,15.77879,11.61130008280297
14.9,15.9798,11.630848477085369
14.9,16.18081,11.649797163847998
14.9,16.38182,11.668685999192602
14.9,16.58283,11.687364983088466
14.9,16.78384,11.705634168325977
14.9,16.98485,11.723903460204959
14.9,17.18586,11.741632912743507
14.9,17.38687,11.7593124518318
14.9,17.58788,11.776812076932023
14.9,17.78889,11.793961805284926
14.9,17.9899,11.811101596525484
14.9,18.19091,11.827761461674456
14.9,18.39192,11.844391375079615
14.9,18.59293,11.860861337658621
14.9,18.79394,11.877021339093165
14.9,18.99495,11.893171375746835
14.9,19.19596,11.90889143335283
14.9,19.39697,11.924601516769819
14.9,19.59798,11.94015163086297
14.9,19.79899,11.953221725764505
14.9,20.0,11.966271834260445
15.200000000000001,0.1,0.8613832094514389
15.200000000000001,0.3010101,1.169792320467624
15.200000000000001,0.5020202,1.2631923779119039
15.200000000000001,0.7030303,1.2468373338342897
15.200000000000001,1.306061,1.390139089862976
15.200000000000001,1.507071,1.8299459751707665
15.200000000000001,1.708081,1.8081089462304354
15.200000000000001,1.909091,1.769668607940314
15.200000000000001,2.110101,1.7338894472016273
15.200000000000001,2.311111,1.7097335476588156
15.200000000000001,2.512121,1.6983996921089282
15.200000000000001,2.713131,1.7021637963632286
15.200000000000001,2.914141,1.7201141449897197
15.200000000000001,3.115152,1.751461055153162
15.200000000000001,3.316162,1.7977323554308091
15.200000000000001,3.517172,1.8571331418145014
15.200000000000001,3.718182,1.93130810474827
15.200000000000001,3.919192,2.0208532182711125
15.200000000000001,4.120202,2.126654717923875
15.200000000000001,4.321212,2.2542640081124827
15.200000000000001,4.522222,2.404595422341222
15.200000000000001,4.723232,2.5840515634534653
15.200000000000001,4.924242,2.7979489520695364
15.200000000000001,5.125253,3.0488288829994987
15.200000000000001,5.326263,3.340271344600784
15.200000000000001,5.527273,3.7023326820177958
15.200000000000001,5.728283,4.098536156694475
15.200000000000001,5.929293,4.55038605148444
15.200000000000001,6.130303,5.0515947454361445
15.200000000000001,6.331313,5.587583991379377
15.200000000000001,6.532323,6.16264835215721
15.200000000000001,6.733333,6.760293189597849
15.200000000000001,6.934343,7.359599029822936
15.200000000000001,7.135354,7.9436716229222935
15.200000000000001,7.336364,8.482301771715484
15.200000000000001,7.537374,8.96820618116864
15.200000000000001,7.738384,9.376323530886678
15.200000000000001,7.939394,9.691618323422404
15.200000000000001,8.140404,9.942148145686033
15.200000000000001,8.341414,10.140189832085808
15.200000000000001,8.542424,10.294748184386973
15.200000000000001,8.743434,10.416786066574074
15.200000000000001,8.944444,10.512090924903724
15.200000000000001,9.145455,10.59275761358969
15.200000000000001,9.346465,10.662812984479402
15.200000000000001,9.547475,10.723936594561158
15.200000000000001,9.748485,10.778516502461676
15.200000000000001,9.949495,10.825004100644303
15.200000000000001,10.15051,10.866467112034787
15.200000000000001,10.35152,10.908830882192117
15.200000000000001,10.55253,10.951146566566495
15.200000000000001,10.75354,10.986578884426892
15.200000000000001,10.95455,11.021962786045142
15.200000000000001,11.15556,11.054300314862092
15.200000000000001,11.35657,11.08584943636107
15.200000000000001,11.55758,11.116610279055243
15.200000000000001,11.75859,11.145423538856784
15.200000000000001,11.9596,11.174217758408231
15.200000000000001,12.16061,11.201354051440603
15.200000000000001,12.36162,11.2281412782726
15.200000000000001,12.56263,11.254419570928203
15.200000000000001,12.76364,11.279619247721405
15.200000000000001,12.96465,11.304809549005995
15.200000000000001,13.16566,11.328921118764864
15.200000000000001,13.36667,11.352843261048148
15.200000000000001,13.56768,11.376396098433469
15.200000000000001,13.76869,11.399239778675556
15.200000000000001,13.9697,11.42207388230361
15.200000000000001,14.17071,11.444088799681788
15.200000000000001,14.37172,11.466004072953949
15.200000000000001,14.57273,11.487609809938249
15.200000000000001,14.77374,11.508676075787438
15.200000000000001,14.97475,11.529732631557371
15.200000000000001,15.17576,11.550099713749676
15.200000000000001,15.37677,11.570407014757487
15.200000000000001,15.57778,11.590444621219419
15.200000000000001,15.77879,11.61004255591938
15.200000000000001,15.9798,11.629630685209218
15.200000000000001,16.18081,11.648599141794204
15.200000000000001,16.38182,11.667547730160225
15.200000000000001,16.58283,11.686236510916157
15.200000000000001,16.78384,11.704555485634685
15.200000000000001,16.98485,11.722854585251946
15.200000000000001,17.18586,11.74061387197025
15.200000000000001,17.38687,11.758353237443721
15.200000000000001,17.58788,11.775862715600585
15.200000000000001,17.78889,11.793062299556995
15.200000000000001,17.9899,11.810241958340645
15.200000000000001,18.19091,11.826921710311249
15.200000000000001,18.39192,11.843611510441535
15.200000000000001,18.59293,11.860081369798552
15.200000000000001,18.79394,11.876291280276554
15.200000000000001,18.99495,11.892471230948166
15.200000000000001,19.19596,11.908221216609435
15.200000000000001,19.39697,11.923981233586652
15.200000000000001,19.59798,11.939531276686546
15.200000000000001,19.79899,11.95486134056948
15.200000000000001,20.0,11.969051415189481
15.5,0.1,0.8110201818519989
15.5,0.3010101,1.237396719185143
15.5,0.5020202,1.316101817876254
15.5,0.7030303,0.9767521292741878
15.5,1.306061,1.3928794245477456
15.5,1.507071,1.8319911693091608
15.5,1.708081,1.8199574489775714
15.5,1.909091,1.7883911283523386
15.5,2.110101,1.7595736294514084
15.5,2.311111,1.7415402640641033
15.5,2.512121,1.7362174832463635
15.5,2.713131,1.7455339900221458
15.5,2.914141,1.7681701006400024
15.5,3.115152,1.8039598894617537
15.5,3.316162,1.8540734800909713
15.5,3.517172,1.9170988310609827
15.5,3.718182,1.994657659358439
15.5,3.919192,2.0870853802414606
15.5,4.120202,2.195562864638177
15.5,4.321212,2.325453473673282
15.5,4.522222,2.4777285381008243
15.5,4.723232,2.658636610211644
15.5,4.924242,2.873165387604474
15.5,5.125253,3.1238097882296594
15.5,5.326263,3.431040082442708
15.5,5.527273,3.7724990610657896
15.5,5.728283,4.164308586997333
15.5,5.929293,4.612008505175152
15.5,6.130303,5.101605035759739
15.5,6.331313,5.633940508562676
15.5,6.532323,6.195083915603059
15.5,6.733333,6.782170894783334
15.5,6.934343,7.374035078069577
15.5,7.135354,7.943541768611624
15.5,7.336364,8.478885919464876
15.5,7.537374,8.957718476078522
15.5,7.738384,9.363711351387979
15.5,7.939394,9.679271068247875
15.5,8.140404,9.931555092138474
15.5,8.341414,10.130255235594143
15.5,8.542424,10.287107908653141
15.5,8.743434,10.410391801185424
15.5,8.944444,10.506503506798095
15.5,9.145455,10.588406763923812
15.5,9.346465,10.658730116782891
15.5,9.547475,10.72056124018824
15.5,9.748485,10.775459328727695
15.5,9.949495,10.81879861988988
15.5,10.15051,10.862058621236816
15.5,10.35152,10.908717266231621
15.5,10.55253,10.948883607456738
15.5,10.75354,10.984305054958826
15.5,10.95455,11.01986778667305
15.5,11.15556,11.052414138304169
15.5,11.35657,11.083982493786749
15.5,11.55758,11.114752639244962
15.5,11.75859,11.143555257945088
15.5,11.9596,11.172428692580322
15.5,12.16061,11.19966420876463
15.5,12.36162,11.226450864766788
15.5,12.56263,11.252738624227332
15.5,12.76364,11.277937804688747
15.5,12.96465,11.303177522251803
15.5,13.16566,11.327358513992886
15.5,13.36667,11.351280211663424
15.5,13.56768,11.374842630413337
15.5,13.76869,11.397685918578867
15.5,13.9697,11.420559560000225
15.5,14.17071,11.442654018981012
15.5,14.37172,11.464568942167034
15.5,14.57273,11.486174349778567
15.5,14.77374,11.50724030673848
15.5,14.97475,11.528356489979021
15.5,15.17576,11.548803207448568
15.5,15.37677,11.569120236491324
15.5,15.57778,11.58915758796239
15.5,15.77879,11.608755283921026
15.5,15.9798,11.628403120122098
15.5,16.18081,11.647471298119129
15.5,16.38182,11.666419681007861
15.5,16.58283,11.685108269502946
15.5,16.78384,11.703437064750439
15.5,16.98485,11.721805945618891
15.5,17.18586,11.739655033034293
15.5,17.38687,11.757404248096567
15.5,17.58788,11.774913585583848
15.5,17.78889,11.792113038655307
15.5,17.9899,11.80936254541978
15.5,18.19091,11.826132165788716
15.5,18.39192,11.842821859171115
15.5,18.59293,11.859291618717256
15.5,18.79394,11.8755014366102
15.5,18.99495,11.891761291196799
15.5,19.19596,11.907581198995457
15.5,19.39697,11.923341142640457
15.5,19.59798,11.938891116851838
15.5,19.79899,11.954221116440095
15.5,20.0,11.967361140061675
15.8,0.1,0.9310415252166759
15.8,0.3010101,1.2765927602971954
15.8,0.5020202,1.3234956191715024
15.8,0.7030303,1.052462472827214
15.8,1.306061,1.18539309158971
15.8,1.507071,1.8387985709081036
15.8,1.708081,1.8329332086246934
15.8,1.909091,1.8085920928475658
15.8,2.110101,1.7867493155105014
15.8,2.311111,1.7751410906623613
15.8,2.512121,1.7752702042067103
15.8,2.713131,1.7894231501593607
15.8,2.914141,1.8167838244950454
15.8,3.115152,1.856972852385322
15.8,3.316162,1.911046386598558
15.8,3.517172,1.9774507015331513
15.8,3.718182,2.0579760902895434
15.8,3.919192,2.1533056468732052
15.8,4.120202,2.2645090345028573
15.8,4.321212,2.3967582196965616
15.8,4.522222,2.550877427000397
15.8,4.723232,2.7330593807847143
15.8,4.924242,2.9482437182767836
15.8,5.125253,3.1986339487632014
15.8,5.326263,3.5037961109114013
15.8,5.527273,3.8430108301087142
15.8,5.728283,4.230746822648732
15.8,5.929293,4.671723953658455
15.8,6.130303,5.155096922034373
15.8,6.331313,5.676382572695224
15.8,6.532323,6.229324957873648
15.8,6.733333,6.806084857470855
15.8,6.934343,7.386276915434357
15.8,7.135354,7.947946248639915
15.8,7.336364,8.473877902892655
15.8,7.537374,8.948310105754622
15.8,7.738384,9.351882145324565
15.8,7.939394,9.66741511635355
15.8,8.140404,9.920561648474065
15.8,8.341414,10.121168028248269
15.8,8.542424,10.279316303296367
15.8,8.743434,10.403976174101933
15.8,8.944444,10.501214504412179
15.8,9.145455,10.583805131533984
15.8,9.346465,10.65493587457488
15.8,9.547475,10.717175027377962
15.8,9.748485,10.77246127861302
15.8,9.949495,10.821114190086831
15.8,10.15051,10.864653039408513
15.8,10.35152,10.906485139440688
15.8,10.55253,10.946690452054396
15.8,10.75354,10.98229075754047
15.8,10.95455,11.017882599917707
15.8,11.15556,11.050428204883676
15.8,11.35657,11.0820756924062
15.8,11.55758,11.11293498241952
15.8,11.75859,11.14181684346962
15.8,11.9596,11.170699638629388
15.8,12.16061,11.197934592453125
15.8,12.36162,11.224760624550772
15.8,12.56263,11.251097771670064
15.8,12.76364,11.276336390724097
15.8,12.96465,11.301575617547762
15.8,13.16566,11.325766168782028
15.8,13.36667,11.34971738224608
15.8,13.56768,11.373319325897404
15.8,13.76869,11.396202169806395
15.8,13.9697,11.419075423761452
15.8,14.17071,11.441169533421192
15.8,14.37172,11.463124066771039
15.8,14.57273,11.484769093094807
15.8,14.77374,11.505884691869994
15.8,14.97475,11.527000569210518
15.8,15.17576,11.5474570118625
15.8,15.37677,11.567813727962626
15.8,15.57778,11.587900776295246
15.8,15.77879,11.607548189294278
15.8,15.9798,11.627205788621318
15.8,16.18081,11.646263755129072
15.8,16.38182,11.665261894855115
15.8,16.58283,11.684010251511431
15.8,16.78384,11.702388832950692
15.8,16.98485,11.720767535538158
15.8,17.18586,11.738616464601861
15.8,17.38687,11.75641549988127
15.8,17.58788,11.773974669358713
15.8,17.78889,11.791233969623372
15.8,17.9899,11.80849334606576
15.8,18.19091,11.825262851182051
15.8,18.39192,11.842002419254442
15.8,18.59293,11.85852206437643
15.8,18.79394,11.874781779848572
15.8,18.99495,11.891041541647258
15.8,19.19596,11.90686136773253
15.8,19.39697,11.922661230245367
15.8,19.59798,11.937161137783713
15.8,19.79899,11.95029107965664
15.8,20.0,11.96342104216446
16.1,0.1,0.8209203451547743
16.1,0.3010101,1.1017094807261858
16.1,0.5020202,1.1720380701004685
16.1,0.7030303,1.1463041072549556
16.1,1.306061,1.4009853046083192
16.1,1.507071,1.8453274253217866
16.1,1.708081,1.8453115592170222
16.1,1.909091,1.8288218755475325
16.1,2.110101,1.8140393711259313
16.1,2.311111,1.8089083464760196
16.1,2.512121,1.8144798324207094
16.1,2.713131,1.8334522273626908
16.1,2.914141,1.8654725286948866
16.1,3.115152,1.9099714488021358
16.1,3.316162,1.967942762768974
16.1,3.517172,2.037686419795269
16.1,3.718182,2.1211633028897214
16.1,3.919192,2.219357619529078
16.1,4.120202,2.333244496205694
16.1,4.321212,2.4678172580713964
16.1,4.522222,2.6237510683019236
16.1,4.723232,2.807180730025039
16.1,4.924242,3.022989816144239
16.1,5.125253,3.2731035745325365
16.1,5.326263,3.576199309951909
16.1,5.527273,3.913149571278954
16.1,5.728283,4.296859883333667
16.1,5.929293,4.731228261406876
16.1,6.130303,5.208464965040549
16.1,6.331313,5.718983146461064
16.1,6.532323,6.2638618615873805
16.1,6.733333,6.830513383986953
16.1,6.934343,7.399285295473353
16.1,7.135354,7.953199453863435
16.1,7.336364,8.469758901609941
16.1,7.537374,8.939746338242792
16.1,7.738384,9.340721308853594
16.1,7.939394,9.655987120951625
16.1,8.140404,9.909895539867053
16.1,8.341414,10.11223858613718
16.1,8.542424,10.27164268948325
16.1,8.743434,10.397658749775164
16.1,8.944444,10.49599388829606
16.1,9.145455,10.579262021603776
16.1,9.346465,10.651190321281893
16.1,9.547475,10.7138476265168
16.1,9.748485,10.76952216271709
16.1,9.949495,10.81339867640813
16.1,10.15051,10.856316710342865
16.1,10.35152,10.901724133924075
16.1,10.55253,10.944605982011366
16.1,10.75354,10.980365279004664
16.1,10.95455,11.016006323023358
16.1,11.15556,11.048541254529962
16.1,11.35657,11.08027797336358
16.1,11.55758,11.111226508254394
16.1,11.75859,11.140167701561968
16.1,11.9596,11.169059919500672
16.1,12.16061,11.196304362135319
16.1,12.36162,11.223159839930055
16.1,12.56263,11.249536444204216
16.1,12.76364,11.274814564541106
16.1,12.96465,11.300063344681245
16.1,13.16566,11.324243492808254
16.1,13.36667,11.34822427171132
16.1,13.56768,11.371855789078698
16.1,13.76869,11.394768232793789
16.1,13.9697,11.41766113079577
16.1,14.17071,11.439744918400935
16.1,14.37172,11.461729096644438
16.1,14.57273,11.483413774715705
16.1,14.77374,11.504569044534188
16.1,14.97475,11.525694638228746
16.1,15.17576,11.546140825794994
16.1,15.37677,11.566537251138316
16.1,15.57778,11.586664016336275
16.1,15.77879,11.606371163280064
16.1,15.9798,11.626028541048624
16.1,16.18081,11.645086309903869
16.1,16.38182,11.664134218279088
16.1,16.58283,11.68292235272294
16.1,16.78384,11.701350727705112
16.1,16.98485,11.719739262201168
16.1,17.18586,11.737588042333488
16.1,17.38687,11.755436901765426
16.1,17.58788,11.773045905401943
16.1,17.78889,11.790355053585868
16.1,17.9899,11.807614306323995
16.1,18.19091,11.824383702390435
16.1,18.39192,11.841173143787755
16.1,18.59293,11.857742671948545
16.1,18.79394,11.874042281620804
16.1,18.99495,11.890311954762225
16.1,19.19596,11.906121702974511
16.1,19.39697,11.921981479801259
16.1,19.59798,11.93762130412681
16.1,19.79899,11.953041170462118
16.1,20.0,11.96618108364495
16.4,0.1,0.9077278863057721
16.4,0.3010101,1.2120165516157324
16.4,0.5020202,1.297165131557376
16.4,0.7030303,1.2619550744483046
16.4,0.9040404,0.4180956008271435
16.4,1.306061,1.3699289043687706
16.4,1.507071,1.856967535773788
16.4,1.708081,1.8629970219906433
16.4,1.909091,1.8519498460806867
16.4,2.110101,1.843273969619938
16.4,2.311111,1.8435936774449668
16.4,2.512121,1.8545483964572433
16.4,2.713131,1.878511989132944
16.4,2.914141,1.9147585310748327
16.4,3.115152,1.9632800109826591
16.4,3.316162,2.0247639208173807
16.4,3.517172,2.0978543299310553
16.4,3.718182,2.1844841015176355
16.4,3.919192,2.285379784869724
16.4,4.120202,2.401778383350577
16.4,4.321212,2.5384935433855325
16.4,4.522222,2.696241521972378
16.4,4.723232,2.880998632173393
16.4,4.924242,3.097337704356649
16.4,5.125253,3.3471441926773773
16.4,5.326263,3.6327635610023963
16.4,5.527273,3.982393340057034
16.4,5.728283,4.361842224962083
16.4,5.929293,4.792216814792618
16.4,6.130303,5.258425226364429
16.4,6.331313,5.765446740364131
16.4,6.532323,6.29723775094355
16.4,6.733333,6.8539386025267355
16.4,6.934343,7.415623122527664
16.4,7.135354,7.955568606458121
16.4,7.336364,8.468883148844888
16.4,7.537374,8.931461362037675
16.4,7.738384,9.329860580894454
16.4,7.939394,9.645006626693394
16.4,8.140404,9.899964718165274
16.4,8.341414,10.102857893610725
16.4,8.542424,10.264307155912563
16.4,8.743434,10.391479754733709
16.4,8.944444,10.490612157314116
16.4,9.145455,10.575097337928995
16.4,9.346465,10.647293899646161
16.4,9.547475,10.710649098363275
16.4,9.748485,10.766652092391686
16.4,9.949495,10.814123930013494
16.4,10.15051,10.856331926723742
16.4,10.35152,10.900229918915247
16.4,10.55253,10.942501396978944
16.4,10.75354,10.97826994749202
16.4,10.95455,11.014080021177945
16.4,11.15556,11.046824022127602
16.4,11.35657,11.07857008217577
16.4,11.55758,11.109518015267694
16.4,11.75859,11.138458655726497
16.4,11.9596,11.167430227810886
16.4,12.16061,11.194744058157562
16.4,12.36162,11.22161904072683
16.4,12.56263,11.247995180404702
16.4,12.76364,11.273272868036694
16.4,12.96465,11.298561163752392
16.4,13.16566,11.322790845736346
16.4,13.36667,11.346781233418742
16.4,13.56768,11.370412380775148
16.4,13.76869,11.393324477327505
16.4,13.9697,11.416246982370184
16.4,14.17071,11.438390384600977
16.4,14.37172,11.460374248633746
16.4,14.57273,11.48205862998106
16.4,14.77374,11.503213620553295
16.4,14.97475,11.524388885323944
16.4,15.17576,11.544904749034963
16.4,15.37677,11.565300924147108
16.4,15.57778,11.585427454057847
16.4,15.77879,11.605134379663983
16.4,15.9798,11.624851485504808
16.4,16.18081,11.643988990713838
16.4,16.38182,11.663026704522904
16.4,16.58283,11.681824656553948
16.4,16.78384,11.700252860227982
16.4,16.98485,11.718701178979597
16.4,17.18586,11.73662975616833
16.4,17.38687,11.754478468602784
16.4,17.58788,11.772097334481298
16.4,17.78889,11.789396353582122
16.4,17.9899,11.806725444506242
16.4,18.19091,11.823574694224234
16.4,18.39192,11.840364027538723
16.4,18.59293,11.856933454292838
16.4,18.79394,11.873242969079515
16.4,18.99495,11.889572528628738
16.4,19.19596,11.905452179080699
16.4,19.39697,11.921311878069549
16.4,19.59798,11.936951629019397
16.4,19.79899,11.952371426418763
16.4,20.0,11.966691264741348
16.700000000000003,0.1,0.7912860834863391
16.700000000000003,0.3010101,1.0009975362416599
16.700000000000003,0.5020202,1.1178934301134251
16.700000000000003,0.7030303,1.1728495954160396
16.700000000000003,1.306061,1.4063855326947354
16.700000000000003,1.507071,1.8716414156276655
16.700000000000003,1.708081,1.8828208661073889
16.700000000000003,1.909091,1.877185945750653
16.700000000000003,2.110101,1.8734004033266818
16.700000000000003,2.311111,1.8790587705909083
16.700000000000003,2.512121,1.895215650127231
16.700000000000003,2.713131,1.923895364371302
16.700000000000003,2.914141,1.964503602871982
16.700000000000003,3.115152,2.0165151446541887
16.700000000000003,3.316162,2.0814216468587645
16.700000000000003,3.517172,2.1578786996897166
16.700000000000003,3.718182,2.2475679684699195
16.700000000000003,3.919192,2.3512635928257763
16.700000000000003,4.120202,2.4699147759905125
16.700000000000003,4.321212,2.608676107980628
16.700000000000003,4.522222,2.7682747254167976
16.700000000000003,4.723232,2.954308196431201
16.700000000000003,4.924242,3.171142425059863
16.700000000000003,5.125253,3.420614155922812
16.700000000000003,5.326263,3.7039792043334328
16.700000000000003,5.527273,4.0520433441643675
16.700000000000003,5.728283,4.427095783875228
16.700000000000003,5.929293,4.849315993237783
16.700000000000003,6.130303,5.313593188470439
16.700000000000003,6.331313,5.806833742965094
16.700000000000003,6.532323,6.3334324232299535
16.700000000000003,6.733333,6.8791044655032
16.700000000000003,6.934343,7.427072818771258
16.700000000000003,7.135354,7.964497264838553
16.700000000000003,7.336364,8.465345719029926
16.700000000000003,7.537374,8.924750471846336
16.700000000000003,7.738384,9.31982769695759
16.700000000000003,7.939394,9.63427547396899
16.700000000000003,8.140404,9.88957847002017
16.700000000000003,8.341414,10.094484399541507
16.700000000000003,8.542424,10.256610406988788
16.700000000000003,8.743434,10.38529931364043
16.700000000000003,8.944444,10.485738579018804
16.700000000000003,9.145455,10.57050191873919
16.700000000000003,9.346465,10.643765974842914
16.700000000000003,9.547475,10.707359717351904
16.700000000000003,9.748485,10.7638310900691
16.700000000000003,9.949495,10.811651578749583
16.700000000000003,10.15051,10.85735507921764
16.700000000000003,10.35152,10.899783781507166
16.700000000000003,10.55253,10.940466004785934
16.700000000000003,10.75354,10.976353712016918
16.700000000000003,10.95455,11.012282967525449
16.700000000000003,11.15556,11.045056322033373
16.700000000000003,11.35657,11.07691168095458
16.700000000000003,11.55758,11.107879028264113
16.700000000000003,11.75859,11.13686909788584
16.700000000000003,11.9596,11.165880112543586
16.700000000000003,12.16061,11.193213461145579
16.700000000000003,12.36162,11.220127945846874
16.700000000000003,12.56263,11.246503641184129
16.700000000000003,12.76364,11.271810894906539
16.700000000000003,12.96465,11.297118765544848
16.700000000000003,13.16566,11.321358065310342
16.700000000000003,13.36667,11.345378060182648
16.700000000000003,13.56768,11.369008853587234
16.700000000000003,13.76869,11.39194059599741
16.700000000000003,13.9697,11.41488275624269
16.700000000000003,14.17071,11.437045845432138
16.700000000000003,14.37172,11.459059382325348
16.700000000000003,14.57273,11.480743477671181
16.700000000000003,14.77374,11.501928170807023
16.700000000000003,14.97475,11.52311315064772
16.700000000000003,15.17576,11.543648757124025
16.700000000000003,15.37677,11.564084657799858
16.700000000000003,15.57778,11.584220959081287
16.700000000000003,15.77879,11.603947637333656
16.700000000000003,15.9798,11.623694511034236
16.700000000000003,16.18081,11.642851808853926
16.700000000000003,16.38182,11.661939298542412
16.700000000000003,16.58283,11.68073707248845
16.700000000000003,16.78384,11.699205077377181
16.700000000000003,16.98485,11.717683213280832
16.700000000000003,17.18586,11.735631628545562
16.700000000000003,17.38687,11.75353016597634
16.700000000000003,17.58788,11.77114889729379
16.700000000000003,17.78889,11.78849776393083
16.700000000000003,17.9899,11.805856716526383
16.700000000000003,18.19091,11.822715844610885
16.700000000000003,18.39192,11.839555048230018
16.700000000000003,18.59293,11.856124376116433
16.700000000000003,18.79394,11.872473780227171
16.700000000000003,18.99495,11.888833239343478
16.700000000000003,19.19596,11.90474280223401
16.700000000000003,19.39697,11.920632410396223
16.700000000000003,19.59798,11.936282089850518
16.700000000000003,19.79899,11.949501849539248
16.700000000000003,20.0,11.962701634730097
17.0,0.1,0.8384189331299545
17.0,0.3010101,1.2207415498290055
17.0,0.5020202,1.3350875632264005
17.0,0.7030303,0.49475693531251747
17.0,0.9040404,0.02304501141312128
17.0,1.306061,1.4262997785561846
17.0,1.507071,1.8834404396919606
17.0,1.708081,1.9020173052412668
17.0,1.909091,1.9022892143322414
17.0,2.110101,1.9043818814318814
17.0,2.311111,1.9150945255280871
17.0,2.512121,1.9362038684736849
17.0,2.713131,1.9694897050880362
17.0,2.914141,2.0140306332801052
17.0,3.115152,2.069809737490854
17.0,3.316162,2.138023386644932
17.0,3.517172,2.217638393426851
17.0,3.718182,2.3103183826808964
17.0,3.919192,2.4165878246490813
17.0,4.120202,2.5376388163158246
17.0,4.321212,2.6784400201499765
17.0,4.522222,2.839749632173414
17.0,4.723232,3.0270094454422947
17.0,4.924242,3.24429877613076
17.0,5.125253,3.493415901799429
17.0,5.326263,3.792074384777977
17.0,5.527273,4.120137950936811
17.0,5.728283,4.491053084039987
17.0,5.929293,4.90944002801756
17.0,6.130303,5.363076721761884
17.0,6.331313,5.853005172208029
17.0,6.532323,6.367039936963761
17.0,6.733333,6.903198879596309
17.0,6.934343,7.444382942247322
17.0,7.135354,7.968226038668364
17.0,7.336364,8.465902240428615
17.0,7.537374,8.917803565727286
17.0,7.738384,9.310059897902407
17.0,7.939394,9.624127749322856
17.0,8.140404,9.880116267709907
17.0,8.341414,10.085469802989929
17.0,8.542424,10.249471483744825
17.0,8.743434,10.379267276038139
17.0,8.944444,10.480474079440372
17.0,9.145455,10.566434741848816
17.0,9.346465,10.639957258621235
17.0,9.547475,10.704269115019267
17.0,9.748485,10.76105913045279
17.0,9.949495,10.805642181280497
17.0,10.15051,10.849077024420822
17.0,10.35152,10.895130996682024
17.0,10.55253,10.938579724048498
17.0,10.75354,10.974626635002418
17.0,10.95455,11.010555259718695
17.0,11.15556,11.04332804226807
17.0,11.35657,11.075202828653774
17.0,11.55758,11.106329511042611
17.0,11.75859,11.135379058712578
17.0,11.9596,11.164379596366135
17.0,12.16061,11.19171250695168
17.0,12.36162,11.218646559676769
17.0,12.56263,11.24509179594874
17.0,12.76364,11.270418654532147
17.0,12.96465,11.295726146354355
17.0,13.16566,11.319965095800077
17.0,13.36667,11.34399474418193
17.0,13.56768,11.36766516866224
17.0,13.76869,11.390626586729491
17.0,13.9697,11.41356843961598
17.0,14.17071,11.435721244053573
17.0,14.37172,11.457744494173996
17.0,14.57273,11.479488267594343
17.0,14.77374,11.500692687825099
17.0,14.97475,11.52187741814141
17.0,15.17576,11.54241279407193
17.0,15.37677,11.562858456509378
17.0,15.57778,11.58305447421499
17.0,15.77879,11.602820926051187
17.0,15.9798,11.622557600145466
17.0,16.18081,11.641714714717523
17.0,16.38182,11.660822010040976
17.0,16.58283,11.679699543328747
17.0,16.78384,11.698197367168515
17.0,16.98485,11.71667534698493
17.0,17.18586,11.734623620204504
17.0,17.38687,11.752542003827234
17.0,17.58788,11.77024054265589
17.0,17.78889,11.787619270558734
17.0,17.9899,11.804978104152132
17.0,18.19091,11.821837125014461
17.0,18.39192,11.838706211087477
17.0,18.59293,11.855365394918907
17.0,18.79394,11.871734696759678
17.0,18.99495,11.888094067402765
17.0,19.19596,11.904003551511616
17.0,19.39697,11.919913073100888
17.0,19.59798,11.935642651209891
17.0,19.79899,11.950012322060234
17.0,20.0,11.963212054537127
17.3,0.1,0.818482649606948
17.3,0.3010101,1.0834827880412918
17.3,0.5020202,1.1629324824182772
17.3,0.7030303,1.044568506539472
17.3,1.306061,1.2253482221960132
17.3,1.507071,1.900682317373595
17.3,1.708081,1.922489188922927
17.3,1.909091,1.9285271777397033
17.3,2.110101,1.9362827509072087
17.3,2.311111,1.9522141042506134
17.3,2.512121,1.9777778780108095
17.3,2.713131,2.015055824313132
17.3,2.914141,2.0635485929456663
17.3,3.115152,2.1230539450160077
17.3,3.316162,2.1946769245922426
17.3,3.517172,2.277237978230148
17.3,3.718182,2.372533420441174
17.3,3.919192,2.481385659892209
17.3,4.120202,2.6048694082980313
17.3,4.321212,2.7477631741360256
17.3,4.522222,2.9106791067099196
17.3,4.723232,3.0990017049909317
17.3,4.924242,3.3167581256209844
17.3,5.125253,3.5654969546277466
17.3,5.326263,3.8621109312338064
17.3,5.527273,4.188008579148085
17.3,5.728283,4.555116520457304
17.3,5.929293,4.967327848292249
17.3,6.130303,5.4153240137619445
17.3,6.331313,5.8952921810415155
17.3,6.532323,6.4019753484526225
17.3,6.733333,6.9288710755364225
17.3,6.934343,7.4594739047140575
17.3,7.135354,7.976061577151063
17.3,7.336364,8.464632815344585
17.3,7.537374,8.91196694985052
17.3,7.738384,9.301122919375905
17.3,7.939394,9.614260415083692
17.3,8.140404,9.870533236499659
17.3,8.341414,10.07717269227405
17.3,8.542424,10.242211071986517
17.3,8.743434,10.373233770375606
17.3,8.944444,10.475487962149954
17.3,9.145455,10.56211661055574
17.3,9.346465,10.636427143163639
17.3,9.547475,10.701147525929308
17.3,9.748485,10.758336184089776
17.3,9.949495,10.808372589670803
17.3,10.15051,10.852915851278576
17.3,10.35152,10.89564275192042
17.3,10.55253,10.936633243390355
17.3,10.75354,10.972729489414055
17.3,10.95455,11.008827356169629
17.3,11.15556,11.041709496414109
17.3,11.35657,11.073653700308745
17.3,11.55758,11.104769873311142
17.3,11.75859,11.133838943085426
17.3,11.9596,11.162898982520836
17.3,12.16061,11.190281447893625
17.3,12.36162,11.217235076811775
17.3,12.56263,11.243679915292063
17.3,12.76364,11.269016400118954
17.3,12.96465,11.29435351325373
17.3,13.16566,11.318622111617305
17.3,13.36667,11.342661420511499
17.3,13.56768,11.366331523625854
17.3,13.76869,11.389302634748333
17.3,13.9697,11.412264173439931
17.3,14.17071,11.43443668062572
17.3,14.37172,11.456479646139819
17.3,14.57273,11.478223157160704
17.3,14.77374,11.499437320469792
17.3,14.97475,11.520651780665046
17.3,15.17576,11.54120690030789
17.3,15.37677,11.561682323242836
17.3,15.57778,11.581878128380056
17.3,15.77879,11.601654366553918
17.3,15.9798,11.621430810422781
17.3,16.18081,11.640627708763198
17.3,16.38182,11.659754807326642
17.3,16.58283,11.67863217167012
17.3,16.78384,11.69714982204851
17.3,16.98485,11.71566761247915
17.3,17.18586,11.733655710782251
17.3,17.38687,11.751603938542347
17.3,17.58788,11.769302346344178
17.3,17.78889,11.786700937966346
17.3,17.9899,11.804099622690122
17.3,18.19091,11.821008508541384
17.3,18.39192,11.83789747588462
17.3,18.59293,11.854556560542749
17.3,18.79394,11.870955758789693
17.3,18.99495,11.887345017354507
17.3,19.19596,11.903304401954962
17.3,19.39697,11.919233836421423
17.3,19.59798,11.934963340953763
17.3,19.79899,11.95046291020692
17.3,20.0,11.96597251845002
17.6,0.1,0.7941419255323809
17.6,0.3010101,1.157912319535849
17.6,0.5020202,1.2436746806079015
17.6,0.7030303,1.2406277011109685
17.6,1.306061,1.3715369508707977
17.6,1.507071,1.9087406832492344
17.6,1.708081,1.9422396416222392
17.6,1.909091,1.9547255015276006
17.6,2.110101,1.967970746369526
17.6,2.311111,1.9889982702188427
17.6,2.512121,2.0189426901467797
17.6,2.713131,2.060173013984399
17.6,2.914141,2.1125547123266295
17.6,3.115152,2.1757198559513684
17.6,3.316162,2.2507108813827936
17.6,3.517172,2.3361961118681274
17.6,3.718182,2.434101400695471
17.6,3.919192,2.5455050230842557
17.6,4.120202,2.6713811661053346
17.6,4.321212,2.816330045056547
17.6,4.522222,2.980816802308455
17.6,4.723232,3.170169516661067
17.6,4.924242,3.388363083781982
17.6,5.125253,3.6367005344191066
17.6,5.326263,3.931254288635997
17.6,5.527273,4.254981229046091
17.6,5.728283,4.618353312371702
17.6,5.929293,5.024552594140599
17.6,6.130303,5.467019432299883
17.6,6.331313,5.93736067789581
17.6,6.532323,6.436843003548984
17.6,6.733333,6.954712406117457
17.6,6.934343,7.475034021341183
17.6,7.135354,7.984480503493424
17.6,7.336364,8.46408702202923
17.6,7.537374,8.90685234234646
17.6,7.738384,9.292800396711339
17.6,7.939394,9.604823043197262
17.6,8.140404,9.86129352488331
17.6,8.341414,10.06904332815217
17.6,8.542424,10.235078638867293
17.6,8.743434,10.367288461186055
17.6,8.944444,10.47057022375819
17.6,9.145455,10.557846988366366
17.6,9.346465,10.632945690375896
17.6,9.547475,10.698084710491038
17.6,9.748485,10.755662125219121
17.6,9.949495,10.80079318103679
17.6,10.15051,10.848881532225821
17.6,10.35152,10.89355572018296
17.6,10.55253,10.934775418223353
17.6,10.75354,10.970911082735217
17.6,10.95455,11.007178305095993
17.6,11.15556,11.040169903625852
17.6,11.35657,11.072183608566109
17.6,11.55758,11.103309325231635
17.6,11.75859,11.132387975636128
17.6,11.9596,11.161507595193292
17.6,12.16061,11.188929685775827
17.6,12.36162,11.215902949329292
17.6,12.56263,11.242357428305457
17.6,12.76364,11.267693582255928
17.6,12.96465,11.293050373477397
17.6,13.16566,11.317338672098366
17.6,13.36667,11.34138768394317
17.6,13.56768,11.36506749400967
17.6,13.76869,11.388038330522319
17.6,13.9697,11.411019596784547
17.6,14.17071,11.433211844532027
17.6,14.37172,11.455264556596992
17.6,14.57273,11.477007826492429
17.6,14.77374,11.49823175707676
17.6,14.97475,11.519465977633143
17.6,15.17576,11.540050868152138
17.6,15.37677,11.560536073809573
17.6,15.57778,11.580741682042744
17.6,15.77879,11.600527724123562
17.6,15.9798,11.620333958736476
17.6,16.18081,11.63956065888497
17.6,16.38182,11.658707575601497
17.6,16.58283,11.677584782415126
17.6,16.78384,11.696122271253884
17.6,16.98485,11.714679885235203
17.6,17.18586,11.732707819090693
17.6,17.38687,11.75067590023301
17.6,17.58788,11.768374185105872
17.6,17.78889,11.785792647804255
17.6,17.9899,11.803231190222897
17.6,18.19091,11.82017994565367
17.6,18.39192,11.837088799263244
17.6,18.59293,11.85374779044608
17.6,18.79394,11.870166889004771
17.6,18.99495,11.886606037499503
17.6,19.19596,11.902595321721567
17.6,19.39697,11.918554670696492
17.6,19.59798,11.934274105812323
17.6,19.79899,11.948673635170662
17.6,20.0,11.961943224382876
17.9,0.1,0.8026593414004097
17.9,0.3010101,1.117589071717606
17.9,0.5020202,1.1964319228142908
17.9,0.7030303,1.2102313080438818
17.9,1.306061,1.4279436777990229
17.9,1.507071,1.9368530923695655
17.9,1.708081,1.9679199783241008
17.9,1.909091,1.9834636296048642
17.9,2.110101,2.0009586138823754
17.9,2.311111,2.0260895191077894
17.9,2.512121,2.0602700546027575
17.9,2.713131,2.10557399470199
17.9,2.914141,2.16150724225921
17.9,3.115152,2.228105771735272
17.9,3.316162,2.3061615987029542
17.9,3.517172,2.3945960501927006
17.9,3.718182,2.495307836315103
17.9,3.919192,2.609131468437617
17.9,4.120202,2.737250667429585
17.9,4.321212,2.884093428364133
17.9,4.522222,3.0501508041267056
17.9,4.723232,3.240593743437407
17.9,4.924242,3.4591356675533547
17.9,5.125253,3.7070543695461984
17.9,5.326263,3.9845865005995655
17.9,5.527273,4.320704848979001
17.9,5.728283,4.680147588960387
17.9,5.929293,5.0827390654687985
17.9,6.130303,5.515338220001497
17.9,6.331313,5.982560017855337
17.9,6.532323,6.470408368884672
17.9,6.733333,6.979428384730284
17.9,6.934343,7.493387020230203
17.9,7.135354,7.990071460508099
17.9,7.336364,8.4666066637436
17.9,7.537374,8.901820600571138
17.9,7.738384,9.284677000433385
17.9,7.939394,9.596014919994738
17.9,8.140404,9.852545354897813
17.9,8.341414,10.060632440171759
17.9,8.542424,10.22825432167106
17.9,8.743434,10.36147157960312
17.9,8.944444,10.465501293212494
17.9,9.145455,10.553935852250435
17.9,9.346465,10.629293278361068
17.9,9.547475,10.69513076819854
17.9,9.748485,10.753047076781504
17.9,9.949495,10.801863420140982
17.9,10.15051,10.845036757063122
17.9,10.35152,10.88901096761192
17.9,10.55253,10.933027247318455
17.9,10.75354,10.969332292699079
17.9,10.95455,11.005588989895573
17.9,11.15556,11.038580112981828
17.9,11.35657,11.070623349285727
17.9,11.55758,11.10189860860559
17.9,11.75859,11.13102685774497
17.9,11.9596,11.160146075578382
17.9,12.16061,11.18756779783945
17.9,12.36162,11.214550705511384
17.9,12.56263,11.24105487408686
17.9,12.76364,11.266420717796867
17.9,12.96465,11.291777185743184
17.9,13.16566,11.316065185386925
17.9,13.36667,11.340123907094839
17.9,13.56768,11.363833458065335
17.9,13.76869,11.386814031132856
17.9,13.9697,11.40979503093329
17.9,14.17071,11.431997031214514
17.9,14.37172,11.45404949796818
17.9,14.57273,11.47582252677002
17.9,14.77374,11.497066226459479
17.9,14.97475,11.518300226585263
17.9,15.17576,11.538894912613847
17.9,15.37677,11.559389909033195
17.9,15.57778,11.57963528919314
17.9,15.77879,11.599441131763184
17.9,15.9798,11.619247186170128
17.9,16.18081,11.638483719962354
17.9,16.38182,11.657640460797184
17.9,16.58283,11.67658745998634
17.9,16.78384,11.695144782715664
17.9,16.98485,11.713702252426742
17.9,17.18586,11.731730054046338
17.9,17.38687,11.749707991424133
17.9,17.58788,11.767486098060068
17.9,17.78889,11.784924428316955
17.9,17.9899,11.802362857926083
17.9,18.19091,11.819311510790024
17.9,18.39192,11.836240250501232
17.9,18.59293,11.852979097346484
17.9,18.79394,11.86941809428342
17.9,18.99495,11.885857156602183
17.9,19.19596,11.901846363055206
17.9,19.39697,11.917825623889787
17.9,19.59798,11.933624948921064
17.9,19.79899,11.946914447372178
17.9,20.0,11.960183978183343
18.200000000000003,0.1,0.7503505964510364
18.200000000000003,0.3010101,1.099110244409195
18.200000000000003,0.5020202,1.2002325894113668
18.200000000000003,0.7030303,0.9687994025312578
18.200000000000003,1.306061,1.454773680917257
18.200000000000003,1.507071,1.9571107644117673
18.200000000000003,1.708081,1.9932551170469397
18.200000000000003,1.909091,2.012858385996751
18.200000000000003,2.110101,2.033872424189084
18.200000000000003,2.311111,2.0629931772276655
18.200000000000003,2.512121,2.101300510166679
18.200000000000003,2.713131,2.1505108884790958
18.200000000000003,2.914141,2.2101806560297317
18.200000000000003,3.115152,2.2798250691657604
18.200000000000003,3.316162,2.36090852808688
18.200000000000003,3.517172,2.4523587643147082
18.200000000000003,3.718182,2.555827346266326
18.200000000000003,3.919192,2.672181781145354
18.200000000000003,4.120202,2.8023258934320507
18.200000000000003,4.321212,2.9509835545969234
18.200000000000003,4.522222,3.1186443948033022
18.200000000000003,4.723232,3.310131307480652
18.200000000000003,4.924242,3.5289857627834373
18.200000000000003,5.125253,3.776471716242654
18.200000000000003,5.326263,4.051804254279016
18.200000000000003,5.527273,4.386424706858535
18.200000000000003,5.728283,4.741834301064372
18.200000000000003,5.929293,5.13709109369107
18.200000000000003,6.130303,5.567973459064102
18.200000000000003,6.331313,6.022970785617942
18.200000000000003,6.532323,6.506222607758954
18.200000000000003,6.733333,7.0054672322577485
18.200000000000003,6.934343,7.50718384390487
18.200000000000003,7.135354,8.001548493422272
18.200000000000003,7.336364,8.466325690560486
18.200000000000003,7.537374,8.898406836302843
18.200000000000003,7.738384,9.277378406915236
18.200000000000003,7.939394,9.587077499601673
18.200000000000003,8.140404,9.84375121690109
18.200000000000003,8.341414,10.05302905383546
18.200000000000003,8.542424,10.221148646566022
18.200000000000003,8.743434,10.35567323510466
18.200000000000003,8.944444,10.460900642233948
18.200000000000003,9.145455,10.5496138587965
18.200000000000003,9.346465,10.626009463876908
18.200000000000003,9.547475,10.692075911505501
18.200000000000003,9.748485,10.750461083360225
18.200000000000003,9.949495,10.799636505939066
18.200000000000003,10.15051,10.843039112110223
18.200000000000003,10.35152,10.887232594119018
18.200000000000003,10.55253,10.931248284900127
18.200000000000003,10.75354,10.967682797088003
18.200000000000003,10.95455,11.004058970953155
18.200000000000003,11.15556,11.037079656515449
18.200000000000003,11.35657,11.069212472367417
18.200000000000003,11.55758,11.100507324935705
18.200000000000003,11.75859,11.12968522155935
18.200000000000003,11.9596,11.158844085384812
18.200000000000003,12.16061,11.18626547669427
18.200000000000003,12.36162,11.213288085103747
18.200000000000003,12.56263,11.239801936747865
18.200000000000003,12.76364,11.265177506624878
18.200000000000003,12.96465,11.290553695248953
18.200000000000003,13.16566,11.314841424633943
18.200000000000003,13.36667,11.338919898986944
18.200000000000003,13.56768,11.362629188241188
18.200000000000003,13.76869,11.385629525956633
18.200000000000003,13.9697,11.408620286999493
18.200000000000003,14.17071,11.430822057542233
18.200000000000003,14.37172,11.452894303273997
18.200000000000003,14.57273,11.474667111400393
18.200000000000003,14.77374,11.495920599987786
18.200000000000003,14.97475,11.517174390388444
18.200000000000003,15.17576,11.537768878917289
18.200000000000003,15.37677,11.558283674532166
18.200000000000003,15.57778,11.578538869654606
18.200000000000003,15.77879,11.598364522897484
18.200000000000003,15.9798,11.618190395183388
18.200000000000003,16.18081,11.637426761294659
18.200000000000003,16.38182,11.656623323858437
18.200000000000003,16.58283,11.67557017133114
18.200000000000003,16.78384,11.694157329327115
18.200000000000003,16.98485,11.712734645910702
18.200000000000003,17.18586,11.730772308912414
18.200000000000003,17.38687,11.748790094698965
18.200000000000003,17.58788,11.766568080406572
18.200000000000003,17.78889,11.784046273231942
18.200000000000003,17.9899,11.80150457913339
18.200000000000003,18.19091,11.818473121038815
18.200000000000003,18.39192,11.835431737810413
18.200000000000003,18.59293,11.852170490875602
18.200000000000003,18.79394,11.86864937809401
18.200000000000003,18.99495,11.885108344222823
18.200000000000003,19.19596,11.901107465248867
18.200000000000003,19.39697,11.917126631767719
18.200000000000003,19.59798,11.932925885420007
18.200000000000003,19.79899,11.948505220813153
18.200000000000003,20.0,11.962934651298534
8.0,6.7,6.332238145608694
8.0,6.834343,6.916312528997659
8.0,6.968687,7.502480116947931
8.0,7.10303,8.042770656757758
8.0,7.237374,8.570821438493503
8.0,7.371717,8.982439992938033
8.0,7.506061,9.374866889831681
8.0,7.640404,9.636802934951085
8.0,7.774747,9.879293610680236
8.0,7.909091,10.042351605390845
8.0,8.043434,10.187429866765735
8.0,8.177778,10.293777578096105
8.0,8.312121,10.384414757061007
8.0,8.446465,10.45946223677715
8.0,8.580808,10.52387994202562
8.0,8.715152,10.581147756679261
8.0,8.849495,10.63014577271071
8.0,8.983838,10.676754527068198
8.0,9.118182,10.717124026922244
8.0,9.252525,10.756433575289071
8.0,9.386869,10.790873920794118
8.0,9.521212,10.824824706703078
8.0,9.655556,10.855636130709984
8.0,9.789899,10.885457510942533
8.0,9.924242,10.90967918934282
8.0,10.05859,10.933911003985456
8.0,10.19293,10.959993534545651
8.0,10.32727,10.986726474561994
8.0,10.46162,11.013459570892508
8.0,10.59596,11.036692974299164
8.0,10.7303,11.05848641988815
8.0,10.86465,11.080139464774875
8.0,10.99899,11.10179261024687
8.0,11.13333,11.12129576920572
8.0,11.26768,11.140779010513592
8.0,11.40202,11.160412832021802
8.0,11.53636,11.179646778480366
8.0,11.67071,11.197650451556434
8.0,11.80505,11.21548353854746
8.0,11.93939,11.2332664971389
8.0,12.07374,11.25033912717494
8.0,12.20808,11.266831481206294
8.0,12.34242,11.283404158710963
8.0,12.47677,11.300107510780201
8.0,12.61111,11.315980329005033
8.0,12.74545,11.331622741818892
8.0,12.8798,11.347124556394874
8.0,13.01414,11.362546316856301
8.0,13.14848,11.377227470102982
8.0,13.28283,11.391918632954713
8.0,13.41717,11.40675064755289
8.0,13.55152,11.421342537234855
8.0,13.68586,11.435494010244529
8.0,13.8202,11.449504621992995
8.0,13.95455,11.46348513628446
8.0,14.08889,11.477085227513053
8.0,14.22323,11.49047510365563
8.0,14.35758,11.503935392150257
8.0,14.49192,11.51747623103722
8.0,14.62626,11.530526508968599
8.0,14.76061,11.543486336253542
8.0,14.89495,11.556365659947174
8.0,15.02929,11.569144882789375
8.0,15.16364,11.58158373537541
8.0,15.29798,11.594012594425669
8.0,15.43232,11.606562312606526
8.0,15.56667,11.618901825004237
8.0,15.70101,11.631031109832643
8.0,15.83535,11.643059592614785
8.0,15.9697,11.65508808481332
8.0,16.10404,11.666836341016193
8.0,16.23838,11.67850453813992
8.0,16.37273,11.690223149610162
8.0,16.50707,11.701952092959234
8.0,16.64141,11.713360760138563
8.0,16.77576,11.724729050148113
8.0,16.9101,11.736067056480023
8.0,17.04444,11.747305016763633
8.0,17.17879,11.758342869499103
8.0,17.31313,11.769380800516815
8.0,17.44747,11.780469298781963
8.0,17.58182,11.79138769627298
8.0,17.71616,11.802175967304093
8.0,17.85051,11.812923764667847
8.0,17.98485,11.823671582102426
8.0,18.11919,11.834189336388917
8.0,18.25354,11.844677101561686
8.0,18.38788,11.855185209953063
8.0,18.52222,11.8656734861792
8.0,18.65657,11.8759416916811
8.0,18.79091,11.886189612814173
8.0,18.92525,11.896427412260243
8.0,19.0596,11.90655522390879
8.0,19.19394,11.916553045266058
8.0,19.32828,11.926560969947264
8.0,19.46263,11.936589215782801
8.0,19.59697,11.946447442962375
8.0,19.73131,11.955905668440801
8.0,19.86566,11.964243894983753
8.0,20.0,11.972592137653585
7.700000000000001,0.1,1.0358095702838226
7.700000000000001,0.3010101,3.1806496022881823
7.700000000000001,0.5020202,3.3376949471890542
7.700000000000001,0.7030303,3.2463565450536827
7.700000000000001,0.9040404,3.0492112938041163
7.700000000000001,1.105051,2.79877713510258
7.700000000000001,1.306061,2.519213426516249
7.700000000000001,1.507071,2.2369686405070377
7.700000000000001,1.708081,1.9680402494633726
7.700000000000001,1.909091,1.727879340717826
7.700000000000001,2.110101,1.5238852695895184
7.700000000000001,2.311111,1.3670900380506248
7.700000000000001,2.512121,1.2504891878540207
7.700000000000001,2.713131,1.1742037623070622
7.700000000000001,2.914141,1.1300559456481618
7.700000000000001,3.115152,1.1117501914984427
7.700000000000001,3.316162,1.1153655139810503
7.700000000000001,3.517172,1.1350015754139433
7.700000000000001,3.718182,1.1711448784655811
7.700000000000001,3.919192,1.2236645416013707
7.700000000000001,4.120202,1.2934663474025176
7.700000000000001,4.321212,1.3863557606387584
7.700000000000001,4.522222,1.5034625702017164
7.700000000000001,4.723232,1.6515116063335151
7.700000000000001,4.924242,1.83031564394932
7.700000000000001,5.125253,2.070433434141613
7.700000000000001,5.326263,2.352647051357583
7.700000000000001,5.527273,2.681882564491372
7.700000000000001,5.728283,3.085142790269056
7.700000000000001,5.929293,3.581254063833831
7.700000000000001,6.130303,4.160761459438579
7.700000000000001,6.331313,4.8391324948465435
7.700000000000001,6.532323,5.610080526825139
7.700000000000001,6.733333,6.469585818745444
7.700000000000001,6.934343,7.357547335457528
7.700000000000001,7.135354,8.192879251128254
7.700000000000001,7.336364,8.904275942734417
7.700000000000001,7.537374,9.463780249002264
7.700000000000001,7.738384,9.851319138501154
7.700000000000001,7.939394,10.099670626214065
7.700000000000001,8.140404,10.278398621978004
7.700000000000001,8.341414,10.413665620024787
7.700000000000001,8.542424,10.517350593369203
7.700000000000001,8.743434,10.601616483002687
7.700000000000001,8.944444,10.670933816636744
7.700000000000001,9.145455,10.731971923723282
7.700000000000001,9.346465,10.787102140553067
7.700000000000001,9.547475,10.836882973508217
7.700000000000001,9.748485,10.882655508028503
7.700000000000001,9.949495,10.922648629512768
7.700000000000001,10.15051,10.962652688288737
7.700000000000001,10.35152,10.999486853358508
7.700000000000001,10.55253,11.034520213504866
7.700000000000001,10.75354,11.066925630432522
7.700000000000001,10.95455,11.099581789169388
7.700000000000001,11.15556,11.12896622998961
7.700000000000001,11.35657,11.158112070057859
7.700000000000001,11.55758,11.186176937849924
7.700000000000001,11.75859,11.212701568358781
7.700000000000001,11.9596,11.239306677319847
7.700000000000001,12.16061,11.26438093732315
7.700000000000001,12.36162,11.289065031890047
7.700000000000001,12.56263,11.312997296879427
7.700000000000001,12.76364,11.336139979354938
7.700000000000001,12.96465,11.35934303638552
7.700000000000001,13.16566,11.381535168252357
7.700000000000001,13.36667,11.403507116754835
7.700000000000001,13.56768,11.424887153172836
7.700000000000001,13.76869,11.44576768629124
7.700000000000001,13.9697,11.466698524995238
7.700000000000001,14.17071,11.486868470080514
7.700000000000001,14.37172,11.506908261739392
7.700000000000001,14.57273,11.526486222375109
7.700000000000001,14.77374,11.545734878209863
7.700000000000001,14.97475,11.565003773204648
7.700000000000001,15.17576,11.5836919967894
7.700000000000001,15.37677,11.602300136891238
7.700000000000001,15.57778,11.620516706732479
7.700000000000001,15.77879,11.638504090366355
7.700000000000001,15.9798,11.656511656064321
7.700000000000001,16.18081,11.674018786716509
7.700000000000001,16.38182,11.691475894788315
7.700000000000001,16.58283,11.708631733797143
7.700000000000001,16.78384,11.72558841924518
7.700000000000001,16.98485,11.742545242280775
7.700000000000001,17.18586,11.759091827700082
7.700000000000001,17.38687,11.77559843201646
7.700000000000001,17.58788,11.791854048466456
7.700000000000001,17.78889,11.807930477249291
7.700000000000001,17.9899,11.824017008969026
7.700000000000001,18.19091,11.839723445774515
7.700000000000001,18.39192,11.855409923746457
7.700000000000001,18.59293,11.870875644523336
7.700000000000001,18.79394,11.88619210678827
7.700000000000001,18.99495,11.901508646370443
7.700000000000001,19.19596,11.916485201178814
7.700000000000001,19.39697,11.931451806277988
7.700000000000001,19.59798,11.946207826478942
7.700000000000001,19.79899,11.958715011114174
7.700000000000001,20.0,11.971202243655195
7.4,0.3010101,3.452487590170292
7.4,0.5020202,3.4525761684515976
7.4,0.7030303,3.316604566047653
7.4,0.9040404,3.099004018157082
7.4,1.105051,2.8347755747757923
7.4,1.306061,2.5452520884140464
7.4,1.507071,2.254348600997798
7.4,1.708081,1.9796993630166397
7.4,1.909091,1.7368720177177956
7.4,2.110101,1.5336717851018398
7.4,2.311111,1.380974337440183
7.4,2.512121,1.2718720981099603
7.4,2.713131,1.2054594584101628
7.4,2.914141,1.1717882784525424
7.4,3.115152,1.162066892095969
7.4,3.316162,1.1730339123895372
7.4,3.517172,1.1981613761522352
7.4,3.718182,1.2368168737289078
7.4,3.919192,1.2893055627758339
7.4,4.120202,1.357489969771863
7.4,4.321212,1.4475013225768054
7.4,4.522222,1.5607125306359062
7.4,4.723232,1.6924983763941401
7.4,4.924242,1.8848077156431804
7.4,5.125253,2.114713317946231
7.4,5.326263,2.380971361618126
7.4,5.527273,2.7042340568530965
7.4,5.728283,3.0956537370926633
7.4,5.929293,3.5758103367529577
7.4,6.130303,4.15316118963186
7.4,6.331313,4.822971214078161
7.4,6.532323,5.593415931750325
7.4,6.733333,6.462668338430827
7.4,6.934343,7.370514510792253
7.4,7.135354,8.20927856270857
7.4,7.336364,8.933303524719465
7.4,7.537374,9.493910693502187
7.4,7.738384,9.876389901935903
7.4,7.939394,10.117856468523092
7.4,8.140404,10.295326545704718
7.4,8.341414,10.42542126486184
7.4,8.542424,10.527965577496273
7.4,8.743434,10.610539473456745
7.4,8.944444,10.67864509809067
7.4,9.145455,10.73946317410224
7.4,9.346465,10.79373197310107
7.4,9.547475,10.843343099280636
7.4,9.748485,10.888705940624138
7.4,9.949495,10.928437691295409
7.4,10.15051,10.966562656301507
7.4,10.35152,11.006257077726437
7.4,10.55253,11.040028369328189
7.4,10.75354,11.073337154421987
7.4,10.95455,11.104329639691574
7.4,11.15556,11.133574662102667
7.4,11.35657,11.162230715928457
7.4,11.55758,11.190186197705303
7.4,11.75859,11.216399977203656
7.4,11.9596,11.24272441692261
7.4,12.16061,11.26767860633125
7.4,12.36162,11.291991062822
7.4,12.56263,11.315863196043669
7.4,12.76364,11.338744559286926
7.4,12.96465,11.361736591590255
7.4,13.16566,11.383828283814935
7.4,13.36667,11.405498385231645
7.4,13.56768,11.426828078063442
7.4,13.76869,11.447486955386578
7.4,13.9697,11.468236543752642
7.4,14.17071,11.488325781834018
7.4,14.37172,11.508133590108928
7.4,14.57273,11.52767108737926
7.4,14.77374,11.54673802826831
7.4,14.97475,11.565885673177311
7.4,15.17576,11.584503097732325
7.4,15.37677,11.602929386449203
7.4,15.57778,11.621135490379125
7.4,15.77879,11.638991286049237
7.4,15.9798,11.656907737971153
7.4,16.18081,11.674364086606758
7.4,16.38182,11.691709586122538
7.4,16.58283,11.708845012849267
7.4,16.78384,11.725710315673986
7.4,16.98485,11.74260620649504
7.4,17.18586,11.759122084710363
7.4,17.38687,11.775547352889248
7.4,17.58788,11.79179262917425
7.4,17.78889,11.807807898461867
7.4,17.9899,11.823853679228593
7.4,18.19091,11.839539503993254
7.4,18.39192,11.855164899009452
7.4,18.59293,11.870630350312677
7.4,18.79394,11.885905855643873
7.4,18.99495,11.901201800671355
7.4,19.19596,11.916157832070708
7.4,19.39697,11.9310835552023
7.4,19.59798,11.945849368254946
7.4,19.79899,11.960435270962915
7.4,20.0,11.973981807157989
7.1000000000000005,0.3010101,3.4312934665396426
7.1000000000000005,0.5020202,3.4849542168545957
7.1000000000000005,0.7030303,3.3524095615253295
7.1000000000000005,0.9040404,3.130770469778619
7.1000000000000005,1.105051,2.8593120507720964
7.1000000000000005,1.306061,2.563519031110273
7.1000000000000005,1.507071,2.266924059205861
7.1000000000000005,1.708081,1.9882444494822806
7.1000000000000005,1.909091,1.7437744362183036
7.1000000000000005,2.110101,1.542241769313592
7.1000000000000005,2.311111,1.3947793006212819
7.1000000000000005,2.512121,1.2943890486966292
7.1000000000000005,2.713131,1.2399358111973329
7.1000000000000005,2.914141,1.2182123033263668
7.1000000000000005,3.115152,1.2201547866277702
7.1000000000000005,3.316162,1.2401072211505109
7.1000000000000005,3.517172,1.2716244490016588
7.1000000000000005,3.718182,1.3131582157675703
7.1000000000000005,3.919192,1.3654694706609052
7.1000000000000005,4.120202,1.4315341653023284
7.1000000000000005,4.321212,1.5174511441418055
7.1000000000000005,4.522222,1.620742492464616
7.1000000000000005,4.723232,1.7631008064794595
7.1000000000000005,4.924242,1.9427535794582984
7.1000000000000005,5.125253,2.157615056354187
7.1000000000000005,5.326263,2.420107250951974
7.1000000000000005,5.527273,2.7288423026638444
7.1000000000000005,5.728283,3.1076439213484033
7.1000000000000005,5.929293,3.5790900873823643
7.1000000000000005,6.130303,4.139815354701222
7.1000000000000005,6.331313,4.806320169738681
7.1000000000000005,6.532323,5.5774838313084665
7.1000000000000005,6.733333,6.455799547099854
7.1000000000000005,6.934343,7.375074742744024
7.1000000000000005,7.135354,8.234694530832217
7.1000000000000005,7.336364,8.962418369292346
7.1000000000000005,7.537374,9.52366453860466
7.1000000000000005,7.738384,9.901624476007028
7.1000000000000005,7.939394,10.139071333706791
7.1000000000000005,8.140404,10.310080655141723
7.1000000000000005,8.341414,10.438834896069281
7.1000000000000005,8.542424,10.538385735151088
7.1000000000000005,8.743434,10.619697446751285
7.1000000000000005,8.944444,10.68712160553373
7.1000000000000005,9.145455,10.74692754663498
7.1000000000000005,9.346465,10.800986203070451
7.1000000000000005,9.547475,10.850066459978361
7.1000000000000005,9.748485,10.895259241963625
7.1000000000000005,9.949495,10.936529656353338
7.1000000000000005,10.15051,10.975059720935002
7.1000000000000005,10.35152,11.011462430224086
7.1000000000000005,10.55253,11.045686628945793
7.1000000000000005,10.75354,11.078422392239005
7.1000000000000005,10.95455,11.1053759588818
7.1000000000000005,11.15556,11.134022048500539
7.1000000000000005,11.35657,11.164848232168184
7.1000000000000005,11.55758,11.194343946931536
7.1000000000000005,11.75859,11.220548243095516
7.1000000000000005,11.9596,11.246351717588023
7.1000000000000005,12.16061,11.270612393867694
7.1000000000000005,12.36162,11.294844605989885
7.1000000000000005,12.56263,11.318706978898945
7.1000000000000005,12.76364,11.341598487261408
7.1000000000000005,12.96465,11.36418799863482
7.1000000000000005,13.16566,11.385735750429326
7.1000000000000005,13.36667,11.407345401694228
7.1000000000000005,13.56768,11.428685049291683
7.1000000000000005,13.76869,11.449333801506276
7.1000000000000005,13.9697,11.469740403777706
7.1000000000000005,14.17071,11.489415730278402
7.1000000000000005,14.37172,11.509182990347538
7.1000000000000005,14.57273,11.528720263479801
7.1000000000000005,14.77374,11.547786932443481
7.1000000000000005,14.97475,11.566681710998
7.1000000000000005,15.17576,11.58500571022801
7.1000000000000005,15.37677,11.603411474032608
7.1000000000000005,15.57778,11.621617282022594
7.1000000000000005,15.77879,11.639472756939128
7.1000000000000005,15.9798,11.657196668718715
7.1000000000000005,16.18081,11.674470190631936
7.1000000000000005,16.38182,11.691795238734606
7.1000000000000005,16.58283,11.708930362300476
7.1000000000000005,16.78384,11.725795350967232
7.1000000000000005,16.98485,11.742569093524342
7.1000000000000005,17.18586,11.75894272441129
7.1000000000000005,17.38687,11.775367627439275
7.1000000000000005,17.58788,11.791612626146213
7.1000000000000005,17.78889,11.80762761403224
7.1000000000000005,17.9899,11.823591630749853
7.1000000000000005,18.19091,11.839195704935932
7.1000000000000005,18.39192,11.854820815460167
7.1000000000000005,18.59293,11.870286026796322
7.1000000000000005,18.79394,11.885561291769745
7.1000000000000005,18.99495,11.90079580618988
7.1000000000000005,19.19596,11.915710478734198
7.1000000000000005,19.39697,11.930635985293856
7.1000000000000005,19.59798,11.945401598361352
7.1000000000000005,19.79899,11.959987302552479
7.1000000000000005,20.0,11.972433101607825
6.800000000000001,0.3010101,3.3958462585195477
6.800000000000001,0.5020202,3.4815833851304876
6.800000000000001,0.7030303,3.3608535044254775
6.800000000000001,0.9040404,3.143789729753158
6.800000000000001,1.105051,2.871376534294507
6.800000000000001,1.306061,2.572884363567848
6.800000000000001,1.507071,2.273264341924623
6.800000000000001,1.708081,1.9924874080390902
6.800000000000001,1.909091,1.7472992435258896
6.800000000000001,2.110101,1.5484119198834407
6.800000000000001,2.311111,1.407697338012878
6.800000000000001,2.512121,1.31719800988389
6.800000000000001,2.713131,1.2752070659553842
6.800000000000001,2.914141,1.2680277337708028
6.800000000000001,3.115152,1.284454856007679
6.800000000000001,3.316162,1.3158096626712021
6.800000000000001,3.517172,1.3544058853056016
6.800000000000001,3.718182,1.3988761693600236
6.800000000000001,3.919192,1.450896577249927
6.800000000000001,4.120202,1.513937403140223
6.800000000000001,4.321212,1.5909120637063032
6.800000000000001,4.522222,1.6970385878720673
6.800000000000001,4.723232,1.8304486164213347
6.800000000000001,4.924242,2.001468403969481
6.800000000000001,5.125253,2.2097910405081946
6.800000000000001,5.326263,2.460408440602037
6.800000000000001,5.527273,2.7594940072133625
6.800000000000001,5.728283,3.1251421355066795
6.800000000000001,5.929293,3.5801637024416144
6.800000000000001,6.130303,4.130020538433479
6.800000000000001,6.331313,4.78731219738564
6.800000000000001,6.532323,5.558081992298922
6.800000000000001,6.733333,6.446128948191439
6.800000000000001,6.934343,7.3838526566801885
6.800000000000001,7.135354,8.255876320444697
6.800000000000001,7.336364,8.993645963859173
6.800000000000001,7.537374,9.555261413157131
6.800000000000001,7.738384,9.928000750460166
6.800000000000001,7.939394,10.159395608730682
6.800000000000001,8.140404,10.326754845610758
6.800000000000001,8.341414,10.451625783994986
6.800000000000001,8.542424,10.549413704901717
6.800000000000001,8.743434,10.6293222490084
6.800000000000001,8.944444,10.695773771895027
6.800000000000001,9.145455,10.75501798009395
6.800000000000001,9.346465,10.808444626689445
6.800000000000001,9.547475,10.857173444795796
6.800000000000001,9.748485,10.902054175543698
6.800000000000001,9.949495,10.943204550973494
6.800000000000001,10.15051,10.981335416078208
6.800000000000001,10.35152,11.017147580347281
6.800000000000001,10.55253,11.051101256367067
6.800000000000001,10.75354,11.083396034007134
6.800000000000001,10.95455,11.113629744562054
6.800000000000001,11.15556,11.143636870772921
6.800000000000001,11.35657,11.171919744079789
6.800000000000001,11.55758,11.1984194511133
6.800000000000001,11.75859,11.224113016224806
6.800000000000001,11.9596,11.24980663138014
6.800000000000001,12.16061,11.274077379057973
6.800000000000001,12.36162,11.297977419056602
6.800000000000001,12.56263,11.32144712613963
6.800000000000001,12.76364,11.343976066566754
6.800000000000001,12.96465,11.366495025560463
6.800000000000001,13.16566,11.388042539454922
6.800000000000001,13.36667,11.40937976584072
6.800000000000001,13.56768,11.43038652579372
6.800000000000001,13.76869,11.450742351694917
6.800000000000001,13.9697,11.471098216322348
6.800000000000001,14.17071,11.490773130092007
6.800000000000001,14.37172,11.510327921703514
6.800000000000001,14.57273,11.529632438175005
6.800000000000001,14.77374,11.548486438488972
6.800000000000001,14.97475,11.567350508554805
6.800000000000001,15.17576,11.585684050211192
6.800000000000001,15.37677,11.60393758872626
6.800000000000001,15.57778,11.621981015792526
6.800000000000001,15.77879,11.63968422561624
6.800000000000001,15.9798,11.657397529288945
6.800000000000001,16.18081,11.674660618221285
6.800000000000001,16.38182,11.69188377399319
6.800000000000001,16.58283,11.708916942203297
6.800000000000001,16.78384,11.725680088518539
6.800000000000001,16.98485,11.742453341097946
6.800000000000001,17.18586,11.75882659355399
6.800000000000001,17.38687,11.775179945670278
6.800000000000001,17.58788,11.791353388603405
6.800000000000001,17.78889,11.807306917214788
6.800000000000001,17.9899,11.823260554264303
6.800000000000001,18.19091,11.838864312242098
6.800000000000001,18.39192,11.85445817761955
6.800000000000001,18.59293,11.869872170766241
6.800000000000001,18.79394,11.885106292996312
6.800000000000001,18.99495,11.900340519100741
6.800000000000001,19.19596,11.915254933978664
6.800000000000001,19.39697,11.930149451093513
6.800000000000001,19.59798,11.943854474746912
6.800000000000001,19.79899,11.956290004540048
6.800000000000001,20.0,11.968735604484237
6.500000000000001,0.3010101,3.369869990296954
6.500000000000001,0.5020202,3.4718791419106236
6.500000000000001,0.7030303,3.3583843652102927
6.500000000000001,0.9040404,3.1452603889972885
6.500000000000001,1.105051,2.873646416683926
6.500000000000001,1.306061,2.574389675844044
6.500000000000001,1.507071,2.2733377338224168
6.500000000000001,1.708081,1.9915984237438562
6.500000000000001,1.909091,1.746728486528855
6.500000000000001,2.110101,1.5512995856754532
6.500000000000001,2.311111,1.4182908566881613
6.500000000000001,2.512121,1.3388457954599886
6.500000000000001,2.713131,1.3109372837285553
6.500000000000001,2.914141,1.3207194617661113
6.500000000000001,3.115152,1.354337048221594
6.500000000000001,3.316162,1.399323849072134
6.500000000000001,3.517172,1.4462434429739444
6.500000000000001,3.718182,1.49409239454841
6.500000000000001,3.919192,1.545649597336395
6.500000000000001,4.120202,1.6050584364901794
6.500000000000001,4.321212,1.6805024810048175
6.500000000000001,4.522222,1.775931476165146
6.500000000000001,4.723232,1.9042204185608989
6.500000000000001,4.924242,2.067392289458732
6.500000000000001,5.125253,2.2688718286046328
6.500000000000001,5.326263,2.5064910833761407
6.500000000000001,5.527273,2.7952125327318136
6.500000000000001,5.728283,3.14609111840218
6.500000000000001,5.929293,3.581701165170396
6.500000000000001,6.130303,4.1192506406698985
6.500000000000001,6.331313,4.765005055184985
6.500000000000001,6.532323,5.535145594632225
6.500000000000001,6.733333,6.434136806475299
6.500000000000001,6.934343,7.392726903820763
6.500000000000001,7.135354,8.278019028864916
6.500000000000001,7.336364,9.02651012820376
6.500000000000001,7.537374,9.588304114926894
6.500000000000001,7.738384,9.955288297026891
6.500000000000001,7.939394,10.18029162779572
6.500000000000001,8.140404,10.343950372212111
6.500000000000001,8.341414,10.464907351763951
6.500000000000001,8.542424,10.560941727614537
6.500000000000001,8.743434,10.639446501901466
6.500000000000001,8.944444,10.704924833816207
6.500000000000001,9.145455,10.763586866317363
6.500000000000001,9.346465,10.816300927294312
6.500000000000001,9.547475,10.864628211069466
6.500000000000001,9.748485,10.909017089684127
6.500000000000001,9.949495,10.949476817905408
6.500000000000001,10.15051,10.987417523235612
6.500000000000001,10.35152,11.02301875227391
6.500000000000001,10.55253,11.056851863660167
6.500000000000001,10.75354,11.088975229581854
6.500000000000001,10.95455,11.119415361382574
6.500000000000001,11.15556,11.148384646002857
6.500000000000001,11.35657,11.17474548036549
6.500000000000001,11.55758,11.199630017479716
6.500000000000001,11.75859,11.228487499692436
6.500000000000001,11.9596,11.253795335199358
6.500000000000001,12.16061,11.277966734791272
6.500000000000001,12.36162,11.301796117853824
6.500000000000001,12.56263,11.32418744793986
6.500000000000001,12.76364,11.34621387161646
6.500000000000001,12.96465,11.368652273218686
6.500000000000001,13.16566,11.390199520346094
6.500000000000001,13.36667,11.411223375241008
6.500000000000001,13.56768,11.431866142330781
6.500000000000001,13.76869,11.45189796820148
6.500000000000001,13.9697,11.472212908660614
6.500000000000001,14.17071,11.491887379237694
6.500000000000001,14.37172,11.51121900185189
6.500000000000001,14.57273,11.53029000919536
6.500000000000001,14.77374,11.548940676096297
6.500000000000001,14.97475,11.567773932565322
6.500000000000001,15.17576,11.586106991998244
6.500000000000001,15.37677,11.604207805401815
6.500000000000001,15.57778,11.62209833240907
6.500000000000001,15.77879,11.63966881634991
6.500000000000001,15.9798,11.657361449239986
6.500000000000001,16.18081,11.674634087118523
6.500000000000001,16.38182,11.691755002853238
6.500000000000001,16.58283,11.708685867643014
6.500000000000001,16.78384,11.725366864050127
6.500000000000001,16.98485,11.742129592094555
6.500000000000001,17.18586,11.758502454659512
6.500000000000001,17.38687,11.774794019812616
6.500000000000001,17.58788,11.79090567872596
6.500000000000001,17.78889,11.806807547557902
6.500000000000001,17.9899,11.822760787256245
6.500000000000001,18.19091,11.838364222039772
6.500000000000001,18.39192,11.85391668805926
6.500000000000001,18.59293,11.869309321327973
6.500000000000001,18.79394,11.884512180602382
6.500000000000001,18.99495,11.899746110553831
6.500000000000001,19.19596,11.914650263588973
6.500000000000001,19.39697,11.92953370315367
6.500000000000001,19.59798,11.94424733336348
6.500000000000001,19.79899,11.958801169768568
6.500000000000001,20.0,11.971256594712822
6.200000000000001,0.3010101,3.3472932281188776
6.200000000000001,0.5020202,3.4609374628183196
6.200000000000001,0.7030303,3.351863701274921
6.200000000000001,0.9040404,3.1407523799842023
6.200000000000001,1.105051,2.8696697782705187
6.200000000000001,1.306061,2.570121674251054
6.200000000000001,1.507071,2.268299609461982
6.200000000000001,1.708081,1.9862654645305526
6.200000000000001,1.909091,1.742442083471254
6.200000000000001,2.110101,1.5508969852518026
6.200000000000001,2.311111,1.4254306336503857
6.200000000000001,2.512121,1.3581705576737175
6.200000000000001,2.713131,1.3476045230732345
6.200000000000001,2.914141,1.375825590331598
6.200000000000001,3.115152,1.4285253827819977
6.200000000000001,3.316162,1.488435369112949
6.200000000000001,3.517172,1.5457209423495777
6.200000000000001,3.718182,1.5978193783624857
6.200000000000001,3.919192,1.6484921377782407
6.200000000000001,4.120202,1.7037687811622335
6.200000000000001,4.321212,1.7705014671633414
6.200000000000001,4.522222,1.8609925197609078
6.200000000000001,4.723232,1.9828250030098349
6.200000000000001,4.924242,2.141614594655953
6.200000000000001,5.125253,2.329729704834199
6.200000000000001,5.326263,2.56310456373885
6.200000000000001,5.527273,2.832818008926152
6.200000000000001,5.728283,3.166042856911316
6.200000000000001,5.929293,3.588868254770339
6.200000000000001,6.130303,4.099434937719226
6.200000000000001,6.331313,4.740222539321285
6.200000000000001,6.532323,5.510099589867321
6.200000000000001,6.733333,6.421608050746284
6.200000000000001,6.934343,7.395325809270582
6.200000000000001,7.135354,8.307849783395854
6.200000000000001,7.336364,9.06059697073608
6.200000000000001,7.537374,9.621733072127018
6.200000000000001,7.738384,9.982822966882532
6.200000000000001,7.939394,10.203350821441612
6.200000000000001,8.140404,10.360047901855163
6.200000000000001,8.341414,10.47966263242645
6.200000000000001,8.542424,10.572761423319111
6.200000000000001,8.743434,10.650022250463051
6.200000000000001,8.944444,10.714797566972416
6.200000000000001,9.145455,10.772365655655154
6.200000000000001,9.346465,10.824838335856272
6.200000000000001,9.547475,10.872432535650875
6.200000000000001,9.748485,10.916419700572167
6.200000000000001,9.949495,10.956488391979933
6.200000000000001,10.15051,10.99388724477314
6.200000000000001,10.35152,11.029357994628947
6.200000000000001,10.55253,11.062697962666208
6.200000000000001,10.75354,11.094569189160982
6.200000000000001,10.95455,11.124738620952137
6.200000000000001,11.15556,11.153197797973434
6.200000000000001,11.35657,11.180508117341043
6.200000000000001,11.55758,11.2068944239035
6.200000000000001,11.75859,11.233198282466184
6.200000000000001,11.9596,11.257419648656176
6.200000000000001,12.16061,11.281277598252034
6.200000000000001,12.36162,11.304563052411737
6.200000000000001,12.56263,11.325277318751295
6.200000000000001,12.76364,11.347313371630742
6.200000000000001,12.96465,11.371029309301628
6.200000000000001,13.16566,11.39176867552843
6.200000000000001,13.36667,11.412721301786679
6.200000000000001,13.56768,11.433363437728675
6.200000000000001,13.76869,11.453404547683062
6.200000000000001,13.9697,11.473324204793203
6.200000000000001,14.17071,11.492552089299142
6.200000000000001,14.37172,11.511852589427434
6.200000000000001,14.57273,11.530922924947033
6.200000000000001,14.77374,11.549572888068578
6.200000000000001,14.97475,11.568151750363645
6.200000000000001,15.17576,11.586199620452726
6.200000000000001,15.37677,11.604289510431627
6.200000000000001,15.57778,11.622169419454119
6.200000000000001,15.77879,11.6397492740276
6.200000000000001,15.9798,11.657268268006309
6.200000000000001,16.18081,11.6743669046621
6.200000000000001,16.38182,11.691477101113868
6.200000000000001,16.58283,11.708407438554124
6.200000000000001,16.78384,11.725087907347838
6.200000000000001,16.98485,11.741737725802457
6.200000000000001,17.18586,11.758017578424138
6.200000000000001,17.38687,11.774298602182
6.200000000000001,17.58788,11.790419830244957
6.200000000000001,17.78889,11.806321272420972
6.200000000000001,17.9899,11.822212229997985
6.200000000000001,18.19091,11.837753430613198
6.200000000000001,18.39192,11.853305496816073
6.200000000000001,18.59293,11.868687786609462
6.200000000000001,18.79394,11.883900306900472
6.200000000000001,18.99495,11.899092470311944
6.200000000000001,19.19596,11.913974989856332
6.200000000000001,19.39697,11.928848137199402
6.200000000000001,19.59798,11.943571495943871
6.200000000000001,19.79899,11.958125065139393
6.200000000000001,20.0,11.971608903013898
5.9,0.3010101,3.3249978798154856
5.9,0.5020202,3.4484365775166683
5.9,0.7030303,3.3418640182439376
5.9,0.9040404,3.1317081086286365
5.9,1.105051,2.860708207891645
5.9,1.306061,2.5608228322397193
5.9,1.507071,2.258502191215464
5.9,1.708081,1.976648186964759
5.9,1.909091,1.7345666084659477
5.9,2.110101,1.546780905931352
5.9,2.311111,1.429166232887303
5.9,2.512121,1.3751096504864344
5.9,2.713131,1.383362189612828
5.9,2.914141,1.433626649495713
5.9,3.115152,1.5055533626508923
5.9,3.316162,1.5829104984170435
5.9,3.517172,1.6529021636014027
5.9,3.718182,1.709940720380824
5.9,3.919192,1.7592593213379504
5.9,4.120202,1.8100660824366397
5.9,4.321212,1.8682651667493355
5.9,4.522222,1.9536357735235566
5.9,4.723232,2.0689218207943822
5.9,4.924242,2.2172122520292152
5.9,5.125253,2.4032432061551012
5.9,5.326263,2.6171537703489354
5.9,5.527273,2.8780871686487557
5.9,5.728283,3.190541079516247
5.9,5.929293,3.582047896433387
5.9,6.130303,4.087902022250172
5.9,6.331313,4.708575394047067
5.9,6.532323,5.476403474399537
5.9,6.733333,6.404517273169475
5.9,6.934343,7.41072523735924
5.9,7.135354,8.32809316801506
5.9,7.336364,9.097194850406545
5.9,7.537374,9.658816865513508
5.9,7.738384,10.011946961202254
5.9,7.939394,10.223985464147864
5.9,8.140404,10.379372449850234
5.9,8.341414,10.493701787204172
5.9,8.542424,10.58568709386761
5.9,8.743434,10.661292965889984
5.9,8.944444,10.724833826983883
5.9,9.145455,10.782139900228943
5.9,9.346465,10.833568305045473
5.9,9.547475,10.880901035872842
5.9,9.748485,10.924265301179624
5.9,9.949495,10.963741380594938
5.9,10.15051,11.000959281716286
5.9,10.35152,11.035756262434667
5.9,10.55253,11.068935221952492
5.9,10.75354,11.10026286699973
5.9,10.95455,11.129779678443697
5.9,11.15556,11.158167464976422
5.9,11.35657,11.185351733364335
5.9,11.55758,11.211746032870048
5.9,11.75859,11.236778241756543
5.9,11.9596,11.260891325117573
5.9,12.16061,11.284445111668576
5.9,12.36162,11.307136733110953
5.9,12.56263,11.328851719290826
5.9,12.76364,11.351798152830153
5.9,12.96465,11.373001872826944
5.9,13.16566,11.393589301526857
5.9,13.36667,11.414108202201895
5.9,13.56768,11.434679160970463
5.9,13.76869,11.454425405993545
5.9,13.9697,11.474131078492672
5.9,14.17071,11.49327655614944
5.9,14.37172,11.512322195283081
5.9,14.57273,11.531351253174996
5.9,14.77374,11.549837359485215
5.9,14.97475,11.568283216077546
5.9,15.17576,11.586279064933706
5.9,15.37677,11.604195130141003
5.9,15.57778,11.622064039475916
5.9,15.77879,11.639530781224956
5.9,15.9798,11.656977463608948
5.9,16.18081,11.674034455816429
5.9,16.38182,11.691041701606594
5.9,16.58283,11.70797128607672
5.9,16.78384,11.724579326153323
5.9,16.98485,11.74118742322226
5.9,17.18586,11.757445974806567
5.9,17.38687,11.773674769848503
5.9,17.58788,11.78978544655159
5.9,17.78889,11.805655022308297
5.9,17.9899,11.821524715746616
5.9,18.19091,11.83705490148873
5.9,18.39192,11.852575299796653
5.9,18.59293,11.867967190733195
5.9,18.79394,11.883148289083643
5.9,18.99495,11.898339530212786
5.9,19.19596,11.913211270870136
5.9,19.39697,11.928083187983582
5.9,19.59798,11.942796260279703
5.9,19.79899,11.955239868422629
5.9,20.0,11.967663592078809
5.6000000000000005,0.3010101,3.300591940100499
5.6000000000000005,0.5020202,3.4332679003382496
5.6000000000000005,0.7030303,3.328201735006097
5.6000000000000005,0.9040404,3.1184106962574476
5.6000000000000005,1.105051,2.8472064359505103
5.6000000000000005,1.306061,2.546840929457565
5.6000000000000005,1.507071,2.244115521416145
5.6000000000000005,1.708081,1.962759467170486
5.6000000000000005,1.909091,1.7225868486220197
5.6000000000000005,2.110101,1.539352690298386
5.6000000000000005,2.311111,1.4299675998945751
5.6000000000000005,2.512121,1.3893220869231115
5.6000000000000005,2.713131,1.4175629925053166
5.6000000000000005,2.914141,1.4902029699743777
5.6000000000000005,3.115152,1.5862275325739326
5.6000000000000005,3.316162,1.6833515612520598
5.6000000000000005,3.517172,1.7676435995458357
5.6000000000000005,3.718182,1.8305099386124628
5.6000000000000005,3.919192,1.8784509784486605
5.6000000000000005,4.120202,1.9237333981305025
5.6000000000000005,4.321212,1.979708820342095
5.6000000000000005,4.522222,2.051344628426652
5.6000000000000005,4.723232,2.159637215471995
5.6000000000000005,4.924242,2.3031988326008994
5.6000000000000005,5.125253,2.4745872779045235
5.6000000000000005,5.326263,2.6833839378481943
5.6000000000000005,5.527273,2.9214604179091404
5.6000000000000005,5.728283,3.2114842977983433
5.6000000000000005,5.929293,3.585942147099182
5.6000000000000005,6.130303,4.058147465364245
5.6000000000000005,6.331313,4.672271315899963
5.6000000000000005,6.532323,5.441179603100124
5.6000000000000005,6.733333,6.38666996621077
5.6000000000000005,6.934343,7.412253183048926
5.6000000000000005,7.135354,8.361531630072076
5.6000000000000005,7.336364,9.135566235680157
5.6000000000000005,7.537374,9.69543271536274
5.6000000000000005,7.738384,10.041452340802223
5.6000000000000005,7.939394,10.248647570418965
5.6000000000000005,8.140404,10.396864404368488
5.6000000000000005,8.341414,10.509811190777892
5.6000000000000005,8.542424,10.598860926796233
5.6000000000000005,8.743434,10.673202438689206
5.6000000000000005,8.944444,10.73597969835591
5.6000000000000005,9.145455,10.792091159967477
5.6000000000000005,9.346465,10.84321747254841
5.6000000000000005,9.547475,10.889686096092738
5.6000000000000005,9.748485,10.932577681567196
5.6000000000000005,9.949495,10.971621190042383
5.6000000000000005,10.15051,11.008124864197615
5.6000000000000005,10.35152,11.042710183414675
5.6000000000000005,10.55253,11.075204185279464
5.6000000000000005,10.75354,11.106148663699773
5.6000000000000005,10.95455,11.135252033554877
5.6000000000000005,11.15556,11.16301384834904
5.6000000000000005,11.35657,11.189955915743292
5.6000000000000005,11.55758,11.215675125603877
5.6000000000000005,11.75859,11.240484189074907
5.6000000000000005,11.9596,11.26432282749396
5.6000000000000005,12.16061,11.287470796580335
5.6000000000000005,12.36162,11.310129044945715
5.6000000000000005,12.56263,11.332222490830127
5.6000000000000005,12.76364,11.353897619576978
5.6000000000000005,12.96465,11.37217414553161
5.6000000000000005,13.16566,11.392621081109436
5.6000000000000005,13.36667,11.414486180070803
5.6000000000000005,13.56768,11.435509354863227
5.6000000000000005,13.76869,11.455000380487672
5.6000000000000005,13.9697,11.47470500389899
5.6000000000000005,14.17071,11.493849404736661
5.6000000000000005,14.37172,11.512802233556009
5.6000000000000005,14.57273,11.531412270608387
5.6000000000000005,14.77374,11.549744235502024
5.6000000000000005,14.97475,11.56819918927595
5.6000000000000005,15.17576,11.586184123001233
5.6000000000000005,15.37677,11.60404788194539
5.6000000000000005,15.57778,11.62165983413992
5.6000000000000005,15.77879,11.639043560408489
5.6000000000000005,15.9798,11.656489495218771
5.6000000000000005,16.18081,11.673545745482523
5.6000000000000005,16.38182,11.69052116051107
5.6000000000000005,16.58283,11.707295495203375
5.6000000000000005,16.78384,11.7238713938763
5.6000000000000005,16.98485,11.74047889657143
5.6000000000000005,17.18586,11.75673686653909
5.6000000000000005,17.38687,11.77294424275301
5.6000000000000005,17.58788,11.788981012238875
5.6000000000000005,17.78889,11.804829082737603
5.6000000000000005,17.9899,11.820698313635873
5.6000000000000005,18.19091,11.83623805067811
5.6000000000000005,18.39192,11.8517473569293
5.6000000000000005,18.59293,11.867096343948033
5.6000000000000005,18.79394,11.882286381700041
5.6000000000000005,18.99495,11.897467266886602
5.6000000000000005,19.19596,11.912338665322972
5.6000000000000005,19.39697,11.927209733524476
5.6000000000000005,19.59798,11.941920641330434
5.6000000000000005,19.79899,11.955422959837758
5.6000000000000005,20.0,11.96783646195506
5.300000000000001,0.3010101,3.272996697567704
5.300000000000001,0.5020202,3.414474385938321
5.300000000000001,0.7030303,3.3103035890908945
5.300000000000001,0.9040404,3.100701179928495
5.300000000000001,1.105051,2.8291813284610794
5.300000000000001,1.306061,2.5281506814551835
5.300000000000001,1.507071,2.2250728199497947
5.300000000000001,1.708081,1.9443676290238352
5.300000000000001,1.909091,1.7064809348660184
5.300000000000001,2.110101,1.5282563076527884
5.300000000000001,2.311111,1.4282382801970472
5.300000000000001,2.512121,1.4011159272925413
5.300000000000001,2.713131,1.4480358317851425
5.300000000000001,2.914141,1.5454937516040068
5.300000000000001,3.115152,1.6690933810745625
5.300000000000001,3.316162,1.7902062735874347
5.300000000000001,3.517172,1.8901148143198125
5.300000000000001,3.718182,1.9593521620213543
5.300000000000001,3.919192,2.006177784943944
5.300000000000001,4.120202,2.0449117546313547
5.300000000000001,4.321212,2.091086277078731
5.300000000000001,4.522222,2.155967682132184
5.300000000000001,4.723232,2.25779139746986
5.300000000000001,4.924242,2.3924298960384958
5.300000000000001,5.125253,2.5551932264019355
5.300000000000001,5.326263,2.7466302391992574
5.300000000000001,5.527273,2.9690258207391276
5.300000000000001,5.728283,3.2354140429602407
5.300000000000001,5.929293,3.578361880559501
5.300000000000001,6.130303,4.029683426367813
5.300000000000001,6.331313,4.626845474751074
5.300000000000001,6.532323,5.396950154686239
5.300000000000001,6.733333,6.362799379951038
5.300000000000001,6.934343,7.420726012989023
5.300000000000001,7.135354,8.38928643474802
5.300000000000001,7.336364,9.176384318059744
5.300000000000001,7.537374,9.735034953588805
5.300000000000001,7.738384,10.072875445214517
5.300000000000001,7.939394,10.272651665528986
5.300000000000001,8.140404,10.4168698246984
5.300000000000001,8.341414,10.52585326990461
5.300000000000001,8.542424,10.613139040567267
5.300000000000001,8.743434,10.686016058608791
5.300000000000001,8.944444,10.747669007140741
5.300000000000001,9.145455,10.803056864923771
5.300000000000001,9.346465,10.853258832559984
5.300000000000001,9.547475,10.899154072652097
5.300000000000001,9.748485,10.941391757160446
5.300000000000001,9.949495,10.979821138144677
5.300000000000001,10.15051,11.015841069116322
5.300000000000001,10.35152,11.04975111316144
5.300000000000001,10.55253,11.081780896772111
5.300000000000001,10.75354,11.112160106566991
5.300000000000001,10.95455,11.140718071681292
5.300000000000001,11.15556,11.168064938861475
5.300000000000001,11.35657,11.194350534521764
5.300000000000001,11.55758,11.219664886607495
5.300000000000001,11.75859,11.244088195426533
5.300000000000001,11.9596,11.267590582588163
5.300000000000001,12.16061,11.290452428411697
5.300000000000001,12.36162,11.312842737779215
5.300000000000001,12.56263,11.334651588734244
5.300000000000001,12.76364,11.35569986102329
5.300000000000001,12.96465,11.376120617466748
5.300000000000001,13.16566,11.396340620831046
5.300000000000001,13.36667,11.416520708190218
5.300000000000001,13.56768,11.436430091715751
5.300000000000001,13.76869,11.45581784960557
5.300000000000001,13.9697,11.475206001293628
5.300000000000001,14.17071,11.494094040821288
5.300000000000001,14.37172,11.512892396503377
5.300000000000001,14.57273,11.53149113862455
5.300000000000001,14.77374,11.549760250455881
5.300000000000001,14.97475,11.568019766194833
5.300000000000001,15.17576,11.585849782664733
5.300000000000001,15.37677,11.603630206188786
5.300000000000001,15.57778,11.62124112672998
5.300000000000001,15.77879,11.6385725970646
5.300000000000001,15.9798,11.655914443401082
5.300000000000001,16.18081,11.672887031168973
5.300000000000001,16.38182,11.68981001773977
5.300000000000001,16.58283,11.706593555748888
5.300000000000001,16.78384,11.72313771621243
5.300000000000001,16.98485,11.739692207722818
5.300000000000001,17.18586,11.755907496713998
5.300000000000001,17.38687,11.772093131948555
5.300000000000001,17.58788,11.788129297802467
5.300000000000001,17.78889,11.80396604220421
5.300000000000001,17.9899,11.819813067967937
5.300000000000001,18.19091,11.835330844095887
5.300000000000001,18.39192,11.850828903831063
5.300000000000001,18.59293,11.866187435798881
5.300000000000001,18.79394,11.881366459967904
5.300000000000001,18.99495,11.896545719478341
5.300000000000001,19.19596,11.91141565683935
5.300000000000001,19.39697,11.92628581973673
5.300000000000001,19.59798,11.940996386253849
5.300000000000001,19.79899,11.955547352775739
5.300000000000001,20.0,11.97008851425606
5.000000000000001,0.3010101,3.240801247495555
5.000000000000001,0.5020202,3.390531826471959
5.000000000000001,0.7030303,3.2868688137532662
5.000000000000001,0.9040404,3.0774626254222337
5.000000000000001,1.105051,2.80573396655815
5.000000000000001,1.306061,2.503909204615257
5.000000000000001,1.507071,2.200394961006103
5.000000000000001,1.708081,1.9204913723051948
5.000000000000001,1.909091,1.6853632519884993
5.000000000000001,2.110101,1.5127417306328137
5.000000000000001,2.311111,1.42256615555052
5.000000000000001,2.512121,1.4092711107022857
5.000000000000001,2.713131,1.4754851849261204
5.000000000000001,2.914141,1.5994119615069666
5.000000000000001,3.115152,1.7535525175383
5.000000000000001,3.316162,1.9024365314982052
5.000000000000001,3.517172,2.020845942551996
5.000000000000001,3.718182,2.097916426542598
5.000000000000001,3.919192,2.143734351718972
5.000000000000001,4.120202,2.1747976901298194
5.000000000000001,4.321212,2.210374969204592
5.000000000000001,4.522222,2.2679071823852572
5.000000000000001,4.723232,2.3627115614093754
5.000000000000001,4.924242,2.4874284622838814
5.000000000000001,5.125253,2.6408361640362354
5.000000000000001,5.326263,2.8120499923600466
5.000000000000001,5.527273,3.017214612741535
5.000000000000001,5.728283,3.256753989417759
5.000000000000001,5.929293,3.5628850358936646
5.000000000000001,6.130303,3.9914006428271684
5.000000000000001,6.331313,4.570521571315079
5.000000000000001,6.532323,5.342927590294951
5.000000000000001,6.733333,6.333191250833198
5.000000000000001,6.934343,7.42898608262158
5.000000000000001,7.135354,8.418501472889849
5.000000000000001,7.336364,9.21987549677445
5.000000000000001,7.537374,9.777003435386376
5.000000000000001,7.738384,10.10582983369489
5.000000000000001,7.939394,10.297883195738144
5.000000000000001,8.140404,10.43806475632168
5.000000000000001,8.341414,10.543067828322286
5.000000000000001,8.542424,10.628560142599536
5.000000000000001,8.743434,10.699893145083054
5.000000000000001,8.944444,10.760331833765331
5.000000000000001,9.145455,10.81492568992992
5.000000000000001,9.346465,10.86404254807111
5.000000000000001,9.547475,10.909303634318597
5.000000000000001,9.748485,10.950786203136849
5.000000000000001,9.949495,10.988479922096426
5.000000000000001,10.15051,11.023964893112383
5.000000000000001,10.35152,11.057047326973777
5.000000000000001,10.55253,11.088561541026962
5.000000000000001,10.75354,11.118283483027097
5.000000000000001,10.95455,11.146234010848415
5.000000000000001,11.15556,11.17311451814413
5.000000000000001,11.35657,11.19870091457131
5.000000000000001,11.55758,11.223588852274744
5.000000000000001,11.75859,11.247514050926334
5.000000000000001,11.9596,11.270578524846771
5.000000000000001,12.16061,11.293083374105988
5.000000000000001,12.36162,11.314904402061998
5.000000000000001,12.56263,11.336377276592943
5.000000000000001,12.76364,11.357239091758496
5.000000000000001,12.96465,11.375114801326927
5.000000000000001,13.16566,11.3949445510832
5.000000000000001,13.36667,11.416306093548648
5.000000000000001,13.56768,11.437009395366372
5.000000000000001,13.76869,11.456274053403819
5.000000000000001,13.9697,11.475306307013993
5.000000000000001,14.17071,11.493926887785284
5.000000000000001,14.37172,11.512569888830429
5.000000000000001,14.57273,11.53116727546399
5.000000000000001,14.77374,11.5493630215551
5.000000000000001,14.97475,11.567435845794481
5.000000000000001,15.17576,11.585150038632397
5.000000000000001,15.37677,11.602846607562686
5.000000000000001,15.57778,11.620446468742422
5.000000000000001,15.77879,11.637755412162887
5.000000000000001,15.9798,11.655002547957732
5.000000000000001,16.18081,11.671910967300418
5.000000000000001,16.38182,11.688811237182058
5.000000000000001,16.58283,11.705583966547096
5.000000000000001,16.78384,11.722116223200077
5.000000000000001,16.98485,11.738627338467602
5.000000000000001,17.18586,11.754819652984775
5.000000000000001,17.38687,11.771003388113526
5.000000000000001,17.58788,11.787038945946048
5.000000000000001,17.78889,11.802874263627519
5.000000000000001,17.9899,11.818698872169778
5.000000000000001,18.19091,11.834214519135207
5.000000000000001,18.39192,11.849721245848334
5.000000000000001,18.59293,11.865069322900444
5.000000000000001,18.79394,11.880257275631166
5.000000000000001,18.99495,11.895434792729867
5.000000000000001,19.19596,11.910323193853262
5.000000000000001,19.39697,11.925192415327368
5.000000000000001,19.59798,11.939902641004293
5.000000000000001,19.79899,11.953413519683922
5.000000000000001,20.0,11.965844830653392
4.700000000000001,0.3010101,3.2027188042532964
4.700000000000001,0.5020202,3.3605160454247223
4.700000000000001,0.7030303,3.2570053221595257
4.700000000000001,0.9040404,3.0479967808448727
4.700000000000001,1.105051,2.776342917748423
4.700000000000001,1.306061,2.4737211703682194
4.700000000000001,1.507071,2.16949940287473
4.700000000000001,1.708081,1.8905791270515417
4.700000000000001,1.909091,1.6586541828687256
4.700000000000001,2.110101,1.4921545869249102
4.700000000000001,2.311111,1.4115213406248277
4.700000000000001,2.512121,1.4127589674739431
4.700000000000001,2.713131,1.5013132487014094
4.700000000000001,2.914141,1.6522475034153623
4.700000000000001,3.115152,1.8385347693467862
4.700000000000001,3.316162,2.017038417152685
4.700000000000001,3.517172,2.1588152663633577
4.700000000000001,3.718182,2.2467754714659445
4.700000000000001,3.919192,2.2913874779762877
4.700000000000001,4.120202,2.313962675452797
4.700000000000001,4.321212,2.3403014587852256
4.700000000000001,4.522222,2.3863770703695377
4.700000000000001,4.723232,2.4721821683851126
4.700000000000001,4.924242,2.590723224505987
4.700000000000001,5.125253,2.723748252951629
4.700000000000001,5.326263,2.8882079793603315
4.700000000000001,5.527273,3.059828978340489
4.700000000000001,5.728283,3.2664219626269126
4.700000000000001,5.929293,3.5482920172937864
4.700000000000001,6.130303,3.9286415572764906
4.700000000000001,6.331313,4.49994937321566
4.700000000000001,6.532323,5.2819128815442955
4.700000000000001,6.733333,6.301910768712491
4.700000000000001,6.934343,7.425582914872554
4.700000000000001,7.135354,8.4606976376411
4.700000000000001,7.336364,9.268041872251482
4.700000000000001,7.537374,9.82040513164882
4.700000000000001,7.738384,10.139543369739986
4.700000000000001,7.939394,10.3263635503699
4.700000000000001,8.140404,10.458897952566304
4.700000000000001,8.341414,10.562509995890442
4.700000000000001,8.542424,10.644861689170495
4.700000000000001,8.743434,10.714741140631396
4.700000000000001,8.944444,10.774235720157733
4.700000000000001,9.145455,10.827213919227887
4.700000000000001,9.346465,10.875937016468475
4.700000000000001,9.547475,10.919890298991895
4.700000000000001,9.748485,10.960667004081136
4.700000000000001,9.949495,10.997704341823745
4.700000000000001,10.15051,11.032058603760477
4.700000000000001,10.35152,11.064836428658865
4.700000000000001,10.55253,11.09529839930294
4.700000000000001,10.75354,11.124472521737667
4.700000000000001,10.95455,11.15185442915622
4.700000000000001,11.15556,11.177821691735293
4.700000000000001,11.35657,11.203172651123042
4.700000000000001,11.55758,11.227226893654835
4.700000000000001,11.75859,11.250764037148748
4.700000000000001,11.9596,11.273399373796211
4.700000000000001,12.16061,11.295281446993055
4.700000000000001,12.36162,11.316927208339301
4.700000000000001,12.56263,11.337858498516637
4.700000000000001,12.76364,11.358514435089825
4.700000000000001,12.96465,11.378737162660773
4.700000000000001,13.16566,11.398559091070219
4.700000000000001,13.36667,11.418181991683095
4.700000000000001,13.56768,11.435848948514051
4.700000000000001,13.76869,11.454878751245404
4.700000000000001,13.9697,11.475244798386052
4.700000000000001,14.17071,11.493800526975733
4.700000000000001,14.37172,11.512359437313016
4.700000000000001,14.57273,11.530554344291309
4.700000000000001,14.77374,11.548614133091911
4.700000000000001,14.97475,11.566685444552522
4.700000000000001,15.17576,11.584398172317316
4.700000000000001,15.37677,11.60204159799594
4.700000000000001,15.57778,11.61947179048855
4.700000000000001,15.77879,11.636716793478683
4.700000000000001,15.9798,11.65396280606684
4.700000000000001,16.18081,11.670880142344153
4.700000000000001,16.38182,11.6877480632715
4.700000000000001,16.58283,11.704453948966567
4.700000000000001,16.78384,11.720963536047249
4.700000000000001,16.98485,11.737473824232277
4.700000000000001,17.18586,11.75366534642902
4.700000000000001,17.38687,11.769837340994075
4.700000000000001,17.58788,11.785858038136553
4.700000000000001,17.78889,11.801681549760731
4.700000000000001,17.9899,11.817515549960907
4.700000000000001,18.19091,11.83303061761197
4.700000000000001,18.39192,11.84853605220396
4.700000000000001,18.59293,11.86391065703447
4.700000000000001,18.79394,11.879087380160684
4.700000000000001,18.99495,11.89427444867728
4.700000000000001,19.19596,11.909152424387425
4.700000000000001,19.39697,11.924030680965869
4.700000000000001,19.59798,11.938778393282112
4.700000000000001,19.79899,11.951239203848377
4.700000000000001,20.0,11.963670215575492
4.4,0.3010101,3.158010986544947
4.4,0.5020202,3.3226800568216466
4.4,0.7030303,3.2188404052321724
4.4,0.9040404,3.010675321145765
4.4,1.105051,2.739457385719101
4.4,1.306061,2.436043384093361
4.4,1.507071,2.130759420609075
4.4,1.708081,1.8527774093937457
4.4,1.909091,1.624988786261496
4.4,2.110101,1.4647420022337891
4.4,2.311111,1.3943071658518436
4.4,2.512121,1.4111801201626717
4.4,2.713131,1.5228236733911
4.4,2.914141,1.7041412117852184
4.4,3.115152,1.9210638919519225
4.4,3.316162,2.1330628797659865
4.4,3.517172,2.303983949513748
4.4,3.718182,2.406458997426468
4.4,3.919192,2.4503753647010837
4.4,4.120202,2.4644699727333466
4.4,4.321212,2.4771505451806175
4.4,4.522222,2.5152904272899566
4.4,4.723232,2.587211290565318
4.4,4.924242,2.6839649658740012
4.4,5.125253,2.812474697044516
4.4,5.326263,2.936560430318629
4.4,5.527273,3.0899521645018035
4.4,5.728283,3.250941102797167
4.4,5.929293,3.461279769354523
4.4,6.130303,3.8311380109973188
4.4,6.331313,4.362913049291554
4.4,6.532323,5.144656722755154
4.4,6.733333,6.215464340179076
4.4,6.934343,7.4343797720436005
4.4,7.135354,8.481707284423816
4.4,7.336364,9.322704299551548
4.4,7.537374,9.87056040902496
4.4,7.738384,10.176957796996593
4.4,7.939394,10.353204043752562
4.4,8.140404,10.484303596014817
4.4,8.341414,10.582055972646751
4.4,8.542424,10.663146204223061
4.4,8.743434,10.73085216482348
4.4,8.944444,10.788572172037275
4.4,9.145455,10.841095678046088
4.4,9.346465,10.887959313464423
4.4,9.547475,10.93145744357113
4.4,9.748485,10.97103386058355
4.4,9.949495,11.006929286043528
4.4,10.15051,11.040917123636232
4.4,10.35152,11.072287872635034
4.4,10.55253,11.102413185164215
4.4,10.75354,11.13060235586165
4.4,10.95455,11.157099426826433
4.4,11.15556,11.18275886870236
4.4,11.35657,11.207040630465535
4.4,11.55758,11.23087807091836
4.4,11.75859,11.253679739676326
4.4,11.9596,11.275741262219244
4.4,12.16061,11.297405699975041
4.4,12.36162,11.318364796611753
4.4,12.56263,11.33917051371415
4.4,12.76364,11.35946210934692
4.4,12.96465,11.37953275506738
4.4,13.16566,11.399065744771567
4.4,13.36667,11.418079255683379
4.4,13.56768,11.43660326605211
4.4,13.76869,11.456116523095366
4.4,13.9697,11.474796526175078
4.4,14.17071,11.493268295537684
4.4,14.37172,11.511560097906635
4.4,14.57273,11.529722232107988
4.4,14.77374,11.547654329055682
4.4,14.97475,11.565639828857675
4.4,15.17576,11.583308999858065
4.4,15.37677,11.600865633707764
4.4,15.57778,11.618283703924423
4.4,15.77879,11.635473512570435
4.4,15.9798,11.65269575350817
4.4,16.18081,11.669590514626291
4.4,16.38182,11.68642377612525
4.4,16.58283,11.703128254156063
4.4,16.78384,11.71962414121908
4.4,16.98485,11.73613185781049
4.4,17.18586,11.752321501779175
4.4,17.38687,11.76849024769152
4.4,17.58788,11.784510006957323
4.4,17.78889,11.800350879125794
4.4,17.9899,11.81618312201776
4.4,18.19091,11.831706815619787
4.4,18.39192,11.847219972347578
4.4,18.59293,11.862593947717992
4.4,18.79394,11.877798776309998
4.4,18.99495,11.892994635007632
4.4,19.19596,11.90788160454101
4.4,19.39697,11.922778258296834
4.4,19.59798,11.93752554354025
4.4,19.79899,11.95211345262625
4.4,20.0,11.965622916399667
4.1000000000000005,0.3010101,3.104856994368859
4.1000000000000005,0.5020202,3.2750797884127723
4.1000000000000005,0.7030303,3.170168110917813
4.1000000000000005,0.9040404,2.963198695522631
4.1000000000000005,1.105051,2.693154549879936
4.1000000000000005,1.306061,2.388908077520142
4.1000000000000005,1.507071,2.0821113458144422
4.1000000000000005,1.708081,1.8048159909051475
4.1000000000000005,1.909091,1.581128208726038
4.1000000000000005,2.110101,1.4289116177479066
4.1000000000000005,2.311111,1.3699841095937317
4.1000000000000005,2.512121,1.403030704654825
4.1000000000000005,2.713131,1.5381385314122342
4.1000000000000005,2.914141,1.7481200167136564
4.1000000000000005,3.115152,2.000943513730638
4.1000000000000005,3.316162,2.2496875231512927
4.1000000000000005,3.517172,2.453972334207132
4.1000000000000005,3.718182,2.576020236295771
4.1000000000000005,3.919192,2.621187196369822
4.1000000000000005,4.120202,2.6246360001715408
4.1000000000000005,4.321212,2.6238630215299654
4.1000000000000005,4.522222,2.644013270024307
4.1000000000000005,4.723232,2.696124428025126
4.1000000000000005,4.924242,2.7765134739243216
4.1000000000000005,5.125253,2.8752185879604006
4.1000000000000005,5.326263,2.98341411807448
4.1000000000000005,5.527273,3.0923695806675906
4.1000000000000005,5.728283,3.203656692429077
4.1000000000000005,5.929293,3.357804629428285
4.1000000000000005,6.130303,3.6242074394762205
4.1000000000000005,6.331313,4.14017210309333
4.1000000000000005,6.532323,4.963134339558485
4.1000000000000005,6.733333,6.0971683745489065
4.1000000000000005,6.934343,7.396241476195751
4.1000000000000005,7.135354,8.600205458168263
4.1000000000000005,7.336364,9.41801775302705
4.1000000000000005,7.537374,9.94642892499017
4.1000000000000005,7.738384,10.22252818188525
4.1000000000000005,7.939394,10.398065222238396
4.1000000000000005,8.140404,10.513912951680464
4.1000000000000005,8.341414,10.605458108916306
4.1000000000000005,8.542424,10.682172526882837
4.1000000000000005,8.743434,10.748152457044581
4.1000000000000005,8.944444,10.804647250946005
4.1000000000000005,9.145455,10.855081638232011
4.1000000000000005,9.346465,10.90138864085244
4.1000000000000005,9.547475,10.94320317296548
4.1000000000000005,9.748485,10.981818394872661
4.1000000000000005,9.949495,11.016841351189028
4.1000000000000005,10.15051,11.049369811807493
4.1000000000000005,10.35152,11.080321145587368
4.1000000000000005,10.55253,11.109125087835803
4.1000000000000005,10.75354,11.136609835859792
4.1000000000000005,10.95455,11.162421493764237
4.1000000000000005,11.15556,11.187009084188187
4.1000000000000005,11.35657,11.210990960145809
4.1000000000000005,11.55758,11.233896694255678
4.1000000000000005,11.75859,11.25625502177672
4.1000000000000005,11.9596,11.27784211464325
4.1000000000000005,12.16061,11.298847668031005
4.1000000000000005,12.36162,11.319628370131277
4.1000000000000005,12.56263,11.339875689500444
4.1000000000000005,12.76364,11.35991665779178
4.1000000000000005,12.96465,11.379617102591983
4.1000000000000005,13.16566,11.398889095134226
4.1000000000000005,13.36667,11.417955294531904
4.1000000000000005,13.56768,11.436857763752473
4.1000000000000005,13.76869,11.455595188299899
4.1000000000000005,13.9697,11.471631299332408
4.1000000000000005,14.17071,11.489957351626359
4.1000000000000005,14.37172,11.509529658244327
4.1000000000000005,14.57273,11.528505139124006
4.1000000000000005,14.77374,11.546435102955114
4.1000000000000005,14.97475,11.564290265790833
4.1000000000000005,15.17576,11.581837974122697
4.1000000000000005,15.37677,11.599382301832822
4.1000000000000005,15.57778,11.61679882765027
4.1000000000000005,15.77879,11.633997141442103
4.1000000000000005,15.9798,11.651162011971348
4.1000000000000005,16.18081,11.668039196122692
4.1000000000000005,16.38182,11.684870955510148
4.1000000000000005,16.58283,11.701574339551133
4.1000000000000005,16.78384,11.718069168768658
4.1000000000000005,16.98485,11.734581678761938
4.1000000000000005,17.18586,11.750796212781946
4.1000000000000005,17.38687,11.766963970624024
4.1000000000000005,17.58788,11.78298295182938
4.1000000000000005,17.78889,11.79882307277685
4.1000000000000005,17.9899,11.814681625240151
4.1000000000000005,18.19091,11.83025184684158
4.1000000000000005,18.39192,11.845774347037462
4.1000000000000005,18.59293,11.861137765408287
4.1000000000000005,18.79394,11.876342054741695
4.1000000000000005,18.99495,11.891585277171783
4.1000000000000005,19.19596,11.906529880884998
4.1000000000000005,19.39697,11.921426094198408
4.1000000000000005,19.59798,11.936162975439137
4.1000000000000005,19.79899,11.950750491685094
4.1000000000000005,20.0,11.963249228033952
3.8000000000000007,0.3010101,3.0417394980093175
3.8000000000000007,0.5020202,3.2157410302389358
3.8000000000000007,0.7030303,3.108572785053572
3.8000000000000007,0.9040404,2.9030476292413923
3.8000000000000007,1.105051,2.635155433477169
3.8000000000000007,1.306061,2.329891872493121
3.8000000000000007,1.507071,2.0210801395729807
3.8000000000000007,1.708081,1.7439401335129512
3.8000000000000007,1.909091,1.5246541500648239
3.8000000000000007,2.110101,1.381662842395141
3.8000000000000007,2.311111,1.3362605653761732
3.8000000000000007,2.512121,1.3861346925441163
3.8000000000000007,2.713131,1.5426914025798488
3.8000000000000007,2.914141,1.7821818299273644
3.8000000000000007,3.115152,2.072530181527277
3.8000000000000007,3.316162,2.363656755885808
3.8000000000000007,3.517172,2.6048002958199308
3.8000000000000007,3.718182,2.750245968816295
3.8000000000000007,3.919192,2.8012037109331143
3.8000000000000007,4.120202,2.793048001015922
3.8000000000000007,4.321212,2.771720082084726
3.8000000000000007,4.522222,2.7711576785033882
3.8000000000000007,4.723232,2.803975252590219
3.8000000000000007,4.924242,2.864810531200135
3.8000000000000007,5.125253,2.9415560197950796
3.8000000000000007,5.326263,3.022100578214994
3.8000000000000007,5.527273,3.096200338393078
3.8000000000000007,5.728283,3.163752226410357
3.8000000000000007,5.929293,3.2657576105099166
3.8000000000000007,6.130303,3.4840991059363913
3.8000000000000007,6.331313,3.9826919504476828
3.8000000000000007,6.532323,4.8281675866656935
3.8000000000000007,6.733333,6.016080864654451
3.8000000000000007,6.934343,7.386322513226293
3.8000000000000007,7.135354,8.655142949263524
3.8000000000000007,7.336364,9.52038803404411
3.8000000000000007,7.537374,10.006236852669907
3.8000000000000007,7.738384,10.270507006776693
3.8000000000000007,7.939394,10.42873469397528
3.8000000000000007,8.140404,10.542680635721513
3.8000000000000007,8.341414,10.628520755535126
3.8000000000000007,8.542424,10.703808959598833
3.8000000000000007,8.743434,10.767417780623845
3.8000000000000007,8.944444,10.821609200422174
3.8000000000000007,9.145455,10.870553867631248
3.8000000000000007,9.346465,10.915046077847483
3.8000000000000007,9.547475,10.955697337513373
3.8000000000000007,9.748485,10.992965175038885
3.8000000000000007,9.949495,11.026718091365638
3.8000000000000007,10.15051,11.058267923699622
3.8000000000000007,10.35152,11.087904862635318
3.8000000000000007,10.55253,11.115849179474925
3.8000000000000007,10.75354,11.142331192328868
3.8000000000000007,10.95455,11.167250451015647
3.8000000000000007,11.15556,11.191178530002777
3.8000000000000007,11.35657,11.214245993321512
3.8000000000000007,11.55758,11.2365933058746
3.8000000000000007,11.75859,11.25830092349563
3.8000000000000007,11.9596,11.279349118087802
3.8000000000000007,12.16061,11.299968625900759
3.8000000000000007,12.36162,11.320219764551595
3.8000000000000007,12.56263,11.340162766820166
3.8000000000000007,12.76364,11.35982781095301
3.8000000000000007,12.96465,11.37920491346309
3.8000000000000007,13.16566,11.398344849945046
3.8000000000000007,13.36667,11.417366616909158
3.8000000000000007,13.56768,11.43613034724882
3.8000000000000007,13.76869,11.454476828985513
3.8000000000000007,13.9697,11.472559031878717
3.8000000000000007,14.17071,11.490764462489173
3.8000000000000007,14.37172,11.508991567086822
3.8000000000000007,14.57273,11.527070389491044
3.8000000000000007,14.77374,11.54491116830887
3.8000000000000007,14.97475,11.562753224967654
3.8000000000000007,15.17576,11.58029882471266
3.8000000000000007,15.37677,11.597795890632115
3.8000000000000007,15.57778,11.615165101410419
3.8000000000000007,15.77879,11.63233695303579
3.8000000000000007,15.9798,11.649509786917745
3.8000000000000007,16.18081,11.666375525931267
3.8000000000000007,16.38182,11.683212347824876
3.8000000000000007,16.58283,11.699910839954624
3.8000000000000007,16.78384,11.716421273319769
3.8000000000000007,16.98485,11.732932458258922
3.8000000000000007,17.18586,11.749145990683756
3.8000000000000007,17.38687,11.765330313840783
3.8000000000000007,17.58788,11.781385963522455
3.8000000000000007,17.78889,11.79725307682555
3.8000000000000007,17.9899,11.813120761102331
3.8000000000000007,18.19091,11.828680281666154
3.8000000000000007,18.39192,11.844230369635996
3.8000000000000007,18.59293,11.859641496771351
3.8000000000000007,18.79394,11.874873707283296
3.8000000000000007,18.99495,11.890116353776982
3.8000000000000007,19.19596,11.905060460316712
3.8000000000000007,19.39697,11.919994975075783
3.8000000000000007,19.59798,11.933731299532804
3.8000000000000007,19.79899,11.946219406549389
3.8000000000000007,20.0,11.958707757599363
3.500000000000001,0.3010101,2.9660078167740282
3.500000000000001,0.5020202,3.140312261085989
3.500000000000001,0.7030303,3.028745129265738
3.500000000000001,0.9040404,2.8248530203205804
3.500000000000001,1.105051,2.5605643683824226
3.500000000000001,1.306061,2.2540895541482815
3.500000000000001,1.507071,1.9422790933270664
3.500000000000001,1.708081,1.6645456867782975
3.500000000000001,1.909091,1.4496818129399567
3.500000000000001,2.110101,1.3172638329998931
3.500000000000001,2.311111,1.2867123505660387
3.500000000000001,2.512121,1.3541811908595724
3.500000000000001,2.713131,1.5323066404863495
3.500000000000001,2.914141,1.8004955715638848
3.500000000000001,3.115152,2.127098051667729
3.500000000000001,3.316162,2.4621509821290593
3.500000000000001,3.517172,2.745252947736556
3.500000000000001,3.718182,2.9204159449741005
3.500000000000001,3.919192,2.982568109224131
3.500000000000001,4.120202,2.9636009609302496
3.500000000000001,4.321212,2.916929596955012
3.500000000000001,4.522222,2.8894621579199247
3.500000000000001,4.723232,2.8978588811735317
3.500000000000001,4.924242,2.934581812051357
3.500000000000001,5.125253,2.9858287752125614
3.500000000000001,5.326263,3.0359657337031014
3.500000000000001,5.527273,3.0724471936837126
3.500000000000001,5.728283,3.0938428493741146
3.500000000000001,5.929293,3.1400993286838252
3.500000000000001,6.130303,3.3080511566789896
3.500000000000001,6.331313,3.793181108204407
3.500000000000001,6.532323,4.669618756207143
3.500000000000001,6.733333,5.919780755212578
3.500000000000001,6.934343,7.36975672756952
3.500000000000001,7.135354,8.705676951119333
3.500000000000001,7.336364,9.583234459837215
3.500000000000001,7.537374,10.059852756445215
3.500000000000001,7.738384,10.312292239715218
3.500000000000001,7.939394,10.46272560766889
3.500000000000001,8.140404,10.571775903288566
3.500000000000001,8.341414,10.656437808597875
3.500000000000001,8.542424,10.726806556308246
3.500000000000001,8.743434,10.78766166047256
3.500000000000001,8.944444,10.841135922094162
3.500000000000001,9.145455,10.888852029584974
3.500000000000001,9.346465,10.929660619688596
3.500000000000001,9.547475,10.968726087738506
3.500000000000001,9.748485,11.00430962040844
3.500000000000001,9.949495,11.0365632051809
3.500000000000001,10.15051,11.067037946383156
3.500000000000001,10.35152,11.095138704673495
3.500000000000001,10.55253,11.122157411696179
3.500000000000001,10.75354,11.147528335590065
3.500000000000001,10.95455,11.171487756520229
3.500000000000001,11.15556,11.194701376549304
3.500000000000001,11.35657,11.216816079271133
3.500000000000001,11.55758,11.238580852265056
3.500000000000001,11.75859,11.259632234323787
3.500000000000001,11.9596,11.280157124129055
3.500000000000001,12.16061,11.300377648613974
3.500000000000001,12.36162,11.320124521929056
3.500000000000001,12.56263,11.339770946780595
3.500000000000001,12.76364,11.359097101129336
3.500000000000001,12.96465,11.378208382593908
3.500000000000001,13.16566,11.397155098753244
3.500000000000001,13.36667,11.41588081103451
3.500000000000001,13.56768,11.434484081458118
3.500000000000001,13.76869,11.452859424838413
3.500000000000001,13.9697,11.468768222785817
3.500000000000001,14.17071,11.48890505988404
3.500000000000001,14.37172,11.507117123519006
3.500000000000001,14.57273,11.525108678165125
3.500000000000001,14.77374,11.542851638468939
3.500000000000001,14.97475,11.560680742453565
3.500000000000001,15.17576,11.5782242101234
3.500000000000001,15.37677,11.595702967878323
3.500000000000001,15.57778,11.61307389807968
3.500000000000001,15.77879,11.630258609682336
3.500000000000001,15.9798,11.64742934771108
3.500000000000001,16.18081,11.664293653171404
3.500000000000001,16.38182,11.681165150521283
3.500000000000001,16.58283,11.697908383352024
3.500000000000001,16.78384,11.714464126106972
3.500000000000001,16.98485,11.730973978043503
3.500000000000001,17.18586,11.747186524264196
3.500000000000001,17.38687,11.76341721243135
3.500000000000001,17.58788,11.779519347880656
3.500000000000001,17.78889,11.795433306042643
3.500000000000001,17.9899,11.811300129172036
3.500000000000001,18.19091,11.826868963283907
3.500000000000001,18.39192,11.8424665316166
3.500000000000001,18.59293,11.857925264218698
3.500000000000001,18.79394,11.87321530169628
3.500000000000001,18.99495,11.888457384622756
3.500000000000001,19.19596,11.903401008573367
3.500000000000001,19.39697,11.918383724606478
3.500000000000001,19.59798,11.933217343672894
3.500000000000001,19.79899,11.94788187940826
3.500000000000001,20.0,11.960379965823323
3.200000000000001,0.3010101,2.875096510248979
3.200000000000001,0.5020202,3.0454924948392534
3.200000000000001,0.7030303,2.926146852856872
3.200000000000001,0.9040404,2.7243061134706488
3.200000000000001,1.105051,2.4652106536313485
3.200000000000001,1.306061,2.1574828058945474
3.200000000000001,1.507071,1.840951357007877
3.200000000000001,1.708081,1.5615119361836833
3.200000000000001,1.909091,1.3511311434570261
3.200000000000001,2.110101,1.2295587061657334
3.200000000000001,2.311111,1.2140849986142588
3.200000000000001,2.512121,1.3004842365741847
3.200000000000001,2.713131,1.5019905576747408
3.200000000000001,2.914141,1.795718063448906
3.200000000000001,3.115152,2.1541766678196335
3.200000000000001,3.316162,2.528635401704089
3.200000000000001,3.517172,2.857933445351606
3.200000000000001,3.718182,3.0728732810235764
3.200000000000001,3.919192,3.1500713792609156
3.200000000000001,4.120202,3.1222498041179696
3.200000000000001,4.321212,3.0479963958092697
3.200000000000001,4.522222,2.987041496339326
3.200000000000001,4.723232,2.962596725613524
3.200000000000001,4.924242,2.9716258499048385
3.200000000000001,5.125253,2.996747294618829
3.200000000000001,5.326263,3.01703255270126
3.200000000000001,5.527273,3.0147884454171523
3.200000000000001,5.728283,2.981708587350964
3.200000000000001,5.929293,2.9680099557659925
3.200000000000001,6.130303,3.0878305387573555
3.200000000000001,6.331313,3.5635183199753206
3.200000000000001,6.532323,4.475196278685779
3.200000000000001,6.733333,5.805344094255836
3.200000000000001,6.934343,7.350461221063214
3.200000000000001,7.135354,8.758408605158243
3.200000000000001,7.336364,9.652271241060438
3.200000000000001,7.537374,10.117372005358732
3.200000000000001,7.738384,10.356103614473668
3.200000000000001,7.939394,10.49840516161506
3.200000000000001,8.140404,10.602309936187936
3.200000000000001,8.341414,10.683048322769753
3.200000000000001,8.542424,10.750831586842667
3.200000000000001,8.743434,10.809464968574938
3.200000000000001,8.944444,10.860016847240644
3.200000000000001,9.145455,10.905235423744552
3.200000000000001,9.346465,10.94572969300541
3.200000000000001,9.547475,10.979460875502053
3.200000000000001,9.748485,11.015691685232804
3.200000000000001,9.949495,11.046583418150565
3.200000000000001,10.15051,11.074836173873015
3.200000000000001,10.35152,11.102374066266474
3.200000000000001,10.55253,11.127598709305198
3.200000000000001,10.75354,11.152076438560615
3.200000000000001,10.95455,11.175182055473266
3.200000000000001,11.15556,11.197138136118433
3.200000000000001,11.35657,11.21891318846926
3.200000000000001,11.55758,11.239664333366381
3.200000000000001,11.75859,11.260240699677999
3.200000000000001,11.9596,11.280289545655599
3.200000000000001,12.16061,11.299896487403249
3.200000000000001,12.36162,11.319479252638022
3.200000000000001,12.56263,11.338635634292732
3.200000000000001,12.76364,11.357755354962162
3.200000000000001,12.96465,11.376648869910895
3.200000000000001,13.16566,11.39535412804378
3.200000000000001,13.36667,11.414000636085197
3.200000000000001,13.56768,11.432455688363666
3.200000000000001,13.76869,11.450782034417546
3.200000000000001,13.9697,11.46903898712395
3.200000000000001,14.17071,11.487058524130132
3.200000000000001,14.37172,11.505133623491407
3.200000000000001,14.57273,11.521610039271057
3.200000000000001,14.77374,11.539350118896735
3.200000000000001,14.97475,11.558403564874826
3.200000000000001,15.17576,11.5759626821795
3.200000000000001,15.37677,11.59343843934341
3.200000000000001,15.57778,11.610807312475876
3.200000000000001,15.77879,11.62799007573995
3.200000000000001,15.9798,11.64520190581925
3.200000000000001,16.18081,11.662147240658733
3.200000000000001,16.38182,11.679016904513954
3.200000000000001,16.58283,11.695758770940975
3.200000000000001,16.78384,11.712313207686279
3.200000000000001,16.98485,11.728897074197558
3.200000000000001,17.18586,11.745203806141697
3.200000000000001,17.38687,11.761443328887623
3.200000000000001,17.58788,11.777534536326312
3.200000000000001,17.78889,11.793447604007058
3.200000000000001,17.9899,11.809400315920387
3.200000000000001,18.19091,11.825065309919522
3.200000000000001,18.39192,11.84066212551536
3.200000000000001,18.59293,11.856120217234917
3.200000000000001,18.79394,11.871409637637885
3.200000000000001,18.99495,11.886738833549867
3.200000000000001,19.19596,11.901759845460031
3.200000000000001,19.39697,11.916752069003234
3.200000000000001,19.59798,11.9315752384701
3.200000000000001,19.79899,11.946249339032503
3.200000000000001,20.0,11.95987447748733
2.9000000000000004,0.3010101,2.7640988393325134
2.9000000000000004,0.5020202,2.9255364098475867
2.9000000000000004,0.7030303,2.7935934526687154
2.9000000000000004,0.9040404,2.5938837516662794
2.9000000000000004,1.105051,2.3407175305023693
2.9000000000000004,1.306061,2.031633948377207
2.9000000000000004,1.507071,1.707610217464411
2.9000000000000004,1.708081,1.4243629640154765
2.9000000000000004,1.909091,1.2190866742434125
2.9000000000000004,2.110101,1.108240869940759
2.9000000000000004,2.311111,1.1087668522652363
2.9000000000000004,2.512121,1.2143343669912325
2.9000000000000004,2.713131,1.4368197584799725
2.9000000000000004,2.914141,1.7532853218566138
2.9000000000000004,3.115152,2.1346673629921407
2.9000000000000004,3.316162,2.542863633669525
2.9000000000000004,3.517172,2.9184437350744403
2.9000000000000004,3.718182,3.1782243458044146
2.9000000000000004,3.919192,3.276783826999838
2.9000000000000004,4.120202,3.242732718004919
2.9000000000000004,4.321212,3.1399110922014812
2.9000000000000004,4.522222,3.0393928379901047
2.9000000000000004,4.723232,2.9767561004836565
2.9000000000000004,4.924242,2.9551045990779636
2.9000000000000004,5.125253,2.9553650070252364
2.9000000000000004,5.326263,2.9473584938394755
2.9000000000000004,5.527273,2.9032348809864166
2.9000000000000004,5.728283,2.813000052465412
2.9000000000000004,5.929293,2.733950696676833
2.9000000000000004,6.130303,2.8076748638951146
2.9000000000000004,6.331313,3.2783632786017742
2.9000000000000004,6.532323,4.236074173462697
2.9000000000000004,6.733333,5.660687246478778
2.9000000000000004,6.934343,7.321727045263141
2.9000000000000004,7.135354,8.814221541122238
2.9000000000000004,7.336364,9.726969263658145
2.9000000000000004,7.537374,10.178924742637784
2.9000000000000004,7.738384,10.402926823632999
2.9000000000000004,7.939394,10.536581834006128
2.9000000000000004,8.140404,10.635000210532722
2.9000000000000004,8.341414,10.712162573881177
2.9000000000000004,8.542424,10.776379768469688
2.9000000000000004,8.743434,10.83171990020667
2.9000000000000004,8.944444,10.879626069348237
2.9000000000000004,9.145455,10.922461546962115
2.9000000000000004,9.346465,10.960932732818328
2.9000000000000004,9.547475,10.995659321996747
2.9000000000000004,9.748485,11.024767786290528
2.9000000000000004,9.949495,11.056339453044338
2.9000000000000004,10.15051,11.082997796197688
2.9000000000000004,10.35152,11.108009869311472
2.9000000000000004,10.55253,11.132684125877196
2.9000000000000004,10.75354,11.155671111396813
2.9000000000000004,10.95455,11.17756176255554
2.9000000000000004,11.15556,11.199110024279642
2.9000000000000004,11.35657,11.219603328939247
2.9000000000000004,11.55758,11.240092608420301
2.9000000000000004,11.75859,11.259904620498096
2.9000000000000004,11.9596,11.279406438865106
2.9000000000000004,12.16061,11.29880353945259
2.9000000000000004,12.36162,11.317835731595734
2.9000000000000004,12.56263,11.336888376291189
2.9000000000000004,12.76364,11.35569917656882
2.9000000000000004,12.96465,11.374389997291479
2.9000000000000004,13.16566,11.393022206271766
2.9000000000000004,13.36667,11.411503977735755
2.9000000000000004,13.56768,11.429930913987352
2.9000000000000004,13.76869,11.448277752604696
2.9000000000000004,13.9697,11.46664017769428
2.9000000000000004,14.17071,11.484608668249349
2.9000000000000004,14.37172,11.502342593504443
2.9000000000000004,14.57273,11.519662637488265
2.9000000000000004,14.77374,11.537858850277194
2.9000000000000004,14.97475,11.555716964293017
2.9000000000000004,15.17576,11.573290618627952
2.9000000000000004,15.37677,11.590836714251274
2.9000000000000004,15.57778,11.608202704610745
2.9000000000000004,15.77879,11.625448249164913
2.9000000000000004,15.9798,11.642694725426903
2.9000000000000004,16.18081,11.659676447519994
2.9000000000000004,16.38182,11.676619944598777
2.9000000000000004,16.58283,11.69336004632508
2.9000000000000004,16.78384,11.709989718897683
2.9000000000000004,16.98485,11.726620203782687
2.9000000000000004,17.18586,11.742954488139379
2.9000000000000004,17.38687,11.75926996629148
2.9000000000000004,17.58788,11.775370066446257
2.9000000000000004,17.78889,11.791359926563572
2.9000000000000004,17.9899,11.807350457366388
2.9000000000000004,18.19091,11.823043764460953
2.9000000000000004,18.39192,11.838717882210826
2.9000000000000004,18.59293,11.854175266233018
2.9000000000000004,18.79394,11.86953248299473
2.9000000000000004,18.99495,11.884890242893926
2.9000000000000004,19.19596,11.899950066534299
2.9000000000000004,19.39697,11.915000448682658
2.9000000000000004,19.59798,11.929833157599946
2.9000000000000004,19.79899,11.942428184131941
2.9000000000000004,20.0,11.955013554624063
2.6000000000000005,0.3010101,2.628780381302059
2.6000000000000005,0.5020202,2.7737988478521123
2.6000000000000005,0.7030303,2.6213554128083474
2.6000000000000005,0.9040404,2.4227038364693283
2.6000000000000005,1.105051,2.1787652959858024
2.6000000000000005,1.306061,1.86626786945641
2.6000000000000005,1.507071,1.5304650841049083
2.6000000000000005,1.708081,1.2407771624968222
2.6000000000000005,1.909091,1.0393179831348145
2.6000000000000005,2.110101,0.9416854119635191
2.6000000000000005,2.311111,0.9589751719943014
2.6000000000000005,2.512121,1.0811226080942835
2.6000000000000005,2.713131,1.3191290249075258
2.6000000000000005,2.914141,1.6491564235233145
2.6000000000000005,3.115152,2.0464636225401343
2.6000000000000005,3.316162,2.478853037251513
2.6000000000000005,3.517172,2.8927036104081245
2.6000000000000005,3.718182,3.1974242753797704
2.6000000000000005,3.919192,3.3204947446704756
2.6000000000000005,4.120202,3.2837011744162017
2.6000000000000005,4.321212,3.1517952704890098
2.6000000000000005,4.522222,3.0097453533777485
2.6000000000000005,4.723232,2.90763025018817
2.6000000000000005,4.924242,2.857440345652682
2.6000000000000005,5.125253,2.8355252465889165
2.6000000000000005,5.326263,2.7990207093979387
2.6000000000000005,5.527273,2.7168798961171268
2.6000000000000005,5.728283,2.5682207303422735
2.6000000000000005,5.929293,2.424058540001458
2.6000000000000005,6.130303,2.4498821227261534
2.6000000000000005,6.331313,2.923356434470175
2.6000000000000005,6.532323,3.937642359247939
2.6000000000000005,6.733333,5.473627416317368
2.6000000000000005,6.934343,7.269792850794755
2.6000000000000005,7.135354,8.869606334634128
2.6000000000000005,7.336364,9.808498365564445
2.6000000000000005,7.537374,10.245489398076929
2.6000000000000005,7.738384,10.453340335265839
2.6000000000000005,7.939394,10.577860978283715
2.6000000000000005,8.140404,10.670432741403644
2.6000000000000005,8.341414,10.74287705718408
2.6000000000000005,8.542424,10.8033106691055
2.6000000000000005,8.743434,10.854951497787479
2.6000000000000005,8.944444,10.899618565310037
2.6000000000000005,9.145455,10.939736918921076
2.6000000000000005,9.346465,10.975528485102766
2.6000000000000005,9.547475,11.007910331789205
2.6000000000000005,9.748485,11.037549818033582
2.6000000000000005,9.949495,11.064298343369467
2.6000000000000005,10.15051,11.08956661835553
2.6000000000000005,10.35152,11.113541376539853
2.6000000000000005,10.55253,11.136101024737048
2.6000000000000005,10.75354,11.158100787222601
2.6000000000000005,10.95455,11.17913633873481
2.6000000000000005,11.15556,11.199432744932677
2.6000000000000005,11.35657,11.219614974330138
2.6000000000000005,11.55758,11.239161918049902
2.6000000000000005,11.75859,11.258567478304771
2.6000000000000005,11.9596,11.277682675799378
2.6000000000000005,12.16061,11.29658475617656
2.6000000000000005,12.36162,11.315497462337234
2.6000000000000005,12.56263,11.33421146080882
2.6000000000000005,12.76364,11.352890768448487
2.6000000000000005,12.96465,11.371468835212772
2.6000000000000005,13.16566,11.389964389409453
2.6000000000000005,13.36667,11.408414410732657
2.6000000000000005,13.56768,11.426787363344522
2.6000000000000005,13.76869,11.44511130652613
2.6000000000000005,13.9697,11.463370663724248
2.6000000000000005,14.17071,11.481416471317223
2.6000000000000005,14.37172,11.498307807809613
2.6000000000000005,14.57273,11.515369505453988
2.6000000000000005,14.77374,11.534786314342657
2.6000000000000005,14.97475,11.552641612768474
2.6000000000000005,15.17576,11.57022259417136
2.6000000000000005,15.37677,11.587803424287019
2.6000000000000005,15.57778,11.605334491453485
2.6000000000000005,15.77879,11.622653632291632
2.6000000000000005,15.9798,11.639908247991455
2.6000000000000005,16.18081,11.656878246401483
2.6000000000000005,16.38182,11.673868092840415
2.6000000000000005,16.58283,11.690798382278844
2.6000000000000005,16.78384,11.70749418843363
2.6000000000000005,16.98485,11.724123449684031
2.6000000000000005,17.18586,11.74045659706673
2.6000000000000005,17.38687,11.756819634327435
2.6000000000000005,17.58788,11.773093326657081
2.6000000000000005,17.78889,11.789140787582271
2.6000000000000005,17.9899,11.805140496372598
2.6000000000000005,18.19091,11.820823038479118
2.6000000000000005,18.39192,11.836545489624305
2.6000000000000005,18.59293,11.852158594374382
2.6000000000000005,18.79394,11.867564288974881
2.6000000000000005,18.99495,11.88292148460242
2.6000000000000005,19.19596,11.897980782188258
2.6000000000000005,19.39697,11.913070006545395
2.6000000000000005,19.59798,11.928039774564336
2.6000000000000005,19.79899,11.941752581787627
2.6000000000000005,20.0,11.954327641511684
2.3000000000000007,0.3010101,2.4597718576742635
2.3000000000000007,0.5020202,2.5819748065928407
2.3000000000000007,0.7030303,2.4003983445602795
2.3000000000000007,0.9040404,2.1996624041230572
2.3000000000000007,1.105051,1.9702482702959772
2.3000000000000007,1.306061,1.6500886510351278
2.3000000000000007,1.507071,1.297080878685626
2.3000000000000007,1.708081,0.9991466554345424
2.3000000000000007,1.909091,0.8043919700966361
2.3000000000000007,2.110101,0.7253373249582511
2.3000000000000007,2.311111,0.7602595326915632
2.3000000000000007,2.512121,0.8912039740466099
2.3000000000000007,2.713131,1.132010342875775
2.3000000000000007,2.914141,1.4636875432503926
2.3000000000000007,3.115152,1.8625445109192988
2.3000000000000007,3.316162,2.3059143696246767
2.3000000000000007,3.517172,2.7463244186332028
2.3000000000000007,3.718182,3.0873868907814064
2.3000000000000007,3.919192,3.235907634637072
2.3000000000000007,4.120202,3.1964223304657566
2.3000000000000007,4.321212,3.0330595822681645
2.3000000000000007,4.522222,2.8523617370517713
2.3000000000000007,4.723232,2.716143725677741
2.3000000000000007,4.924242,2.645532599890151
2.3000000000000007,5.125253,2.6088395302357386
2.3000000000000007,5.326263,2.550170438318469
2.3000000000000007,5.527273,2.433214937178015
2.3000000000000007,5.728283,2.2334632506555643
2.3000000000000007,5.929293,2.0242532049283755
2.3000000000000007,6.130303,1.9987108623865162
2.3000000000000007,6.331313,2.4840707542333424
2.3000000000000007,6.532323,3.5720211491131595
2.3000000000000007,6.733333,5.225472461459064
2.3000000000000007,6.934343,7.176339829179504
2.3000000000000007,7.135354,8.92671411867434
2.3000000000000007,7.336364,9.899202748337462
2.3000000000000007,7.537374,10.316455311870937
2.3000000000000007,7.738384,10.508128618136677
2.3000000000000007,7.939394,10.622922711265595
2.3000000000000007,8.140404,10.708218003233918
2.3000000000000007,8.341414,10.775062106828099
2.3000000000000007,8.542424,10.830783037708802
2.3000000000000007,8.743434,10.878569478077026
2.3000000000000007,8.944444,10.919758520714334
2.3000000000000007,9.145455,10.95644109997154
2.3000000000000007,9.346465,10.989187470854578
2.3000000000000007,9.547475,11.0188808318723
2.3000000000000007,9.748485,11.046231006865913
2.3000000000000007,9.949495,11.071453811913559
2.3000000000000007,10.15051,11.0948951801072
2.3000000000000007,10.35152,11.116769333907104
2.3000000000000007,10.55253,11.138230313125261
2.3000000000000007,10.75354,11.159026694523233
2.3000000000000007,10.95455,11.179077250431359
2.3000000000000007,11.15556,11.198703138542438
2.3000000000000007,11.35657,11.21802451426775
2.3000000000000007,11.55758,11.237101563963432
2.3000000000000007,11.75859,11.256014378238861
2.3000000000000007,11.9596,11.27477469366653
2.3000000000000007,12.16061,11.29346076490863
2.3000000000000007,12.36162,11.31209160556798
2.3000000000000007,12.56263,11.33068656802537
2.3000000000000007,12.76364,11.349244969687291
2.3000000000000007,12.96465,11.367747491209778
2.3000000000000007,13.16566,11.386222345733707
2.3000000000000007,13.36667,11.40464822428508
2.3000000000000007,13.56768,11.423024419411492
2.3000000000000007,13.76869,11.441350220506415
2.3000000000000007,13.9697,11.459595454101077
2.3000000000000007,14.17071,11.477729729347438
2.3000000000000007,14.37172,11.495751720959703
2.3000000000000007,14.57273,11.513671757112686
2.3000000000000007,14.77374,11.531519422788854
2.3000000000000007,14.97475,11.549380001776312
2.3000000000000007,15.17576,11.567050483356919
2.3000000000000007,15.37677,11.584704383079004
2.3000000000000007,15.57778,11.602242982019668
2.3000000000000007,15.77879,11.619597372367373
2.3000000000000007,15.9798,11.636963745771869
2.3000000000000007,16.18081,11.654046846353062
2.3000000000000007,16.38182,11.671102139788514
2.3000000000000007,16.58283,11.688020855371274
2.3000000000000007,16.78384,11.704763563974382
2.3000000000000007,16.98485,11.72150764255135
2.3000000000000007,17.18586,11.737956401908704
2.3000000000000007,17.38687,11.754376589544016
2.3000000000000007,17.58788,11.770649248009631
2.3000000000000007,17.78889,11.786744630520202
2.3000000000000007,17.9899,11.802840979811924
2.3000000000000007,18.19091,11.8186206578385
2.3000000000000007,18.39192,11.834391283435046
2.3000000000000007,18.59293,11.850003693277687
2.3000000000000007,18.79394,11.865447959984062
2.3000000000000007,18.99495,11.880902919713488
2.3000000000000007,19.19596,11.896030313127381
2.3000000000000007,19.39697,11.911158343502459
2.3000000000000007,19.59798,11.92613763291257
2.3000000000000007,19.79899,11.940938159901128
2.3000000000000007,20.0,11.95573919959201
2.000000000000001,0.3010101,2.245584938618722
2.000000000000001,0.5020202,2.338069151317773
2.000000000000001,0.7030303,2.111944977469244
2.000000000000001,0.9040404,1.9024298620720923
2.000000000000001,1.105051,1.6996360649468902
2.000000000000001,1.306061,1.3685233191818444
2.000000000000001,1.507071,0.9899618514323615
2.000000000000001,1.708081,0.6854501024075136
2.000000000000001,1.909091,0.516286902141431
2.000000000000001,2.110101,0.4830439571458151
2.000000000000001,2.311111,0.5367144351372488
2.000000000000001,2.512121,0.6523027023468629
2.000000000000001,2.713131,0.8639753689565808
2.000000000000001,2.914141,1.1692864971553978
2.000000000000001,3.115152,1.5433071159526222
2.000000000000001,3.316162,1.9713960307526848
2.000000000000001,3.517172,2.4223191528745547
2.000000000000001,3.718182,2.790089847541527
2.000000000000001,3.919192,2.9562904734118147
2.000000000000001,4.120202,2.906753651183058
2.000000000000001,4.321212,2.7160843977662084
2.000000000000001,4.522222,2.5025155831279156
2.000000000000001,4.723232,2.342443242284024
2.000000000000001,4.924242,2.266748854388068
2.000000000000001,5.125253,2.2352288735790724
2.000000000000001,5.326263,2.169214918080032
2.000000000000001,5.527273,2.0292012195472284
2.000000000000001,5.728283,1.788786051115563
2.000000000000001,5.929293,1.514472130080052
2.000000000000001,6.130303,1.4331059577309868
2.000000000000001,6.331313,1.9362221451554713
2.000000000000001,6.532323,3.1078398160342195
2.000000000000001,6.733333,4.891310739940996
2.000000000000001,6.934343,7.030974037798436
2.000000000000001,7.135354,8.988824160872863
2.000000000000001,7.336364,10.003896996931942
2.000000000000001,7.537374,10.394856220678946
2.000000000000001,7.738384,10.567930672261907
2.000000000000001,7.939394,10.671495297634443
2.000000000000001,8.140404,10.748135531642317
2.000000000000001,8.341414,10.808223470293415
2.000000000000001,8.542424,10.85831650354656
2.000000000000001,8.743434,10.90161117936868
2.000000000000001,8.944444,10.938809604796136
2.000000000000001,9.145455,10.971616235377613
2.000000000000001,9.346465,11.001000604567071
2.000000000000001,9.547475,11.027784282043317
2.000000000000001,9.748485,11.052812237827103
2.000000000000001,9.949495,11.075977258371935
2.000000000000001,10.15051,11.097670295974234
2.000000000000001,10.35152,11.11862726189772
2.000000000000001,10.55253,11.138300123860713
2.000000000000001,10.75354,11.157836507197196
2.000000000000001,10.95455,11.177024139866374
2.000000000000001,11.15556,11.196048511548062
2.000000000000001,11.35657,11.21469299617189
2.000000000000001,11.55758,11.233392851558964
2.000000000000001,11.75859,11.251944273554372
2.000000000000001,11.9596,11.270473450669472
2.000000000000001,12.16061,11.28900956928059
2.000000000000001,12.36162,11.30753291173102
2.000000000000001,12.56263,11.326056188994182
2.000000000000001,12.76364,11.344590548308723
2.000000000000001,12.96465,11.363115336605526
2.000000000000001,13.16566,11.381608068684137
2.000000000000001,13.36667,11.400107862205525
2.000000000000001,13.56768,11.41853639069191
2.000000000000001,13.76869,11.436943063765815
2.000000000000001,13.9697,11.455263165032376
2.000000000000001,14.17071,11.473475465015085
2.000000000000001,14.37172,11.490708840228722
2.000000000000001,14.57273,11.50791455761504
2.000000000000001,14.77374,11.527342807962897
2.000000000000001,14.97475,11.545505788338764
2.000000000000001,15.17576,11.563346861957626
2.000000000000001,15.37677,11.581074924939525
2.000000000000001,15.57778,11.598611141323982
2.000000000000001,15.77879,11.6160305518137
2.000000000000001,15.9798,11.633558019256226
2.000000000000001,16.18081,11.650804021240484
2.000000000000001,16.38182,11.667954716311261
2.000000000000001,16.58283,11.684881936590815
2.000000000000001,16.78384,11.701681590834033
2.000000000000001,16.98485,11.718580490440232
2.000000000000001,17.18586,11.735154891901892
2.000000000000001,17.38687,11.751662276245613
2.000000000000001,17.58788,11.767933961680745
2.000000000000001,17.78889,11.78408731560318
2.000000000000001,17.9899,11.800300349809854
2.000000000000001,18.19091,11.816207215327573
2.000000000000001,18.39192,11.832036061897787
2.000000000000001,18.59293,11.84765781972205
2.000000000000001,18.79394,11.863150704885044
2.000000000000001,18.99495,11.878693488966277
2.000000000000001,19.19596,11.893929026914636
2.000000000000001,19.39697,11.909105904976732
2.000000000000001,19.59798,11.924074745658402
2.000000000000001,19.79899,11.937845828903743
2.000000000000001,20.0,11.950568370183328
1.700000000000001,0.3010101,1.974476091574735
1.700000000000001,0.5020202,2.0435485113158367
1.700000000000001,0.7030303,1.7452527607498656
1.700000000000001,0.9040404,1.5264407953001624
1.700000000000001,1.105051,1.3664476516792772
1.700000000000001,1.306061,1.0277411665189304
1.700000000000001,1.507071,0.6152561769768498
1.700000000000001,1.708081,0.349199989529336
1.700000000000001,1.909091,0.3531661716372691
1.700000000000001,2.110101,0.45233668853337133
1.700000000000001,2.311111,0.5086963056561085
1.700000000000001,2.512121,0.5344908084487553
1.700000000000001,2.713131,0.6098434282767585
1.700000000000001,2.914141,0.8053392762777996
1.700000000000001,3.115152,1.0954566168567972
1.700000000000001,3.316162,1.459729485828782
1.700000000000001,3.517172,1.888452563656882
1.700000000000001,3.718182,2.2774073781665547
1.700000000000001,3.919192,2.451935015303415
1.700000000000001,4.120202,2.3742489100331126
1.700000000000001,4.321212,2.156949648780511
1.700000000000001,4.522222,1.9247434690110394
1.700000000000001,4.723232,1.7587379536974261
1.700000000000001,4.924242,1.707241467948342
1.700000000000001,5.125253,1.7151419496246274
1.700000000000001,5.326263,1.6746604630043935
1.700000000000001,5.527273,1.5454973223403008
1.700000000000001,5.728283,1.287820962936844
1.700000000000001,5.929293,0.95505196498066
1.700000000000001,6.130303,0.7785800397305064
1.700000000000001,6.331313,1.2819590142717219
1.700000000000001,6.532323,2.524676474267475
1.700000000000001,6.733333,4.45599250919944
1.700000000000001,6.934343,6.8382109766196635
1.700000000000001,7.135354,9.0622509157844
1.700000000000001,7.336364,10.127394570854408
1.700000000000001,7.537374,10.484007406112879
1.700000000000001,7.738384,10.632041612915483
1.700000000000001,7.939394,10.721959816260753
1.700000000000001,8.140404,10.789148769786822
1.700000000000001,8.341414,10.841280348249981
1.700000000000001,8.542424,10.885211985357932
1.700000000000001,8.743434,10.9227870692519
1.700000000000001,8.944444,10.955228134175615
1.700000000000001,9.145455,10.984240497131118
1.700000000000001,9.346465,11.010107394198911
1.700000000000001,9.547475,11.03418143384883
1.700000000000001,9.748485,11.056651242395569
1.700000000000001,9.949495,11.077748046035506
1.700000000000001,10.15051,11.097980625260721
1.700000000000001,10.35152,11.117302590373257
1.700000000000001,10.55253,11.135975397471567
1.700000000000001,10.75354,11.153858245214154
1.700000000000001,10.95455,11.173051590746978
1.700000000000001,11.15556,11.191302234031554
1.700000000000001,11.35657,11.209736727764527
1.700000000000001,11.55758,11.228037355337609
1.700000000000001,11.75859,11.24641400443588
1.700000000000001,11.9596,11.264840155259662
1.700000000000001,12.16061,11.283322409458854
1.700000000000001,12.36162,11.301829115368113
1.700000000000001,12.56263,11.32044039016641
1.700000000000001,12.76364,11.339006726898658
1.700000000000001,12.96465,11.357622571101277
1.700000000000001,13.16566,11.376271994988342
1.700000000000001,13.36667,11.394817342817703
1.700000000000001,13.56768,11.413447805000446
1.700000000000001,13.76869,11.431949687445394
1.700000000000001,13.9697,11.45040374062978
1.700000000000001,14.17071,11.468819369001263
1.700000000000001,14.37172,11.487058314827774
1.700000000000001,14.57273,11.505386925118291
1.700000000000001,14.77374,11.52328214720906
1.700000000000001,14.97475,11.540487957164618
1.700000000000001,15.17576,11.559425722512032
1.700000000000001,15.37677,11.577199029482317
1.700000000000001,15.57778,11.594964239208547
1.700000000000001,15.77879,11.612506481530113
1.700000000000001,15.9798,11.630031856608934
1.700000000000001,16.18081,11.647275956129334
1.700000000000001,16.38182,11.664492742248427
1.700000000000001,16.58283,11.681759846510749
1.700000000000001,16.78384,11.69866549372379
1.700000000000001,16.98485,11.715553077447783
1.700000000000001,17.18586,11.732136270019135
1.700000000000001,17.38687,11.748691135950686
1.700000000000001,17.58788,11.765256440599392
1.700000000000001,17.78889,11.781487356447009
1.700000000000001,17.9899,11.797709529710234
1.700000000000001,18.19091,11.813605602990284
1.700000000000001,18.39192,11.82948276008624
1.700000000000001,18.59293,11.84534033416485
1.700000000000001,18.79394,11.860891697954616
1.700000000000001,18.99495,11.876443903181432
1.700000000000001,19.19596,11.891668907669002
1.700000000000001,19.39697,11.906894629360208
1.700000000000001,19.59798,11.922050649020182
1.700000000000001,19.79899,11.934792356467039
1.700000000000001,20.0,11.947504521606083
1.4000000000000004,0.3010101,1.6205244254926305
1.4000000000000004,0.5020202,1.6995218797104021
1.4000000000000004,0.7030303,1.3029873843120787
1.4000000000000004,0.9040404,1.0833629994148117
1.4000000000000004,1.105051,0.9884277775845588
1.4000000000000004,1.306061,0.6563903156745913
1.4000000000000004,1.507071,0.27988017443405827
1.4000000000000004,1.708081,0.4305601640709154
1.4000000000000004,1.909091,0.6734732975154725
1.4000000000000004,2.110101,0.8221469670359728
1.4000000000000004,2.311111,0.8643086289934838
1.4000000000000004,2.512121,0.8218268273970369
1.4000000000000004,2.713131,0.7309932291244701
1.4000000000000004,2.914141,0.6737516157285339
1.4000000000000004,3.115152,0.7098873064824022
1.4000000000000004,3.316162,0.8577418716771322
1.4000000000000004,3.517172,1.1493654618544877
1.4000000000000004,3.718182,1.5198682245686104
1.4000000000000004,3.919192,1.695434349352472
1.4000000000000004,4.120202,1.570997880162384
1.4000000000000004,4.321212,1.330708210418167
1.4000000000000004,4.522222,1.1239716427345932
1.4000000000000004,4.723232,1.0142210135806595
1.4000000000000004,4.924242,1.0556217239558525
1.4000000000000004,5.125253,1.1665640047272403
1.4000000000000004,5.326263,1.2143713344997484
1.4000000000000004,5.527273,1.1573067001406756
1.4000000000000004,5.728283,0.9711162638893862
1.4000000000000004,5.929293,0.691269469705398
1.4000000000000004,6.130303,0.33617280865526544
1.4000000000000004,6.331313,0.5536496238536288
1.4000000000000004,6.532323,1.8245813183793975
1.4000000000000004,6.733333,3.877521230398668
1.4000000000000004,6.934343,6.572321441890225
1.4000000000000004,7.135354,9.167149276677097
1.4000000000000004,7.336364,10.280820575501243
1.4000000000000004,7.537374,10.582554048172533
1.4000000000000004,7.738384,10.700080897261612
1.4000000000000004,7.939394,10.773154092912977
1.4000000000000004,8.140404,10.828680662587697
1.4000000000000004,8.341414,10.872863547113385
1.4000000000000004,8.542424,10.909008562182404
1.4000000000000004,8.743434,10.940242426496479
1.4000000000000004,8.944444,10.967571469646392
1.4000000000000004,9.145455,10.99242922593193
1.4000000000000004,9.346465,11.015413366055999
1.4000000000000004,9.547475,11.03658629662307
1.4000000000000004,9.748485,11.056705832092598
1.4000000000000004,9.949495,11.075934781794107
1.4000000000000004,10.15051,11.094628707630939
1.4000000000000004,10.35152,11.112976181954517
1.4000000000000004,10.55253,11.131113753970956
1.4000000000000004,10.75354,11.147647001147103
1.4000000000000004,10.95455,11.166547195135108
1.4000000000000004,11.15556,11.184650392316676
1.4000000000000004,11.35657,11.202757647505681
1.4000000000000004,11.55758,11.220981183415635
1.4000000000000004,11.75859,11.239330811217666
1.4000000000000004,11.9596,11.257808845431411
1.4000000000000004,12.16061,11.27633581799146
1.4000000000000004,12.36162,11.29505493670351
1.4000000000000004,12.56263,11.313693391114134
1.4000000000000004,12.76364,11.33250503259428
1.4000000000000004,12.96465,11.351317021242425
1.4000000000000004,13.16566,11.370067340343866
1.4000000000000004,13.36667,11.38893780084505
1.4000000000000004,13.56768,11.407616727450428
1.4000000000000004,13.76869,11.426394468245057
1.4000000000000004,13.9697,11.445070823576712
1.4000000000000004,14.17071,11.463624917761358
1.4000000000000004,14.37172,11.48230397159689
1.4000000000000004,14.57273,11.500686335196155
1.4000000000000004,14.77374,11.51880658539087
1.4000000000000004,14.97475,11.535758517987789
1.4000000000000004,15.17576,11.553536288862604
1.4000000000000004,15.37677,11.572690399039091
1.4000000000000004,15.57778,11.590800265469587
1.4000000000000004,15.77879,11.608554511665048
1.4000000000000004,15.9798,11.626224048731968
1.4000000000000004,16.18081,11.643544334992606
1.4000000000000004,16.38182,11.6609745624822
1.4000000000000004,16.58283,11.678249627893125
1.4000000000000004,16.78384,11.6953303402692
1.4000000000000004,16.98485,11.712334461013047
1.4000000000000004,17.18586,11.728985191700113
1.4000000000000004,17.38687,11.745715970907495
1.4000000000000004,17.58788,11.762280054183384
1.4000000000000004,17.78889,11.778657774445259
1.4000000000000004,17.9899,11.79495779540612
1.4000000000000004,18.19091,11.81091222135482
1.4000000000000004,18.39192,11.82693673284965
1.4000000000000004,18.59293,11.842793552836525
1.4000000000000004,18.79394,11.85846276880119
1.4000000000000004,18.99495,11.874073588047146
1.4000000000000004,19.19596,11.88935745416336
1.4000000000000004,19.39697,11.904691401077281
1.4000000000000004,19.59798,11.919846943901488
1.4000000000000004,19.79899,11.934844050909279
1.4000000000000004,20.0,11.948693858650527
1.1000000000000005,0.3010101,1.1767465208228356
1.1000000000000005,0.5020202,1.324085291896511
1.1000000000000005,0.7030303,0.823878632288341
1.1000000000000005,0.9040404,0.6236499951433856
1.1000000000000005,1.105051,0.6712185046117695
1.1000000000000005,1.306061,0.42351402154996004
1.1000000000000005,1.507071,0.5143510350763102
1.1000000000000005,1.708081,0.8891357746111387
1.1000000000000005,1.909091,1.1404675096928178
1.1000000000000005,2.110101,1.277086821765092
1.1000000000000005,2.311111,1.3151216171222821
1.1000000000000005,2.512121,1.2719731449641145
1.1000000000000005,2.713131,1.1834404203573519
1.1000000000000005,2.914141,1.0697109795622555
1.1000000000000005,3.115152,0.9387273072508171
1.1000000000000005,3.316162,0.7859310119290815
1.1000000000000005,3.517172,0.6199911678578736
1.1000000000000005,3.718182,0.6495397381214948
1.1000000000000005,3.919192,0.8026016219322579
1.1000000000000005,4.120202,0.6991125744546511
1.1000000000000005,4.321212,0.595761212860908
1.1000000000000005,4.522222,0.6494488226186957
1.1000000000000005,4.723232,0.7999376144562086
1.1000000000000005,4.924242,0.9499635737066919
1.1000000000000005,5.125253,1.1018817807706278
1.1000000000000005,5.326263,1.202176484916645
1.1000000000000005,5.527273,1.2008179037606534
1.1000000000000005,5.728283,1.141018779144625
1.1000000000000005,5.929293,1.0458727107839692
1.1000000000000005,6.130303,0.8128062089724379
1.1000000000000005,6.331313,0.20658209102840452
1.1000000000000005,6.532323,1.0240929467861595
1.1000000000000005,6.733333,3.1213518442020596
1.1000000000000005,6.934343,6.182576362287998
1.1000000000000005,7.135354,9.31714254347701
1.1000000000000005,7.336364,10.458947444453079
1.1000000000000005,7.537374,10.688068704658502
1.1000000000000005,7.738384,10.76888818176124
1.1000000000000005,7.939394,10.822141472577531
1.1000000000000005,8.140404,10.864517796076925
1.1000000000000005,8.341414,10.898259067961295
1.1000000000000005,8.542424,10.926742443862846
1.1000000000000005,8.743434,10.95144716424894
1.1000000000000005,8.944444,10.97382331419982
1.1000000000000005,9.145455,10.995015718627663
1.1000000000000005,9.346465,11.014870989577043
1.1000000000000005,9.547475,11.033801255065429
1.1000000000000005,9.748485,11.052009633953183
1.1000000000000005,9.949495,11.069820137742864
1.1000000000000005,10.15051,11.087516373246379
1.1000000000000005,10.35152,11.105084322221634
1.1000000000000005,10.55253,11.122609608548505
1.1000000000000005,10.75354,11.139540436819319
1.1000000000000005,10.95455,11.157560000888804
1.1000000000000005,11.15556,11.175674709660766
1.1000000000000005,11.35657,11.193789760743325
1.1000000000000005,11.55758,11.212146467692513
1.1000000000000005,11.75859,11.230621320677304
1.1000000000000005,11.9596,11.249298298396475
1.1000000000000005,12.16061,11.268153647619014
1.1000000000000005,12.36162,11.286982758627834
1.1000000000000005,12.56263,11.306014488275409
1.1000000000000005,12.76364,11.325015571442282
1.1000000000000005,12.96465,11.344096462261566
1.1000000000000005,13.16566,11.363211489042815
1.1000000000000005,13.36667,11.382196636072335
1.1000000000000005,13.56768,11.401256203709858
1.1000000000000005,13.76869,11.420198521352704
1.1000000000000005,13.9697,11.43911782242296
1.1000000000000005,14.17071,11.457972156563628
1.1000000000000005,14.37172,11.476693160769374
1.1000000000000005,14.57273,11.495342972855399
1.1000000000000005,14.77374,11.513686419545001
1.1000000000000005,14.97475,11.529607393404627
1.1000000000000005,15.17576,11.547955133520711
1.1000000000000005,15.37677,11.567487562819025
1.1000000000000005,15.57778,11.586332830190342
1.1000000000000005,15.77879,11.604084774965347
1.1000000000000005,15.9798,11.622094860279189
1.1000000000000005,16.18081,11.639805614823821
1.1000000000000005,16.38182,11.657253828786738
1.1000000000000005,16.58283,11.674537377521743
1.1000000000000005,16.78384,11.691616664737285
1.1000000000000005,16.98485,11.708894642942509
1.1000000000000005,17.18586,11.725849539619558
1.1000000000000005,17.38687,11.742589110886957
1.1000000000000005,17.58788,11.759152228267476
1.1000000000000005,17.78889,11.775529032903702
1.1000000000000005,17.9899,11.792055051179792
1.1000000000000005,18.19091,11.808245799704665
1.1000000000000005,18.39192,11.824269565774243
1.1000000000000005,18.59293,11.8401257489011
1.1000000000000005,18.79394,11.855794358099201
1.1000000000000005,18.99495,11.871602486415304
1.1000000000000005,19.19596,11.887063951598774
1.1000000000000005,19.39697,11.902397427026909
1.1000000000000005,19.59798,11.917552538954544
1.1000000000000005,19.79899,11.932549231320625
1.1000000000000005,20.0,11.945449013011231
0.8000000000000007,0.3010101,0.7326014572116152
0.8000000000000007,0.5020202,0.9885299758789695
0.8000000000000007,0.7030303,0.42760861476478745
0.8000000000000007,0.9040404,0.44352559954666565
0.8000000000000007,1.105051,0.6421252777549409
0.8000000000000007,1.306061,0.6432579374537325
0.8000000000000007,1.507071,0.9731562282567223
0.8000000000000007,1.708081,1.3146510542674807
0.8000000000000007,1.909091,1.4909085974818879
0.8000000000000007,2.110101,1.5455535675282854
0.8000000000000007,2.311111,1.548477688313435
0.8000000000000007,2.512121,1.497184823731359
0.8000000000000007,2.713131,1.4258213194569156
0.8000000000000007,2.914141,1.369954830498868
0.8000000000000007,3.115152,1.2939939807888325
0.8000000000000007,3.316162,1.1831450618651174
0.8000000000000007,3.517172,0.9668827327486652
0.8000000000000007,3.718182,0.6750348310256217
0.8000000000000007,3.919192,0.7152463797515789
0.8000000000000007,4.120202,1.0131171207516434
0.8000000000000007,4.321212,1.1852162136109723
0.8000000000000007,4.522222,1.2798188096075869
0.8000000000000007,4.723232,1.4172773594034838
0.8000000000000007,4.924242,1.494947142132711
0.8000000000000007,5.125253,1.5305387352957063
0.8000000000000007,5.326263,1.5088931154966965
0.8000000000000007,5.527273,1.4336184535475514
0.8000000000000007,5.728283,1.3993652041655549
0.8000000000000007,5.929293,1.3702685610418632
0.8000000000000007,6.130303,1.2387433463796396
0.8000000000000007,6.331313,0.8104196071179454
0.8000000000000007,6.532323,0.3463991836578141
0.8000000000000007,6.733333,2.2063987871174655
0.8000000000000007,6.934343,5.577370907902635
0.8000000000000007,7.135354,9.557288556486668
0.8000000000000007,7.336364,10.6530167501574
0.8000000000000007,7.537374,10.789533790539698
0.8000000000000007,7.738384,10.832389601173434
0.8000000000000007,7.939394,10.864405235341877
0.8000000000000007,8.140404,10.890957751744432
0.8000000000000007,8.341414,10.913720829408357
0.8000000000000007,8.542424,10.934383102979787
0.8000000000000007,8.743434,10.953756540829595
0.8000000000000007,8.944444,10.972201681939284
0.8000000000000007,9.145455,10.990099449610137
0.8000000000000007,9.346465,11.007590421531505
0.8000000000000007,9.547475,11.024822996403772
0.8000000000000007,9.748485,11.04192574640124
0.8000000000000007,9.949495,11.058985273435162
0.8000000000000007,10.15051,11.076111954244563
0.8000000000000007,10.35152,11.09335067168988
0.8000000000000007,10.55253,11.110751035672063
0.8000000000000007,10.75354,11.128442424573839
0.8000000000000007,10.95455,11.146263076877968
0.8000000000000007,11.15556,11.16440327716778
0.8000000000000007,11.35657,11.182783150516869
0.8000000000000007,11.55758,11.201446710402875
0.8000000000000007,11.75859,11.220308092389427
0.8000000000000007,11.9596,11.239368201521216
0.8000000000000007,12.16061,11.258562415758636
0.8000000000000007,12.36162,11.277853613158676
0.8000000000000007,12.56263,11.297227019625828
0.8000000000000007,12.76364,11.316638343274718
0.8000000000000007,12.96465,11.336067501390543
0.8000000000000007,13.16566,11.355487571195793
0.8000000000000007,13.36667,11.374874029581454
0.8000000000000007,13.56768,11.394204302238478
0.8000000000000007,13.76869,11.413486063896933
0.8000000000000007,13.9697,11.432669080431499
0.8000000000000007,14.17071,11.451750204257552
0.8000000000000007,14.37172,11.470726329819907
0.8000000000000007,14.57273,11.489586288831344
0.8000000000000007,14.77374,11.508299126971702
0.8000000000000007,14.97475,11.526854717635333
0.8000000000000007,15.17576,11.545234025124554
0.8000000000000007,15.37677,11.563588745686735
0.8000000000000007,15.57778,11.581822162299476
0.8000000000000007,15.77879,11.59985638811028
0.8000000000000007,15.9798,11.617893827666482
0.8000000000000007,16.18081,11.6356027100716
0.8000000000000007,16.38182,11.653275110255038
0.8000000000000007,16.58283,11.670803016343669
0.8000000000000007,16.78384,11.688097352248217
0.8000000000000007,16.98485,11.705403760386448
0.8000000000000007,17.18586,11.722347484572543
0.8000000000000007,17.38687,11.739273344528701
0.8000000000000007,17.58788,11.756022928485738
0.8000000000000007,17.78889,11.772566606017598
0.8000000000000007,17.9899,11.789111673799962
0.8000000000000007,18.19091,11.805291664607761
0.8000000000000007,18.39192,11.82146300014233
0.8000000000000007,18.59293,11.837466906643751
0.8000000000000007,18.79394,11.853273482090202
0.8000000000000007,18.99495,11.869081016106326
0.8000000000000007,19.19596,11.884541975759397
0.8000000000000007,19.39697,11.899993806455523
0.8000000000000007,19.59798,11.914199185526288
0.8000000000000007,19.79899,11.927088030490456
0.8000000000000007,20.0,11.939987375407723
0.5000000000000009,0.3010101,0.6512360084152756
0.5000000000000009,0.5020202,1.0817573446395938
0.5000000000000009,0.7030303,0.4910957013642966
0.5000000000000009,0.9040404,0.8713244742143572
0.5000000000000009,1.105051,1.195926413446151
0.5000000000000009,1.306061,1.2588329378631822
0.5000000000000009,1.507071,1.426768574883355
0.5000000000000009,1.708081,1.5806322619777948
0.5000000000000009,1.909091,1.6178709390768187
0.5000000000000009,2.110101,1.4949517241613342
0.5000000000000009,2.311111,1.3483252163831405
0.5000000000000009,2.512121,1.1732381171561899
0.5000000000000009,2.713131,1.0364359510876497
0.5000000000000009,2.914141,0.9599441262217817
0.5000000000000009,3.115152,0.8597476513493586
0.5000000000000009,3.316162,0.7701468536195276
0.5000000000000009,3.517172,0.7017902543601292
0.5000000000000009,3.718182,0.594345826477945
0.5000000000000009,3.919192,0.7102250975791056
0.5000000000000009,4.120202,0.8879075039509297
0.5000000000000009,4.321212,1.0348022645024073
0.5000000000000009,4.522222,1.200811518576267
0.5000000000000009,4.723232,1.4251674679775237
0.5000000000000009,4.924242,1.4418947131917073
0.5000000000000009,5.125253,1.7072515264245716
0.5000000000000009,5.326263,1.5622348912345705
0.5000000000000009,5.527273,1.445331791718877
0.5000000000000009,5.728283,1.3978370705577599
0.5000000000000009,5.929293,1.407295196911881
0.5000000000000009,6.130303,1.391691948655499
0.5000000000000009,6.331313,1.2327101795480233
0.5000000000000009,6.532323,0.9374159107144523
0.5000000000000009,6.733333,1.3356358820328764
0.5000000000000009,6.934343,4.63415281762708
0.5000000000000009,7.135354,9.984854618671871
0.5000000000000009,7.336364,10.84439978474203
0.5000000000000009,7.537374,10.869681651932018
0.5000000000000009,7.738384,10.87572081905784
0.5000000000000009,7.939394,10.88682982748911
0.5000000000000009,8.140404,10.89872736239448
0.5000000000000009,8.341414,10.912399518873228
0.5000000000000009,8.542424,10.927276960022057
0.5000000000000009,8.743434,10.942972006172434
0.5000000000000009,8.944444,10.95903174088464
0.5000000000000009,9.145455,10.975317787351775
0.5000000000000009,9.346465,10.991847979951412
0.5000000000000009,9.547475,11.008561930109487
0.5000000000000009,9.748485,11.02540295739719
0.5000000000000009,9.949495,11.042442733457497
0.5000000000000009,10.15051,11.059769529583681
0.5000000000000009,10.35152,11.077379658323157
0.5000000000000009,10.55253,11.095270355426981
0.5000000000000009,10.75354,11.113424515383837
0.5000000000000009,10.95455,11.131641453190843
0.5000000000000009,11.15556,11.150438846268772
0.5000000000000009,11.35657,11.16950467488599
0.5000000000000009,11.55758,11.188655122667402
0.5000000000000009,11.75859,11.208184359035268
0.5000000000000009,11.9596,11.227838679188105
0.5000000000000009,12.16061,11.247492470020807
0.5000000000000009,12.36162,11.26749775629419
0.5000000000000009,12.56263,11.287283665933064
0.5000000000000009,12.76364,11.307256697917905
0.5000000000000009,12.96465,11.327135241397372
0.5000000000000009,13.16566,11.346911100333486
0.5000000000000009,13.36667,11.366820368699797
0.5000000000000009,13.56768,11.386472007022565
0.5000000000000009,13.76869,11.406164295240078
0.5000000000000009,13.9697,11.425661814323924
0.5000000000000009,14.17071,11.445000352738804
0.5000000000000009,14.37172,11.464352386584602
0.5000000000000009,14.57273,11.483452635839555
0.5000000000000009,14.77374,11.50249492997939
0.5000000000000009,14.97475,11.51890966067254
0.5000000000000009,15.17576,11.538302130227954
0.5000000000000009,15.37677,11.558545939929523
0.5000000000000009,15.57778,11.576904972054278
0.5000000000000009,15.77879,11.595271867310341
0.5000000000000009,15.9798,11.613336917528885
0.5000000000000009,16.18081,11.63104414243486
0.5000000000000009,16.38182,11.648981217807346
0.5000000000000009,16.58283,11.666783988373037
0.5000000000000009,16.78384,11.68433386615139
0.5000000000000009,16.98485,11.701658880813175
0.5000000000000009,17.18586,11.718601570642068
0.5000000000000009,17.38687,11.735734090846902
0.5000000000000009,17.58788,11.75269049664072
0.5000000000000009,17.78889,11.769431366215212
0.5000000000000009,17.9899,11.785975589642888
0.5000000000000009,18.19091,11.802164908516977
0.5000000000000009,18.39192,11.818494060439718
0.5000000000000009,18.59293,11.834655919269
0.5000000000000009,18.79394,11.850620659923635
0.5000000000000009,18.99495,11.866427667742771
0.5000000000000009,19.19596,11.88188817921765
0.5000000000000009,19.39697,11.89746855114344
0.5000000000000009,19.59798,11.912880779492328
0.5000000000000009,19.79899,11.92809484769812
0.5000000000000009,20.0,11.941004012672133
0.20000000000000107,0.3010101,0.5120710842486325
0.20000000000000107,0.5020202,1.0401306464544249
0.20000000000000107,0.7030303,1.1969958949880823
0.20000000000000107,0.9040404,1.751097813123213
0.20000000000000107,1.105051,1.983483545759412
0.20000000000000107,1.306061,1.2049725015294954
0.20000000000000107,6.733333,0.48880919186642824
0.20000000000000107,6.934343,2.5721317354954474
0.20000000000000107,7.135354,11.12694214926661
0.20000000000000107,7.336364,10.986357750172415
0.20000000000000107,7.537374,10.906213609310434
0.20000000000000107,7.738384,10.880052254900558
0.20000000000000107,7.939394,10.875259082764293
0.20000000000000107,8.140404,10.879360249656802
0.20000000000000107,8.341414,10.889344172348476
0.20000000000000107,8.542424,10.902493252838143
0.20000000000000107,8.743434,10.917465566399564
0.20000000000000107,8.944444,10.933573293737737
0.20000000000000107,9.145455,10.950299663021765
0.20000000000000107,9.346465,10.967561691824214
0.20000000000000107,9.547475,10.984983174146512
0.20000000000000107,9.748485,11.002643910566892
0.20000000000000107,9.949495,11.020591795799854
0.20000000000000107,10.15051,11.03881529500182
0.20000000000000107,10.35152,11.057452982982392
0.20000000000000107,10.55253,11.076266529198513
0.20000000000000107,10.75354,11.095348268473904
0.20000000000000107,10.95455,11.113924069548512
0.20000000000000107,11.15556,11.13354987018241
0.20000000000000107,11.35657,11.153903351264717
0.20000000000000107,11.55758,11.17436772549592
0.20000000000000107,11.75859,11.194512845591689
0.20000000000000107,11.9596,11.21486801108031
0.20000000000000107,12.16061,11.235564571846464
0.20000000000000107,12.36162,11.255830747444382
0.20000000000000107,12.56263,11.276594817026558
0.20000000000000107,12.76364,11.296989410614339
0.20000000000000107,12.96465,11.317389562314395
0.20000000000000107,13.16566,11.337883929997409
0.20000000000000107,13.36667,11.357979017381686
0.20000000000000107,13.56768,11.378324990731278
0.20000000000000107,13.76869,11.398293448719187
0.20000000000000107,13.9697,11.418176128667573
0.20000000000000107,14.17071,11.437998664797515
0.20000000000000107,14.37172,11.457493239853296
0.20000000000000107,14.57273,11.477069850043472
0.20000000000000107,14.77374,11.496304903065527
0.20000000000000107,14.97475,11.51437122823622
0.20000000000000107,15.17576,11.532808769180072
0.20000000000000107,15.37677,11.552154577463428
0.20000000000000107,15.57778,11.571737669433027
0.20000000000000107,15.77879,11.590092463608611
0.20000000000000107,15.9798,11.60860916683518
0.20000000000000107,16.18081,11.626818245126515
0.20000000000000107,16.38182,11.644783483337756
0.20000000000000107,16.58283,11.662584881520178
0.20000000000000107,16.78384,11.68013347451592
0.20000000000000107,16.98485,11.69780325543711
0.20000000000000107,17.18586,11.715121036047384
0.20000000000000107,17.38687,11.7322524709534
0.20000000000000107,17.58788,11.749218008515548
0.20000000000000107,17.78889,11.765948060362582
0.20000000000000107,17.9899,11.782778891476324
0.20000000000000107,18.19091,11.79923512295809
0.20000000000000107,18.39192,11.815573607699804
0.20000000000000107,18.59293,11.83173489889691
0.20000000000000107,18.79394,11.847699100230455
0.20000000000000107,18.99495,11.86372384100303
0.20000000000000107,19.19596,11.879402364480503
0.20000000000000107,19.39697,11.894982316516018
0.20000000000000107,19.59798,11.91039416128903
0.20000000000000107,19.79899,11.925607861802602
0.20000000000000107,20.0,11.939773860472886
