X_rel,z,U_mag
8.3,6.7,6.327176248095558
8.3,6.834343,6.892113662557461
8.3,6.968687,7.460196667542725
8.3,7.10303,7.964792148892228
8.3,7.237374,8.450127226862751
8.3,7.371717,8.817825304091892
8.3,7.506061,9.168248093873109
8.3,7.640404,9.410730285527755
8.3,7.774747,9.63933043871045
8.3,7.909091,9.806407906020693
8.3,8.043434,9.95843464865444
8.3,8.177778,10.078952118079492
8.3,8.312121,10.186050145031656
8.3,8.446465,10.277548008065017
8.3,8.580808,10.357744560116624
8.3,8.715152,10.43045791922244
8.3,8.849495,10.493718509295572
8.3,8.983838,10.55367390953012
8.3,9.118182,10.605685305621352
8.3,9.252525,10.656480210881575
8.3,9.386869,10.700739979340854
8.3,9.521212,10.74418259231155
8.3,9.655556,10.783338787622094
8.3,9.789899,10.82129746762059
8.3,9.924242,10.856438784991573
8.3,10.05859,10.889622375805414
8.3,10.19293,10.92029804419176
8.3,10.32727,10.950965198112398
8.3,10.46162,10.981633825056505
8.3,10.59596,11.009083980445027
8.3,10.7303,11.035245271183678
8.3,10.86465,11.061407605544465
8.3,10.99899,11.087570976178172
8.3,11.13333,11.110434757159627
8.3,11.26768,11.133259276981255
8.3,11.40202,11.156094534552528
8.3,11.53636,11.178200214075494
8.3,11.67071,11.198345630924125
8.3,11.80505,11.218481533668905
8.3,11.93939,11.238627919607342
8.3,12.07374,11.257603923433278
8.3,12.20808,11.275639554502389
8.3,12.34242,11.29367547928917
8.3,12.47677,11.311711696340405
8.3,12.61111,11.328406818229325
8.3,12.74545,11.3448318273109
8.3,12.8798,11.361247002173478
8.3,13.01414,11.377542179782152
8.3,13.14848,11.392716101998703
8.3,13.28283,11.407890111898757
8.3,13.41717,11.423064209213555
8.3,13.55152,11.437867856941116
8.3,13.68586,11.452070697838435
8.3,13.8202,11.466273580619692
8.3,13.95455,11.480476505226969
8.3,14.08889,11.494178675016792
8.3,14.22323,11.507620459321783
8.3,14.35758,11.52106226129196
8.3,14.49192,11.534504080872576
8.3,14.62626,11.547374985908824
8.3,14.76061,11.560205838271312
8.3,14.89495,11.573036697217459
8.3,15.02929,11.585757389307407
8.3,15.16364,11.59808746369433
8.3,15.29798,11.61041754100263
8.3,15.43232,11.62273762146161
8.3,15.56667,11.63485739148163
8.3,15.70101,11.646756846831082
8.3,15.83535,11.658656305520443
8.3,15.9697,11.670555767438222
8.3,16.10404,11.682174849849591
8.3,16.23838,11.693703826051443
8.3,16.37273,11.705232807722885
8.3,16.50707,11.716741774751195
8.3,16.64141,11.727940385225068
8.3,16.77576,11.73912900417235
8.3,16.9101,11.750327631315228
8.3,17.04444,11.761426169826068
8.3,17.17879,11.772324522521945
8.3,17.31313,11.783222886450757
8.3,17.44747,11.794121261581362
8.3,17.58182,11.804849513730732
8.3,17.71616,11.815467693156263
8.3,17.85051,11.826085886392697
8.3,17.98485,11.836704093354488
8.3,18.11919,11.847092170341643
8.3,18.25354,11.857460244802821
8.3,18.38788,11.86781833535461
8.3,18.52222,11.878146421910856
8.3,18.65657,11.88826442607593
8.3,18.79091,11.898392447784142
8.3,18.92525,11.90851048715333
8.3,19.0596,11.918528511023164
8.3,19.19394,11.928426511756621
8.3,19.32828,11.938324531192533
8.3,19.46263,11.94822256928397
8.3,19.59697,11.95795058767423
8.3,19.73131,11.967618610597228
8.3,19.86566,11.97729665288002
8.3,20.0,11.986964714696905
8.600000000000001,6.7,6.371052565468133
8.600000000000001,6.834343,6.923421034909573
8.600000000000001,6.968687,7.481024839836668
8.600000000000001,7.10303,7.975455073625658
8.600000000000001,7.237374,8.448065455741844
8.600000000000001,7.371717,8.80739768124125
8.600000000000001,7.506061,9.152846522542802
8.600000000000001,7.640404,9.394070457191965
8.600000000000001,7.774747,9.621247657919008
8.600000000000001,7.909091,9.788704761864292
8.600000000000001,8.043434,9.941195295366064
8.600000000000001,8.177778,10.062437188018707
8.600000000000001,8.312121,10.170731485185229
8.600000000000001,8.446465,10.26293459800151
8.600000000000001,8.580808,10.343746455206869
8.600000000000001,8.715152,10.417085238591026
8.600000000000001,8.849495,10.48111162783745
8.600000000000001,8.983838,10.541502537031977
8.600000000000001,9.118182,10.593859623197355
8.600000000000001,9.252525,10.64511037769548
8.600000000000001,9.386869,10.68971616735776
8.600000000000001,9.521212,10.733424778786146
8.600000000000001,9.655556,10.77280716621952
8.600000000000001,9.789899,10.811142213439473
8.600000000000001,9.924242,10.841901529984623
8.600000000000001,10.05859,10.874621515944845
8.600000000000001,10.19293,10.910392346854824
8.600000000000001,10.32727,10.94175639012836
8.600000000000001,10.46162,10.972872019860256
8.600000000000001,10.59596,11.000449428957525
8.600000000000001,10.7303,11.026688100242872
8.600000000000001,10.86465,11.053237938244333
8.600000000000001,10.99899,11.07978886527126
8.600000000000001,11.13333,11.103040615651532
8.600000000000001,11.26768,11.126273164509445
8.600000000000001,11.40202,11.149196346809136
8.600000000000001,11.53636,11.171300018370498
8.600000000000001,11.67071,11.191433713776034
8.600000000000001,11.80505,11.211918185525676
8.600000000000001,11.93939,11.232493278497518
8.600000000000001,12.07374,11.251908298006672
8.600000000000001,12.20808,11.270373208880267
8.600000000000001,12.34242,11.288698294939714
8.600000000000001,12.47677,11.306733304293555
8.600000000000001,12.61111,11.323427468985127
8.600000000000001,12.74545,11.339981815145464
8.600000000000001,12.8798,11.356796832164248
8.600000000000001,13.01414,11.373471931119415
8.600000000000001,13.14848,11.388986046075509
8.600000000000001,13.28283,11.40450028843966
8.600000000000001,13.41717,11.419723923565138
8.600000000000001,13.55152,11.434527075973593
8.600000000000001,13.68586,11.448729535854966
8.600000000000001,13.8202,11.463192821457344
8.600000000000001,13.95455,11.477696266876714
8.600000000000001,14.08889,11.491659059070582
8.600000000000001,14.22323,11.50534152281846
8.600000000000001,14.35758,11.518923636404473
8.600000000000001,14.49192,11.532365259358794
8.600000000000001,14.62626,11.545236065695457
8.600000000000001,14.76061,11.558157218643945
8.600000000000001,14.89495,11.57118886300718
8.600000000000001,15.02929,11.584110355413083
8.600000000000001,15.16364,11.5966012565882
8.600000000000001,15.29798,11.609102164113699
8.600000000000001,15.43232,11.621432249252251
8.600000000000001,15.56667,11.633542039337165
8.600000000000001,15.70101,11.645451548439121
8.600000000000001,15.83535,11.657491840139407
8.600000000000001,15.9697,11.669522134645918
8.600000000000001,16.10404,11.68126203868795
8.600000000000001,16.23838,11.69290183052866
8.600000000000001,16.37273,11.704481227621097
8.600000000000001,16.50707,11.715990274625643
8.600000000000001,16.64141,11.727188992799245
8.600000000000001,16.77576,11.738438098057715
8.600000000000001,16.9101,11.749727500475096
8.600000000000001,17.04444,11.760916799804834
8.600000000000001,17.17879,11.771895888781437
8.600000000000001,17.31313,11.782864922353715
8.600000000000001,17.44747,11.793753408694947
8.600000000000001,17.58182,11.804481780897326
8.600000000000001,17.71616,11.815110153112757
8.600000000000001,17.85051,11.825799025913062
8.600000000000001,17.98485,11.836487905418918
8.600000000000001,18.11919,11.846936618759896
8.600000000000001,18.25354,11.857345318787045
8.600000000000001,18.38788,11.867733700242022
8.600000000000001,18.52222,11.878051904751413
8.600000000000001,18.65657,11.888180032560903
8.600000000000001,18.79091,11.898328480056355
8.600000000000001,18.92525,11.90849708342495
8.600000000000001,19.0596,11.91856564854592
8.600000000000001,19.19394,11.92849416433064
8.600000000000001,19.32828,11.93842260859573
8.600000000000001,19.46263,11.948310756520204
8.600000000000001,19.59697,11.958048886498393
8.600000000000001,19.73131,11.967397152707527
8.600000000000001,19.86566,11.9756858628503
8.600000000000001,20.0,11.983964582617096
8.9,0.1,0.7765907961115956
8.9,0.3010101,2.910273383716663
8.9,0.5020202,2.9969546921560895
8.9,0.7030303,2.8710372995103315
8.9,0.9040404,2.6447229562547725
8.9,1.105051,2.403710694284914
8.9,1.306061,2.210970655197628
8.9,1.507071,2.0762413779747866
8.9,1.708081,2.022428976566201
8.9,1.909091,1.9976175029655838
8.9,2.110101,1.9490081067769482
8.9,2.311111,1.8515806073241965
8.9,2.512121,1.719859494699983
8.9,2.713131,1.5728433247965092
8.9,2.914141,1.4407509621326353
8.9,3.115152,1.3482849825343766
8.9,3.316162,1.3265714422856034
8.9,3.517172,1.3785927161684775
8.9,3.718182,1.4889994537422742
8.9,3.919192,1.6076564544166663
8.9,4.120202,1.7197035384152008
8.9,4.321212,1.8397321327609004
8.9,4.522222,1.9840524030494746
8.9,4.723232,2.162946642586684
8.9,4.924242,2.3731659560212557
8.9,5.125253,2.60056966553366
8.9,5.326263,2.8228625486494656
8.9,5.527273,3.093600550924719
8.9,5.728283,3.4063495049581065
8.9,5.929293,3.8069680454076584
8.9,6.130303,4.3380189941801435
8.9,6.331313,4.970739511731961
8.9,6.532323,5.722207215554424
8.9,6.733333,6.5487988828936095
8.9,6.934343,7.3664431111175235
8.9,7.135354,8.091940822451933
8.9,7.336364,8.711400826157504
8.9,7.537374,9.194814403755785
8.9,7.738384,9.553088908505943
8.9,7.939394,9.81018859732482
8.9,8.140404,10.01364851409191
8.9,8.341414,10.176247147804244
8.9,8.542424,10.309727396289285
8.9,8.743434,10.420354400667087
8.9,8.944444,10.512076733633196
8.9,9.145455,10.593431064918569
8.9,9.346465,10.66569496521819
8.9,9.547475,10.731097725951232
8.9,9.748485,10.790417717572414
8.9,9.949495,10.841905082120777
8.9,10.15051,10.888307976611914
8.9,10.35152,10.935913829389166
8.9,10.55253,10.983853343497836
8.9,10.75354,11.023687493420484
8.9,10.95455,11.063404102355399
8.9,11.15556,11.099273234841522
8.9,11.35657,11.134024267456411
8.9,11.55758,11.168047105307604
8.9,11.75859,11.198940900058224
8.9,11.9596,11.229725887750188
8.9,12.16061,11.257981072973443
8.9,12.36162,11.285606849307724
8.9,12.56263,11.3129034477066
8.9,12.76364,11.33814927468832
8.9,12.96465,11.36330547411733
8.9,13.16566,11.386860794510287
8.9,13.36667,11.410086129375319
8.9,13.56768,11.43316199131011
8.9,13.76869,11.454916432515102
8.9,13.9697,11.47661088240492
8.9,14.17071,11.497264266472927
8.9,14.37172,11.517747519353145
8.9,14.57273,11.538151285688627
8.9,14.77374,11.557693590499872
8.9,14.97475,11.577195795569553
8.9,15.17576,11.595997128424418
8.9,15.37677,11.61469834706341
8.9,15.57778,11.633330119763603
8.9,15.77879,11.651360619881514
8.9,15.9798,11.66938102046492
8.9,16.18081,11.686860804106647
8.9,16.38182,11.70428052253012
8.9,16.58283,11.721630811927717
8.9,16.78384,11.738530054369589
8.9,16.98485,11.755429230924694
8.9,17.18586,11.771888005746456
8.9,17.38687,11.788306757475963
8.9,17.58788,11.804646065860837
8.9,17.78889,11.820634531216859
8.9,17.9899,11.836622967752364
8.9,18.19091,11.852231161713064
8.9,18.39192,11.867819360997824
8.9,18.59293,11.883318079238604
8.9,18.79394,11.898526120593768
8.9,18.99495,11.91374416354401
8.9,19.19596,11.928612080765674
8.9,19.39697,11.943480020120584
8.9,19.59798,11.958228443589869
8.9,19.79899,11.970646611229213
8.9,20.0,11.983044797858527
9.200000000000001,0.1,1.6524937644882862
9.200000000000001,0.3010101,2.8644910666724215
9.200000000000001,0.5020202,2.896392985292273
9.200000000000001,0.7030303,2.7271453428935795
9.200000000000001,0.9040404,2.398238089001505
9.200000000000001,1.105051,2.122387486213472
9.200000000000001,1.306061,2.092684984421927
9.200000000000001,1.507071,2.046907707457975
9.200000000000001,1.708081,1.97489514030287
9.200000000000001,1.909091,1.9185935928194537
9.200000000000001,2.110101,1.8502163244642642
9.200000000000001,2.311111,1.7459054342285736
9.200000000000001,2.512121,1.6195500025062592
9.200000000000001,2.713131,1.487260781604669
9.200000000000001,2.914141,1.3722590727642638
9.200000000000001,3.115152,1.2926633049575353
9.200000000000001,3.316162,1.2790107657323178
9.200000000000001,3.517172,1.3339504352501876
9.200000000000001,3.718182,1.4466730890885715
9.200000000000001,3.919192,1.5727632176832047
9.200000000000001,4.120202,1.6923065638216461
9.200000000000001,4.321212,1.8152916009758087
9.200000000000001,4.522222,1.9560577156839485
9.200000000000001,4.723232,2.1247581546230268
9.200000000000001,4.924242,2.3214653174839426
9.200000000000001,5.125253,2.5390907173228987
9.200000000000001,5.326263,2.7618940867304027
9.200000000000001,5.527273,3.035100038967172
9.200000000000001,5.728283,3.363892013473692
9.200000000000001,5.929293,3.801769035728347
9.200000000000001,6.130303,4.340327891781361
9.200000000000001,6.331313,5.010007833986226
9.200000000000001,6.532323,5.768957998271495
9.200000000000001,6.733333,6.588759888731736
9.200000000000001,6.934343,7.384862428504711
9.200000000000001,7.135354,8.105747775466291
9.200000000000001,7.336364,8.704071405245427
9.200000000000001,7.537374,9.182972835458619
9.200000000000001,7.738384,9.538297695939436
9.200000000000001,7.939394,9.795303617964333
9.200000000000001,8.140404,9.999070732941158
9.200000000000001,8.341414,10.163249675611988
9.200000000000001,8.542424,10.297193666545633
9.200000000000001,8.743434,10.408805401774963
9.200000000000001,8.944444,10.501382584578568
9.200000000000001,9.145455,10.582911216990475
9.200000000000001,9.346465,10.655940382560164
9.200000000000001,9.547475,10.721507987414414
9.200000000000001,9.748485,10.781253340898656
9.200000000000001,9.949495,10.833156458718612
9.200000000000001,10.15051,10.879945285000948
9.200000000000001,10.35152,10.927936927225337
9.200000000000001,10.55253,10.97588204445555
9.200000000000001,10.75354,11.016072606084178
9.200000000000001,10.95455,11.056145702082134
9.200000000000001,11.15556,11.092151682099093
9.200000000000001,11.35657,11.127399784612717
9.200000000000001,11.55758,11.161519745533795
9.200000000000001,11.75859,11.192841185069488
9.200000000000001,11.9596,11.2239939112922
9.200000000000001,12.16061,11.252427175282628
9.200000000000001,12.36162,11.280601439852079
9.200000000000001,12.56263,11.30800628916282
9.200000000000001,12.76364,11.333681105943949
9.200000000000001,12.96465,11.359196327609796
9.200000000000001,13.16566,11.38290078075788
9.200000000000001,13.36667,11.406595826085304
9.200000000000001,13.56768,11.429750808143835
9.200000000000001,13.76869,11.45184520134067
9.200000000000001,13.9697,11.473809523021803
9.200000000000001,14.17071,11.49459271836597
9.200000000000001,14.37172,11.515426405076084
9.200000000000001,14.57273,11.53587981714191
9.200000000000001,14.77374,11.555682607763663
9.200000000000001,14.97475,11.57536512421265
9.200000000000001,15.17576,11.594256635400981
9.200000000000001,15.37677,11.613198611464787
9.200000000000001,15.57778,11.631860305334955
9.200000000000001,15.77879,11.650081519770374
9.200000000000001,15.9798,11.668222402948487
9.200000000000001,16.18081,11.685772533873637
9.200000000000001,16.38182,11.70336309771299
9.200000000000001,16.58283,11.720723436693378
9.200000000000001,16.78384,11.737763450206828
9.200000000000001,16.98485,11.754743140304551
9.200000000000001,17.18586,11.771252320526225
9.200000000000001,17.38687,11.787791887408874
9.200000000000001,17.58788,11.80414129586399
9.200000000000001,17.78889,11.820230500976692
9.200000000000001,17.9899,11.836279416269472
9.200000000000001,18.19091,11.851928015341343
9.200000000000001,18.39192,11.867596947263824
9.200000000000001,18.59293,11.883095777380388
9.200000000000001,18.79394,11.898374490104938
9.200000000000001,18.99495,11.913632952975018
9.200000000000001,19.19596,11.928531246656293
9.200000000000001,19.39697,11.943459819513851
9.200000000000001,19.59798,11.95820834746815
9.200000000000001,19.79899,11.972776828998475
9.200000000000001,20.0,11.986265227232868
18.5,0.1,0.15100425766303743
18.5,0.3010101,0.37882453923377324
18.5,0.5020202,0.47547940608100664
18.5,0.7030303,0.4074940068492873
18.5,1.306061,1.0072210405276847
18.5,1.507071,1.4110671964230326
18.5,1.708081,1.4163111779573734
18.5,1.909091,1.3852022740899461
18.5,2.110101,1.3445667351416781
18.5,2.311111,1.3071022861009656
18.5,2.512121,1.2818167967467997
18.5,2.713131,1.2782223016804797
18.5,2.914141,1.300537763321811
18.5,3.115152,1.3513163181081467
18.5,3.316162,1.4339350479766202
18.5,3.517172,1.5434821361644715
18.5,3.718182,1.6808994674170605
18.5,3.919192,1.8452187250086602
18.5,4.120202,2.0371922022542934
18.5,4.321212,2.263192423024032
18.5,4.522222,2.521025601319573
18.5,4.723232,2.8151852578624283
18.5,4.924242,3.147065733388453
18.5,5.125253,3.515271785965399
18.5,5.326263,3.935057649094827
18.5,5.527273,4.38156177075511
18.5,5.728283,4.863863481973242
18.5,5.929293,5.37825486559708
18.5,6.130303,5.906563281560577
18.5,6.331313,6.445245604253951
18.5,6.532323,6.976399983604857
18.5,6.733333,7.489745616067222
18.5,6.934343,7.962491691074296
18.5,7.135354,8.388257110475452
18.5,7.336364,8.767841970535029
18.5,7.537374,9.096135083287201
18.5,7.738384,9.374023456195529
18.5,7.939394,9.601399448737174
18.5,8.140404,9.795074048256348
18.5,8.341414,9.960457679731395
18.5,8.542424,10.101835043985098
18.5,8.743434,10.2227713004891
18.5,8.944444,10.324587132985258
18.5,9.145455,10.4148751750753
18.5,9.346465,10.495352201287353
18.5,9.547475,10.567725953720911
18.5,9.748485,10.63318409922143
18.5,9.949495,10.68548629906716
18.5,10.15051,10.737960141170129
18.5,10.35152,10.794611376267202
18.5,10.55253,10.843239488951678
18.5,10.75354,10.886108006799258
18.5,10.95455,10.929059777472279
18.5,11.15556,10.968069451939948
18.5,11.35657,11.005862623228776
18.5,11.55758,11.042579305304074
18.5,11.75859,11.076661257286329
18.5,11.9596,11.110775185401693
18.5,12.16061,11.142643558590636
18.5,12.36162,11.173913833741805
18.5,12.56263,11.204466271482197
18.5,12.76364,11.233471733544611
18.5,12.96465,11.262508461582105
18.5,13.16566,11.28999795300945
18.5,13.36667,11.31712860609856
18.5,13.56768,11.343700700789398
18.5,13.76869,11.369204689101235
18.5,13.9697,11.394749483417515
18.5,14.17071,11.419116107116368
18.5,14.37172,11.443223494862112
18.5,14.57273,11.466861872254125
18.5,14.77374,11.489701474334252
18.5,14.97475,11.512611573606932
18.5,15.17576,11.534552904746125
18.5,15.37677,11.556294750962728
18.5,15.57778,11.577647272691081
18.5,15.77879,11.598400582568724
18.5,15.9798,11.619214189831785
18.5,16.18081,11.63923861955144
18.5,16.38182,11.659103396694217
18.5,16.58283,11.678638627499735
18.5,16.78384,11.697704358011666
18.5,16.98485,11.71684026199627
18.5,17.18586,11.735316708488925
18.5,17.38687,11.753673388383994
18.5,17.58788,11.77174036872629
18.5,17.78889,11.789437662066518
18.5,17.9899,11.80719505500589
18.5,18.19091,11.824392803155083
18.5,18.39192,11.84151070723245
18.5,18.59293,11.858368807987967
18.5,18.79394,11.874937103211597
18.5,18.99495,11.891555456392965
18.5,19.19596,11.90769404293805
18.5,19.39697,11.923762730992312
18.5,19.59798,11.939601542648708
18.5,19.79899,11.955210470941742
18.5,20.0,11.968589585220819
18.8,0.1,0.10403772079739636
18.8,0.3010101,0.2291531677846201
18.8,0.5020202,0.32046935649679154
18.8,0.7030303,0.3547380911645447
18.8,1.306061,0.9163780856277502
18.8,1.507071,1.421903417225838
18.8,1.708081,1.415569583368261
18.8,1.909091,1.383801601326755
18.8,2.110101,1.346793569029673
18.8,2.311111,1.3160299619101674
18.8,2.512121,1.2992904027406518
18.8,2.713131,1.3061474242955151
18.8,2.914141,1.3409901574819223
18.8,3.115152,1.4044722896962285
18.8,3.316162,1.4979428663931973
18.8,3.517172,1.6154878389785334
18.8,3.718182,1.7585948940734208
18.8,3.919192,1.9272854723819075
18.8,4.120202,2.122171855853475
18.8,4.321212,2.3495143496899464
18.8,4.522222,2.607506149291203
18.8,4.723232,2.900870919609259
18.8,4.924242,3.231033855749499
18.8,5.125253,3.5965307124336765
18.8,5.326263,4.011818374708568
18.8,5.527273,4.454387960256652
18.8,5.728283,4.930968667826759
18.8,5.929293,5.437075934937399
18.8,6.130303,5.95843898174421
18.8,6.331313,6.485911805780494
18.8,6.532323,7.009433099068272
18.8,6.733333,7.514105646813077
18.8,6.934343,7.978101609304537
18.8,7.135354,8.398493508339374
18.8,7.336364,8.771854718079815
18.8,7.537374,9.097143204507688
18.8,7.738384,9.372742090204047
18.8,7.939394,9.598712439393644
18.8,8.140404,9.791788890339925
18.8,8.341414,9.956763559418492
18.8,8.542424,10.09806052775739
18.8,8.743434,10.219066425501035
18.8,8.944444,10.321031887049427
18.8,9.145455,10.411459443092003
18.8,9.346465,10.492136126087127
18.8,9.547475,10.56464939691104
18.8,9.748485,10.630257138503945
18.8,9.949495,10.68879873185647
18.8,10.15051,10.741412948303234
18.8,10.35152,10.792073870418685
18.8,10.55253,10.840731465547451
18.8,10.75354,10.883709801649193
18.8,10.95455,10.926681088531087
18.8,11.15556,10.96569024979225
18.8,11.35657,11.00353317896467
18.8,11.55758,11.040309681424715
18.8,11.75859,11.074441459669307
18.8,11.9596,11.108574975751601
18.8,12.16061,11.140442918864661
18.8,12.36162,11.171742960274752
18.8,12.56263,11.202335196283082
18.8,12.76364,11.231380448975507
18.8,12.96465,11.26042681195549
18.8,13.16566,11.287925937178203
18.8,13.36667,11.315086337791112
18.8,13.56768,11.34171819214509
18.8,13.76869,11.3672719322621
18.8,13.9697,11.39283640564208
18.8,14.17071,11.417202722634483
18.8,14.37172,11.441359846330993
18.8,14.57273,11.465067963775644
18.8,14.77374,11.487977305673965
18.8,14.97475,11.510897133615364
18.8,15.17576,11.532848214601582
18.8,15.37677,11.554649807713751
18.8,15.57778,11.5760820794764
18.8,15.77879,11.59690514603789
18.8,15.9798,11.617718533006352
18.8,16.18081,11.637742764045166
18.8,16.38182,11.657687316765957
18.8,16.58283,11.677292327890164
18.8,16.78384,11.696427848415253
18.8,16.98485,11.715563578989505
18.8,17.18586,11.734039870507019
18.8,17.38687,11.752456362485841
18.8,17.58788,11.770583160986511
18.8,17.78889,11.788350282591491
18.8,17.9899,11.80611754168794
18.8,18.19091,11.823315170411922
18.8,18.39192,11.840482923577884
18.8,18.59293,11.857400880735698
18.8,18.79394,11.874019041900628
18.8,18.99495,11.890637293034489
18.8,19.19596,11.906775788337661
18.8,19.39697,11.922894360526696
18.8,19.59798,11.937673150862583
18.8,19.79899,11.951032145105502
18.8,20.0,11.964401182414104
19.1,0.1,0.05796432968360197
19.1,0.3010101,0.30545625897677264
19.1,0.5020202,0.4533453587930665
19.1,0.7030303,0.48640028818788755
19.1,0.9040404,0.4521852008254694
19.1,1.105051,0.20854328666981084
19.1,1.306061,1.2717118873931874
19.1,1.507071,1.396888656734478
19.1,1.708081,1.398145832247996
19.1,1.909091,1.3747944330774957
19.1,2.110101,1.3460996980776463
19.1,2.311111,1.3247649085732989
19.1,2.512121,1.3185499326613799
19.1,2.713131,1.3370067392231053
19.1,2.914141,1.3848704706254218
19.1,3.115152,1.4605903597232126
19.1,3.316162,1.563856685020578
19.1,3.517172,1.6885343938408792
19.1,3.718182,1.836736223839118
19.1,3.919192,2.0093146112954288
19.1,4.120202,2.2068020923582314
19.1,4.321212,2.435365841708102
19.1,4.522222,2.693477874825773
19.1,4.723232,2.9860445140980025
19.1,4.924242,3.3144575995569596
19.1,5.125253,3.677151362546756
19.1,5.326263,4.087764703381682
19.1,5.527273,4.526304903613701
19.1,5.728283,4.997087595826071
19.1,5.929293,5.494913083481663
19.1,6.130303,6.009392822923663
19.1,6.331313,6.525906358900438
19.1,6.532323,7.041917668061829
19.1,6.733333,7.538115522248876
19.1,6.934343,7.993605926848122
19.1,7.135354,8.408720235232671
19.1,7.336364,8.776012086003483
19.1,7.537374,9.09832964627899
19.1,7.738384,9.371650764453427
19.1,7.939394,9.596206126116664
19.1,8.140404,9.788673854855922
19.1,8.341414,9.95320709014802
19.1,8.542424,10.09442296900547
19.1,8.743434,10.215468831866605
19.1,8.944444,10.317574204025943
19.1,9.145455,10.408121478410303
19.1,9.346465,10.489008071285038
19.1,9.547475,10.561651031778602
19.1,9.748485,10.62740854220737
19.1,9.949495,10.679960214581525
19.1,10.15051,10.731675383646472
19.1,10.35152,10.78653899057052
19.1,10.55253,10.838321623371044
19.1,10.75354,10.881399938791937
19.1,10.95455,10.924410840742414
19.1,11.15556,10.963409562895695
19.1,11.35657,11.001312363039887
19.1,11.55758,11.038148800980036
19.1,11.75859,11.072320508279969
19.1,11.9596,11.106463678225174
19.1,12.16061,11.138331242975738
19.1,12.36162,11.169661128615434
19.1,12.56263,11.200303242850289
19.1,12.76364,11.229378359573909
19.1,12.96465,11.25843440414902
19.1,13.16566,11.285933201537661
19.1,13.36667,11.313133408247289
19.1,13.56768,11.339805082531564
19.1,13.76869,11.365418629757384
19.1,13.9697,11.390992816521013
19.1,14.17071,11.4153588550273
19.1,14.37172,11.439565759422788
19.1,14.57273,11.463333661832083
19.1,14.77374,11.486312784451696
19.1,14.97475,11.509232365865392
19.1,15.17576,11.531183217352329
19.1,15.37677,11.553054589988779
19.1,15.57778,11.574546643798687
19.1,15.77879,11.595439495834484
19.1,15.9798,11.616262679920109
19.1,16.18081,11.636296727025025
19.1,16.38182,11.656291078211488
19.1,16.58283,11.67596589116666
19.1,16.78384,11.695171220895244
19.1,16.98485,11.714306790242313
19.1,17.18586,11.732782937385618
19.1,17.38687,11.751259256298644
19.1,17.58788,11.769455886499527
19.1,17.78889,11.787272848084791
19.1,17.9899,11.805039981931564
19.1,18.19091,11.822237498879456
19.1,18.39192,11.83946510912792
19.1,18.59293,11.856432928563128
19.1,18.79394,11.873110959189104
19.1,18.99495,11.889729114594692
19.1,19.19596,11.905867524448299
19.1,19.39697,11.922035981044685
19.1,19.59798,11.937974571420964
19.1,19.79899,11.953663289940744
19.1,20.0,11.967042276156155
19.4,0.1,0.028177451929372623
19.4,0.3010101,0.22879064568260654
19.4,0.5020202,0.39121138913859627
19.4,0.7030303,0.4609635904545792
19.4,0.9040404,0.5527736352149285
19.4,1.105051,0.7874948532644197
19.4,1.306061,1.219133577617093
19.4,1.507071,1.36386304273038
19.4,1.708081,1.3781463181933125
19.4,1.909091,1.36494535971033
19.4,2.110101,1.3459037381768082
19.4,2.311111,1.3349736498014089
19.4,2.512121,1.340750592119817
19.4,2.713131,1.3726635457323693
19.4,2.914141,1.4328913249733988
19.4,3.115152,1.5194476530243433
19.4,3.316162,1.6309452390811023
19.4,3.517172,1.7621857647650123
19.4,3.718182,1.915349544868346
19.4,3.919192,2.0912523031065113
19.4,4.120202,2.290988272377077
19.4,4.321212,2.5206228685186773
19.4,4.522222,2.7788888632049833
19.4,4.723232,3.070572412139168
19.4,4.924242,3.3971965652912774
19.4,5.125253,3.7570363122329447
19.4,5.326263,4.142542768757498
19.4,5.527273,4.596645717805998
19.4,5.728283,5.0612015138954956
19.4,5.929293,5.554078694293444
19.4,6.130303,6.056064494371583
19.4,6.331313,6.568954063676338
19.4,6.532323,7.072811049153416
19.4,6.733333,7.560675360413558
19.4,6.934343,8.011001479931219
19.4,7.135354,8.416652329412091
19.4,7.336364,8.781857178345536
19.4,7.537374,9.099318789186432
19.4,7.738384,9.370507552483733
19.4,7.939394,9.59416176834861
19.4,8.140404,9.785474218074015
19.4,8.341414,9.949846324942124
19.4,8.542424,10.090893036192996
19.4,8.743434,10.211969003496296
19.4,8.944444,10.314164298806618
19.4,9.145455,10.40493188351581
19.4,9.346465,10.485878104058727
19.4,9.547475,10.558741190303131
19.4,9.748485,10.624628512029586
19.4,9.949495,10.681373079835545
19.4,10.15051,10.732110032000204
19.4,10.35152,10.785056835837722
19.4,10.55253,10.835921124725242
19.4,10.75354,10.879009009013192
19.4,10.95455,10.922119942978
19.4,11.15556,10.96125898582841
19.4,11.35657,10.99917144829836
19.4,11.55758,11.036007478367317
19.4,11.75859,11.070178811789251
19.4,11.9596,11.10437196344275
19.4,12.16061,11.136309674472725
19.4,12.36162,11.1676392469375
19.4,12.56263,11.19828100679131
19.4,12.76364,11.227365794272703
19.4,12.96465,11.256451751126013
19.4,13.16566,11.284020532724858
19.4,13.36667,11.31123044926301
19.4,13.56768,11.337911817142777
19.4,13.76869,11.363525078217357
19.4,13.9697,11.389149108730038
19.4,14.17071,11.413605010439259
19.4,14.37172,11.437821656315718
19.4,14.57273,11.461589300515401
19.4,14.77374,11.484568181106251
19.4,14.97475,11.507577564338883
19.4,15.17576,11.529628218076098
19.4,15.37677,11.55150937134461
19.4,15.57778,11.573001213740673
19.4,15.77879,11.593893867298682
19.4,15.9798,11.61480684428057
19.4,16.18081,11.634940682670404
19.4,16.38182,11.654944855319227
19.4,16.58283,11.674619499344127
19.4,16.78384,11.69382467024696
19.4,16.98485,11.713050046528668
19.4,17.18586,11.731616002383111
19.4,17.38687,11.750102180180965
19.4,17.58788,11.768298677742104
19.4,17.78889,11.786115514324019
19.4,17.9899,11.803962479957542
19.4,18.19091,11.821249833642863
19.4,18.39192,11.838477334472794
19.4,18.59293,11.855445051002807
19.4,18.79394,11.872112984398882
19.4,18.99495,11.888820997574069
19.4,19.19596,11.90501927138464
19.4,19.39697,11.921187644549974
19.4,19.59798,11.937126155738431
19.4,19.79899,11.952824798806283
19.4,20.0,11.967403583883918
19.700000000000003,0.1,0.016807801665924667
19.700000000000003,0.3010101,0.2892113793820493
19.700000000000003,0.5020202,0.47469006003753356
19.700000000000003,0.7030303,0.6003700193316537
19.700000000000003,0.9040404,0.7306460607256692
19.700000000000003,1.105051,0.9567584705702784
19.700000000000003,1.306061,1.2541667071504534
19.700000000000003,1.507071,1.3528420396284024
19.700000000000003,1.708081,1.3683859126049611
19.700000000000003,1.909091,1.3607255254561847
19.700000000000003,2.110101,1.3495151667415668
19.700000000000003,2.311111,1.348401012934692
19.700000000000003,2.512121,1.3669296618943485
19.700000000000003,2.713131,1.4122119876345278
19.700000000000003,2.914141,1.4847757760678453
19.700000000000003,3.115152,1.5802856764439428
19.700000000000003,3.316162,1.6990001070726692
19.700000000000003,3.517172,1.8362572432509583
19.700000000000003,3.718182,1.993817148328094
19.700000000000003,3.919192,2.1728615111264507
19.700000000000003,4.120202,2.374476246593929
19.700000000000003,4.321212,2.6050880805454377
19.700000000000003,4.522222,2.8635100570799286
19.700000000000003,4.723232,3.154418286061215
19.700000000000003,4.924242,3.479844667254189
19.700000000000003,5.125253,3.8359049039027893
19.700000000000003,5.326263,4.215835870804924
19.700000000000003,5.527273,4.667511860338074
19.700000000000003,5.728283,5.12549934724766
19.700000000000003,5.929293,5.6080081581049495
19.700000000000003,6.130303,6.107890392302923
19.700000000000003,6.331313,6.606619037826979
19.700000000000003,6.532323,7.105526724613715
19.700000000000003,6.733333,7.584150200897253
19.700000000000003,6.934343,8.024362798432241
19.700000000000003,7.135354,8.42839958783405
19.700000000000003,7.336364,8.78568660269414
19.700000000000003,7.537374,9.101172762432288
19.700000000000003,7.738384,9.369751265300929
19.700000000000003,7.939394,9.591661929777178
19.700000000000003,8.140404,9.782784548221361
19.700000000000003,8.341414,9.946508531980136
19.700000000000003,8.542424,10.087460328973332
19.700000000000003,8.743434,10.208556933451979
19.700000000000003,8.944444,10.310902747929031
19.700000000000003,9.145455,10.401720087078644
19.700000000000003,9.346465,10.482926820313278
19.700000000000003,9.547475,10.55584966867559
19.700000000000003,9.748485,10.621907114824625
19.700000000000003,9.949495,10.67880178999304
19.700000000000003,10.15051,10.733701744184646
19.700000000000003,10.35152,10.78468236370736
19.700000000000003,10.55253,10.833589465433555
19.700000000000003,10.75354,10.87675736528122
19.700000000000003,10.95455,10.91993826813656
19.700000000000003,11.15556,10.959097068354982
19.700000000000003,11.35657,10.997079600407183
19.700000000000003,11.55758,11.033935353912458
19.700000000000003,11.75859,11.068136642192146
19.700000000000003,11.9596,11.102359696184392
19.700000000000003,12.16061,11.134307175294975
19.700000000000003,12.36162,11.165676722159956
19.700000000000003,12.56263,11.196318213396724
19.700000000000003,12.76364,11.225432894412483
19.700000000000003,12.96465,11.254548699598788
19.700000000000003,13.16566,11.282127253246243
19.700000000000003,13.36667,11.309377061485524
19.700000000000003,13.56768,11.336058174258602
19.700000000000003,13.76869,11.36171127753852
19.700000000000003,13.9697,11.38736512031734
19.700000000000003,14.17071,11.411850802117968
19.700000000000003,14.37172,11.43611728331348
19.700000000000003,14.57273,11.459894696707197
19.700000000000003,14.77374,11.48292339217403
19.700000000000003,14.97475,11.505962577207075
19.700000000000003,15.17576,11.528043029038502
19.700000000000003,15.37677,11.549983995771763
19.700000000000003,15.57778,11.571485640620583
19.700000000000003,15.77879,11.592428107331001
19.700000000000003,15.9798,11.613390897909218
19.700000000000003,16.18081,11.633544559921269
19.700000000000003,16.38182,11.653608551634154
19.700000000000003,16.58283,11.67329303391837
19.700000000000003,16.78384,11.692548033654854
19.700000000000003,16.98485,11.711813247863619
19.700000000000003,17.18586,11.730409055420848
19.700000000000003,17.38687,11.748955072534162
19.700000000000003,17.58788,11.767151441768345
19.700000000000003,17.78889,11.785028130310318
19.700000000000003,17.9899,11.80290496161581
19.700000000000003,18.19091,11.8202121935535
19.700000000000003,18.39192,11.837489558376193
19.700000000000003,18.59293,11.854457175147001
19.700000000000003,18.79394,11.871184983956827
19.700000000000003,18.99495,11.887902888647515
19.700000000000003,19.19596,11.904131062479896
19.700000000000003,19.39697,11.920349320706652
19.700000000000003,19.59798,11.936287755546163
19.700000000000003,19.79899,11.949746499823572
19.700000000000003,20.0,11.963185294648675
20.0,0.1,0.07161283933131239
20.0,0.3010101,0.39736170363544576
20.0,0.5020202,0.5794443379251324
20.0,0.7030303,0.7175061452304047
20.0,0.9040404,0.8414091919461493
20.0,1.105051,1.0426507151586497
20.0,1.306061,1.2742690477525616
20.0,1.507071,1.3513147763823041
20.0,1.708081,1.365717661652642
20.0,1.909091,1.3618910284082602
20.0,2.110101,1.3576836989674768
20.0,2.311111,1.3669752078023691
20.0,2.512121,1.3975675353299954
20.0,2.713131,1.455703981298532
20.0,2.914141,1.5388690190706795
20.0,3.115152,1.6430683936693815
20.0,3.316162,1.7681782627815503
20.0,3.517172,1.9104906921198148
20.0,3.718182,2.0719748225487185
20.0,3.919192,2.2537218820203537
20.0,4.120202,2.4571996318116023
20.0,4.321212,2.6886624347487964
20.0,4.522222,2.9470940407721598
20.0,4.723232,3.2369847489818357
20.0,4.924242,3.5607681207005037
20.0,5.125253,3.9119538341258266
20.0,5.326263,4.316232499030417
20.0,5.527273,4.736539678201991
20.0,5.728283,5.187924545003446
20.0,5.929293,5.665531024287413
20.0,6.130303,6.153165461362553
20.0,6.331313,6.64841371989608
20.0,6.532323,7.135601820875719
20.0,6.733333,7.606251240881835
20.0,6.934343,8.041543288343819
20.0,7.135354,8.436449685339838
20.0,7.336364,8.791741803969483
20.0,7.537374,9.102480392073936
20.0,7.738384,9.36894355308365
20.0,7.939394,9.589936858590008
20.0,8.140404,9.779862036984861
20.0,8.341414,9.94340540388017
20.0,8.542424,10.084155642415865
20.0,8.743434,10.205252812095226
20.0,8.944444,10.307668928430923
20.0,9.145455,10.39868698014223
20.0,9.346465,10.47994360616734
20.0,9.547475,10.553076899985184
20.0,9.748485,10.61925440309788
20.0,9.949495,10.672115968325615
20.0,10.15051,10.73128903145406
20.0,10.35152,10.782299473519206
20.0,10.55253,10.831387008775176
20.0,10.75354,10.874645115195232
20.0,10.95455,10.917835658933384
20.0,11.15556,10.95698413688609
20.0,11.35657,10.994986491455286
20.0,11.55758,11.031942698342455
20.0,11.75859,11.066194039380887
20.0,11.9596,11.100416771491338
20.0,12.16061,11.132353956444364
20.0,12.36162,11.163743316091614
20.0,12.56263,11.194445046226976
20.0,12.76364,11.223579671885643
20.0,12.96465,11.252695188461391
20.0,13.16566,11.280273476402279
20.0,13.36667,11.307543090595356
20.0,13.56768,11.334294258912422
20.0,13.76869,11.359977231687102
20.0,13.9697,11.385630821413429
20.0,14.17071,11.410116269954615
20.0,14.37172,11.434402558120778
20.0,14.57273,11.458269893293242
20.0,14.77374,11.481348422169312
20.0,14.97475,11.504387392196763
20.0,15.17576,11.526467646468419
20.0,15.37677,11.548428431958957
20.0,15.57778,11.57003992490484
20.0,15.77879,11.59103222207252
20.0,15.9798,11.61198483557674
20.0,16.18081,11.632138335414984
20.0,16.38182,11.652232165987533
20.0,16.58283,11.672026472040526
20.0,16.78384,11.691331318576369
20.0,16.98485,11.710596390249028
20.0,17.18586,11.729192067633209
20.0,17.38687,11.747757947474113
20.0,17.58788,11.766064145370777
20.0,17.78889,11.783970704682009
20.0,17.9899,11.80184742311226
20.0,18.19091,11.819154552163418
20.0,18.39192,11.836451803258754
20.0,18.59293,11.853519266464343
20.0,18.79394,11.870276970568776
20.0,18.99495,11.886994786771082
20.0,19.19596,11.903222880072102
20.0,19.39697,11.919461046826058
20.0,19.59798,11.935489351038411
20.0,19.79899,11.950117916149704
20.0,20.0,11.963556655479424
20.3,0.1,0.10566240316786024
20.3,0.3010101,0.5085699461143616
20.3,0.5020202,0.6793396379503669
20.3,0.7030303,0.8096540191936829
20.3,0.9040404,0.9214984674158361
20.3,1.105051,1.0995471572979596
20.3,1.306061,1.2873569600559018
20.3,1.507071,1.3518461097387924
20.3,1.708081,1.3665118784281083
20.3,1.909091,1.3668969047139101
20.3,2.110101,1.3705279166653797
20.3,2.311111,1.3907210067496536
20.3,2.512121,1.4332155902393462
20.3,2.713131,1.5021183312460038
20.3,2.914141,1.5950435409044923
20.3,3.115152,1.7072241272185018
20.3,3.316162,1.8382593007371344
20.3,3.517172,1.9848976985936555
20.3,3.718182,2.1495757800299664
20.3,3.919192,2.333893425304864
20.3,4.120202,2.539177990731342
20.3,4.321212,2.771490031864424
20.3,4.522222,3.029978465915323
20.3,4.723232,3.319450630090269
20.3,4.924242,3.6425593684481865
20.3,5.125253,4.005365198650093
20.3,5.326263,4.392125821274466
20.3,5.527273,4.805291492076421
20.3,5.728283,5.250716453996524
20.3,5.929293,5.720120471359383
20.3,6.130303,6.2011914558497505
20.3,6.331313,6.686119546273599
20.3,6.532323,7.166388260707466
20.3,6.733333,7.629258449776141
20.3,6.934343,8.056728021516049
20.3,7.135354,8.446791977677945
20.3,7.336364,8.796385801618507
20.3,7.537374,9.104299740369726
20.3,7.738384,9.36852116847747
20.3,7.939394,9.588058233751202
20.3,8.140404,9.777320087538978
20.3,8.341414,9.940344358905941
20.3,8.542424,10.08094854705094
20.3,8.743434,10.202036622059731
20.3,8.944444,10.304553468275719
20.3,9.145455,10.395661915170999
20.3,9.346465,10.477099111728169
20.3,9.547475,10.550352616307006
20.3,9.748485,10.616660381916425
20.3,9.949495,10.675811864636987
20.3,10.15051,10.728945897641596
20.3,10.35152,10.780076518589635
20.3,10.55253,10.829153719123518
20.3,10.75354,10.872441680204439
20.3,10.95455,10.91573247302409
20.3,11.15556,10.95496115757965
20.3,11.35657,10.99300354781404
20.3,11.55758,11.029959448394768
20.3,11.75859,11.064230628011536
20.3,11.9596,11.09849346286938
20.3,12.16061,11.13047071821739
20.3,12.36162,11.161870022947719
20.3,12.56263,11.19258147338591
20.3,12.76364,11.221725923434589
20.3,12.96465,11.25087143231567
20.3,13.16566,11.278479683360754
20.3,13.36667,11.305769177006733
20.3,13.56768,11.332520094905542
20.3,13.76869,11.358222884170235
20.3,13.9697,11.383916381428165
20.3,14.17071,11.40844171698604
20.3,14.37172,11.43275784682668
20.3,14.57273,11.456634964321939
20.3,14.77374,11.479723312650796
20.3,14.97475,11.502822140181094
20.3,15.17576,11.52495224267747
20.3,15.37677,11.546952860249087
20.3,15.57778,11.568564170392811
20.3,15.77879,11.58957630068952
20.3,15.9798,11.610588755124372
20.3,16.18081,11.630812095735962
20.3,16.38182,11.650935769090822
20.3,16.58283,11.670729925774808
20.3,16.78384,11.69005462587931
20.3,16.98485,11.709379544707906
20.3,17.18586,11.72802507446461
20.3,17.38687,11.746620817645114
20.3,17.58788,11.76492689582718
20.3,17.78889,11.78286333127651
20.3,17.9899,11.800799914275595
20.3,18.19091,11.818156915277946
20.3,18.39192,11.835474052888936
20.3,18.59293,11.85255142128011
20.3,18.79394,11.869319023194297
20.3,18.99495,11.886086725021954
20.3,19.19596,11.902354713630004
20.3,19.39697,11.91861278964601
20.3,19.59798,11.934641019166273
20.3,19.79899,11.950429396160368
20.3,20.0,11.966207841929187
20.6,0.1,0.1368244481576608
20.6,0.3010101,0.6164649448377324
20.6,0.5020202,0.768917514795066
20.6,0.7030303,0.8868632626949907
20.6,0.9040404,0.985801742473531
20.6,1.105051,1.140869943386188
20.6,1.306061,1.2958213333654587
20.6,1.507071,1.3534188083979044
20.6,1.708081,1.3695284052516432
20.6,1.909091,1.3750218996643642
20.6,2.110101,1.38729130361091
20.6,2.311111,1.4189242650582552
20.6,2.512121,1.4728769951381957
20.6,2.713131,1.5517442789330738
20.6,2.914141,1.6532921817999193
20.6,3.115152,1.7724104135344234
20.6,3.316162,1.9086173882290383
20.6,3.517172,2.0591147721892207
20.6,3.718182,2.2267035231032493
20.6,3.919192,2.413376527234032
20.6,4.120202,2.6203765655996873
20.6,4.321212,2.8536287929522053
20.6,4.522222,3.112530105690494
20.6,4.723232,3.4029787986998037
20.6,4.924242,3.7206351322868807
20.6,5.125253,4.080708728482068
20.6,5.326263,4.462778320461977
20.6,5.527273,4.872439389517835
20.6,5.728283,5.312261055909647
20.6,5.929293,5.773714359670048
20.6,6.130303,6.2483477278270385
20.6,6.331313,6.723249885336584
20.6,6.532323,7.196728013692152
20.6,6.733333,7.6520028908584665
20.6,6.934343,8.071862893293126
20.6,7.135354,8.457164961001702
20.6,7.336364,8.801184232621612
20.6,7.537374,9.106300951550399
20.6,7.738384,9.368289089416265
20.6,7.939394,9.586357333580276
20.6,8.140404,9.774944152911399
20.6,8.341414,9.93742068254118
20.6,8.542424,10.0778690416801
20.6,8.743434,10.1989282521639
20.6,8.944444,10.3015260339196
20.6,9.145455,10.392735027522274
20.6,9.346465,10.474332987068221
20.6,9.547475,10.547696832156628
20.6,9.748485,10.614144991760986
20.6,9.949495,10.667237059728773
20.6,10.15051,10.724533693789112
20.6,10.35152,10.777831359957124
20.6,10.55253,10.827018859802475
20.6,10.75354,10.870336760011174
20.6,10.95455,10.913727919854063
20.6,11.15556,10.95302691502994
20.6,11.35657,10.99111942546231
20.6,11.55758,11.028075071648331
20.6,11.75859,11.06235614533384
20.6,11.9596,11.096659162748402
20.6,12.16061,11.12866655912618
20.6,12.36162,11.160095866673263
20.6,12.56263,11.190797075626993
20.6,12.76364,11.219951392516027
20.6,12.96465,11.2491269515493
20.6,13.16566,11.276765218978358
20.6,13.36667,11.304074636021754
20.6,13.56768,11.330825331716754
20.6,13.76869,11.356527970915897
20.6,13.9697,11.382271420853796
20.6,14.17071,11.406836685072902
20.6,14.37172,11.431172690475469
20.6,14.57273,11.455049611560256
20.6,14.77374,11.478157805022999
20.6,14.97475,11.50129652531332
20.6,15.17576,11.523486507823355
20.6,15.37677,11.545516982790312
20.6,15.57778,11.567128125855186
20.6,15.77879,11.588170108683439
20.6,15.9798,11.609232430344404
20.6,16.18081,11.629505635226929
20.6,16.38182,11.649659169611601
20.6,16.58283,11.669463188380702
20.6,16.78384,11.688807756582156
20.6,16.98485,11.708182541386293
20.6,17.18586,11.72688794023822
20.6,17.38687,11.74551355972375
20.6,17.58788,11.763819526640207
20.6,17.78889,11.781775848934716
20.6,17.9899,11.799752310203631
20.6,18.19091,11.817159195982539
20.6,18.39192,11.834516229588425
20.6,18.59293,11.851583509330249
20.6,18.79394,11.868381017831933
20.6,18.99495,11.885188617142516
20.6,19.19596,11.901506511882634
20.6,19.39697,11.917784504532122
20.6,19.59798,11.933812663422874
20.6,19.79899,11.948471087497692
20.6,20.0,11.961979685092171
20.9,0.1,0.12066645949820397
20.9,0.3010101,0.7089940541275368
20.9,0.5020202,0.8466955105760062
20.9,0.7030303,0.9507415574014147
20.9,0.9040404,1.0373139620480967
20.9,1.105051,1.1718695308386498
20.9,1.306061,1.3020993495360778
20.9,1.507071,1.3559313264152593
20.9,1.708081,1.3746731048266605
20.9,1.909091,1.3868253613594024
20.9,2.110101,1.407953754514115
20.9,2.311111,1.4506196064602417
20.9,2.512121,1.5155411908621965
20.9,2.713131,1.6045358633497422
20.9,2.914141,1.713466842899738
20.9,3.115152,1.8383880758272022
20.9,3.316162,1.9789173995403924
20.9,3.517172,2.133006022496104
20.9,3.718182,2.303535626136102
20.9,3.919192,2.4923102051321906
20.9,4.120202,2.7008363098889197
20.9,4.321212,2.9347995170478334
20.9,4.522222,3.1936152172966206
20.9,4.723232,3.4658554885647375
20.9,4.924242,3.7995810436913504
20.9,5.125253,4.155803410336217
20.9,5.326263,4.534800577462191
20.9,5.527273,4.938089773544179
20.9,5.728283,5.371803812348506
20.9,5.929293,5.828559339566083
20.9,6.130303,6.291587901630422
20.9,6.331313,6.763179035842402
20.9,6.532323,7.225679319187219
20.9,6.733333,7.673492622984273
20.9,6.934343,8.08873078713379
20.9,7.135354,8.465478973753932
20.9,7.336364,8.807585496588173
20.9,7.537374,9.10811332789925
20.9,7.738384,9.368005295590255
20.9,7.939394,9.58513111441878
20.9,8.140404,9.772444630497356
20.9,8.341414,9.934724150595976
20.9,8.542424,10.074887791507606
20.9,8.743434,10.195918150161441
20.9,8.944444,10.298576717948425
20.9,9.145455,10.389927003512284
20.9,9.346465,10.47157516976301
20.9,9.547475,10.545129903287767
20.9,9.748485,10.611688428113343
20.9,9.949495,10.669003882332122
20.9,10.15051,10.720221536331266
20.9,10.35152,10.772590639991547
20.9,10.55253,10.824973885748905
20.9,10.75354,10.868382186298088
20.9,10.95455,10.911783100536306
20.9,11.15556,10.951081875373411
20.9,11.35657,10.989184318865222
20.9,11.55758,11.02624063397942
20.9,11.75859,11.060551888386266
20.9,11.9596,11.094854664231377
20.9,12.16061,11.126871839957273
20.9,12.36162,11.158301041561
20.9,12.56263,11.189052643070667
20.9,12.76364,11.218236995353669
20.9,12.96465,11.24740232692237
20.9,13.16566,11.275050384217863
20.9,13.36667,11.302359669480385
20.9,13.56768,11.329170542220451
20.9,13.76869,11.354913119361324
20.9,13.9697,11.38064636217118
20.9,14.17071,11.405211434950418
20.9,14.37172,11.42956729455388
20.9,14.57273,11.4535242346534
20.9,14.77374,11.476662312477993
20.9,14.97475,11.499800851343675
20.9,15.17576,11.521990666623417
20.9,15.37677,11.54404099532462
20.9,15.57778,11.565752061081625
20.9,15.77879,11.586823910107558
20.9,15.9798,11.60789607837718
20.9,16.18081,11.628159142357372
20.9,16.38182,11.64834254061226
20.9,16.58283,11.668236437317448
20.9,16.78384,11.68762087625717
20.9,16.98485,11.70700553488507
20.9,17.18586,11.725700818141945
20.9,17.38687,11.744356317614772
20.9,17.58788,11.762762151211215
20.9,17.78889,11.780748360054254
20.9,17.9899,11.79872471943008
20.9,18.19091,11.81613151194664
20.9,18.39192,11.833508443997081
20.9,18.59293,11.85066559787811
20.9,18.79394,11.867483012930052
20.9,18.99495,11.884300530793574
20.9,19.19596,11.900608351277922
20.9,19.39697,11.916916261429565
20.9,19.59798,11.933014308636919
20.9,19.79899,11.946552792262281
20.9,20.0,11.960061330030165
21.200000000000003,0.1,0.2712353442693929
21.200000000000003,0.3010101,0.6987317172847458
21.200000000000003,0.5020202,0.8802164025995839
21.200000000000003,0.7030303,0.9887785486482743
21.200000000000003,0.9040404,1.074422440095723
21.200000000000003,1.105051,1.1958772902136567
21.200000000000003,1.306061,1.3100273792980106
21.200000000000003,1.507071,1.3598614441298509
21.200000000000003,1.708081,1.382366464441647
21.200000000000003,1.909091,1.4023488010091036
21.200000000000003,2.110101,1.432689646642543
21.200000000000003,2.311111,1.485637735766769
21.200000000000003,2.512121,1.5614911600785373
21.200000000000003,2.713131,1.659519934566026
21.200000000000003,2.914141,1.7752400656906515
21.200000000000003,3.115152,1.9048317360682083
21.200000000000003,3.316162,2.0491537953153607
21.200000000000003,3.517172,2.2066170206223026
21.200000000000003,3.718182,2.379863516609369
21.200000000000003,3.919192,2.570808126913953
21.200000000000003,4.120202,2.780811864513052
21.200000000000003,4.321212,3.0159936616592273
21.200000000000003,4.522222,3.274866457808107
21.200000000000003,4.723232,3.5453099372278003
21.200000000000003,4.924242,3.884825980282155
21.200000000000003,5.125253,4.23254416011192
21.200000000000003,5.326263,4.603478593904559
21.200000000000003,5.527273,5.004120694427491
21.200000000000003,5.728283,5.431493770958284
21.200000000000003,5.929293,5.878486867136898
21.200000000000003,6.130303,6.339588642976588
21.200000000000003,6.331313,6.798275214146835
21.200000000000003,6.532323,7.25630285293225
21.200000000000003,6.733333,7.695842944350697
21.200000000000003,6.934343,8.102019043336776
21.200000000000003,7.135354,8.47729711020192
21.200000000000003,7.336364,8.81210830245039
21.200000000000003,7.537374,9.11077856521189
21.200000000000003,7.738384,9.368102413439734
21.200000000000003,7.939394,9.583415650284627
21.200000000000003,8.140404,9.770511460585563
21.200000000000003,8.341414,9.93199852905835
21.200000000000003,8.542424,10.072034191937385
21.200000000000003,8.743434,10.193006279880338
21.200000000000003,8.944444,10.295726348410453
21.200000000000003,9.145455,10.38712698127775
21.200000000000003,9.346465,10.46897652506102
21.200000000000003,9.547475,10.542581512194868
21.200000000000003,9.748485,10.609290758185757
21.200000000000003,9.949495,10.666746835976875
21.200000000000003,10.15051,10.718074993371811
21.200000000000003,10.35152,10.770554537495002
21.200000000000003,10.55253,10.822937587834627
21.200000000000003,10.75354,10.866426239734666
21.200000000000003,10.95455,10.909887441456696
21.200000000000003,11.15556,10.949206189318861
21.200000000000003,11.35657,10.98737899550696
21.200000000000003,11.55758,11.02444522634715
21.200000000000003,11.75859,11.058786660720177
21.200000000000003,11.9596,11.093119550087145
21.200000000000003,12.16061,11.125136648812932
21.200000000000003,12.36162,11.156596031267389
21.200000000000003,12.56263,11.187357501548865
21.200000000000003,12.76364,11.216551916686253
21.200000000000003,12.96465,11.245747251131995
21.200000000000003,13.16566,11.273395199257607
21.200000000000003,13.36667,11.300734534549184
21.200000000000003,13.56768,11.327545254882105
21.200000000000003,13.76869,11.353307807603011
21.200000000000003,13.9697,11.379060980964496
21.200000000000003,14.17071,11.403645925824453
21.200000000000003,14.37172,11.428041744406672
21.200000000000003,14.57273,11.451998529443252
21.200000000000003,14.77374,11.475176525447297
21.200000000000003,14.97475,11.498344954936359
21.200000000000003,15.17576,11.520544637925772
21.200000000000003,15.37677,11.542644873186152
21.200000000000003,15.57778,11.564355795080683
21.200000000000003,15.77879,11.585477533926957
21.200000000000003,15.9798,11.6065795799329
21.200000000000003,16.18081,11.626862518273892
21.200000000000003,16.38182,11.647095802323502
21.200000000000003,16.58283,11.666999573825041
21.200000000000003,16.78384,11.686433896077363
21.200000000000003,16.98485,11.705838437210387
21.200000000000003,17.18586,11.724563607986774
21.200000000000003,17.38687,11.743258992889714
21.200000000000003,17.58788,11.761664722188884
21.200000000000003,17.78889,11.779700820573078
21.200000000000003,17.9899,11.797707075710091
21.200000000000003,18.19091,11.815133771354432
21.200000000000003,18.39192,11.832550598438452
21.200000000000003,18.59293,11.849717667741125
21.200000000000003,18.79394,11.866574983282527
21.200000000000003,18.99495,11.883412412394728
21.200000000000003,19.19596,11.89975015100525
21.200000000000003,19.39697,11.916087968877996
21.200000000000003,19.59798,11.932195948692387
21.200000000000003,19.79899,11.948054084834178
21.200000000000003,20.0,11.962742435361163
21.5,0.1,0.3908160167311969
21.5,0.3010101,0.7245600572693193
21.5,0.5020202,0.9149687686069544
21.5,0.7030303,1.0257044215268663
21.5,0.9040404,1.1070339307348702
21.5,1.105051,1.2197460151171253
21.5,1.306061,1.3177720067484215
21.5,1.507071,1.366297259879705
21.5,1.708081,1.3933559306378938
21.5,1.909091,1.421274073731339
21.5,2.110101,1.4613805578978825
21.5,2.311111,1.524970183448454
21.5,2.512121,1.6103512035050223
21.5,2.713131,1.7163305053224676
21.5,2.914141,1.8376490173512252
21.5,3.115152,1.9717603144335654
21.5,3.316162,2.1195065286987123
21.5,3.517172,2.2798866525746733
21.5,3.718182,2.45568440241784
21.5,3.919192,2.649093644788336
21.5,4.120202,2.859634035264424
21.5,4.321212,3.0943514500505107
21.5,4.522222,3.3574872150904285
21.5,4.723232,3.645657929207939
21.5,4.924242,3.9633171469704225
21.5,5.125253,4.303869662664555
21.5,5.326263,4.673427759650449
21.5,5.527273,5.067727282546406
21.5,5.728283,5.48917375293291
21.5,5.929293,5.931668726927646
21.5,6.130303,6.381565952092535
21.5,6.331313,6.83710861370488
21.5,6.532323,7.284588109109784
21.5,6.733333,7.716993706529835
21.5,6.934343,8.118757771418972
21.5,7.135354,8.485762849798848
21.5,7.336364,8.81873687102581
21.5,7.537374,9.112905948482545
21.5,7.738384,9.368146213576543
21.5,7.939394,9.582499517361416
21.5,8.140404,9.768282558399605
21.5,8.341414,9.929553965991532
21.5,8.542424,10.069269328438386
21.5,8.743434,10.190182887132167
21.5,8.944444,10.292944013466656
21.5,9.145455,10.3844762215469
21.5,9.346465,10.466366161924018
21.5,9.547475,10.540152266894696
21.5,9.748485,10.606952056292474
21.5,9.949495,10.660335291237239
21.5,10.15051,10.713809942738388
21.5,10.35152,10.771501861238317
21.5,10.55253,10.820960402242912
21.5,10.75354,10.86444892977595
21.5,10.95455,10.908010706415356
21.5,11.15556,10.947450348928252
21.5,11.35657,10.985633107837048
21.5,11.55758,11.02270916504208
21.5,11.75859,11.057050441428975
21.5,11.9596,11.09142367589126
21.5,12.16061,11.123491308440798
21.5,12.36162,11.15496058301668
21.5,12.56263,11.18571187256862
21.5,12.76364,11.214906119599052
21.5,12.96465,11.244121639453985
21.5,13.16566,11.271809865962478
21.5,13.36667,11.299159064316981
21.5,13.56768,11.325969608802026
21.5,13.76869,11.351731996715102
21.5,13.9697,11.377515231941807
21.5,14.17071,11.40215027141115
21.5,14.37172,11.426555944935835
21.5,14.57273,11.450512568453684
21.5,14.77374,11.473690412401096
21.5,14.97475,11.496908815594928
21.5,15.17576,11.519178476113217
21.5,15.37677,11.541278573585092
21.5,15.57778,11.562999353706463
21.5,15.77879,11.584110959015735
21.5,15.9798,11.605272926823355
21.5,16.18081,11.625645781766421
21.5,16.38182,11.645878943905016
21.5,16.58283,11.665782595577078
21.5,16.78384,11.68520680466071
21.5,16.98485,11.7046812445726
21.5,17.18586,11.723476309501827
21.5,17.38687,11.742181591541126
21.5,17.58788,11.760587222089969
21.5,17.78889,11.778623226905214
21.5,17.9899,11.796689376340451
21.5,18.19091,11.814185964146331
21.5,18.39192,11.831612707115815
21.5,18.59293,11.848769696458744
21.5,18.79394,11.865626935990921
21.5,18.99495,11.88253426324618
21.5,19.19596,11.89892189802775
21.5,19.39697,11.915269648795071
21.5,19.59798,11.931367564664802
21.5,19.79899,11.947235639566081
21.5,20.0,11.960814031242451
21.8,0.1,0.49625636398203554
21.8,0.3010101,0.786142087179999
21.8,0.5020202,0.964397786868935
21.8,0.7030303,1.0683338665275965
21.8,0.9040404,1.1421267493855392
21.8,1.105051,1.2433386138893572
21.8,1.306061,1.3284680672281342
21.8,1.507071,1.3762832697012823
21.8,1.708081,1.4077846055688794
21.8,1.909091,1.4435790886304756
21.8,2.110101,1.4942099777222306
21.8,2.311111,1.5681910529326049
21.8,2.512121,1.6619551510448747
21.8,2.713131,1.7742158137113897
21.8,2.914141,1.9006678270993056
21.8,3.115152,2.038956241710927
21.8,3.316162,2.1899735073140416
21.8,3.517172,2.3529339227072694
21.8,3.718182,2.5308381575169556
21.8,3.919192,2.7260256803974507
21.8,4.120202,2.9356035122801707
21.8,4.321212,3.184980348375559
21.8,4.522222,3.4434907930562595
21.8,4.723232,3.7252820112987273
21.8,4.924242,4.036849284888593
21.8,5.125253,4.375399469607795
21.8,5.326263,4.740517219180408
21.8,5.527273,5.130938422757246
21.8,5.728283,5.546957786125155
21.8,5.929293,5.9820259556369395
21.8,6.130303,6.4260037547352304
21.8,6.331313,6.872248464103088
21.8,6.532323,7.3135252463675515
21.8,6.733333,7.738972857391732
21.8,6.934343,8.133721352137654
21.8,7.135354,8.496333083765967
21.8,7.336364,8.824039049321698
21.8,7.537374,9.115532149651457
21.8,7.738384,9.368564296064166
21.8,7.939394,9.581408853586279
21.8,8.140404,9.76646576822529
21.8,8.341414,9.927114325348873
21.8,8.542424,10.066612573878306
21.8,8.743434,10.187457925685214
21.8,8.944444,10.290260565348651
21.8,9.145455,10.381853804509566
21.8,9.346465,10.463874979882087
21.8,9.547475,10.537751800381413
21.8,9.748485,10.604682336663801
21.8,9.949495,10.664386121920906
21.8,10.15051,10.71798207381667
21.8,10.35152,10.76955434971201
21.8,10.55253,10.819042965200993
21.8,10.75354,10.862622091759437
21.8,10.95455,10.906213883157982
21.8,11.15556,10.945653393985268
21.8,11.35657,10.983876472232243
21.8,11.55758,11.021002927015388
21.8,11.75859,11.055384539578021
21.8,11.9596,11.089767703277172
21.8,12.16061,11.121835179998492
21.8,12.36162,11.153324618755962
21.8,12.56263,11.184106115289069
21.8,12.76364,11.213320527928941
21.8,12.96465,11.242535932808323
21.8,13.16566,11.27022399888558
21.8,13.36667,11.297583251684339
21.8,13.56768,11.32442386932334
21.8,13.76869,11.350216300330802
21.8,13.9697,11.375999400857124
21.8,14.17071,11.400634286585023
21.8,14.37172,11.42505993580265
21.8,14.57273,11.449056540419095
21.8,14.77374,11.472274346410481
21.8,14.97475,11.49549261340032
21.8,15.17576,11.517772134585256
21.8,15.37677,11.539902159191065
21.8,15.57778,11.561662866896397
21.8,15.77879,11.582824390259054
21.8,15.9798,11.603986232340501
21.8,16.18081,11.624358966657224
21.8,16.38182,11.644642033421635
21.8,16.58283,11.664585589502021
21.8,16.78384,11.684069700041194
21.8,16.98485,11.703544030839415
21.8,17.18586,11.72233899449034
21.8,17.38687,11.741084176695132
21.8,17.58788,11.75953970768113
21.8,17.78889,11.777615613769525
21.8,17.9899,11.795691672154708
21.8,18.19091,11.813188176708845
21.8,18.39192,11.830644824604896
21.8,18.59293,11.847851719911338
21.8,18.79394,11.864748867436365
21.8,18.99495,11.881656120694801
21.8,19.19596,11.898043688071981
21.8,19.39697,11.914421349499808
21.8,19.59798,11.92943932356365
21.8,19.79899,11.943007597247167
21.8,20.0,11.956575925846415
22.1,0.1,0.5737465602717988
22.1,0.3010101,0.8540327939379808
22.1,0.5020202,1.0161665944147884
22.1,0.7030303,1.1116777317641586
22.1,0.9040404,1.1785834407247582
22.1,1.105051,1.2676190160549479
22.1,1.306061,1.3427269199844711
22.1,1.507071,1.390160226085062
22.1,1.708081,1.4263584470478732
22.1,1.909091,1.470254817096288
22.1,2.110101,1.5311038504681869
22.1,2.311111,1.6145524310915431
22.1,2.512121,1.7156825772683013
22.1,2.713131,1.8334562316539564
22.1,2.914141,1.9643986332494991
22.1,3.115152,2.106399030844435
22.1,3.316162,2.2605035731457996
22.1,3.517172,2.42620460561323
22.1,3.718182,2.6075321063502725
22.1,3.919192,2.803872438876347
22.1,4.120202,3.027168612614219
22.1,4.321212,3.2642305843692476
22.1,4.522222,3.5183519093697346
22.1,4.723232,3.799351718595673
22.1,4.924242,4.109245401755449
22.1,5.125253,4.4457102870085325
22.1,5.326263,4.806311624824612
22.1,5.527273,5.192932222228476
22.1,5.728283,5.603647672932154
22.1,5.929293,6.0314843971446574
22.1,6.130303,6.469650569389429
22.1,6.331313,6.9068854802337345
22.1,6.532323,7.342072965423986
22.1,6.733333,7.760733020815928
22.1,6.934343,8.148653352887948
22.1,7.135354,8.506941002506604
22.1,7.336364,8.829490234338992
22.1,7.537374,9.118327581487573
22.1,7.738384,9.369160839459886
22.1,7.939394,9.580487894401255
22.1,8.140404,9.76480886472566
22.1,8.341414,9.924807799527166
22.1,8.542424,10.064084084686518
22.1,8.743434,10.184841381550246
22.1,8.944444,10.28766567640496
22.1,9.145455,10.379320048559961
22.1,9.346465,10.461462586704748
22.1,9.547475,10.53543021180146
22.1,9.748485,10.602471589027694
22.1,9.949495,10.656046066468143
22.1,10.15051,10.708703853101607
22.1,10.35152,10.764539806554867
22.1,10.55253,10.817204317731383
22.1,10.75354,10.860884119856376
22.1,10.95455,10.904495983656867
22.1,11.15556,10.94393540426045
22.1,11.35657,10.982208861190434
22.1,11.55758,11.019385772456848
22.1,11.75859,11.053807774728636
22.1,11.9596,11.088190906589032
22.1,12.16061,11.120258259296405
22.1,12.36162,11.151767905659275
22.1,12.56263,11.18256965416331
22.1,12.76364,11.21180427417441
22.1,12.96465,11.241029592807807
22.1,13.16566,11.268717522621781
22.1,13.36667,11.296086865275306
22.1,13.56768,11.32294759297472
22.1,13.76869,11.348760102008924
22.1,13.9697,11.374553090152832
22.1,14.17071,11.39918784087633
22.1,14.37172,11.423633495422923
22.1,14.57273,11.447660111720925
22.1,14.77374,11.470907908649437
22.1,14.97475,11.49413605643656
22.1,15.17576,11.516405452929652
22.1,15.37677,11.538575428844046
22.1,15.57778,11.560376088495184
22.1,15.77879,11.581577552726854
22.1,15.9798,11.602749281938724
22.1,16.18081,11.623111906641475
22.1,16.38182,11.643434897167932
22.1,16.58283,11.66342837623593
22.1,16.78384,11.682942405721876
22.1,16.98485,11.702426636958107
22.1,17.18586,11.721221507545172
22.1,17.38687,11.740016604317685
22.1,17.58788,11.758512049928989
22.1,17.78889,11.776627870397274
22.1,17.9899,11.794703844777391
22.1,18.19091,11.812200272242471
22.1,18.39192,11.829696836561462
22.1,18.59293,11.8469436493541
22.1,18.79394,11.863880716055245
22.1,18.99495,11.880777900385766
22.1,19.19596,11.897175404761601
22.1,19.39697,11.913592991736737
22.1,19.59798,11.929770749938205
22.1,19.79899,11.94569867418938
22.1,20.0,11.959286966913306
22.4,0.1,0.6315294773602325
22.4,0.3010101,0.9135585653667126
22.4,0.5020202,1.0636278053796469
22.4,0.7030303,1.1522743948405985
22.4,0.9040404,1.2141676485673036
22.4,1.105051,1.2923207019450622
22.4,1.306061,1.3600278418432417
22.4,1.507071,1.4072424393849021
22.4,1.708081,1.4491165004814852
22.4,1.909091,1.501114221134626
22.4,2.110101,1.5713947771302899
22.4,2.311111,1.662879007789711
22.4,2.512121,1.7708740325869
22.4,2.713131,1.8940033152051357
22.4,2.914141,2.0287444891557147
22.4,3.115152,2.173990770117954
22.4,3.316162,2.3307734259482147
22.4,3.517172,2.498962457736643
22.4,3.718182,2.672656816460216
22.4,3.919192,2.881000854826833
22.4,4.120202,3.103175710565501
22.4,4.321212,3.338674350882197
22.4,4.522222,3.592248267756923
22.4,4.723232,3.8724681835824684
22.4,4.924242,4.181228395955445
22.4,5.125253,4.513621549043784
22.4,5.326263,4.872787765956767
22.4,5.527273,5.253282680305767
22.4,5.728283,5.658429231562773
22.4,5.929293,6.082021017361572
22.4,6.130303,6.509746836373698
22.4,6.331313,6.944009908693684
22.4,6.532323,7.36937833787158
22.4,6.733333,7.781372108002867
22.4,6.934343,8.165141149117678
22.4,7.135354,8.515661842130177
22.4,7.336364,8.836445483855567
22.4,7.537374,9.12092641026282
22.4,7.738384,9.369696717711683
22.4,7.939394,9.580044400207703
22.4,8.140404,9.762987289373795
22.4,8.341414,9.92275696439346
22.4,8.542424,10.061644497781499
22.4,8.743434,10.182303659318157
22.4,8.944444,10.285149337567626
22.4,9.145455,10.376895667423732
22.4,9.346465,10.45907881557199
22.4,9.547475,10.533197851585864
22.4,9.748485,10.600319975316234
22.4,9.949495,10.658148349585021
22.4,10.15051,10.714062568708224
22.4,10.35152,10.765765716495194
22.4,10.55253,10.815375101812466
22.4,10.75354,10.859054867153686
22.4,10.95455,10.902767433915885
22.4,11.15556,10.94231790051665
22.4,11.35657,10.980611384776756
22.4,11.55758,11.01778819178826
22.4,11.75859,11.052210099001835
22.4,11.9596,11.086633666600957
22.4,12.16061,11.118741658637632
22.4,12.36162,11.150251254919
22.4,12.56263,11.181052874737293
22.4,12.76364,11.210287375301457
22.4,12.96465,11.239532952565057
22.4,13.16566,11.267241246638456
22.4,13.36667,11.294630496867164
22.4,13.56768,11.321481089691222
22.4,13.76869,11.347293472091065
22.4,13.9697,11.373116584567233
22.4,14.17071,11.397791502291504
22.4,14.37172,11.422247046454235
22.4,14.57273,11.446263532811608
22.4,14.77374,11.469511206957554
22.4,14.97475,11.492779381423135
22.4,15.17576,11.515108814246227
22.4,15.37677,11.53728867823114
22.4,15.57778,11.559089219748522
22.4,15.77879,11.5802905723014
22.4,15.9798,11.601502265940425
22.4,16.18081,11.621944852317984
22.4,16.38182,11.642267739793354
22.4,16.58283,11.662251116305656
22.4,16.78384,11.681775048481171
22.4,16.98485,11.701319211180147
22.4,17.18586,11.720184008868596
22.4,17.38687,11.738969016261358
22.4,17.58788,11.75746437534848
22.4,17.78889,11.775580113648227
22.4,17.9899,11.793716007027859
22.4,18.19091,11.811272351512264
22.4,18.39192,11.828778840945223
22.4,18.59293,11.846025582182875
22.4,18.79394,11.862962580704272
22.4,18.99495,11.879919684548705
22.4,19.19596,11.896367111913666
22.4,19.39697,11.91277463756042
22.4,19.59798,11.928962336979149
22.4,19.79899,11.944890204924569
22.4,20.0,11.959678295675703
22.700000000000003,0.1,0.6708741807627288
22.700000000000003,0.3010101,0.9634647575606049
22.700000000000003,0.5020202,1.1053587761259436
22.700000000000003,0.7030303,1.188689221337157
22.700000000000003,0.9040404,1.2473177674521627
22.700000000000003,1.105051,1.3176972819787152
22.700000000000003,1.306061,1.3793736125964668
22.700000000000003,1.507071,1.4273914335513482
22.700000000000003,1.708081,1.475479378179954
22.700000000000003,1.909091,1.53614161778337
22.700000000000003,2.110101,1.614320219588322
22.700000000000003,2.311111,1.713221278491375
22.700000000000003,2.512121,1.8274920649284514
22.700000000000003,2.713131,1.955302311212012
22.700000000000003,2.914141,2.0936744057519636
22.700000000000003,3.115152,2.2416237552574656
22.700000000000003,3.316162,2.401107331880459
22.700000000000003,3.517172,2.572401565502546
22.700000000000003,3.718182,2.7466184237421154
22.700000000000003,3.919192,2.9614047679959263
22.700000000000003,4.120202,3.1788570502297113
22.700000000000003,4.321212,3.4121397781506784
22.700000000000003,4.522222,3.665593108534947
22.700000000000003,4.723232,3.944823868435429
22.700000000000003,4.924242,4.2509295057745495
22.700000000000003,5.125253,4.58266837261236
22.700000000000003,5.326263,4.935953223315523
22.700000000000003,5.527273,5.313852572586978
22.700000000000003,5.728283,5.713267739698619
22.700000000000003,5.929293,6.128056367829327
22.700000000000003,6.130303,6.554058202893382
22.700000000000003,6.331313,6.976779441906306
22.700000000000003,6.532323,7.398155086539291
22.700000000000003,6.733333,7.802765802065567
22.700000000000003,6.934343,8.178402623947836
22.700000000000003,7.135354,8.527578119377887
22.700000000000003,7.336364,8.841616864466866
22.700000000000003,7.537374,9.124346190946808
22.700000000000003,7.738384,9.370594500264206
22.700000000000003,7.939394,9.57907572744515
22.700000000000003,8.140404,9.761776636920287
22.700000000000003,8.341414,9.92062490798786
22.700000000000003,8.542424,10.05935308387646
22.700000000000003,8.743434,10.179874700489508
22.700000000000003,8.944444,10.28272252463433
22.700000000000003,9.145455,10.374489606997889
22.700000000000003,9.346465,10.456814700405692
22.700000000000003,9.547475,10.53097432447099
22.700000000000003,9.748485,10.598237562766553
22.700000000000003,9.949495,10.656176900421386
22.700000000000003,10.15051,10.71212142229008
22.700000000000003,10.35152,10.763965550303265
22.700000000000003,10.55253,10.813605152842722
22.700000000000003,10.75354,10.857355488628173
22.700000000000003,10.95455,10.901128554658495
22.700000000000003,11.15556,10.940699147654207
22.700000000000003,11.35657,10.979053187528077
22.700000000000003,11.55758,11.016240047395845
22.700000000000003,11.75859,11.050682287731304
22.700000000000003,11.9596,11.085136115485602
22.700000000000003,12.16061,11.11725414604792
22.700000000000003,12.36162,11.148784066543714
22.700000000000003,12.56263,11.179595655392612
22.700000000000003,12.76364,11.208840339834838
22.700000000000003,12.96465,11.238086035214538
22.700000000000003,13.16566,11.265814312511198
22.700000000000003,13.36667,11.29320373040555
22.700000000000003,13.56768,11.320064248283037
22.700000000000003,13.76869,11.345886707489633
22.700000000000003,13.9697,11.37171984348417
22.700000000000003,14.17071,11.39640470885675
22.700000000000003,14.37172,11.420880309626892
22.700000000000003,14.57273,11.444906700626971
22.700000000000003,14.77374,11.468184376716199
22.700000000000003,14.97475,11.491462515819327
22.700000000000003,15.17576,11.513811875844945
22.700000000000003,15.37677,11.536021724862495
22.700000000000003,15.57778,11.557822167440941
22.700000000000003,15.77879,11.579053476278558
22.700000000000003,15.9798,11.60029510382485
22.700000000000003,16.18081,11.620747610014837
22.700000000000003,16.38182,11.641110443203482
22.700000000000003,16.58283,11.661103727256222
22.700000000000003,16.78384,11.68066759309536
22.700000000000003,16.98485,11.700221679457599
22.700000000000003,17.18586,11.719106398285803
22.700000000000003,17.38687,11.73794133514579
22.700000000000003,17.58788,11.756436613358618
22.700000000000003,17.78889,11.774592278661888
22.700000000000003,17.9899,11.792758097155799
22.700000000000003,18.19091,11.810324369627773
22.700000000000003,18.39192,11.82787078706891
22.700000000000003,18.59293,11.84510746022014
22.700000000000003,18.79394,11.862084390062616
22.700000000000003,18.99495,11.879061427313667
22.700000000000003,19.19596,11.895528792962219
22.700000000000003,19.39697,11.911976254808616
22.700000000000003,19.59798,11.928153897807665
22.700000000000003,19.79899,11.94181202269964
22.700000000000003,20.0,11.955440206591879
23.0,0.1,0.699888629133414
23.0,0.3010101,1.003947251429619
23.0,0.5020202,1.14166340225184
23.0,0.7030303,1.221244658080139
23.0,0.9040404,1.27774566376817
23.0,1.105051,1.341770068011672
23.0,1.306061,1.4001095325288517
23.0,1.507071,1.4501791264630093
23.0,1.708081,1.505014952622697
23.0,1.909091,1.5735436450931874
23.0,2.110101,1.6601137565935618
23.0,2.311111,1.7655565057473803
23.0,2.512121,1.8851896100122414
23.0,2.713131,2.0171696400781967
23.0,2.914141,2.1587004676068906
23.0,3.115152,2.3094893538102017
23.0,3.316162,2.4713570395713944
23.0,3.517172,2.642068128182477
23.0,3.718182,2.8336283250515297
23.0,3.919192,3.0360204522218446
23.0,4.120202,3.2514801916840654
23.0,4.321212,3.4848583179658057
23.0,4.522222,3.737799010627978
23.0,4.723232,4.015903807791008
23.0,4.924242,4.320775264916908
23.0,5.125253,4.648396400836484
23.0,5.326263,5.000271845588094
23.0,5.527273,5.372195962155071
23.0,5.728283,5.766236066767468
23.0,5.929293,6.176977313281169
23.0,6.130303,6.592936740267052
23.0,6.331313,7.01284978202479
23.0,6.532323,7.424815304297605
23.0,6.733333,7.8230662235157835
23.0,6.934343,8.194745027577726
23.0,7.135354,8.53641285338987
23.0,7.336364,8.848757241520588
23.0,7.537374,9.127218414720303
23.0,7.738384,9.371424031889033
23.0,7.939394,9.578915137393745
23.0,8.140404,9.760208243363735
23.0,8.341414,9.918812452947275
23.0,8.542424,10.057111114836978
23.0,8.743434,10.177524779205827
23.0,8.944444,10.280364144954088
23.0,9.145455,10.372213348681491
23.0,9.346465,10.454559172253516
23.0,9.547475,10.528860334510087
23.0,9.748485,10.596204428263217
23.0,9.949495,10.650030924367577
23.0,10.15051,10.702890408641586
23.0,10.35152,10.75901855160968
23.0,10.55253,10.811934963488449
23.0,10.75354,10.855776044602406
23.0,10.95455,10.899549082654275
23.0,11.15556,10.939119650632101
23.0,11.35657,10.977483841394067
23.0,11.55758,11.014771694645923
23.0,11.75859,11.049244350713426
23.0,11.9596,11.08368809667896
23.0,12.16061,11.11580605183882
23.0,12.36162,11.147346030186785
23.0,12.56263,11.17818825855737
23.0,12.76364,11.20744315944688
23.0,12.96465,11.236698748957343
23.0,13.16566,11.264416929091874
23.0,13.36667,11.291816347255983
23.0,13.56768,11.318697250358612
23.0,13.76869,11.344539794798937
23.0,13.9697,11.370372818244142
23.0,14.17071,11.395047579415724
23.0,14.37172,11.419533142433444
23.0,14.57273,11.443599729904127
23.0,14.77374,11.466897407848421
23.0,14.97475,11.490185437666726
23.0,15.17576,11.512524696662997
23.0,15.37677,11.5347444855329
23.0,15.57778,11.556614994864507
23.0,15.77879,11.577876259349225
23.0,15.9798,11.599117787494725
23.0,16.18081,11.619570201703372
23.0,16.38182,11.639942965046433
23.0,16.58283,11.660016237414714
23.0,16.78384,11.679590039333625
23.0,16.98485,11.699154038882948
23.0,17.18586,11.718038677615429
23.0,17.38687,11.736883543791183
23.0,17.58788,11.75545876967059
23.0,17.78889,11.773644367113668
23.0,17.9899,11.791800112084388
23.0,18.19091,11.809366316791776
23.0,18.39192,11.82693266772615
23.0,18.59293,11.844249272452451
23.0,18.79394,11.861236138161427
23.0,18.99495,11.87821311421805
23.0,19.19596,11.89468042360342
23.0,19.39697,11.911147825149206
23.0,19.59798,11.927395396385911
23.0,19.79899,11.942223306328378
23.0,20.0,11.955851452067535
23.3,0.1,0.7215778801239624
23.3,0.3010101,1.0362756601788685
23.3,0.5020202,1.1730858441199836
23.3,0.7030303,1.25023334441769
23.3,0.9040404,1.3055689063382798
23.3,1.105051,1.3653003045012992
23.3,1.306061,1.4221183542980398
23.3,1.507071,1.475353651829563
23.3,1.708081,1.5365934802264498
23.3,1.909091,1.61328324186517
23.3,2.110101,1.7078562574219263
23.3,2.311111,1.8195891452358857
23.3,2.512121,1.943741050504595
23.3,2.713131,2.079188723289405
23.3,2.914141,2.224042654142718
23.3,3.115152,2.376699811016768
23.3,3.316162,2.5387944780547893
23.3,3.517172,2.718735186300369
23.3,3.718182,2.906657270063505
23.3,3.919192,3.107175111510473
23.3,4.120202,3.323090904425372
23.3,4.321212,3.5565531739629606
23.3,4.522222,3.8090888831391996
23.3,4.723232,4.086163416781756
23.3,4.924242,4.38891562644162
23.3,5.125253,4.714310118450602
23.3,5.326263,5.061787060420877
23.3,5.527273,5.4301402926359295
23.3,5.728283,5.8192435189467435
23.3,5.929293,6.223300850327067
23.3,6.130303,6.633964414729428
23.3,6.331313,7.045582054694363
23.3,6.532323,7.452019633251016
23.3,6.733333,7.844077952080004
23.3,6.934343,8.20947027765482
23.3,7.135354,8.547152538906262
23.3,7.336364,8.854627697382245
23.3,7.537374,9.130557605656593
23.3,7.738384,9.372604861253059
23.3,7.939394,9.57855499733871
23.3,8.140404,9.75907265095902
23.3,8.341414,9.916964731455119
23.3,8.542424,10.054997840057418
23.3,8.743434,10.175263834512906
23.3,8.944444,10.278095191323809
23.3,9.145455,10.369965811647626
23.3,9.346465,10.452413266189867
23.3,9.547475,10.526785452230657
23.3,9.748485,10.594220588259867
23.3,9.949495,10.654418281159275
23.3,10.15051,10.708427544711249
23.3,10.35152,10.760402782154467
23.3,10.55253,10.810244030286436
23.3,10.75354,10.854105347409469
23.3,10.95455,10.897969147435937
23.3,11.15556,10.937610366306805
23.3,11.35657,10.976014970080854
23.3,11.55758,11.013292777698258
23.3,11.75859,11.04777554268509
23.3,11.9596,11.082259742888509
23.3,12.16061,11.1144080877712
23.3,12.36162,11.145958286031052
23.3,12.56263,11.1767904304668
23.3,12.76364,11.206055366940927
23.3,12.96465,11.235321221488348
23.3,13.16566,11.263049619513327
23.3,13.36667,11.29045913428813
23.3,13.56768,11.317339937723318
23.3,13.76869,11.343192468991148
23.3,13.9697,11.369035623922455
23.3,14.17071,11.39374048116963
23.3,14.37172,11.418236059472136
23.3,14.57273,11.442302544654497
23.3,14.77374,11.465610177906674
23.3,14.97475,11.488918246510345
23.3,15.17576,11.511287520264982
23.3,15.37677,11.533527275236182
23.3,15.57778,11.555397687838914
23.3,15.77879,11.576668890492881
23.3,15.9798,11.597940399653595
23.3,16.18081,11.618432780872933
23.3,16.38182,11.638825486041936
23.3,16.58283,11.658898671797147
23.3,16.78384,11.678492405700203
23.3,16.98485,11.698096355795304
23.3,17.18586,11.717010938667178
23.3,17.38687,11.735885738827886
23.3,17.58788,11.754450890010755
23.3,17.78889,11.772646420630872
23.3,17.9899,11.790852103923347
23.3,18.19091,11.808458244923616
23.3,18.39192,11.826034531408654
23.3,18.59293,11.843351073152396
23.3,18.79394,11.860367876473804
23.3,18.99495,11.87737478811006
23.3,19.19596,11.89387203337917
23.3,19.39697,11.910359375935293
23.3,19.59798,11.926606894946808
23.3,19.79899,11.942604585550763
23.3,20.0,11.95860235430303
23.6,0.1,0.737496857663539
23.6,0.3010101,1.0618080677079134
23.6,0.5020202,1.1997335358243182
23.6,0.7030303,1.2760371831885706
23.6,0.9040404,1.3310723538289244
23.6,1.105051,1.388445991655609
23.6,1.306061,1.4455012857709644
23.6,1.507071,1.5027240915276163
23.6,1.708081,1.570675722428979
23.6,1.909091,1.6553657770252295
23.6,2.110101,1.757234862517252
23.6,2.311111,1.87456018515839
23.6,2.512121,2.0028521562688857
23.6,2.713131,2.141779912524414
23.6,2.914141,2.2882608309333206
23.6,3.115152,2.4440970837610667
23.6,3.316162,2.615667751781562
23.6,3.517172,2.791073009223854
23.6,3.718182,2.976546735339135
23.6,3.919192,3.1775132385817706
23.6,4.120202,3.393775897244468
23.6,4.321212,3.6271194287947397
23.6,4.522222,3.879217553801824
23.6,4.723232,4.155218931626895
23.6,4.924242,4.455808455222698
23.6,5.125253,4.778978053658758
23.6,5.326263,5.122114350327787
23.6,5.527273,5.48693755759524
23.6,5.728283,5.871198895936735
23.6,5.929293,6.268751385996643
23.6,6.130303,6.6742194888434465
23.6,6.331313,7.077806359260557
23.6,6.532323,7.478824163357875
23.6,6.733333,7.86484704001839
23.6,6.934343,8.224129998137133
23.6,7.135354,8.557890741545469
23.6,7.336364,8.860608697159588
23.6,7.537374,9.134033400290342
23.6,7.738384,9.373935359186191
23.6,7.939394,9.578343609742584
23.6,8.140404,9.758079889512812
23.6,8.341414,9.915238932490137
23.6,8.542424,10.052993554804436
23.6,8.743434,10.173101946838162
23.6,8.944444,10.275915354670678
23.6,9.145455,10.36780744201275
23.6,9.346465,10.45033658460963
23.6,9.547475,10.524769841662206
23.6,9.748485,10.592306065464347
23.6,9.949495,10.646304237399704
23.6,10.15051,10.699355509017456
23.6,10.35152,10.755614916714684
23.6,10.55253,10.80863222391191
23.6,10.75354,10.852523813293024
23.6,10.95455,10.896468413107968
23.6,11.15556,10.936170317438714
23.6,11.35657,10.974615365113097
23.6,11.55758,11.011893154070213
23.6,11.75859,11.046386055102424
23.6,11.9596,11.080910739838984
23.6,12.16061,11.113069502422071
23.6,12.36162,11.144629946360041
23.6,12.56263,11.175472028158223
23.6,12.76364,11.204737022470972
23.6,12.96465,11.234013167808888
23.6,13.16566,11.261751808899202
23.6,13.36667,11.289171442741786
23.6,13.56768,11.316052163747878
23.6,13.76869,11.341904700935268
23.6,13.9697,11.367758010986616
23.6,14.17071,11.392472987614031
23.6,14.37172,11.416988600632997
23.6,14.57273,11.441054997152865
23.6,14.77374,11.464362601919039
23.6,14.97475,11.487690730306666
23.6,15.17576,11.510090038984877
23.6,15.37677,11.532349776402079
23.6,15.57778,11.55422010297006
23.6,15.77879,11.575501256982418
23.6,15.9798,11.596802764948578
23.6,16.18081,11.617325129927911
23.6,16.38182,11.637737789908567
23.6,16.58283,11.657810897351983
23.6,16.78384,11.677424573924327
23.6,16.98485,11.697058488769171
23.6,17.18586,11.716013028621221
23.6,17.38687,11.73489777283583
23.6,17.58788,11.753472855605954
23.6,17.78889,11.771688327583687
23.6,17.9899,11.78991395996869
23.6,18.19091,11.807560046456192
23.6,18.39192,11.82515627568781
23.6,18.59293,11.842472759398277
23.6,18.79394,11.859499506662726
23.6,18.99495,11.87654636156715
23.6,19.19596,11.893073546560641
23.6,19.39697,11.909580834045745
23.6,19.59798,11.925818304904292
23.6,19.79899,11.940676110118439
23.6,20.0,11.954364144146293
23.9,0.1,0.7510643379211186
23.9,0.3010101,1.0830294835197747
23.9,0.5020202,1.2227798634125449
23.9,0.7030303,1.2994545354283182
23.9,0.9040404,1.3549098671527833
23.9,1.105051,1.4114231540517936
23.9,1.306061,1.469773590264535
23.9,1.507071,1.531894048786797
23.9,1.708081,1.607498666469443
23.9,1.909091,1.6994572566858588
23.9,2.110101,1.8078622663514112
23.9,2.311111,1.9298146294006748
23.9,2.512121,2.0625013847922586
23.9,2.713131,2.197266634157941
23.9,2.914141,2.3593698595123627
23.9,3.115152,2.518376465586314
23.9,3.316162,2.6849185600031222
23.9,3.517172,2.8586858490375744
23.9,3.718182,3.0454193981600977
23.9,3.919192,3.2467877715900277
23.9,4.120202,3.4635511962994068
23.9,4.321212,3.696882448274449
23.9,4.522222,3.9481981574164475
23.9,4.723232,4.222937713095609
23.9,4.924242,4.522253997773317
23.9,5.125253,4.841304346875392
23.9,5.326263,5.183059835955571
23.9,5.527273,5.542176476936568
23.9,5.728283,5.921354772065733
23.9,5.929293,6.315105327231132
23.9,6.130303,6.711245808024119
23.9,6.331313,7.112184920131487
23.9,6.532323,7.50447362758389
23.9,6.733333,7.8845761180144835
23.9,6.934343,8.240144190175561
23.9,7.135354,8.566876397317309
23.9,7.336364,8.867971136944409
23.9,7.537374,9.137288799365352
23.9,7.738384,9.375185254597328
23.9,7.939394,9.578595598121176
23.9,8.140404,9.756882315515607
23.9,8.341414,9.91378348618521
23.9,8.542424,10.05105881563162
23.9,8.743434,10.17101943834302
23.9,8.944444,10.273804541020777
23.9,9.145455,10.365728908296767
23.9,9.346465,10.44827889009644
23.9,9.547475,10.522833808093619
23.9,9.748485,10.590440983695013
23.9,9.949495,10.64870351970775
23.9,10.15051,10.700737171726601
23.9,10.35152,10.753931988562613
23.9,10.55253,10.807090581647087
23.9,10.75354,10.851062979305183
23.9,10.95455,10.895007608624493
23.9,11.15556,10.93470953955205
23.9,11.35657,10.973164789036804
23.9,11.55758,11.010533631048313
23.9,11.75859,11.045056995831187
23.9,11.9596,11.079581642803921
23.9,12.16061,11.111740370807839
23.9,12.36162,11.143310913575737
23.9,12.56263,11.174173689380316
23.9,12.76364,11.203448942800467
23.9,12.96465,11.232725018312978
23.9,13.16566,11.260473594672037
23.9,13.36667,11.28788326388103
23.9,13.56768,11.314784424799589
23.9,13.76869,11.340647084955254
23.9,13.9697,11.366510311192894
23.9,14.17071,11.391225210213179
23.9,14.37172,11.41574081487846
23.9,14.57273,11.439837461451257
23.9,14.77374,11.463165099898553
23.9,14.97475,11.48649314214581
23.9,15.17576,11.508892370786851
23.9,15.37677,11.531152072247327
23.9,15.57778,11.553072514040199
23.9,15.77879,11.57438364907102
23.9,15.9798,11.595685075409907
23.9,16.18081,11.616207364642849
23.9,16.38182,11.636629973777572
23.9,16.58283,11.656763110097032
23.9,16.78384,11.676396741724533
23.9,16.98485,11.696030583297643
23.9,17.18586,11.714985055246338
23.9,17.38687,11.733889743231154
23.9,17.58788,11.752524805091385
23.9,17.78889,11.770760222910761
23.9,17.9899,11.788995791691736
23.9,18.19091,11.80664181940004
23.9,18.39192,11.824247992771976
23.9,18.59293,11.841634429422971
23.9,18.79394,11.858681121997085
23.9,18.99495,11.87571792315003
23.9,19.19596,11.892245058439626
23.9,19.39697,11.908762291921711
23.9,19.59798,11.925069705409015
23.9,19.79899,11.938777634569812
23.9,20.0,11.952465625186166
24.200000000000003,0.1,0.7612792587445774
24.200000000000003,0.3010101,1.1004413950875307
24.200000000000003,0.5020202,1.2429721434570786
24.200000000000003,0.7030303,1.321048507776137
24.200000000000003,0.9040404,1.3774685744142003
24.200000000000003,1.105051,1.4342986794398804
24.200000000000003,1.306061,1.495101983887494
24.200000000000003,1.507071,1.5631121854078502
24.200000000000003,1.708081,1.6461531573443478
24.200000000000003,1.909091,1.7455764783606136
24.200000000000003,2.110101,1.8591478763907014
24.200000000000003,2.311111,1.986295600422905
24.200000000000003,2.512121,2.1139323836125077
24.200000000000003,2.713131,2.2711201836961803
24.200000000000003,2.914141,2.4254602510248446
24.200000000000003,3.115152,2.584367540995346
24.200000000000003,3.316162,2.750769176755023
24.200000000000003,3.517172,2.925449201462026
24.200000000000003,3.718182,3.113213348608716
24.200000000000003,3.919192,3.3155169836368867
24.200000000000003,4.120202,3.5322917579690625
24.200000000000003,4.321212,3.765374912477358
24.200000000000003,4.522222,4.016351660207258
24.200000000000003,4.723232,4.289836249371434
24.200000000000003,4.924242,4.586307086002694
24.200000000000003,5.125253,4.904724760020347
24.200000000000003,5.326263,5.240854884049131
24.200000000000003,5.527273,5.597541877819196
24.200000000000003,5.728283,5.971504190847777
24.200000000000003,5.929293,6.35735394205546
24.200000000000003,6.130303,6.751962189879308
24.200000000000003,6.331313,7.142631674182667
24.200000000000003,6.532323,7.531372382781653
24.200000000000003,6.733333,7.90492758324345
24.200000000000003,6.934343,8.25322985027823
24.200000000000003,7.135354,8.578740025487807
24.200000000000003,7.336364,8.87363200516698
24.200000000000003,7.537374,9.141311343078643
24.200000000000003,7.738384,9.376763093060545
24.200000000000003,7.939394,9.578290342353197
24.200000000000003,8.140404,9.756315411730188
24.200000000000003,8.341414,9.91219657658861
24.200000000000003,8.542424,10.049272847705257
24.200000000000003,8.743434,10.169036233063256
24.200000000000003,8.944444,10.271763758861779
24.200000000000003,9.145455,10.36369908738159
24.200000000000003,9.346465,10.446331247016557
24.200000000000003,9.547475,10.520916929274453
24.200000000000003,9.748485,10.58861539855786
24.200000000000003,9.949495,10.646989048509225
24.200000000000003,10.15051,10.699103625546536
24.200000000000003,10.35152,10.752389301425806
24.200000000000003,10.55253,10.805548009329282
24.200000000000003,10.75354,10.84958109066908
24.200000000000003,10.95455,10.893596329076612
24.200000000000003,11.15556,10.933308482097154
24.200000000000003,11.35657,10.971824386665018
24.200000000000003,11.55758,11.009203369156129
24.200000000000003,11.75859,11.043757155391098
24.200000000000003,11.9596,11.07829214996235
24.200000000000003,12.16061,11.110460992905196
24.200000000000003,12.36162,11.142051943948887
24.200000000000003,12.56263,11.172914761313711
24.200000000000003,12.76364,11.202200276083973
24.200000000000003,12.96465,11.231486543889286
24.200000000000003,13.16566,11.259225168771936
24.200000000000003,13.36667,11.286655082148382
24.200000000000003,13.56768,11.313556228041449
24.200000000000003,13.76869,11.339419036220615
24.200000000000003,13.9697,11.365292351361463
24.200000000000003,14.17071,11.390007253354353
24.200000000000003,14.37172,11.41453298502887
24.200000000000003,14.57273,11.438639584934931
24.200000000000003,14.77374,11.461977288796469
24.200000000000003,14.97475,11.485325351371731
24.200000000000003,15.17576,11.507724553680976
24.200000000000003,15.37677,11.530014300840886
24.200000000000003,15.57778,11.551934681868156
24.200000000000003,15.77879,11.573265826702109
24.200000000000003,15.9798,11.594587232355083
24.200000000000003,16.18081,11.615119478634668
24.200000000000003,16.38182,11.63557208312672
24.200000000000003,16.58283,11.655705155879849
24.200000000000003,16.78384,11.67536876406517
24.200000000000003,16.98485,11.695022564214215
24.200000000000003,17.18586,11.713996986366174
24.200000000000003,17.38687,11.732931642226417
24.200000000000003,17.58788,11.751566644321862
24.200000000000003,17.78889,11.76983202174373
24.200000000000003,17.9899,11.78808754160385
24.200000000000003,18.19091,11.805743518923983
24.200000000000003,18.39192,11.823389647888508
24.200000000000003,18.59293,11.8407660317071
24.200000000000003,18.79394,11.857842677291751
24.200000000000003,18.99495,11.874899429593112
24.200000000000003,19.19596,11.891446518128637
24.200000000000003,19.39697,11.907993705637256
24.200000000000003,19.59798,11.924301073806896
24.200000000000003,19.79899,11.94035861803688
24.200000000000003,20.0,11.955226410349301
24.5,0.1,0.7696341399767022
24.5,0.3010101,1.114897713622581
24.5,0.5020202,1.2610641524664685
24.5,0.7030303,1.3415870059698485
24.5,0.9040404,1.3996597776710897
24.5,1.105051,1.4576957458720963
24.5,1.306061,1.5216833572723798
24.5,1.507071,1.596298322543205
24.5,1.708081,1.6888522091891132
24.5,1.909091,1.7938506883876928
24.5,2.110101,1.9194498643054865
24.5,2.311111,2.0521469475844833
24.5,2.512121,2.189963549430738
24.5,2.713131,2.3358042120127567
24.5,2.914141,2.4885864848819685
24.5,3.115152,2.648377779838078
24.5,3.316162,2.8153823075303093
24.5,3.517172,2.9916513353565124
24.5,3.718182,3.180385861305315
24.5,3.919192,3.38296213204541
24.5,4.120202,3.600077588773442
24.5,4.321212,3.833112178633363
24.5,4.522222,4.083214318324843
24.5,4.723232,4.355369470453403
24.5,4.924242,4.650560865846201
24.5,5.125253,4.964890369110062
24.5,5.326263,5.299673733733988
24.5,5.527273,5.650816394027386
24.5,5.728283,6.019891273742022
24.5,5.929293,6.402119936920422
24.5,6.130303,6.787768734635206
24.5,6.331313,7.175942732699424
24.5,6.532323,7.55634076309057
24.5,6.733333,7.92426167454417
24.5,6.934343,8.269028983619991
24.5,7.135354,8.58776051611625
24.5,7.336364,8.881101248873208
24.5,7.537374,9.1447724637155
24.5,7.738384,9.378250695486333
24.5,7.939394,9.578779059936558
24.5,8.140404,9.755337586469098
24.5,8.341414,9.910949931552837
24.5,8.542424,10.047506950172238
24.5,8.743434,10.16711260479238
24.5,8.944444,10.269801865999979
24.5,9.145455,10.361749503039594
24.5,9.346465,10.444392548180518
24.5,9.547475,10.51907992001133
24.5,9.748485,10.586849377115495
24.5,9.949495,10.641049982521073
24.5,10.15051,10.695341721234561
24.5,10.35152,10.753900817567466
24.5,10.55253,10.80405498893749
24.5,10.75354,10.848088184270566
24.5,10.95455,10.892184293870754
24.5,11.15556,10.93200764992793
24.5,11.35657,10.970533717975895
24.5,11.55758,11.007912722492707
24.5,11.75859,11.042466528917867
24.5,11.9596,11.077042092688353
24.5,12.16061,11.109241711838868
24.5,12.36162,11.140832720314766
24.5,12.56263,11.171695508524769
24.5,12.76364,11.200980996210578
24.5,12.96465,11.230277643591055
24.5,13.16566,11.25803676346171
24.5,13.36667,11.285456673607756
24.5,13.56768,11.312357764394743
24.5,13.76869,11.338230520607564
24.5,13.9697,11.36410407437819
24.5,14.17071,11.388839267929411
24.5,14.37172,11.413374961138343
24.5,14.57273,11.437471494876114
24.5,14.77374,11.460819135827801
24.5,14.97475,11.48417732946961
24.5,15.17576,11.50661667898576
24.5,15.37677,11.528906371019307
24.5,15.57778,11.550826683770488
24.5,15.77879,11.572157763775092
24.5,15.9798,11.59350922353694
24.5,16.18081,11.614081523462309
24.5,16.38182,11.63454406794655
24.5,16.58283,11.654677076031295
24.5,16.78384,11.674340622751679
24.5,16.98485,11.694034427556312
24.5,17.18586,11.713048848625684
24.5,17.38687,11.731983446939918
24.5,17.58788,11.750628390975654
24.5,17.78889,11.76889371304217
24.5,17.9899,11.787179209370338
24.5,18.19091,11.804885158185108
24.5,18.39192,11.822541235429673
24.5,18.59293,11.83991756874802
24.5,18.79394,11.856994166110374
24.5,18.99495,11.874100882718542
24.5,19.19596,11.890687935144163
24.5,19.39697,11.907235077896138
24.5,19.59798,11.923532402794182
24.5,19.79899,11.939589905377554
24.5,20.0,11.953337842337072
24.8,0.1,0.7768509681359026
24.8,0.3010101,1.1262419357125946
24.8,0.5020202,1.2766579629054708
24.8,0.7030303,1.3649216807888531
24.8,0.9040404,1.4237529655768555
24.8,1.105051,1.484115604126012
24.8,1.306061,1.555969109062201
24.8,1.507071,1.6387402450756767
24.8,1.708081,1.742552858427585
24.8,1.909091,1.8548498793316448
24.8,2.110101,1.9771363076565052
24.8,2.311111,2.1090069059564542
24.8,2.512121,2.2486082290557454
24.8,2.713131,2.3959961799498597
24.8,2.914141,2.5502025027732858
24.8,3.115152,2.711232901392427
24.8,3.316162,2.8798367949242256
24.8,3.517172,3.056982851004353
24.8,3.718182,3.2464439355206154
24.8,3.919192,3.449624471216281
24.8,4.120202,3.666864796950674
24.8,4.321212,3.899586185992922
24.8,4.522222,4.149124199713793
24.8,4.723232,4.420091393054881
24.8,4.924242,4.713070441270688
24.8,5.125253,5.02521488434371
24.8,5.326263,5.3558276627852255
24.8,5.527273,5.703661526591894
24.8,5.728283,6.06825556494988
24.8,5.929293,6.4444889369281775
24.8,6.130303,6.825419742506156
24.8,6.331313,7.206230245005481
24.8,6.532323,7.581737045564106
24.8,6.733333,7.944176706509975
24.8,6.934343,8.283340543840762
24.8,7.135354,8.598474404353123
24.8,7.336364,8.887349751992993
24.8,7.537374,9.148654686826594
24.8,7.738384,9.380051593476223
24.8,7.939394,9.579039102905638
24.8,8.140404,9.754793326462044
24.8,8.341414,9.90962670784211
24.8,8.542424,10.045870329899117
24.8,8.743434,10.165278470019928
24.8,8.944444,10.267899859807539
24.8,9.145455,10.359839040433087
24.8,9.346465,10.442543830092331
24.8,9.547475,10.517282331342955
24.8,9.748485,10.585122929112641
24.8,9.949495,10.645725306106263
24.8,10.15051,10.700108576828882
24.8,10.35152,10.752427443114861
24.8,10.55253,10.802601955727116
24.8,10.75354,10.846716019951309
24.8,10.95455,10.890832380089487
24.8,11.15556,10.93065580363397
24.8,11.35657,10.969222412943951
24.8,11.55758,11.006652039035533
24.8,11.75859,11.041236387971127
24.8,11.9596,11.075812058740487
24.8,12.16061,11.108021676135975
24.8,12.36162,11.13962303108749
24.8,12.56263,11.170506212325579
24.8,12.76364,11.199802044069143
24.8,12.96465,11.2290887187952
24.8,13.16566,11.256847801944131
24.8,13.36667,11.284277926833981
24.8,13.56768,11.311189256554291
24.8,13.76869,11.337062216347153
24.8,13.9697,11.362935750757105
24.8,14.17071,11.387680889465535
24.8,14.37172,11.412216701149694
24.8,14.57273,11.436323362451068
24.8,14.77374,11.459691105666892
24.8,14.97475,11.483049254520633
24.8,15.17576,11.505488542648106
24.8,15.37677,11.527798283758798
24.8,15.57778,11.54973864705889
24.8,15.77879,11.571089761319906
24.8,15.9798,11.592451165527926
24.8,16.18081,11.613023404352406
24.8,16.38182,11.633505952667761
24.8,16.58283,11.653668963096584
24.8,16.78384,11.673362502800384
24.8,16.98485,11.693056250809745
24.8,17.18586,11.712070615262787
24.8,17.38687,11.731035191162688
24.8,17.58788,11.74971011106794
24.8,17.78889,11.767995404636581
24.8,17.9899,11.786290848004885
24.8,18.19091,11.803996746490533
24.8,18.39192,11.821672789282124
24.8,18.59293,11.839089087703252
24.8,18.79394,11.85619564929987
24.8,18.99495,11.87329231916591
24.8,19.19596,11.889879327978916
24.8,19.39697,11.906456434995293
24.8,19.59798,11.9216439098367
24.8,19.79899,11.93538174145917
24.8,20.0,11.949109630732684
25.1,0.1,0.7833799923662652
25.1,0.3010101,1.1363872027529065
25.1,0.5020202,1.293514296444
25.1,0.7030303,1.3925934750698434
25.1,0.9040404,1.46720362253699
25.1,1.105051,1.52854776248616
25.1,1.306061,1.5992074919423709
25.1,1.507071,1.6826312850318448
25.1,1.708081,1.7836471621198213
25.1,1.909091,1.9024296881304024
25.1,2.110101,2.0292445190008643
25.1,2.311111,2.164380308953581
25.1,2.512121,2.306026992182874
25.1,2.713131,2.455137746652741
25.1,2.914141,2.6112420615935417
25.1,3.115152,2.773403459962422
25.1,3.316162,2.9434082458465887
25.1,3.517172,3.121375104114615
25.1,3.718182,3.311500767814433
25.1,3.919192,3.5151978283978424
25.1,4.120202,3.7325265173924107
25.1,4.321212,3.9648645582335016
25.1,4.522222,4.213816394147555
25.1,4.723232,4.483576924236358
25.1,4.924242,4.7743374717121
25.1,5.125253,5.084310407636571
25.1,5.326263,5.410825958778504
25.1,5.527273,5.755397613178451
25.1,5.728283,6.115602492838833
25.1,5.929293,6.486005309430511
25.1,6.130303,6.8623083550587705
25.1,6.331313,7.236001795184923
25.1,6.532323,7.606716419736165
25.1,6.733333,7.963821838702085
25.1,6.934343,8.297545151578026
25.1,7.135354,8.609146272996103
25.1,7.336364,8.893667114383259
25.1,7.537374,9.152631719729262
25.1,7.738384,9.381968243326163
25.1,7.939394,9.579419835853908
25.1,8.140404,9.754365742840987
25.1,8.341414,9.908405118317546
25.1,8.542424,10.044323344634286
25.1,8.743434,10.163523954244834
25.1,8.944444,10.26606746108582
25.1,9.145455,10.358008184783195
25.1,9.346465,10.44074470677681
25.1,9.547475,10.515534350744904
25.1,9.748485,10.583446093997054
25.1,9.949495,10.637798506563765
25.1,10.15051,10.691193794605478
25.1,10.35152,10.747827251391252
25.1,10.55253,10.801208327542389
25.1,10.75354,10.845413265651022
25.1,10.95455,10.889549895158307
25.1,11.15556,10.929373407670623
25.1,11.35657,10.967980571318973
25.1,11.55758,11.005450828411181
25.1,11.75859,11.040065733923717
25.1,11.9596,11.074651527994947
25.1,12.16061,11.106861161575898
25.1,12.36162,11.138472877461817
25.1,12.56263,11.169366466644918
25.1,12.76364,11.198672657311187
25.1,12.96465,11.2279693737018
25.1,13.16566,11.255728433962837
25.1,13.36667,11.283158788737717
25.1,13.56768,11.310070372739213
25.1,13.76869,11.33595355127312
25.1,13.9697,11.361827078881
25.1,14.17071,11.386562174441675
25.1,14.37172,11.411108118929944
25.1,14.57273,11.435234922653953
25.1,14.77374,11.458602783300062
25.1,14.97475,11.481970897795067
25.1,15.17576,11.504410133638713
25.1,15.37677,11.526729937553803
25.1,15.57778,11.548690365288568
25.1,15.77879,11.570061527330054
25.1,15.9798,11.59142288455576
25.1,16.18081,11.611995069606749
25.1,16.38182,11.63249763374182
25.1,16.58283,11.652690658497942
25.1,16.78384,11.67240420269252
25.1,16.98485,11.692097900606838
25.1,17.18586,11.711122214094361
25.1,17.38687,11.730106777566009
25.1,17.58788,11.748811682882057
25.1,17.78889,11.767126956622382
25.1,17.9899,11.785422352304648
25.1,18.19091,11.80312820506629
25.1,18.39192,11.820834219957685
25.1,18.59293,11.838270488539882
25.1,18.79394,11.855407017416857
25.1,18.99495,11.872513644616886
25.1,19.19596,11.889100613695838
25.1,19.39697,11.905697684843942
25.1,19.59798,11.922064935355747
25.1,19.79899,11.93817236099286
25.1,20.0,11.95191023208665
25.400000000000002,0.1,0.7904493526321068
25.400000000000002,0.3010101,1.1465160077164023
25.400000000000002,0.5020202,1.305462687329341
25.400000000000002,0.7030303,1.4058465309979322
25.400000000000002,0.9040404,1.4845424447880702
25.400000000000002,1.105051,1.5534169435364311
25.400000000000002,1.306061,1.6275538265440601
25.400000000000002,1.507071,1.7192626119791359
25.400000000000002,1.708081,1.8289589556643457
25.400000000000002,1.909091,1.9496193644171433
25.400000000000002,2.110101,2.0822484997708197
25.400000000000002,2.311111,2.2186449171526648
25.400000000000002,2.512121,2.363240023717216
25.400000000000002,2.713131,2.5143604582145813
25.400000000000002,2.914141,2.6712126897281117
25.400000000000002,3.115152,2.8353606738169885
25.400000000000002,3.316162,3.005841236027738
25.400000000000002,3.517172,3.1849877012190313
25.400000000000002,3.718182,3.375839241785293
25.400000000000002,3.919192,3.579723828919099
25.400000000000002,4.120202,3.797141621582193
25.400000000000002,4.321212,4.0293860370828805
25.400000000000002,4.522222,4.277325642452885
25.400000000000002,4.723232,4.545691824874001
25.400000000000002,4.924242,4.83517802084665
25.400000000000002,5.125253,5.141152509148205
25.400000000000002,5.326263,5.466360369414886
25.400000000000002,5.527273,5.805671006673246
25.400000000000002,5.728283,6.161268527857856
25.400000000000002,5.929293,6.5282731559819025
25.400000000000002,6.130303,6.896276699439944
25.400000000000002,6.331313,7.26762275720794
25.400000000000002,6.532323,7.630629293780666
25.400000000000002,6.733333,7.9825054283088335
25.400000000000002,6.934343,8.312918564079688
25.400000000000002,7.135354,8.618196716454591
25.400000000000002,7.336364,8.901235167364407
25.400000000000002,7.537374,9.156367328031028
25.400000000000002,7.738384,9.383782161152096
25.400000000000002,7.939394,9.580237781242637
25.400000000000002,8.140404,9.753694985058111
25.400000000000002,8.341414,9.90745854114906
25.400000000000002,8.542424,10.042816424757747
25.400000000000002,8.743434,10.161819285066619
25.400000000000002,8.944444,10.26431451659164
25.400000000000002,9.145455,10.356227487855778
25.400000000000002,9.346465,10.438974921350441
25.400000000000002,9.547475,10.513836210829089
25.400000000000002,9.748485,10.581808942649145
25.400000000000002,9.949495,10.640446093853908
25.400000000000002,10.15051,10.692813706554627
25.400000000000002,10.35152,10.74743083438434
25.400000000000002,10.55253,10.799824327443405
25.400000000000002,10.75354,10.844019414586546
25.400000000000002,10.95455,10.888236924622461
25.400000000000002,11.15556,10.928171635862794
25.400000000000002,11.35657,10.96678899372435
25.400000000000002,11.55758,11.004269305360486
25.400000000000002,11.75859,11.038874261636309
25.400000000000002,11.9596,11.07350064781694
25.400000000000002,12.16061,11.105731076187464
25.400000000000002,12.36162,11.137352876995065
25.400000000000002,12.56263,11.168256464020732
25.400000000000002,12.76364,11.197552653452167
25.400000000000002,12.96465,11.226859774918696
25.400000000000002,13.16566,11.254619358007886
25.400000000000002,13.36667,11.282059733044951
25.400000000000002,13.56768,11.308971285029818
25.400000000000002,13.76869,11.334854433569706
25.400000000000002,13.9697,11.360728226870595
25.400000000000002,14.17071,11.385483644809833
25.400000000000002,14.37172,11.410029571544671
25.400000000000002,14.57273,11.434146328257096
25.400000000000002,14.77374,11.45752414417509
25.400000000000002,14.97475,11.480902416773548
25.400000000000002,15.17576,11.503361830937347
25.400000000000002,15.37677,11.525691596475749
25.400000000000002,15.57778,11.547641971642134
25.400000000000002,15.77879,11.569023083474576
25.400000000000002,15.9798,11.59040452025691
25.400000000000002,16.18081,11.611006786676008
25.400000000000002,16.38182,11.63151930421586
25.400000000000002,16.58283,11.651712276660502
25.400000000000002,16.78384,11.671425771062339
25.400000000000002,16.98485,11.691159495591759
25.400000000000002,17.18586,11.710213830853062
25.400000000000002,17.38687,11.729208347024738
25.400000000000002,17.58788,11.74790320396761
25.400000000000002,17.78889,11.766228431377534
25.400000000000002,17.9899,11.784563821133279
25.400000000000002,18.19091,11.802309661521553
25.400000000000002,18.39192,11.820015632576313
25.400000000000002,18.59293,11.837451858096774
25.400000000000002,18.79394,11.854588345773351
25.400000000000002,18.99495,11.871724947120445
25.400000000000002,19.19596,11.888361883641617
25.400000000000002,19.39697,11.90495891636293
25.400000000000002,19.59798,11.921316129695036
25.400000000000002,19.79899,11.937423519441213
25.400000000000002,20.0,11.952371169198779
25.7,0.1,0.7968121591502276
25.7,0.3010101,1.1554885925317553
25.7,0.5020202,1.317499311836776
25.7,0.7030303,1.4165259962281935
25.7,0.9040404,1.504197267875497
25.7,1.105051,1.5751723742721448
25.7,1.306061,1.658424812272037
25.7,1.507071,1.7578554565868032
25.7,1.708081,1.8716015787030547
25.7,1.909091,1.9999455297538795
25.7,2.110101,2.1328327005876733
25.7,2.311111,2.27371366806799
25.7,2.512121,2.419872962046883
25.7,2.713131,2.572526121746891
25.7,2.914141,2.7314951116426687
25.7,3.115152,2.8957841720699884
25.7,3.316162,3.0679337537568965
25.7,3.517172,3.2476777289575773
25.7,3.718182,3.43911787048035
25.7,3.919192,3.6434862611764185
25.7,4.120202,3.8608795056702734
25.7,4.321212,4.0925381658567765
25.7,4.522222,4.340025363064017
25.7,4.723232,4.6070322822492304
25.7,4.924242,4.893656408178972
25.7,5.125253,5.199032381732376
25.7,5.326263,5.518954487799498
25.7,5.527273,5.856019097305088
25.7,5.728283,6.206892319116863
25.7,5.929293,6.566825898095452
25.7,6.130303,6.933472406509329
25.7,6.331313,7.295730011709782
25.7,6.532323,7.655604772156471
25.7,6.733333,8.00170168725622
25.7,6.934343,8.325650680063289
25.7,7.135354,8.629821482879938
25.7,7.336364,8.907195516781501
25.7,7.537374,9.160808114399934
25.7,7.738384,9.385883886921858
25.7,7.939394,9.58047311942155
25.7,8.140404,9.75365766106503
25.7,8.341414,9.90632799220156
25.7,8.542424,10.041468816786827
25.7,8.743434,10.160204363339227
25.7,8.944444,10.262581938696725
25.7,9.145455,10.35449591162744
25.7,9.346465,10.437285423840281
25.7,9.547475,10.512157518918313
25.7,9.748485,10.580211510589837
25.7,9.949495,10.638939754349414
25.7,10.15051,10.695582130202052
25.7,10.35152,10.748113442738164
25.7,10.55253,10.798469982456673
25.7,10.75354,10.842725779237204
25.7,10.95455,10.887003930593359
25.7,11.15556,10.92694891531282
25.7,11.35657,10.965626959229398
25.7,11.55758,11.00311746476518
25.7,11.75859,11.037752884039847
25.7,11.9596,11.072399662497698
25.7,12.16061,11.104640255545977
25.7,12.36162,11.13627250925724
25.7,12.56263,11.16717618584533
25.7,12.76364,11.196482682207762
25.7,12.96465,11.225790042843864
25.7,13.16566,11.253549718924758
25.7,13.36667,11.280990385787984
25.7,13.56768,11.30790196424253
25.7,13.76869,11.333785306560253
25.7,13.9697,11.359669233491084
25.7,14.17071,11.384424694950074
25.7,14.37172,11.408970795975902
25.7,14.57273,11.43309754125363
25.7,14.77374,11.456475466827387
25.7,14.97475,11.479863800862686
25.7,15.17576,11.50233322429587
25.7,15.37677,11.524663080031452
25.7,15.57778,11.546623423203894
25.7,15.77879,11.56801458493632
25.7,15.9798,11.589406036499371
25.7,16.18081,11.610028290148746
25.7,16.38182,11.63056084161036
25.7,16.58283,11.650743773457918
25.7,16.78384,11.67048727854715
25.7,16.98485,11.6902309905891
25.7,17.18586,11.709305300680343
25.7,17.38687,11.728319816438022
25.7,17.58788,11.747014631259036
25.7,17.78889,11.76535984595795
25.7,17.9899,11.7837152092677
25.7,18.19091,11.80147101843708
25.7,18.39192,11.819206969499984
25.7,18.59293,11.836643155499452
25.7,18.79394,11.853799616818831
25.7,18.99495,11.870956185814265
25.7,19.19596,11.8875930878542
25.7,19.39697,11.904220087847493
25.7,19.59798,11.92058726621527
25.7,19.79899,11.93438499763749
25.7,20.0,11.94815279138548
26.0,0.1,0.8027195857788657
26.0,0.3010101,1.163496543489121
26.0,0.5020202,1.329401702092923
26.0,0.7030303,1.4346642723575282
26.0,0.9040404,1.521131664644955
26.0,1.105051,1.60106892675037
26.0,1.306061,1.6898157103468279
26.0,1.507071,1.7960978036690043
26.0,1.708081,1.9173572911627468
26.0,1.909091,2.047494333711383
26.0,2.110101,2.1856708616484983
26.0,2.311111,2.3275944922728273
26.0,2.512121,2.4762370988237232
26.0,2.713131,2.6306163344864997
26.0,2.914141,2.790231189437967
26.0,3.115152,2.9563015864252495
26.0,3.316162,3.12885366822807
26.0,3.517172,3.309611966376073
26.0,3.718182,3.501648929224176
26.0,3.919192,3.7061399767085788
26.0,4.120202,3.9235029481132853
26.0,4.321212,4.155028701221744
26.0,4.522222,4.401436293766473
26.0,4.723232,4.66702185579513
26.0,4.924242,4.952381542716079
26.0,5.125253,5.253821072941264
26.0,5.326263,5.572478343602306
26.0,5.527273,5.904444796249505
26.0,5.728283,6.250891972699765
26.0,5.929293,6.6075930170482735
26.0,6.130303,6.96627699850384
26.0,6.331313,7.326326356210441
26.0,6.532323,7.6788412934463945
26.0,6.733333,8.019964867766372
26.0,6.934343,8.340766454813316
26.0,7.135354,8.638842981554818
26.0,7.336364,8.914804427664052
26.0,7.537374,9.164683265864877
26.0,7.738384,9.387874137982402
26.0,7.939394,9.581472246365635
26.0,8.140404,9.753160888357385
26.0,8.341414,9.90554633979632
26.0,8.542424,10.040101692543097
26.0,8.743434,10.158629414602311
26.0,8.944444,10.260938667884218
26.0,9.145455,10.35280481107056
26.0,9.346465,10.435595217461959
26.0,9.547475,10.510538893112823
26.0,9.748485,10.578643845465287
26.0,9.949495,10.63316870521213
26.0,10.15051,10.686726155655274
26.0,10.35152,10.743592264998158
26.0,10.55253,10.797185697775141
26.0,10.75354,10.841522336901235
26.0,10.95455,10.885800619136484
26.0,11.15556,10.925745721354858
26.0,11.35657,10.964444039947901
26.0,11.55758,11.002015630589673
26.0,11.75859,11.03668157644656
26.0,11.9596,11.071328398876544
26.0,12.16061,11.103569032072675
26.0,12.36162,11.135211455121294
26.0,12.56263,11.166135890444718
26.0,12.76364,11.195442714566507
26.0,12.96465,11.224750072744701
26.0,13.16566,11.252519746210535
26.0,13.36667,11.279960512057906
26.0,13.56768,11.306872607290183
26.0,13.76869,11.332756140262058
26.0,13.9697,11.358640039505865
26.0,14.17071,11.383395475304347
26.0,14.37172,11.407951625722617
26.0,14.57273,11.432078703441876
26.0,14.77374,11.455466725908261
26.0,14.97475,11.47885501971348
26.0,15.17576,11.501324405632324
26.0,15.37677,11.523664276652811
26.0,15.57778,11.545644815270295
26.0,15.77879,11.567046013265612
26.0,15.9798,11.588437420000663
26.0,16.18081,11.609059631946712
26.0,16.38182,11.629602176387577
26.0,16.58283,11.649825208448506
26.0,16.78384,11.669578713830218
26.0,16.98485,11.689322381505914
26.0,17.18586,11.70839665028261
26.0,17.38687,11.727421146017946
26.0,17.58788,11.746165999374945
26.0,17.78889,11.764531195377867
26.0,17.9899,11.782876517564764
26.0,18.19091,11.800642288393925
26.0,18.39192,11.818378212987628
26.0,18.59293,11.835864399673442
26.0,18.79394,11.8530408340541
26.0,18.99495,11.870197366328098
26.0,19.19596,11.886834234189424
26.0,19.39697,11.903471206144799
26.0,19.59798,11.919878364345575
26.0,19.79899,11.93486588218198
26.0,20.0,11.94864365321316
26.3,0.1,0.8077097359583644
26.3,0.3010101,1.1707946838789622
26.3,0.5020202,1.3395994934577666
26.3,0.7030303,1.4491199084499362
26.3,0.9040404,1.5411242593247756
26.3,1.105051,1.626612503356583
26.3,1.306061,1.7231248904390357
26.3,1.507071,1.8359238880731783
26.3,1.708081,1.9615200960530057
26.3,1.909091,2.096696436250017
26.3,2.110101,2.237275337506705
26.3,2.311111,2.381954284282582
26.3,2.512121,2.532058668355356
26.3,2.713131,2.687681003137138
26.3,2.914141,2.8487554267731023
26.3,3.115152,3.015677237473752
26.3,3.316162,3.189317103857041
26.3,3.517172,3.3706684400500966
26.3,3.718182,3.563149854313236
26.3,3.919192,3.7679327772956026
26.3,4.120202,3.985232071283996
26.3,4.321212,4.216213527981293
26.3,4.522222,4.461942629069602
26.3,4.723232,4.726271223493833
26.3,4.924242,5.009431186286251
26.3,5.125253,5.308779879257912
26.3,5.326263,5.623539450963592
26.3,5.527273,5.952466305426625
26.3,5.728283,6.294858739264842
26.3,5.929293,6.646198317666652
26.3,6.130303,7.000691679691156
26.3,6.331313,7.354229931449
26.3,6.532323,7.702426934204023
26.3,6.733333,8.038713139516851
26.3,6.934343,8.354529769830577
26.3,7.135354,8.649371045700368
26.3,7.336364,8.921255384677854
26.3,7.537374,9.168932417152627
26.3,7.738384,9.390137460131385
26.3,7.939394,9.582217277904503
26.3,8.140404,9.753086338782484
26.3,8.341414,9.904644512403298
26.3,8.542424,10.038844303909825
26.3,8.743434,10.157124344698593
26.3,8.944444,10.25932558331094
26.3,9.145455,10.351163179934309
26.3,9.346465,10.433965198103309
26.3,9.547475,10.508939933678926
26.3,9.748485,10.5771059388302
26.3,9.949495,10.638052985018819
26.3,10.15051,10.692770335615783
26.3,10.35152,10.745402944241917
26.3,10.55253,10.795880870685336
26.3,10.75354,10.840237874394466
26.3,10.95455,10.884607000866973
26.3,11.15556,10.924602842823662
26.3,11.35657,10.963341677298644
26.3,11.55758,11.000913350149203
26.3,11.75859,11.035589518306416
26.3,11.9596,11.070266899446809
26.3,12.16061,11.102528026160892
26.3,12.36162,11.134180775673306
26.3,12.56263,11.165105231759334
26.3,12.76364,11.194422191474601
26.3,12.96465,11.22372992095788
26.3,13.16566,11.251499917988488
26.3,13.36667,11.278940880838872
26.3,13.56768,11.305862963152332
26.3,13.76869,11.331746572554689
26.3,13.9697,11.357630707654014
26.3,14.17071,11.382386343007038
26.3,14.37172,11.40694260105512
26.3,14.57273,11.431069648023625
26.3,14.77374,11.454467704949636
26.3,14.97475,11.477856136174553
26.3,15.17576,11.500335632419715
26.3,15.37677,11.522685550464862
26.3,15.57778,11.544666050055833
26.3,15.77879,11.566077253903568
26.3,15.9798,11.587478729116295
26.3,16.18081,11.608120990729578
26.3,16.38182,11.628673544075008
26.3,16.58283,11.648896534891918
26.3,16.78384,11.668660028230661
26.3,16.98485,11.688423719396559
26.3,17.18586,11.707517999704669
26.3,17.38687,11.726552482666042
26.3,17.58788,11.74530729621346
26.3,17.78889,11.763672470190011
26.3,17.9899,11.782047788863045
26.3,18.19091,11.79983354933071
26.3,18.39192,11.81758945032957
26.3,18.59293,11.83507560069506
26.3,18.79394,11.852252008460782
26.3,18.99495,11.869438522613581
26.3,19.19596,11.886105370174596
26.3,19.39697,11.902752315271151
26.3,19.59798,11.919159441200435
26.3,19.79899,11.935316744070612
26.3,20.0,11.951474126401983
26.6,0.1,0.8120847540988027
26.6,0.3010101,1.1773833966175424
26.6,0.5020202,1.3493138630217203
26.6,0.7030303,1.4586060378113688
26.6,0.9040404,1.5620249710679377
26.6,1.105051,1.653308830673682
26.6,1.306061,1.7576155111298073
26.6,1.507071,1.8765812732111216
26.6,1.708081,2.006222179869912
26.6,1.909091,2.1458611268852854
26.6,2.110101,2.288674512062662
26.6,2.311111,2.4358297262877677
26.6,2.512121,2.5873122177752426
26.6,2.713131,2.7440984180247527
26.6,2.914141,2.9065083497501956
26.6,3.115152,3.0742362341502236
26.6,3.316162,3.248865537500976
26.6,3.517172,3.430771510609996
26.6,3.718182,3.6236530203702477
26.6,3.919192,3.828661646953709
26.6,4.120202,4.045872141928452
26.6,4.321212,4.276259685357847
26.6,4.522222,4.52129650838391
26.6,4.723232,4.784363667025175
26.6,4.924242,5.065334946246647
26.6,5.125253,5.362613368221536
26.6,5.326263,5.673555608187257
26.6,5.527273,5.999486405509778
26.6,5.728283,6.33790774723692
26.6,5.929293,6.684033599961825
26.6,6.130303,7.034418539429234
26.6,6.331313,7.381660087050429
26.6,6.532323,7.7256261388622525
26.6,6.733333,8.057199908202548
26.6,6.934343,8.368171420713463
26.6,7.135354,8.6598332793053
26.6,7.336364,8.927739218992762
26.6,7.537374,9.17324029316346
26.6,7.738384,9.392481316913601
26.6,7.939394,9.583047657602943
26.6,8.140404,9.753097050039745
26.6,8.341414,9.903818799571487
26.6,8.542424,10.037656977191805
26.6,8.743434,10.155689277393085
26.6,8.944444,10.257762457030289
26.6,9.145455,10.349561484125546
26.6,9.346465,10.432375053477433
26.6,9.547475,10.507380828826083
26.6,9.748485,10.575597829975417
26.6,9.949495,10.630244286211488
26.6,10.15051,10.689236089432153
26.6,10.35152,10.744066792108207
26.6,10.55253,10.794625481521186
26.6,10.75354,10.839002878263274
26.6,10.95455,10.883452897043806
26.6,11.15556,10.923519500649991
26.6,11.35657,10.962288868602487
26.6,11.55758,10.99986063993335
26.6,11.75859,11.03454704732245
26.6,11.9596,11.06925500610772
26.6,12.16061,11.101536642622378
26.6,12.36162,11.133199732818658
26.6,12.56263,11.164124221827091
26.6,12.76364,11.19344132867743
26.6,12.96465,11.222769440304312
26.6,13.16566,11.250539771043236
26.6,13.36667,11.277980941102303
26.6,13.56768,11.304893020623455
26.6,13.76869,11.33077671569455
26.6,13.9697,11.356661096019943
26.6,14.17071,11.381416940221314
26.6,14.37172,11.405973314925516
26.6,14.57273,11.43011033900357
26.6,14.77374,11.453498439015128
26.6,14.97475,11.476897016981987
26.6,15.17576,11.499386633068717
26.6,15.37677,11.521736606752107
26.6,15.57778,11.543727073776001
26.6,15.77879,11.56513829126557
26.6,15.9798,11.586559844085713
26.6,16.18081,11.607212164613188
26.6,16.38182,11.627774734589716
26.6,16.58283,11.647997689595815
26.6,16.78384,11.667771177547582
26.6,16.98485,11.687554900820713
26.6,17.18586,11.70666920111573
26.6,17.38687,11.72571367791701
26.6,17.58788,11.74446845614082
26.6,17.78889,11.76284361392782
26.6,17.9899,11.781238937042895
26.6,18.19091,11.799044695339653
26.6,18.39192,11.816810578762318
26.6,18.59293,11.834296696260896
26.6,18.79394,11.851493083313136
26.6,18.99495,11.868699588264963
26.6,19.19596,11.885386424545505
26.6,19.39697,11.902043348566817
26.6,19.59798,11.918460444706458
26.6,19.79899,11.933457920312348
26.6,20.0,11.947275666356472
26.900000000000002,0.1,0.8160990030943668
26.900000000000002,0.3010101,1.1836608197519078
26.900000000000002,0.5020202,1.357911579303423
26.900000000000002,0.7030303,1.4745212661472853
26.900000000000002,0.9040404,1.58085783540575
26.900000000000002,1.105051,1.6824614565473057
26.900000000000002,1.306061,1.7924318029445288
26.900000000000002,1.507071,1.9173428999518358
26.900000000000002,1.708081,2.052836648199317
26.900000000000002,1.909091,2.1938907510130163
26.900000000000002,2.110101,2.340630610740394
26.900000000000002,2.311111,2.4886361397234937
26.900000000000002,2.512121,2.642116645873043
26.900000000000002,2.713131,2.8002928438483625
26.900000000000002,2.914141,2.96324366328675
26.900000000000002,3.115152,3.1324012095160256
26.900000000000002,3.316162,3.3073698086371106
26.900000000000002,3.517172,3.4900709500716545
26.900000000000002,3.718182,3.6833862460820908
26.900000000000002,3.919192,3.8884516850041115
26.900000000000002,4.120202,4.105440182302036
26.900000000000002,4.321212,4.3356626267211436
26.900000000000002,4.522222,4.579542456190193
26.900000000000002,4.723232,4.841167088295653
26.900000000000002,4.924242,5.120897250979394
26.900000000000002,5.125253,5.414374260576522
26.900000000000002,5.326263,5.724095613845432
26.900000000000002,5.527273,6.04520456681005
26.900000000000002,5.728283,6.379457893341687
26.900000000000002,5.929293,6.722551010780028
26.900000000000002,6.130303,7.065559384424103
26.900000000000002,6.331313,7.410721642908742
26.900000000000002,6.532323,7.747872235392933
26.900000000000002,6.733333,8.074818461032276
26.900000000000002,6.934343,8.38283708489948
26.900000000000002,7.135354,8.668803918021707
26.900000000000002,7.336364,8.935357890972078
26.900000000000002,7.537374,9.177288404773138
26.900000000000002,7.738384,9.394699018597239
26.900000000000002,7.939394,9.584280889779821
26.900000000000002,8.140404,9.752828839349576
26.900000000000002,8.341414,9.903260580372294
26.900000000000002,8.542424,10.036479985421606
26.900000000000002,8.743434,10.15428432716781
26.900000000000002,8.944444,10.256269104672157
26.900000000000002,9.145455,10.347990178050486
26.900000000000002,9.346465,10.430804608963552
26.900000000000002,9.547475,10.50584180705157
26.900000000000002,9.748485,10.574099649146488
26.900000000000002,9.949495,10.633050971480658
26.900000000000002,10.15051,10.685732338158056
26.900000000000002,10.35152,10.739594664391827
26.900000000000002,10.55253,10.793420267243096
26.900000000000002,10.75354,10.837888618260475
26.900000000000002,10.95455,10.882328798932678
26.900000000000002,11.15556,10.922395545107593
26.900000000000002,11.35657,10.961185214207335
26.900000000000002,11.55758,10.998848105616464
26.900000000000002,11.75859,11.033565068836582
26.900000000000002,11.9596,11.068273093852703
26.900000000000002,12.16061,11.100554791303228
26.900000000000002,12.36162,11.132218071596588
26.900000000000002,12.56263,11.163173343242322
26.900000000000002,12.76364,11.192490796258708
26.900000000000002,12.96465,11.22181892371945
26.900000000000002,13.16566,11.249589269159863
26.900000000000002,13.36667,11.277030554777275
26.900000000000002,13.56768,11.303943166865597
26.900000000000002,13.76869,11.329827068369747
26.900000000000002,13.9697,11.3557114368746
26.900000000000002,14.17071,11.380467270102102
26.900000000000002,14.37172,11.405023709360128
26.900000000000002,14.57273,11.429161084087006
26.900000000000002,14.77374,11.452559296257526
26.900000000000002,14.97475,11.475957847553172
26.900000000000002,15.17576,11.498437438944743
26.900000000000002,15.37677,11.520797441392478
26.900000000000002,15.57778,11.5427981252705
26.900000000000002,15.77879,11.564229392944283
26.900000000000002,15.9798,11.585650912377778
26.900000000000002,16.18081,11.60629320187625
26.900000000000002,16.38182,11.626865776577823
26.900000000000002,16.58283,11.647118853779762
26.900000000000002,16.78384,11.66690235417216
26.900000000000002,16.98485,11.686686042299412
26.900000000000002,17.18586,11.70580030987244
26.900000000000002,17.38687,11.724864776554158
26.900000000000002,17.58788,11.743649614235439
26.900000000000002,17.78889,11.762044763430481
26.900000000000002,17.9899,11.780440052743222
26.900000000000002,18.19091,11.798245779456918
26.900000000000002,18.39192,11.816021645043952
26.900000000000002,18.59293,11.833557783343561
26.900000000000002,18.79394,11.850754152731906
26.900000000000002,18.99495,11.86796062657561
26.900000000000002,19.19596,11.884647433912857
26.900000000000002,19.39697,11.901324337901249
26.900000000000002,19.59798,11.917771431966571
26.900000000000002,19.79899,11.931609087899458
26.900000000000002,20.0,11.94542680518238
27.2,0.1,0.8195523579263227
27.2,0.3010101,1.1895561328588125
27.2,0.5020202,1.3677035944739673
27.2,0.7030303,1.487476168537753
27.2,0.9040404,1.6044916095596244
27.2,1.105051,1.709785490743928
27.2,1.306061,1.8287720759313972
27.2,1.507071,1.9596313619786563
27.2,1.708081,2.0978535818863047
27.2,1.909091,2.243830712008221
27.2,2.110101,2.3907368410914978
27.2,2.311111,2.5417275471126017
27.2,2.512121,2.696336565672982
27.2,2.713131,2.8555538873594686
27.2,2.914141,3.0199991131535238
27.2,3.115152,3.1892556680792143
27.2,3.316162,3.365399153770067
27.2,3.517172,3.5485106675562372
27.2,3.718182,3.7421686927198596
27.2,3.919192,3.947404008237085
27.2,4.120202,4.1643388231920575
27.2,4.321212,4.393737289319168
27.2,4.522222,4.637100709028095
27.2,4.723232,4.897327040580226
27.2,4.924242,5.174279442846554
27.2,5.125253,5.467194028765211
27.2,5.326263,5.771997530874625
27.2,5.527273,6.091043918175327
27.2,5.728283,6.421022647713554
27.2,5.929293,6.757786440445008
27.2,6.130303,7.099588754280338
27.2,6.331313,7.436685592192493
27.2,6.532323,7.771060310453717
27.2,6.733333,8.092889029762492
27.2,6.934343,8.395117558845502
27.2,7.135354,8.680082331514415
27.2,7.336364,8.94145439236206
27.2,7.537374,9.181967647200215
27.2,7.738384,9.397162161649028
27.2,7.939394,9.584898681492547
27.2,8.140404,9.753169695153876
27.2,8.341414,9.902464464337404
27.2,8.542424,10.03544261753504
27.2,8.743434,10.152939355295816
27.2,8.944444,10.254756322668351
27.2,9.145455,10.34646836863149
27.2,9.346465,10.429264765640418
27.2,9.547475,10.504302745876103
27.2,9.748485,10.572601651582458
27.2,9.949495,10.631583338662256
27.2,10.15051,10.684375266284079
27.2,10.35152,10.738358134919917
27.2,10.55253,10.792174014237563
27.2,10.75354,10.836713327572491
27.2,10.95455,10.881234380027884
27.2,11.15556,10.921311454206444
27.2,11.35657,10.960161863459023
27.2,11.55758,10.997834995944086
27.2,11.75859,11.03258247532049
27.2,11.9596,11.06732094419982
27.2,12.16061,11.099602844992228
27.2,12.36162,11.131296619309047
27.2,12.56263,11.162242016777036
27.2,12.76364,11.191569809516855
27.2,12.96465,11.220898209392246
27.2,13.16566,11.248668677910329
27.2,13.36667,11.276110284294099
27.2,13.56768,11.303022952577372
27.2,13.76869,11.328907075801592
27.2,13.9697,11.354791606411569
27.2,14.17071,11.37954751019619
27.2,14.37172,11.404104152160759
27.2,14.57273,11.428241541803077
27.2,14.77374,11.451639892079735
27.2,14.97475,11.475038532133194
27.2,15.17576,11.497528157651258
27.2,15.37677,11.519888279577039
27.2,15.57778,11.54189895413669
27.2,15.77879,11.56333030002037
27.2,15.9798,11.58475185947295
27.2,16.18081,11.605414158537295
27.2,16.38182,11.625996795171043
27.2,16.58283,11.64624985052326
27.2,16.78384,11.666053387612653
27.2,16.98485,11.685847085285971
27.2,17.18586,11.704961347134823
27.2,17.38687,11.724045838200553
27.2,17.58788,11.74283064881282
27.2,17.78889,11.761245808056344
27.2,17.9899,11.779651089392644
27.2,18.19091,11.79746680126839
27.2,18.39192,11.815262668283278
27.2,18.59293,11.832798778747533
27.2,18.79394,11.850025141003282
27.2,18.99495,11.867241597482295
27.2,19.19596,11.883938384970211
27.2,19.39697,11.900635276313166
27.2,19.59798,11.917082344220667
27.2,19.79899,11.933279585148554
27.2,20.0,11.94829709632201
27.5,0.1,0.8227709844240694
27.5,0.3010101,1.195194214164864
27.5,0.5020202,1.3782448677487986
27.5,0.7030303,1.5076565033119327
27.5,0.9040404,1.624920414437622
27.5,1.105051,1.7409208186171747
27.5,1.306061,1.8653179546336878
27.5,1.507071,2.0013210434039865
27.5,1.708081,2.1444440789767034
27.5,1.909091,2.291549543420061
27.5,2.110101,2.441872597031977
27.5,2.311111,2.5935834389582504
27.5,2.512121,2.7501886027972526
27.5,2.713131,2.9105169344105692
27.5,2.914141,3.0754145553946635
27.5,3.115152,3.2459306661131686
27.5,3.316162,3.422360316577836
27.5,3.517172,3.60617414404984
27.5,3.718182,3.800165169643961
27.5,3.919192,4.0054261033182685
27.5,4.120202,4.222062242001404
27.5,4.321212,4.451267751348927
27.5,4.522222,4.693465650696312
27.5,4.723232,4.952233889845672
27.5,4.924242,5.2279834907623
27.5,5.125253,5.517179397732321
27.5,5.326263,5.820805084943127
27.5,5.527273,6.135194979660443
27.5,5.728283,6.461166746737259
27.5,5.929293,6.795036359107901
27.5,6.130303,7.129744490724178
27.5,6.331313,7.464879213948695
27.5,6.532323,7.7927052925984155
27.5,6.733333,8.11014039462064
27.5,6.934343,8.409526389649693
27.5,7.135354,8.688993331896532
27.5,7.336364,8.949073962043023
27.5,7.537374,9.186080774779064
27.5,7.738384,9.39950822275839
27.5,7.939394,9.586245901727908
27.5,8.140404,9.75302791193593
27.5,8.341414,9.902033497392042
27.5,8.542424,10.034365705794864
27.5,8.743434,10.151654359445207
27.5,8.944444,10.253363020892001
27.5,9.145455,10.344987281240881
27.5,9.346465,10.427774651413147
27.5,9.547475,10.502804421426168
27.5,9.748485,10.57110441135612
27.5,9.949495,10.62573203105358
27.5,10.15051,10.680620984622264
27.5,10.35152,10.739946580315795
27.5,10.55253,10.79103555561195
27.5,10.75354,10.835575176992988
27.5,10.95455,10.88015853381154
27.5,11.15556,10.920337546080328
27.5,11.35657,10.959198292799638
27.5,11.55758,10.996881547325797
27.5,11.75859,11.031619140457057
27.5,11.9596,11.066388338721474
27.5,12.16061,11.098711133502022
27.5,12.36162,11.130395051658011
27.5,12.56263,11.161350497889869
27.5,12.76364,11.190678336312994
27.5,12.96465,11.220007191800244
27.5,13.16566,11.24777822491798
27.5,13.36667,11.27521989578594
27.5,13.56768,11.30213257490967
27.5,13.76869,11.328016708522318
27.5,13.9697,11.353901544953668
27.5,14.17071,11.378657813527644
27.5,14.37172,11.403214476270213
27.5,14.57273,11.427351855550024
27.5,14.77374,11.45075019613836
27.5,14.97475,11.474149038067319
27.5,15.17576,11.496648889980689
27.5,15.37677,11.519009007139994
27.5,15.57778,11.541009660153623
27.5,15.77879,11.56244098532687
27.5,15.9798,11.58388266964397
27.5,16.18081,11.604565098586884
27.5,16.38182,11.625137716672135
27.5,16.58283,11.645400745106151
27.5,16.78384,11.665204256581045
27.5,16.98485,11.6850080240693
27.5,17.18586,11.704162351499862
27.5,17.38687,11.723236817818036
27.5,17.58788,11.742031600381928
27.5,17.78889,11.76044673280292
27.5,17.9899,11.778872046140634
27.5,18.19091,11.796717782909301
27.5,18.39192,11.814523623484446
27.5,18.59293,11.832049707108272
27.5,18.79394,11.849276043565535
27.5,18.99495,11.8665225063228
27.5,19.19596,11.883249291121283
27.5,19.39697,11.899946157377363
27.5,19.59798,11.916403200730754
27.5,19.79899,11.93260041795818
27.5,20.0,11.946458108271955
27.8,0.1,0.8254288563677069
27.8,0.3010101,1.2003709610740576
27.8,0.5020202,1.3878681140612092
27.8,0.7030303,1.5244237716147648
27.8,0.9040404,1.6493619619732334
27.8,1.105051,1.771711055899953
27.8,1.306061,1.9031444905883015
27.8,1.507071,2.043778994241254
27.8,1.708081,2.189640270775357
27.8,1.909091,2.339926050334432
27.8,2.110101,2.4919537008092636
27.8,2.311111,2.6461514365865297
27.8,2.512121,2.804924131032039
27.8,2.713131,2.9653260660781187
27.8,2.914141,3.1310207735241513
27.8,3.115152,3.3020793016906453
27.8,3.316162,3.4792859810884065
27.8,3.517172,3.6635962087706866
27.8,3.718182,3.85773334609905
27.8,3.919192,4.063187544158772
27.8,4.120202,4.279606122126081
27.8,4.321212,4.508092228280772
27.8,4.522222,4.749696646283931
27.8,4.723232,5.007010184749339
27.8,4.924242,5.280765776859311
27.8,5.125253,5.567941928485093
27.8,5.326263,5.867882734667038
27.8,5.527273,6.179568551913342
27.8,5.728283,6.501718996126602
27.8,5.929293,6.830760205761574
27.8,6.130303,7.161692611042989
27.8,6.331313,7.490932013010835
27.8,6.532323,7.814801087692612
27.8,6.733333,8.128036367789601
27.8,6.934343,8.422686114030402
27.8,7.135354,8.699282324288442
27.8,7.336364,8.955610968617238
27.8,7.537374,9.190343548480659
27.8,7.738384,9.402169570959543
27.8,7.939394,9.587162744047042
27.8,8.140404,9.753219320279126
27.8,8.341414,9.901421797221177
27.8,8.542424,10.033258065052722
27.8,8.743434,10.15046880067933
27.8,8.944444,10.251899486475404
27.8,9.145455,10.343545382840125
27.8,9.346465,10.426324811999079
27.8,9.547475,10.50128627716321
27.8,9.748485,10.569578482946731
27.8,9.949495,10.630235292730994
27.8,10.15051,10.685453198801982
27.8,10.35152,10.73885665386162
27.8,10.55253,10.789966672668687
27.8,10.75354,10.83454896817779
27.8,10.95455,10.87914307414666
27.8,11.15556,10.919322272644907
27.8,11.35657,10.958223908112398
27.8,11.55758,10.995948119118415
27.8,11.75859,11.030716430434568
27.8,11.9596,11.065495838809754
27.8,12.16061,11.097808711661537
27.8,12.36162,11.129513072465333
27.8,12.56263,11.160469004673933
27.8,12.76364,11.189807259472893
27.8,12.96465,11.219136212858198
27.8,13.16566,11.246907274096527
27.8,13.36667,11.27434922304837
27.8,13.56768,11.301262204337787
27.8,13.76869,11.327146603057843
27.8,13.9697,11.35302148055283
27.8,14.17071,11.377777750301947
27.8,14.37172,11.402334592809025
27.8,14.57273,11.42647216299866
27.8,14.77374,11.449870669583465
27.8,14.97475,11.473269519324859
27.8,15.17576,11.495769357098839
27.8,15.37677,11.518139584724658
27.8,15.57778,11.540140351423283
27.8,15.77879,11.561581773041961
27.8,15.9798,11.583023446117716
27.8,16.18081,11.603705853043232
27.8,16.38182,11.624288532483483
27.8,16.58283,11.644561621226199
27.8,16.78384,11.664375181716421
27.8,16.98485,11.68418892814694
27.8,17.18586,11.703343230433353
27.8,17.38687,11.722437724462052
27.8,17.58788,11.74124253225355
27.8,17.78889,11.759677682766805
27.8,17.9899,11.77810297145906
27.8,18.19091,11.795958682816519
27.8,18.39192,11.813774529167162
27.8,18.59293,11.831320615684145
27.8,18.79394,11.848566950613307
27.8,18.99495,11.865813388525847
27.8,19.19596,11.882540149469921
27.8,19.39697,11.899257005464065
27.8,19.59798,11.914574238307068
27.8,19.79899,11.928421839332394
27.8,20.0,11.942259497508363
28.1,0.1,0.827884730393025
28.1,0.3010101,1.205444695117201
28.1,0.5020202,1.3977780996304854
28.1,0.7030303,1.5353413891492573
28.1,0.9040404,1.6751035586580019
28.1,1.105051,1.8037943604460989
28.1,1.306061,1.9416426344115654
28.1,1.507071,2.0864748707720935
28.1,1.708081,2.2347953688837974
28.1,1.909091,2.387567933035579
28.1,2.110101,2.540715652924328
28.1,2.311111,2.6957702474980825
28.1,2.512121,2.8547007202175787
28.1,2.713131,3.016639541252031
28.1,2.914141,3.185281857878732
28.1,3.115152,3.3569676869393428
28.1,3.316162,3.5351161510192353
28.1,3.517172,3.7197518459956354
28.1,3.718182,3.913375675329365
28.1,3.919192,4.11969406718585
28.1,4.120202,4.33594969197264
28.1,4.321212,4.563770861039858
28.1,4.522222,4.8045502263746185
28.1,4.723232,5.0596961891686565
28.1,4.924242,5.332266886642566
28.1,5.125253,5.6176127624353365
28.1,5.326263,5.913849507522521
28.1,5.527273,6.2227775811911465
28.1,5.728283,6.5406035252266035
28.1,5.929293,6.8655223478755385
28.1,6.130303,7.192893994367218
28.1,6.331313,7.516073733148957
28.1,6.532323,7.836330554736889
28.1,6.733333,8.145243953520644
28.1,6.934343,8.435423796270094
28.1,7.135354,8.709127308822742
28.1,7.336364,8.961588486148898
28.1,7.537374,9.194500709542206
28.1,7.738384,9.404832954716483
28.1,7.939394,9.587976807270891
28.1,8.140404,9.753144289591916
28.1,8.341414,9.900583486649547
28.1,8.542424,10.032147596904032
28.1,8.743434,10.149470697104285
28.1,8.944444,10.250483201242975
28.1,9.145455,10.342021022506714
28.1,9.346465,10.424913692415679
28.1,9.547475,10.49991865427977
28.1,9.748485,10.568427540070024
28.1,9.949495,10.622792534691147
28.1,10.15051,10.676899940196092
28.1,10.35152,10.734655496482253
28.1,10.55253,10.788990395050986
28.1,10.75354,10.83362358506567
28.1,10.95455,10.878228035761696
28.1,11.15556,10.918417407337413
28.1,11.35657,10.957339662243024
28.1,11.55758,10.99508457895241
28.1,11.75859,11.029873549721431
28.1,11.9596,11.064653161925916
28.1,12.16061,11.096976117994318
28.1,12.36162,11.128680902880488
28.1,12.56263,11.159647300838582
28.1,12.76364,11.188975961777357
28.1,12.96465,11.218305016850833
28.1,13.16566,11.246086112626543
28.1,13.36667,11.273518337562288
28.1,13.56768,11.300431618409196
28.1,13.76869,11.326306282217418
28.1,13.9697,11.352191205927198
28.1,14.17071,11.376937483093748
28.1,14.37172,11.401494508007392
28.1,14.57273,11.425632271810807
28.1,14.77374,11.449020948484222
28.1,14.97475,11.472419811515401
28.1,15.17576,11.494919640514453
28.1,15.37677,11.517289983693784
28.1,15.57778,11.539310868948641
28.1,15.77879,11.56075239276564
28.1,15.9798,11.58219405955755
28.1,16.18081,11.602876449055573
28.1,16.38182,11.62346919554028
28.1,16.58283,11.643752350540813
28.1,16.78384,11.66358596595705
28.1,16.98485,11.68339969566483
28.1,17.18586,11.702543976777186
28.1,17.38687,11.721658504263605
28.1,17.58788,11.740473343246391
28.1,17.78889,11.758928517767073
28.1,17.9899,11.777353785242282
28.1,18.19091,11.795209474399154
28.1,18.39192,11.813035332438364
28.1,18.59293,11.830611427899298
28.1,18.79394,11.847877767641709
28.1,18.99495,11.865124183478747
28.1,19.19596,11.88185092305195
28.1,19.39697,11.898577778173552
28.1,19.59798,11.91506480792005
28.1,19.79899,11.931302008538733
28.1,20.0,11.94515966096688
9.5,0.1,1.680971593711531
9.5,0.3010101,3.1424440403327463
9.5,0.5020202,3.1592471024168955
9.5,0.7030303,3.027558118932484
9.5,0.9040404,0.5412292208821994
9.5,1.306061,2.0496835928269466
9.5,1.507071,2.1768985662852023
9.5,1.708081,1.9887405940454703
9.5,1.909091,1.8768542791580445
9.5,2.110101,1.777906154625969
9.5,2.311111,1.664969434611332
9.5,2.512121,1.5420932998875632
9.5,2.713131,1.4217477034711603
9.5,2.914141,1.3198144228989572
9.5,3.115152,1.2520247178134833
9.5,3.316162,1.244267970276643
9.5,3.517172,1.2997694697519995
9.5,3.718182,1.4107953994050202
9.5,3.919192,1.5386805834958013
9.5,4.120202,1.6622718377876433
9.5,4.321212,1.7863233426959064
9.5,4.522222,1.9235659479074425
9.5,4.723232,2.083802715340217
9.5,4.924242,2.27070190774732
9.5,5.125253,2.480838690969065
9.5,5.326263,2.7164347194824634
9.5,5.527273,2.988522763722973
9.5,5.728283,3.3338431123920715
9.5,5.929293,3.7888598146305106
9.5,6.130303,4.366782667605299
9.5,6.331313,5.044759418498738
9.5,6.532323,5.813270050835518
9.5,6.733333,6.626631062402551
9.5,6.934343,7.41181099838316
9.5,7.135354,8.109482949891454
9.5,7.336364,8.702674665596208
9.5,7.537374,9.171772912904846
9.5,7.738384,9.524615045886389
9.5,7.939394,9.781567570205885
9.5,8.140404,9.986095857456663
9.5,8.341414,10.150591702766594
9.5,8.542424,10.2857412266236
9.5,8.743434,10.398007711844324
9.5,8.944444,10.491049720762867
9.5,9.145455,10.573323833154225
9.5,9.346465,10.646517987092706
9.5,9.547475,10.712611277717226
9.5,9.748485,10.77263222415064
9.5,9.949495,10.820943506023154
9.5,10.15051,10.869787079864642
9.5,10.35152,10.922752356471042
9.5,10.55253,10.968325064601192
9.5,10.75354,11.008522200584498
9.5,10.95455,11.049022000262957
9.5,11.15556,11.085785062241733
9.5,11.35657,11.121120306971504
9.5,11.55758,11.155237537138529
9.5,11.75859,11.186556552090305
9.5,11.9596,11.218237037161977
9.5,12.16061,11.247518660961479
9.5,12.36162,11.27579109309499
9.5,12.56263,11.30319419298251
9.5,12.76364,11.32887750787768
9.5,12.96465,11.35493174581047
9.5,13.16566,11.379405912473969
9.5,13.36667,11.403169971650934
9.5,13.56768,11.426323974954174
9.5,13.76869,11.448417552468538
9.5,13.9697,11.47085186841933
9.5,14.17071,11.492205653764232
9.5,14.37172,11.513088897857337
9.5,14.57273,11.533541830329469
9.5,14.77374,11.553344238224325
9.5,14.97475,11.573387324152659
9.5,15.17576,11.592679830271074
9.5,15.37677,11.611651665371605
9.5,15.57778,11.630313169371727
9.5,15.77879,11.648534248563204
9.5,15.9798,11.666935964864768
9.5,16.18081,11.684767196853759
9.5,16.38182,11.702377770286061
9.5,16.58283,11.719738076366736
9.5,16.78384,11.736778087076752
9.5,16.98485,11.753948687487418
9.5,17.18586,11.77065892266193
9.5,17.38687,11.787208565777192
9.5,17.58788,11.803548020905215
9.5,17.78889,11.819647288980837
9.5,17.9899,11.835837091674117
9.5,18.19091,11.85161663451223
9.5,18.39192,11.86729566522929
9.5,18.59293,11.882784577996041
9.5,18.79394,11.898073382121769
9.5,18.99495,11.91343266539929
9.5,19.19596,11.928431784650483
9.5,19.39697,11.94336045676188
9.5,19.59798,11.958109078226697
9.5,19.79899,11.972677657024704
9.5,20.0,11.985176820880863
9.8,0.1,1.0941144754656607
9.8,0.3010101,1.9080757574963108
9.8,0.5020202,2.118199906033564
9.8,0.7030303,1.9482036609597346
9.8,1.306061,1.3855249853813536
9.8,1.507071,2.1533120922711526
9.8,1.708081,1.9893454535974278
9.8,1.909091,1.8430281051251498
9.8,2.110101,1.7198369967205345
9.8,2.311111,1.6007189887364692
9.8,2.512121,1.4819528668402955
9.8,2.713131,1.3707694245142443
9.8,2.914141,1.2801789501870497
9.8,3.115152,1.2225121697675794
9.8,3.316162,1.2189240418630292
9.8,3.517172,1.2728063508032321
9.8,3.718182,1.379669879672052
9.8,3.919192,1.5056405018636154
9.8,4.120202,1.6302421572838954
9.8,4.321212,1.7541976729637947
9.8,4.522222,1.8882147767757747
9.8,4.723232,2.0425754751116325
9.8,4.924242,2.2223091210271213
9.8,5.125253,2.427481359670328
9.8,5.326263,2.668580887022201
9.8,5.527273,2.9491909585764335
9.8,5.728283,3.31073768128742
9.8,5.929293,3.7918656266815955
9.8,6.130303,4.387959685736409
9.8,6.331313,5.085286486499657
9.8,6.532323,5.857804568468716
9.8,6.733333,6.66431230522046
9.8,6.934343,7.433931758840694
9.8,7.135354,8.119767459411165
9.8,7.336364,8.698869298616666
9.8,7.537374,9.162254043411815
9.8,7.738384,9.512412370813095
9.8,7.939394,9.768908844422082
9.8,8.140404,9.973737314792068
9.8,8.341414,10.139124848463586
9.8,8.542424,10.27488921918891
9.8,8.743434,10.387840854681242
9.8,8.944444,10.481468222289875
9.8,9.145455,10.564127683203324
9.8,9.346465,10.637807602313346
9.8,9.547475,10.704176598476758
9.8,9.748485,10.76449351588044
9.8,9.949495,10.818767663899132
9.8,10.15051,10.867938218608266
9.8,10.35152,10.915413095629006
9.8,10.55253,10.961092136594637
9.8,10.75354,11.001676032007897
9.8,10.95455,11.042262561185305
9.8,11.15556,11.07902265772346
9.8,11.35657,11.114675093745456
9.8,11.55758,11.149209686795002
9.8,11.75859,11.18098638325738
9.8,11.9596,11.212754537367541
9.8,12.16061,11.242044105975129
9.8,12.36162,11.270694743062394
9.8,12.56263,11.29857628956047
9.8,12.76364,11.324718389584978
9.8,12.96465,11.350861192636692
9.8,13.16566,11.375334096603297
9.8,13.36667,11.399447356930338
9.8,13.56768,11.423020803431092
9.8,13.76869,11.445504058386089
9.8,13.9697,11.46798760641496
9.8,14.17071,11.489340695477756
9.8,14.37172,11.510503839389262
9.8,14.57273,11.531276863184672
9.8,14.77374,11.55135948862609
9.8,14.97475,11.571432219411566
9.8,15.17576,11.590734383673967
9.8,15.37677,11.609916513403217
9.8,15.57778,11.62879844290577
9.8,15.77879,11.647230001464258
9.8,15.9798,11.665651590911104
9.8,16.18081,11.683482686743334
9.8,16.38182,11.701243739681658
9.8,16.58283,11.71876460430146
9.8,16.78384,11.735955187987944
9.8,16.98485,11.753135778231048
9.8,17.18586,11.769845990677217
9.8,17.38687,11.786506174945485
9.8,17.58788,11.802966211139239
9.8,17.78889,11.819166055488424
9.8,17.9899,11.835355902086867
9.8,18.19091,11.851145481023245
9.8,18.39192,11.866905048875275
9.8,18.59293,11.882474512214234
9.8,18.79394,11.897843854754848
9.8,18.99495,11.913203202269731
9.8,19.19596,11.928202384051463
9.8,19.39697,11.943191568287805
9.8,19.59798,11.956960766285151
9.8,19.79899,11.969449977888182
9.8,20.0,11.981939195637116
10.100000000000001,0.1,1.303052296792669
10.100000000000001,0.3010101,2.239496093349752
10.100000000000001,0.5020202,2.2752143695597975
10.100000000000001,0.7030303,0.7322203692788343
10.100000000000001,0.9040404,0.03061903583181046
10.100000000000001,1.306061,1.5279406745693795
10.100000000000001,1.507071,2.0665103994389584
10.100000000000001,1.708081,1.9366333612488187
10.100000000000001,1.909091,1.7946348625789126
10.100000000000001,2.110101,1.6657554672899613
10.100000000000001,2.311111,1.5462515218064021
10.100000000000001,2.512121,1.4328672381683543
10.100000000000001,2.713131,1.3307843662977559
10.100000000000001,2.914141,1.2502403728826208
10.100000000000001,3.115152,1.2004218585072104
10.100000000000001,3.316162,1.1994140164580045
10.100000000000001,3.517172,1.2505751944815524
10.100000000000001,3.718182,1.3519700813383015
10.100000000000001,3.919192,1.473592185327351
10.100000000000001,4.120202,1.5968023584375064
10.100000000000001,4.321212,1.720066970951225
10.100000000000001,4.522222,1.851783949869615
10.100000000000001,4.723232,2.002070984804978
10.100000000000001,4.924242,2.1773217450027027
10.100000000000001,5.125253,2.380501158014624
10.100000000000001,5.326263,2.6302398722984277
10.100000000000001,5.527273,2.9204069351385114
10.100000000000001,5.728283,3.2987148953442653
10.100000000000001,5.929293,3.8036925944511797
10.100000000000001,6.130303,4.4156807567878325
10.100000000000001,6.331313,5.1267221479799
10.100000000000001,6.532323,5.901660292310271
10.100000000000001,6.733333,6.700824357303489
10.100000000000001,6.934343,7.455545228036655
10.100000000000001,7.135354,8.130083422207338
10.100000000000001,7.336364,8.69613212678202
10.100000000000001,7.537374,9.154003159620173
10.100000000000001,7.738384,9.501450575503414
10.100000000000001,7.939394,9.757336284121276
10.100000000000001,8.140404,9.962378919034483
10.100000000000001,8.341414,10.128477863740976
10.100000000000001,8.542424,10.264797264346445
10.100000000000001,8.743434,10.37837419898717
10.100000000000001,8.944444,10.472537126736592
10.100000000000001,9.145455,10.555542231186786
10.100000000000001,9.346465,10.62966816336717
10.100000000000001,9.547475,10.696283190141404
10.100000000000001,9.748485,10.756876371706571
10.100000000000001,9.949495,10.80566108865099
10.100000000000001,10.15051,10.854128411308263
10.100000000000001,10.35152,10.905667002356967
10.100000000000001,10.55253,10.954431079818288
10.100000000000001,10.75354,10.995322089942626
10.100000000000001,10.95455,11.035975679211365
10.100000000000001,11.15556,11.07274310512647
10.100000000000001,11.35657,11.108652985631904
10.100000000000001,11.55758,11.143535146685673
10.100000000000001,11.75859,11.175689657062119
10.100000000000001,11.9596,11.207535673319278
10.100000000000001,12.16061,11.236823372185775
10.100000000000001,12.36162,11.265802253180736
10.100000000000001,12.56263,11.294092213430819
10.100000000000001,12.76364,11.32064300501922
10.100000000000001,12.96465,11.346854450821814
10.100000000000001,13.16566,11.371326190632596
10.100000000000001,13.36667,11.39576853063619
10.100000000000001,13.56768,11.419711239033512
10.100000000000001,13.76869,11.442543970020955
10.100000000000001,13.9697,11.465086766710087
10.100000000000001,14.17071,11.486439205440217
10.100000000000001,14.37172,11.507872065194197
10.100000000000001,14.57273,11.52893495748054
10.100000000000001,14.77374,11.54928757927282
10.100000000000001,14.97475,11.569399947607575
10.100000000000001,15.17576,11.588701788537433
10.100000000000001,15.37677,11.608084024766777
10.100000000000001,15.57778,11.627196170262902
10.100000000000001,15.77879,11.645808008662776
10.100000000000001,15.9798,11.664259458132598
10.100000000000001,16.18081,11.682090423089548
10.100000000000001,16.38182,11.700001787937932
10.100000000000001,16.58283,11.717683034191039
10.100000000000001,16.78384,11.735014025012436
10.100000000000001,16.98485,11.752214593096573
10.100000000000001,17.18586,11.768914782435038
10.100000000000001,17.38687,11.785695367561914
10.100000000000001,17.58788,11.802265842561825
10.100000000000001,17.78889,11.818566130267156
10.100000000000001,17.9899,11.834776011912986
10.100000000000001,18.19091,11.850555624510479
10.100000000000001,18.39192,11.866405613891258
10.100000000000001,18.59293,11.882065512589943
10.100000000000001,18.79394,11.897505284241522
10.100000000000001,18.99495,11.912864690422914
10.100000000000001,19.19596,11.927863931919605
10.100000000000001,19.39697,11.942913511501263
10.100000000000001,19.59798,11.957793025994286
10.100000000000001,19.79899,11.972472465694159
10.100000000000001,20.0,11.984971737527918
28.400000000000002,0.1,0.8299896166121113
28.400000000000002,0.3010101,1.2108498956547913
28.400000000000002,0.5020202,1.4070615843535688
28.400000000000002,0.7030303,1.5548398055761876
28.400000000000002,0.9040404,1.6985470491130097
28.400000000000002,1.105051,1.8378190125485203
28.400000000000002,1.306061,1.9799849493129134
28.400000000000002,1.507071,2.1286657682397334
28.400000000000002,1.708081,2.2803495455739142
28.400000000000002,1.909091,2.4337910129826867
28.400000000000002,2.110101,2.5887986484728636
28.400000000000002,2.311111,2.743935492314511
28.400000000000002,2.512121,2.896296551560306
28.400000000000002,2.713131,3.07462519372159
28.400000000000002,2.914141,3.244656716098676
28.400000000000002,3.115152,3.415896677061286
28.400000000000002,3.316162,3.592120039492097
28.400000000000002,3.517172,3.785807429804005
28.400000000000002,3.718182,3.9780080084038447
28.400000000000002,3.919192,4.182103682817458
28.400000000000002,4.120202,4.396215781540323
28.400000000000002,4.321212,4.620509885114486
28.400000000000002,4.522222,4.869612294162878
28.400000000000002,4.723232,5.121048491215001
28.400000000000002,4.924242,5.389198936724348
28.400000000000002,5.125253,5.670588656476518
28.400000000000002,5.326263,5.960336527566415
28.400000000000002,5.527273,6.2721910128938045
28.400000000000002,5.728283,6.581656767462519
28.400000000000002,5.929293,6.902905368903275
28.400000000000002,6.130303,7.2257634815023595
28.400000000000002,6.331313,7.540911974473275
28.400000000000002,6.532323,7.855697224498223
28.400000000000002,6.733333,8.154627932296577
28.400000000000002,6.934343,8.446742547686103
28.400000000000002,7.135354,8.718455560504577
28.400000000000002,7.336364,8.966794103065387
28.400000000000002,7.537374,9.192319564157849
28.400000000000002,7.738384,9.397917692986983
28.400000000000002,7.939394,9.586422377094616
28.400000000000002,8.140404,9.752020418768362
28.400000000000002,8.341414,9.89927065804056
28.400000000000002,8.542424,10.026827990032766
28.400000000000002,8.743434,10.143135417003878
28.400000000000002,8.944444,10.247706452868009
28.400000000000002,9.145455,10.339995898093203
28.400000000000002,9.346465,10.423350651876612
28.400000000000002,9.547475,10.496817599093122
28.400000000000002,9.748485,10.565418464717803
28.400000000000002,9.949495,10.628335729766405
28.400000000000002,10.15051,10.683624259550148
28.400000000000002,10.35152,10.736906150420216
28.400000000000002,10.55253,10.787925410061133
28.400000000000002,10.75354,10.832568773136167
28.400000000000002,10.95455,10.877263534497867
28.400000000000002,11.15556,10.917553428715529
28.400000000000002,11.35657,10.956485946228245
28.400000000000002,11.55758,10.99423098936126
28.400000000000002,11.75859,11.029020074391141
28.400000000000002,11.9596,11.06382031858282
28.400000000000002,12.16061,11.096154057601488
28.400000000000002,12.36162,11.127868989295415
28.400000000000002,12.56263,11.158835446063497
28.400000000000002,12.76364,11.188164161719685
28.400000000000002,12.96465,11.217493651492246
28.400000000000002,13.16566,11.245265285137247
28.400000000000002,13.36667,11.272697583619504
28.400000000000002,13.56768,11.299610885928038
28.400000000000002,13.76869,11.325485570128611
28.400000000000002,13.9697,11.351360798022867
28.400000000000002,14.17071,11.376107436856781
28.400000000000002,14.37172,11.400664492399727
28.400000000000002,14.57273,11.42480225603547
28.400000000000002,14.77374,11.448200932451899
28.400000000000002,14.97475,11.471590003625538
28.400000000000002,15.17576,11.49409006627769
28.400000000000002,15.37677,11.51647041385329
28.400000000000002,15.57778,11.538481286719955
28.400000000000002,15.77879,11.559922798487758
28.400000000000002,15.9798,11.581374600157758
28.400000000000002,16.18081,11.602067131010706
28.400000000000002,16.38182,11.62266986699804
28.400000000000002,16.58283,11.642953002965688
28.400000000000002,16.78384,11.66277660031879
28.400000000000002,16.98485,11.682610410939542
28.400000000000002,17.18586,11.701774770164123
28.400000000000002,17.38687,11.720889279714566
28.400000000000002,17.58788,11.739714097148024
28.400000000000002,17.78889,11.758159251081418
28.400000000000002,17.9899,11.776614561836688
28.400000000000002,18.19091,11.794490288524157
28.400000000000002,18.39192,11.8123261257215
28.400000000000002,18.59293,11.829892199575148
28.400000000000002,18.79394,11.847158518445989
28.400000000000002,18.99495,11.864434953423572
28.400000000000002,19.19596,11.881181707812479
28.400000000000002,19.39697,11.89791854203088
28.400000000000002,19.59798,11.914405551109553
28.400000000000002,19.79899,11.930642731810785
28.400000000000002,20.0,11.945710196770461
28.7,0.1,0.8320178059277601
28.7,0.3010101,1.2163817175861251
28.7,0.5020202,1.418142114245296
28.7,0.7030303,1.5748627212247388
28.7,0.9040404,1.7256646063419787
28.7,1.105051,1.8691448696268986
28.7,1.306061,2.0182415070061985
28.7,1.507071,2.175454368292194
28.7,1.708081,2.3254139579341517
28.7,1.909091,2.483308616375481
28.7,2.110101,2.638623496409188
28.7,2.311111,2.7987789985740865
28.7,2.512121,2.9558405057687764
28.7,2.713131,3.1271247400171305
28.7,2.914141,3.3120902055302315
28.7,3.115152,3.48512473587868
28.7,3.316162,3.666282464127241
28.7,3.517172,3.852130229348761
28.7,3.718182,4.053765260300607
28.7,3.919192,4.253883808426949
28.7,4.120202,4.4690082545191965
28.7,4.321212,4.6979030075738955
28.7,4.522222,4.934974634426894
28.7,4.723232,5.195464587703345
28.7,4.924242,5.454187184691137
28.7,5.125253,5.734436623512794
28.7,5.326263,6.024821085393627
28.7,5.527273,6.323271521622195
28.7,5.728283,6.633110063023481
28.7,5.929293,6.942877442935661
28.7,6.130303,7.259809265518909
28.7,6.331313,7.569904569477461
28.7,6.532323,7.878718985292652
28.7,6.733333,8.16511286345445
28.7,6.934343,8.454758579565175
28.7,7.135354,8.718715996794867
28.7,7.336364,8.961824669544827
28.7,7.537374,9.193007377679798
28.7,7.738384,9.385281752461031
28.7,7.939394,9.581366900672837
28.7,8.140404,9.742241386099918
28.7,8.341414,9.887952903550955
28.7,8.542424,10.022687056438484
28.7,8.743434,10.131980487713953
28.7,8.944444,10.243460789605953
28.7,9.145455,10.333264066135243
28.7,9.346465,10.416620112991934
28.7,9.547475,10.493975334386073
28.7,9.748485,10.559843071023135
28.7,9.949495,10.62662576987699
28.7,10.15051,10.682025962915032
28.7,10.35152,10.735632864574509
28.7,10.55253,10.78673333700105
28.7,10.75354,10.831525715765641
28.7,10.95455,10.876349620000044
28.7,11.15556,10.916659676203764
28.7,11.35657,10.955642424966447
28.7,11.55758,10.993397608550032
28.7,11.75859,11.028207076540475
28.7,11.9596,11.063027656157454
28.7,12.16061,11.095361582498024
28.7,12.36162,11.127076930769416
28.7,12.56263,11.15804351394242
28.7,12.76364,11.18738254290772
28.7,12.96465,11.216712288702338
28.7,13.16566,11.244474053109085
28.7,13.36667,11.271916659120638
28.7,13.56768,11.298820032130822
28.7,13.76869,11.324694939574583
28.7,13.9697,11.350570336048708
28.7,14.17071,11.375317059428934
28.7,14.37172,11.39986432477753
28.7,14.57273,11.423992120053416
28.7,14.77374,11.44739094691884
28.7,14.97475,11.470790120998615
28.7,15.17576,11.49329023420267
28.7,15.37677,11.515660716766153
28.7,15.57778,11.537671596348764
28.7,15.77879,11.559123203133199
28.7,15.9798,11.580575061631086
28.7,16.18081,11.601267618535946
28.7,16.38182,11.621880434662149
28.7,16.58283,11.642163562901223
28.7,16.78384,11.661997215007503
28.7,16.98485,11.681841051488577
28.7,17.18586,11.701015419922843
28.7,17.38687,11.720139972117936
28.7,17.58788,11.73896477423001
28.7,17.78889,11.757419955608583
28.7,17.9899,11.77588527302577
28.7,18.19091,11.79377099845071
28.7,18.39192,11.81161685453083
28.7,18.59293,11.829192909979547
28.7,18.79394,11.846469240176928
28.7,18.99495,11.863755671520911
28.7,19.19596,11.880512419611536
28.7,19.39697,11.897259260332188
28.7,19.59798,11.91375625043736
28.7,19.79899,11.927653839399202
28.7,20.0,11.941531488238622
29.0,0.1,0.8343809353811312
29.0,0.3010101,1.2221591878716918
29.0,0.5020202,1.430323109754591
29.0,0.7030303,1.595436352199952
29.0,0.9040404,1.7466097732834727
29.0,1.105051,1.9070499414802489
29.0,1.306061,2.062200417557842
29.0,1.507071,2.2279592067154206
29.0,1.708081,2.3870791841475687
29.0,1.909091,2.5378505616982134
29.0,2.110101,2.6964705253598176
29.0,2.311111,2.8658009080361833
29.0,2.512121,3.026207101578029
29.0,2.713131,3.1971888675000684
29.0,2.914141,3.368481553258479
29.0,3.115152,3.5454233580395065
29.0,3.316162,3.726571964220635
29.0,3.517172,3.909332748130765
29.0,3.718182,4.1108787963777775
29.0,3.919192,4.312531752144536
29.0,4.120202,4.530472977852295
29.0,4.321212,4.75924035108307
29.0,4.522222,4.990239133636155
29.0,4.723232,5.248275127846079
29.0,4.924242,5.508780296041989
29.0,5.125253,5.787902894399456
29.0,5.326263,6.077694894217123
29.0,5.527273,6.365965552706737
29.0,5.728283,6.670587886015525
29.0,5.929293,6.9804430456452105
29.0,6.130303,7.290450114046409
29.0,6.331313,7.599507560505333
29.0,6.532323,7.899207537227579
29.0,6.733333,8.180523163645043
29.0,6.934343,8.466942616504802
29.0,7.135354,8.724193509947401
29.0,7.336364,8.966495635111851
29.0,7.537374,9.196033777945754
29.0,7.738384,9.386186544299415
29.0,7.939394,9.578479933632757
29.0,8.140404,9.738232474992518
29.0,8.341414,9.883697122935953
29.0,8.542424,10.020696978745862
29.0,8.743434,10.12969325241611
29.0,8.944444,10.239005868131224
29.0,9.145455,10.329531156468631
29.0,9.346465,10.412877909311499
29.0,9.547475,10.492083577318976
29.0,9.748485,10.55795341192208
29.0,9.949495,10.623825371073304
29.0,10.15051,10.680517518602665
29.0,10.35152,10.734155233985103
29.0,10.55253,10.785599165944976
29.0,10.75354,10.830571352935038
29.0,10.95455,10.875395417785187
29.0,11.15556,10.915705617608452
29.0,11.35657,10.954708601657556
29.0,11.55758,10.992574398236286
29.0,11.75859,11.027424261053044
29.0,11.9596,11.06223493316136
29.0,12.16061,11.094578942534543
29.0,12.36162,11.126294466234446
29.0,12.56263,11.15728168842924
29.0,12.76364,11.18661102981075
29.0,12.96465,11.215950820545066
29.0,13.16566,11.243712626855302
29.0,13.36667,11.271145359563176
29.0,13.56768,11.298049228466281
29.0,13.76869,11.323924346508504
29.0,13.9697,11.349789759734803
29.0,14.17071,11.374536498692377
29.0,14.37172,11.39908384833057
29.0,14.57273,11.423211998462719
29.0,14.77374,11.44660095714813
29.0,14.97475,11.47000013036252
29.0,15.17576,11.49250024283293
29.0,15.37677,11.514870777465282
29.0,15.57778,11.536891897790913
29.0,15.77879,11.558343579739475
29.0,15.9798,11.579795427340986
29.0,16.18081,11.600487974037065
29.0,16.38182,11.621100818471731
29.0,16.58283,11.641404100851538
29.0,16.78384,11.661247790071167
29.0,16.98485,11.681081610518802
29.0,17.18586,11.700255963793058
29.0,17.38687,11.719390527645924
29.0,17.58788,11.738235422043862
29.0,17.78889,11.756710616626725
29.0,17.9899,11.775175915834842
29.0,18.19091,11.793051624278817
29.0,18.39192,11.810907480975974
29.0,18.59293,11.828513587290514
29.0,18.79394,11.84579991641001
29.0,18.99495,11.863086329353116
29.0,19.19596,11.879843060277105
29.0,19.39697,11.89659989443332
29.0,19.59798,11.91312690850761
29.0,19.79899,11.928214284365108
29.0,20.0,11.94209192306102
29.3,0.1,0.837687421050619
29.3,0.3010101,1.2287891317199933
29.3,0.5020202,1.443399188306802
29.3,0.7030303,1.616293291204825
29.3,0.9040404,1.783181126693092
29.3,1.105051,1.9497292860717284
29.3,1.306061,2.1165377848231115
29.3,1.507071,2.283450461492592
29.3,1.708081,2.4427703914504035
29.3,1.909091,2.6007335773172726
29.3,2.110101,2.7596372062255083
29.3,2.311111,2.9197730298074447
29.3,2.512121,3.0799207723048485
29.3,2.713131,3.2505279482128944
29.3,2.914141,3.4215073723628477
29.3,3.115152,3.598224580848258
29.3,3.316162,3.77922518472897
29.3,3.517172,3.961987968159524
29.3,3.718182,4.163527586678435
29.3,3.919192,4.365081599327682
29.3,4.120202,4.582246785750091
29.3,4.321212,4.8099134868526745
29.3,4.522222,5.040913864767781
29.3,4.723232,5.29863040837659
29.3,4.924242,5.556360843587321
29.3,5.125253,5.831596998455515
29.3,5.326263,6.117427913151551
29.3,5.527273,6.405700010366299
29.3,5.728283,6.709471683955245
29.3,5.929293,7.013256192634531
29.3,6.130303,7.316788988113518
29.3,6.331313,7.620195612946293
29.3,6.532323,7.919898200384691
29.3,6.733333,8.20020802026593
29.3,6.934343,8.480538263377822
29.3,7.135354,8.73278517914088
29.3,7.336364,8.971421008677936
29.3,7.537374,9.200962657711719
29.3,7.738384,9.390615705096467
29.3,7.939394,9.58028478335491
29.3,8.140404,9.738405842375863
29.3,8.341414,9.882914591653284
29.3,8.542424,10.0199166003921
29.3,8.743434,10.128834389577255
29.3,8.944444,10.237750203593182
29.3,9.145455,10.328147246543319
29.3,9.346465,10.411475074952516
29.3,9.547475,10.490681320946749
29.3,9.748485,10.55654217249717
29.3,9.949495,10.622406636278797
29.3,10.15051,10.67917106256131
29.3,10.35152,10.732890407931732
29.3,10.55253,10.784334528160324
29.3,10.75354,10.829356875359863
29.3,10.95455,10.874381083933885
29.3,11.15556,10.914801704532907
29.3,11.35657,10.953865070924799
29.3,11.55758,10.991730986129735
29.3,11.75859,11.026591046995566
29.3,11.9596,11.061442123636185
29.3,12.16061,11.093806530385818
29.3,12.36162,11.125542340126438
29.3,12.56263,11.15651962702077
29.3,12.76364,11.185859120479314
29.3,12.96465,11.215199251834296
29.3,13.16566,11.242961369449985
29.3,13.36667,11.270394309926779
29.3,13.56768,11.297298208465424
29.3,13.76869,11.323163432640095
29.3,13.9697,11.34902909317391
29.3,14.17071,11.37377605153551
29.3,14.37172,11.398313537862942
29.3,14.57273,11.42244169604842
29.3,14.77374,11.44583072370377
29.3,14.97475,11.46923006512637
29.3,15.17576,11.491730323053027
29.3,15.37677,11.514100940468289
29.3,15.57778,11.536112056061334
29.3,15.77879,11.55757377889186
29.3,15.9798,11.579025733865972
29.3,16.18081,11.599728370377363
29.3,16.38182,11.620341259736497
29.3,16.58283,11.640644529873224
29.3,16.78384,11.660488239902655
29.3,16.98485,11.680332123470157
29.3,17.18586,11.699526527161582
29.3,17.38687,11.718661110786359
29.3,17.58788,11.73750598944703
29.3,17.78889,11.755981191018112
29.3,17.9899,11.774466522965005
29.3,18.19091,11.79236225541435
29.3,18.39192,11.810228116165097
29.3,18.59293,11.827824205683283
29.3,18.79394,11.84512053236862
29.3,18.99495,11.862416957634979
29.3,19.19596,11.879203694812682
29.3,19.39697,11.895960523556836
29.3,19.59798,11.9124875211205
29.3,19.79899,11.928754684730857
29.3,20.0,11.945031923866635
29.6,0.1,0.8422046517788345
29.6,0.3010101,1.2370130254776484
29.6,0.5020202,1.4589305177986747
29.6,0.7030303,1.6399067102180045
29.6,0.9040404,1.8117562846321487
29.6,1.105051,1.9866455713022748
29.6,1.306061,2.1569896115447587
29.6,1.507071,2.3247578291766637
29.6,1.708081,2.484398439338609
29.6,1.909091,2.644149515148292
29.6,2.110101,2.8056312129560657
29.6,2.311111,2.9693235941298455
29.6,2.512121,3.1296625034419465
29.6,2.713131,3.30026854365441
29.6,2.914141,3.4715164722077665
29.6,3.115152,3.648580354063781
29.6,3.316162,3.829953779505822
29.6,3.517172,4.012718363870948
29.6,3.718182,4.214246345955182
29.6,3.919192,4.415643952314478
29.6,4.120202,4.632012763328121
29.6,4.321212,4.858581059515762
29.6,4.522222,5.089581966879661
29.6,4.723232,5.346992320777383
29.6,4.924242,5.602049451286819
29.6,5.125253,5.8735770241364955
29.6,5.326263,6.155638453337975
29.6,5.527273,6.443912798644287
29.6,5.728283,6.746879961491147
29.6,5.929293,7.044931115942608
29.6,6.130303,7.342355896362079
29.6,6.331313,7.640435250908278
29.6,6.532323,7.940141085315928
29.6,6.733333,8.219497639597881
29.6,6.934343,8.49406090565941
29.6,7.135354,8.741533528139632
29.6,7.336364,8.976654816132474
29.6,7.537374,9.206197793138054
29.6,7.738384,9.395361753816896
29.6,7.939394,9.582457376009764
29.6,8.140404,9.738942180018144
29.6,8.341414,9.882472556814971
29.6,8.542424,10.019476696847633
29.6,8.743434,10.128295988583554
29.6,8.944444,10.236784982211244
29.6,9.145455,10.327024070923057
29.6,9.346465,10.410303259182731
29.6,9.547475,10.489510043353786
29.6,9.748485,10.555361616161974
29.6,9.949495,10.621217535335445
29.6,10.15051,10.678003565724781
29.6,10.35152,10.731734163480775
29.6,10.55253,10.78317852814358
29.6,10.75354,10.828241250123645
29.6,10.95455,10.873386242396544
29.6,11.15556,10.91389750041402
29.6,11.35657,10.953031318015974
29.6,11.55758,10.990897359823485
29.6,11.75859,11.025767631659862
29.6,11.9596,11.060669138976822
29.6,12.16061,11.093053952609912
29.6,12.36162,11.124810053928755
29.6,12.56263,11.155797410060046
29.6,12.76364,11.18512705800332
29.6,12.96465,11.214477525376912
29.6,13.16566,11.242239949601267
29.6,13.36667,11.269663096728292
29.6,13.56768,11.296577029462886
29.6,13.76869,11.322442361612344
29.6,13.9697,11.348298267009275
29.6,14.17071,11.373035443882754
29.6,14.37172,11.397573067767857
29.6,14.57273,11.421701238626145
29.6,14.77374,11.445090338223842
29.6,14.97475,11.468479848991516
29.6,15.17576,11.49098025432886
29.6,15.37677,11.513350957492237
29.6,15.57778,11.535372072074974
29.6,15.77879,11.556823839509224
29.6,15.9798,11.578285904882149
29.6,16.18081,11.598988634795335
29.6,16.38182,11.619601572709339
29.6,16.58283,11.639904834122419
29.6,16.78384,11.659758568423994
29.6,16.98485,11.67961251901582
29.6,17.18586,11.698806977295883
29.6,17.38687,11.717951584251002
29.6,17.58788,11.73679645012678
29.6,17.78889,11.755281661845148
29.6,17.9899,11.773767030568923
29.6,18.19091,11.79168279059019
29.6,18.39192,11.809558658498508
29.6,18.59293,11.827154733650131
29.6,18.79394,11.844461060862981
29.6,18.99495,11.861767501991656
29.6,19.19596,11.878564247270194
29.6,19.39697,11.89534107250624
29.6,19.59798,11.911858055765252
29.6,19.79899,11.926965414399818
29.6,20.0,11.940873048398815
29.900000000000002,0.1,0.8476248812093995
29.900000000000002,0.3010101,1.247185280750596
29.900000000000002,0.5020202,1.4754291690638364
29.900000000000002,0.7030303,1.6677632186242355
29.900000000000002,0.9040404,1.846641188188733
29.900000000000002,1.105051,2.0100328340306857
29.900000000000002,1.306061,2.1803938208292273
29.900000000000002,1.507071,2.3617198639898387
29.900000000000002,1.708081,2.529055560687312
29.900000000000002,1.909091,2.6891425817491803
29.900000000000002,2.110101,2.85053431126068
29.900000000000002,2.311111,3.01423015436722
29.900000000000002,2.512121,3.178327615589101
29.900000000000002,2.713131,3.3497657299969963
29.900000000000002,2.914141,3.521015300601631
29.900000000000002,3.115152,3.6980820544726614
29.900000000000002,3.316162,3.879489702112305
29.900000000000002,3.517172,4.062838116820139
29.900000000000002,3.718182,4.264138931259184
29.900000000000002,3.919192,4.465538423647311
29.900000000000002,4.120202,4.681909140650162
29.900000000000002,4.321212,4.908349433942674
29.900000000000002,4.522222,5.137057078620232
29.900000000000002,4.723232,5.391090030279798
29.900000000000002,4.924242,5.646148902035713
29.900000000000002,5.125253,5.9176785009240644
29.900000000000002,5.326263,6.199175087597873
29.900000000000002,5.527273,6.48010169709887
29.900000000000002,5.728283,6.776163769900103
29.900000000000002,5.929293,7.074217865964999
29.900000000000002,6.130303,7.3716459580919285
29.900000000000002,6.331313,7.668744965984961
29.900000000000002,6.532323,7.958369074978613
29.900000000000002,6.733333,8.23107131098201
29.900000000000002,6.934343,8.505637536683137
29.900000000000002,7.135354,8.753114086825228
29.900000000000002,7.336364,8.987459812923115
29.900000000000002,7.537374,9.210519988476983
29.900000000000002,7.738384,9.396821177342675
29.900000000000002,7.939394,9.58391848046913
29.900000000000002,8.140404,9.74040480217501
29.900000000000002,8.341414,9.883682199331831
29.900000000000002,8.542424,10.01890810342555
29.900000000000002,8.743434,10.127260780632199
29.900000000000002,8.944444,10.235750541022288
29.900000000000002,9.145455,10.325990298638722
29.900000000000002,9.346465,10.409260342450988
29.900000000000002,9.547475,10.488369454861935
29.900000000000002,9.748485,10.554212485177581
29.900000000000002,9.949495,10.620058791587057
29.900000000000002,10.15051,10.67684516745278
29.900000000000002,10.35152,10.730596420310569
29.900000000000002,10.55253,10.782122804137195
29.900000000000002,10.75354,10.827286324191173
29.900000000000002,10.95455,10.872431497891583
29.900000000000002,11.15556,10.912942917074856
29.900000000000002,11.35657,10.952107009811517
29.900000000000002,11.55758,10.990093886523864
29.900000000000002,11.75859,11.025014572048436
29.900000000000002,11.9596,11.059916177294348
29.900000000000002,12.16061,11.092301080510103
29.900000000000002,12.36162,11.124057363348204
29.900000000000002,12.56263,11.155075328964477
29.900000000000002,12.76364,11.184415281065014
29.900000000000002,12.96465,11.213765800826216
29.900000000000002,13.16566,11.241528273367587
29.900000000000002,13.36667,11.268951550252948
29.900000000000002,13.56768,11.295855953559537
29.900000000000002,13.76869,11.321711495004198
29.900000000000002,13.9697,11.34757742419472
29.900000000000002,14.17071,11.37231462352092
29.900000000000002,14.37172,11.396852336784503
29.900000000000002,14.57273,11.4209708536789
29.900000000000002,14.77374,11.444360088413836
29.900000000000002,14.97475,11.467749605671546
29.900000000000002,15.17576,11.490250017005529
29.900000000000002,15.37677,11.51262077826095
29.900000000000002,15.57778,11.534632135416231
29.900000000000002,15.77879,11.556093983728873
29.900000000000002,15.9798,11.577546044970527
29.900000000000002,16.18081,11.598248770840533
29.900000000000002,16.38182,11.61887174321126
29.900000000000002,16.58283,11.639185165975524
29.900000000000002,16.78384,11.659038943743633
29.900000000000002,16.98485,11.67889288407477
29.900000000000002,17.18586,11.69809733254892
29.900000000000002,17.38687,11.717241957086168
29.900000000000002,17.58788,11.736106924229755
29.900000000000002,17.78889,11.754602154972108
29.900000000000002,17.9899,11.773087510421243
29.900000000000002,18.19091,11.790993258131358
29.900000000000002,18.39192,11.808879131718236
29.900000000000002,18.59293,11.826505265433173
29.900000000000002,18.79394,11.843811596512541
29.900000000000002,18.99495,11.861128023411405
29.900000000000002,19.19596,11.877924755408651
29.900000000000002,19.39697,11.894701577725556
29.900000000000002,19.59798,11.911248591230631
29.900000000000002,19.79899,11.925176150027232
29.900000000000002,20.0,11.939083767474177
30.2,0.1,0.8537096830364238
30.2,0.3010101,1.2589865625352383
30.2,0.5020202,1.4955264641069101
30.2,0.7030303,1.6838281127093764
30.2,0.9040404,1.8800449568359874
30.2,1.105051,2.046321488334431
30.2,1.306061,2.2196897654947176
30.2,1.507071,2.4015342170477343
30.2,1.708081,2.5704889557474226
30.2,1.909091,2.734282172873733
30.2,2.110101,2.8962558338233584
30.2,2.311111,3.0607273854288075
30.2,2.512121,3.2253133958712845
30.2,2.713131,3.397180920966924
30.2,2.914141,3.569269656043254
30.2,3.115152,3.746375525135867
30.2,3.316162,3.9282755286433075
30.2,3.517172,4.111830734406009
30.2,3.718182,4.313009878509891
30.2,3.919192,4.514223103415978
30.2,4.120202,4.730471049631889
30.2,4.321212,4.955673962353613
30.2,4.522222,5.183896903029756
30.2,4.723232,5.436325781719404
30.2,4.924242,5.689084188213556
30.2,5.125253,5.960090068384103
30.2,5.326263,6.237408192198861
30.2,5.527273,6.516804169133313
30.2,5.728283,6.8093793617424145
30.2,5.929293,7.102765565341112
30.2,6.130303,7.399294405036835
30.2,6.331313,7.690409252962427
30.2,6.532323,7.977991311797167
30.2,6.733333,8.247063889887027
30.2,6.934343,8.517091148549829
30.2,7.135354,8.763848222855358
30.2,7.336364,8.994087089205477
30.2,7.537374,9.215847549821918
30.2,7.738384,9.400426367106371
30.2,7.939394,9.585511282742859
30.2,8.140404,9.74175068166514
30.2,8.341414,9.883797205789495
30.2,8.542424,10.018668986724018
30.2,8.743434,10.126694142828052
30.2,8.944444,10.234826337327053
30.2,9.145455,10.325037032236127
30.2,9.346465,10.408218840849527
30.2,9.547475,10.487308765576003
30.2,9.748485,10.553142875665621
30.2,9.949495,10.618990212530079
30.2,10.15051,10.675777183561623
30.2,10.35152,10.729529727854736
30.2,10.55253,10.78106659619665
30.2,10.75354,10.826290835810607
30.2,10.95455,10.87149666935716
30.2,11.15556,10.912038367980738
30.2,11.35657,10.951273023569705
30.2,11.55758,10.989290116791212
30.2,11.75859,11.024231183622616
30.2,11.9596,11.059173124175448
30.2,12.16061,11.091568212903585
30.2,12.36162,11.12334488191653
30.2,12.56263,11.154372977020763
30.2,12.76364,11.18372321886349
30.2,12.96465,11.213063979536846
30.2,13.16566,11.240836583647846
30.2,13.36667,11.268260148020348
30.2,13.56768,11.295164629077146
30.2,13.76869,11.3210203861642
30.2,13.9697,11.346876482359121
30.2,14.17071,11.371613773244247
30.2,14.37172,11.396141693220084
30.2,14.57273,11.42026025228819
30.2,14.77374,11.443649641165779
30.2,14.97475,11.467029268287739
30.2,15.17576,11.489529740195684
30.2,15.37677,11.51190064291053
30.2,15.57778,11.533922018284736
30.2,15.77879,11.555373971472118
30.2,15.9798,11.576836099878323
30.2,16.18081,11.597538862996268
30.2,16.38182,11.618161926855308
30.2,16.58283,11.638475352825592
30.2,16.78384,11.658339197542855
30.2,16.98485,11.678193175202338
30.2,17.18586,11.697397643861143
30.2,17.38687,11.716552323515465
30.2,17.58788,11.735417285057904
30.2,17.78889,11.753922555286303
30.2,17.9899,11.772417928047311
30.2,18.19091,11.790333684070157
30.2,18.39192,11.808219587843148
30.2,18.59293,11.82585571128907
30.2,18.79394,11.84317206297793
30.2,18.99495,11.8604884946889
30.2,19.19596,11.877295227731036
30.2,19.39697,11.894082064435565
30.2,19.59798,11.910639065811155
30.2,19.79899,11.926936229284582
30.2,20.0,11.942043654615258
30.5,0.1,0.8605401167611314
30.5,0.3010101,1.2723658513128937
30.5,0.5020202,1.517266326533099
30.5,0.7030303,1.7201236737545411
30.5,0.9040404,1.9090265529653658
30.5,1.105051,2.0685053217085967
30.5,1.306061,2.252192068448544
30.5,1.507071,2.4411963862366317
30.5,1.708081,2.6112842151199214
30.5,1.909091,2.775700674354869
30.5,2.110101,2.941550150897089
30.5,2.311111,3.106974187368473
30.5,2.512121,3.271560466180983
30.5,2.713131,3.4434305923506137
30.5,2.914141,3.6160605525689764
30.5,3.115152,3.794403097690795
30.5,3.316162,3.976465478155532
30.5,3.517172,4.160022370378935
30.5,3.718182,4.3612036404419525
30.5,3.919192,4.562230459740946
30.5,4.120202,4.776906663457407
30.5,4.321212,5.001608400623316
30.5,4.522222,5.229832964652584
30.5,4.723232,5.482264717220454
30.5,4.924242,5.733100624307459
30.5,5.125253,5.997514140825524
30.5,5.326263,6.273313971777578
30.5,5.527273,6.5527122875392445
30.5,5.728283,6.845290404866454
30.5,5.929293,7.134478702256152
30.5,6.130303,7.420511147110007
30.5,6.331313,7.709631234080905
30.5,6.532323,7.9972153783703295
30.5,6.733333,8.266291306472139
30.5,6.934343,8.531861755049826
30.5,7.135354,8.77039074961047
30.5,7.336364,8.999354089170584
30.5,7.537374,9.22111771045752
30.5,7.738384,9.40569757193972
30.5,7.939394,9.588599470754083
30.5,8.140404,9.741887839669024
30.5,8.341414,9.883575329746984
30.5,8.542424,10.018450165745215
30.5,8.743434,10.126476246015343
30.5,8.944444,10.234171163139713
30.5,9.145455,10.324005102554437
30.5,9.346465,10.407157774615278
30.5,9.547475,10.486248198854254
30.5,9.748485,10.552082741577816
30.5,9.949495,10.617921292054373
30.5,10.15051,10.674740142327538
30.5,10.35152,10.728503160739239
30.5,10.55253,10.78004028236072
30.5,10.75354,10.825264746992891
30.5,10.95455,10.870551446182446
30.5,11.15556,10.91122413812952
30.5,11.35657,10.950479027535154
30.5,11.55758,10.988486254642822
30.5,11.75859,11.023437441833384
30.5,11.9596,11.058429856970344
30.5,12.16061,11.090875564037972
30.5,12.36162,11.122662369751946
30.5,12.56263,11.153680540463208
30.5,12.76364,11.183030852086027
30.5,12.96465,11.21239197686877
30.5,13.16566,11.240155045802311
30.5,13.36667,11.267588692641763
30.5,13.56768,11.294483214511226
30.5,13.76869,11.32033900993934
30.5,13.9697,11.346195386899298
30.5,14.17071,11.370923017402273
30.5,14.37172,11.395450983606388
30.5,14.57273,11.419569561536228
30.5,14.77374,11.442958968307828
30.5,14.97475,11.466338803972338
30.5,15.17576,11.488829513293426
30.5,15.37677,11.511200437591906
30.5,15.57778,11.53322181806353
30.5,15.77879,11.554673776190343
30.5,15.9798,11.57613605265576
30.5,16.18081,11.596838973459093
30.5,16.38182,11.617472042975654
30.5,16.58283,11.63777546578563
30.5,16.78384,11.657639307281846
30.5,16.98485,11.677503384998946
30.5,17.18586,11.696717952902047
30.5,17.38687,11.715872628830098
30.5,17.58788,11.734747582200573
30.5,17.78889,11.753242844739907
30.5,17.9899,11.771758281556536
30.5,18.19091,11.789684096800137
30.5,18.39192,11.80757999172543
30.5,18.59293,11.825206104784556
30.5,18.79394,11.842532446338517
30.5,18.99495,11.859868917755747
30.5,19.19596,11.876685685739924
30.5,19.39697,11.893482511272424
30.5,19.59798,11.910029501294503
30.5,19.79899,11.926336653674914
30.5,20.0,11.940274302385742
30.8,0.1,0.8686283219734018
30.8,0.3010101,1.2867718820836607
30.8,0.5020202,1.539692455199156
30.8,0.7030303,1.7493591828032202
30.8,0.9040404,1.9456984329473823
30.8,1.105051,2.131398913771314
30.8,1.306061,2.3082863384557237
30.8,1.507071,2.4852407037059256
30.8,1.708081,2.6537886194755758
30.8,1.909091,2.8195485437138337
30.8,2.110101,2.9854022332064507
30.8,2.311111,3.1513919131160755
30.8,2.512121,3.317388967872581
30.8,2.713131,3.4902113212240238
30.8,2.914141,3.6632797966281236
30.8,3.115152,3.8416249628348145
30.8,3.316162,4.02390883209969
30.8,3.517172,4.207789970679786
30.8,3.718182,4.40868881438814
30.8,3.919192,4.609601559246224
30.8,4.120202,4.82427965563199
30.8,4.321212,5.048219091524993
30.8,4.522222,5.275030221350289
30.8,4.723232,5.524862933280196
30.8,4.924242,5.7747080015831855
30.8,5.125253,6.0391236588955755
30.8,5.326263,6.312357762844312
30.8,5.527273,6.587506434943219
30.8,5.728283,6.874796192846486
30.8,5.929293,7.162098410818283
30.8,6.130303,7.448134052085062
30.8,6.331313,7.733491421737644
30.8,6.532323,8.015393411511651
30.8,6.733333,8.27919909530818
30.8,6.934343,8.543023804010744
30.8,7.135354,8.781554525394215
30.8,7.336364,9.007826805961551
30.8,7.537374,9.225903024562191
30.8,7.738384,9.40804445901026
30.8,7.939394,9.590200031162759
30.8,8.140404,9.743488818090134
30.8,8.341414,9.884323546474885
30.8,8.542424,10.018141993200262
30.8,8.743434,10.125700963357831
30.8,8.944444,10.233257177453021
30.8,9.145455,10.323101757275529
30.8,9.346465,10.406175896096435
30.8,9.547475,10.485187918220442
30.8,9.748485,10.551023696020422
30.8,9.949495,10.616862825489953
30.8,10.15051,10.673682004778748
30.8,10.35152,10.727465952853835
30.8,10.55253,10.77904410414304
30.8,10.75354,10.824349424001689
30.8,10.95455,10.869656459310669
30.8,11.15556,10.910319319359788
30.8,11.35657,10.949634694877949
30.8,11.55758,10.987712452986827
30.8,11.75859,11.02271409525759
30.8,11.9596,11.057706684662927
30.8,12.16061,11.09015248640375
30.8,12.36162,11.121959618652511
30.8,12.56263,11.152998150459611
30.8,12.76364,11.18235879382558
30.8,12.96465,11.211720024693186
30.8,13.16566,11.23949314721635
30.8,13.36667,11.266917039549357
30.8,13.56768,11.293821828540862
30.8,13.76869,11.319667869102375
30.8,13.9697,11.345524308708363
30.8,14.17071,11.370251967464338
30.8,14.37172,11.394780114544425
30.8,14.57273,11.418888885128943
30.8,14.77374,11.442268466381247
30.8,14.97475,11.46564833507917
30.8,15.17576,11.488149055967783
30.8,15.37677,11.51051010858083
30.8,15.57778,11.532531621512987
30.8,15.77879,11.553983697957854
30.8,15.9798,11.57544598788028
30.8,16.18081,11.596148909990072
30.8,16.38182,11.616782065968632
30.8,16.58283,11.637095575031687
30.8,16.78384,11.656959492654464
30.8,16.98485,11.676823571461322
30.8,17.18586,11.696038134451959
30.8,17.38687,11.715202865310324
30.8,17.58788,11.734077871730776
30.8,17.78889,11.752593180093335
30.8,17.9899,11.771098611053786
30.8,18.19091,11.789034417873935
30.8,18.39192,11.806940345756338
30.8,18.59293,11.824576489687791
30.8,18.79394,11.841912857945406
30.8,18.99495,11.859249319835547
30.8,19.19596,11.87606607782614
30.8,19.39697,11.892872923127818
30.8,19.59798,11.908280136498702
30.8,19.79899,11.922207711402887
30.8,20.0,11.936125339103892
31.1,0.1,0.8776277925520107
31.1,0.3010101,1.3029996267277175
31.1,0.5020202,1.5638865703943117
31.1,0.7030303,1.7788604446405054
31.1,0.9040404,1.9772096596582742
31.1,1.105051,2.1416267594881067
31.1,1.306061,2.3295808545564753
31.1,1.507071,2.521824351451344
31.1,1.708081,2.6956458189361387
31.1,1.909091,2.862731626761581
31.1,2.110101,3.028586713076634
31.1,2.311111,3.1951011991360607
31.1,2.512121,3.3623986517389706
31.1,2.713131,3.5360296674906966
31.1,2.914141,3.7094726618349187
31.1,3.115152,3.8878193254646383
31.1,3.316162,4.07026561374465
31.1,3.517172,4.254372558274113
31.1,3.718182,4.454926448291585
31.1,3.919192,4.655699294441475
31.1,4.120202,4.870379258904511
31.1,4.321212,5.093539014834706
31.1,4.522222,5.318915802400159
31.1,4.723232,5.56617787975072
31.1,4.924242,5.815042628888977
31.1,5.125253,6.0794604110226125
31.1,5.326263,6.350193547540532
31.1,5.527273,6.62120674019798
31.1,5.728283,6.903387030313487
31.1,5.929293,7.188868422603985
31.1,6.130303,7.474907159845263
31.1,6.331313,7.756641021008295
31.1,6.532323,8.033071124517095
31.1,6.733333,8.291799398414742
31.1,6.934343,8.55394126976913
31.1,7.135354,8.792475639811135
31.1,7.336364,9.016140627554806
31.1,7.537374,9.230646156192254
31.1,7.738384,9.410405892721599
31.1,7.939394,9.591832046765589
31.1,8.140404,9.745122231930935
31.1,8.341414,9.8851130849456
31.1,8.542424,10.01788400312657
31.1,8.743434,10.124965732236758
31.1,8.944444,10.232393210708826
31.1,9.145455,10.322238432975306
31.1,9.346465,10.405224022638295
31.1,9.547475,10.484147620280547
31.1,9.748485,10.54998461212317
31.1,9.949495,10.61582431952288
31.1,10.15051,10.6726438309324
31.1,10.35152,10.726458643810414
31.1,10.55253,10.778087757093619
31.1,10.75354,10.823463914243328
31.1,10.95455,10.868781286595201
31.1,11.15556,10.909454319793785
31.1,11.35657,10.94882019658814
31.1,11.55758,10.986958501236293
31.1,11.75859,11.022000610114363
31.1,11.9596,11.057013379016967
31.1,12.16061,11.089459279924066
31.1,12.36162,11.12127673993625
31.1,12.56263,11.152345631750407
31.1,12.76364,11.181716603935447
31.1,12.96465,11.211077943828226
31.1,13.16566,11.238851124003865
31.1,13.36667,11.266275259564154
31.1,13.56768,11.293180313155261
31.1,13.76869,11.319026596323178
31.1,13.9697,11.344883101470874
31.1,14.17071,11.36961079201823
31.1,14.37172,11.394129119637977
31.1,14.57273,11.418238082140773
31.1,14.77374,11.441607837909132
31.1,14.97475,11.464987742680423
31.1,15.17576,11.487488478587082
31.1,15.37677,11.50984966061116
31.1,15.57778,11.531861307555985
31.1,15.77879,11.553313504125624
31.1,15.9798,11.574775810403773
31.1,16.18081,11.595488736677943
31.1,16.38182,11.616111981465242
31.1,16.58283,11.636435579335306
31.1,16.78384,11.65629957572955
31.1,16.98485,11.676173658247656
31.1,17.18586,11.695388218839055
31.1,17.38687,11.714553007467492
31.1,17.58788,11.73343806955862
31.1,17.78889,11.751953426612031
31.1,17.9899,11.770468853871977
31.1,18.19091,11.788394654577045
31.1,18.39192,11.806310617461946
31.1,18.59293,11.82395679345924
31.1,18.79394,11.841313188703353
31.1,18.99495,11.858639643110896
31.1,19.19596,11.875466393006182
31.1,19.39697,11.892283256782793
31.1,19.59798,11.908860279185168
31.1,19.79899,11.925187457260567
31.1,20.0,11.939125088667478
31.400000000000002,0.1,0.8886845889728721
31.400000000000002,0.3010101,1.321788111585933
31.400000000000002,0.5020202,1.5891963579636927
31.400000000000002,0.7030303,1.8108582516738896
31.400000000000002,0.9040404,2.013708987099144
31.400000000000002,1.105051,2.191256197136939
31.400000000000002,1.306061,2.3709247837342433
31.400000000000002,1.507071,2.564668237537716
31.400000000000002,1.708081,2.735945929799059
31.400000000000002,1.909091,2.903642612954221
31.400000000000002,2.110101,3.0723869235701073
31.400000000000002,2.311111,3.2398152544646277
31.400000000000002,2.512121,3.407113404713848
31.400000000000002,2.713131,3.580745647095395
31.400000000000002,2.914141,3.7546469106896225
31.400000000000002,3.115152,3.933898937977644
31.400000000000002,3.316162,4.116464221429946
31.400000000000002,3.517172,4.300573771064817
31.400000000000002,3.718182,4.50112869113164
31.400000000000002,3.919192,4.701659704315932
31.400000000000002,4.120202,4.914614506127662
31.400000000000002,4.321212,5.1372625667625025
31.400000000000002,4.522222,5.362641070011736
31.400000000000002,4.723232,5.609905120321667
31.400000000000002,4.924242,5.85687579103157
31.400000000000002,5.125253,6.114961602162364
31.400000000000002,5.326263,6.384214926914955
31.400000000000002,5.527273,6.655230458504235
31.400000000000002,5.728283,6.937413593517884
31.400000000000002,5.929293,7.218891981756228
31.400000000000002,6.130303,7.495151368411403
31.400000000000002,6.331313,7.774964401340355
31.400000000000002,6.532323,8.051396376345496
31.400000000000002,6.733333,8.310127742225086
31.400000000000002,6.934343,8.56804155761584
31.400000000000002,7.135354,8.798885270930725
31.400000000000002,7.336364,9.021316486694074
31.400000000000002,7.537374,9.235824032703192
31.400000000000002,7.738384,9.41558567496171
31.400000000000002,7.939394,9.594904450810887
31.400000000000002,8.140404,9.745344075546834
31.400000000000002,8.341414,9.884978801440484
31.400000000000002,8.542424,10.017745728903618
31.400000000000002,8.743434,10.12482834362291
31.400000000000002,8.944444,10.231818343386205
31.400000000000002,9.145455,10.321236636231855
31.400000000000002,9.346465,10.404193071062116
31.400000000000002,9.547475,10.48310715978164
31.400000000000002,9.748485,10.54894457712324
31.400000000000002,9.949495,10.614795457634628
31.400000000000002,10.15051,10.671666594244599
31.400000000000002,10.35152,10.725501862223217
31.400000000000002,10.55253,10.777121234515771
31.400000000000002,10.75354,10.822497621152031
31.400000000000002,10.95455,10.867895823508327
31.400000000000002,11.15556,10.908679851101923
31.400000000000002,11.35657,10.948055970794483
31.400000000000002,11.55758,10.986194415977065
31.400000000000002,11.75859,11.021236650430726
31.400000000000002,11.9596,11.056299907193118
31.400000000000002,12.16061,11.088796423783949
31.400000000000002,12.36162,11.120624024823861
31.400000000000002,12.56263,11.151692997009997
31.400000000000002,12.76364,11.181064043452812
31.400000000000002,12.96465,11.210445740370483
31.400000000000002,13.16566,11.238219369173597
31.400000000000002,13.36667,11.265643591597673
31.400000000000002,13.56768,11.292548690986118
31.400000000000002,13.76869,11.318395017332309
31.400000000000002,13.9697,11.344241797903862
31.400000000000002,14.17071,11.368969818945084
31.400000000000002,14.37172,11.393488197567162
31.400000000000002,14.57273,11.417597184189034
31.400000000000002,14.77374,11.440966962964065
31.400000000000002,14.97475,11.464337075334626
31.400000000000002,15.17576,11.486828046931526
31.400000000000002,15.37677,11.509189255545314
31.400000000000002,15.57778,11.531200912664561
31.400000000000002,15.77879,11.552663118847484
31.400000000000002,15.9798,11.57411557584282
31.400000000000002,16.18081,11.594828662772994
31.400000000000002,16.38182,11.615461917980603
31.400000000000002,16.58283,11.635775517370208
31.400000000000002,16.78384,11.65564951493017
31.400000000000002,16.98485,11.675513702259446
31.400000000000002,17.18586,11.69473836722028
31.400000000000002,17.38687,11.7139131563619
31.400000000000002,17.58788,11.732798214556516
31.400000000000002,17.78889,11.75131356778559
31.400000000000002,17.9899,11.769839064395718
31.400000000000002,18.19091,11.787784929083047
31.400000000000002,18.39192,11.80569088696116
31.400000000000002,18.59293,11.82334705608595
31.400000000000002,18.79394,11.840693444761524
31.400000000000002,18.99495,11.858039941651201
31.400000000000002,19.19596,11.874886726399286
31.400000000000002,19.39697,11.89170358237916
31.400000000000002,19.59798,11.908280596652665
31.400000000000002,19.79899,11.924597766895557
31.400000000000002,20.0,11.939745215376668
31.7,0.1,0.9008015560700064
31.7,0.3010101,1.3426735215274714
31.7,0.5020202,1.6169650517572027
31.7,0.7030303,1.8409691740572667
31.7,0.9040404,2.04899787838771
31.7,1.105051,2.2319828683070253
31.7,1.306061,2.4226821872883786
31.7,1.507071,2.6047427662392497
31.7,1.708081,2.7764711688882153
31.7,1.909091,2.9458109190565973
31.7,2.110101,3.1148256289192715
31.7,2.311111,3.283234710661227
31.7,2.512121,3.4511557729944218
31.7,2.713131,3.6251275719536107
31.7,2.914141,3.799684329759604
31.7,3.115152,3.978955622006511
31.7,3.316162,4.161745864869053
31.7,3.517172,4.345949457861608
31.7,3.718182,4.546274386512772
31.7,3.919192,4.746448936290342
31.7,4.120202,4.959274326060254
31.7,4.321212,5.180611120121974
31.7,4.522222,5.405476196827022
31.7,4.723232,5.651187578208975
31.7,4.924242,5.895930212569064
31.7,5.125253,6.1535319160010875
31.7,5.326263,6.418915183030192
31.7,5.527273,6.6885132571074495
31.7,5.728283,6.967556041441921
31.7,5.929293,7.2448305918057025
31.7,6.130303,7.520288662647434
31.7,6.331313,7.794769606016732
31.7,6.532323,8.069382678006473
31.7,6.733333,8.324876026876174
31.7,6.934343,8.578740596770983
31.7,7.135354,8.80893238770738
31.7,7.336364,9.027650002724666
31.7,7.537374,9.240983484911139
31.7,7.738384,9.419145212662835
31.7,7.939394,9.596595053779957
31.7,8.140404,9.746796542228005
31.7,8.341414,9.885240966315509
31.7,8.542424,10.017667609805706
31.7,8.743434,10.124402374469732
31.7,8.944444,10.231004483444078
31.7,9.145455,10.320403674173297
31.7,9.346465,10.403221824431991
31.7,9.547475,10.482096706338199
31.7,9.748485,10.547935134813553
31.7,9.949495,10.613776981731217
31.7,10.15051,10.670668620427813
31.7,10.35152,10.724544868100384
31.7,10.55253,10.77618466310133
31.7,10.75354,10.821611718616522
31.7,10.95455,10.867050535715004
31.7,11.15556,10.907854859519786
31.7,11.35657,10.947291568383113
31.7,11.55758,10.9854502476012
31.7,11.75859,11.020522881457252
31.7,11.9596,11.055616490675556
31.7,12.16061,11.08812319650009
31.7,12.36162,11.11998117740264
31.7,12.56263,11.151050286781237
31.7,12.76364,11.180431614440568
31.7,12.96465,11.209823546836596
31.7,13.16566,11.2375973092044
31.7,13.36667,11.265031807629486
31.7,13.56768,11.291936991523505
31.7,13.76869,11.317783528100263
31.7,13.9697,11.343630473922333
31.7,14.17071,11.368348591039542
31.7,14.37172,11.392857172589554
31.7,14.57273,11.416966209435845
31.7,14.77374,11.44033614316563
31.7,14.97475,11.463706368880931
31.7,15.17576,11.48619740771324
31.7,15.37677,11.508548760907658
31.7,15.57778,11.530560444915706
31.7,15.77879,11.552012761597855
31.7,15.9798,11.573475292631745
31.7,16.18081,11.594188424663676
31.7,16.38182,11.614811778647372
31.7,16.58283,11.635135389392842
31.7,16.78384,11.655009462150739
31.7,16.98485,11.674873695020635
31.7,17.18586,11.694108388310177
31.7,17.38687,11.713283241563218
31.7,17.58788,11.732168301536614
31.7,17.78889,11.750693703266597
31.7,17.9899,11.769219225490396
31.7,18.19091,11.787165106315587
31.7,18.39192,11.8050911031258
31.7,18.59293,11.822737268479049
31.7,18.79394,11.840093685949
31.7,18.99495,11.857450194894684
31.7,19.19596,11.874296986451153
31.7,19.39697,11.89112386244728
31.7,19.59798,11.907700870145241
31.7,19.79899,11.92167845715023
31.7,20.0,11.935616100075922
32.0,0.1,0.9150893450506274
32.0,0.3010101,1.3653818159862119
32.0,0.5020202,1.6460671579953527
32.0,0.7030303,1.8743415859892747
32.0,0.9040404,2.0807084993160743
32.0,1.105051,2.2512535626679258
32.0,1.306061,2.4433617171721904
32.0,1.507071,2.6406480128546135
32.0,1.708081,2.8180242723440654
32.0,1.909091,2.9876578625106607
32.0,2.110101,3.156672900956444
32.0,2.311111,3.3250830557046593
32.0,2.512121,3.494421384721707
32.0,2.713131,3.6694018058839615
32.0,2.914141,3.843961609105554
32.0,3.115152,4.023233290737462
32.0,3.316162,4.206039852104846
32.0,3.517172,4.3904482049844935
32.0,3.718182,4.590215826018949
32.0,3.919192,4.7903921769357565
32.0,4.120202,5.003219459266138
32.0,4.321212,5.224416801443442
32.0,4.522222,5.446894595283367
32.0,4.723232,5.689418026866515
32.0,4.924242,5.934162615030434
32.0,5.125253,6.191766495587641
32.0,5.326263,6.456660736546573
32.0,5.527273,6.719771267118523
32.0,5.728283,6.99295454678837
32.0,5.929293,7.270231786738478
32.0,6.130303,7.545692797411453
32.0,6.331313,7.819378412005453
32.0,6.532323,8.085493269272078
32.0,6.733333,8.335421242747918
32.0,6.934343,8.589288314719154
32.0,7.135354,8.819482577080361
32.0,7.336364,9.03755311079004
32.0,7.537374,9.245261635411834
32.0,7.738384,9.420863618789692
32.0,7.939394,9.598314924966335
32.0,8.140404,9.748518742147978
32.0,8.341414,9.886720910824945
32.0,8.542424,10.017410399344698
32.0,8.743434,10.123627840867364
32.0,8.944444,10.23023066694386
32.0,9.145455,10.319620489827189
32.0,9.346465,10.402409489150577
32.0,9.547475,10.481106654951487
32.0,9.748485,10.546946295823439
32.0,9.949495,10.612788513654618
32.0,10.15051,10.66967048077291
32.0,10.35152,10.72356720267889
32.0,10.55253,10.775298363389126
32.0,10.75354,10.82078616708228
32.0,10.95455,10.866235184830087
32.0,11.15556,10.907029687825366
32.0,11.35657,10.946486683719511
32.0,11.55758,10.984736210776358
32.0,11.75859,11.019859280225813
32.0,11.9596,11.054953003319934
32.0,12.16061,11.087459812501404
32.0,12.36162,11.119327979288292
32.0,12.56263,11.150437665839057
32.0,12.76364,11.179829282202446
32.0,12.96465,11.209211281847216
32.0,13.16566,11.236995105717112
32.0,13.36667,11.264429735665342
32.0,13.56768,11.291335354813667
32.0,13.76869,11.317172092739485
32.0,13.9697,11.343029077028755
32.0,14.17071,11.367737230460278
32.0,14.37172,11.392255906775139
32.0,14.57273,11.416355273500718
32.0,14.77374,11.439715344993871
32.0,14.97475,11.463085591343576
32.0,15.17576,11.48557664956675
32.0,15.37677,11.507928070084699
32.0,15.57778,11.529939996610562
32.0,15.77879,11.551392403273434
32.0,15.9798,11.572844943376257
32.0,16.18081,11.593558083783545
32.0,16.38182,11.614181483641257
32.0,16.58283,11.63450526602967
32.0,16.78384,11.654379394271805
32.0,16.98485,11.674253628589856
32.0,17.18586,11.693478323352895
32.0,17.38687,11.712653206182177
32.0,17.58788,11.731548382788556
32.0,17.78889,11.750083816088944
32.0,17.9899,11.768609335278901
32.0,18.19091,11.786555213288326
32.0,18.39192,11.804481227707303
32.0,18.59293,11.822157468567779
32.0,18.79394,11.83951390203305
32.0,18.99495,11.856870405455885
32.0,19.19596,11.873717191851979
32.0,19.39697,11.890544077330807
32.0,19.59798,11.907151131699681
32.0,19.79899,11.922308524223238
32.0,20.0,11.936256165699543
32.3,0.1,0.9307248101868191
32.3,0.3010101,1.3893219136078407
32.3,0.5020202,1.6758806378974422
32.3,0.7030303,1.9071302449725591
32.3,0.9040404,2.1191250388686673
32.3,1.105051,2.3155314836152217
32.3,1.306061,2.4994917774256695
32.3,1.507071,2.6834944588990903
32.3,1.708081,2.8575534292767455
32.3,1.909091,3.0283053832842355
32.3,2.110101,3.1985833586036017
32.3,2.311111,3.3679941803334277
32.3,2.512121,3.537409211554752
32.3,2.713131,3.7123965386328175
32.3,2.914141,3.887588143473053
32.3,3.115152,4.067233337858322
32.3,3.316162,4.250205655281231
32.3,3.517172,4.434614592866447
32.3,3.718182,4.634345023794128
32.3,3.919192,4.8340872892230635
32.3,4.120202,5.045947999729988
32.3,4.321212,5.265961332370118
32.3,4.522222,5.488440923950451
32.3,4.723232,5.730677074629843
32.3,4.924242,5.972926089215383
32.3,5.125253,6.22724596192132
32.3,5.326263,6.488873403405054
32.3,5.527273,6.751985269224025
32.3,5.728283,7.024504503017175
32.3,5.929293,7.2970355843393895
32.3,6.130303,7.567504391051669
32.3,6.331313,7.836862405440565
32.3,6.532323,8.102980964551596
32.3,6.733333,8.352131067429386
32.3,6.934343,8.601297131196297
32.3,7.135354,8.827540356226466
32.3,7.336364,9.042670461374644
32.3,7.537374,9.250381882166664
32.3,7.738384,9.425552254425721
32.3,7.939394,9.600735143459172
32.3,8.140404,9.749429893093817
32.3,8.341414,9.886696073493638
32.3,8.542424,10.017392532679324
32.3,8.743434,10.123491202478359
32.3,8.944444,10.229606465808866
32.3,9.145455,10.31875820028175
32.3,9.346465,10.401438598860052
32.3,9.547475,10.48013624684874
32.3,9.748485,10.545966501216553
32.3,9.949495,10.61180988338643
32.3,10.15051,10.66872286058825
32.3,10.35152,10.722650347399663
32.3,10.55253,10.774381766866961
32.3,10.75354,10.819889943260188
32.3,10.95455,10.865399699781175
32.3,11.15556,10.906264826151146
32.3,11.35657,10.945762277844288
32.3,11.55758,10.984011948359544
32.3,11.75859,11.019145246770627
32.3,11.9596,11.054289422945617
32.3,12.16061,11.086826631151208
32.3,12.36162,11.118705085420354
32.3,12.56263,11.149814856528035
32.3,12.76364,11.179216628928536
32.3,12.96465,11.208618943213665
32.3,13.16566,11.236403052850141
32.3,13.36667,11.26383788173741
32.3,13.56768,11.290743550903867
32.3,13.76869,11.316580401550352
32.3,13.9697,11.342427617993561
32.3,14.17071,11.367145981350541
32.3,14.37172,11.391654797320898
32.3,14.57273,11.415754192557866
32.3,14.77374,11.439114345309445
32.3,14.97475,11.462474761192501
32.3,15.17576,11.48495597086139
32.3,15.37677,11.507317486083483
32.3,15.57778,11.529319427239475
32.3,15.77879,11.550771890774413
32.3,15.9798,11.572224550601824
32.3,16.18081,11.592937795891322
32.3,16.38182,11.613561257330444
32.3,16.58283,11.633885045112597
32.3,16.78384,11.653759211420022
32.3,16.98485,11.673633526868768
32.3,17.18586,11.69286829116125
32.3,17.38687,11.71204321152704
32.3,17.58788,11.730938387821944
32.3,17.78889,11.749473845060042
32.3,17.9899,11.768009416730912
32.3,18.19091,11.785965338599347
32.3,18.39192,11.803891374021537
32.3,18.59293,11.821567611194723
32.3,18.79394,11.838934058340051
32.3,18.99495,11.85629059393675
32.3,19.19596,11.873147406807705
32.3,19.39697,11.889984302602965
32.3,19.59798,11.906581351495811
32.3,19.79899,11.922928551308829
32.3,20.0,11.93927582030873
32.6,0.1,0.9483428107733674
32.6,0.3010101,1.4152274647199838
32.6,0.5020202,1.7068955623723174
32.6,0.7030303,1.9405308500184315
32.6,0.9040404,2.151830297554857
32.6,1.105051,2.3287185980800373
32.6,1.306061,2.5364238416360396
32.6,1.507071,2.722003409644485
32.6,1.708081,2.896457819189986
32.6,1.909091,3.0681886171573702
32.6,2.110101,3.239583699428033
32.6,2.311111,3.409905144906712
32.6,2.512121,3.579391766861777
32.6,2.713131,3.754384880638184
32.6,2.914141,3.9301471700396635
32.6,3.115152,4.110111782649349
32.6,3.316162,4.293205670734093
32.6,3.517172,4.477616140248675
32.6,3.718182,4.677305450648124
32.6,3.919192,4.876576421441992
32.6,4.120202,5.087450428846875
32.6,4.321212,5.306270577785966
32.6,4.522222,5.528751964040064
32.6,4.723232,5.770705965059117
32.6,4.924242,6.0104983887490375
32.6,5.125253,6.261616196994063
32.6,5.326263,6.520067618320518
32.6,5.527273,6.783182790872165
32.6,5.728283,7.05505904383214
32.6,5.929293,7.323011566262409
32.6,6.130303,7.588671532783576
32.6,6.331313,7.853864159130985
32.6,6.532323,8.119984367783537
32.6,6.733333,8.368386557571757
32.6,6.934343,8.613025601077373
32.6,7.135354,8.835451691224726
32.6,7.336364,9.047739265517977
32.6,7.537374,9.255451568389159
32.6,7.738384,9.430201286009371
32.6,7.939394,9.603171633015563
32.6,8.140404,9.7503842081262
32.6,8.341414,9.886723332598825
32.6,8.542424,10.01741476393539
32.6,8.743434,10.123414643155586
32.6,8.944444,10.22903228877173
32.6,9.145455,10.317925903126875
32.6,9.346465,10.40048768487374
32.6,9.547475,10.479185821077309
32.6,9.748485,10.54501668885462
32.6,9.949495,10.610851230819234
32.6,10.15051,10.667805198944107
32.6,10.35152,10.72176343214541
32.6,10.55253,10.773495114977685
32.6,10.75354,10.819023658438223
32.6,10.95455,10.864594130930646
32.6,11.15556,10.905519867189385
32.6,11.35657,10.945057768517458
32.6,11.55758,10.983307586969534
32.6,11.75859,11.01846111529004
32.6,11.9596,11.053635741710195
32.6,12.16061,11.086203346291246
32.6,12.36162,11.118112087069445
32.6,12.56263,11.14922194608829
32.6,12.76364,11.178623876044847
32.6,12.96465,11.208036503007905
32.6,13.16566,11.235830895650073
32.6,13.36667,11.263265923008854
32.6,13.56768,11.29017164537341
32.6,13.76869,11.316018609654966
32.6,13.9697,11.34185605637723
32.6,14.17071,11.366564628632783
32.6,14.37172,11.391073584361038
32.6,14.57273,11.415173010895654
32.6,14.77374,11.438533246377059
32.6,14.97475,11.461893831271823
32.6,15.17576,11.484365192524873
32.6,15.37677,11.506716804030681
32.6,15.57778,11.52872876205793
32.6,15.77879,11.55017128444124
32.6,15.9798,11.571624064841448
32.6,16.18081,11.592337416464204
32.6,16.38182,11.612960941323092
32.6,16.58283,11.633284736742027
32.6,16.78384,11.65315894306597
32.6,16.98485,11.67303334149399
32.6,17.18586,11.692268177582989
32.6,17.38687,11.71145313754792
32.6,17.58788,11.730348315479587
32.6,17.78889,11.74888379876545
32.6,17.9899,11.767419425409525
32.6,18.19091,11.785385394161976
32.6,18.39192,11.803321452876734
32.6,18.59293,11.820987688066172
32.6,18.79394,11.838354151614768
32.6,18.99495,11.855730723041312
32.6,19.19596,11.872597566751272
32.6,19.39697,11.889434475732807
32.6,19.59798,11.906031520327476
32.6,19.79899,11.92120892847614
32.6,20.0,11.93517661009801
32.900000000000006,0.1,0.968445971571817
32.900000000000006,0.3010101,1.4432981869110255
32.900000000000006,0.5020202,1.7383516553892795
32.900000000000006,0.7030303,1.975024239316331
32.900000000000006,0.9040404,2.189937918586669
32.900000000000006,1.105051,2.375091146826484
32.900000000000006,1.306061,2.5606375937746355
32.900000000000006,1.507071,2.756914745170864
32.900000000000006,1.708081,2.936595080170065
32.900000000000006,1.909091,3.108581756998778
32.900000000000006,2.110101,3.2799764969353418
32.900000000000006,2.311111,3.4502985684926726
32.900000000000006,2.512121,3.6209879704524934
32.900000000000006,2.713131,3.796830875346927
32.900000000000006,2.914141,3.9725942123556672
32.900000000000006,3.115152,4.15256119216131
32.900000000000006,3.316162,4.335666447416295
32.900000000000006,3.517172,4.520156978275323
32.900000000000006,3.718182,4.7192096609168495
32.900000000000006,3.919192,4.918482481916986
32.900000000000006,4.120202,5.129358434180235
32.900000000000006,4.321212,5.3480392903133955
32.900000000000006,4.522222,5.568128023207644
32.900000000000006,4.723232,5.8069741037642455
32.900000000000006,4.924242,6.04676756400596
32.900000000000006,5.125253,6.297887606892973
32.900000000000006,5.326263,6.555864163800167
32.900000000000006,5.527273,6.812832238448302
32.900000000000006,5.728283,7.07917515482323
32.900000000000006,5.929293,7.347130280569513
32.900000000000006,6.130303,7.612793058705193
32.900000000000006,6.331313,7.877219263342262
32.900000000000006,6.532323,8.135402851465335
32.900000000000006,6.733333,8.378559554670458
32.900000000000006,6.934343,8.62320096075042
32.900000000000006,7.135354,8.845629383691183
32.900000000000006,7.336364,9.057290723240273
32.900000000000006,7.537374,9.259691695656935
32.900000000000006,7.738384,9.431978391187787
32.900000000000006,7.939394,9.604950138243476
32.900000000000006,8.140404,9.752163992408503
32.900000000000006,8.341414,9.888263794869928
32.900000000000006,8.542424,10.017247808010366
32.900000000000006,8.743434,10.122710247142184
32.900000000000006,8.944444,10.22831859627925
32.900000000000006,9.145455,10.317222827842032
32.900000000000006,9.346465,10.399745444592197
32.900000000000006,9.547475,10.478235807026184
32.900000000000006,9.748485,10.544067876342144
32.900000000000006,9.949495,10.609892786382806
32.900000000000006,10.15051,10.666847079991257
32.900000000000006,10.35152,10.720825776971054
32.900000000000006,10.55253,10.772648735839226
32.900000000000006,10.75354,10.818237988713163
32.900000000000006,10.95455,10.863808663684726
32.900000000000006,11.15556,10.904734580730485
32.900000000000006,11.35657,10.94429276641389
32.900000000000006,11.55758,10.982633402253747
32.900000000000006,11.75859,11.0178273601761
32.900000000000006,11.9596,11.053002104141846
32.900000000000006,12.16061,11.085569815283137
32.900000000000006,12.36162,11.117488743319052
32.900000000000006,12.56263,11.148639165399638
32.900000000000006,12.76364,11.178051380839113
32.900000000000006,12.96465,11.207464078478818
32.900000000000006,13.16566,11.235258536264267
32.900000000000006,13.36667,11.262703696426453
32.900000000000006,13.56768,11.289609840639065
32.900000000000006,13.76869,11.315447004589107
32.900000000000006,13.9697,11.341294493640975
32.900000000000006,14.17071,11.366003105589382
32.900000000000006,14.37172,11.390512158441021
32.900000000000006,14.57273,11.414591906484574
32.900000000000006,14.77374,11.43795228018146
32.900000000000006,14.97475,11.461312889560714
32.900000000000006,15.17576,11.483784273931578
32.900000000000006,15.37677,11.506135955559685
32.900000000000006,15.57778,11.528138153317496
32.900000000000006,15.77879,11.549580768048596
32.900000000000006,15.9798,11.571033561173113
32.900000000000006,16.18081,11.591746924795967
32.900000000000006,16.38182,11.612370498708371
32.900000000000006,16.58283,11.632684467287268
32.900000000000006,16.78384,11.652568732239605
32.900000000000006,16.98485,11.67244313568395
32.900000000000006,17.18586,11.691677976509347
32.900000000000006,17.38687,11.710862969374325
32.900000000000006,17.58788,11.72976826816876
32.900000000000006,17.78889,11.748303786641172
32.900000000000006,17.9899,11.766839413424222
32.900000000000006,18.19091,11.784805382310864
32.900000000000006,18.39192,11.802741462150465
32.900000000000006,18.59293,11.82042777943179
32.900000000000006,18.79394,11.837804262914542
32.900000000000006,18.99495,11.855170831583646
32.900000000000006,19.19596,11.872037672639545
32.900000000000006,19.39697,11.88888459489857
32.900000000000006,19.59798,11.905501693816403
32.900000000000006,19.79899,11.919489314017337
32.900000000000006,20.0,11.933446987561505
33.2,0.1,0.989989523612313
33.2,0.3010101,1.4729342189064725
33.2,0.5020202,1.7712648324579532
33.2,0.7030303,2.00881076565627
33.2,0.9040404,2.225741334466471
33.2,1.105051,2.4117111453770614
33.2,1.306061,2.5985344177873486
33.2,1.507071,2.795188839621848
33.2,1.708081,2.9751641145481638
33.2,1.909091,3.1482331452145313
33.2,2.110101,3.3198053710498288
33.2,2.311111,3.490849646038974
33.2,2.512121,3.6619948050135993
33.2,2.713131,3.8380853660265224
33.2,2.914141,4.014332497615805
33.2,3.115152,4.1943068062031506
33.2,3.316162,4.377499403319127
33.2,3.517172,4.562028035994232
33.2,3.718182,4.760785110677809
33.2,3.919192,4.95960162831151
33.2,4.120202,5.1703444594633385
33.2,4.321212,5.387685829512821
33.2,4.522222,5.607249358679475
33.2,4.723232,5.844614696178691
33.2,4.924242,6.0822837620159
33.2,5.125253,6.332959057627869
33.2,5.326263,6.587385283727845
33.2,5.527273,6.843053898445268
33.2,5.728283,7.10657660711344
33.2,5.929293,7.370756395152545
33.2,6.130303,7.635704777726921
33.2,6.331313,7.895379579043356
33.2,6.532323,8.151942332167161
33.2,6.733333,8.392205792868708
33.2,6.934343,8.63323081317911
33.2,7.135354,8.85507105696317
33.2,7.336364,9.06337332526376
33.2,7.537374,9.264711976167105
33.2,7.738384,9.435513368370463
33.2,7.939394,9.606748817589644
33.2,8.140404,9.75373141333009
33.2,8.341414,9.888676597502219
33.2,8.542424,10.017330199480895
33.2,8.743434,10.122424622012412
33.2,8.944444,10.227644920055317
33.2,9.145455,10.316510026468649
33.2,9.346465,10.398864281564219
33.2,9.547475,10.477315405464894
33.2,9.748485,10.543138470448005
33.2,9.949495,10.608964334177928
33.2,10.15051,10.66592910774031
33.2,10.35152,10.71994870024317
33.2,10.55253,10.77178206283541
33.2,10.75354,10.817421917809874
33.2,10.95455,10.863043151133935
33.2,11.15556,10.903979362223504
33.2,11.35657,10.943588105546327
33.2,11.55758,10.981948972033589
33.2,11.75859,11.01717331965147
33.2,11.9596,11.052378409996969
33.2,12.16061,11.084956313021099
33.2,12.36162,11.116895612062416
33.2,12.56263,11.148056174164148
33.2,12.76364,11.177488663870305
33.2,12.96465,11.206911593849016
33.2,13.16566,11.234696187383157
33.2,13.36667,11.262151614899208
33.2,13.56768,11.289057847507411
33.2,13.76869,11.314895216498838
33.2,13.9697,11.340742869234264
33.2,14.17071,11.365451579967466
33.2,14.37172,11.389950831155465
33.2,14.57273,11.41404063440793
33.2,14.77374,11.437391162243145
33.2,14.97475,11.46074188687859
33.2,15.17576,11.48322334276618
33.2,15.37677,11.505565169443411
33.2,15.57778,11.527567400130154
33.2,15.77879,11.549010127991583
33.2,15.9798,11.570452999828298
33.2,16.18081,11.5911664140615
33.2,16.38182,11.611790090731363
33.2,16.58283,11.632104076997551
33.2,16.78384,11.651988422502855
33.2,16.98485,11.671862877361542
33.2,17.18586,11.691097752638123
33.2,17.38687,11.710282815849393
33.2,17.58788,11.729188122302167
33.2,17.78889,11.747733695967504
33.2,17.9899,11.766269354653655
33.2,18.19091,11.784245345752138
33.2,18.39192,11.802181471773359
33.2,18.59293,11.819867790513515
33.2,18.79394,11.837244309967963
33.2,18.99495,11.854630896682433
33.2,19.19596,11.871487751002906
33.2,19.39697,11.88834470163764
33.2,19.59798,11.904961798361422
33.2,19.79899,11.92132903930954
33.2,20.0,11.936496531710464
33.5,0.1,1.0145309394739788
33.5,0.3010101,1.503810734011957
33.5,0.5020202,1.8051440586749499
33.5,0.7030303,2.0437819308117766
33.5,0.9040404,2.258196615413738
33.5,1.105051,2.4339572318937983
33.5,1.306061,2.6401297924732408
33.5,1.507071,2.8362470005075067
33.5,1.708081,3.0130117555648237
33.5,1.909091,3.1863798361281317
33.5,2.110101,3.3596346411741522
33.5,2.311111,3.5312201369178173
33.5,2.512121,3.7023655152074784
33.5,2.713131,3.8784580152614687
33.5,2.914141,4.054970785723219
33.5,3.115152,4.235422870015204
33.5,3.316162,4.418635999471879
33.5,3.517172,4.603165219171664
33.5,3.718182,4.8019253004564
33.5,3.919192,5.000378411062403
33.5,4.120202,5.209231675562623
33.5,4.321212,5.426040298192266
33.5,4.522222,5.645605715802816
33.5,4.723232,5.882973209820184
33.5,4.924242,6.118880730875926
33.5,5.125253,6.363833331857635
33.5,5.326263,6.61697842561024
33.5,5.527273,6.872648351037648
33.5,5.728283,7.136174747581621
33.5,5.929293,7.39696678489351
33.5,6.130303,7.653527830386468
33.5,6.331313,7.91161699915563
33.5,6.532323,8.168182281296035
33.5,6.733333,8.408448426490024
33.5,6.934343,8.645918164155603
33.5,7.135354,8.861097999418362
33.5,7.336364,9.068357084152149
33.5,7.537374,9.26969752828828
33.5,7.738384,9.440500616447613
33.5,7.939394,9.609852042281295
33.5,8.140404,9.754175243985072
33.5,8.341414,9.888782099676703
33.5,8.542424,10.017432647885133
33.5,8.743434,10.122537906886867
33.5,8.944444,10.227280427012875
33.5,9.145455,10.315658333095982
33.5,9.346465,10.397963393914914
33.5,9.547475,10.476415001020582
33.5,9.748485,10.542238485995785
33.5,9.949495,10.608045497913443
33.5,10.15051,10.665061725739307
33.5,10.35152,10.719101741279859
33.5,10.55253,10.770935364703819
33.5,10.75354,10.816565453562648
33.5,10.95455,10.862257393679904
33.5,11.15556,10.903284493946588
33.5,11.35657,10.942913478969514
33.5,11.55758,10.981274496057678
33.5,11.75859,11.01649897987583
33.5,11.9596,11.051754540600005
33.5,12.16061,11.08438303101909
33.5,12.36162,11.11633247727998
33.5,12.56263,11.147483130477859
33.5,12.76364,11.176915704124944
33.5,12.96465,11.206358974827383
33.5,13.16566,11.234163989211865
33.5,13.36667,11.261609510140971
33.5,13.56768,11.288525798742523
33.5,13.76869,11.314363220597365
33.5,13.9697,11.340201134782056
33.5,14.17071,11.364910158033096
33.5,14.37172,11.389409468110875
33.5,14.57273,11.413499305915202
33.5,14.77374,11.4368498666096
33.5,14.97475,11.46020079280594
33.5,15.17576,11.482662478622805
33.5,15.37677,11.505004340972734
33.5,15.57778,11.527006592005561
33.5,15.77879,11.548449339304744
33.5,15.9798,11.569892363594999
33.5,16.18081,11.5905959419676
33.5,16.38182,11.611219638482051
33.5,16.58283,11.631543635432235
33.5,16.78384,11.65141799142479
33.5,16.98485,11.671292558154132
33.5,17.18586,11.690537546514625
33.5,17.38687,11.709722619096247
33.5,17.58788,11.72862793005959
33.5,17.78889,11.747163508237499
33.5,17.9899,11.765709246292664
33.5,18.19091,11.783695312485056
33.5,18.39192,11.801631441249235
33.5,18.59293,11.819317760545577
33.5,18.79394,11.83669428057495
33.5,18.99495,11.854090921241179
33.5,19.19596,11.870957822053159
33.5,19.39697,11.887814771501946
33.5,19.59798,11.904431866512555
33.5,19.79899,11.920799105766816
33.5,20.0,11.934786820056068
33.8,0.1,1.0394758411514184
33.8,0.3010101,1.5355660229099717
33.8,0.5020202,1.8390827978507978
33.8,0.7030303,2.078584002786678
33.8,0.9040404,2.2968153970630114
33.8,1.105051,2.498157928038832
33.8,1.306061,2.6860055646822314
33.8,1.507071,2.8738783376315906
33.8,1.708081,3.051355743056331
33.8,1.909091,3.225372610235653
33.8,2.110101,3.398627612516099
33.8,2.311111,3.570508736582472
33.8,2.512121,3.742391010142542
33.8,2.713131,3.9189474542517417
33.8,2.914141,4.095672880826323
33.8,3.115152,4.276127369383363
33.8,3.316162,4.459366017646533
33.8,3.517172,4.643891825785046
33.8,3.718182,4.842118587154572
33.8,3.919192,5.040356389164638
33.8,4.120202,5.249211668980531
33.8,4.321212,5.4652095254973085
33.8,4.522222,5.6833164187207545
33.8,4.723232,5.918305397039871
33.8,4.924242,6.15330669676871
33.8,5.125253,6.39826157404799
33.8,5.326263,6.6492416661403855
33.8,5.527273,6.901352471899264
33.8,5.728283,7.160612525812418
33.8,5.929293,7.419884653740417
33.8,6.130303,7.676447404359394
33.8,6.331313,7.931547679804755
33.8,6.532323,8.183594984052998
33.8,6.733333,8.419657332870225
33.8,6.934343,8.655733845239514
33.8,7.135354,8.870916891739434
33.8,7.336364,9.075970943719794
33.8,7.537374,9.274273886445089
33.8,7.738384,9.442970399968807
33.8,7.939394,9.611677029473107
33.8,8.140404,9.756001464144065
33.8,8.341414,9.889806001992872
33.8,8.542424,10.017445528150212
33.8,8.743434,10.122043160721642
33.8,8.944444,10.226636814143387
33.8,9.145455,10.315015330897971
33.8,9.346465,10.397201733865405
33.8,9.547475,10.47552481115723
33.8,9.748485,10.54132947815846
33.8,9.949495,10.607127052570137
33.8,10.15051,10.664143602500303
33.8,10.35152,10.71822436182089
33.8,10.55253,10.770098801499097
33.8,10.75354,10.815799587133338
33.8,10.95455,10.861501839398032
33.8,11.15556,10.902529121743335
33.8,11.35657,10.942208574105747
33.8,11.55758,10.980620101340993
33.8,11.75859,11.015885033443153
33.8,11.9596,11.051140779588529
33.8,12.16061,11.083779378626279
33.8,12.36162,11.115749142411174
33.8,12.56263,11.146930141181635
33.8,12.76364,11.17637302761768
33.8,12.96465,11.205816413808847
33.8,13.16566,11.233621496037912
33.8,13.36667,11.261077248985945
33.8,13.56768,11.2879937883961
33.8,13.76869,11.31383144043178
33.8,13.9697,11.339679428016547
33.8,14.17071,11.364378494085205
33.8,14.37172,11.388877979293346
33.8,14.57273,11.412958003073749
33.8,14.77374,11.43630873448998
33.8,14.97475,11.45964970680842
33.8,15.17576,11.482121418533529
33.8,15.37677,11.504453412290978
33.8,15.57778,11.526445799349391
33.8,15.77879,11.54788867074004
33.8,15.9798,11.569331722141342
33.8,16.18081,11.590035315539403
33.8,16.38182,11.610659107919458
33.8,16.58283,11.630983201473722
33.8,16.78384,11.650857644981084
33.8,16.98485,11.670732225989212
33.8,17.18586,11.689977221949224
33.8,17.38687,11.70916236235736
33.8,17.58788,11.728067739671651
33.8,17.78889,11.746613377343973
33.8,17.9899,11.765159121351836
33.8,18.19091,11.78313519036675
33.8,18.39192,11.801081365266425
33.8,18.59293,11.818777728112117
33.8,18.79394,11.83616428677615
33.8,18.99495,11.853550928349126
33.8,19.19596,11.870427828829461
33.8,19.39697,11.887294807370102
33.8,19.59798,11.902742126397978
33.8,19.79899,11.916719780943835
33.8,20.0,11.930697483328563
34.1,0.1,1.0666948246037855
34.1,0.3010101,1.5684766836878998
34.1,0.5020202,1.8735585569170081
34.1,0.7030303,2.113525271791105
34.1,0.9040404,2.329396148280247
34.1,1.105051,2.5061312108863945
34.1,1.306061,2.704209223976287
34.1,1.507071,2.907108733635333
34.1,1.708081,3.088962852972063
34.1,1.909091,3.263547111282165
34.1,2.110101,3.43680205026426
34.1,2.311111,3.608950227697821
34.1,2.512121,3.781496797178608
34.1,2.713131,3.958457607825806
34.1,2.914141,4.135372250809307
34.1,3.115152,4.315827146182211
34.1,3.316162,4.499069928121366
34.1,3.517172,4.6835523744181256
34.1,3.718182,4.88122075191313
34.1,3.919192,5.079231635682578
34.1,4.120202,5.28808895856268
34.1,4.321212,5.503274592182892
34.1,4.522222,5.719921837252867
34.1,4.723232,5.952574262958863
34.1,4.924242,6.186684696439224
34.1,5.125253,6.431640869947855
34.1,5.326263,6.680518495322186
34.1,5.527273,6.9291759553344745
34.1,5.728283,7.184317182272466
34.1,5.929293,7.442120566820058
34.1,6.130303,7.698685992026001
34.1,6.331313,7.950905516826977
34.1,6.532323,8.19859903935324
34.1,6.733333,8.43060760324339
34.1,6.934343,8.665341885868138
34.1,7.135354,8.880526127410409
34.1,7.336364,9.0834470852374
34.1,7.537374,9.278806450105124
34.1,7.738384,9.445447298284705
34.1,7.939394,9.613524106635978
34.1,8.140404,9.757850775197166
34.1,8.341414,9.890860954062514
34.1,8.542424,10.01750840672208
34.1,8.743434,10.121588387455196
34.1,8.944444,10.226033167920457
34.1,9.145455,10.314412300060836
34.1,9.346465,10.396470039757057
34.1,9.547475,10.474654581021392
34.1,9.748485,10.54044042404495
34.1,9.949495,10.606238563137218
34.1,10.15051,10.663255438524544
34.1,10.35152,10.717356934630539
34.1,10.55253,10.769292181612007
34.1,10.75354,10.815053653741215
34.1,10.95455,10.860766219530284
34.1,11.15556,10.901803686571728
34.1,11.35657,10.94151360128625
34.1,11.55758,10.97997563269114
34.1,11.75859,11.01528100824711
34.1,11.9596,11.050556940684201
34.1,12.16061,11.083185651746144
34.1,12.36162,11.115185730504473
34.1,12.56263,11.146387072263476
34.1,12.76364,11.175850268717367
34.1,12.96465,11.205303771903552
34.1,13.16566,11.233098924689015
34.1,13.36667,11.260564908225824
34.1,13.56768,11.287481696415936
34.1,13.76869,11.313319576910319
34.1,13.9697,11.339167639822497
34.1,14.17071,11.363866750669132
34.1,14.37172,11.388366410177165
34.1,14.57273,11.412436618919278
34.1,14.77374,11.435777520413218
34.1,14.97475,11.459128540362704
34.1,15.17576,11.481590280397109
34.1,15.37677,11.503932405235574
34.1,15.57778,11.525914928416789
34.1,15.77879,11.547347924363894
34.1,15.9798,11.568791004585664
34.1,16.18081,11.589494614861554
34.1,16.38182,11.610118503989247
34.1,16.58283,11.630442695038658
34.1,16.78384,11.650317227161223
34.1,16.98485,11.670191824173024
34.1,17.18586,11.68942682947227
34.1,17.38687,11.708622039058534
34.1,17.58788,11.72752748415457
34.1,17.78889,11.746073183019766
34.1,17.9899,11.764618934533937
34.1,18.19091,11.782595007734226
34.1,18.39192,11.800551230682858
34.1,18.59293,11.818247639159845
34.1,18.79394,11.835644238664003
34.1,18.99495,11.853030882404857
34.1,19.19596,11.86990778382651
34.1,19.39697,11.88677479501205
34.1,19.59798,11.903401947224959
34.1,19.79899,11.919789237974399
34.1,20.0,11.933776949712744
34.400000000000006,0.1,1.094426258992716
34.400000000000006,0.3010101,1.6024062973694162
34.400000000000006,0.5020202,1.9079042173164316
34.400000000000006,0.7030303,2.148697227332846
34.400000000000006,0.9040404,2.3676436797483014
34.400000000000006,1.105051,2.5558339599157054
34.400000000000006,1.306061,2.744470002521854
34.400000000000006,1.507071,2.9472976939822493
34.400000000000006,1.708081,3.1257372325007644
34.400000000000006,1.909091,3.300582146023236
34.400000000000006,2.110101,3.4751613602540923
34.400000000000006,2.311111,3.647778113406506
34.400000000000006,2.512121,3.820324897447269
34.400000000000006,2.713131,3.9972876987673893
34.400000000000006,2.914141,4.174430967554288
34.400000000000006,3.115152,4.355189083635122
34.400000000000006,3.316162,4.538434919354463
34.400000000000006,3.517172,4.722919034284017
34.400000000000006,3.718182,4.9205894912169175
34.400000000000006,3.919192,5.118213854897737
34.400000000000006,4.120202,5.325130884726701
34.400000000000006,4.321212,5.5397821933859
34.400000000000006,4.522222,5.756431430064276
34.400000000000006,4.723232,5.989086102732185
34.400000000000006,4.924242,6.221474968183239
34.400000000000006,5.125253,6.460979532111154
34.400000000000006,5.326263,6.708613336605703
34.400000000000006,5.527273,6.957273102791161
34.400000000000006,5.728283,7.212415968066937
34.400000000000006,5.929293,7.466990118703959
34.400000000000006,6.130303,7.715728399197826
34.400000000000006,6.331313,7.9664202643131015
34.400000000000006,6.532323,8.214116210431898
34.400000000000006,6.733333,8.446127330305146
34.400000000000006,6.934343,8.677483275150657
34.400000000000006,7.135354,8.886431940695546
34.400000000000006,7.336364,9.088342612859096
34.400000000000006,7.537374,9.283703697147924
34.400000000000006,7.738384,9.450345175315672
34.400000000000006,7.939394,9.616604804233907
34.400000000000006,8.140404,9.758362832763119
34.400000000000006,8.341414,9.891039640050131
34.400000000000006,8.542424,10.017681017436418
34.400000000000006,8.743434,10.121761817674667
34.400000000000006,8.944444,10.225728765262893
34.400000000000006,9.145455,10.313610631768393
34.400000000000006,9.346465,10.395619168510494
34.400000000000006,9.547475,10.473794188012631
34.400000000000006,9.748485,10.539580448957256
34.400000000000006,9.949495,10.605359723223778
34.400000000000006,10.15051,10.662428020278556
34.400000000000006,10.35152,10.716539935796959
34.400000000000006,10.55253,10.768475444305858
34.400000000000006,10.75354,10.814237148369457
34.400000000000006,10.95455,10.860010402481134
34.400000000000006,11.15556,10.901138726571357
34.400000000000006,11.35657,10.940868882711088
34.400000000000006,11.55758,10.979331066171131
34.400000000000006,11.75859,11.014636579375212
34.400000000000006,11.9596,11.049952972421597
34.400000000000006,12.16061,11.08264225449388
34.400000000000006,12.36162,11.11464248189868
34.400000000000006,12.56263,11.14585391631893
34.400000000000006,12.76364,11.175307199074176
34.400000000000006,12.96465,11.204781037015875
34.400000000000006,13.16566,11.232596599696866
34.400000000000006,13.36667,11.260062678183345
34.400000000000006,13.56768,11.286979525085831
34.400000000000006,13.76869,11.31281746074056
34.400000000000006,13.9697,11.338665780252917
34.400000000000006,14.17071,11.363355196210986
34.400000000000006,14.37172,11.387854916797437
34.400000000000006,14.57273,11.411925162746865
34.400000000000006,14.77374,11.435276099456669
34.400000000000006,14.97475,11.458607318672568
34.400000000000006,15.17576,11.481069284695664
34.400000000000006,15.37677,11.503401447848402
34.400000000000006,15.57778,11.525393993922773
34.400000000000006,15.77879,11.546827011985423
34.400000000000006,15.9798,11.568260244391544
34.400000000000006,16.18081,11.588964018183255
34.400000000000006,16.38182,11.609587929818435
34.400000000000006,16.58283,11.629902134493397
34.400000000000006,16.78384,11.649776679534595
34.400000000000006,16.98485,11.669651389852753
34.400000000000006,17.18586,11.68889651005167
34.400000000000006,17.38687,11.708081731613808
34.400000000000006,17.58788,11.726987183764987
34.400000000000006,17.78889,11.745542889362854
34.400000000000006,17.9899,11.764088723035792
34.400000000000006,18.19091,11.78207487474178
34.400000000000006,18.39192,11.800021102815554
34.400000000000006,18.59293,11.817717514133106
34.400000000000006,18.79394,11.835114116387851
34.400000000000006,18.99495,11.852510818429646
34.400000000000006,19.19596,11.869397772921662
34.400000000000006,19.39697,11.886264784885903
34.400000000000006,19.59798,11.902891937232287
34.400000000000006,19.79899,11.919279228113767
34.400000000000006,20.0,11.934466786629917
34.7,0.1,1.1233138777145946
34.7,0.3010101,1.6370428142570386
34.7,0.5020202,1.9430368285391288
34.7,0.7030303,2.183847634973698
34.7,0.9040404,2.40300771380306
34.7,1.105051,2.5955249493240387
34.7,1.306061,2.794412112094165
34.7,1.507071,2.983649714429026
34.7,1.708081,3.162284221232189
34.7,1.909091,3.33784723951829
34.7,2.110101,3.512544022292568
34.7,2.311111,3.6856817001822395
34.7,2.512121,3.8585585991672615
34.7,2.713131,4.035689971830485
34.7,2.914141,4.213160925773023
34.7,3.115152,4.393918785398429
34.7,3.316162,4.577131191359864
34.7,3.517172,4.761601777574306
34.7,3.718182,4.9589283019986174
34.7,3.919192,5.156022914140381
34.7,4.120202,5.362806287539793
34.7,4.321212,5.576107852114134
34.7,4.522222,5.792230009578358
34.7,4.723232,6.023479729241021
34.7,4.924242,6.253851681897238
34.7,5.125253,6.4929489204643565
34.7,5.326263,6.737328822055789
34.7,5.527273,6.984796964264638
34.7,5.728283,7.237399541874566
34.7,5.929293,7.488572588626329
34.7,6.130303,7.73667143122567
34.7,6.331313,7.9831095074739755
34.7,6.532323,8.22935372001533
34.7,6.733333,8.458772486517768
34.7,6.934343,8.686886985749416
34.7,7.135354,8.89530125340753
34.7,7.336364,9.09416653353113
34.7,7.537374,9.288564143468413
34.7,7.738384,9.453825057780712
34.7,7.939394,9.618472123639489
34.7,8.140404,9.760006787595138
34.7,8.341414,9.891569762471864
34.7,8.542424,10.01789366016347
34.7,8.743434,10.12160635625907
34.7,8.944444,10.225165165396687
34.7,9.145455,10.313007882154235
34.7,9.346465,10.394828012944956
34.7,9.547475,10.472963785445685
34.7,9.748485,10.538731025215784
34.7,9.949495,10.604491234974454
34.7,10.15051,10.661570000768089
34.7,10.35152,10.715722778548587
34.7,10.55253,10.767668686084386
34.7,10.75354,10.813470965755823
34.7,10.95455,10.859294752579109
34.7,11.15556,10.900433363503883
34.7,11.35657,10.940224049858895
34.7,11.55758,10.97869646439195
34.7,11.75859,11.014032354125497
34.7,11.9596,11.049379082735214
34.7,12.16061,11.082078554950256
34.7,12.36162,11.114109141127432
34.7,12.56263,11.145320718482806
34.7,12.76364,11.17479426837027
34.7,12.96465,11.204278333632846
34.7,13.16566,11.232094031526998
34.7,13.36667,11.259560369501571
34.7,13.56768,11.286477308311412
34.7,13.76869,11.312325443631138
34.7,13.9697,11.338163924298653
34.7,14.17071,11.362863439670273
34.7,14.37172,11.38735335364452
34.7,14.57273,11.411433658993857
34.7,14.77374,11.434764747820864
34.7,14.97475,11.458106081938638
34.7,15.17576,11.480558122048983
34.7,15.37677,11.502890428884413
34.7,15.57778,11.524873012731476
34.7,15.77879,11.546306144727826
34.7,15.9798,11.567739457978954
34.7,16.18081,11.588443285950042
34.7,16.38182,11.609057302334602
34.7,16.58283,11.62937152949695
34.7,16.78384,11.64925615814026
34.7,16.98485,11.669130923616327
34.7,17.18586,11.688366082623695
34.7,17.38687,11.707551378500822
34.7,17.58788,11.726466842829165
34.7,17.78889,11.745012608423746
34.7,17.9899,11.763568478418957
34.7,18.19091,11.781554657196427
34.7,18.39192,11.799500936900692
34.7,18.59293,11.817197353795597
34.7,18.79394,11.83459399870863
34.7,18.99495,11.852000724199103
34.7,19.19596,11.868887697489123
34.7,19.39697,11.885764745481797
34.7,19.59798,11.902391899121247
34.7,19.79899,11.916409605585683
34.7,20.0,11.93039736216887
35.0,0.1,1.1535386402030816
35.0,0.3010101,1.6721783279062112
35.0,0.5020202,1.9788767639459246
35.0,0.7030303,2.219047002755278
35.0,0.9040404,2.4352344826603427
35.0,1.105051,2.6126437410894012
35.0,1.306061,2.8117412954151253
35.0,1.507071,3.0158743664839696
35.0,1.708081,3.1990354734611364
35.0,1.909091,3.374724234673089
35.0,2.110101,3.5494207128310284
35.0,2.311111,3.722557541643406
35.0,2.512121,3.8961799437032574
35.0,2.713131,4.073796786482805
35.0,2.914141,4.25126989388082
35.0,3.115152,4.432028257701871
35.0,3.316162,4.615236612481454
35.0,3.517172,4.799521309493839
35.0,3.718182,4.996049529411917
35.0,3.919192,5.193146157617229
35.0,4.120202,5.399931676964552
35.0,4.321212,5.61309364725723
35.0,4.522222,5.826842395752961
35.0,4.723232,6.055214403089003
35.0,4.924242,6.285588518769455
35.0,5.125253,6.524689081639047
35.0,5.326263,6.768657700916752
35.0,5.527273,7.010708769826763
35.0,5.728283,7.2585616994627165
35.0,5.929293,7.509737188338392
35.0,6.130303,7.757838626804075
35.0,6.331313,8.003639256724423
35.0,6.532323,8.24308612068289
35.0,6.733333,8.4680413491738
35.0,6.934343,8.696157980488419
35.0,7.135354,8.904574345566578
35.0,7.336364,9.102907122596886
35.0,7.537374,9.292649795745303
35.0,7.738384,9.455703154922809
35.0,7.939394,9.62035052781171
35.0,8.140404,9.76188739038571
35.0,8.341414,9.893223916059787
35.0,8.542424,10.017906993476425
35.0,8.743434,10.121062071111009
35.0,8.944444,10.224631564617853
35.0,9.145455,10.312464890333139
35.0,9.346465,10.39424583052834
35.0,9.547475,10.47213374417368
35.0,9.748485,10.537872155801647
35.0,9.949495,10.603642731330263
35.0,10.15051,10.660711821636756
35.0,10.35152,10.714885048823357
35.0,10.55253,10.7669021466666
35.0,10.75354,10.812765079681574
35.0,10.95455,10.858579074975896
35.0,11.15556,10.899727871048757
35.0,11.35657,10.939528835154304
35.0,11.55758,10.978092006640699
35.0,11.75859,11.013468303479796
35.0,11.9596,11.048825156601858
35.0,12.16061,11.081514742213862
35.0,12.36162,11.11355551400104
35.0,12.56263,11.144807622556838
35.0,12.76364,11.174301445747247
35.0,12.96465,11.203785589403902
35.0,13.16566,11.231601359307415
35.0,13.36667,11.25907782983653
35.0,13.56768,11.286005165971
35.0,13.76869,11.311843493630823
35.0,13.9697,11.337692024405294
35.0,14.17071,11.362381586849459
35.0,14.37172,11.386871599198699
35.0,14.57273,11.410942209616872
35.0,14.77374,11.434273434357516
35.0,14.97475,11.457614800751426
35.0,15.17576,11.480066871243546
35.0,15.37677,11.502399251520133
35.0,15.57778,11.524372068067866
35.0,15.77879,11.545805294663719
35.0,15.9798,11.567228628342324
35.0,16.18081,11.587932475477734
35.0,16.38182,11.608556545939994
35.0,16.58283,11.628860946819541
35.0,16.78384,11.64873563939998
35.0,16.98485,11.668610417049914
35.0,17.18586,11.687845587525775
35.0,17.38687,11.707040922329776
35.0,17.58788,11.72594651319525
35.0,17.78889,11.744502320231915
35.0,17.9899,11.763048196954243
35.0,18.19091,11.78103438198266
35.0,18.39192,11.798990688942235
35.0,18.59293,11.816697195948093
35.0,18.79394,11.834093866586686
35.0,18.99495,11.851490595125941
35.0,19.19596,11.868387571148924
35.0,19.39697,11.885264637462194
35.0,19.59798,11.90191185432368
35.0,19.79899,11.917119381554913
35.0,20.0,11.93110714260138
35.3,0.1,1.1844454044439023
35.3,0.3010101,1.7076845350183956
35.3,0.5020202,2.0144108456779257
35.3,0.7030303,2.254339218341469
35.3,0.9040404,2.473318578962
35.3,1.105051,2.6759877854184726
35.3,1.306061,2.8656062362766654
35.3,1.507071,3.05524054775266
35.3,1.708081,3.2347787966110997
35.3,1.909091,3.410954019075432
35.3,2.110101,3.586231312896854
35.3,2.311111,3.759891721430227
35.3,2.512121,3.933553250869842
35.3,2.713131,4.111174096936548
35.3,2.914141,4.2889416056034815
35.3,3.115152,4.469785355683753
35.3,3.316162,4.65292722505181
35.3,3.517172,4.837213678061355
35.3,3.718182,5.033688381884048
35.3,3.919192,5.230174383356356
35.3,4.120202,5.435908885621597
35.3,4.321212,5.647865883560788
35.3,4.522222,5.861617698617985
35.3,4.723232,6.089731329707433
35.3,4.924242,6.317855526142617
35.3,5.125253,6.55413621720147
35.3,5.326263,6.795356151548203
35.3,5.527273,7.037408516470292
35.3,5.728283,7.284722684324868
35.3,5.929293,7.532048040744855
35.3,6.130303,7.776135098986918
35.3,6.331313,8.01847210565051
35.3,6.532323,8.257921301915118
35.3,6.733333,8.482252263169162
35.3,6.934343,8.70659677734922
35.3,7.135354,8.911794559817261
35.3,7.336364,9.107711298513621
35.3,7.537374,9.297455627819303
35.3,7.738384,9.460136050275281
35.3,7.939394,9.622826333277306
35.3,8.140404,9.763003592384743
35.3,8.341414,9.893466751014554
35.3,8.542424,10.018149732631954
35.3,8.743434,10.121195936949256
35.3,8.944444,10.224247617995662
35.3,9.145455,10.311802710254506
35.3,9.346465,10.393434972172711
35.3,9.547475,10.47132335750849
35.3,9.748485,10.537062365687017
35.3,9.949495,10.602794065599284
35.3,10.15051,10.659894088103501
35.3,10.35152,10.714088017580085
35.3,10.55253,10.766115375818769
35.3,10.75354,10.811988657881075
35.3,10.95455,10.85786330419806
35.3,11.15556,10.899072661080925
35.3,11.35657,10.938904044926392
35.3,11.55758,10.977467369608933
35.3,11.75859,11.012863890847495
35.3,11.9596,11.048251166117547
35.3,12.16061,11.080981125239244
35.3,12.36162,11.113042172014287
35.3,12.56263,11.144294375238626
35.3,12.76364,11.17379835450863
35.3,12.96465,11.203292794667775
35.3,13.16566,11.231118832441576
35.3,13.36667,11.258595494521352
35.3,13.56768,11.285522891292299
35.3,13.76869,11.311371333059702
35.3,13.9697,11.33721008279857
35.3,14.17071,11.361909844118278
35.3,14.37172,11.386389993768505
35.3,14.57273,11.410460643531836
35.3,14.77374,11.433791953676224
35.3,14.97475,11.45713348390144
35.3,15.17576,11.479575702993415
35.3,15.37677,11.501898181451216
35.3,15.57778,11.523881023094662
35.3,15.77879,11.545304313490064
35.3,15.9798,11.566727768610223
35.3,16.18081,11.587431724658401
35.3,16.38182,11.608045863808677
35.3,16.58283,11.628350280411436
35.3,16.78384,11.648225019668748
35.3,16.98485,11.668099885362748
35.3,17.18586,11.687335133718138
35.3,17.38687,11.706530515217295
35.3,17.58788,11.725436115248861
35.3,17.78889,11.743991955646065
35.3,17.9899,11.76254789449518
35.3,18.19091,11.780534133720671
35.3,18.39192,11.798490471301042
35.3,18.59293,11.816186983235479
35.3,18.79394,11.833593676767325
35.3,18.99495,11.851000447640493
35.3,19.19596,11.867887460048783
35.3,19.39697,11.884774545418118
35.3,19.59798,11.901421764229308
35.3,19.79899,11.917809114978713
35.3,20.0,11.934206527322257
35.6,0.1,1.2157648778176247
35.6,0.3010101,1.7435483471985935
35.6,0.5020202,2.050130254508949
35.6,0.7030303,2.289568156889927
35.6,0.9040404,2.505282156574162
35.6,1.105051,2.686871658541737
35.6,1.306061,2.9004908788944674
35.6,1.507071,3.0903514575101307
35.6,1.708081,3.2699451685772476
35.6,1.909091,3.4465269909204492
35.6,2.110101,3.622293760940117
35.6,2.311111,3.7964063739722502
35.6,2.512121,3.970105059757129
35.6,2.713131,4.14772890097063
35.6,2.914141,4.32573923624936
35.6,3.115152,4.506624649075282
35.6,3.316162,4.689665107352496
35.6,3.517172,4.873953318542591
35.6,3.718182,5.070372639555221
35.6,3.919192,5.2662240002364396
35.6,4.120202,5.470899468721509
35.6,4.321212,5.681655367172143
35.6,4.522222,5.89540925969623
35.6,4.723232,6.123269628331172
35.6,4.924242,6.349185673841784
35.6,5.125253,6.582718119689214
35.6,5.326263,6.821262843680568
35.6,5.527273,7.063318502489739
35.6,5.728283,7.3101109720087445
35.6,5.929293,7.553711618762582
35.6,6.130303,7.793921577861129
35.6,6.331313,8.032916131478492
35.6,6.532323,8.272367643274972
35.6,6.733333,8.496097330147187
35.6,6.934343,8.716799764605621
35.6,7.135354,8.918883938730065
35.6,7.336364,9.112459603292159
35.6,7.537374,9.302205583307071
35.6,7.738384,9.46452305494153
35.6,7.939394,9.625303191514
35.6,8.140404,9.764145797408192
35.6,8.341414,9.893747562822208
35.6,8.542424,10.018432454150416
35.6,8.743434,10.121359785331263
35.6,8.944444,10.22389363594929
35.6,9.145455,10.311170486035227
35.6,9.346465,10.392654063426056
35.6,9.547475,10.470542926441437
35.6,9.748485,10.53627253375898
35.6,9.949495,10.601975354774817
35.6,10.15051,10.659096307677423
35.6,10.35152,10.71332093543252
35.6,10.55253,10.765338558428473
35.6,10.75354,10.811232191533703
35.6,10.95455,10.857167483954013
35.6,11.15556,10.898417397313843
35.6,11.35657,10.938299198279966
35.6,11.55758,10.976862678670907
35.6,11.75859,11.012269425306098
35.6,11.9596,11.04770711866139
35.6,12.16061,11.080457448810497
35.6,12.36162,11.112538769348836
35.6,12.56263,11.143801069083798
35.6,12.76364,11.173295205601347
35.6,12.96465,11.202809939529159
35.6,13.16566,11.23065624260351
35.6,13.36667,11.258143095445693
35.6,13.56768,11.285070554794038
35.6,13.76869,11.310909111653855
35.6,13.9697,11.336758078267955
35.6,14.17071,11.361448037312885
35.6,14.37172,11.385938323701255
35.6,14.57273,11.409999014682349
35.6,14.77374,11.433330410983062
35.6,14.97475,11.45666210422518
35.6,15.17576,11.479104471137335
35.6,15.37677,11.501427047867391
35.6,15.57778,11.523399916528348
35.6,15.77879,11.54482327149227
35.6,15.9798,11.566246847940834
35.6,16.18081,11.586940913162719
35.6,16.38182,11.607555121643507
35.6,16.58283,11.627859555463814
35.6,16.78384,11.647734342298872
35.6,16.98485,11.667609296595275
35.6,17.18586,11.686844623623761
35.6,17.38687,11.706030052817646
35.6,17.58788,11.724945663306142
35.6,17.78889,11.743491538126902
35.6,17.9899,11.762047540127082
35.6,18.19091,11.780043834486342
35.6,18.39192,11.798000203745383
35.6,18.59293,11.815696721649564
35.6,18.79394,11.833103439296037
35.6,18.99495,11.85051025386808
35.6,19.19596,11.867407303241764
35.6,19.39697,11.884294408631835
35.6,19.59798,11.900941630468429
35.6,19.79899,11.916159184035106
35.6,20.0,11.930156992318668
35.900000000000006,0.1,1.2471589402547658
35.900000000000006,0.3010101,1.7796431311617065
35.900000000000006,0.5020202,2.0854452316119536
35.900000000000006,0.7030303,2.3246320383858796
35.900000000000006,0.9040404,2.5431192597255317
35.900000000000006,1.105051,2.7315431287125596
35.900000000000006,1.306061,2.9213875720667177
35.900000000000006,1.507071,3.121658816295826
35.900000000000006,1.708081,3.3055122562102848
35.900000000000006,1.909091,3.482198961188504
35.900000000000006,2.110101,3.6579652932911544
35.900000000000006,2.311111,3.832078052332164
35.900000000000006,2.512121,4.006363994039761
35.900000000000006,2.713131,4.184341977591847
35.900000000000006,2.914141,4.362354569183399
35.900000000000006,3.115152,4.543241593795795
35.900000000000006,3.316162,4.726274195053107
35.900000000000006,3.517172,4.910277569067426
35.900000000000006,3.718182,5.105849679255005
35.900000000000006,3.919192,5.301702126242545
35.900000000000006,4.120202,5.506380810224543
35.900000000000006,4.321212,5.716996287796049
35.900000000000006,4.522222,5.928402339618124
35.900000000000006,4.723232,6.153470566585534
35.900000000000006,4.924242,6.379388809177328
35.900000000000006,5.125253,6.61292260387402
35.900000000000006,5.326263,6.851068132332826
35.900000000000006,5.527273,7.087981213931919
35.900000000000006,5.728283,7.330269818555582
35.900000000000006,5.929293,7.573872850028526
35.900000000000006,6.130303,7.81408532062732
35.900000000000006,6.331313,8.052465376884085
35.900000000000006,6.532323,8.28553898087272
35.900000000000006,6.733333,8.50504612783379
35.900000000000006,6.934343,8.725749608494423
35.900000000000006,7.135354,8.927835795866054
35.900000000000006,7.336364,9.120896864265042
35.900000000000006,7.537374,9.306235726896082
35.900000000000006,7.738384,9.466426492244608
35.900000000000006,7.939394,9.627207896314664
35.900000000000006,8.140404,9.766052667721073
35.900000000000006,8.341414,9.89543094422267
35.900000000000006,8.542424,10.01850589329049
35.900000000000006,8.743434,10.120885557346243
35.900000000000006,8.944444,10.223410085788567
35.900000000000006,9.145455,10.310687536036557
35.900000000000006,9.346465,10.392131913366786
35.900000000000006,9.547475,10.469762891229571
35.900000000000006,9.748485,10.535453659054168
35.900000000000006,9.949495,10.601156844199261
35.900000000000006,10.15051,10.658278118011074
35.900000000000006,10.35152,10.71251319364925
35.900000000000006,10.55253,10.76460198720278
35.900000000000006,10.75354,10.810546263879697
35.900000000000006,10.95455,10.85648176527858
35.900000000000006,11.15556,10.897741863706875
35.900000000000006,11.35657,10.937633939758344
35.900000000000006,11.55758,10.976288158820074
35.900000000000006,11.75859,11.011725306207172
35.900000000000006,11.9596,11.047163125346975
35.900000000000006,12.16061,11.079923569244102
35.900000000000006,12.36162,11.112005074898628
35.900000000000006,12.56263,11.143317891874618
35.900000000000006,12.76364,11.172832297803753
35.900000000000006,12.96465,11.202347111501412
35.900000000000006,13.16566,11.230183488161359
35.900000000000006,13.36667,11.257670473706751
35.900000000000006,13.56768,11.284608319609713
35.900000000000006,13.76869,11.310457065991502
35.900000000000006,13.9697,11.336306084621691
35.900000000000006,14.17071,11.360996092171694
35.900000000000006,14.37172,11.385486477396798
35.900000000000006,14.57273,11.409547465382495
35.900000000000006,14.77374,11.432868996957335
35.900000000000006,14.97475,11.456200724425624
35.900000000000006,15.17576,11.478643123443746
35.900000000000006,15.37677,11.500965774546973
35.900000000000006,15.57778,11.522928871315541
35.900000000000006,15.77879,11.54435232128207
35.900000000000006,15.9798,11.565765920192645
35.900000000000006,16.18081,11.586460006416395
35.900000000000006,16.38182,11.607074270476925
35.900000000000006,16.58283,11.627378876226643
35.900000000000006,16.78384,11.647243728274532
35.900000000000006,16.98485,11.667118696723584
35.900000000000006,17.18586,11.686354037061278
35.900000000000006,17.38687,11.705539506938779
35.900000000000006,17.58788,11.724455244255696
35.900000000000006,17.78889,11.743001162277588
35.900000000000006,17.9899,11.761557172774898
35.900000000000006,18.19091,11.779553475144086
35.900000000000006,18.39192,11.797509873487066
35.900000000000006,18.59293,11.815216482559523
35.900000000000006,18.79394,11.832623227721374
35.900000000000006,18.99495,11.850030047036531
35.900000000000006,19.19596,11.866927100833042
35.900000000000006,19.39697,11.88381422611193
35.900000000000006,19.59798,11.900471512322202
35.900000000000006,19.79899,11.914499271059675
35.900000000000006,20.0,11.9284970774895
36.2,0.1,1.2780121480451974
36.2,0.3010101,1.8158675980645225
36.2,0.5020202,2.1212187297798386
36.2,0.7030303,2.3600579866167326
36.2,0.9040404,2.5777985438096636
36.2,1.105051,2.766082565897086
36.2,1.306061,2.9559967846551407
36.2,1.507071,3.156285621578496
36.2,1.708081,3.3402502955541102
36.2,1.909091,3.5173459823548616
36.2,2.110101,3.6931804478435994
36.2,2.311111,3.8676303593689703
36.2,2.512121,4.042129269692713
36.2,2.713131,4.2202011003473805
36.2,2.914141,4.398397457202123
36.2,3.115152,4.579273561040494
36.2,3.316162,4.762160211890947
36.2,3.517172,4.946103588796516
36.2,3.718182,5.141290592266407
36.2,3.919192,5.336550929946272
36.2,4.120202,5.541096312569386
36.2,4.321212,5.750370922393062
36.2,4.522222,5.961251091287926
36.2,4.723232,6.184990859058715
36.2,4.924242,6.409001226621868
36.2,5.125253,6.642161907452361
36.2,5.326263,6.877316215925466
36.2,5.527273,7.113133276997532
36.2,5.728283,7.35312234348729
36.2,5.929293,7.593648264470327
36.2,6.130303,7.83328726993
36.2,6.331313,8.06784402267379
36.2,6.532323,8.299612954959395
36.2,6.733333,8.516787675816305
36.2,6.934343,8.734575704950299
36.2,7.135354,8.936176358258757
36.2,7.336364,9.126468799659403
36.2,7.537374,9.31093204052559
36.2,7.738384,9.469840030287685
36.2,7.939394,9.629122678721426
36.2,8.140404,9.767752026385072
36.2,8.341414,9.896060311845806
36.2,8.542424,10.018818713926327
36.2,8.743434,10.120830207206582
36.2,8.944444,10.222956538323599
36.2,9.145455,10.310184829091853
36.2,9.346465,10.391440767444491
36.2,9.547475,10.46901248393122
36.2,9.748485,10.53467421312466
36.2,9.949495,10.600358322537591
36.2,10.15051,10.65748006326703
36.2,10.35152,10.711745982030829
36.2,10.55253,10.763855167281093
36.2,10.75354,10.809840004152232
36.2,10.95455,10.855806026707818
36.2,11.15556,10.89707640939938
36.2,11.35657,10.937028999398416
36.2,11.55758,10.975693446188078
36.2,11.75859,11.011170958566728
36.2,11.9596,11.046639105042589
36.2,12.16061,11.079399738302559
36.2,12.36162,11.111521591010298
36.2,12.56263,11.142834550181053
36.2,12.76364,11.172359215646901
36.2,12.96465,11.20188425180825
36.2,13.16566,11.229730763160097
36.2,13.36667,11.25722799979351
36.2,13.56768,11.284165938296326
36.2,13.76869,11.310014879061228
36.2,13.9697,11.335864055887747
36.2,14.17071,11.360554163552084
36.2,14.37172,11.385034736721542
36.2,14.57273,11.409105785923874
36.2,14.77374,11.432427466053715
36.2,14.97475,11.455749307885627
36.2,15.17576,11.478191782320028
36.2,15.37677,11.5005045747374
36.2,15.57778,11.522467711764033
36.2,15.77879,11.543881275117382
36.2,15.9798,11.565304955780272
36.2,16.18081,11.585989098622715
36.2,16.38182,11.606603467516491
36.2,16.58283,11.626898099045821
36.2,16.78384,11.646763036089999
36.2,16.98485,11.66663806205988
36.2,17.18586,11.685873444056782
36.2,17.38687,11.705058990258564
36.2,17.58788,11.723974743078436
36.2,17.78889,11.742520723556735
36.2,17.9899,11.761076773490801
36.2,18.19091,11.779073105956446
36.2,18.39192,11.797029558612232
36.2,18.59293,11.814736176392582
36.2,18.79394,11.832152966379656
36.2,18.99495,11.849559811914359
36.2,19.19596,11.866456887048718
36.2,19.39697,11.883354050204078
36.2,19.59798,11.900001340755594
36.2,19.79899,11.916408757212935
36.2,20.0,11.931616402278395
36.5,0.1,1.3086404302789112
36.5,0.3010101,1.8521003571012153
36.5,0.5020202,2.1575424375293273
36.5,0.7030303,2.3950001127374967
36.5,0.9040404,2.6095571700777187
36.5,1.105051,2.7863994264080247
36.5,1.306061,2.9957892643998805
36.5,1.507071,3.1942607854076916
36.5,1.708081,3.374540559974241
36.5,1.909091,3.5517334716309064
36.5,2.110101,3.7282100503270996
36.5,2.311111,3.9028949463275326
36.5,2.512121,4.077393091493762
36.5,2.713131,4.25546713517612
36.5,2.914141,4.4337481570946995
36.5,3.115152,4.614588218378334
36.5,3.316162,4.797398371990602
36.5,3.517172,4.981343582974952
36.5,3.718182,5.176532873567788
36.5,3.919192,5.371330852267796
36.5,4.120202,5.57387209612132
36.5,4.321212,5.782616239015375
36.5,4.522222,5.993499522675176
36.5,4.723232,6.217240675967374
36.5,4.924242,6.439672226516577
36.5,5.125253,6.667907349654947
36.5,5.326263,6.901980908332388
36.5,5.527273,7.137800239976441
36.5,5.728283,7.377792853844405
36.5,5.929293,7.615549972600359
36.5,6.130303,7.848397808015176
36.5,6.331313,8.081676057243019
36.5,6.532323,8.313447221161905
36.5,6.733333,8.530624268730035
36.5,6.934343,8.745540946955362
36.5,7.135354,8.941696739464716
36.5,7.336364,9.131125686174991
36.5,7.537374,9.315590521909272
36.5,7.738384,9.474501025250207
36.5,7.939394,9.632157167064657
36.5,8.140404,9.768405462159611
36.5,8.341414,9.896401275864765
36.5,8.542424,10.019161568055805
36.5,8.743434,10.121173857655501
36.5,8.944444,10.222812247358533
36.5,9.145455,10.309513169091373
36.5,9.346465,10.390709886731603
36.5,9.547475,10.468272076522986
36.5,9.748485,10.533944221273398
36.5,9.949495,10.599589439802454
36.5,10.15051,10.656732557106409
36.5,10.35152,10.711008889172767
36.5,10.55253,10.763108337833607
36.5,10.75354,10.80909340791092
36.5,10.95455,10.855120087401726
36.5,11.15556,10.89648128339784
36.5,11.35657,10.936444112374907
36.5,11.55758,10.975108715054887
36.5,11.75859,11.01058636825823
36.5,11.9596,11.046094952693698
36.5,12.16061,11.07891612531598
36.5,12.36162,11.111048126592909
36.5,12.56263,11.142351183678958
36.5,12.76364,11.171885939032782
36.5,12.96465,11.201431293420637
36.5,13.16566,11.229298191694781
36.5,13.36667,11.256795525272226
36.5,13.56768,11.283733527551616
36.5,13.76869,11.30958252810782
36.5,13.9697,11.335431948800947
36.5,14.17071,11.360122344857762
36.5,14.37172,11.384602982421978
36.5,14.57273,11.408674074134268
36.5,14.77374,11.43199579465973
36.5,14.97475,11.455307827340889
36.5,15.17576,11.477740518411435
36.5,15.37677,11.500053353416531
36.5,15.57778,11.522016518860516
36.5,15.77879,11.543440109371652
36.5,15.9798,11.564843938952555
36.5,16.18081,11.585528242311232
36.5,16.38182,11.606132638783476
36.5,16.58283,11.6264372890027
36.5,16.78384,11.646302244194741
36.5,16.98485,11.666167384374852
36.5,17.18586,11.685402883049193
36.5,17.38687,11.704588446187245
36.5,17.58788,11.723504211154477
36.5,17.78889,11.7420502033724
36.5,17.9899,11.760606339170087
36.5,18.19091,11.77860275481841
36.5,18.39192,11.796559217291469
36.5,18.59293,11.814265842617097
36.5,18.79394,11.831682639880961
36.5,18.99495,11.849089549395021
36.5,19.19596,11.865996683465653
36.5,19.39697,11.882893851746164
36.5,19.59798,11.89954114660798
36.5,19.79899,11.915948567294459
36.5,20.0,11.929966436354658
36.8,0.1,1.3399114367272011
36.8,0.3010101,1.8882721541047836
36.8,0.5020202,2.1933680560755717
36.8,0.7030303,2.4301797048625815
36.8,0.9040404,2.646993230964763
36.8,1.105051,2.848704370476939
36.8,1.306061,3.0385379233365772
36.8,1.507071,3.2283841681713463
36.8,1.708081,3.4088955616212253
36.8,1.909091,3.5862980752383047
36.8,2.110101,3.762774139670455
36.8,2.311111,3.937584297223957
36.8,2.512121,4.112395953918265
36.8,2.713131,4.290618501755999
36.8,2.914141,4.468967258905325
36.8,3.115152,4.649809006141707
36.8,3.316162,4.832514701391222
36.8,3.517172,5.016234082674654
36.8,3.718182,5.21074879824118
36.8,3.919192,5.405273903570683
36.8,4.120202,5.607816398172624
36.8,4.321212,5.815754165797762
36.8,4.522222,6.025210251252996
36.8,4.723232,6.246818835063705
36.8,4.924242,6.468437078153185
36.8,5.125253,6.696674548125411
36.8,5.326263,6.928921534054101
36.8,5.527273,7.16175230777905
36.8,5.728283,7.398257044763425
36.8,5.929293,7.634771981197372
36.8,6.130303,7.867622240074897
36.8,6.331313,8.098488164091139
36.8,6.532323,8.326614183655598
36.8,6.733333,8.540394366409718
36.8,6.934343,8.754185625507072
36.8,7.135354,8.950343350666147
36.8,7.336364,9.1379528232816
36.8,7.537374,9.319893683776392
36.8,7.738384,9.476984065158472
36.8,7.939394,9.634084179760041
36.8,8.140404,9.770333605960394
36.8,8.341414,9.897587834212974
36.8,8.542424,10.019404818294541
36.8,8.743434,10.12089930726948
36.8,8.944444,10.222388765764018
36.8,9.145455,10.309090279057889
36.8,9.346465,10.390138282985344
36.8,9.547475,10.467541882873432
36.8,9.748485,10.533175169205938
36.8,9.949495,10.598800938232012
36.8,10.15051,10.655944373964372
36.8,10.35152,10.71025141598337
36.8,10.55253,10.76239163704121
36.8,10.75354,10.808427358791295
36.8,10.95455,10.854464344265413
36.8,11.15556,10.895825725353879
36.8,11.35657,10.935828992498323
36.8,11.55758,10.974534071405103
36.8,11.75859,11.010062142267433
36.8,11.9596,11.045580910787944
36.8,12.16061,11.078402197815882
36.8,12.36162,11.110554498504495
36.8,12.56263,11.141887879368756
36.8,12.76364,11.171442927573379
36.8,12.96465,11.200988399880343
36.8,13.16566,11.228855372308521
36.8,13.36667,11.256362925136974
36.8,13.56768,11.283311162643756
36.8,13.76869,11.30916037940758
36.8,13.9697,11.335009878033603
36.8,14.17071,11.359700323616966
36.8,14.37172,11.384181127928317
36.8,14.57273,11.408242396064601
36.8,14.77374,11.431554279577858
36.8,14.97475,11.45487636394894
36.8,15.17576,11.477309088561423
36.8,15.37677,11.499612051655905
36.8,15.57778,11.521575349708971
36.8,15.77879,11.542989062706566
36.8,15.9798,11.564392926273245
36.8,16.18081,11.585077252253596
36.8,16.38182,11.605681746080558
36.8,16.58283,11.62597649493942
36.8,16.78384,11.645841540703978
36.8,16.98485,11.665706702494134
36.8,17.18586,11.684942216085938
36.8,17.38687,11.704127852146517
36.8,17.58788,11.723033689053377
36.8,17.78889,11.741589747054611
36.8,17.9899,11.760135896034724
36.8,18.19091,11.778132321237903
36.8,18.39192,11.796098837429609
36.8,18.59293,11.813805514575943
36.8,18.79394,11.831212359543304
36.8,18.99495,11.848629276390978
36.8,19.19596,11.865536416270134
36.8,19.39697,11.882433624258404
36.8,19.59798,11.89792114059039
36.8,19.79899,11.911928961703332
36.8,20.0,11.925936824893352
37.1,0.1,1.3700476944814652
37.1,0.3010101,1.9243238466755446
37.1,0.5020202,2.2291655421552323
37.1,0.7030303,2.4651926712435532
37.1,0.9040404,2.6783433340283516
37.1,1.105051,2.8546357785879644
37.1,1.306061,3.054030600211519
37.1,1.507071,3.25840592521304
37.1,1.708081,3.442703039553131
37.1,1.909091,3.6202471465253527
37.1,2.110101,3.796722559917604
37.1,2.311111,3.9716304973244845
37.1,2.512121,4.146688071053834
37.1,2.713131,4.325004418742742
37.1,2.914141,4.50339646090058
37.1,3.115152,4.68424090375005
37.1,3.316162,4.866820723288702
37.1,3.517172,5.0502812300659405
37.1,3.718182,5.244103207358863
37.1,3.919192,5.43834577390915
37.1,4.120202,5.64089153297716
37.1,4.321212,5.848024321719396
37.1,4.522222,6.056059846793884
37.1,4.723232,6.275570496419244
37.1,4.924242,6.496388675335018
37.1,5.125253,6.724629499596865
37.1,5.326263,6.9550962423729565
37.1,5.527273,7.185019935827827
37.1,5.728283,7.418148107716273
37.1,5.929293,7.653459965048452
37.1,6.130303,7.886312639981924
37.1,6.331313,8.11484934481424
37.1,6.532323,8.339453359507235
37.1,6.733333,8.5499506815895
37.1,6.934343,8.76265452322955
37.1,7.135354,8.95881417174383
37.1,7.336364,9.144659135961914
37.1,7.537374,9.324150972606144
37.1,7.738384,9.479466176524198
37.1,7.939394,9.636022245699344
37.1,8.140404,9.772273807654317
37.1,8.341414,9.898795423947188
37.1,8.542424,10.01968806664294
37.1,8.743434,10.120654740780024
37.1,8.944444,10.222005263291896
37.1,9.145455,10.308707372488067
37.1,9.346465,10.389596659813332
37.1,9.547475,10.466841663624056
37.1,9.748485,10.532426086206234
37.1,9.949495,10.59804240615082
37.1,10.15051,10.655186165441252
37.1,10.35152,10.709503915030634
37.1,10.55253,10.761684905883651
37.1,10.75354,10.807771276535684
37.1,10.95455,10.853828568182733
37.1,11.15556,10.895190136128097
37.1,11.35657,10.935223839546252
37.1,11.55758,10.973979391123061
37.1,11.75859,11.009547877049553
37.1,11.9596,11.045076830502975
37.1,12.16061,11.077898233489755
37.1,12.36162,11.110070831530397
37.1,12.56263,11.141434533536264
37.1,12.76364,11.171009871928721
37.1,12.96465,11.200555463039835
37.1,13.16566,11.228422511108851
37.1,13.36667,11.255940281531387
37.1,13.56768,11.28288875239934
37.1,13.76869,11.308748183158706
37.1,13.9697,11.334597760565867
37.1,14.17071,11.359288257155299
37.1,14.37172,11.38376922696458
37.1,14.57273,11.407830669947217
37.1,14.77374,11.431142714976376
37.1,14.97475,11.454454852373473
37.1,15.17576,11.476887611733872
37.1,15.37677,11.499190702141991
37.1,15.57778,11.521144132184032
37.1,15.77879,11.542547967166602
37.1,15.9798,11.56396186570677
37.1,16.18081,11.584646215381285
37.1,16.38182,11.60524080663906
37.1,16.58283,11.62553565392289
37.1,16.78384,11.645390790486422
37.1,16.98485,11.665255974924067
37.1,17.18586,11.684491504492673
37.1,17.38687,11.703677213774876
37.1,17.58788,11.722583122893214
37.1,17.78889,11.741129247297772
37.1,17.9899,11.75968541026466
37.1,18.19091,11.777681845981972
37.1,18.39192,11.795648416276887
37.1,18.59293,11.813355145223062
37.1,18.79394,11.830772037408146
37.1,18.99495,11.848178962549513
37.1,19.19596,11.865086109133344
37.1,19.39697,11.881983356158699
37.1,19.59798,11.898640724574756
37.1,19.79899,11.915058212372818
37.1,20.0,11.929076088331657
37.400000000000006,0.1,1.4014291999535966
37.400000000000006,0.3010101,1.9602658434775773
37.400000000000006,0.5020202,2.2643947092550567
37.400000000000006,0.7030303,2.499881303109042
37.400000000000006,0.9040404,2.715660699086029
37.400000000000006,1.105051,2.902564015716229
37.400000000000006,1.306061,3.092175187548506
37.400000000000006,1.507071,3.2956828153343296
37.400000000000006,1.708081,3.476207293992614
37.400000000000006,1.909091,3.6538159251866453
37.400000000000006,2.110101,3.830627021463699
37.400000000000006,2.311111,4.005702369785384
37.400000000000006,2.512121,4.180759207942144
37.400000000000006,2.713131,4.359077850262172
37.400000000000006,2.914141,4.537520469388718
37.400000000000006,3.115152,4.718167897010652
37.400000000000006,3.316162,4.900656651654414
37.400000000000006,3.517172,5.084119015144959
37.400000000000006,3.718182,5.277943321039007
37.400000000000006,3.919192,5.471707263586699
37.400000000000006,4.120202,5.672223471719102
37.400000000000006,4.321212,5.878827042939996
37.400000000000006,4.522222,6.086864691638782
37.400000000000006,4.723232,6.30637873378428
37.400000000000006,4.924242,6.525651703366978
37.400000000000006,5.125253,6.749183928980457
37.400000000000006,5.326263,6.978599075874979
37.400000000000006,5.527273,7.20852501013319
37.400000000000006,5.728283,7.441655668469467
37.400000000000006,5.929293,7.674318016030253
37.400000000000006,6.130303,7.9008012660692915
37.400000000000006,6.331313,8.128102435687767
37.400000000000006,6.532323,8.352708594887831
37.400000000000006,6.733333,8.563209145901718
37.400000000000006,6.934343,8.773177582497292
37.400000000000006,7.135354,8.96421925322064
37.400000000000006,7.336364,9.149227640813264
37.400000000000006,7.537374,9.32872201018755
37.400000000000006,7.738384,9.484038672766543
37.400000000000006,7.939394,9.639024126777223
37.400000000000006,8.140404,9.772979471976754
37.400000000000006,8.341414,9.899193580208722
37.400000000000006,8.542424,10.020081092520092
37.400000000000006,8.743434,10.121058543599357
37.400000000000006,8.944444,10.22192108480511
37.400000000000006,9.145455,10.308075778590652
37.400000000000006,9.346465,10.388915834616625
37.400000000000006,9.547475,10.466161304570852
37.400000000000006,9.748485,10.531736138045948
37.400000000000006,9.949495,10.597313554813107
37.400000000000006,10.15051,10.654468671658421
37.400000000000006,10.35152,10.708796830600853
37.400000000000006,10.55253,10.760968082801522
37.400000000000006,10.75354,10.807054684935723
37.400000000000006,10.95455,10.853162625551313
37.400000000000006,11.15556,10.894614991334457
37.400000000000006,11.35657,10.934658931935232
37.400000000000006,11.55758,10.973424638486222
37.400000000000006,11.75859,11.008983265184636
37.400000000000006,11.9596,11.044562648690766
37.400000000000006,12.16061,11.077444578453703
37.400000000000006,12.36162,11.109617324695968
37.400000000000006,12.56263,11.140981124604746
37.400000000000006,12.76364,11.170556553252403
37.400000000000006,12.96465,11.20013245602251
37.400000000000006,13.16566,11.228009881235531
37.400000000000006,13.36667,11.255527748656187
37.400000000000006,13.56768,11.28248628372902
37.400000000000006,13.76869,11.308335775098785
37.400000000000006,13.9697,11.334195591294758
37.400000000000006,14.17071,11.358886368914389
37.400000000000006,14.37172,11.383357403884428
37.400000000000006,14.57273,11.407418890380761
37.400000000000006,14.77374,11.430730976748896
37.400000000000006,14.97475,11.454043301307626
37.400000000000006,15.17576,11.476466272554852
37.400000000000006,15.37677,11.498769406533794
37.400000000000006,15.57778,11.520722866272596
37.400000000000006,15.77879,11.54212672966493
37.400000000000006,15.9798,11.563530775025951
37.400000000000006,16.18081,11.584205283013036
37.400000000000006,16.38182,11.60479990295903
37.400000000000006,16.58283,11.625094770427634
37.400000000000006,16.78384,11.644949926440729
37.400000000000006,16.98485,11.664815224313088
37.400000000000006,17.18586,11.68404087007865
37.400000000000006,17.38687,11.703226597713867
37.400000000000006,17.58788,11.722132520353295
37.400000000000006,17.78889,11.74068865775691
37.400000000000006,17.9899,11.759234906973878
37.400000000000006,18.19091,11.777231426158174
37.400000000000006,18.39192,11.79519800763376
37.400000000000006,18.59293,11.812904745431405
37.400000000000006,18.79394,11.830321646234209
37.400000000000006,18.99495,11.84772863536628
37.400000000000006,19.19596,11.86464584030351
37.400000000000006,19.39697,11.881543093734955
37.400000000000006,19.59798,11.89820046778202
37.400000000000006,19.79899,11.914617961097544
37.400000000000006,20.0,11.929835699241826
37.7,0.1,1.430928283784473
37.7,0.3010101,1.9960267269692216
37.7,0.5020202,2.299904564689664
37.7,0.7030303,2.535010057703632
37.7,0.9040404,2.7496937035293083
37.7,1.105051,2.940423937513706
37.7,1.306061,3.1396149436901526
37.7,1.507071,3.3288949605878257
37.7,1.708081,3.509448322550178
37.7,1.909091,3.6871646984772037
37.7,2.110101,3.8639926854011617
37.7,2.311111,4.039221021050616
37.7,2.512121,4.214375183640892
37.7,2.713131,4.39271450856266
37.7,2.914141,4.571195393508132
37.7,3.115152,4.751824262895145
37.7,3.316162,4.9340599778282375
37.7,3.517172,5.117417531191106
37.7,3.718182,5.310824179666417
37.7,3.919192,5.503945180182053
37.7,4.120202,5.70433034228402
37.7,4.321212,5.909601000924881
37.7,4.522222,6.117117518272849
37.7,4.723232,6.3353672063489705
37.7,4.924242,6.552826873105911
37.7,5.125253,6.77601318647774
37.7,5.326263,7.002668619955993
37.7,5.527273,7.231584027145607
37.7,5.728283,7.462626690741061
37.7,5.929293,7.6924946658894084
37.7,6.130303,7.9184593835476
37.7,6.331313,8.142312610217463
37.7,6.532323,8.36574214020542
37.7,6.733333,8.574138173531326
37.7,6.934343,8.781476093282086
37.7,7.135354,8.972076059255128
37.7,7.336364,9.154560594082628
37.7,7.537374,9.333256235982345
37.7,7.738384,9.487380941717095
37.7,7.939394,9.640973455902653
37.7,8.140404,9.774724289816044
37.7,8.341414,9.899913260621435
37.7,8.542424,10.02050417395084
37.7,8.743434,10.121113393253603
37.7,8.944444,10.221567674949739
37.7,9.145455,10.307673183603407
37.7,9.346465,10.388304762186058
37.7,9.547475,10.46549096102741
37.7,9.748485,10.531036738638358
37.7,9.949495,10.596575061328199
37.7,10.15051,10.653740632848699
37.7,10.35152,10.708089618491085
37.7,10.55253,10.760271259559815
37.7,10.75354,10.80639840940328
37.7,10.95455,10.85253686017046
37.7,11.15556,10.893999503684709
37.7,11.35657,10.93409394438521
37.7,11.55758,10.972869877426275
37.7,11.75859,11.008468858909735
37.7,11.9596,11.044068561027384
37.7,12.16061,11.07696067577696
37.7,12.36162,11.109163757874507
37.7,12.56263,11.140537699613727
37.7,12.76364,11.170123379769226
37.7,12.96465,11.199709498446948
37.7,13.16566,11.227597055626555
37.7,13.36667,11.255125165327067
37.7,13.56768,11.282083793894058
37.7,13.76869,11.307943473309157
37.7,13.9697,11.33380344337769
37.7,14.17071,11.358484319784939
37.7,14.37172,11.382965536199219
37.7,14.57273,11.407017085812356
37.7,14.77374,11.430329316693467
37.7,14.97475,11.453641753169414
37.7,15.17576,11.476064799507974
37.7,15.37677,11.498358071262935
37.7,15.57778,11.52031157343343
37.7,15.77879,11.541715548205632
37.7,15.9798,11.563109675121789
37.7,16.18081,11.583784240353758
37.7,16.38182,11.604378964015215
37.7,16.58283,11.624663859702034
37.7,16.78384,11.644519100682537
37.7,16.98485,11.66437445720805
37.7,17.18586,11.683610146108176
37.7,17.38687,11.702785950770862
37.7,17.58788,11.721691891552888
37.7,17.78889,11.740248092723256
37.7,17.9899,11.75879438319501
37.7,18.19091,11.776790934525701
37.7,18.39192,11.7947575720774
37.7,18.59293,11.812464321154563
37.7,18.79394,11.829881268909507
37.7,18.99495,11.847298286491544
37.7,19.19596,11.864205514836234
37.7,19.39697,11.881102808105737
37.7,19.59798,11.897770188729043
37.7,19.79899,11.911808070937752
37.7,20.0,11.92581599742658
38.0,0.1,1.4607305269219004
38.0,0.3010101,2.0315132553253776
38.0,0.5020202,2.3358012885113526
38.0,0.7030303,2.5694689567816256
38.0,0.9040404,2.7809442364554346
38.0,1.105051,2.9559056087637328
38.0,1.306061,3.154662293035189
38.0,1.507071,3.3582523234920307
38.0,1.708081,3.542442926323129
38.0,1.909091,3.7201614476632967
38.0,2.110101,3.896988721219578
38.0,2.311111,4.072217192295144
38.0,2.512121,4.247546064500149
38.0,2.713131,4.42590248863808
38.0,2.914141,4.6043857034720785
38.0,3.115152,4.785016289946022
38.0,3.316162,4.967230666502545
38.0,3.517172,5.150075615843765
38.0,3.718182,5.3425246793077035
38.0,3.919192,5.535647782533176
38.0,4.120202,5.736034204483674
38.0,4.321212,5.941167856720644
38.0,4.522222,6.146384921648213
38.0,4.723232,6.362041750535304
38.0,4.924242,6.5795036115814245
38.0,5.125253,6.802693262284744
38.0,5.326263,7.0289988155502385
38.0,5.527273,7.253340886748463
38.0,5.728283,7.480474393265006
38.0,5.929293,7.710343594009846
38.0,6.130303,7.936311641515756
38.0,6.331313,8.159647309473288
38.0,6.532323,8.377556684735254
38.0,6.733333,8.58232611650386
38.0,6.934343,8.789665909317712
38.0,7.135354,8.980266713567651
38.0,7.336364,9.162310456775224
38.0,7.537374,9.337119567552094
38.0,7.738384,9.489336206698988
38.0,7.939394,9.642929910926872
38.0,8.140404,9.776681844620912
38.0,8.341414,9.901663231892819
38.0,8.542424,10.020727935329102
38.0,8.743434,10.120779367848941
38.0,8.944444,10.221234304107925
38.0,9.145455,10.307350396332831
38.0,9.346465,10.38793275198079
38.0,9.547475,10.464820992392529
38.0,9.748485,10.53031789752603
38.0,9.949495,10.595856578550748
38.0,10.15051,10.6530124691195
38.0,10.35152,10.707371892588492
38.0,10.55253,10.759604664851153
38.0,10.75354,10.805772436617193
38.0,10.95455,10.85191109554285
38.0,11.15556,10.893383924218961
38.0,11.35657,10.933488633421106
38.0,11.55758,10.97234527077369
38.0,11.75859,11.007984634819433
38.0,11.9596,11.043584464614664
38.0,12.16061,11.076476694875964
38.0,12.36162,11.108689957035713
38.0,12.56263,11.140114387255247
38.0,12.76364,11.169710324110493
38.0,12.96465,11.199306525030952
38.0,13.16566,11.227194157945558
38.0,13.36667,11.254722397078405
38.0,13.56768,11.281691389349122
38.0,13.76869,11.307551249664023
38.0,13.9697,11.333411275033026
38.0,14.17071,11.358102202717253
38.0,14.37172,11.382583516098581
38.0,14.57273,11.406635345868093
38.0,14.77374,11.429937706964685
38.0,14.97475,11.45325018135712
38.0,15.17576,11.475673263312743
38.0,15.37677,11.497966609158683
38.0,15.57778,11.519910328778701
38.0,15.77879,11.541304397036178
38.0,15.9798,11.562698550152213
38.0,16.18081,11.583373140142585
38.0,16.38182,11.603957920637148
38.0,16.58283,11.624242983444448
38.0,16.78384,11.644098290464468
38.0,16.98485,11.663953665036448
38.0,17.18586,11.683179371126814
38.0,17.38687,11.702365218742182
38.0,17.58788,11.721261285955032
38.0,17.78889,11.739807532944546
38.0,17.9899,11.758363835669117
38.0,18.19091,11.776360398662332
38.0,18.39192,11.794327068468172
38.0,18.59293,11.812033911236679
38.0,18.79394,11.829450890011756
38.0,18.99495,11.846867915825971
38.0,19.19596,11.863775151979368
38.0,19.39697,11.880672469010932
38.0,19.59798,11.897339918212777
38.0,19.79899,11.912577642441263
38.0,20.0,11.926585576970547
10.4,0.1,0.9499480047992624
10.4,0.3010101,1.4123659176865277
10.4,0.5020202,1.4632331387627515
10.4,0.7030303,0.9906497240851347
10.4,1.306061,1.5014988560358136
10.4,1.507071,1.9881788802998155
10.4,1.708081,1.8808305631153968
10.4,1.909091,1.7451875299204187
10.4,2.110101,1.6165657542290013
10.4,2.311111,1.4994011737845971
10.4,2.512121,1.3923326568011656
10.4,2.713131,1.2995330183225655
10.4,2.914141,1.227402957198633
10.4,3.115152,1.1839880780339445
10.4,3.316162,1.1843776219875577
10.4,3.517172,1.2319053523001817
10.4,3.718182,1.325937341942178
10.4,3.919192,1.4421440644304222
10.4,4.120202,1.5627922282542286
10.4,4.321212,1.6851962968055942
10.4,4.522222,1.8155473100886228
10.4,4.723232,1.9632558770663813
10.4,4.924242,2.1364451251258765
10.4,5.125253,2.340124997357673
10.4,5.326263,2.5811691652883297
10.4,5.527273,2.9029470238117967
10.4,5.728283,3.2993720841867207
10.4,5.929293,3.817530631881614
10.4,6.130303,4.4531583761497
10.4,6.331313,5.168791341601047
10.4,6.532323,5.943825858906568
10.4,6.733333,6.735196631697651
10.4,6.934343,7.480340409843235
10.4,7.135354,8.13546296007803
10.4,7.336364,8.697053914813907
10.4,7.537374,9.146278826575816
10.4,7.738384,9.491174869693607
10.4,7.939394,9.746732515923876
10.4,8.140404,9.951941743502736
10.4,8.341414,10.118251198501047
10.4,8.542424,10.255405968103684
10.4,8.743434,10.369488175232727
10.4,8.944444,10.46400663238236
10.4,9.145455,10.547607778469771
10.4,9.346465,10.62186955581628
10.4,9.547475,10.688890991983868
10.4,9.748485,10.749680561808692
10.4,9.949495,10.802459221633269
10.4,10.15051,10.850054405971525
10.4,10.35152,10.899861158612275
10.4,10.55253,10.947882777852488
10.4,10.75354,10.98877087370624
10.4,10.95455,11.029731685061522
10.4,11.15556,11.06700656417593
10.4,11.35657,11.102993938104733
10.4,11.55758,11.137873695529617
10.4,11.75859,11.170026035084389
10.4,11.9596,11.202269910637717
10.4,12.16061,11.232185738478906
10.4,12.36162,11.26125285880482
10.4,12.56263,11.289531148239709
10.4,12.76364,11.316090461386102
10.4,12.96465,11.342750586984955
10.4,13.16566,11.367851365895856
10.4,13.36667,11.39235261773046
10.4,13.56768,11.416294276532248
10.4,13.76869,11.439136095688518
10.4,13.9697,11.462078350059121
10.4,14.17071,11.483950595480339
10.4,14.37172,11.505422853369925
10.4,14.57273,11.526495140992182
10.4,14.77374,11.546837246455878
10.4,14.97475,11.567289620353664
10.4,15.17576,11.586961742250878
10.4,15.37677,11.606373679991506
10.4,15.57778,11.625485505994508
10.4,15.77879,11.644097078250121
10.4,15.9798,11.662798852408498
10.4,16.18081,11.680900331443672
10.4,16.38182,11.698831571617966
10.4,16.58283,11.716512670199226
10.4,16.78384,11.733843544829806
10.4,16.98485,11.751234595210203
10.4,17.18586,11.768135379948848
10.4,17.38687,11.78492593428054
10.4,17.58788,11.801496361166288
10.4,17.78889,11.817796619198857
10.4,17.9899,11.834147039955912
10.4,18.19091,11.850067242952104
10.4,18.39192,11.865917248688282
10.4,18.59293,11.88157715461583
10.4,18.79394,11.897016944213092
10.4,18.99495,11.912496884200246
10.4,19.19596,11.927596655540277
10.4,19.39697,11.942646271982701
10.4,19.59798,11.957525821884921
10.4,19.79899,11.972205302729902
10.4,20.0,11.985854931778336
10.700000000000001,0.1,0.7646870663243219
10.700000000000001,0.3010101,1.1896902356224588
10.700000000000001,0.5020202,1.1739033484793473
10.700000000000001,0.7030303,0.9844460876663028
10.700000000000001,1.306061,1.527147217047643
10.700000000000001,1.507071,1.9178270975122171
10.700000000000001,1.708081,1.8258660245666818
10.700000000000001,1.909091,1.6986210959249377
10.700000000000001,2.110101,1.5730601909849304
10.700000000000001,2.311111,1.4597264543243937
10.700000000000001,2.512121,1.3591091045613963
10.700000000000001,2.713131,1.2744680261997796
10.700000000000001,2.914141,1.2099914623013215
10.700000000000001,3.115152,1.1712138849884859
10.700000000000001,3.316162,1.1722824104267369
10.700000000000001,3.517172,1.2154155047599062
10.700000000000001,3.718182,1.3015195577022507
10.700000000000001,3.919192,1.4112401987434495
10.700000000000001,4.120202,1.5289032591241545
10.700000000000001,4.321212,1.6503123599870262
10.700000000000001,4.522222,1.780062109894928
10.700000000000001,4.723232,1.927067569573741
10.700000000000001,4.924242,2.100520796873312
10.700000000000001,5.125253,2.306853856363735
10.700000000000001,5.326263,2.5604754950583506
10.700000000000001,5.527273,2.890686867265669
10.700000000000001,5.728283,3.305867575205589
10.700000000000001,5.929293,3.8488446291628384
10.700000000000001,6.130303,4.487147946637269
10.700000000000001,6.331313,5.212599419028985
10.700000000000001,6.532323,5.987653497317447
10.700000000000001,6.733333,6.769670504774623
10.700000000000001,6.934343,7.49745374004387
10.700000000000001,7.135354,8.149144973214979
10.700000000000001,7.336364,8.694642154262276
10.700000000000001,7.537374,9.140226042401439
10.700000000000001,7.738384,9.481998924869533
10.700000000000001,7.939394,9.736637620671209
10.700000000000001,8.140404,9.941947964171092
10.700000000000001,8.341414,10.108945497033769
10.700000000000001,8.542424,10.24636506275163
10.700000000000001,8.743434,10.361062632551091
10.700000000000001,8.944444,10.456156840339313
10.700000000000001,9.145455,10.53987373594968
10.700000000000001,9.346465,10.614661888355567
10.700000000000001,9.547475,10.681809566611554
10.700000000000001,9.748485,10.74287578511638
10.700000000000001,9.949495,10.795891424156473
10.700000000000001,10.15051,10.84745039614214
10.700000000000001,10.35152,10.895505983599397
10.700000000000001,10.55253,10.9416859376658
10.700000000000001,10.75354,10.982761403821206
10.700000000000001,10.95455,11.023909595871142
10.700000000000001,11.15556,11.061262019420104
10.700000000000001,11.35657,11.097517050857276
10.700000000000001,11.55758,11.132454558317542
10.700000000000001,11.75859,11.164854828640511
10.700000000000001,11.9596,11.197316669144119
10.700000000000001,12.16061,11.227340683290015
10.700000000000001,12.36162,11.256756071058394
10.700000000000001,12.56263,11.285102776075146
10.700000000000001,12.76364,11.311940683801895
10.700000000000001,12.96465,11.338849439173233
10.700000000000001,13.16566,11.36405903574013
10.700000000000001,13.36667,11.388909257395587
10.700000000000001,13.56768,11.412909929282584
10.700000000000001,13.76869,11.436020989018678
10.700000000000001,13.9697,11.45917248113945
10.700000000000001,14.17071,11.48114406218944
10.700000000000001,14.37172,11.502915876073956
10.700000000000001,14.57273,11.524017613482025
10.700000000000001,14.77374,11.544589440415578
10.700000000000001,14.97475,11.565191483058125
10.700000000000001,15.17576,11.58495329938225
10.700000000000001,15.37677,11.604585179518818
10.700000000000001,15.57778,11.623716731380432
10.700000000000001,15.77879,11.642508326688816
10.700000000000001,15.9798,11.661320029708603
10.700000000000001,16.18081,11.679491427130777
10.700000000000001,16.38182,11.697582828478788
10.700000000000001,16.58283,11.715283813214302
10.700000000000001,16.78384,11.732744878865356
10.700000000000001,16.98485,11.750215998391118
10.700000000000001,17.18586,11.767166831662855
10.700000000000001,17.38687,11.784077654062319
10.700000000000001,17.58788,11.800658054883558
10.700000000000001,17.78889,11.817058584425615
10.700000000000001,17.9899,11.833469140282155
10.700000000000001,18.19091,11.849429460617136
10.700000000000001,18.39192,11.865379771481697
10.700000000000001,18.59293,11.881039695968806
10.700000000000001,18.79394,11.89654978029237
10.700000000000001,18.99495,11.912069876352799
10.700000000000001,19.19596,11.927209793107966
10.700000000000001,19.39697,11.942329706505712
10.700000000000001,19.59798,11.957209294463075
10.700000000000001,19.79899,11.969819081768037
10.700000000000001,20.0,11.982408873052679
11.0,0.1,0.6696772065572403
11.0,0.3010101,1.0014656516771823
11.0,0.5020202,1.0114450645783053
11.0,0.7030303,0.8344532862266771
11.0,1.306061,1.3912407381859546
11.0,1.507071,1.8649817603935488
11.0,1.708081,1.7782175856825002
11.0,1.909091,1.6571996336090933
11.0,2.110101,1.5358627070684523
11.0,2.311111,1.4266016494381777
11.0,2.512121,1.331754344728605
11.0,2.713131,1.2541722033883702
11.0,2.914141,1.1957172974402661
11.0,3.115152,1.1611111475842242
11.0,3.316162,1.1620072459246296
11.0,3.517172,1.2005110400081431
11.0,3.718182,1.2785652654584754
11.0,3.919192,1.3817460815502725
11.0,4.120202,1.49564866304729
11.0,4.321212,1.6160347494913292
11.0,4.522222,1.7458686205017466
11.0,4.723232,1.8937873858417367
11.0,4.924242,2.069514105501349
11.0,5.125253,2.2806786988475993
11.0,5.326263,2.555843121585881
11.0,5.527273,2.8914485665681515
11.0,5.728283,3.324038952873614
11.0,5.929293,3.8767802138457084
11.0,6.130303,4.531070616122068
11.0,6.331313,5.258117674651029
11.0,6.532323,6.028659712724564
11.0,6.733333,6.801992412936433
11.0,6.934343,7.521093942773674
11.0,7.135354,8.155028129687308
11.0,7.336364,8.696590618703121
11.0,7.537374,9.134060680114542
11.0,7.738384,9.473307006330401
11.0,7.939394,9.727494633216514
11.0,8.140404,9.932758366586894
11.0,8.341414,10.099890277474426
11.0,8.542424,10.237994747873685
11.0,8.743434,10.353107523734833
11.0,8.944444,10.448517352960689
11.0,9.145455,10.53277031552485
11.0,9.346465,10.607674604987942
11.0,9.547475,10.67517887249959
11.0,9.748485,10.736431765856677
11.0,9.949495,10.785697838786833
11.0,10.15051,10.834566196854574
11.0,10.35152,10.886655311849356
11.0,10.55253,10.93594030297948
11.0,10.75354,10.977223323352375
11.0,10.95455,11.018358966119468
11.0,11.15556,11.055719073291984
11.0,11.35657,11.09203187665472
11.0,11.55758,11.12743724810045
11.0,11.75859,11.160075552379842
11.0,11.9596,11.192545481195832
11.0,12.16061,11.222567788940369
11.0,12.36162,11.252061514087965
11.0,12.56263,11.280996598765501
11.0,12.76364,11.308113119328542
11.0,12.96465,11.335020546060672
11.0,13.16566,11.360228987340939
11.0,13.36667,11.385188099557203
11.0,13.56768,11.409767854062235
11.0,13.76869,11.433128102203748
11.0,13.9697,11.456278744739983
11.0,14.17071,11.478249605630042
11.0,14.37172,11.50011077017974
11.0,14.57273,11.521712217261884
11.0,14.77374,11.542473662530353
11.0,14.97475,11.563075197762654
11.0,15.17576,11.582836595405935
11.0,15.37677,11.602548152319414
11.0,15.57778,11.622069838082615
11.0,15.77879,11.640991319004092
11.0,15.9798,11.659802738140783
11.0,16.18081,11.67797391013452
11.0,16.38182,11.696135197519597
11.0,16.58283,11.714126556479785
11.0,16.78384,11.731677654855089
11.0,16.98485,11.749138629821323
11.0,17.18586,11.766099356472896
11.0,17.38687,11.783060190940832
11.0,17.58788,11.799861078419557
11.0,17.78889,11.816321712032998
11.0,17.9899,11.832732207642577
11.0,18.19091,11.848702492377289
11.0,18.39192,11.864682886654348
11.0,18.59293,11.880523328948312
11.0,18.79394,11.89608354553563
11.0,18.99495,11.911593631201459
11.0,19.19596,11.92673355348154
11.0,19.39697,11.941893587134397
11.0,19.59798,11.956893678473678
11.0,19.79899,11.97061359400659
11.0,20.0,11.983203400511798
38.3,0.1,1.4892143026158255
38.3,0.3010101,2.0666408633741895
38.3,0.5020202,2.3710672020393915
38.3,0.7030303,2.6041434359137616
38.3,0.9040404,2.8177035495783493
38.3,1.105051,3.0171018302807715
38.3,1.306061,3.205912432603684
38.3,1.507071,3.394735427256619
38.3,1.708081,3.575235152465405
38.3,1.909091,3.752964301351199
38.3,2.110101,3.929837857244808
38.3,2.311111,4.105171629158091
38.3,2.512121,4.280508310991074
38.3,2.713131,4.4588670193738515
38.3,2.914141,4.637339113111111
38.3,3.115152,4.8178016766057175
38.3,3.316162,4.999750996328987
38.3,3.517172,5.182597789172149
38.3,3.718182,5.374982912166984
38.3,3.919192,5.567377321032701
38.3,4.120202,5.7666762561823806
38.3,4.321212,5.9706197438474415
38.3,4.522222,6.175839920497939
38.3,4.723232,6.391263845711226
38.3,4.924242,6.6066974501028275
38.3,5.125253,6.827446497349351
38.3,5.326263,7.051416956282011
38.3,5.527273,7.275761217762722
38.3,5.728283,7.502449089734454
38.3,5.929293,7.729147112914175
38.3,6.130303,7.9518369162512474
38.3,6.331313,8.172357531797743
38.3,6.532323,8.390268960059167
38.3,6.733333,8.594530845242069
38.3,6.934343,8.798802461670617
38.3,7.135354,8.98675333273582
38.3,7.336364,9.166791640034605
38.3,7.537374,9.341603222346661
38.3,7.738384,9.493497696514314
38.3,7.939394,9.645399878019887
38.3,8.140404,9.777935859745496
38.3,8.341414,9.902116633408404
38.3,8.542424,10.02118118223746
38.3,8.743434,10.121123670191444
38.3,8.944444,10.221060642316246
38.3,9.145455,10.306878403978759
38.3,9.346465,10.387292019087356
38.3,9.547475,10.464190715657422
38.3,9.748485,10.529668197821547
38.3,9.949495,10.5951579596068
38.3,10.15051,10.652314745913246
38.3,10.35152,10.706684842498886
38.3,10.55253,10.758917873536467
38.3,10.75354,10.805105982731778
38.3,10.95455,10.851295260023411
38.3,11.15556,10.892798618860995
38.3,11.35657,10.93295372619723
38.3,11.55758,10.971810517764276
38.3,11.75859,11.007450099519968
38.3,11.9596,11.043100324703637
38.3,12.16061,11.076022904152751
38.3,12.36162,11.108256426365013
38.3,12.56263,11.139680954237683
38.3,12.76364,11.16928704227249
38.3,12.96465,11.198893519891024
38.3,13.16566,11.226801401866663
38.3,13.36667,11.254329822411629
38.3,13.56768,11.281308879239683
38.3,13.76869,11.307168851024338
38.3,13.9697,11.33302908059804
38.3,14.17071,11.357720194281583
38.3,14.37172,11.382191638936662
38.3,14.57273,11.406253512711501
38.3,14.77374,11.429555958477977
38.3,14.97475,11.452858587584688
38.3,15.17576,11.4752718105633
38.3,15.37677,11.497565252317836
38.3,15.57778,11.519509002583591
38.3,15.77879,11.540903135857063
38.3,15.9798,11.562297406362305
38.3,16.18081,11.582962102909747
38.3,16.38182,11.603546953233323
38.3,16.58283,11.623832037241081
38.3,16.78384,11.64368739399154
38.3,16.98485,11.663532856911516
38.3,17.18586,11.682758642380552
38.3,17.38687,11.701934540186326
38.3,17.58788,11.720840621926111
38.3,17.78889,11.739386906517282
38.3,17.9899,11.757933274706494
38.3,18.19091,11.775929895916772
38.3,18.39192,11.793896600990479
38.3,18.59293,11.811603453727164
38.3,18.79394,11.829020460494343
38.3,18.99495,11.846437533874623
38.3,19.19596,11.863354811951755
38.3,19.39697,11.880252153388733
38.3,19.59798,11.896919609271029
38.3,19.79899,11.913337178464674
38.3,20.0,11.929754801596522
38.6,0.1,1.517203736599052
38.6,0.3010101,2.101421254813063
38.6,0.5020202,2.4061518499318373
38.6,0.7030303,2.6385530253166007
38.6,0.9040404,2.8484178837203555
38.6,1.105051,3.026696557414397
38.6,1.306061,3.238987348784726
38.6,1.507071,3.4272648561681422
38.6,1.708081,3.6076268293415117
38.6,1.909091,3.7852943801908845
38.6,2.110101,3.962132254460684
38.6,2.311111,4.13750432329882
38.6,2.512121,4.312843817865094
38.6,2.713131,4.491203794887321
38.6,2.914141,4.669614543857384
38.6,3.115152,4.849867772493849
38.6,3.316162,5.031522592188959
38.6,3.517172,5.214370210941029
38.6,3.718182,5.406690442170504
38.6,3.919192,5.5983386632924095
38.6,4.120202,5.796544553263726
38.6,4.321212,5.999302229756829
38.6,4.522222,6.204524515326215
38.6,4.723232,6.419720591859561
38.6,4.924242,6.6331603486512565
38.6,5.125253,6.851527202632053
38.6,5.326263,7.073221920409571
38.6,5.527273,7.297568366859191
38.6,5.728283,7.52382563227692
38.6,5.929293,7.747446729235485
38.6,6.130303,7.966962445910737
38.6,6.331313,8.184758096668908
38.6,6.532323,8.402672561951624
38.6,6.733333,8.606443887122857
38.6,6.934343,8.807747326879044
38.6,7.135354,8.993129221978059
38.6,7.336364,9.17122204656903
38.6,7.537374,9.346035095461483
38.6,7.738384,9.497615389802798
38.6,7.939394,9.64786698757458
38.6,8.140404,9.779209970926798
38.6,8.341414,9.902601099666326
38.6,8.542424,10.02166449419526
38.6,8.743434,10.12149803421608
38.6,8.944444,10.220927016382563
38.6,9.145455,10.30643643296964
38.6,9.346465,10.386691295929733
38.6,9.547475,10.463580454723806
38.6,9.748485,10.529048512650991
38.6,9.949495,10.594479346899668
38.6,10.15051,10.651637020868991
38.6,10.35152,10.70601778825094
38.6,10.55253,10.758251078782378
38.6,10.75354,10.804449526171103
38.6,10.95455,10.850679417756883
38.6,11.15556,10.892243301136181
38.6,11.35657,10.932418805212482
38.6,11.55758,10.971275752297013
38.6,11.75859,11.006935550747116
38.6,11.9596,11.04262616764071
38.6,12.16061,11.07557909275976
38.6,12.36162,11.10784287254544
38.6,12.56263,11.139257499512146
38.6,12.76364,11.168873738513222
38.6,12.96465,11.198500489465356
38.6,13.16566,11.226418617918398
38.6,13.36667,11.253957218207264
38.6,13.56768,11.280936340820968
38.6,13.76869,11.30679642389347
38.6,13.9697,11.33266685515348
38.6,14.17071,11.35734815291355
38.6,14.37172,11.381829727640966
38.6,14.57273,11.40588164675927
38.6,14.77374,11.429184177218627
38.6,14.97475,11.452486959311653
38.6,15.17576,11.474900321895428
38.6,15.37677,11.4971838593474
38.6,15.57778,11.519127641123216
38.6,15.77879,11.540511839718805
38.6,15.9798,11.561906226755378
38.6,16.18081,11.582561029286516
38.6,16.38182,11.60314594944504
38.6,16.58283,11.623431055589329
38.6,16.78384,11.64327646250928
38.6,16.98485,11.663122013468676
38.6,17.18586,11.68234787832434
38.6,17.38687,11.701523826529204
38.6,17.58788,11.72041992384838
38.6,17.78889,11.738976246459506
38.6,17.9899,11.757522680263826
38.6,18.19091,11.775509360306893
38.6,18.39192,11.793476101307485
38.6,18.59293,11.811182964738043
38.6,18.79394,11.8286000003898
38.6,18.99495,11.846017122461712
38.6,19.19596,11.862934443914693
38.6,19.39697,11.879841810679713
38.6,19.59798,11.896499273892015
38.6,19.79899,11.911737035876437
38.6,20.0,11.925755031514973
38.900000000000006,0.1,1.5455598812174776
38.900000000000006,0.3010101,2.135995677209412
38.900000000000006,0.5020202,2.440558756476358
38.900000000000006,0.7030303,2.672591074069655
38.900000000000006,0.9040404,2.8850515199485445
38.900000000000006,1.105051,3.0695110630705673
38.900000000000006,1.306061,3.2577697388306013
38.900000000000006,1.507071,3.4560072631180367
38.900000000000006,1.708081,3.6397576191967493
38.900000000000006,1.909091,3.8174084369755876
38.900000000000006,2.110101,3.9942455151205722
38.900000000000006,2.311111,4.169616693481039
38.900000000000006,2.512121,4.344977110643641
38.900000000000006,2.713131,4.523226197825454
38.900000000000006,2.914141,4.7016392330343635
38.900000000000006,3.115152,4.881894147905737
38.900000000000006,3.316162,5.063524646718706
38.900000000000006,3.517172,5.245773245191506
38.900000000000006,3.718182,5.43709991841905
38.900000000000006,3.919192,5.62874919690421
38.900000000000006,4.120202,5.826957307949462
38.900000000000006,4.321212,6.029577991059558
38.900000000000006,4.522222,6.232524949018549
38.900000000000006,4.723232,6.44519995753769
38.900000000000006,4.924242,6.658641868584537
38.900000000000006,5.125253,6.877011013033672
38.900000000000006,5.326263,7.098365859855046
38.900000000000006,5.527273,7.318356992589855
38.900000000000006,5.728283,7.540890544931993
38.900000000000006,5.929293,7.76451378682849
38.900000000000006,6.130303,7.984031734925759
38.900000000000006,6.331313,8.201326750427986
38.900000000000006,6.532323,8.414037272212543
38.900000000000006,6.733333,8.61436593426831
38.900000000000006,6.934343,8.81567115844805
38.900000000000006,7.135354,9.001054808485714
38.900000000000006,7.336364,9.178718751642611
38.900000000000006,7.537374,9.349843079282456
38.900000000000006,7.738384,9.499586165370953
38.900000000000006,7.939394,9.649837908530303
38.900000000000006,8.140404,9.781182952498746
38.900000000000006,8.341414,9.904369453820916
38.900000000000006,8.542424,10.0219485119525
38.900000000000006,8.743434,10.121224208611576
38.900000000000006,8.944444,10.220653828671512
38.900000000000006,9.145455,10.306163816024258
38.900000000000006,9.346465,10.386369440533086
38.900000000000006,9.547475,10.462960596067761
38.900000000000006,9.748485,10.528369761237965
38.900000000000006,9.949495,10.593790950183825
38.900000000000006,10.15051,10.650958936697807
38.900000000000006,10.35152,10.705340133770132
38.900000000000006,10.55253,10.757614534018956
38.900000000000006,10.75354,10.8038635914176
38.900000000000006,10.95455,10.850093688414315
38.900000000000006,11.15556,10.891647755298793
38.900000000000006,11.35657,10.931843523808466
38.900000000000006,11.55758,10.970781158189581
38.900000000000006,11.75859,11.006471331935318
38.900000000000006,11.9596,11.042162075325326
38.900000000000006,12.16061,11.07511511487927
38.900000000000006,12.36162,11.107389072318156
38.900000000000006,12.56263,11.138854173456258
38.900000000000006,12.76364,11.168490663491408
38.900000000000006,12.96465,11.198117496629717
38.900000000000006,13.16566,11.226025700770597
38.900000000000006,13.36667,11.253574428695314
38.900000000000006,13.56768,11.280563903598484
38.900000000000006,13.76869,11.306434163808753
38.900000000000006,13.9697,11.332304650577848
38.900000000000006,14.17071,11.35698599989503
38.900000000000006,14.37172,11.381467670699054
38.900000000000006,14.57273,11.40550986137263
38.900000000000006,14.77374,11.428812519793917
38.900000000000006,14.97475,11.452115340349469
38.900000000000006,15.17576,11.47452873910855
38.900000000000006,15.37677,11.496812350333744
38.900000000000006,15.57778,11.518746343593541
38.900000000000006,15.77879,11.540130634651012
38.900000000000006,15.9798,11.561515048734188
38.900000000000006,16.18081,11.58217987666324
38.900000000000006,16.38182,11.602754853812097
38.900000000000006,16.58283,11.623030123639815
38.900000000000006,16.78384,11.642875596610422
38.900000000000006,16.98485,11.662721166533728
38.900000000000006,17.18586,11.681947049334743
38.900000000000006,17.38687,11.701123041183953
38.900000000000006,17.58788,11.720009263387182
38.900000000000006,17.78889,11.738565632356952
38.900000000000006,17.9899,11.757112079420727
38.900000000000006,18.19091,11.775098772059698
38.900000000000006,18.39192,11.793065546149853
38.900000000000006,18.59293,11.810772503588556
38.900000000000006,18.79394,11.828189571364097
38.900000000000006,18.99495,11.84560670258106
38.900000000000006,19.19596,11.86252403275045
38.900000000000006,19.39697,11.879421424661123
38.900000000000006,19.59798,11.896088957926938
38.900000000000006,19.79899,11.910136914037842
38.900000000000006,20.0,11.924154911793199
39.2,0.1,1.5726698020839835
39.2,0.3010101,2.170250390892461
39.2,0.5020202,2.4751469674662783
39.2,0.7030303,2.7069294325403153
39.2,0.9040404,2.9183364251713306
39.2,1.105051,3.1023218752959876
39.2,1.306061,3.2899611690610966
39.2,1.507071,3.488014068981925
39.2,1.708081,3.671718760743854
39.2,1.909091,3.849208600340965
39.2,2.110101,4.026018924074492
39.2,2.311111,4.201363630346301
39.2,2.512121,4.376707989876819
39.2,2.713131,4.554904923083458
39.2,2.914141,4.733214411601319
39.2,3.115152,4.913443808186846
39.2,3.316162,5.094721052200345
39.2,3.517172,5.276823547090535
39.2,3.718182,5.467701400461048
39.2,3.919192,5.658661030215386
39.2,4.120202,5.856738147014666
39.2,4.321212,6.058038134884141
39.2,4.522222,6.260468413125951
39.2,4.723232,6.471944774242249
39.2,4.924242,6.683665390670308
39.2,5.125253,6.901716693948696
39.2,5.326263,7.120520933204148
39.2,5.527273,7.339578870284568
39.2,5.728283,7.560207813715438
39.2,5.929293,7.781281237308098
39.2,6.130303,8.000329574334437
39.2,6.331313,8.214500859441989
39.2,6.532323,8.426144718204977
39.2,6.733333,8.624568725941472
39.2,6.934343,8.823491348415201
39.2,7.135354,9.00847115677886
39.2,7.336364,9.183830001265783
39.2,7.537374,9.354225449651166
39.2,7.738384,9.502858377475677
39.2,7.939394,9.65181599590814
39.2,8.140404,9.78296446053157
39.2,8.341414,9.90517165943236
39.2,8.542424,10.022462040549327
39.2,8.743434,10.121379421922596
39.2,8.944444,10.220410706843085
39.2,9.145455,10.305871487623927
39.2,9.346465,10.385848579258454
39.2,9.547475,10.462380435378593
39.2,9.748485,10.52774051619318
39.2,9.949495,10.593122582110107
39.2,10.15051,10.650291015280994
39.2,10.35152,10.704693014483452
39.2,10.55253,10.756967791563634
39.2,10.75354,10.803247380324423
39.2,10.95455,10.849507972335886
39.2,11.15556,10.891082311122286
39.2,11.35657,10.931318562709295
39.2,11.55758,10.97026641701878
39.2,11.75859,11.005986932870899
39.2,11.9596,11.041707984345683
39.2,12.16061,11.074671204861936
39.2,12.36162,11.106965484903961
39.2,12.56263,11.138440724081004
39.2,12.76364,11.168097455180636
39.2,12.96465,11.197734496773426
39.2,13.16566,11.225652830040207
39.2,13.36667,11.253211789959638
39.2,13.56768,11.280201356341575
39.2,13.76869,11.3060717970952
39.2,13.9697,11.331942432687313
39.2,14.17071,11.356633878668646
39.2,14.37172,11.38110572382423
39.2,14.57273,11.405157976704091
39.2,14.77374,11.428450774457172
39.2,14.97475,11.451753703955573
39.2,15.17576,11.474167177010811
39.2,15.37677,11.49644092128544
39.2,15.57778,11.518374957352036
39.2,15.77879,11.539759356637534
39.2,15.9798,11.561133851123243
39.2,16.18081,11.581798736441572
39.2,16.38182,11.602373814892669
39.2,16.58283,11.622649113888984
39.2,16.78384,11.64248467070175
39.2,16.98485,11.662330299262575
39.2,17.18586,11.681546226244887
39.2,17.38687,11.700722294481238
39.2,17.58788,11.719618536219071
39.2,17.78889,11.738154969287054
39.2,17.9899,11.756701458640242
39.2,18.19091,11.774698184692836
39.2,18.39192,11.792655015656386
39.2,18.59293,11.810371985891939
39.2,18.79394,11.8277791017325
39.2,18.99495,11.845196262907582
39.2,19.19596,11.86211361821102
39.2,19.39697,11.879021051540976
39.2,19.59798,11.89568859309769
39.2,19.79899,11.912116241815744
39.2,20.0,11.927334096116612
39.5,0.1,1.6007258279857672
39.5,0.3010101,2.2040998042607676
39.5,0.5020202,2.5099756139749743
39.5,0.7030303,2.740594627636026
39.5,0.9040404,2.9488728142295138
39.5,1.105051,3.121380952302207
39.5,1.306061,3.3280376067142767
39.5,1.507071,3.5236118700472105
39.5,1.708081,3.7034695812808045
39.5,1.909091,3.880883331799455
39.5,2.110101,4.057419517562936
39.5,2.311111,4.232704831083621
39.5,2.512121,4.40804832462857
39.5,2.713131,4.586247512076353
39.5,2.914141,4.764468767991529
39.5,3.115152,4.944187516334591
39.5,3.316162,5.125302890583869
39.5,3.517172,5.3074071341664775
39.5,3.718182,5.498288234822993
39.5,3.919192,5.688712830524065
39.5,4.120202,5.884724912277918
39.5,4.321212,6.085504469404575
39.5,4.522222,6.287936801288304
39.5,4.723232,6.499414487174682
39.5,4.924242,6.7097122460336065
39.5,5.125253,6.923482879971576
39.5,5.326263,7.141365088272194
39.5,5.527273,7.360425124962122
39.5,5.728283,7.581056378974471
39.5,5.929293,7.7998310901482055
39.5,6.130303,8.013293082499661
39.5,6.331313,8.226415830179745
39.5,6.532323,8.438062627867492
39.5,6.733333,8.63648764193709
39.5,6.934343,8.833060731818287
39.5,7.135354,9.0135382017422
39.5,7.336364,9.188178256191515
39.5,7.537374,9.358574103975275
39.5,7.738384,9.507209365184929
39.5,7.939394,9.654759061199528
39.5,8.140404,9.783785912535333
39.5,8.341414,9.905707492627306
39.5,8.542424,10.023005690930988
39.5,8.743434,10.121913808522017
39.5,8.944444,10.22046698195847
39.5,9.145455,10.305370201095077
39.5,9.346465,10.385288025518399
39.5,9.547475,10.461820330653433
39.5,9.748485,10.527180808052307
39.5,9.949495,10.592503921926813
39.5,10.15051,10.649653651978142
39.5,10.35152,10.704056046479586
39.5,10.55253,10.756331078154634
39.5,10.75354,10.802610892968179
39.5,10.95455,10.848912104048345
39.5,11.15556,10.890557199680194
39.5,11.35657,10.930813680475927
39.5,11.55758,10.969761688045159
39.5,11.75859,11.0054823423587
39.5,11.9596,11.041243800104214
39.5,12.16061,11.074267514745687
39.5,12.36162,11.106571938395723
39.5,12.56263,11.138047275360632
39.5,12.76364,11.167694096753275
39.5,12.96465,11.197361430486005
39.5,13.16566,11.225300115124185
39.5,13.36667,11.252859170157377
39.5,13.56768,11.27984880197489
39.5,13.76869,11.305719304037785
39.5,13.9697,11.331600162999703
39.5,14.17071,11.35628187138688
39.5,14.37172,11.380763781185161
39.5,14.57273,11.404806079463842
39.5,14.77374,11.428108920089095
39.5,14.97475,11.451402025716183
39.5,15.17576,11.473805697947165
39.5,15.37677,11.49607948693972
39.5,15.57778,11.518013555002348
39.5,15.77879,11.539397984999264
39.5,15.9798,11.560772619012486
39.5,16.18081,11.581417655530778
39.5,16.38182,11.601992764691367
39.5,16.58283,11.622268086514802
39.5,16.78384,11.642103665251769
39.5,16.98485,11.661949403749695
39.5,17.18586,11.681165443829178
39.5,17.38687,11.700331532974014
39.5,17.58788,11.719227790944833
39.5,17.78889,11.73776423972548
39.5,17.9899,11.756310814494244
39.5,18.19091,11.774297624040763
39.5,18.39192,11.792264468795915
39.5,18.59293,11.809971450617395
39.5,18.79394,11.827388577584971
39.5,18.99495,11.844805804115365
39.5,19.19596,11.861723219897412
39.5,19.39697,11.878620662310341
39.5,19.59798,11.895288212016991
39.5,19.79899,11.911715868684185
39.5,20.0,11.925743931487215
39.8,0.1,1.626672178761237
39.8,0.3010101,2.237418925761445
39.8,0.5020202,2.544082873905209
39.8,0.7030303,2.7743545846202613
39.8,0.9040404,2.9847634478942493
39.8,1.105051,3.1813054993446235
39.8,1.306061,3.3682640456887336
39.8,1.507071,3.5552391446143212
39.8,1.708081,3.734916133009247
39.8,1.909091,3.9121651368652284
39.8,2.110101,4.0887004265180185
39.8,2.311111,4.263948425958293
39.8,2.512121,4.439198660114422
39.8,2.713131,4.617243631952653
39.8,2.914141,4.795392963040476
39.8,3.115152,4.975113310738208
39.8,3.316162,5.15600751781944
39.8,3.517172,5.3376917948130504
39.8,3.718182,5.527793597090012
39.8,3.919192,5.717901559237904
39.8,4.120202,5.913915786608862
39.8,4.321212,6.113903603932044
39.8,4.522222,6.314954453357212
39.8,4.723232,6.524512149919371
39.8,4.924242,6.734076500835871
39.8,5.125253,6.9478493394440095
39.8,5.326263,7.164171352104359
39.8,5.527273,7.380690941746422
39.8,5.728283,7.598424703677323
39.8,5.929293,7.816166546609638
39.8,6.130303,8.029630664852334
39.8,6.331313,8.24077729621291
39.8,6.532323,8.449437326700208
39.8,6.733333,8.645081262359154
39.8,6.934343,8.840732702008543
39.8,7.135354,9.021210836894396
39.8,7.336364,9.194333009213691
39.8,7.537374,9.362614432041354
39.8,7.738384,9.509676094020532
39.8,7.939394,9.656744534595786
39.8,8.140404,9.785771403050362
39.8,8.341414,9.907015138947314
39.8,8.542424,10.02343975269067
39.8,8.743434,10.12183988064731
39.8,8.944444,10.220244037195299
39.8,9.145455,10.305157810162967
39.8,9.346465,10.38491683466721
39.8,9.547475,10.461260458019725
39.8,9.748485,10.526552009252908
39.8,9.949495,10.59185564533897
39.8,10.15051,10.64900568281833
39.8,10.35152,10.703418746795755
39.8,10.55253,10.755714506900967
39.8,10.75354,10.802024934066058
39.8,10.95455,10.848346436938659
39.8,11.15556,10.889991712605244
39.8,11.35657,10.930278603920437
39.8,11.55758,10.969267055339794
39.8,11.75859,11.005038096974546
39.8,11.9596,11.040799731984876
39.8,12.16061,11.073823559415171
39.8,12.36162,11.10614826077345
39.8,12.56263,11.137653896410503
39.8,12.76364,11.167320986970541
39.8,12.96465,11.19698843508113
39.8,13.16566,11.22492719441521
39.8,13.36667,11.252506451632803
39.8,13.56768,11.279506299585693
39.8,13.76869,11.305377000282151
39.8,13.9697,11.331257936292406
39.8,14.17071,11.355939696145152
39.8,14.37172,11.380421760418102
39.8,14.57273,11.404464221663492
39.8,14.77374,11.427757213289407
39.8,14.97475,11.451060371734275
39.8,15.17576,11.473454080505237
39.8,15.37677,11.49572798967207
39.8,15.57778,11.517652182336981
39.8,15.77879,11.53902672801656
39.8,15.9798,11.56040139864852
39.8,16.18081,11.581056461021019
39.8,16.38182,11.601621663982192
39.8,16.58283,11.621887080799329
39.8,16.78384,11.641732747531714
39.8,16.98485,11.661568511147328
39.8,17.18586,11.680784569878218
39.8,17.38687,11.699940731454177
39.8,17.58788,11.71883706103525
39.8,17.78889,11.73737357610571
39.8,17.9899,11.75592016772527
39.8,18.19091,11.773906990621242
39.8,18.39192,11.791863890574753
39.8,18.59293,11.809570925707881
39.8,18.79394,11.82698810192902
39.8,18.99495,11.844405339616591
39.8,19.19596,11.861322764903433
39.8,19.39697,11.878230248747641
39.8,19.59798,11.893728004332624
39.8,19.79899,11.907746029184928
39.8,20.0,11.921764090528317
40.1,0.1,1.652948301863804
40.1,0.3010101,2.2702978621539995
40.1,0.5020202,2.57790380814135
40.1,0.7030303,2.8077576961723416
40.1,0.9040404,3.0146441045764285
40.1,1.105051,3.18621347068286
40.1,1.306061,3.3821445505641345
40.1,1.507071,3.583014426251785
40.1,1.708081,3.7659316514998964
40.1,1.909091,3.942968265173418
40.1,2.110101,4.119501573607565
40.1,2.311111,4.29468743005232
40.1,2.512121,4.469783893387152
40.1,2.713131,4.647629097089492
40.1,2.914141,4.825684659775045
40.1,3.115152,5.005406571774365
40.1,3.316162,5.18606078347199
40.1,3.517172,5.367298402963834
40.1,3.718182,5.556606197396533
40.1,3.919192,5.746392623191109
40.1,4.120202,5.942408977910133
40.1,4.321212,6.141609232342592
40.1,4.522222,6.341288899730159
40.1,4.723232,6.548959883771016
40.1,4.924242,6.757805910690505
40.1,5.125253,6.9715809281913526
40.1,5.326263,7.186382844945455
40.1,5.527273,7.400426153708002
40.1,5.728283,7.615346536411577
40.1,5.929293,7.83208653472348
40.1,6.130303,8.04555275549717
40.1,6.331313,8.254785279840531
40.1,6.532323,8.460551561209924
40.1,6.733333,8.653500377659961
40.1,6.934343,8.848260141256794
40.1,7.135354,9.028739928146772
40.1,7.336364,9.200388157145813
40.1,7.537374,9.366613088363613
40.1,7.738384,9.512138078637848
40.1,7.939394,9.658736238499449
40.1,8.140404,9.787765120201994
40.1,8.341414,9.908340971485242
40.1,8.542424,10.023913955670531
40.1,8.743434,10.121806058672524
40.1,8.944444,10.220071188369534
40.1,9.145455,10.30497551611057
40.1,9.346465,10.384565726416742
40.1,9.547475,10.460720648941725
40.1,9.748485,10.525953260167745
40.1,9.949495,10.591237415173998
40.1,10.15051,10.64837775878292
40.1,10.35152,10.702801486044946
40.1,10.55253,10.755107965172664
40.1,10.75354,10.801458996024587
40.1,10.95455,10.84778079012182
40.1,11.15556,10.889436245921685
40.1,11.35657,10.929753542815604
40.1,11.55758,10.968792431430007
40.1,11.75859,11.004593855407208
40.1,11.9596,11.040365666783666
40.1,12.16061,11.07338960767183
40.1,12.36162,11.105744582578163
40.1,12.56263,11.137270512639736
40.1,12.76364,11.166957868254793
40.1,12.96465,11.19663543039435
40.1,13.16566,11.224574265098562
40.1,13.36667,11.2521537220343
40.1,13.56768,11.279163782946066
40.1,13.76869,11.305044679044723
40.1,13.9697,11.33092569229812
40.1,14.17071,11.355607504248649
40.1,14.37172,11.380089720992203
40.1,14.57273,11.404132342824305
40.1,14.77374,11.427425483312726
40.1,14.97475,11.450718695317992
40.1,15.17576,11.473122440961744
40.1,15.37677,11.495396468967188
40.1,15.57778,11.517310784836374
40.1,15.77879,11.538685444907264
40.1,15.9798,11.56005015270465
40.1,16.18081,11.580705241754362
40.1,16.38182,11.601270537598374
40.1,16.58283,11.621526048730171
40.1,16.78384,11.641361803037057
40.1,16.98485,11.661197592219251
40.1,17.18586,11.680413670239496
40.1,17.38687,11.699569903829035
40.1,17.58788,11.7184563048162
40.1,17.78889,11.736992885988233
40.1,17.9899,11.755539495058937
40.1,18.19091,11.773526331895923
40.1,18.39192,11.791483287014941
40.1,18.59293,11.809190375407669
40.1,18.79394,11.826607600864513
40.1,18.99495,11.844024850278169
40.1,19.19596,11.86094228561793
40.1,19.39697,11.877839811055095
40.1,19.59798,11.894517439312512
40.1,19.79899,11.910935168986867
40.1,20.0,11.924973244622002
40.400000000000006,0.1,1.6778732722279788
40.400000000000006,0.3010101,2.302971403675232
40.400000000000006,0.5020202,2.6109723833795084
40.400000000000006,0.7030303,2.840793226286182
40.400000000000006,0.9040404,3.050298796292453
40.400000000000006,1.105051,3.2320925287227222
40.400000000000006,1.306061,3.4183267098547936
40.400000000000006,1.507071,3.6179754224093514
40.400000000000006,1.708081,3.797052242563345
40.400000000000006,1.909091,3.9739898555495063
40.400000000000006,2.110101,4.1500170403245225
40.400000000000006,2.311111,4.325084933168714
40.400000000000006,2.512121,4.500181432736357
40.400000000000006,2.713131,4.678027786230797
40.400000000000006,2.914141,4.855964341137684
40.400000000000006,3.115152,5.035035991395704
40.400000000000006,3.316162,5.215516363181483
40.400000000000006,3.517172,5.396754633330868
40.400000000000006,3.718182,5.5860645634422355
40.400000000000006,3.919192,5.775304132766884
40.400000000000006,4.120202,5.969248547896981
40.400000000000006,4.321212,6.1679304052950625
40.400000000000006,4.522222,6.367613041488538
40.400000000000006,4.723232,6.575285256158634
40.400000000000006,4.924242,6.782742626998265
40.400000000000006,5.125253,6.992422755043145
40.400000000000006,5.326263,7.206324613002128
40.400000000000006,5.527273,7.420370923687824
40.400000000000006,5.728283,7.635293501718051
40.400000000000006,5.929293,7.849825840636565
40.400000000000006,6.130303,8.058025945386003
40.400000000000006,6.331313,8.26624283885783
40.400000000000006,6.532323,8.47201095544069
40.400000000000006,6.733333,8.664962668809508
40.400000000000006,6.934343,8.857474786906158
40.400000000000006,7.135354,9.033706026593464
40.400000000000006,7.336364,9.20465537089671
40.400000000000006,7.537374,9.370882630524985
40.400000000000006,7.738384,9.516408888703182
40.400000000000006,7.939394,9.661646997569393
40.400000000000006,8.140404,9.788632069493858
40.400000000000006,8.341414,9.908926252132252
40.400000000000006,8.542424,10.024498020797322
40.400000000000006,8.743434,10.122390833258212
40.400000000000006,8.944444,10.220177788211723
40.400000000000006,9.145455,10.304524468650186
40.400000000000006,9.346465,10.384055392071641
40.400000000000006,9.547475,10.460210750241506
40.400000000000006,9.748485,10.525443745899203
40.400000000000006,9.949495,10.590658920871045
40.400000000000006,10.15051,10.647770523132772
40.400000000000006,10.35152,10.702194635536413
40.400000000000006,10.55253,10.754501364108881
40.400000000000006,10.75354,10.800852616019188
40.400000000000006,10.95455,10.847215012811251
40.400000000000006,11.15556,10.888941201203405
40.400000000000006,11.35657,10.929268722957664
40.400000000000006,11.55758,10.968307761872087
40.400000000000006,11.75859,11.00410932162935
40.400000000000006,11.9596,11.03992152762662
40.400000000000006,12.16061,11.072995945399182
40.400000000000006,12.36162,11.105361061325038
40.400000000000006,12.56263,11.136887087670612
40.400000000000006,12.76364,11.1665745319182
40.400000000000006,12.96465,11.196272377519636
40.400000000000006,13.16566,11.224241550631927
40.400000000000006,13.36667,11.251821101206607
40.400000000000006,13.56768,11.27883122688251
40.400000000000006,13.76869,11.304712183686469
40.400000000000006,13.9697,11.330593413628222
40.400000000000006,14.17071,11.355285478411355
40.400000000000006,14.37172,11.379757759510426
40.400000000000006,14.57273,11.403810426345284
40.400000000000006,14.77374,11.427103609690748
40.400000000000006,14.97475,11.450386992848193
40.400000000000006,15.17576,11.47278093155837
40.400000000000006,15.37677,11.495055004198024
40.400000000000006,15.57778,11.51697935209645
40.400000000000006,15.77879,11.538344043175584
40.400000000000006,15.9798,11.559708887194578
40.400000000000006,16.18081,11.58034412364917
40.400000000000006,16.38182,11.600909450516069
40.400000000000006,16.58283,11.62117498472791
40.400000000000006,16.78384,11.641000761512736
40.400000000000006,16.98485,11.660836658682955
40.400000000000006,17.18586,11.680042847883263
40.400000000000006,17.38687,11.699199102763055
40.400000000000006,17.58788,11.718085520557224
40.400000000000006,17.78889,11.736622118006032
40.400000000000006,17.9899,11.755158811597799
40.400000000000006,18.19091,11.773145731049368
40.400000000000006,18.39192,11.791102700664945
40.400000000000006,18.59293,11.808809801193735
40.400000000000006,18.79394,11.826227038507195
40.400000000000006,18.99495,11.8436343531767
40.400000000000006,19.19596,11.860551849021107
40.400000000000006,19.39697,11.877459384109311
40.400000000000006,19.59798,11.89412702123175
40.400000000000006,19.79899,11.91055475946243
40.400000000000006,20.0,11.92578271813699
40.7,0.1,1.7024260586966546
40.7,0.3010101,2.33526298368169
40.7,0.5020202,2.6441695280681556
40.7,0.7030303,2.8739106413966446
40.7,0.9040404,3.082610725020066
40.7,1.105051,3.268075152346826
40.7,1.306061,3.463341974759105
40.7,1.507071,3.6488461793826357
40.7,1.708081,3.8278206688142884
40.7,1.909091,4.0043860412671695
40.7,2.110101,4.180351628362132
40.7,2.311111,4.3552333512863814
40.7,2.512121,4.5302125070143555
40.7,2.713131,4.70793919683241
40.7,2.914141,4.885644336120444
40.7,3.115152,5.064683385879735
40.7,3.316162,5.24471939480414
40.7,3.517172,5.425773817733632
40.7,3.718182,5.614611296493002
40.7,3.919192,5.803121900693312
40.7,4.120202,5.996936274106205
40.7,4.321212,6.194320287809253
40.7,4.522222,6.393494488032427
40.7,4.723232,6.6000324501010175
40.7,4.924242,6.805860158187559
40.7,5.125253,7.015246361203078
40.7,5.326263,7.226787067872127
40.7,5.527273,7.439967254041277
40.7,5.728283,7.653147322430545
40.7,5.929293,7.865346034609436
40.7,6.130303,8.0731193578517
40.7,6.331313,8.278496532394069
40.7,6.532323,8.483294899358132
40.7,6.733333,8.674514768998202
40.7,6.934343,8.864862101889239
40.7,7.135354,9.040723306922004
40.7,7.336364,9.209560269031147
40.7,7.537374,9.375119507988122
40.7,7.738384,9.519613393093243
40.7,7.939394,9.663645157785146
40.7,8.140404,9.790443539184926
40.7,8.341414,9.909804233327463
40.7,8.542424,10.025102247496958
40.7,8.743434,10.122636644731603
40.7,8.944444,10.220025164217729
40.7,9.145455,10.304322590528052
40.7,9.346465,10.38362490375796
40.7,9.547475,10.459720931877738
40.7,9.748485,10.524894800351664
40.7,9.949495,10.59005081104826
40.7,10.15051,10.647172837112693
40.7,10.35152,10.701597714155335
40.7,10.55253,10.753914806827533
40.7,10.75354,10.800286565874451
40.7,10.95455,10.84666943464406
40.7,11.15556,10.888405882787065
40.7,11.35657,10.92878386330038
40.7,11.55758,10.967823115828459
40.7,11.75859,11.003655000922098
40.7,11.9596,11.039507499390853
40.7,12.16061,11.072582090136795
40.7,12.36162,11.104977511309576
40.7,12.56263,11.136513671968235
40.7,12.76364,11.16622134493156
40.7,12.96465,11.195929388463933
40.7,13.16566,11.223898685277446
40.7,13.36667,11.25148845534785
40.7,13.56768,11.278508670462081
40.7,13.76869,11.304389798696546
40.7,13.9697,11.330281170126623
40.7,14.17071,11.354963328045251
40.7,14.37172,11.379445774380216
40.7,14.57273,11.403488503105665
40.7,14.77374,11.426781819323695
40.7,14.97475,11.450065306865502
40.7,15.17576,11.47245931751675
40.7,15.37677,11.494723517374418
40.7,15.57778,11.516647908468677
40.7,15.77879,11.538012703733877
40.7,15.9798,11.559367625608912
40.7,16.18081,11.580002918277309
40.7,16.38182,11.600568343023284
40.7,16.58283,11.620823907492463
40.7,16.78384,11.640649765796255
40.7,16.98485,11.66047572067017
40.7,17.18586,11.679681953674223
40.7,17.38687,11.698838283400566
40.7,17.58788,11.717724722045654
40.7,17.78889,11.736261382648353
40.7,17.9899,11.754788118560596
40.7,18.19091,11.772775071943746
40.7,18.39192,11.790732098065444
40.7,18.59293,11.808439212867995
40.7,18.79394,11.82584649881263
40.7,18.99495,11.843263844215736
40.7,19.19596,11.860181366210885
40.7,19.39697,11.877078943777565
40.7,19.59798,11.893756590473698
40.7,19.79899,11.907804685520457
40.7,20.0,11.921822818901973
41.0,0.1,1.7270712655213252
41.0,0.3010101,2.3670840600348124
41.0,0.5020202,2.677492958417109
41.0,0.7030303,2.9064485934902464
41.0,0.9040404,3.112146573272061
41.0,1.105051,3.2822203483924755
41.0,1.306061,3.476805756382149
41.0,1.507071,3.6760321405383944
41.0,1.708081,3.8579393821105987
41.0,1.909091,4.034415374094648
41.0,2.110101,4.210379882663713
41.0,2.311111,4.3852614974073525
41.0,2.512121,4.559901653041548
41.0,2.713131,4.737220290521042
41.0,2.914141,4.914926448274571
41.0,3.115152,5.0939669315328215
41.0,3.316162,5.273967534179554
41.0,3.517172,5.454231086268884
41.0,3.718182,5.641991584964836
41.0,3.919192,5.830504020783881
41.0,4.120202,6.024321397756806
41.0,4.321212,6.221571397337857
41.0,4.522222,6.418545264578475
41.0,4.723232,6.622757629271177
41.0,4.924242,6.828587286509753
41.0,5.125253,7.037974558335121
41.0,5.326263,7.249216327959432
41.0,5.527273,7.458499398929052
41.0,5.728283,7.668410279347694
41.0,5.929293,7.880609900287733
41.0,6.130303,8.088386203206321
41.0,6.331313,8.293335550154577
41.0,6.532323,8.493581089763365
41.0,6.733333,8.68181000030095
41.0,6.934343,8.872159912331458
41.0,7.135354,9.048021670335471
41.0,7.336364,9.216488516907924
41.0,7.537374,9.378773514318459
41.0,7.738384,9.521613779795464
41.0,7.939394,9.665647580864743
41.0,8.140404,9.792445926872373
41.0,8.341414,9.911618861831084
41.0,8.542424,10.025517191790724
41.0,8.743434,10.122503557635776
41.0,8.944444,10.219902669614672
41.0,9.145455,10.304200629225667
41.0,9.346465,10.38344364885652
41.0,9.547475,10.459211527807588
41.0,9.748485,10.524306425459992
41.0,9.949495,10.589462771749615
41.0,10.15051,10.646585095230188
41.0,10.35152,10.701010376331828
41.0,10.55253,10.753348501616914
41.0,10.75354,10.799750829544129
41.0,10.95455,10.846143895108321
41.0,11.15556,10.887870519505189
41.0,11.35657,10.928258749086051
41.0,11.55758,10.967368637674475
41.0,11.75859,11.003240869781687
41.0,11.9596,11.039083491441051
41.0,12.16061,11.072168192964536
41.0,12.36162,11.104573781039502
41.0,12.56263,11.136150377672363
41.0,12.76364,11.165878282302335
41.0,12.96465,11.195586406667118
41.0,13.16566,11.223555777557902
41.0,13.36667,11.251155667629588
41.0,13.56768,11.278186206101664
41.0,13.76869,11.304077498267164
41.0,13.9697,11.3299689251992
41.0,14.17071,11.354661134515815
41.0,14.37172,11.379133671848104
41.0,14.57273,11.40317665101601
41.0,14.77374,11.426470086840048
41.0,14.97475,11.449753613686186
41.0,15.17576,11.472147661235029
41.0,15.37677,11.494411931690358
41.0,15.57778,11.516316520116103
41.0,15.77879,11.53768140318829
41.0,15.9798,11.559036353432617
41.0,16.18081,11.579671672882924
41.0,16.38182,11.600227153131211
41.0,16.58283,11.620482872311863
41.0,16.78384,11.6402987947353
41.0,16.98485,11.660124770293294
41.0,17.18586,11.679331022940348
41.0,17.38687,11.698487395960225
41.0,17.58788,11.717363954669569
41.0,17.78889,11.73590066133231
41.0,17.9899,11.754427412395128
41.0,18.19091,11.772414380197219
41.0,18.39192,11.79037143991442
41.0,18.59293,11.808068646591527
41.0,18.79394,11.825485965059798
41.0,18.99495,11.842893321642398
41.0,19.19596,11.859810854224248
41.0,19.39697,11.87671845755674
41.0,19.59798,11.89338617416603
41.0,19.79899,11.908624130915397
41.0,20.0,11.922652274208652
41.3,0.1,1.751355884619697
41.3,0.3010101,2.398276730742032
41.3,0.5020202,2.7100374503059137
41.3,0.7030303,2.938934787515648
41.3,0.9040404,3.1469212430915174
41.3,1.105051,3.3406916572424508
41.3,1.306061,3.5254075899364077
41.3,1.507071,3.710142144346137
41.3,1.708081,3.8884265729653396
41.3,1.909091,4.0645642541909845
41.3,2.110101,4.240160906857094
41.3,2.311111,4.414777346942967
41.3,2.512121,4.5893982710760275
41.3,2.713131,4.766715915206754
41.3,2.914141,4.944134776994937
41.3,3.115152,5.122782636878166
41.3,3.316162,5.30235007214027
41.3,3.517172,5.4826151418687115
41.3,3.718182,5.670303580098844
41.3,3.919192,5.857999104002372
41.3,4.120202,6.050716747780571
41.3,4.321212,6.246813098880086
41.3,4.522222,6.443788824865062
41.3,4.723232,6.647793246570925
41.3,4.924242,6.851803305172603
41.3,5.125253,7.059070358582924
41.3,5.326263,7.268310050936703
41.3,5.527273,7.477595019001763
41.3,5.728283,7.687134062390616
41.3,5.929293,7.896681176798943
41.3,6.130303,8.101737525451016
41.3,6.331313,8.304362859760365
41.3,6.532323,8.50461012426411
41.3,6.733333,8.692421137320043
41.3,6.934343,8.880239546173497
41.3,7.135354,9.05389287195597
41.3,7.336364,9.220678796024215
41.3,7.537374,9.382964048684903
41.3,7.738384,9.525525885041828
41.3,7.939394,9.668093671464591
41.3,8.140404,9.7938076551394
41.3,8.341414,9.912250666568614
41.3,8.542424,10.026141747874654
41.3,8.743434,10.12302905337059
41.3,8.944444,10.219919972178984
41.3,9.145455,10.303909428249414
41.3,9.346465,10.382983583495681
41.3,9.547475,10.458741883439407
41.3,9.748485,10.523827310077612
41.3,9.949495,10.588904640331588
41.3,10.15051,10.646007779796511
41.3,10.35152,10.700433677714367
41.3,10.55253,10.752772044678514
41.3,10.75354,10.799184685150829
41.3,10.95455,10.84559831527
41.3,11.15556,10.887375420154774
41.3,11.35657,10.927794013716708
41.3,11.55758,10.966904049026294
41.3,11.75859,11.00278648214379
41.3,11.9596,11.038669461274102
41.3,12.16061,11.071784477119234
41.3,12.36162,11.104200301478699
41.3,12.56263,11.13578699229464
41.3,12.76364,11.165515036981368
41.3,12.96465,11.19525340951241
41.3,13.16566,11.223233004053432
41.3,13.36667,11.250843058937066
41.3,13.56768,11.277873661225177
41.3,13.76869,11.303765057003101
41.3,13.9697,11.329656667834831
41.3,14.17071,11.354349045032116
41.3,14.37172,11.378831702510443
41.3,14.57273,11.402874726441032
41.3,14.77374,11.426158242083607
41.3,14.97475,11.449441909654109
41.3,15.17576,11.471836086163442
41.3,15.37677,11.494090446400245
41.3,15.57778,11.516005066842197
41.3,15.77879,11.537360012419043
41.3,15.9798,11.558715071551838
41.3,16.18081,11.579340490674566
41.3,16.38182,11.599896037876734
41.3,16.58283,11.620141780596983
41.3,16.78384,11.639967751916318
41.3,16.98485,11.659783811493563
41.3,17.18586,11.678980140447722
41.3,17.38687,11.698136563083333
41.3,17.58788,11.717013138998592
41.3,17.78889,11.735539883993034
41.3,17.9899,11.754066699029975
41.3,18.19091,11.772053724439255
41.3,18.39192,11.79000082052812
41.3,18.59293,11.807708039813292
41.3,18.79394,11.825115387884455
41.3,18.99495,11.842532792473376
41.3,19.19596,11.85944036813997
41.3,19.39697,11.876347997794918
41.3,19.59798,11.893015723738362
41.3,19.79899,11.909443545140546
41.3,20.0,11.925871412923
41.599999999999994,0.1,1.7751439411743766
41.599999999999994,0.3010101,2.4290022567972143
41.599999999999994,0.5020202,2.74223661893934
41.599999999999994,0.7030303,2.9710015922711186
41.599999999999994,0.9040404,3.175726029357063
41.599999999999994,1.105051,3.3490377669633764
41.599999999999994,1.306061,3.5564741563511095
41.599999999999994,1.507071,3.7404371204699522
41.599999999999994,1.708081,3.918526955330712
41.599999999999994,1.909091,4.094290472354571
41.599999999999994,2.110101,4.269471478195491
41.599999999999994,2.311111,4.443775977630356
41.599999999999994,2.512121,4.618371625248628
41.599999999999994,2.713131,4.795687222233757
41.599999999999994,2.914141,4.972779973352359
41.599999999999994,3.115152,5.151005372954825
41.599999999999994,3.316162,5.330115776308826
41.599999999999994,3.517172,5.510382315545778
41.599999999999994,3.718182,5.697998657185777
41.599999999999994,3.919192,5.8848664157155
41.599999999999994,4.120202,6.076486463610708
41.599999999999994,4.321212,6.271438297300354
41.599999999999994,4.522222,6.468415844123202
41.599999999999994,4.723232,6.67221530470439
41.599999999999994,4.924242,6.874440906545634
41.599999999999994,5.125253,7.079634863321914
41.599999999999994,5.326263,7.286921569574276
41.599999999999994,5.527273,7.496208394111222
41.599999999999994,5.728283,7.705386574388775
41.599999999999994,5.929293,7.91235523314645
41.599999999999994,6.130303,8.1147746298158
41.599999999999994,6.331313,8.31514492841464
41.599999999999994,6.532323,8.515393890631717
41.599999999999994,6.733333,8.7027989696173
41.599999999999994,6.934343,8.888162814358749
41.599999999999994,7.135354,9.059670628041067
41.599999999999994,7.336364,9.224822557308359
41.599999999999994,7.537374,9.387109050066819
41.599999999999994,7.738384,9.529398429512822
41.599999999999994,7.939394,9.67053412416603
41.599999999999994,8.140404,9.795183677372233
41.599999999999994,8.341414,9.912907718942868
41.599999999999994,8.542424,10.026806541829087
41.599999999999994,8.743434,10.123584774557251
41.599999999999994,8.944444,10.21996745570359
41.599999999999994,9.145455,10.303648377764842
41.599999999999994,9.346465,10.382543645405153
41.599999999999994,9.547475,10.458302362998245
41.599999999999994,9.748485,10.523368312328122
41.599999999999994,9.949495,10.588366604659518
41.599999999999994,10.15051,10.645450543229668
41.599999999999994,10.35152,10.699877046751674
41.599999999999994,10.55253,10.752205654592037
41.599999999999994,10.75354,10.798628603703254
41.599999999999994,10.95455,10.84508278589426
41.599999999999994,11.15556,10.88689036179995
41.599999999999994,11.35657,10.927329312780994
41.599999999999994,11.55758,10.966449494356866
41.599999999999994,11.75859,11.002342126040473
41.599999999999994,11.9596,11.038255455239295
41.599999999999994,12.16061,11.07140077875357
41.599999999999994,12.36162,11.10384683462792
41.599999999999994,12.56263,11.13542362030887
41.599999999999994,12.76364,11.16516180333435
41.599999999999994,12.96465,11.194920418985152
41.599999999999994,13.16566,11.222920232474449
41.599999999999994,13.36667,11.250530449492366
41.599999999999994,13.56768,11.277561115990094
41.599999999999994,13.76869,11.303462614320042
41.599999999999994,13.9697,11.329354405467175
41.599999999999994,14.17071,11.35405694727623
41.599999999999994,14.37172,11.378529723587285
41.599999999999994,14.57273,11.402582792617048
41.599999999999994,14.77374,11.425866387421948
41.599999999999994,14.97475,11.449150193368478
41.599999999999994,15.17576,11.47153449706575
41.599999999999994,15.37677,11.493788945964212
41.599999999999994,15.57778,11.515693599192813
41.599999999999994,15.77879,11.537048606950615
41.599999999999994,15.9798,11.558403773565148
41.599999999999994,16.18081,11.579029291147823
41.599999999999994,16.38182,11.599574904925642
41.599999999999994,16.58283,11.619820671589977
41.599999999999994,16.78384,11.639636691956943
41.599999999999994,16.98485,11.659452834685018
41.599999999999994,17.18586,11.67864923924813
41.599999999999994,17.38687,11.697795711471764
41.599999999999994,17.58788,11.716672305062914
41.599999999999994,17.78889,11.735199088339899
41.599999999999994,17.9899,11.75372596695059
41.599999999999994,18.19091,11.77170304979063
41.599999999999994,18.39192,11.789650182294007
41.599999999999994,18.59293,11.807357414689513
41.599999999999994,18.79394,11.824764792545864
41.599999999999994,18.99495,11.842172245258517
41.599999999999994,19.19596,11.859089864103456
41.599999999999994,19.39697,11.875987520434926
41.599999999999994,19.59798,11.892665256125275
41.599999999999994,19.79899,11.907903253861647
41.599999999999994,20.0,11.921921459864475
41.900000000000006,0.1,1.7983366206549032
41.900000000000006,0.3010101,2.459559388724854
41.900000000000006,0.5020202,2.7736465686782967
41.900000000000006,0.7030303,3.002748211400863
41.900000000000006,0.9040404,3.2101378125194873
41.900000000000006,1.105051,3.389519769944827
41.900000000000006,1.306061,3.573458902614528
41.900000000000006,1.507071,3.767016951265594
41.900000000000006,1.708081,3.9479016443372927
41.900000000000006,1.909091,4.123566750354076
41.900000000000006,2.110101,4.298746572994534
41.900000000000006,2.311111,4.473050851451257
41.900000000000006,2.512121,4.6471990031646415
41.900000000000006,2.713131,4.82400601294183
41.900000000000006,2.914141,5.001099641599168
41.900000000000006,3.115152,5.179325323189757
41.900000000000006,3.316162,5.358398191939763
41.900000000000006,3.517172,5.5378082570587805
41.900000000000006,3.718182,5.724327865790673
41.900000000000006,3.919192,5.911197315544611
41.900000000000006,4.120202,6.102819241581718
41.900000000000006,4.321212,6.297638953889409
41.900000000000006,4.522222,6.492453582046057
41.900000000000006,4.723232,6.693995693966184
41.900000000000006,4.924242,6.896223126179509
41.900000000000006,5.125253,7.1014190304976
41.900000000000006,5.326263,7.308414702054636
41.900000000000006,5.527273,7.513977686223116
41.900000000000006,5.728283,7.720033718233286
41.900000000000006,5.929293,7.927003162904471
41.900000000000006,6.130303,8.129424415349074
41.900000000000006,6.331313,8.329380767299547
41.900000000000006,6.532323,8.52532183344768
41.900000000000006,6.733333,8.709876785254906
41.900000000000006,6.934343,8.89524210971343
41.900000000000006,7.135354,9.066751380805352
41.900000000000006,7.336364,9.2315430908201
41.900000000000006,7.537374,9.39071309910301
41.900000000000006,7.738384,9.531406686964198
41.900000000000006,7.939394,9.67254335872855
41.900000000000006,8.140404,9.79719482443481
41.900000000000006,8.341414,9.914733048240038
41.900000000000006,8.542424,10.027262018602013
41.900000000000006,8.743434,10.123502131451616
41.900000000000006,8.944444,10.219885379048046
41.900000000000006,9.145455,10.303576810616368
41.900000000000006,9.346465,10.382412759139974
41.900000000000006,9.547475,10.457833242938314
41.900000000000006,9.748485,10.522820180659021
41.900000000000006,9.949495,10.587818795333371
41.900000000000006,10.15051,10.6448930213204
41.900000000000006,10.35152,10.699319915776787
41.900000000000006,10.55253,10.75165951031645
41.900000000000006,10.75354,10.798123006175615
41.900000000000006,10.95455,10.844567379824756
41.900000000000006,11.15556,10.886375126524616
41.900000000000006,11.35657,10.926834318622118
41.900000000000006,11.55758,10.966015106258876
41.900000000000006,11.75859,11.001938072233193
41.900000000000006,11.9596,11.037861520954598
41.900000000000006,12.16061,11.071006952808924
41.900000000000006,12.36162,11.103453171094692
41.900000000000006,12.56263,11.135090371175016
41.900000000000006,12.76364,11.164838777759917
41.900000000000006,12.96465,11.19459747256515
41.900000000000006,13.16566,11.222597358602739
41.900000000000006,13.36667,11.25021769262064
41.900000000000006,13.56768,11.27726866707588
41.900000000000006,13.76869,11.303160324457261
41.900000000000006,13.9697,11.32906217016912
41.900000000000006,14.17071,11.353754762818307
41.900000000000006,14.37172,11.37823762791015
41.900000000000006,14.57273,11.40228093695003
41.900000000000006,14.77374,11.425564648164267
41.900000000000006,14.97475,11.448848493059456
41.900000000000006,15.17576,11.471232833310472
41.900000000000006,15.37677,11.49348735160102
41.900000000000006,15.57778,11.515392194770907
41.900000000000006,15.77879,11.53673728867887
41.900000000000006,15.9798,11.558092483633425
41.900000000000006,16.18081,11.578718028017262
41.900000000000006,16.38182,11.59925369662347
41.900000000000006,16.58283,11.619499613425386
41.900000000000006,16.78384,11.639305697021602
41.900000000000006,16.98485,11.65912186061998
41.900000000000006,17.18586,11.678318285052457
41.900000000000006,17.38687,11.69746480029817
41.900000000000006,17.58788,11.716331510931601
41.900000000000006,17.78889,11.734848340029664
41.900000000000006,17.9899,11.753375234120593
41.900000000000006,18.19091,11.771352331741857
41.900000000000006,18.39192,11.78930949776573
41.900000000000006,18.59293,11.807006819891198
41.900000000000006,18.79394,11.824414230477865
41.900000000000006,18.99495,11.841821694740071
41.900000000000006,19.19596,11.858739324589274
41.900000000000006,19.39697,11.875637007060407
41.900000000000006,19.59798,11.89230481093656
41.900000000000006,19.79899,11.906352985670999
41.900000000000006,20.0,11.92037119627058
42.2,0.1,1.8204978605494577
42.2,0.3010101,2.4897264793890015
42.2,0.5020202,2.805176004878347
42.2,0.7030303,3.0343584095463205
42.2,0.9040404,3.2412557922875775
42.2,1.105051,3.4202291291380034
42.2,1.306061,3.603399503176972
42.2,1.507071,3.7967299941390684
42.2,1.708081,3.9774743928170446
42.2,1.909091,4.152628914030612
42.2,2.110101,4.327725067400616
42.2,2.311111,4.501714708639884
42.2,2.512121,4.675664785127929
42.2,2.713131,4.852295252781907
42.2,2.914141,5.029043905375136
42.2,3.115152,5.20723277866834
42.2,3.316162,5.385784634265276
42.2,3.517172,5.564978874325227
42.2,3.718182,5.751008115340077
42.2,3.919192,5.937121879320946
42.2,4.120202,6.128617600808912
42.2,4.321212,6.32216783261292
42.2,4.522222,6.516487058238178
42.2,4.723232,6.716956046864068
42.2,4.924242,6.917642108783651
42.2,5.125253,7.122563950065881
42.2,5.326263,7.327367701854813
42.2,5.527273,7.532128523753557
42.2,5.728283,7.736585995049764
42.2,5.929293,7.941414848545545
42.2,6.130303,8.14344714196648
42.2,6.331313,8.340813647336974
42.2,6.532323,8.535869791558714
42.2,6.733333,8.718846643951924
42.2,6.934343,8.902236957702875
42.2,7.135354,9.073406023361855
42.2,7.336364,9.236257037518866
42.2,7.537374,9.394812835786752
42.2,7.738384,9.534544806710091
42.2,7.939394,9.674555903276506
42.2,8.140404,9.799028577995813
42.2,8.341414,9.915675097917372
42.2,8.542424,10.02794720328064
42.2,8.743434,10.123828774614951
42.2,8.944444,10.219833464957796
42.2,9.145455,10.30346559505317
42.2,9.346465,10.38206283047029
42.2,9.547475,10.457423933666398
42.2,9.748485,10.522341682055085
42.2,9.949495,10.58728107556155
42.2,10.15051,10.64435570299495
42.2,10.35152,10.698773307831587
42.2,10.55253,10.751113242780244
42.2,10.75354,10.79759721030588
42.2,10.95455,10.844062024849444
42.2,11.15556,10.88588001739611
42.2,11.35657,10.926379635831232
42.2,11.55758,10.96557062363446
42.2,11.75859,11.001523892057119
42.2,11.9596,11.03746761460993
42.2,12.16061,11.070623210419384
42.2,12.36162,11.103099712186888
42.2,12.56263,11.134737039201198
42.2,12.76364,11.16451565859463
42.2,12.96465,11.194284538962156
42.2,13.16566,11.222284542887133
42.2,13.36667,11.249915081343088
42.2,13.56768,11.276966141056617
42.2,13.76869,11.302877958625595
42.2,13.9697,11.32877993796399
42.2,14.17071,11.353472619793711
42.2,14.37172,11.377955640173662
42.2,14.57273,11.401999008510472
42.2,14.77374,11.425282845257017
42.2,14.97475,11.44856678966741
42.2,15.17576,11.470941199567184
42.2,15.37677,11.493195838505798
42.2,15.57778,11.51509072376
42.2,15.77879,11.53643591716606
42.2,15.9798,11.557781187157648
42.2,16.18081,11.578406786436947
42.2,16.38182,11.598942549056906
42.2,16.58283,11.619178495735026
42.2,16.78384,11.638984658044684
42.2,16.98485,11.65880087790237
42.2,17.18586,11.677987345659893
42.2,17.38687,11.69712393349344
42.2,17.58788,11.716000665135345
42.2,17.78889,11.734517555653596
42.2,17.9899,11.75303449158777
42.2,18.19091,11.771011622885062
42.2,18.39192,11.788958844117177
42.2,18.59293,11.806656181005582
42.2,18.79394,11.824063638786518
42.2,18.99495,11.841471133638331
42.2,19.19596,11.85838878948012
42.2,19.39697,11.875286513053762
42.2,19.59798,11.89195432731969
42.2,19.79899,11.908382231493507
42.2,20.0,11.923610316850342
42.5,0.1,1.8420950670832152
42.5,0.3010101,2.5194068849581046
42.5,0.5020202,2.8367672325175954
42.5,0.7030303,3.0655222960308617
42.5,0.9040404,3.26954920041919
42.5,1.105051,3.4375417054011326
42.5,1.306061,3.6391516015279173
42.5,1.507071,3.829951504179051
42.5,1.708081,4.006921436511322
42.5,1.909091,4.181904214551035
42.5,2.110101,4.356140115478298
42.5,2.311111,4.529848458699728
42.5,2.512121,4.703798277559493
42.5,2.713131,4.880429555412662
42.5,2.914141,5.056949571925592
42.5,3.115152,5.234242562154683
42.5,3.316162,5.412566659825276
42.5,3.517172,5.591762225548361
42.5,3.718182,5.777793266325123
42.5,3.919192,5.963328488405347
42.5,4.120202,6.152765455005729
42.5,4.321212,6.3458173926112345
42.5,4.522222,6.540138312275485
42.5,4.723232,6.740608247187975
42.5,4.924242,6.940020041194158
42.5,5.125253,7.141210936988388
42.5,5.326263,7.345219618841419
42.5,5.527273,7.5499821834326015
42.5,5.728283,7.754441559700046
42.5,5.929293,7.957338815394631
42.5,6.130303,8.154713069036376
42.5,6.331313,8.351208723389426
42.5,6.532323,8.546266450581442
42.5,6.733333,8.729244937211096
42.5,6.934343,8.91068426620521
42.5,7.135354,9.078082206262307
42.5,7.336364,9.240327063093613
42.5,7.537374,9.398884019637324
42.5,7.738384,9.538616101187344
42.5,7.939394,9.67740476932662
42.5,8.140404,9.79998613176427
42.5,8.341414,9.916373821710634
42.5,8.542424,10.028642630009125
42.5,8.743434,10.124534838292378
42.5,8.944444,10.22006114656454
42.5,9.145455,10.303135379027871
42.5,9.346465,10.38166325496468
42.5,9.547475,10.457034757389305
42.5,9.748485,10.521942860536281
42.5,9.949495,10.586793169078122
42.5,10.15051,10.64381892679301
42.5,10.35152,10.6982368833805
42.5,10.55253,10.750577049924942
42.5,10.75354,10.797051224089879
42.5,10.95455,10.843556579289599
42.5,11.15556,10.885435227819377
42.5,11.35657,10.925935053348027
42.5,11.55758,10.965126183132083
42.5,11.75859,11.00107957996393
42.5,11.9596,11.03706365565718
42.5,12.16061,11.070269677300194
42.5,12.36162,11.10275630994601
42.5,12.56263,11.134393729266373
42.5,12.76364,11.164172433423305
42.5,12.96465,11.19396156801674
42.5,13.16566,11.221981875438114
42.5,13.36667,11.249622501812478
42.5,13.56768,11.276673624420644
42.5,13.76869,11.302585500819756
42.5,13.9697,11.328497675945615
42.5,14.17071,11.35319058709662
42.5,14.37172,11.377673668817778
42.5,14.57273,11.401727081562937
42.5,14.77374,11.425000960629758
42.5,14.97475,11.44828506181039
42.5,15.17576,11.470659649223542
42.5,15.37677,11.49290433179705
42.5,15.57778,11.514809249312242
42.5,15.77879,11.536154473733905
42.5,15.9798,11.557489870629395
42.5,16.18081,11.578105607711871
42.5,16.38182,11.598641401314698
42.5,16.58283,11.618877371893337
42.5,16.78384,11.638683557302434
42.5,16.98485,11.65848987934656
42.5,17.18586,11.677666452487623
42.5,17.38687,11.696803062317148
42.5,17.58788,11.715669811843602
42.5,17.78889,11.734196719598762
42.5,17.9899,11.752703736273336
42.5,18.19091,11.770680946636695
42.5,18.39192,11.78861818344306
42.5,18.59293,11.806315533746163
42.5,18.79394,11.823723004541074
42.5,18.99495,11.841130562131733
42.5,19.19596,11.858038276190051
42.5,19.39697,11.87494601071297
42.5,19.59798,11.891613835123941
42.5,19.79899,11.908031749252777
42.5,20.0,11.92207002426807
42.8,0.1,1.8640345703930714
42.8,0.3010101,2.5484205998278675
42.8,0.5020202,2.8675554179194576
42.8,0.7030303,3.096511025970022
42.8,0.9040404,3.3030070848962785
42.8,1.105051,3.4944255083518034
42.8,1.306061,3.676837760882765
42.8,1.507071,3.8592699558070693
42.8,1.708081,4.035833462757544
42.8,1.909091,4.210445584888162
42.8,2.110101,4.384679222176504
42.8,2.311111,4.558228667248207
42.8,2.512121,4.731780806384735
42.8,2.713131,4.908014124856241
42.8,2.914141,5.084348546039643
42.8,3.115152,5.261642662894994
42.8,3.316162,5.439653928164335
42.8,3.517172,5.618281437908205
42.8,3.718182,5.803469988221052
42.8,3.919192,5.988663671422528
42.8,4.120202,6.178101369833823
42.8,4.321212,6.370395972211264
42.8,4.522222,6.563407352055672
42.8,4.723232,6.762158136989498
42.8,4.924242,6.9609146251034675
42.8,5.125253,7.16210633915577
42.8,5.326263,7.364774033901164
42.8,5.527273,7.5673576626348575
42.8,5.728283,7.76938073524408
42.8,5.929293,7.971408959154607
42.8,6.130303,8.16878494210307
42.8,6.331313,8.363639218615072
42.8,6.532323,8.556215956446529
42.8,6.733333,8.73688384600018
42.8,6.934343,8.917557157163218
42.8,7.135354,9.084956457376114
42.8,7.336364,9.245920914491279
42.8,7.537374,9.402685876260241
42.8,7.738384,9.541050782959212
42.8,7.939394,9.679419909546215
42.8,8.140404,9.802002129896234
42.8,8.341414,9.91777263223861
42.8,8.542424,10.029248477467624
42.8,8.743434,10.12464239826739
42.8,8.944444,10.220029552587098
42.8,9.145455,10.303104269990444
42.8,9.346465,10.381463183604291
42.8,9.547475,10.45662582518936
42.8,9.748485,10.521444860545971
42.8,9.949495,10.586275629055578
42.8,10.15051,10.64330166238648
42.8,10.35152,10.69771020489732
42.8,10.55253,10.750051005881428
42.8,10.75354,10.796555712165313
42.8,10.95455,10.843061328929048
42.8,11.15556,10.884940142407011
42.8,11.35657,10.925470326097328
42.8,11.55758,10.964701841178673
42.8,11.75859,11.000685574102594
42.8,11.9596,11.036679809854002
42.8,12.16061,11.069885936631824
42.8,12.36162,11.102392811383432
42.8,12.56263,11.134060489960738
42.8,12.76364,11.163859428058336
42.8,12.96465,11.193648667462776
42.8,13.16566,11.221679045603537
42.8,13.36667,11.249329849446296
42.8,13.56768,11.276391161159468
42.8,13.76869,11.302303211852882
42.8,13.9697,11.328215458872117
42.8,14.17071,11.352918419675955
42.8,14.37172,11.377401638765424
42.8,14.57273,11.401445196366241
42.8,14.77374,11.424729210200555
42.8,14.97475,11.448003362199854
42.8,15.17576,11.470377985631217
42.8,15.37677,11.492622777082968
42.8,15.57778,11.514517807639123
42.8,15.77879,11.535863137576415
42.8,15.9798,11.55719857061472
42.8,16.18081,11.577814334278205
42.8,16.38182,11.598340214791785
42.8,16.58283,11.618576273491332
42.8,16.78384,11.638372541262404
42.8,16.98485,11.658168889100201
42.8,17.18586,11.677355482030018
42.8,17.38687,11.69649216031214
42.8,17.58788,11.715348977709708
42.8,17.78889,11.733865948597884
42.8,17.9899,11.75238298344653
42.8,18.19091,11.770350208809157
42.8,18.39192,11.788287498709305
42.8,18.59293,11.805984900378244
42.8,18.79394,11.823392418885005
42.8,18.99495,11.840789989455848
42.8,19.19596,11.857707714801132
42.8,19.39697,11.874605489950522
42.8,19.59798,11.890093500995345
42.8,19.79899,11.904121746047387
42.8,20.0,11.918140022487817
43.099999999999994,0.1,1.8847611446804264
43.099999999999994,0.3010101,2.5769707454797315
43.099999999999994,0.5020202,2.897974720467378
43.099999999999994,0.7030303,3.127045961612558
43.099999999999994,0.9040404,3.330539058247354
43.099999999999994,1.105051,3.497834680685558
43.099999999999994,1.306061,3.6889270062127797
43.099999999999994,1.507071,3.8848215902172627
43.099999999999994,1.708081,4.064326033819683
43.099999999999994,1.909091,4.23855152613709
43.099999999999994,2.110101,4.412784854686916
43.099999999999994,2.311111,4.586159410998691
43.099999999999994,2.512121,4.759278939546378
43.099999999999994,2.713131,4.935083390844905
43.099999999999994,2.914141,5.111216222071776
43.099999999999994,3.115152,5.288511411081358
43.099999999999994,3.316162,5.466197857467752
43.099999999999994,3.517172,5.644238386502655
43.099999999999994,3.718182,5.828578518552524
43.099999999999994,3.919192,6.013427662076366
43.099999999999994,4.120202,6.202867047708277
43.099999999999994,4.321212,6.39441034973207
43.099999999999994,4.522222,6.586127271076761
43.099999999999994,4.723232,6.783190985685973
43.099999999999994,4.924242,6.981304168475544
43.099999999999994,5.125253,7.182497663920193
43.099999999999994,5.326263,7.383855394454459
43.099999999999994,5.527273,7.584315145824101
43.099999999999994,5.728283,7.7839689360398845
43.099999999999994,5.929293,7.985153111825251
43.099999999999994,6.130303,8.182530784768451
43.099999999999994,6.331313,8.375791648240765
43.099999999999994,6.532323,8.565959364733148
43.099999999999994,6.733333,8.744382581340242
43.099999999999994,6.934343,8.924312833684436
43.099999999999994,7.135354,9.091713460891869
43.099999999999994,7.336364,9.251430447204307
43.099999999999994,7.537374,9.406450323190342
43.099999999999994,7.738384,9.543476968554478
43.099999999999994,7.939394,9.681437514847882
43.099999999999994,8.140404,9.804020577057615
43.099999999999994,8.341414,9.919183834442752
43.099999999999994,8.542424,10.029874652587827
43.099999999999994,8.743434,10.124770230713095
43.099999999999994,8.944444,10.220028209605374
43.099999999999994,9.145455,10.303093405178942
43.099999999999994,9.346465,10.38127332515159
43.099999999999994,9.547475,10.456237069910047
43.099999999999994,9.748485,10.520967007866226
43.099999999999994,9.949495,10.585778226491131
43.099999999999994,10.15051,10.642804531055566
43.099999999999994,10.35152,10.697203641808258
43.099999999999994,10.55253,10.749535057189458
43.099999999999994,10.75354,10.796070278429406
43.099999999999994,10.95455,10.84257615185842
43.099999999999994,11.15556,10.884455129030776
43.099999999999994,11.35657,10.925015660256461
43.099999999999994,11.55758,10.964277548663532
43.099999999999994,11.75859,11.000301607120834
43.099999999999994,11.9596,11.03629600064889
43.099999999999994,12.16061,11.069512232122019
43.099999999999994,12.36162,11.102039342393361
43.099999999999994,12.56263,11.13372727313237
43.099999999999994,12.76364,11.16354643879613
43.099999999999994,12.96465,11.193345781915388
43.099999999999994,13.16566,11.221376230918345
43.099999999999994,13.36667,11.249037208124275
43.099999999999994,13.56768,11.276108704371861
43.099999999999994,13.76869,11.30203092524545
43.099999999999994,13.9697,11.327943243923283
43.099999999999994,14.17071,11.352646254781048
43.099999999999994,14.37172,11.377129608637158
43.099999999999994,14.57273,11.40118330823894
43.099999999999994,14.77374,11.42445745470809
43.099999999999994,14.97475,11.447741657332209
43.099999999999994,15.17576,11.47011631720399
43.099999999999994,15.37677,11.492351216132853
43.099999999999994,15.57778,11.514246357997079
43.099999999999994,15.77879,11.535581792300102
43.099999999999994,15.9798,11.556917261609465
43.099999999999994,16.18081,11.577533052230818
43.099999999999994,16.38182,11.598049018828236
43.099999999999994,16.58283,11.618275165021425
43.099999999999994,16.78384,11.638071514432852
43.099999999999994,16.98485,11.657877888154061
43.099999999999994,17.18586,11.67705450134271
43.099999999999994,17.38687,11.696181247570841
43.099999999999994,17.58788,11.71503813228221
43.099999999999994,17.78889,11.733545165800102
43.099999999999994,17.9899,11.752062219142642
43.099999999999994,18.19091,11.770029459746434
43.099999999999994,18.39192,11.787966802170342
43.099999999999994,18.59293,11.805654254624239
43.099999999999994,18.79394,11.823061820099397
43.099999999999994,18.99495,11.840459403847703
43.099999999999994,19.19596,11.857377140808289
43.099999999999994,19.39697,11.874274955951407
43.099999999999994,19.59798,11.89093285757596
43.099999999999994,19.79899,11.907360844288295
43.099999999999994,20.0,11.921389135354103
43.400000000000006,0.1,1.9064662438720306
43.400000000000006,0.3010101,2.60539708972279
43.400000000000006,0.5020202,2.927592361013478
43.400000000000006,0.7030303,3.157318366641072
43.400000000000006,0.9040404,3.3635231639422933
43.400000000000006,1.105051,3.5409546376169803
43.400000000000006,1.306061,3.7226247999828193
43.400000000000006,1.507071,3.917331123993224
43.400000000000006,1.708081,4.093107561233005
43.400000000000006,1.909091,4.267153322219116
43.400000000000006,2.110101,4.440426679192415
43.400000000000006,2.311111,4.613485940986307
43.400000000000006,2.512121,4.78660510512748
43.400000000000006,2.713131,4.962410211190951
43.400000000000006,2.914141,5.1382923562276
43.400000000000006,3.115152,5.314595988408405
43.400000000000006,3.316162,5.49204657828212
43.400000000000006,3.517172,5.670088285397112
43.400000000000006,3.718182,5.8544290608731675
43.400000000000006,3.919192,6.038693634328981
43.400000000000006,4.120202,6.226089595597606
43.400000000000006,4.321212,6.417139514686442
43.400000000000006,4.522222,6.608858008685982
43.400000000000006,4.723232,6.805923532667751
43.400000000000006,4.924242,7.002794447083268
43.400000000000006,5.125253,7.200413291846397
43.400000000000006,5.326263,7.400996860948503
43.400000000000006,5.527273,7.601458230452996
43.400000000000006,5.728283,7.801112794273317
43.400000000000006,5.929293,8.000438322318743
43.400000000000006,6.130303,8.193408967646478
43.400000000000006,6.331313,8.38582485868383
43.400000000000006,6.532323,8.57599504107872
43.400000000000006,6.733333,8.754418770870132
43.400000000000006,6.934343,8.932476889120792
43.400000000000006,7.135354,9.096303129951375
43.400000000000006,7.336364,9.2554298496187
43.400000000000006,7.537374,9.410450801033088
43.400000000000006,7.738384,9.54747847922956
43.400000000000006,7.939394,9.684254446198091
43.400000000000006,8.140404,9.805011954694493
43.400000000000006,8.341414,9.919919319488477
43.400000000000006,8.542424,10.030610796228034
43.400000000000006,8.743434,10.125506972565764
43.400000000000006,8.944444,10.2203064771608
43.400000000000006,9.145455,10.302803634505917
43.400000000000006,9.346465,10.380924164286805
43.400000000000006,9.547475,10.455878287751414
43.400000000000006,9.748485,10.520608562283796
43.400000000000006,9.949495,10.58533064411155
43.400000000000006,10.15051,10.642288003284241
43.400000000000006,10.35152,10.696687450607673
43.400000000000006,10.55253,10.74902908754396
43.400000000000006,10.75354,10.795554507016329
43.400000000000006,10.95455,10.842090891139705
43.400000000000006,11.15556,10.884020479762857
43.400000000000006,11.35657,10.924581210284527
43.400000000000006,11.55758,10.963853235726152
43.400000000000006,11.75859,10.999877418231245
43.400000000000006,11.9596,11.035912145628846
43.400000000000006,12.16061,11.06916877612066
43.400000000000006,12.36162,11.101706013172894
43.400000000000006,12.56263,11.133394033638165
43.400000000000006,12.76364,11.16321328183728
43.400000000000006,12.96465,11.193042866446834
43.400000000000006,13.16566,11.22109360224721
43.400000000000006,13.36667,11.248754665144183
43.400000000000006,13.56768,11.275836222669918
43.400000000000006,13.76869,11.301748501232037
43.400000000000006,13.9697,11.327681007095407
43.400000000000006,14.17071,11.352384237169082
43.400000000000006,14.37172,11.376867651133574
43.400000000000006,14.57273,11.400921394425524
43.400000000000006,14.77374,11.424195582403847
43.400000000000006,14.97475,11.44746993660321
43.400000000000006,15.17576,11.469844767794639
43.400000000000006,15.37677,11.492079709575867
43.400000000000006,15.57778,11.513974883375333
43.400000000000006,15.77879,11.535310348269903
43.400000000000006,15.9798,11.556635941168667
43.400000000000006,16.18081,11.577241866229235
43.400000000000006,16.38182,11.597767863442671
43.400000000000006,16.58283,11.617994033344738
43.400000000000006,16.78384,11.637780405714151
43.400000000000006,16.98485,11.657576879725138
43.400000000000006,17.18586,11.676753596101374
43.400000000000006,17.38687,11.69588036426122
43.400000000000006,17.58788,11.714737266774497
43.400000000000006,17.78889,11.733244317557462
43.400000000000006,17.9899,11.751751450064884
43.400000000000006,18.19091,11.76970876790285
43.400000000000006,18.39192,11.787646125981706
43.400000000000006,18.59293,11.805333591948845
43.400000000000006,18.79394,11.822741170577377
43.400000000000006,18.99495,11.840138815247368
43.400000000000006,19.19596,11.857046608726765
43.400000000000006,19.39697,11.873944435111916
43.400000000000006,19.59798,11.890602347099527
43.400000000000006,19.79899,11.907030343968911
43.400000000000006,20.0,11.922258535044302
43.7,0.1,1.9264644920430773
43.7,0.3010101,2.6334428987531515
43.7,0.5020202,2.9573398616446624
43.7,0.7030303,3.1872762790250704
43.7,0.9040404,3.3932855575243974
43.7,1.105051,3.574413190881236
43.7,1.306061,3.76486705920121
43.7,1.507071,3.945844949314449
43.7,1.708081,4.121462259940398
43.7,1.909091,4.29492763484908
43.7,2.110101,4.46810425969259
43.7,2.311111,4.640756050707067
43.7,2.512121,4.81361715679854
43.7,2.713131,4.989198655622551
43.7,2.914141,5.164646966754163
43.7,3.115152,5.340907565186953
43.7,3.316162,5.517775257768685
43.7,3.517172,5.69557605525564
43.7,3.718182,5.87941642281713
43.7,3.919192,6.062908413376506
43.7,4.120202,6.250181975088361
43.7,4.321212,6.439997582865288
43.7,4.522222,6.631234616038382
43.7,4.723232,6.827285030378668
43.7,4.924242,7.022700703491148
43.7,5.125253,7.220066304022336
43.7,5.326263,7.418613067839039
43.7,5.527273,7.618328201046886
43.7,5.728283,7.8165131205058245
43.7,5.929293,8.013870029260927
43.7,6.130303,8.20648549142052
43.7,6.331313,8.396531382018345
43.7,6.532323,8.585891482304508
43.7,6.733333,8.762869858671628
43.7,6.934343,8.939119709370052
43.7,7.135354,9.102632526128614
43.7,7.336364,9.259968222470256
43.7,7.537374,9.41442378693629
43.7,7.738384,9.55054959678564
43.7,7.939394,9.68627272902973
43.7,8.140404,9.80686030652483
43.7,8.341414,9.920915723896623
43.7,8.542424,10.03135722620604
43.7,8.743434,10.125904711659077
43.7,8.944444,10.220325507624159
43.7,9.145455,10.302763291823515
43.7,9.346465,10.3806449731754
43.7,9.547475,10.455539662888954
43.7,9.748485,10.520200665705186
43.7,9.949495,10.584843447438907
43.7,10.15051,10.641801169537047
43.7,10.35152,10.696181254260049
43.7,10.55253,10.748523204942128
43.7,10.75354,10.795059050075078
43.7,10.95455,10.841615831458565
43.7,11.15556,10.883555644821337
43.7,11.35657,10.92415675816673
43.7,11.55758,10.963428970479619
43.7,11.75859,10.999473427271242
43.7,11.9596,11.035538402722123
43.7,12.16061,11.06880518461551
43.7,12.36162,11.101372678854547
43.7,12.56263,11.133070819148084
43.7,12.76364,11.162910262658096
43.7,12.96465,11.192750017783997
43.7,13.16566,11.220800863307124
43.7,13.36667,11.248482113755443
43.7,13.56768,11.275553753058366
43.7,13.76869,11.301486180254056
43.7,13.9697,11.327418810467757
43.7,14.17071,11.35212212465113
43.7,14.37172,11.37660568377362
43.7,14.57273,11.400659484678938
43.7,14.77374,11.423933791151986
43.7,14.97475,11.447218239457266
43.7,15.17576,11.469583137080392
43.7,15.37677,11.491818193154
43.7,15.57778,11.513713408271919
43.7,15.77879,11.535038968414435
43.7,15.9798,11.55636463315173
43.7,16.18081,11.57697061134802
43.7,16.38182,11.597486699338235
43.7,16.58283,11.617712898990364
43.7,16.78384,11.637499347764694
43.7,16.98485,11.657285876573349
43.7,17.18586,11.676452635140471
43.7,17.38687,11.695579473649316
43.7,17.58788,11.71443639742476
43.7,17.78889,11.732933507822953
43.7,17.9899,11.751440681017844
43.7,18.19091,11.769398031816927
43.7,18.39192,11.787335443236692
43.7,18.59293,11.805022924452349
43.7,18.79394,11.822420548531884
43.7,18.99495,11.83981822292327
43.7,19.19596,11.856716041842798
43.7,19.39697,11.873613907795145
43.7,19.59798,11.890281830752809
43.7,19.79899,11.90432014638153
43.7,20.0,11.91833849484837
44.0,0.1,1.9466892704300913
44.0,0.3010101,2.6610084182125617
44.0,0.5020202,2.9871152047439686
44.0,0.7030303,3.216922472063429
44.0,0.9040404,3.4201770671336518
44.0,1.105051,3.5865640163203665
44.0,1.306061,3.7763911766777802
44.0,1.507071,3.9707458033394705
44.0,1.708081,4.1489835484557664
44.0,1.909091,4.3223254827902515
44.0,2.110101,4.495500732692011
44.0,2.311111,4.668152041546936
44.0,2.512121,4.8403542001381705
44.0,2.713131,5.015221666125374
44.0,2.914141,5.1906695054715275
44.0,3.115152,5.366931028662008
44.0,3.316162,5.543752881432082
44.0,3.517172,5.720568739118656
44.0,3.718182,5.903276750221223
44.0,3.919192,6.086770107689669
44.0,4.120202,6.274045215212525
44.0,4.321212,6.463734454798086
44.0,4.522222,6.652908190027873
44.0,4.723232,6.846882677866264
44.0,4.924242,7.042299891716118
44.0,5.125253,7.239666138294887
44.0,5.326263,7.437955647774012
44.0,5.527273,7.6343223740077
44.0,5.728283,7.829746226975949
44.0,5.929293,8.027103637900032
44.0,6.130303,8.219720659124238
44.0,6.331313,8.409409328832101
44.0,6.532323,8.594966324115795
44.0,6.733333,8.769441147981075
44.0,6.934343,8.945692236800136
44.0,7.135354,9.109206275734497
44.0,7.336364,9.266227473152641
44.0,7.537374,9.417886946733079
44.0,7.738384,9.55256847835741
44.0,7.939394,9.688291443078397
44.0,8.140404,9.808879800211267
44.0,8.341414,9.922763220010225
44.0,8.542424,10.031904406847637
44.0,8.743434,10.125943485029195
44.0,8.944444,10.220354776292703
44.0,9.145455,10.302803007291766
44.0,9.346465,10.380615273528273
44.0,9.547475,10.455161464095006
44.0,9.748485,10.519723305458452
44.0,9.949495,10.584366376460956
44.0,10.15051,10.641324357136511
44.0,10.35152,10.695704782326354
44.0,10.55253,10.748027571664979
44.0,10.75354,10.794593882793407
44.0,10.95455,10.84114084034249
44.0,11.15556,10.883090810565635
44.0,11.35657,10.92369213655809
44.0,11.55758,10.96302486354045
44.0,11.75859,10.999109606732032
44.0,11.9596,11.035174694776057
44.0,12.16061,11.068441578253276
44.0,12.36162,11.101019217429721
44.0,12.56263,11.132757716833977
44.0,12.76364,11.16261735654225
44.0,12.96465,11.192457187221917
44.0,13.16566,11.220508101830914
44.0,13.36667,11.248189458250085
44.0,13.56768,11.27529136880798
44.0,13.76869,11.301233937902822
44.0,13.9697,11.32715662112909
44.0,14.17071,11.35186998416723
44.0,14.37172,11.376353625465475
44.0,14.57273,11.400407644404673
44.0,14.77374,11.423682058258086
44.0,14.97475,11.446966544673334
44.0,15.17576,11.469331477979708
44.0,15.37677,11.491566599115597
44.0,15.57778,11.513451990293479
44.0,15.77879,11.534777631200734
44.0,15.9798,11.55610332404646
44.0,16.18081,11.576699328906738
44.0,16.38182,11.597215469552674
44.0,16.58283,11.617431812256806
44.0,16.78384,11.637208322056804
44.0,16.98485,11.657004871817394
44.0,17.18586,11.676171650352375
44.0,17.38687,11.69528853059333
44.0,17.58788,11.71413556580852
44.0,17.78889,11.732632720201561
44.0,17.9899,11.75113990930034
44.0,18.19091,11.76909727524962
44.0,18.39192,11.787024719250601
44.0,18.59293,11.804702284476317
44.0,18.79394,11.822099939365396
44.0,18.99495,11.83949762603772
44.0,19.19596,11.85640545658397
44.0,19.39697,11.873293346473302
44.0,19.59798,11.889961330945953
44.0,19.79899,11.905199525046635
44.0,20.0,11.919217884312085
44.3,0.1,1.9657924904597768
44.3,0.3010101,2.68789365183377
44.3,0.5020202,3.01607891725885
44.3,0.7030303,3.246295496902518
44.3,0.9040404,3.4521891404824707
44.3,1.105051,3.6418037584322582
44.3,1.306061,3.822075422849818
44.3,1.507071,4.002367505734938
44.3,1.708081,4.177090844110267
44.3,1.909091,4.34996293157868
44.3,2.110101,4.522582878777067
44.3,2.311111,4.694742612420961
44.3,2.512121,4.866907215209134
44.3,2.713131,5.041771187770966
44.3,2.914141,5.216735193265803
44.3,3.115152,5.392446466711378
44.3,3.316162,5.5687174248967795
44.3,3.517172,5.74553432320742
44.3,3.718182,5.928165836405249
44.3,3.919192,6.110802650681205
44.3,4.120202,6.297002409417825
44.3,4.321212,6.485600326763403
44.3,4.522222,6.6747755051680615
44.3,4.723232,6.8685637032786095
44.3,4.924242,7.062356758426052
44.3,5.125253,7.25787412342944
44.3,5.326263,7.454435746739181
44.3,5.527273,7.6508039681238005
44.3,5.728283,7.845913610069158
44.3,5.929293,8.041028566026107
44.3,6.130303,8.231364447983742
44.3,6.331313,8.419108801338057
44.3,6.532323,8.604667145251685
44.3,6.733333,8.778792646852581
44.3,6.934343,8.952922710806458
44.3,7.135354,9.11456769179421
44.3,7.336364,9.270159390852093
44.3,7.537374,9.421819853368241
44.3,7.738384,9.556256634814323
44.3,7.939394,9.690697999207295
44.3,8.140404,9.810312471778271
44.3,8.341414,9.923529561007104
44.3,8.542424,10.032671359479775
44.3,8.743434,10.126601204032424
44.3,8.944444,10.220523952448607
44.3,9.145455,10.302663390963057
44.3,9.346465,10.380296578491476
44.3,9.547475,10.454833125682624
44.3,9.748485,10.519375406530989
44.3,9.949495,10.583919272833013
44.3,10.15051,10.640837914983251
44.3,10.35152,10.69520884514862
44.3,10.55253,10.747531846372768
44.3,10.75354,10.794098422443115
44.3,10.95455,10.840675839075097
44.3,11.15556,10.8826462008237
44.3,11.35657,10.923277826782705
44.3,11.55758,10.962610686308851
44.3,11.75859,10.998705601874441
44.3,11.9596,11.034800982848635
44.3,12.16061,11.068098126411302
44.3,12.36162,11.100695964597488
44.3,12.56263,11.132434551265831
44.3,12.76364,11.162304313378472
44.3,12.96465,11.192164353068517
44.3,13.16566,11.220235456521658
44.3,13.36667,11.2479269545937
44.3,13.56768,11.275028925208636
44.3,13.76869,11.300961586654138
44.3,13.9697,11.32690442760271
44.3,14.17071,11.351617937280004
44.3,14.37172,11.376111685448667
44.3,14.57273,11.400165747330487
44.3,14.77374,11.42344023394798
44.3,14.97475,11.446714846046742
44.3,15.17576,11.469079895087143
44.3,15.37677,11.491315097771718
44.3,15.57778,11.513200520359582
44.3,15.77879,11.534516219441933
44.3,15.9798,11.555842011673056
44.3,16.18081,11.576438109176863
44.3,16.38182,11.596944312966667
44.3,16.58283,11.617160679048645
44.3,16.78384,11.636937235836834
44.3,16.98485,11.656723864958895
44.3,17.18586,11.675880715327747
44.3,17.38687,11.694997642901816
44.3,17.58788,11.713844695780017
44.3,17.78889,11.732341886922335
44.3,17.9899,11.750839136245329
44.3,18.19091,11.768796556311774
44.3,18.39192,11.786724035174116
44.3,18.59293,11.804401613895925
44.3,18.79394,11.821789296886008
44.3,18.99495,11.839177027621961
44.3,19.19596,11.856084895796746
44.3,19.39697,11.87297280988522
44.3,19.59798,11.889640804989016
44.3,19.79899,11.90605888050427
44.3,20.0,11.922476995826738
44.599999999999994,0.1,1.9845122840253249
44.599999999999994,0.3010101,2.714329636931402
44.599999999999994,0.5020202,3.044664883696422
44.599999999999994,0.7030303,3.2751988395216864
44.599999999999994,0.9040404,3.4783245218811216
44.599999999999994,1.105051,3.648167583953851
44.599999999999994,1.306061,3.8505857948163587
44.599999999999994,1.507071,4.030228888106845
44.599999999999994,1.708081,4.204787655593139
44.599999999999994,1.909091,4.377187951257566
44.599999999999994,2.110101,4.5492436764389055
44.599999999999994,2.311111,4.7208919298422245
44.599999999999994,2.512121,4.893014940696789
44.599999999999994,2.713131,5.067874374227384
44.599999999999994,2.914141,5.242330629891158
44.599999999999994,3.115152,5.417473736909214
44.599999999999994,3.316162,5.593178859962827
44.599999999999994,3.517172,5.769996754153523
44.599999999999994,3.718182,5.952552732252555
44.599999999999994,3.919192,6.134328070554306
44.599999999999994,4.120202,6.319460546868486
44.599999999999994,4.321212,6.506978204553076
44.599999999999994,4.522222,6.696154785987367
44.599999999999994,4.723232,6.889760667674902
44.599999999999994,4.924242,7.081962636865005
44.599999999999994,5.125253,7.275671195358164
44.599999999999994,5.326263,7.470547997882813
44.599999999999994,5.527273,7.6669176737758695
44.599999999999994,5.728283,7.8617210755644855
44.599999999999994,5.929293,8.054653625229262
44.599999999999994,6.130303,8.242770390575599
44.599999999999994,6.331313,8.428625429908784
44.599999999999994,6.532323,8.61418507603314
44.599999999999994,6.733333,8.787969213070001
44.599999999999994,6.934343,8.960035206177622
44.599999999999994,7.135354,9.119858044106365
44.599999999999994,7.336364,9.274053158378232
44.599999999999994,7.537374,9.425714575306666
44.599999999999994,7.738384,9.559912560827797
44.599999999999994,7.939394,9.693096213303123
44.599999999999994,8.140404,9.811753704481724
44.599999999999994,8.341414,9.924312387251254
44.599999999999994,8.542424,10.033458777659993
44.599999999999994,8.743434,10.127279360101022
44.599999999999994,8.944444,10.220723493440985
44.599999999999994,9.145455,10.302544076129209
44.599999999999994,9.346465,10.379978136481196
44.599999999999994,9.547475,10.45452503097865
44.599999999999994,9.748485,10.519037734881229
44.599999999999994,9.949495,10.583482350903145
44.599999999999994,10.15051,10.640361619704741
44.599999999999994,10.35152,10.694713031751073
44.599999999999994,10.55253,10.74704624147066
44.599999999999994,10.75354,10.793613074553727
44.599999999999994,10.95455,10.840200929567386
44.599999999999994,11.15556,10.882201663160737
44.599999999999994,11.35657,10.922863575734851
44.599999999999994,11.55758,10.962196566844781
44.599999999999994,11.75859,10.998301650109555
44.599999999999994,11.9596,11.03442731036167
44.599999999999994,12.16061,11.06775470498388
44.599999999999994,12.36162,11.100372736585427
44.599999999999994,12.56263,11.13212141028406
44.599999999999994,12.76364,11.161991293184405
44.599999999999994,12.96465,11.191871536500011
44.599999999999994,13.16566,11.21996282315308
44.599999999999994,13.36667,11.247664459174326
44.599999999999994,13.56768,11.27476649008774
44.599999999999994,13.76869,11.300709242181924
44.599999999999994,13.9697,11.326652236794787
44.599999999999994,14.17071,11.35137589107704
44.599999999999994,14.37172,11.375869745306408
44.599999999999994,14.57273,11.399923850354053
44.599999999999994,14.77374,11.423198409626556
44.599999999999994,14.97475,11.446473146475565
44.599999999999994,15.17576,11.468838309623894
44.599999999999994,15.37677,11.491073592937125
44.599999999999994,15.57778,11.512949047294313
44.599999999999994,15.77879,11.534274804065031
44.599999999999994,15.9798,11.55559069463315
44.599999999999994,16.18081,11.576176885230169
44.599999999999994,16.38182,11.596683152539947
44.599999999999994,16.58283,11.616899542251105
44.599999999999994,16.78384,11.636676146452514
44.599999999999994,16.98485,11.656452855866428
44.599999999999994,17.18586,11.675609777892374
44.599999999999994,17.38687,11.6947167528576
44.599999999999994,17.58788,11.713563823504884
44.599999999999994,17.78889,11.73206105133593
44.599999999999994,17.9899,11.750548360714632
44.599999999999994,18.19091,11.768495835174475
44.599999999999994,18.39192,11.786423349144636
44.599999999999994,18.59293,11.80410094146891
44.599999999999994,18.79394,11.821488652229853
44.599999999999994,18.99495,11.838876426414007
44.599999999999994,19.19596,11.855774329673292
44.599999999999994,19.39697,11.872662266721152
44.599999999999994,19.59798,11.889320272651386
44.599999999999994,19.79899,11.904558503600256
44.599999999999994,20.0,11.918576915233624
44.900000000000006,0.1,2.0035497732737633
44.900000000000006,0.3010101,2.7406790810497066
44.900000000000006,0.5020202,3.0724434058278143
44.900000000000006,0.7030303,3.303900854955101
44.900000000000006,0.9040404,3.50978074904131
44.900000000000006,1.105051,3.6857928415228205
44.900000000000006,1.306061,3.8654112123108577
44.900000000000006,1.507071,4.054464646935927
44.900000000000006,1.708081,4.231625598153398
44.900000000000006,1.909091,4.403902436211571
44.900000000000006,2.110101,4.575955728234681
44.900000000000006,2.311111,4.747603393959577
44.900000000000006,2.512121,4.919016679725823
44.900000000000006,2.713131,5.093101291198197
44.900000000000006,2.914141,5.267557941343078
44.900000000000006,3.115152,5.442701822801634
44.900000000000006,3.316162,5.618358977286498
44.900000000000006,3.517172,5.794153134187936
44.900000000000006,3.718182,5.975569849443932
44.900000000000006,3.919192,6.157346423704053
44.900000000000006,4.120202,6.34248030989856
44.900000000000006,4.321212,6.529872479485052
44.900000000000006,4.522222,6.717032975277213
44.900000000000006,4.723232,6.908627041467878
44.900000000000006,4.924242,7.1008294294186385
44.900000000000006,5.125253,7.294539509054489
44.900000000000006,5.326263,7.489163947145979
44.900000000000006,5.527273,7.682331437919746
44.900000000000006,5.728283,7.874491837694915
44.900000000000006,5.929293,8.067425761909481
44.900000000000006,6.130303,8.255543954768225
44.900000000000006,6.331313,8.441051649634181
44.900000000000006,6.532323,8.622992229411992
44.900000000000006,6.733333,8.794374692985954
44.900000000000006,6.934343,8.96644180768049
44.900000000000006,7.135354,9.126265753008505
44.900000000000006,7.336364,9.280153250265853
44.900000000000006,7.537374,9.429133293016777
44.900000000000006,7.738384,9.561928775399382
44.900000000000006,7.939394,9.695113187017872
44.900000000000006,8.140404,9.81377139099801
44.900000000000006,8.341414,9.926160999135835
44.900000000000006,8.542424,10.034046823734883
44.900000000000006,8.743434,10.127338868742024
44.900000000000006,8.944444,10.22078345826913
44.900000000000006,9.145455,10.302604455834855
44.900000000000006,9.346465,10.379989058572196
44.900000000000006,9.547475,10.454167282493177
44.900000000000006,9.748485,10.518580744099456
44.900000000000006,9.949495,10.583025633989397
44.900000000000006,10.15051,10.639905147132229
44.900000000000006,10.35152,10.694246880036077
44.900000000000006,10.55253,10.746560843154638
44.900000000000006,10.75354,10.793148107838597
44.900000000000006,10.95455,10.839736131458608
44.900000000000006,11.15556,10.881737015726639
44.900000000000006,11.35657,10.922409129847962
44.900000000000006,11.55758,10.961792580294926
44.900000000000006,11.75859,10.997937928868183
44.900000000000006,11.9596,11.03406369858689
44.900000000000006,12.16061,11.067391191779672
44.900000000000006,12.36162,11.100019363190027
44.900000000000006,12.56263,11.131818372822346
44.900000000000006,12.76364,11.161708443879428
44.900000000000006,12.96465,11.191588760859522
44.900000000000006,13.16566,11.219680114880436
44.900000000000006,13.36667,11.24739185315378
44.900000000000006,13.56768,11.274514136262255
44.900000000000006,13.76869,11.300467024070455
44.900000000000006,13.9697,11.326410070642709
44.900000000000006,14.17071,11.351133772895126
44.900000000000006,14.37172,11.375627707663456
44.900000000000006,14.57273,11.399682026261548
44.900000000000006,14.77374,11.422966691166742
44.900000000000006,14.97475,11.446241465325501
44.900000000000006,15.17576,11.468596663586323
44.900000000000006,15.37677,11.490832010546114
44.900000000000006,15.57778,11.512707634252116
44.900000000000006,15.77879,11.534023470085565
44.900000000000006,15.9798,11.555339388267065
44.900000000000006,16.18081,11.57592560498608
44.900000000000006,16.38182,11.596441924574245
44.900000000000006,16.58283,11.616638460263841
44.900000000000006,16.78384,11.63641512568262
44.900000000000006,16.98485,11.656181855719005
44.900000000000006,17.18586,11.675338797320578
44.900000000000006,17.38687,11.694445813454786
44.900000000000006,17.58788,11.713282994355323
44.900000000000006,17.78889,11.731770265710093
44.900000000000006,17.9899,11.750257590686626
44.900000000000006,18.19091,11.76820508012106
44.900000000000006,18.39192,11.786132626418741
44.900000000000006,18.59293,11.80379030266909
44.900000000000006,18.79394,11.82117804364577
44.900000000000006,18.99495,11.838565829928271
44.900000000000006,19.19596,11.855463744764338
44.900000000000006,19.39697,11.872351704306109
44.900000000000006,19.59798,11.889009759215899
44.900000000000006,19.79899,11.90304814583475
44.900000000000006,20.0,11.917066563490586
45.2,0.1,2.021611948680935
45.2,0.3010101,2.766657201161962
45.2,0.5020202,3.1003678396941545
45.2,0.7030303,3.332137978278174
45.2,0.9040404,3.5380907658240557
45.2,1.105051,3.713876691985404
45.2,1.306061,3.892887179185605
45.2,1.507071,4.081759464675401
45.2,1.708081,4.2587583024196185
45.2,1.909091,4.430446944494189
45.2,2.110101,4.602403405657685
45.2,2.311111,4.773580806617839
45.2,2.512121,4.944699100792657
45.2,2.713131,5.118527077190457
45.2,2.914141,5.292482074708593
45.2,3.115152,5.467578715690884
45.2,3.316162,5.642606113288382
45.2,3.517172,5.818139288443223
45.2,3.718182,5.999048557221314
45.2,3.919192,6.180044636179699
45.2,4.120202,6.365059932909484
45.2,4.321212,6.5512589200322955
45.2,4.522222,6.737951882435901
45.2,4.723232,6.928589839304278
45.2,4.924242,7.119420107836637
45.2,5.125253,7.312894787446953
45.2,5.326263,7.505627565839778
45.2,5.527273,7.698101734822241
45.2,5.728283,7.888907466511314
45.2,5.929293,8.080027831786078
45.2,6.130303,8.267818675126287
45.2,6.331313,8.451148358725842
45.2,6.532323,8.632344703468789
45.2,6.733333,8.802391599704851
45.2,6.934343,8.972788264676584
45.2,7.135354,9.13231957987369
45.2,7.336364,9.28453869807566
45.2,7.537374,9.432991129445531
45.2,7.738384,9.564935420045193
45.2,7.939394,9.697127678320982
45.2,8.140404,9.815621805696555
45.2,8.341414,9.927195162537119
45.2,8.542424,10.034844862090685
45.2,8.743434,10.1277980167373
45.2,8.944444,10.220853709548194
45.2,9.145455,10.302615247794353
45.2,9.346465,10.37975080425287
45.2,9.547475,10.453859511570421
45.2,9.748485,10.518203577421673
45.2,9.949495,10.582569050096655
45.2,10.15051,10.63944888579115
45.2,10.35152,10.693771159174961
45.2,10.55253,10.746075399591978
45.2,10.75354,10.79267303357023
45.2,10.95455,10.83927140418633
45.2,11.15556,10.881292489344881
45.2,11.35657,10.921984927328314
45.2,11.55758,10.961378545130993
45.2,11.75859,10.997544130148112
45.2,11.9596,11.033700115818226
45.2,12.16061,11.067037750327884
45.2,12.36162,11.099696154241364
45.2,12.56263,11.131495275660502
45.2,12.76364,11.161405527357434
45.2,12.96465,11.19130600286059
45.2,13.16566,11.219407458798248
45.2,13.36667,11.247129365324698
45.2,13.56768,11.274261724625761
45.2,13.76869,11.300214747914831
45.2,13.9697,11.326177908543354
45.2,14.17071,11.350891692787462
45.2,14.37172,11.375395767337771
45.2,14.57273,11.399460141171394
45.2,14.77374,11.42273492203467
45.2,14.97475,11.446009788471573
45.2,15.17576,11.468365050138322
45.2,15.37677,11.490600504542384
45.2,15.57778,11.51246616780783
45.2,15.77879,11.533782094082687
45.2,15.9798,11.555098081070925
45.2,16.18081,11.575684351513052
45.2,16.38182,11.596190763468645
45.2,16.58283,11.616387328160512
45.2,16.78384,11.63615407250264
45.2,16.98485,11.655930858624236
45.2,17.18586,11.675077841702414
45.2,17.38687,11.694174926962464
45.2,17.58788,11.713012128410046
45.2,17.78889,11.73148945810418
45.2,17.9899,11.749976823032904
45.2,18.19091,11.767924346064577
45.2,18.39192,11.785841947278719
45.2,18.59293,11.803509638290638
45.2,18.79394,11.82088742288483
45.2,18.99495,11.838265237981256
45.2,19.19596,11.85516317358118
45.2,19.39697,11.872041163323647
45.2,19.59798,11.888699229169745
45.2,19.79899,11.90511737051316
45.2,20.0,11.920345675174334
45.5,0.1,2.0404528736004472
45.5,0.3010101,2.7921561911702106
45.5,0.5020202,3.1282939715980445
45.5,0.7030303,3.360182578796439
45.5,0.9040404,3.563481147637386
45.5,1.105051,3.72878322831089
45.5,1.306061,3.925808159878008
45.5,1.507071,4.112394959169945
45.5,1.708081,4.285771718282543
45.5,1.909091,4.457280751991118
45.5,2.110101,4.628206094120318
45.5,2.311111,4.798989578654637
45.5,2.512121,4.970106247039166
45.5,2.713131,5.1439345445785
45.5,2.914141,5.317572944923477
45.5,3.115152,5.491527747417296
45.5,3.316162,5.666284220827053
45.5,3.517172,5.841818260922554
45.5,3.718182,6.02272883038414
45.5,3.919192,6.20312938130287
45.5,4.120202,6.386150806668948
45.5,4.321212,6.571883332333221
45.5,4.522222,6.758577580503247
45.5,4.723232,6.949217043293698
45.5,4.924242,7.138916173883904
45.5,5.125253,7.3291358392971455
45.5,5.326263,7.521184400693732
45.5,5.527273,7.713659902758277
45.5,5.728283,7.90446710327394
45.5,5.929293,8.093948942373684
45.5,6.130303,8.277808144065004
45.5,6.331313,8.460403705291094
45.5,6.532323,8.64160222080155
45.5,6.733333,8.811650324893163
45.5,6.934343,8.980383629417851
45.5,7.135354,9.136676980842612
45.5,7.336364,9.288369483209568
45.5,7.537374,9.436823764848922
45.5,7.738384,9.56876887805285
45.5,7.939394,9.699876002217668
45.5,8.140404,9.816662852599565
45.5,8.341414,9.927998084663946
45.5,8.542424,10.035643320870461
45.5,8.743434,10.128596968829253
45.5,8.944444,10.221203859901202
45.5,9.145455,10.302386885787612
45.5,9.346465,10.379452917283599
45.5,9.547475,10.453561947601022
45.5,9.748485,10.517906302952996
45.5,9.949495,10.58217240773267
45.5,10.15051,10.63897305089083
45.5,10.35152,10.693285606699158
45.5,10.55253,10.745590045915215
45.5,10.75354,10.792197857248087
45.5,10.95455,10.838806644558248
45.5,11.15556,10.880868199904794
45.5,11.35657,10.921560806683578
45.5,11.55758,10.960964551676502
45.5,11.75859,10.99713025180768
45.5,11.9596,11.03332649661847
45.5,12.16061,11.066724468101492
45.5,12.36162,11.099382988705806
45.5,12.56263,11.131192195143225
45.5,12.76364,11.161092525194249
45.5,12.96465,11.191023219904793
45.5,13.16566,11.219144917891118
45.5,13.36667,11.246876902175948
45.5,13.56768,11.274009320627334
45.5,13.76869,11.299962399146672
45.5,13.9697,11.325935718493282
45.5,14.17071,11.350669709427148
45.5,14.37172,11.375173842279986
45.5,14.57273,11.399228258603369
45.5,14.77374,11.422503079510726
45.5,14.97475,11.445788096046334
45.5,15.17576,11.468143513059903
45.5,15.37677,11.490369008032063
45.5,15.57778,11.512244702308562
45.5,15.77879,11.533560658354556
45.5,15.9798,11.554866757373045
45.5,16.18081,11.575453167041399
45.5,16.38182,11.595949609746551
45.5,16.58283,11.616146197534192
45.5,16.78384,11.635912964086721
45.5,16.98485,11.655679858941397
45.5,17.18586,11.674816942588233
45.5,17.38687,11.693914049031141
45.5,17.58788,11.712741267763754
45.5,17.78889,11.731228614194606
45.5,17.9899,11.749706055695274
45.5,18.19091,11.767643664102636
45.5,18.39192,11.785551280871017
45.5,18.59293,11.80321898491419
45.5,18.79394,11.820596782235873
45.5,18.99495,11.837964660427385
45.5,19.19596,11.854852634845331
45.5,19.39697,11.871730635597855
45.5,19.59798,11.888388711850741
45.5,19.79899,11.9048068634337
45.5,20.0,11.91883531988327
45.8,0.1,2.0576476274162654
45.8,0.3010101,2.816958069459747
45.8,0.5020202,3.1553946338604195
45.8,0.7030303,3.3878697352051863
45.8,0.9040404,3.593968760301488
45.8,1.105051,3.78236609778963
45.8,1.306061,3.9608097133924995
45.8,1.507071,4.139272515143986
45.8,1.708081,4.312224411661417
45.8,1.909091,4.483345124852992
45.8,2.110101,4.6542689473448275
45.8,2.311111,4.824831606687851
45.8,2.512121,4.995397322132819
45.8,2.713131,5.168676052688508
45.8,2.914141,5.342057795694075
45.8,3.115152,5.516014234843655
45.8,3.316162,5.690398833012669
45.8,3.517172,5.865270123964911
45.8,3.718182,6.045316372210757
45.8,3.919192,6.225365205340787
45.8,4.120202,6.408387912269847
45.8,4.321212,6.593411088014389
45.8,4.522222,6.778888084991529
45.8,4.723232,6.968000677089324
45.8,4.924242,7.157116367436933
45.8,5.125253,7.347337433460692
45.8,5.326263,7.53822905560347
45.8,5.527273,7.728831946577358
45.8,5.728283,7.917573037154288
45.8,5.929293,8.106318647917922
45.8,6.130303,8.290179142934623
45.8,6.331313,8.471391201758564
45.8,6.532323,8.650493702690829
45.8,6.733333,8.818568836033927
45.8,6.934343,8.986648749894375
45.8,7.135354,9.14294407994969
45.8,7.336364,9.293524555647581
45.8,7.537374,9.440417111051186
45.8,7.738384,9.571148237069231
45.8,7.939394,9.701883419834099
45.8,8.140404,9.818670910868214
45.8,8.341414,9.929439472343669
45.8,8.542424,10.036352203002284
45.8,8.743434,10.128817107445084
45.8,8.944444,10.22128463677129
45.8,9.145455,10.30246804068387
45.8,9.346465,10.379354793049375
45.8,9.547475,10.453244599780685
45.8,9.748485,10.517479582729177
45.8,9.949495,10.581716035719197
45.8,10.15051,10.638516910370623
45.8,10.35152,10.692819906044678
45.8,10.55253,10.74511481977212
45.8,10.75354,10.791723040958411
45.8,10.95455,10.838342044160406
45.8,11.15556,10.880403744124425
45.8,11.35657,10.92112661122398
45.8,11.55758,10.960560632227248
45.8,11.75859,10.99675657647241
45.8,11.9596,11.032962955622944
45.8,12.16061,11.066361023694286
45.8,12.36162,11.09904974875808
45.8,12.56263,11.130879175775807
45.8,12.76364,11.160809710148575
45.8,12.96465,11.190740500047449
45.8,13.16566,11.218872263653807
45.8,13.36667,11.246614390014566
45.8,13.56768,11.273756959280202
45.8,13.76869,11.299730178349915
45.8,13.9697,11.32570356258884
45.8,14.17071,11.350437600835107
45.8,14.37172,11.374941863546807
45.8,14.57273,11.399006417943008
45.8,14.77374,11.422281369983956
45.8,14.97475,11.44556643493622
45.8,15.17576,11.467921886149142
45.8,15.37677,11.490147475313192
45.8,15.57778,11.512013267681
45.8,15.77879,11.533329316362993
45.8,15.9798,11.554645449411112
45.8,16.18081,11.575221884797337
45.8,16.38182,11.595718418261487
45.8,16.58283,11.615915099563477
45.8,16.78384,11.635671955208561
45.8,16.98485,11.65542887534305
45.8,17.18586,11.67456597792836
45.8,17.38687,11.693653148879942
45.8,17.58788,11.712480431730274
45.8,17.78889,11.73095783807643
45.8,17.9899,11.749435297161376
45.8,18.19091,11.767372920004629
45.8,18.39192,11.785280596347715
45.8,18.59293,11.8029383563232
45.8,18.79394,11.820306203372073
45.8,18.99495,11.837674094016837
45.8,19.19596,11.85455207944233
45.8,19.39697,11.871430107219568
45.8,19.59798,11.886908337552121
45.8,19.79899,11.900916769047226
45.8,20.0,11.914925228218019
46.099999999999994,0.1,2.0751192095775792
46.099999999999994,0.3010101,2.841300848043388
46.099999999999994,0.5020202,3.1820964373405882
46.099999999999994,0.7030303,3.4150558945443
46.099999999999994,0.9040404,3.618601167221182
46.099999999999994,1.105051,3.783583609895647
46.099999999999994,1.306061,3.9706838916252374
46.099999999999994,1.507071,4.162447336938578
46.099999999999994,1.708081,4.3383514049574
46.099999999999994,1.909091,4.509132032623342
46.099999999999994,2.110101,4.680054260504148
46.099999999999994,2.311111,4.850375314589505
46.099999999999994,2.512121,5.020343723363971
46.099999999999994,2.713131,5.193058993684468
46.099999999999994,2.914141,5.3661751002855445
46.099999999999994,3.115152,5.540131137457044
46.099999999999994,3.316162,5.714132948460078
46.099999999999994,3.517172,5.888322657060319
46.099999999999994,3.718182,6.067501599307957
46.099999999999994,3.919192,6.2471987033520735
46.099999999999994,4.120202,6.4302226584062465
46.099999999999994,4.321212,6.6145424748195545
46.099999999999994,4.522222,6.798818247888354
46.099999999999994,4.723232,6.986435049728358
46.099999999999994,4.924242,7.174980311429353
46.099999999999994,5.125253,7.365203749429957
46.099999999999994,5.326263,7.554967476840799
46.099999999999994,5.527273,7.743746854693248
46.099999999999994,5.728283,7.930481070669592
46.099999999999994,5.929293,8.118512510248896
46.099999999999994,6.130303,8.302374258017206
46.099999999999994,6.331313,8.48224004698288
46.099999999999994,6.532323,8.65929687069949
46.099999999999994,6.733333,8.82541317521568
46.099999999999994,6.934343,8.992843694638662
46.099999999999994,7.135354,9.149139934156727
46.099999999999994,7.336364,9.298620195471933
46.099999999999994,7.537374,9.443969773463042
46.099999999999994,7.738384,9.573498578146198
46.099999999999994,7.939394,9.703865695722172
46.099999999999994,8.140404,9.82065379322667
46.099999999999994,8.341414,9.930873596882922
46.099999999999994,8.542424,10.037061725479292
46.099999999999994,8.743434,10.12902782097138
46.099999999999994,8.944444,10.221355953696731
46.099999999999994,9.145455,10.302549716003755
46.099999999999994,9.346465,10.379237077585675
46.099999999999994,9.547475,10.45290752670966
46.099999999999994,9.748485,10.517043019858269
46.099999999999994,9.949495,10.581259789253854
46.099999999999994,10.15051,10.638050892432753
46.099999999999994,10.35152,10.692344314763611
46.099999999999994,10.55253,10.744639692907231
46.099999999999994,10.75354,10.791258330440286
46.099999999999994,10.95455,10.83787754927533
46.099999999999994,11.15556,10.879929391784977
46.099999999999994,11.35657,10.920682484026822
46.099999999999994,11.55758,10.960136740027462
46.099999999999994,11.75859,10.99638289082013
46.099999999999994,11.9596,11.032589398178265
46.099999999999994,12.16061,11.065987563822096
46.099999999999994,12.36162,11.098716503686726
46.099999999999994,12.56263,11.130586164543452
46.099999999999994,12.76364,11.160536919793131
46.099999999999994,12.96465,11.190467807560298
46.099999999999994,13.16566,11.218589636822818
46.099999999999994,13.36667,11.24634188887261
46.099999999999994,13.56768,11.273504589909804
46.099999999999994,13.76869,11.299497931722883
46.099999999999994,13.9697,11.325471379032756
46.099999999999994,14.17071,11.350205465528635
46.099999999999994,14.37172,11.374729869359484
46.099999999999994,14.57273,11.398804575235873
46.099999999999994,14.77374,11.42207967217729
46.099999999999994,14.97475,11.445354787412828
46.099999999999994,15.17576,11.467710272768011
46.099999999999994,15.37677,11.489925945360579
46.099999999999994,15.57778,11.511791823922268
46.099999999999994,15.77879,11.533107954017368
46.099999999999994,15.9798,11.55442412051887
46.099999999999994,16.18081,11.57500058216007
46.099999999999994,16.38182,11.595497217362995
46.099999999999994,16.58283,11.615694004597326
46.099999999999994,16.78384,11.635440962125118
46.099999999999994,16.98485,11.655197908254085
46.099999999999994,17.18586,11.674335029568418
46.099999999999994,17.38687,11.693412259610529
46.099999999999994,17.58788,11.712229601618185
46.099999999999994,17.78889,11.730697063917772
46.099999999999994,17.9899,11.749174540405225
46.099999999999994,18.19091,11.767112177729187
46.099999999999994,18.39192,11.785019927181562
46.099999999999994,18.59293,11.802667756264592
46.099999999999994,18.79394,11.820015665084549
46.099999999999994,18.99495,11.837383567781982
46.099999999999994,19.19596,11.854261563494964
46.099999999999994,19.39697,11.871119610037288
46.099999999999994,19.59798,11.88775770689195
46.099999999999994,19.79899,11.9041658535208
46.099999999999994,20.0,11.918184327307582
46.400000000000006,0.1,2.091541717250747
46.400000000000006,0.3010101,2.8655542483540484
46.400000000000006,0.5020202,3.207957821278809
46.400000000000006,0.7030303,3.442081589399603
46.400000000000006,0.9040404,3.6484280696761795
46.400000000000006,1.105051,3.8236100693092485
46.400000000000006,1.306061,4.001563402387313
46.400000000000006,1.507071,4.192327916629209
46.400000000000006,1.708081,4.364663573825849
46.400000000000006,1.909091,4.535286559620833
46.400000000000006,2.110101,4.705259996893197
46.400000000000006,2.311111,4.875149864785115
46.400000000000006,2.512121,5.045117523165735
46.400000000000006,2.713131,5.217832966823552
46.400000000000006,2.914141,5.390621400660332
46.400000000000006,3.115152,5.563380724428062
46.400000000000006,3.316162,5.73710256586146
46.400000000000006,3.517172,5.911293009786253
46.400000000000006,3.718182,6.090473118402411
46.400000000000006,3.919192,6.269573610406937
46.400000000000006,4.120202,6.450633749890117
46.400000000000006,4.321212,6.634493009939507
46.400000000000006,4.522222,6.818768963041294
46.400000000000006,4.723232,7.006387157021449
46.400000000000006,4.924242,7.193833265508973
46.400000000000006,5.125253,7.380960046833088
46.400000000000006,5.326263,7.570057481027564
46.400000000000006,5.527273,7.758837086566108
46.400000000000006,5.728283,7.945573649254634
46.400000000000006,5.929293,8.132031719969207
46.400000000000006,6.130303,8.312182179873721
46.400000000000006,6.331313,8.491333825984688
46.400000000000006,6.532323,8.668392651391116
46.400000000000006,6.733333,8.834510000188608
46.400000000000006,6.934343,9.000298282524014
46.400000000000006,7.135354,9.153416212889091
46.400000000000006,7.336364,9.302375667232273
46.400000000000006,7.537374,9.447725966202505
46.400000000000006,7.738384,9.577255469622349
46.400000000000006,7.939394,9.706558955985244
46.400000000000006,8.140404,9.821712158956734
46.400000000000006,8.341414,9.93170074911942
46.400000000000006,8.542424,10.037891356360058
46.400000000000006,8.743434,10.129857889061078
46.400000000000006,8.944444,10.221717145295736
46.400000000000006,9.145455,10.302302003796596
46.400000000000006,9.346465,10.37891977999575
46.400000000000006,9.547475,10.45260052829885
46.400000000000006,9.748485,10.51672628886772
46.400000000000006,9.949495,10.580843503259434
46.400000000000006,10.15051,10.637585271309334
46.400000000000006,10.35152,10.691878964475283
46.400000000000006,10.55253,10.744164534317283
46.400000000000006,10.75354,10.79078334274343
46.400000000000006,10.95455,10.83740299942364
46.400000000000006,11.15556,10.879495211146368
46.400000000000006,11.35657,10.920248460116698
46.400000000000006,11.55758,10.959702841088907
46.400000000000006,11.75859,10.995949104827488
46.400000000000006,11.9596,11.032205802713305
46.400000000000006,12.16061,11.065684310344222
46.400000000000006,12.36162,11.098413368013489
46.400000000000006,12.56263,11.130283112933093
46.400000000000006,12.76364,11.160233945081707
46.400000000000006,12.96465,11.190185086719795
46.400000000000006,13.16566,11.218327118436012
46.400000000000006,13.36667,11.246089444267863
46.400000000000006,13.56768,11.273242204177297
46.400000000000006,13.76869,11.299235600728348
46.400000000000006,13.9697,11.325239167963668
46.400000000000006,14.17071,11.350003485759814
46.400000000000006,14.37172,11.374527949009035
46.400000000000006,14.57273,11.398602696506366
46.400000000000006,14.77374,11.421877832750711
46.400000000000006,14.97475,11.445143129099044
46.400000000000006,15.17576,11.46748874292477
46.400000000000006,15.37677,11.489704454062318
46.400000000000006,15.57778,11.511570363362637
46.400000000000006,15.77879,11.532886522901796
46.400000000000006,15.9798,11.554202773597575
46.400000000000006,16.18081,11.574799401925134
46.400000000000006,16.38182,11.595296068270896
46.400000000000006,16.58283,11.615482877916966
46.400000000000006,16.78384,11.635229857007666
46.400000000000006,16.98485,11.654966942505087
46.400000000000006,17.18586,11.674084150485491
46.400000000000006,17.38687,11.693161400671082
46.400000000000006,17.58788,11.711978759316354
46.400000000000006,17.78889,11.730446237781715
46.400000000000006,17.9899,11.748923778706915
46.400000000000006,18.19091,11.766861540572386
46.400000000000006,18.39192,11.78475930497318
46.400000000000006,18.59293,11.802407145859702
46.400000000000006,18.79394,11.819755066276752
46.400000000000006,18.99495,11.837093069546379
46.400000000000006,19.19596,11.853941096296115
46.400000000000006,19.39697,11.870789152310474
46.400000000000006,19.59798,11.887427258338198
46.400000000000006,19.79899,11.903835414064453
46.400000000000006,20.0,11.91903372024608
46.7,0.1,2.1076690952865658
46.7,0.3010101,2.889402475137142
46.7,0.5020202,3.2339541146696607
46.7,0.7030303,3.468480101448149
46.7,0.9040404,3.6751443764110903
46.7,1.105051,3.8540931152157274
46.7,1.306061,4.040786810602625
46.7,1.507071,4.218274086841085
46.7,1.708081,4.390493189747344
46.7,1.909091,4.560691871116522
46.7,2.110101,4.7305947118787355
46.7,2.311111,4.899954346123934
46.7,2.512121,5.069584926649833
46.7,2.713131,5.242022375470746
46.7,2.914141,5.41427069273836
46.7,3.115152,5.586980567618145
46.7,3.316162,5.760034797014476
46.7,3.517172,5.933948206983466
46.7,3.718182,6.112618691338568
46.7,3.919192,6.290935556409578
46.7,4.120202,6.471882921077066
46.7,4.321212,6.654599983986936
46.7,4.522222,6.838430307138754
46.7,4.723232,7.025155308112066
46.7,4.924242,7.2113192693237185
46.7,5.125253,7.398228531183845
46.7,5.326263,7.5855906825630335
46.7,5.527273,7.773735001139939
46.7,5.728283,7.959237140472419
46.7,5.929293,8.144043018078726
46.7,6.130303,8.323895142591603
46.7,6.331313,8.501061207555232
46.7,6.532323,8.677441092639375
46.7,6.733333,8.842269142521184
46.7,6.934343,9.006445341800285
46.7,7.135354,9.159277185407705
46.7,7.336364,9.306608217463292
46.7,7.537374,9.451442444161648
46.7,7.738384,9.580165816919788
46.7,7.939394,9.708528158853301
46.7,8.140404,9.82352911034028
46.7,8.341414,9.932765127846627
46.7,8.542424,10.03873145234972
46.7,8.743434,10.13033901413112
46.7,8.944444,10.221799286526265
46.7,9.145455,10.302324492867568
46.7,9.346465,10.37867267702683
46.7,9.547475,10.452273741838992
46.7,9.748485,10.516329794767204
46.7,9.949495,10.580367296117071
46.7,10.15051,10.637119368100812
46.7,10.35152,10.691413574635998
46.7,10.55253,10.743699408140564
46.7,10.75354,10.790318635192513
46.7,10.95455,10.836928680743958
46.7,11.15556,10.879021036747346
46.7,11.35657,10.919794443746314
46.7,11.55758,10.959258955725673
46.7,11.75859,10.995545348735867
46.7,11.9596,11.031832172664824
46.7,12.16061,11.065330838836436
46.7,12.36162,11.098120183452684
46.7,12.56263,11.13000004995555
46.7,12.76364,11.159951120292467
46.7,12.96465,11.189912464688256
46.7,13.16566,11.218064570565657
46.7,13.36667,11.245816990706965
46.7,13.56768,11.27297981502526
46.7,13.76869,11.298993289401425
46.7,13.9697,11.325016928180831
46.7,14.17071,11.349791346376097
46.7,14.37172,11.374346000664582
46.7,14.57273,11.398420810546872
46.7,14.77374,11.421686108733669
46.7,14.97475,11.444941528632027
46.7,15.17576,11.467277185950678
46.7,15.37677,11.489482957001876
46.7,15.57778,11.511348900441979
46.7,15.77879,11.532675110531818
46.7,15.9798,11.554001404134151
46.7,16.18081,11.574588104151006
46.7,16.38182,11.595104906333962
46.7,16.58283,11.615291748571627
46.7,16.78384,11.635028848633901
46.7,16.98485,11.654756015121805
46.7,17.18586,11.673863252242263
46.7,17.38687,11.6929205461352
46.7,17.58788,11.711727923167652
46.7,17.78889,11.730205442158224
46.7,17.9899,11.748683012732215
46.7,18.19091,11.766620831638573
46.7,18.39192,11.78451870267567
46.7,18.59293,11.802166558767345
46.7,18.79394,11.819494575956075
46.7,18.99495,11.836812634536575
46.7,19.19596,11.853640678617694
46.7,19.39697,11.870458761175673
46.7,19.59798,11.887096875323474
46.7,19.79899,11.901085264228623
46.7,20.0,11.915043685488897
47.0,0.1,2.123825371622976
47.0,0.3010101,2.912724666287797
47.0,0.5020202,3.2598817514106493
47.0,0.7030303,3.494720192578441
47.0,0.9040404,3.6987986101904906
47.0,1.105051,3.8635170633159452
47.0,1.306061,4.049890303164283
47.0,1.507071,4.240808175406887
47.0,1.708081,4.416692675672015
47.0,1.909091,4.587032480159545
47.0,2.110101,4.756933476299463
47.0,2.311111,4.926292090998563
47.0,2.512121,5.094316298512137
47.0,2.713131,5.265852479491508
47.0,2.914141,5.438099892204427
47.0,3.115152,5.610810234974986
47.0,3.316162,5.783805265564464
47.0,3.517172,5.95655774774598
47.0,3.718182,6.134097746548666
47.0,3.919192,6.312415581848562
47.0,4.120202,6.493364093266661
47.0,4.321212,6.675956440473297
47.0,4.522222,6.8578377641707124
47.0,4.723232,7.0427387552033585
47.0,4.924242,7.228903925404554
47.0,5.125253,7.41581448914874
47.0,5.326263,7.602954153554636
47.0,5.527273,7.7882352699590385
47.0,5.728283,7.9713897592316405
47.0,5.929293,8.156196733309677
47.0,6.130303,8.336049994092125
47.0,6.331313,8.512928962687614
47.0,6.532323,8.686092542469861
47.0,6.733333,8.84836539041026
47.0,6.934343,9.012542226449344
47.0,7.135354,9.165374714500654
47.0,7.336364,9.31241433604182
47.0,7.537374,9.45466527786842
47.0,7.738384,9.581972694583719
47.0,7.939394,9.710335624664106
47.0,8.140404,9.825337124922632
47.0,8.341414,9.934474894927837
47.0,8.542424,10.039422409398286
47.0,8.743434,10.130301493008027
47.0,8.944444,10.221762087790161
47.0,9.145455,10.30228759055252
47.0,9.346465,10.378585996993928
47.0,9.547475,10.451837095442315
47.0,9.748485,10.515763112298345
47.0,9.949495,10.57980087880041
47.0,10.15051,10.63654318596159
47.0,10.35152,10.690877737727906
47.0,10.55253,10.74325448109677
47.0,10.75354,10.789794302505046
47.0,10.95455,10.836414494509217
47.0,11.15556,10.878506983826114
47.0,11.35657,10.919290491265148
47.0,11.55758,10.958815034206898
47.0,11.75859,10.99514144475386
47.0,11.9596,11.031428385932765
47.0,12.16061,11.06492715568902
47.0,12.36162,11.097756693941342
47.0,12.56263,11.129737110843836
47.0,12.76364,11.159668496016659
47.0,12.96465,11.189629907404159
47.0,13.16566,11.217772075877559
47.0,13.36667,11.24553454362284
47.0,13.56768,11.2727274051726
47.0,13.76869,11.298770900881191
47.0,13.9697,11.324784596186873
47.0,14.17071,11.349559065074583
47.0,14.37172,11.374133846497692
47.0,14.57273,11.398249038075166
47.0,14.77374,11.42148452457411
47.0,14.97475,11.444739977661945
47.0,15.17576,11.467075667017905
47.0,15.37677,11.489271460085835
47.0,15.57778,11.51112742862169
47.0,15.77879,11.532473650529552
47.0,15.9798,11.553789974332084
47.0,16.18081,11.574386701663308
47.0,16.38182,11.59491359634618
47.0,16.58283,11.615110721934489
47.0,16.78384,11.634807942380286
47.0,16.98485,11.654535126066937
47.0,17.18586,11.67364238026066
47.0,17.38687,11.692689686261255
47.0,17.58788,11.711487093881969
47.0,17.78889,11.729974625070728
47.0,17.9899,11.748452211605926
47.0,18.19091,11.766390045115875
47.0,18.39192,11.78430799410003
47.0,18.59293,11.801926093436226
47.0,18.79394,11.819224200952444
47.0,18.99495,11.836542266522178
47.0,19.19596,11.853370317749826
47.0,19.39697,11.870148432470202
47.0,19.59798,11.886676475298792
47.0,19.79899,11.901814643480362
47.0,20.0,11.915783076046813
47.3,0.1,2.1396435584188103
47.3,0.3010101,2.935273924977285
47.3,0.5020202,3.284888098936215
47.3,0.7030303,3.5204612744008483
47.3,0.9040404,3.7275195802335435
47.3,1.105051,3.9154002553368312
47.3,1.306061,4.092723593569778
47.3,1.507071,4.270064608708659
47.3,1.708081,4.4425540381215285
47.3,1.909091,4.613434230167019
47.3,2.110101,4.783252515098111
47.3,2.311111,4.951158507987077
47.3,2.512121,5.119068087242373
47.3,2.713131,5.290602320969504
47.3,2.914141,5.462268239419002
47.3,3.115152,5.634303002235551
47.3,3.316162,5.806612707217724
47.3,3.517172,5.979364800736284
47.3,3.718182,6.1568298772784935
47.3,3.919192,6.334297947384823
47.3,4.120202,6.514190003691014
47.3,4.321212,6.695713987926331
47.3,4.522222,6.8775954156081385
47.3,4.723232,7.062333772648749
47.3,4.924242,7.247074569272385
47.3,5.125253,7.43238449777346
47.3,5.326263,7.6180406747407465
47.3,5.527273,7.803322956583527
47.3,5.728283,7.986208100691801
47.3,5.929293,8.169096912305001
47.3,6.130303,8.347078524411812
47.3,6.331313,8.522399633906842
47.3,6.532323,8.69556398243836
47.3,6.733333,8.857459258482118
47.3,6.934343,9.019358398849187
47.3,7.135354,9.170360450238206
47.3,7.336364,9.3160794441432
47.3,7.537374,9.458331951310909
47.3,7.738384,9.585390775428003
47.3,7.939394,9.712454490547607
47.3,8.140404,9.826731106621766
47.3,8.341414,9.935489228283625
47.3,8.542424,10.040443163131233
47.3,8.743434,10.13115287689021
47.3,8.944444,10.221874932949705
47.3,9.145455,10.302040815422808
47.3,9.346465,10.378189293291292
47.3,9.547475,10.451450670974722
47.3,9.748485,10.515336844106757
47.3,9.949495,10.579214480354805
47.3,10.15051,10.63603729748982
47.3,10.35152,10.690482413870832
47.3,10.55253,10.742859345750595
47.3,10.75354,10.789369463015536
47.3,10.95455,10.835890283585174
47.3,11.15556,10.877982929628491
47.3,11.35657,10.918796495070554
47.3,11.55758,10.958321165427261
47.3,11.75859,10.99465764962592
47.3,11.9596,11.031004567311985
47.3,12.16061,11.064603664929672
47.3,12.36162,11.097513508589392
47.3,12.56263,11.129494008615495
47.3,12.76364,11.1594155642805
47.3,12.96465,11.189337340731042
47.3,13.16566,11.21747958776464
47.3,13.36667,11.245242090143266
47.3,13.56768,11.272425012178003
47.3,13.76869,11.298488543964375
47.3,13.9697,11.324542238238049
47.3,14.17071,11.349376937584223
47.3,14.37172,11.374001903675822
47.3,14.57273,11.39810713555127
47.3,14.77374,11.421322736753215
47.3,14.97475,11.444548430914784
47.3,15.17576,11.466854154859568
47.3,15.37677,11.489029964170301
47.3,15.57778,11.510885964144201
47.3,15.77879,11.532242203026652
47.3,15.9798,11.55358852407659
47.3,16.18081,11.574225422504357
47.3,16.38182,11.59477243628043
47.3,16.58283,11.614969583011753
47.3,16.78384,11.634646889462143
47.3,16.98485,11.654334246808906
47.3,17.18586,11.673411518815133
47.3,17.38687,11.692428835521111
47.3,17.58788,11.711226259802947
47.3,17.78889,11.729723802926376
47.3,17.9899,11.748221396303402
47.3,18.19091,11.766189377845798
47.3,18.39192,11.784117413881251
47.3,18.59293,11.801745523187867
47.3,18.79394,11.819013709537995
47.3,18.99495,11.836281928648853
47.3,19.19596,11.853030041475039
47.3,19.39697,11.869768188371571
47.3,19.59798,11.886296236316358
47.3,19.79899,11.902584187198801
47.3,20.0,11.918882187242096
47.599999999999994,0.1,2.155019704323736
47.599999999999994,0.3010101,2.9573003131959656
47.599999999999994,0.5020202,3.309443141386387
47.599999999999994,0.7030303,3.5456843782056033
47.599999999999994,0.9040404,3.75036510539294
47.599999999999994,1.105051,3.918976109855364
47.599999999999994,1.306061,4.1178817566539925
47.599999999999994,1.507071,4.294348978977862
47.599999999999994,1.708081,4.466617054570758
47.599999999999994,1.909091,4.636206706923618
47.599999999999994,2.110101,4.805118656769734
47.599999999999994,2.311111,4.973404473424428
47.599999999999994,2.512121,5.141343874705702
47.599999999999994,2.713131,5.312871978815701
47.599999999999994,2.914141,5.483999507146874
47.599999999999994,3.115152,5.655512799437863
47.599999999999994,3.316162,5.827354218301155
47.599999999999994,3.517172,6.000106861565968
47.599999999999994,3.718182,6.1774941253179
47.599999999999994,3.919192,6.354086186695811
47.599999999999994,4.120202,6.5330273573881135
47.599999999999994,4.321212,6.713653787488767
47.599999999999994,4.522222,6.895536239627731
47.599999999999994,4.723232,7.080122910984813
47.599999999999994,4.924242,7.263549548931183
47.599999999999994,5.125253,7.447404820231216
47.599999999999994,5.326263,7.63172236629004
47.599999999999994,5.527273,7.817005741242704
47.599999999999994,5.728283,7.999678652969254
47.599999999999994,5.929293,8.181047520341547
47.599999999999994,6.130303,8.357352911587894
47.599999999999994,6.331313,8.531187848596641
47.599999999999994,6.532323,8.704352598824022
47.599999999999994,6.733333,8.865948184961463
47.599999999999994,6.934343,9.026040809577836
47.599999999999994,7.135354,9.1751483870274
47.599999999999994,7.336364,9.31928094813322
47.599999999999994,7.537374,9.461533748202191
47.599999999999994,7.738384,9.588452037256666
47.599999999999994,7.939394,9.714773966745954
47.599999999999994,8.140404,9.828290575680741
47.599999999999994,8.341414,9.93643992950662
47.599999999999994,8.542424,10.041394269727526
47.599999999999994,8.743434,10.132014706857156
47.599999999999994,8.944444,10.222328673903949
47.599999999999994,9.145455,10.301994524027503
47.599999999999994,9.346465,10.37771254626123
47.599999999999994,9.547475,10.450964208256977
47.599999999999994,9.748485,10.514880392667239
47.599999999999994,9.949495,10.57887732183655
47.599999999999994,10.15051,10.635720652586533
47.599999999999994,10.35152,10.690176471714684
47.599999999999994,10.55253,10.742553615535384
47.599999999999994,10.75354,10.789054113263658
47.599999999999994,10.95455,10.83555581202094
47.599999999999994,11.15556,10.877538630115781
47.599999999999994,11.35657,10.918252222598753
47.599999999999994,11.55758,10.957777030152132
47.599999999999994,11.75859,10.99416356959771
47.599999999999994,11.9596,11.030670383636046
47.599999999999994,12.16061,11.06437988540009
47.599999999999994,12.36162,11.097360113170732
47.599999999999994,12.56263,11.129340702582546
47.599999999999994,12.76364,11.159252459692748
47.599999999999994,12.96465,11.189144684074952
47.599999999999994,13.16566,11.217207012011649
47.599999999999994,13.36667,11.244909540634845
47.599999999999994,13.56768,11.27209252584994
47.599999999999994,13.76869,11.29818608670082
47.599999999999994,13.9697,11.32434975455275
47.599999999999994,14.17071,11.349264719150085
47.599999999999994,14.37172,11.373939898861783
47.599999999999994,14.57273,11.398045172532942
47.599999999999994,14.77374,11.42124090007489
47.599999999999994,14.97475,11.444396864392278
47.599999999999994,15.17576,11.466622614811575
47.599999999999994,15.37677,11.488758432715084
47.599999999999994,15.57778,11.510614465136285
47.599999999999994,15.77879,11.531990715610856
47.599999999999994,15.9798,11.553417019209633
47.599999999999994,16.18081,11.574114102374802
47.599999999999994,16.38182,11.59470124515638
47.599999999999994,16.58283,11.614898413746388
47.599999999999994,16.78384,11.634555810599027
47.599999999999994,16.98485,11.654173351166753
47.599999999999994,17.18586,11.673170632059179
47.599999999999994,17.38687,11.69214795383085
47.599999999999994,17.58788,11.710945395480165
47.599999999999994,17.78889,11.729472945932772
47.599999999999994,17.9899,11.748040535175353
47.599999999999994,18.19091,11.766058677232307
47.599999999999994,18.39192,11.784026807809887
47.599999999999994,18.59293,11.801644927684354
47.599999999999994,18.79394,11.81888322617205
47.599999999999994,18.99495,11.836091668262874
47.599999999999994,19.19596,11.85273004207394
47.599999999999994,19.39697,11.869418319672192
47.599999999999994,19.59798,11.88593636485675
47.599999999999994,19.79899,11.901044438886053
47.599999999999994,20.0,11.914942683478342
47.900000000000006,0.1,2.1698838194314445
47.900000000000006,0.3010101,2.9792054543361868
47.900000000000006,0.5020202,3.3330934224404727
47.900000000000006,0.7030303,3.570539617546532
47.900000000000006,0.9040404,3.7780172238454988
47.900000000000006,1.105051,3.9526763118185535
47.900000000000006,1.306061,4.129124229864736
47.900000000000006,1.507071,4.314657848880727
47.900000000000006,1.708081,4.488911857449141
47.900000000000006,1.909091,4.6581623061580615
47.900000000000006,2.110101,4.827071689414459
47.900000000000006,2.311111,4.995354896028583
47.900000000000006,2.512121,5.163571163584675
47.900000000000006,2.713131,5.336741552445112
47.900000000000006,2.914141,5.507866269467064
47.900000000000006,3.115152,5.679377994181784
47.900000000000006,3.316162,5.85117892974277
47.900000000000006,3.517172,6.021404426621768
47.900000000000006,3.718182,6.199217914938584
47.900000000000006,3.919192,6.375811910906027
47.900000000000006,4.120202,6.55475323858165
47.900000000000006,4.321212,6.735274972576372
47.900000000000006,4.522222,6.913838841196919
47.900000000000006,4.723232,7.097897388831441
47.900000000000006,4.924242,7.281325280473392
47.900000000000006,5.125253,7.465181901413271
47.900000000000006,5.326263,7.649298999863316
47.900000000000006,5.527273,7.83095432906713
47.900000000000006,5.728283,8.012450420601672
47.900000000000006,5.929293,8.193820305600457
47.900000000000006,6.130303,8.37012769912775
47.900000000000006,6.331313,8.54368911169553
47.900000000000006,6.532323,8.713282511189691
47.900000000000006,6.733333,8.871867513751805
47.900000000000006,6.934343,9.031960463897846
47.900000000000006,7.135354,9.18106840702215
47.900000000000006,7.336364,9.324850763233412
47.900000000000006,7.537374,9.463930886459098
47.900000000000006,7.738384,9.589580433235133
47.900000000000006,7.939394,9.715903961173963
47.900000000000006,8.140404,9.829421100297244
47.900000000000006,8.341414,9.937412147735238
47.900000000000006,8.542424,10.042245447096692
47.900000000000006,8.743434,10.131627326476227
47.900000000000006,8.944444,10.22194159735388
47.900000000000006,9.145455,10.301597744724306
47.900000000000006,9.346465,10.377185842888755
47.900000000000006,9.547475,10.450167349986659
47.900000000000006,9.748485,10.513913153089222
47.900000000000006,9.949495,10.577920386056327
47.900000000000006,10.15051,10.6347639709945
47.900000000000006,10.35152,10.689210186458636
47.900000000000006,10.55253,10.742198315267286
47.900000000000006,10.75354,10.788379468602662
47.900000000000006,10.95455,10.834871318974288
47.900000000000006,11.15556,10.8768642822744
47.900000000000006,11.35657,10.917537973824874
47.900000000000006,11.55758,10.957152957169988
47.900000000000006,11.75859,10.993619501477989
47.900000000000006,11.9596,11.030116444303523
47.900000000000006,12.16061,11.063826051567418
47.900000000000006,12.36162,11.096836503773543
47.900000000000006,12.56263,11.12914765007881
47.900000000000006,12.76364,11.158919703367145
47.900000000000006,12.96465,11.188801994456815
47.900000000000006,13.16566,11.21686438915926
47.900000000000006,13.36667,11.244546965341335
47.900000000000006,13.56768,11.271740114079055
47.900000000000006,13.76869,11.297903687877664
47.900000000000006,13.9697,11.324067415143396
47.900000000000006,14.17071,11.348982428152032
47.900000000000006,14.37172,11.373687746768868
47.900000000000006,14.57273,11.397933350773105
47.900000000000006,14.77374,11.421029242469043
47.900000000000006,14.97475,11.444185238952684
47.900000000000006,15.17576,11.466411023645524
47.900000000000006,15.37677,11.488506861117404
47.900000000000006,15.57778,11.510333011322043
47.900000000000006,15.77879,11.53176926605529
47.900000000000006,15.9798,11.5531956008998
47.900000000000006,16.18081,11.573892709283937
47.900000000000006,16.38182,11.594509948384838
47.900000000000006,16.58283,11.614757323258393
47.900000000000006,16.78384,11.634344825901236
47.900000000000006,16.98485,11.653962383396467
47.900000000000006,17.18586,11.672959683167626
47.900000000000006,17.38687,11.691907014517462
47.900000000000006,17.58788,11.710684536007388
47.900000000000006,17.78889,11.729252091414248
47.900000000000006,17.9899,11.74781969787711
47.900000000000006,18.19091,11.765837853521415
47.900000000000006,18.39192,11.783826066948551
47.900000000000006,18.59293,11.801484420198944
47.900000000000006,18.79394,11.818672842821993
47.900000000000006,18.99495,11.835881290838648
47.900000000000006,19.19596,11.852529670853878
47.900000000000006,19.39697,11.869158076813216
47.900000000000006,19.59798,11.88573629235589
47.900000000000006,19.79899,11.899654493430049
47.900000000000006,20.0,11.913542736809935
48.2,0.1,2.1839259798956774
48.2,0.3010101,3.000596789392358
48.2,0.5020202,3.3566280075388932
48.2,0.7030303,3.594460739226015
48.2,0.9040404,3.802072445709101
48.2,1.105051,3.9764570968993342
48.2,1.306061,4.15184428790996
48.2,1.507071,4.337063187260805
48.2,1.708081,4.511313788445055
48.2,1.909091,4.68056248502126
48.2,2.110101,4.849467458701722
48.2,2.311111,5.017602946258441
48.2,2.512121,5.185726813273207
48.2,2.713131,5.361074783153781
48.2,2.914141,5.536456156034598
48.2,3.115152,5.707629510724403
48.2,3.316162,5.874927913410178
48.2,3.517172,6.043276722688454
48.2,3.718182,6.2228347644407656
48.2,3.919192,6.40211286587743
48.2,4.120202,6.580558086221496
48.2,4.321212,6.756132411859815
48.2,4.522222,6.932756792393393
48.2,4.723232,7.117822434380176
48.2,4.924242,7.3026929087826264
48.2,5.125253,7.486011567775533
48.2,5.326263,7.665828766465027
48.2,5.527273,7.845907074105462
48.2,5.728283,8.02763360397106
48.2,5.929293,8.209310593117047
48.2,6.130303,8.385290406738571
48.2,6.331313,8.556670869021543
48.2,6.532323,8.725518549018446
48.2,6.733333,8.88114427506754
48.2,6.934343,9.037536387087933
48.2,7.135354,9.186270248370624
48.2,7.336364,9.327924111136944
48.2,7.537374,9.46633050492486
48.2,7.738384,9.590504029525478
48.2,7.939394,9.715102406457873
48.2,8.140404,9.82912533268545
48.2,8.341414,9.939631027756366
48.2,8.542424,10.045196088422522
48.2,8.743434,10.132267871256019
48.2,8.944444,10.220062022667415
48.2,9.145455,10.299878762073611
48.2,9.346465,10.376178058362356
48.2,9.547475,10.44935010673602
48.2,9.748485,10.512386502380103
48.2,9.949495,10.5756643038747
48.2,10.15051,10.632998204748588
48.2,10.35152,10.689364985285383
48.2,10.55253,10.742813381705462
48.2,10.75354,10.787984555627258
48.2,10.95455,10.833516438334977
48.2,11.15556,10.875609647917306
48.2,11.35657,10.916673798837657
48.2,11.55758,10.956368981876787
48.2,11.75859,10.992685824316247
48.2,11.9596,11.029063034918213
48.2,12.16061,11.063052816746472
48.2,12.36162,11.096993621211587
48.2,12.56263,11.129474891137379
48.2,12.76364,11.158736856305298
48.2,12.96465,11.18819909083848
48.2,13.16566,11.216281653623247
48.2,13.36667,11.243994585030366
48.2,13.56768,11.271197838845657
48.2,13.76869,11.297391532085024
48.2,13.9697,11.32357536161118
48.2,14.17071,11.348670486717818
48.2,14.37172,11.373876038158153
48.2,14.57273,11.398191702912936
48.2,14.77374,11.420947493290287
48.2,14.97475,11.443843429107146
48.2,15.17576,11.466049341144421
48.2,15.37677,11.48807544648461
48.2,15.57778,11.509891652603589
48.2,15.77879,11.531397966587969
48.2,15.9798,11.55286434987
48.2,16.18081,11.573711530549705
48.2,16.38182,11.594678912658235
48.2,16.58283,11.614956316446774
48.2,16.78384,11.634253731951235
48.2,16.98485,11.653691243545003
48.2,17.18586,11.672648639582812
48.2,17.38687,11.69149616143748
48.2,17.58788,11.710263710413491
48.2,17.78889,11.728921281284943
48.2,17.9899,11.747528903664884
48.2,18.19091,11.76568710727044
48.2,18.39192,11.783965409124837
48.2,18.59293,11.801633775631586
48.2,18.79394,11.818582210715377
48.2,18.99495,11.835640669981771
48.2,19.19596,11.852259199905502
48.2,19.39697,11.868807901926946
48.2,19.59798,11.885386125102299
48.2,19.79899,11.901993873847386
48.2,20.0,11.917251904636545
11.3,0.1,0.3811415826767288
11.3,0.3010101,0.792450339788136
11.3,0.5020202,0.8767925952960207
11.3,0.7030303,0.6471423124012079
11.3,1.306061,1.1499500980009132
11.3,1.507071,1.8170998931413687
11.3,1.708081,1.7393990204288103
11.3,1.909091,1.6229727226272663
11.3,2.110101,1.5050781291685182
11.3,2.311111,1.4000809111544528
11.3,2.512121,1.3100238391714398
11.3,2.713131,1.2376171064008157
11.3,2.914141,1.1842209224165643
11.3,3.115152,1.153044537858457
11.3,3.316162,1.1530552579309954
11.3,3.517172,1.1866766744408137
11.3,3.718182,1.2574313586822516
11.3,3.919192,1.3537228817811198
11.3,4.120202,1.4634354926154405
11.3,4.321212,1.58278293381357
11.3,4.522222,1.7133236881412874
11.3,4.723232,1.863254463424911
11.3,4.924242,2.0429348637265807
11.3,5.125253,2.261283880020056
11.3,5.326263,2.5508277539551494
11.3,5.527273,2.8990391177241417
11.3,5.728283,3.347137908209597
11.3,5.929293,3.915054621100557
11.3,6.130303,4.575228213015655
11.3,6.331313,5.303781318685847
11.3,6.532323,6.070412607463723
11.3,6.733333,6.834723202686164
11.3,6.934343,7.540821394735294
11.3,7.135354,8.165579002052516
11.3,7.336364,8.696219029509848
11.3,7.537374,9.128958823778705
11.3,7.738384,9.465537842840353
11.3,7.939394,9.718815015179695
11.3,8.140404,9.924005555163427
11.3,8.341414,10.091515690206341
11.3,8.542424,10.229974839864683
11.3,8.743434,10.345542752936074
11.3,8.944444,10.44136821379048
11.3,9.145455,10.525887137811852
11.3,9.346465,10.601147752321195
11.3,9.547475,10.668848539162923
11.3,9.748485,10.73029822099078
11.3,9.949495,10.785516200947947
11.3,10.15051,10.835521556485954
11.3,10.35152,10.883781595377313
11.3,10.55253,10.930246210453827
11.3,10.75354,10.971576774141392
11.3,10.95455,11.012910065592745
11.3,11.15556,11.050487968233124
11.3,11.35657,11.08695861879868
11.3,11.55758,11.122361898954406
11.3,11.75859,11.155078287365589
11.3,11.9596,11.187806306722605
11.3,12.16061,11.218106871576612
11.3,12.36162,11.247808947999232
11.3,12.56263,11.276742503879634
11.3,12.76364,11.303957633956037
11.3,12.96465,11.331183680765148
11.3,13.16566,11.35670093913788
11.3,13.36667,11.381858949151452
11.3,13.56768,11.406447668862473
11.3,13.76869,11.429897017620206
11.3,13.9697,11.453346837207315
11.3,14.17071,11.475597046311481
11.3,14.37172,11.497627580116458
11.3,14.57273,11.519228373098725
11.3,14.77374,11.540069304193525
11.3,14.97475,11.560920458775831
11.3,15.17576,11.580891595220937
11.3,15.37677,11.60073285189562
11.3,15.57778,11.620254146381109
11.3,15.77879,11.639245378237815
11.3,15.9798,11.658236708762704
11.3,16.18081,11.67656786531038
11.3,16.38182,11.694829056791022
11.3,16.58283,11.712820194860221
11.3,16.78384,11.730431213096388
11.3,16.98485,11.748042270997876
11.3,17.18586,11.76511312113614
11.3,17.38687,11.782143975641544
11.3,17.58788,11.798944749241802
11.3,17.78889,11.815455404542753
11.3,17.9899,11.831966073562402
11.3,18.19091,11.848026551273275
11.3,18.39192,11.864067025663076
11.3,18.59293,11.879897419838082
11.3,18.79394,11.895497716757065
11.3,18.99495,11.911098017309955
11.3,19.19596,11.9262981602344
11.3,19.39697,11.941498300710279
11.3,19.59798,11.956498382255942
11.3,19.79899,11.971308401189079
11.3,20.0,11.986118421127195
11.600000000000001,0.1,0.6325874112621255
11.600000000000001,0.3010101,1.0517434578224354
11.600000000000001,0.5020202,1.1193087064936165
11.600000000000001,0.7030303,0.6825186784527444
11.600000000000001,1.306061,1.3427073560181972
11.600000000000001,1.507071,1.7734985420844374
11.600000000000001,1.708081,1.6996052048592052
11.600000000000001,1.909091,1.5898019359009083
11.600000000000001,2.110101,1.4776876510120893
11.600000000000001,2.311111,1.3771439792904945
11.600000000000001,2.512121,1.2914352869964436
11.600000000000001,2.713131,1.223623348672816
11.600000000000001,2.914141,1.174419717839819
11.600000000000001,3.115152,1.1454626887064836
11.600000000000001,3.316162,1.1443174541905163
11.600000000000001,3.517172,1.1734326527371182
11.600000000000001,3.718182,1.2375789510062372
11.600000000000001,3.919192,1.3271866383725328
11.600000000000001,4.120202,1.4325716217937314
11.600000000000001,4.321212,1.5509766537450185
11.600000000000001,4.522222,1.6828010290941187
11.600000000000001,4.723232,1.8357874063061996
11.600000000000001,4.924242,2.0212244235843912
11.600000000000001,5.125253,2.2490643276004474
11.600000000000001,5.326263,2.5550636816173156
11.600000000000001,5.527273,2.916116299576751
11.600000000000001,5.728283,3.3786477633492837
11.600000000000001,5.929293,3.9587279645970987
11.600000000000001,6.130303,4.62314775941811
11.600000000000001,6.331313,5.349899108482726
11.600000000000001,6.532323,6.111736242109129
11.600000000000001,6.733333,6.866631527252999
11.600000000000001,6.934343,7.56008194030372
11.600000000000001,7.135354,8.175979475316494
11.600000000000001,7.336364,8.696347729839637
11.600000000000001,7.537374,9.124494248525446
11.600000000000001,7.738384,9.45843514773035
11.600000000000001,7.939394,9.710741186435051
11.600000000000001,8.140404,9.915820313435697
11.600000000000001,8.341414,10.083621212089236
11.600000000000001,8.542424,10.22239498377063
11.600000000000001,8.743434,10.33837792805416
11.600000000000001,8.944444,10.43458895269148
11.600000000000001,9.145455,10.5193739031586
11.600000000000001,9.346465,10.594970808756422
11.600000000000001,9.547475,10.662858239697334
11.600000000000001,9.748485,10.724504797524585
11.600000000000001,9.949495,10.774065659050846
11.600000000000001,10.15051,10.828033926923199
11.600000000000001,10.35152,10.878379592490951
11.600000000000001,10.55253,10.92498180042036
11.600000000000001,10.75354,10.966350121300678
11.600000000000001,10.95455,11.007851259882392
11.600000000000001,11.15556,11.045597155027725
11.600000000000001,11.35657,11.082205844093096
11.600000000000001,11.55758,11.117597215224489
11.600000000000001,11.75859,11.150381853505912
11.600000000000001,11.9596,11.18332812245064
11.600000000000001,12.16061,11.213877073563994
11.600000000000001,12.36162,11.243747621256425
11.600000000000001,12.56263,11.27267977282028
11.600000000000001,12.76364,11.299983610557598
11.600000000000001,12.96465,11.327468338855091
11.600000000000001,13.16566,11.353264442448639
11.600000000000001,13.36667,11.378611387629928
11.600000000000001,13.56768,11.403189148495908
11.600000000000001,13.76869,11.426737635167102
11.600000000000001,13.9697,11.450446606997586
11.600000000000001,14.17071,11.472946119980563
11.600000000000001,14.37172,11.495136006989288
11.600000000000001,14.57273,11.516736188425488
11.600000000000001,14.77374,11.537666603811772
11.600000000000001,14.97475,11.558737307617726
11.600000000000001,15.17576,11.57890810585877
11.600000000000001,15.37677,11.59887902302045
11.600000000000001,15.57778,11.618399948508749
11.600000000000001,15.77879,11.6374609099227
11.600000000000001,15.9798,11.65663206729783
11.600000000000001,16.18081,11.675123124170433
11.600000000000001,16.38182,11.693464175029689
11.600000000000001,16.58283,11.711455103075432
11.600000000000001,16.78384,11.729126011689365
11.600000000000001,16.98485,11.74686707003027
11.600000000000001,17.18586,11.764057964696843
11.600000000000001,17.38687,11.781158797512088
11.600000000000001,17.58788,11.797959461840758
11.600000000000001,17.78889,11.814520108088239
11.600000000000001,17.9899,11.831130877434749
11.600000000000001,18.19091,11.847281480364602
11.600000000000001,18.39192,11.863371999766636
11.600000000000001,18.59293,11.879202347145592
11.600000000000001,18.79394,11.894842695758893
11.600000000000001,18.99495,11.910523150244204
11.600000000000001,19.19596,11.925793464956874
11.600000000000001,19.39697,11.941023687932367
11.600000000000001,19.59798,11.956033759539185
11.600000000000001,19.79899,11.969793852605584
11.600000000000001,20.0,11.982494027610592
11.9,0.1,0.26397485135358617
11.9,0.3010101,0.6045704838571845
11.9,0.5020202,0.6970037256134353
11.9,0.7030303,0.45616199174417743
11.9,1.306061,1.3419941414417793
11.9,1.507071,1.7341796732265284
11.9,1.708081,1.6655230317972531
11.9,1.909091,1.561627869679402
11.9,2.110101,1.4548143587157438
11.9,2.311111,1.3582653457533345
11.9,2.512121,1.276528126740109
11.9,2.713131,1.212635468038687
11.9,2.914141,1.1663600315525007
11.9,3.115152,1.1389270632250585
11.9,3.316162,1.1365244350783508
11.9,3.517172,1.1612954262764306
11.9,3.718182,1.2183806253530847
11.9,3.919192,1.3018141800712137
11.9,4.120202,1.403153528356483
11.9,4.321212,1.5207161407821532
11.9,4.522222,1.6541843314559934
11.9,4.723232,1.8117425906746005
11.9,4.924242,2.0047520950286843
11.9,5.125253,2.243565865242404
11.9,5.326263,2.5429115007630787
11.9,5.527273,2.9424301075791544
11.9,5.728283,3.419073815830536
11.9,5.929293,4.00458972520638
11.9,6.130303,4.67327641734809
11.9,6.331313,5.399423350390358
11.9,6.532323,6.151389179809255
11.9,6.733333,6.896499889263207
11.9,6.934343,7.582003386277647
11.9,7.135354,8.182372778073123
11.9,7.336364,8.699225317180066
11.9,7.537374,9.120109587284606
11.9,7.738384,9.451592790848427
11.9,7.939394,9.703335658173716
11.9,8.140404,9.908086311878984
11.9,8.341414,10.075957499235352
11.9,8.542424,10.215225288023042
11.9,8.743434,10.331553246191191
11.9,8.944444,10.428039903986045
11.9,9.145455,10.513280661185027
11.9,9.346465,10.58897401645923
11.9,9.547475,10.657168035993074
11.9,9.748485,10.718971519441098
11.9,9.949495,10.772525819115039
11.9,10.15051,10.820787711149292
11.9,10.35152,10.870271498388565
11.9,10.55253,10.919918607029185
11.9,10.75354,10.961444803384081
11.9,10.95455,11.002943738902136
11.9,11.15556,11.040697624703807
11.9,11.35657,11.077344380429379
11.9,11.55758,11.113063908338017
11.9,11.75859,11.146036816176721
11.9,11.9596,11.178971398349574
11.9,12.16061,11.209518825748281
11.9,12.36162,11.239467876230934
11.9,12.56263,11.26882849858185
11.9,12.76364,11.29636101132737
11.9,12.96465,11.323844509885504
11.9,13.16566,11.34963952370981
11.9,13.36667,11.375075395137127
11.9,13.56768,11.4001420767416
11.9,13.76869,11.423889679137332
11.9,13.9697,11.447607811986579
11.9,14.17071,11.470106595780203
11.9,14.37172,11.492385786161938
11.9,14.57273,11.514415365513097
11.9,14.77374,11.535515267837628
11.9,14.97475,11.556585429739673
11.9,15.17576,11.576755765302462
11.9,15.37677,11.596806274629824
11.9,15.57778,11.61666697608075
11.9,15.77879,11.6358576830789
11.9,15.9798,11.655028505181514
11.9,16.18081,11.673519281459694
11.9,16.38182,11.691930124136732
11.9,16.58283,11.710191080836093
11.9,16.78384,11.727941896216956
11.9,16.98485,11.745692756181326
11.9,17.18586,11.762883489604373
11.9,17.38687,11.780034244353331
11.9,17.58788,11.797055088575089
11.9,17.78889,11.813665734545381
11.9,17.9899,11.83028639400333
11.9,18.19091,11.846436912062142
11.9,18.39192,11.862557434954377
11.9,18.59293,11.878558043587862
11.9,18.79394,11.894238441916603
11.9,18.99495,11.909918842569319
11.9,19.19596,11.925199119705239
11.9,19.39697,11.94045939761494
11.9,19.59798,11.955599763402397
11.9,19.79899,11.968309919814972
11.9,20.0,11.981010076285763
12.200000000000001,0.1,0.5029522900688717
12.200000000000001,0.3010101,0.8427971966423541
12.200000000000001,0.5020202,0.8777527893883025
12.200000000000001,0.7030303,0.8120108947675493
12.200000000000001,0.9040404,0.035349455216419565
12.200000000000001,1.306061,1.4391744765645724
12.200000000000001,1.507071,1.6877757086553498
12.200000000000001,1.708081,1.6338266107595338
12.200000000000001,1.909091,1.5375407852710676
12.200000000000001,2.110101,1.4354733472828167
12.200000000000001,2.311111,1.3429192420425051
12.200000000000001,2.512121,1.2646373959250745
12.200000000000001,2.713131,1.2037015262837951
12.200000000000001,2.914141,1.1595982185626075
12.200000000000001,3.115152,1.1329049177373833
12.200000000000001,3.316162,1.1290890629093062
12.200000000000001,3.517172,1.149609030847232
12.200000000000001,3.718182,1.2001757223509903
12.200000000000001,3.919192,1.277489040041133
12.200000000000001,4.120202,1.3753528394563461
12.200000000000001,4.321212,1.4922510466408652
12.200000000000001,4.522222,1.628006336095747
12.200000000000001,4.723232,1.7914118028428123
12.200000000000001,4.924242,1.994291352322308
12.200000000000001,5.125253,2.2451241990381443
12.200000000000001,5.326263,2.5632178871459823
12.200000000000001,5.527273,2.973043741162453
12.200000000000001,5.728283,3.4628562192474335
12.200000000000001,5.929293,4.057996121936115
12.200000000000001,6.130303,4.726329456572803
12.200000000000001,6.331313,5.445753306075061
12.200000000000001,6.532323,6.193521434254151
12.200000000000001,6.733333,6.927193782330537
12.200000000000001,6.934343,7.597472891108995
12.200000000000001,7.135354,8.195128606317157
12.200000000000001,7.336364,8.699090482340331
12.200000000000001,7.537374,9.11695924788835
12.200000000000001,7.738384,9.445460771055036
12.200000000000001,7.939394,9.695960199279845
12.200000000000001,8.140404,9.90071059249613
12.200000000000001,8.341414,10.0688235213625
12.200000000000001,8.542424,10.208245999425058
12.200000000000001,8.743434,10.324998654686183
12.200000000000001,8.944444,10.421910636688807
12.200000000000001,9.145455,10.507247609531843
12.200000000000001,9.346465,10.583367101922814
12.200000000000001,9.547475,10.651657898180817
12.200000000000001,9.748485,10.713678310439956
12.200000000000001,9.949495,10.76739994015445
12.200000000000001,10.15051,10.815779461776176
12.200000000000001,10.35152,10.865390814173631
12.200000000000001,10.55253,10.915035466174075
12.200000000000001,10.75354,10.956669622814307
12.200000000000001,10.95455,10.998266532329831
12.200000000000001,11.15556,11.036058532568417
12.200000000000001,11.35657,11.072853487593925
12.200000000000001,11.55758,11.108601255868265
12.200000000000001,11.75859,11.141712529979179
12.200000000000001,11.9596,11.174775501163662
12.200000000000001,12.16061,11.205391465269479
12.200000000000001,12.36162,11.2355490542288
12.200000000000001,12.56263,11.264948332093939
12.200000000000001,12.76364,11.292669563278828
12.200000000000001,12.96465,11.32031182673392
12.200000000000001,13.16566,11.346185771224278
12.200000000000001,13.36667,11.371870554815418
12.200000000000001,13.56768,11.396966273683745
12.200000000000001,13.76869,11.420922975485686
12.200000000000001,13.9697,11.444800257374897
12.200000000000001,14.17071,11.467378326620498
12.200000000000001,14.37172,11.489876811251683
12.200000000000001,14.57273,11.511945747951314
12.200000000000001,14.77374,11.533225094866147
12.200000000000001,14.97475,11.554424732321651
12.200000000000001,15.17576,11.574674631347799
12.200000000000001,15.37677,11.594904746614295
12.200000000000001,15.57778,11.614795040898343
12.200000000000001,15.77879,11.63412545486626
12.200000000000001,15.9798,11.653405988375656
12.200000000000001,16.18081,11.67194652461496
12.200000000000001,16.38182,11.690507192149912
12.200000000000001,16.58283,11.708787900857867
12.200000000000001,16.78384,11.726658602530364
12.200000000000001,16.98485,11.744479328509339
12.200000000000001,17.18586,11.761719952702169
12.200000000000001,17.38687,11.778990673052142
12.200000000000001,17.58788,11.796011372189861
12.200000000000001,17.78889,11.812722019072066
12.200000000000001,17.9899,11.829392639791779
12.200000000000001,18.19091,11.845583132187336
12.200000000000001,18.39192,11.861803704979858
12.200000000000001,18.59293,11.877804233243143
12.200000000000001,18.79394,11.893564700913252
12.200000000000001,18.99495,11.909285117892058
12.200000000000001,19.19596,11.924585417992086
12.200000000000001,19.39697,11.93991578746662
12.200000000000001,19.59798,11.95505611191864
12.200000000000001,19.79899,11.969986386376615
12.200000000000001,20.0,11.983806594989744
48.5,0.1,2.197593270338862
48.5,0.3010101,3.021461189355552
48.5,0.5020202,3.380059369003255
48.5,0.7030303,3.618184485723105
48.5,0.9040404,3.8232476527857178
48.5,1.105051,4.012690271644195
48.5,1.306061,4.187504417169995
48.5,1.507071,4.3629062054722
48.5,1.708081,4.533703169485697
48.5,1.909091,4.695794270486971
48.5,2.110101,4.849765625718777
48.5,2.311111,5.017856396043023
48.5,2.512121,5.192859794517881
48.5,2.713131,5.372265987551174
48.5,2.914141,5.555755760681496
48.5,3.115152,5.729971101285232
48.5,3.316162,5.897271176301582
48.5,3.517172,6.069833885379896
48.5,3.718182,6.2480625934935405
48.5,3.919192,6.427624945760795
48.5,4.120202,6.604802210703398
48.5,4.321212,6.7803776705226895
48.5,4.522222,6.9617233814353625
48.5,4.723232,7.146791498629339
48.5,4.924242,7.326457484376608
48.5,5.125253,7.504959330956815
48.5,5.326263,7.684779414972229
48.5,5.527273,7.861245450378995
48.5,5.728283,8.040366223657156
48.5,5.929293,8.222097357154404
48.5,6.130303,8.39711899437498
48.5,6.331313,8.568500347064246
48.5,6.532323,8.729509464443883
48.5,6.733333,8.885136008382194
48.5,6.934343,9.04290748205642
48.5,7.135354,9.190170904961652
48.5,7.336364,9.331825163536095
48.5,7.537374,9.465342814391274
48.5,7.738384,9.59125420145731
48.5,7.939394,9.715432645948324
48.5,8.140404,9.83005998334746
48.5,8.341414,9.94056607946301
48.5,8.542424,10.034468955142911
48.5,8.743434,10.121541004345849
48.5,8.944444,10.215962235876352
48.5,9.145455,10.298068514024992
48.5,9.346465,10.374368246761112
48.5,9.547475,10.446053289521123
48.5,9.748485,10.51091025115446
48.5,9.949495,10.573958408626918
48.5,10.15051,10.632002802125484
48.5,10.35152,10.688379773576088
48.5,10.55253,10.736249709177867
48.5,10.75354,10.781420996726947
48.5,10.95455,10.831021422691153
48.5,11.15556,10.874314481233286
48.5,11.35657,10.915368801720655
48.5,11.55758,10.954925143809547
48.5,11.75859,10.991842151169303
48.5,11.9596,11.028159541282843
48.5,12.16061,11.062579594397125
48.5,12.36162,11.096520481473293
48.5,12.56263,11.126672168388282
48.5,12.76364,11.155934199459157
48.5,12.96465,11.187226056522205
48.5,13.16566,11.215648727402659
48.5,13.36667,11.243371731348319
48.5,13.56768,11.270595572139989
48.5,13.76869,11.29693937997868
48.5,13.9697,11.32313328873567
48.5,14.17071,11.348488564909356
48.5,14.37172,11.373694154310838
48.5,14.57273,11.396789883496812
48.5,14.77374,11.419535710195149
48.5,14.97475,11.443381544407709
48.5,15.17576,11.465657582509802
48.5,15.37677,11.487683724364459
48.5,15.57778,11.509520300736952
48.5,15.77879,11.531056682022411
48.5,15.9798,11.552563106266604
48.5,16.18081,11.573580373781375
48.5,16.38182,11.594557775597801
48.5,16.58283,11.61400516832565
48.5,16.78384,11.633302604279631
48.5,16.98485,11.65336004808146
48.5,17.18586,11.672307540927388
48.5,17.38687,11.691165083648619
48.5,17.58788,11.709942856956152
48.5,17.78889,11.728600459432355
48.5,17.9899,11.74725809810752
48.5,18.19091,11.765556352966435
48.5,18.39192,11.78384466665868
48.5,18.59293,11.800843083690625
48.5,18.79394,11.817781529408036
48.5,18.99495,11.835379863764167
48.5,19.19596,11.851958547153826
48.5,19.39697,11.868517258239999
48.5,19.59798,11.885175723939074
48.5,19.79899,11.9017834901675
48.5,20.0,11.918381308349051
48.8,0.1,2.2116965533950217
48.8,0.3010101,3.0417543958127715
48.8,0.5020202,3.4028690288254313
48.8,0.7030303,3.6415705201914
48.8,0.9040404,3.8493500668725367
48.8,1.105051,4.036053593164157
48.8,1.306061,4.2107385399893635
48.8,1.507071,4.385438526080274
48.8,1.708081,4.539042730521946
48.8,1.909091,4.685339594168975
48.8,2.110101,4.844404066234122
48.8,2.311111,5.02788134828037
48.8,2.512121,5.21136215523011
48.8,2.713131,5.394847025142202
48.8,2.914141,5.578335557094856
48.8,3.115152,5.752550810877266
48.8,3.316162,5.9228225345253565
48.8,3.517172,6.099150229874847
48.8,3.718182,6.27548092368364
48.8,3.919192,6.454532879578795
48.8,4.120202,6.631712426287484
48.8,4.321212,6.810648963037475
48.8,4.522222,6.994749802258521
48.8,4.723232,7.171075574366297
48.8,4.924242,7.347403476681374
48.8,5.125253,7.525908642385189
48.8,5.326263,7.70371907888195
48.8,5.527273,7.878242639808485
48.8,5.728283,8.052767572923376
48.8,5.929293,8.233722017612548
48.8,6.130303,8.408743849054447
48.8,6.331313,8.573750921008866
48.8,6.532323,8.7298930179778
48.8,6.733333,8.88872422642602
48.8,6.934343,9.047557838064936
48.8,7.135354,9.194821570678462
48.8,7.336364,9.331358655998027
48.8,7.537374,9.461106298236114
48.8,7.738384,9.590857182938656
48.8,7.939394,9.715358346684322
48.8,8.140404,9.829986094954554
48.8,8.341414,9.929834955636093
48.8,8.542424,10.019061948441848
48.8,8.743434,10.116359834353855
48.8,8.944444,10.213660384601866
48.8,9.145455,10.295757175940809
48.8,9.346465,10.369039694618607
48.8,9.547475,10.439046299401651
48.8,9.748485,10.50906435566153
48.8,9.949495,10.5721627693909
48.8,10.15051,10.630207370260889
48.8,10.35152,10.680925955200122
48.8,10.55253,10.727596110867577
48.8,10.75354,10.778535468369999
48.8,10.95455,10.829465641894766
48.8,11.15556,10.872758894523598
48.8,11.35657,10.912804413842439
48.8,11.55758,10.951941290829499
48.8,11.75859,10.990968582252425
48.8,11.9596,11.027286085695703
48.8,12.16061,11.061706231113563
48.8,12.36162,11.093047588146282
48.8,12.56263,11.123079320625102
48.8,12.76364,11.154810944240847
48.8,12.96465,11.186542803818764
48.8,13.16566,11.214975556062804
48.8,13.36667,11.242349099319247
48.8,13.56768,11.269483129273361
48.8,13.76869,11.2965272703771
48.8,13.9697,11.32272123183458
48.8,14.17071,11.348076550088813
48.8,14.37172,11.37179221286717
48.8,14.57273,11.394997952747255
48.8,14.77374,11.419013723078594
48.8,14.97475,11.4430195868738
48.8,15.17576,11.465295665483824
48.8,15.37677,11.487182099473289
48.8,15.57778,11.508998752601896
48.8,15.77879,11.530775424432953
48.8,15.9798,11.552271876196842
48.8,16.18081,11.573299165109084
48.8,16.38182,11.593166546660093
48.8,16.58283,11.61281393645674
48.8,16.78384,11.632941349518141
48.8,16.98485,11.653068813110949
48.8,17.18586,11.672016329302783
48.8,17.38687,11.69081402859699
48.8,17.58788,11.709581833570113
48.8,17.78889,11.728329634187983
48.8,17.9899,11.746987289810608
48.8,18.19091,11.76528555755304
48.8,18.39192,11.782623939588444
48.8,18.59293,11.799882303937226
48.8,18.79394,11.817490619568003
48.8,18.99495,11.835108965236294
48.8,19.19596,11.851687661182396
48.8,19.39697,11.868316187299694
48.8,19.59798,11.884984667280765
48.8,19.79899,11.90163299844484
48.8,20.0,11.918230829494169
49.099999999999994,0.1,2.2251479461875436
49.099999999999994,0.3010101,3.0619276404186606
49.099999999999994,0.5020202,3.425477510136849
49.099999999999994,0.7030303,3.6649281147879935
49.099999999999994,0.9040404,3.870571557973089
49.099999999999994,1.105051,4.060193739908802
49.099999999999994,1.306061,4.2351714211171885
49.099999999999994,1.507071,4.411476548349204
49.099999999999994,1.708081,4.585965235289956
49.099999999999994,1.909091,4.75124758859506
49.099999999999994,2.110101,4.905234018272677
49.099999999999994,2.311111,5.07336396998361
49.099999999999994,2.512121,5.241762179283515
49.099999999999994,2.713131,5.417431005186495
49.099999999999994,2.914141,5.600918209567919
49.099999999999994,3.115152,5.775813620981446
49.099999999999994,3.316162,5.9521410929043554
49.099999999999994,3.517172,6.128469686940278
49.099999999999994,3.718182,6.304801222284796
49.099999999999994,3.919192,6.481442489075046
49.099999999999994,4.120202,6.659576720616651
49.099999999999994,4.321212,6.839369653784987
49.099999999999994,4.522222,7.015693641353464
49.099999999999994,4.723232,7.192021866911372
49.099999999999994,4.924242,7.368353098227403
49.099999999999994,5.125253,7.546194211833074
49.099999999999994,5.326263,7.72071776087986
49.099999999999994,5.527273,7.8952427062019135
49.099999999999994,5.728283,8.069768960919344
49.099999999999994,5.929293,8.245346356699947
49.099999999999994,6.130303,8.41799395923363
49.099999999999994,6.331313,8.575712064189432
49.099999999999994,6.532323,8.734543010067584
49.099999999999994,6.733333,8.893375428664985
49.099999999999994,6.934343,9.052208241000214
49.099999999999994,7.135354,9.197377791439203
49.099999999999994,7.336364,9.327121632225309
49.099999999999994,7.537374,9.456868879958888
49.099999999999994,7.738384,9.586621352634523
49.099999999999994,7.939394,9.715285100830846
49.099999999999994,8.140404,9.825201908233028
49.099999999999994,8.341414,9.919462336948381
49.099999999999994,8.542424,10.016759069988707
49.099999999999994,8.743434,10.1140475367914
49.099999999999994,8.944444,10.211348657944361
49.099999999999994,9.145455,10.292027083289552
49.099999999999994,9.346465,10.362042482137845
49.099999999999994,9.547475,10.432049360136823
49.099999999999994,9.748485,10.502067687022635
49.099999999999994,9.949495,10.57035717208863
49.099999999999994,10.15051,10.625592709588725
49.099999999999994,10.35152,10.675111186882129
49.099999999999994,10.55253,10.726039944097383
49.099999999999994,10.75354,10.776979526585396
49.099999999999994,10.95455,10.827909923112868
49.099999999999994,11.15556,10.870673910584753
49.099999999999994,11.35657,10.909820476312401
49.099999999999994,11.55758,10.948957470388144
49.099999999999994,11.75859,10.988104887767243
49.099999999999994,11.9596,11.026402660301668
49.099999999999994,12.16061,11.059413110022344
49.099999999999994,12.36162,11.090664446891857
49.099999999999994,12.56263,11.122395922893205
49.099999999999994,12.76364,11.154137636240286
49.099999999999994,12.96465,11.185869585308431
49.099999999999994,13.16566,11.21410268153774
49.099999999999994,13.36667,11.241236622036098
49.099999999999994,13.56768,11.268370708589682
49.099999999999994,13.76869,11.295504940094965
49.099999999999994,13.9697,11.322309192236673
49.099999999999994,14.17071,11.346794572280654
49.099999999999994,14.37172,11.37063021129503
49.099999999999994,14.57273,11.39463593011939
49.099999999999994,14.77374,11.418641742686777
49.099999999999994,14.97475,11.44265764840666
49.099999999999994,15.17576,11.464853919717372
49.099999999999994,15.37677,11.486670534473374
49.099999999999994,15.57778,11.508477217852688
49.099999999999994,15.77879,11.530293969310552
49.099999999999994,15.9798,11.551990655189565
49.099999999999994,16.18081,11.572337940225854
49.099999999999994,16.38182,11.592385279674176
49.099999999999994,16.58283,11.612522665508084
49.099999999999994,16.78384,11.632650102121527
49.099999999999994,16.98485,11.652777589152064
49.099999999999994,17.18586,11.67169521313659
49.099999999999994,17.38687,11.69046299485555
49.099999999999994,17.58788,11.70923081854043
49.099999999999994,17.78889,11.7279986839246
49.099999999999994,17.9899,11.746716487205065
49.099999999999994,18.19091,11.764414803773617
49.099999999999994,18.39192,11.782003081245652
49.099999999999994,18.59293,11.799611382365233
49.099999999999994,18.79394,11.817219713624564
49.099999999999994,18.99495,11.834838074905871
49.099999999999994,19.19596,11.851466653811874
49.099999999999994,19.39697,11.868125124644694
49.099999999999994,19.59798,11.884793623058705
49.099999999999994,19.79899,11.901452149012641
49.099999999999994,20.0,11.918080353431337
49.400000000000006,0.1,2.2395532797229207
49.400000000000006,0.3010101,3.082239142196869
49.400000000000006,0.5020202,3.447472373218793
49.400000000000006,0.7030303,3.6886313058733333
49.400000000000006,0.9040404,3.897195256327614
49.400000000000006,1.105051,4.084860399060307
49.400000000000006,1.306061,4.261379783272699
49.400000000000006,1.507071,4.437687147826422
49.400000000000006,1.708081,4.612174147404549
49.400000000000006,1.909091,4.786051098346179
49.400000000000006,2.110101,4.953788904909278
49.400000000000006,2.311111,5.121074044989409
49.400000000000006,2.512121,5.289193673781856
49.400000000000006,2.713131,5.457621318011025
49.400000000000006,2.914141,5.624816483258709
49.400000000000006,3.115152,5.785411375006885
49.400000000000006,3.316162,5.9617383079385755
49.400000000000006,3.517172,6.138068330376827
49.400000000000006,3.718182,6.314399265482549
49.400000000000006,3.919192,6.5081804220706765
49.400000000000006,4.120202,6.681246577192256
49.400000000000006,4.321212,6.857570443429554
49.400000000000006,4.522222,7.033897676904081
49.400000000000006,4.723232,7.210227030785375
49.400000000000006,4.924242,7.3865602792077585
49.400000000000006,5.125253,7.56176687672632
49.400000000000006,5.326263,7.7362917427550055
49.400000000000006,5.527273,7.910817947957399
49.400000000000006,5.728283,8.085344402127214
49.400000000000006,5.929293,8.25760281468232
49.400000000000006,6.130303,8.421194555684675
49.400000000000006,6.331313,8.580023023668451
49.400000000000006,6.532323,8.738854040654651
49.400000000000006,6.733333,8.897686527128457
49.400000000000006,6.934343,9.056520404122768
49.400000000000006,7.135354,9.195763848979611
49.400000000000006,7.336364,9.32550698212053
49.400000000000006,7.537374,9.455255514674235
49.400000000000006,7.738384,9.585008265302623
49.400000000000006,7.939394,9.713941216923706
49.400000000000006,8.140404,9.820764358731846
49.400000000000006,8.341414,9.918054845158453
49.400000000000006,8.542424,10.015347134125225
49.400000000000006,8.743434,10.112646145619667
49.400000000000006,8.944444,10.20993780260521
49.400000000000006,9.145455,10.287489140350935
49.400000000000006,9.346465,10.35750483919512
49.400000000000006,9.547475,10.427512013982769
49.400000000000006,9.748485,10.49753063425247
49.400000000000006,9.949495,10.567030959213556
49.400000000000006,10.15051,10.62306720627954
49.400000000000006,10.35152,10.6740053375455
49.400000000000006,10.55253,10.724934304632265
49.400000000000006,10.75354,10.77587409495121
49.400000000000006,10.95455,10.826804697573277
49.400000000000006,11.15556,10.868619823035493
49.400000000000006,11.35657,10.907756509352225
49.400000000000006,11.55758,10.94690362268023
49.400000000000006,11.75859,10.986041158995215
49.400000000000006,11.9596,11.024979276749445
49.400000000000006,12.16061,11.05843998873596
49.400000000000006,12.36162,11.090181307533333
49.400000000000006,12.56263,11.121912865673362
49.400000000000006,12.76364,11.153644660843876
49.400000000000006,12.96465,11.185386691001606
49.400000000000006,13.16566,11.213330254679898
49.400000000000006,13.36667,11.240454250220719
49.400000000000006,13.56768,11.26758839143689
49.400000000000006,13.76869,11.294722677352846
49.400000000000006,13.9697,11.321757182745584
49.400000000000006,14.17071,11.346352711805356
49.400000000000006,14.37172,11.370358374403986
49.400000000000006,14.57273,11.394374131090457
49.400000000000006,14.77374,11.418379981543232
49.400000000000006,14.97475,11.442385925034523
49.400000000000006,15.17576,11.4644824304856
49.400000000000006,15.37677,11.486299073742543
49.400000000000006,15.57778,11.508115785440603
49.400000000000006,15.77879,11.529932565154372
49.400000000000006,15.9798,11.55167944604905
49.400000000000006,16.18081,11.572036777822108
49.400000000000006,16.38182,11.592164133887875
49.400000000000006,16.58283,11.612291540860076
49.400000000000006,16.78384,11.632418998474458
49.400000000000006,16.98485,11.652556506411527
49.400000000000006,17.18586,11.671424248142175
49.400000000000006,17.38687,11.690192047231257
49.400000000000006,17.58788,11.70895988816598
49.400000000000006,17.78889,11.727737770760852
49.400000000000006,17.9899,11.746445705677244
49.400000000000006,18.19091,11.764163965495094
49.400000000000006,18.39192,11.781772250351487
49.400000000000006,18.59293,11.799390565457543
49.400000000000006,18.79394,11.816998910734736
49.400000000000006,18.99495,11.834617285963892
49.400000000000006,19.19596,11.851295743460875
49.400000000000006,19.39697,11.8679542300119
49.400000000000006,19.59798,11.884622744101195
49.400000000000006,19.79899,11.901281285686172
49.400000000000006,20.0,11.91788992922262
49.7,0.1,2.2530237734989194
49.7,0.3010101,3.1025425562984856
49.7,0.5020202,3.4702886854245247
49.7,0.7030303,3.711998555273387
49.7,0.9040404,3.9216835586156646
49.7,1.105051,4.109604545808424
49.7,1.306061,4.286576104502093
49.7,1.507071,4.463414705873559
49.7,1.708081,4.636926944416965
49.7,1.909091,4.807097458685533
49.7,2.110101,4.974296406026898
49.7,2.311111,5.135871746145481
49.7,2.512121,5.300191604602913
49.7,2.713131,5.455852776036046
49.7,2.914141,5.59670154566601
49.7,3.115152,5.7555622024841995
49.7,3.316162,5.950965659964006
49.7,3.517172,6.164301277216205
49.7,3.718182,6.353504832454131
49.7,3.919192,6.525794580646451
49.7,4.120202,6.698532302631871
49.7,4.321212,6.871572308959658
49.7,4.522222,7.04661331500507
49.7,4.723232,7.222945258876675
49.7,4.924242,7.39928001677511
49.7,5.125253,7.574487888006489
49.7,5.326263,7.7490138724921955
49.7,5.527273,7.923540144832997
49.7,5.728283,8.088125067969495
49.7,5.929293,8.24707182880109
49.7,6.130303,8.41209526902324
49.7,6.331313,8.580413832719028
49.7,6.532323,8.742487087136148
49.7,6.733333,8.90131936147398
49.7,6.934343,9.06015303323412
49.7,7.135354,9.199396165283224
49.7,7.336364,9.329138938349137
49.7,7.537374,9.458887119042574
49.7,7.738384,9.585748692674708
49.7,7.939394,9.711307047188667
49.7,8.140404,9.81853793157336
49.7,8.341414,9.917858964847182
49.7,8.542424,10.015746930419393
49.7,8.743434,10.113036416594982
49.7,8.944444,10.210338537976972
49.7,9.145455,10.28789025718744
49.7,9.346465,10.357906303980911
49.7,9.547475,10.427913821885573
49.7,9.748485,10.496383674187175
49.7,9.949495,10.564305161984063
49.7,10.15051,10.620771711609388
49.7,10.35152,10.673390407987446
49.7,10.55253,10.724729640511189
49.7,10.75354,10.77565960514024
49.7,10.95455,10.826600379862658
49.7,11.15556,10.868405641853933
49.7,11.35657,10.90755245319573
49.7,11.55758,10.946689691092796
49.7,11.75859,10.985297795647265
49.7,11.9596,11.023756404141146
49.7,12.16061,11.057437240830762
49.7,12.36162,11.089928790252456
49.7,12.56263,11.121810444454129
49.7,12.76364,11.153542304966784
49.7,12.96465,11.185284399996625
49.7,13.16566,11.213218017546305
49.7,13.36667,11.240352064194719
49.7,13.56768,11.26748625634889
49.7,13.76869,11.294380779419214
49.7,13.9697,11.321225471800549
49.7,14.17071,11.345921092239188
49.7,14.37172,11.370246945447176
49.7,14.57273,11.394302753697998
49.7,14.77374,11.418308633350328
49.7,14.97475,11.44232460583714
49.7,15.17576,11.464411136920257
49.7,15.37677,11.486227805140588
49.7,15.57778,11.50804454167044
49.7,15.77879,11.52971142217788
49.7,15.9798,11.551348376491886
49.7,16.18081,11.571775773383594
49.7,16.38182,11.592063260519197
49.7,16.58283,11.612200693723409
49.7,16.78384,11.63232816723266
49.7,16.98485,11.65246569104519
49.7,17.18586,11.671333447441741
49.7,17.38687,11.690101260987582
49.7,17.58788,11.708879116347664
49.7,17.78889,11.72751703640856
49.7,17.9899,11.746164998379934
49.7,18.19091,11.76392328673625
49.7,18.39192,11.781641619570667
49.7,18.59293,11.799259946856651
49.7,18.79394,11.81686830279938
49.7,18.99495,11.834486688663569
49.7,19.19596,11.851165156410941
49.7,19.39697,11.867833653138183
49.7,19.59798,11.884492177449406
49.7,19.79899,11.90105087942258
49.7,20.0,11.917609604955953
50.0,0.1,2.2667641614137284
50.0,0.3010101,3.1226948288572762
50.0,0.5020202,3.4931927835518297
50.0,0.7030303,3.7357349659928922
50.0,0.9040404,3.9430970197751547
50.0,1.105051,4.133724480497397
50.0,1.306061,4.310693190177477
50.0,1.507071,4.487228413394051
50.0,1.708081,4.657971031623763
50.0,1.909091,4.827858705821106
50.0,2.110101,4.995030925062723
50.0,2.311111,5.156605889316818
50.0,2.512121,5.32014261649165
50.0,2.713131,5.496396082772544
50.0,2.914141,5.637656101910898
50.0,3.115152,5.816510617257569
50.0,3.316162,6.026543738116253
50.0,3.517172,6.198830658658303
50.0,3.718182,6.3711189159257335
50.0,3.919192,6.543410326989592
50.0,4.120202,6.716148174866711
50.0,4.321212,6.889190571216691
50.0,4.522222,7.062235957937658
50.0,4.723232,7.235664677363541
50.0,4.924242,7.412000913149862
50.0,5.125253,7.587210025200128
50.0,5.326263,7.759700829787713
50.0,5.527273,7.918646539887369
50.0,5.728283,8.077594097200825
50.0,5.929293,8.23654245628142
50.0,6.130303,8.401565413799014
50.0,6.331313,8.56988544495578
50.0,6.532323,8.738205836171298
50.0,6.733333,8.904952228764989
50.0,6.934343,9.063785693244911
50.0,7.135354,9.203028512301719
50.0,7.336364,9.332011950197506
50.0,7.537374,9.457560450087632
50.0,7.738384,9.58311417016919
50.0,7.939394,9.708672907917762
50.0,8.140404,9.815903122407212
50.0,8.341414,9.915224460610563
50.0,8.542424,10.014548861079492
50.0,8.743434,10.113436771145585
50.0,8.944444,10.21073935667079
50.0,9.145455,10.288291456771118
50.0,9.346465,10.357818153409038
50.0,9.547475,10.425737253195342
50.0,9.748485,10.493667680514713
50.0,9.949495,10.561589410603952
50.0,10.15051,10.618046165852991
50.0,10.35152,10.670665054242344
50.0,10.55253,10.723284751173637
50.0,10.75354,10.775455152562635
50.0,10.95455,10.826396099413438
50.0,11.15556,10.868201497631137
50.0,11.35657,10.907148601878463
50.0,11.55758,10.94560653619063
50.0,11.75859,10.984064854754445
50.0,11.9596,11.022523553616322
50.0,12.16061,11.056214465022977
50.0,12.36162,11.088696085234785
50.0,12.56263,11.121187935854113
50.0,12.76364,11.15343996727495
50.0,12.96465,11.185172127355349
50.0,13.16566,11.213115798478034
50.0,13.36667,11.240149972956788
50.0,13.56768,11.266994440074791
50.0,13.76869,11.293839040582924
50.0,13.9697,11.320683773623836
50.0,14.17071,11.345389428259649
50.0,14.37172,11.369715314537018
50.0,14.57273,11.394041288373458
50.0,14.77374,11.418247294280928
50.0,14.97475,11.442253295912144
50.0,15.17576,11.464349852448297
50.0,15.37677,11.486096579365476
50.0,15.57778,11.507743426671825
50.0,15.77879,11.52938033842972
50.0,15.9798,11.55102731409945
50.0,16.18081,11.571444729802781
50.0,16.38182,11.591732235282667
50.0,16.58283,11.612019787443508
50.0,16.78384,11.63224734102602
50.0,16.98485,11.652374880762755
50.0,17.18586,11.67124265175141
50.0,17.38687,11.689960490690263
50.0,17.58788,11.708598385110902
50.0,17.78889,11.727236320164554
50.0,17.9899,11.745874295658687
50.0,18.19091,11.763642595510056
50.0,18.39192,11.781360939752828
50.0,18.59293,11.79907931299962
50.0,18.79394,11.816747698641777
50.0,18.99495,11.83435609517551
50.0,19.19596,11.85104457313053
50.0,19.39697,11.867653155472961
50.0,19.59798,11.884211842234416
50.0,19.79899,11.900770551100754
50.0,20.0,11.917329282031455
50.3,0.1,2.2796926865494744
50.3,0.3010101,3.142151235713365
50.3,0.5020202,3.515123964200132
50.3,0.7030303,3.75851934199315
50.3,0.9040404,3.9690937992097437
50.3,1.105051,4.157441594559531
50.3,1.306061,4.333764384896043
50.3,1.507071,4.510103775538459
50.3,1.708081,4.680807846369269
50.3,1.909091,4.849640653359403
50.3,2.110101,5.016653407522612
50.3,2.311111,5.180393094015739
50.3,2.512121,5.344136819919149
50.3,2.713131,5.5206375993791115
50.3,2.914141,5.697593418638855
50.3,3.115152,5.8718728521421895
50.3,3.316162,6.044158007085486
50.3,3.517172,6.216444659275283
50.3,3.718182,6.388734601814377
50.3,3.919192,6.561025656861616
50.3,4.120202,6.733765609299536
50.3,4.321212,6.906808372834083
50.3,4.522222,7.079855049778029
50.3,4.723232,7.252906361812527
50.3,4.924242,7.425960055179157
50.3,5.125253,7.590223777212216
50.3,5.326263,7.749169244460133
50.3,5.527273,7.908116586864988
50.3,5.728283,8.067063756448292
50.3,5.929293,8.226012703300125
50.3,6.130303,8.391036167102799
50.3,6.331313,8.559356651656222
50.3,6.532323,8.727677482532373
50.3,6.733333,8.895998636872884
50.3,6.934343,9.064320098192137
50.3,7.135354,9.203832189328937
50.3,7.336364,9.329375665727266
50.3,7.537374,9.45492456649992
50.3,7.738384,9.580478678393181
50.3,7.939394,9.706037800434734
50.3,8.140404,9.813269344694142
50.3,8.341414,9.9125909864963
50.3,8.542424,10.011912686703361
50.3,8.743434,10.111240354812253
50.3,8.944444,10.210570904597471
50.3,9.145455,10.287173717824114
50.3,9.346465,10.355091714096003
50.3,9.547475,10.423021061164887
50.3,9.748485,10.490941733706942
50.3,9.949495,10.558863705788342
50.3,10.15051,10.615330665882388
50.3,10.35152,10.66794974617492
50.3,10.55253,10.720569633330353
50.3,10.75354,10.773180315836061
50.3,10.95455,10.825801781457141
50.3,11.15556,10.867457862486262
50.3,11.35657,10.905915500501516
50.3,11.55758,10.94437352637233
50.3,11.75859,10.982831935893616
50.3,11.9596,11.021290725125235
50.3,12.16061,11.054981711300586
50.3,12.36162,11.08747340194715
50.3,12.56263,11.119955322910698
50.3,12.76364,11.152447471892607
50.3,12.96465,11.18493984705105
50.3,13.16566,11.212773791128512
50.3,13.36667,11.239618164962385
50.3,13.56768,11.266462673002497
50.3,13.76869,11.29330731433689
50.3,13.9697,11.320152087926383
50.3,14.17071,11.344857776837983
50.3,14.37172,11.369183696161098
50.3,14.57273,11.393499703035479
50.3,14.77374,11.417825796724719
50.3,14.97475,11.442151976764515
50.3,15.17576,11.464128655406308
50.3,15.37677,11.485765459728787
50.3,15.57778,11.50741232864133
50.3,15.77879,11.529049261926303
50.3,15.9798,11.550696259080862
50.3,16.18081,11.571123693379713
50.3,16.38182,11.591411217196129
50.3,16.58283,11.611698787664505
50.3,16.78384,11.631986404540255
50.3,16.98485,11.652274067549154
50.3,17.18586,11.67103188478443
50.3,17.38687,11.689669751970301
50.3,17.58788,11.708307659941575
50.3,17.78889,11.726945608504698
50.3,17.9899,11.745593597419912
50.3,18.19091,11.763351908851432
50.3,18.39192,11.781070264495252
50.3,18.59293,11.798788649108946
50.3,18.79394,11.816507062533349
50.3,18.99495,11.834225504639056
50.3,19.19596,11.850814147759772
50.3,19.39697,11.86737281768522
50.3,19.59798,11.883931509846231
50.3,19.79899,11.900490224123084
50.3,20.0,11.917048960423228
50.599999999999994,0.1,2.2923900448103782
50.599999999999994,0.3010101,3.1613069421633884
50.599999999999994,0.5020202,3.5367797767472604
50.599999999999994,0.7030303,3.7809435793955712
50.599999999999994,0.9040404,3.9893074236827855
50.599999999999994,1.105051,4.180302422389826
50.599999999999994,1.306061,4.355821172135516
50.599999999999994,1.507071,4.53192044044048
50.599999999999994,1.708081,4.702658444506755
50.599999999999994,1.909091,4.8529989075573505
50.599999999999994,2.110101,5.038483208239201
50.599999999999994,2.311111,5.202222542443888
50.599999999999994,2.512121,5.374809301606608
50.599999999999994,2.713131,5.551763029360422
50.599999999999994,2.914141,5.7200373037420285
50.599999999999994,3.115152,5.889693318406789
50.599999999999994,3.316162,6.060725783431395
50.599999999999994,3.517172,6.233012936128879
50.599999999999994,3.718182,6.405303350677704
50.599999999999994,3.919192,6.57759584533775
50.599999999999994,4.120202,6.750335586552404
50.599999999999994,4.321212,6.923379334680582
50.599999999999994,4.522222,7.096427940887663
50.599999999999994,4.723232,7.269175210005015
50.599999999999994,4.924242,7.43959971950582
50.599999999999994,5.125253,7.58351005329362
50.599999999999994,5.326263,7.715442933144023
50.599999999999994,5.527273,7.874390788898448
50.599999999999994,5.728283,8.033338453251659
50.599999999999994,5.929293,8.19228787719101
50.599999999999994,6.130303,8.37491457243038
50.599999999999994,6.331313,8.566158829428696
50.599999999999994,6.532323,8.734480055333552
50.599999999999994,6.733333,8.902801592686926
50.599999999999994,6.934343,9.071122421179705
50.599999999999994,7.135354,9.21063673342699
50.599999999999994,7.336364,9.33618180953736
50.599999999999994,7.537374,9.461732263667203
50.599999999999994,7.738384,9.587463137360128
50.599999999999994,7.939394,9.713942188171341
50.599999999999994,8.140404,9.818338736161811
50.599999999999994,8.341414,9.91412203948039
50.599999999999994,8.542424,10.013450850857335
50.599999999999994,8.743434,10.112779607143757
50.599999999999994,8.944444,10.212111223211897
50.599999999999994,9.145455,10.288714862174336
50.599999999999994,9.346465,10.356633588580896
50.599999999999994,9.547475,10.424553656561335
50.599999999999994,9.748485,10.491955636767699
50.599999999999994,9.949495,10.557720658763431
50.599999999999994,10.15051,10.614521568931385
50.599999999999994,10.35152,10.668013758466026
50.599999999999994,10.55253,10.720633865143556
50.599999999999994,10.75354,10.773244764948311
50.599999999999994,10.95455,10.82586644589266
50.599999999999994,11.15556,10.867532693151208
50.599999999999994,11.35657,10.905980483106745
50.599999999999994,11.55758,10.94443865951197
50.599999999999994,11.75859,10.982567297031345
50.599999999999994,11.9596,11.01986649293436
50.599999999999994,12.16061,11.054238156128964
50.599999999999994,12.36162,11.087530373415122
50.599999999999994,12.56263,11.12002237467196
50.599999999999994,12.76364,11.152504603754906
50.599999999999994,12.96465,11.184997058412366
50.599999999999994,13.16566,11.212831067135353
50.599999999999994,13.36667,11.239675502341514
50.599999999999994,13.56768,11.266520071413197
50.599999999999994,13.76869,11.293144793438262
50.599999999999994,13.9697,11.31934968380395
50.599999999999994,14.17071,11.344485676254402
50.599999999999994,14.37172,11.369211820694431
50.599999999999994,14.57273,11.393537866036446
50.599999999999994,14.77374,11.417863998078577
50.599999999999994,14.97475,11.442190216349916
50.599999999999994,15.17576,11.464166928890021
50.599999999999994,15.37677,11.48580376633896
50.599999999999994,15.57778,11.507450668255165
50.599999999999994,15.77879,11.528927642905646
50.599999999999994,15.9798,11.550164693845101
50.599999999999994,16.18081,11.570872313123159
50.599999999999994,16.38182,11.591359962013746
50.599999999999994,16.58283,11.611657555157347
50.599999999999994,16.78384,11.6319451946569
50.599999999999994,16.98485,11.652232880276452
50.599999999999994,17.18586,11.670990718924578
50.599999999999994,17.38687,11.689628607366085
50.599999999999994,17.58788,11.708266536526386
50.599999999999994,17.78889,11.726784502704652
50.599999999999994,17.9899,11.7451325051175
50.599999999999994,18.19091,11.76312083722205
50.599999999999994,18.39192,11.78096921249684
50.599999999999994,18.59293,11.798687614982818
50.599999999999994,18.79394,11.81640604622615
50.599999999999994,18.99495,11.834124506070534
50.599999999999994,19.19596,11.850713164923716
50.599999999999994,19.39697,11.867271850512587
50.599999999999994,19.59798,11.883830558267
50.599999999999994,19.79899,11.900279328776406
50.599999999999994,20.0,11.916628161209706
50.900000000000006,0.1,2.305468011830188
50.900000000000006,0.3010101,3.18057167189066
50.900000000000006,0.5020202,3.557885475840067
50.900000000000006,0.7030303,3.8035962077656538
50.900000000000006,0.9040404,4.014889776721499
50.900000000000006,1.105051,4.2032752583105095
50.900000000000006,1.306061,4.378793326623155
50.900000000000006,1.507071,4.554147242049563
50.900000000000006,1.708081,4.7184400574353464
50.900000000000006,1.909091,4.863825768172742
50.900000000000006,2.110101,5.060313328931615
50.900000000000006,2.311111,5.22898423080067
50.900000000000006,2.512121,5.402300860003011
50.900000000000006,2.713131,5.570525646596484
50.900000000000006,2.914141,5.738752863125132
50.900000000000006,3.115152,5.908294589513724
50.900000000000006,3.316162,6.0792183914404845
50.900000000000006,3.517172,6.250144265371706
50.900000000000006,3.718182,6.421872431750266
50.900000000000006,3.919192,6.594165357486243
50.900000000000006,4.120202,6.766905875120666
50.900000000000006,4.321212,6.939951597224733
50.900000000000006,4.522222,7.111400950982273
50.900000000000006,4.723232,7.281823069325723
50.900000000000006,4.924242,7.452247868110118
50.900000000000006,5.125253,7.596158463638712
50.900000000000006,5.326263,7.7240319037603875
50.900000000000006,5.527273,7.851907766600207
50.900000000000006,5.728283,7.999613642860874
50.900000000000006,5.929293,8.158563539938967
50.900000000000006,6.130303,8.341189657052023
50.900000000000006,6.331313,8.536664737602244
50.900000000000006,6.532323,8.732140169805962
50.900000000000006,6.733333,8.909604034069364
50.900000000000006,6.934343,9.077926221457467
50.900000000000006,7.135354,9.217441744410868
50.900000000000006,7.336364,9.342988411685443
50.900000000000006,7.537374,9.46916692444442
50.900000000000006,7.738384,9.595642444531379
50.900000000000006,7.939394,9.722123905868907
50.900000000000006,8.140404,9.826522229553136
50.900000000000006,8.341414,9.921388644852042
50.900000000000006,8.542424,10.016257333132392
50.900000000000006,8.743434,10.11430926642055
50.900000000000006,8.944444,10.213641944551757
50.900000000000006,9.145455,10.290246405797596
50.900000000000006,9.346465,10.358165859639092
50.900000000000006,9.547475,10.424508495462561
50.900000000000006,9.748485,10.490262932421917
50.900000000000006,9.949495,10.556028449490022
50.900000000000006,10.15051,10.61282975048846
50.900000000000006,10.35152,10.66662325669386
50.900000000000006,10.55253,10.720417313236172
50.900000000000006,10.75354,10.773309274730844
50.900000000000006,10.95455,10.82593117056805
50.900000000000006,11.15556,10.867597584161087
50.900000000000006,11.35657,10.906055525371746
50.900000000000006,11.55758,10.943604067367987
50.900000000000006,11.75859,10.980903034617008
50.900000000000006,11.9596,11.018202362227886
50.900000000000006,12.16061,11.052584130171633
50.900000000000006,12.36162,11.086226637486517
50.900000000000006,12.56263,11.119859342695499
50.900000000000006,12.76364,11.152571763942571
50.900000000000006,12.96465,11.185054298141921
50.900000000000006,13.16566,11.212898371372455
50.900000000000006,13.36667,11.239732867948893
50.900000000000006,13.56768,11.266047547199184
50.900000000000006,13.76869,11.292252366245492
50.900000000000006,13.9697,11.318457314007729
50.900000000000006,14.17071,11.3435933528291
50.900000000000006,14.37172,11.368539642862181
50.900000000000006,14.57273,11.393486008849141
50.900000000000006,14.77374,11.417902216645846
50.900000000000006,14.97475,11.44221847318784
50.900000000000006,15.17576,11.464205219476794
50.900000000000006,15.37677,11.485842090019748
50.900000000000006,15.57778,11.507129044247625
50.900000000000006,15.77879,11.528366064189298
50.900000000000006,15.9798,11.54960314686555
50.900000000000006,16.18081,11.570300792464739
50.900000000000006,16.38182,11.590938535829721
50.900000000000006,16.58283,11.611576319809789
50.900000000000006,16.78384,11.631893996047427
50.900000000000006,16.98485,11.652181704223786
50.900000000000006,17.18586,11.670949564181454
50.900000000000006,17.38687,11.689587473862026
50.900000000000006,17.58788,11.7079654168096
50.900000000000006,17.78889,11.726313399963729
50.900000000000006,17.9899,11.744671423620924
50.900000000000006,18.19091,11.762649773939058
50.900000000000006,18.39192,11.78060816857719
50.900000000000006,18.59293,11.798576591933717
50.900000000000006,18.79394,11.816295041097337
50.900000000000006,18.99495,11.834013518717796
50.900000000000006,19.19596,11.850602193285726
50.900000000000006,19.39697,11.867160894495346
50.900000000000006,19.59798,11.883519699555272
50.900000000000006,19.79899,11.89986852528887
50.900000000000006,20.0,11.916217370262368
51.2,0.1,2.3180408627905815
51.2,0.3010101,3.1997541828874487
51.2,0.5020202,3.5796141710243377
51.2,0.7030303,3.825796139977312
51.2,0.9040404,4.037783878468423
51.2,1.105051,4.226239029723362
51.2,1.306061,4.401224548118919
51.2,1.507071,4.57594049879497
51.2,1.708081,4.7462766865636
51.2,1.909091,4.914977298122076
51.2,2.110101,5.08316475028652
51.2,2.311111,5.252795766736444
51.2,2.512121,5.421017660401561
51.2,2.713131,5.589243224940095
51.2,2.914141,5.757470224755044
51.2,3.115152,5.926897561675564
51.2,3.316162,6.097821012414523
51.2,3.517172,6.268747493390212
51.2,3.718182,6.439674841231061
51.2,3.919192,6.6107351885165215
51.2,4.120202,6.78321249852066
51.2,4.321212,6.953628995708978
51.2,4.522222,7.124048565772198
51.2,4.723232,7.294470989520905
51.2,4.924242,7.464896075218829
51.2,5.125253,7.608805930673789
51.2,5.326263,7.736680612455244
51.2,5.527273,7.864556706966271
51.2,5.728283,7.992433146539139
51.2,5.929293,8.12483969589927
51.2,6.130303,8.307466227327197
51.2,6.331313,8.502941685437877
51.2,6.532323,8.698417479595904
51.2,6.733333,8.893893587643674
51.2,6.934343,9.084730496563244
51.2,7.135354,9.224408395325739
51.2,7.336364,9.35087390282361
51.2,7.537374,9.47734477226205
51.2,7.738384,9.603822753523124
51.2,7.939394,9.730306609518257
51.2,8.140404,9.834706695491938
51.2,8.341414,9.929574593281329
51.2,8.542424,10.024445733074907
51.2,8.743434,10.119314052967901
51.2,8.944444,10.215183067337119
51.2,9.145455,10.291288953338544
51.2,9.346465,10.357051678891217
51.2,9.547475,10.422815520498196
51.2,9.748485,10.488570457290379
51.2,9.949495,10.554336468254359
51.2,10.15051,10.611138159071782
51.2,10.35152,10.664932018265974
51.2,10.55253,10.71872642434083
51.2,10.75354,10.772521369093164
51.2,10.95455,10.825995955602059
51.2,11.15556,10.867342614987978
51.2,11.35657,10.904640984500906
51.2,11.55758,10.941939720967131
51.2,11.75859,10.979248820536506
51.2,11.9596,11.016548279740269
51.2,12.16061,11.050920152617879
51.2,12.36162,11.08456275758667
51.2,12.56263,11.118205559753873
51.2,12.76364,11.151848557334763
51.2,12.96465,11.185111566238547
51.2,13.16566,11.212745724044378
51.2,13.36667,11.23895034098191
51.2,13.56768,11.265155088227946
51.2,13.76869,11.291359964831596
51.2,13.9697,11.317554970074438
51.2,14.17071,11.342701055040264
51.2,14.37172,11.367647389239616
51.2,14.57273,11.392593799206608
51.2,14.77374,11.417540284443975
51.2,14.97475,11.442256747082894
51.2,15.17576,11.464083535697593
51.2,15.37677,11.485320461175231
51.2,15.57778,11.506557449970847
51.2,15.77879,11.527794501733936
51.2,15.9798,11.549031616116606
51.2,16.18081,11.569739287851828
51.2,16.38182,11.590377056794342
51.2,16.58283,11.611014866227496
51.2,16.78384,11.631652715904274
51.2,16.98485,11.652140539251516
51.2,17.18586,11.670788417169126
51.2,17.38687,11.689136340182282
51.2,17.58788,11.707494304013935
51.2,17.78889,11.72585230846103
51.2,17.9899,11.744200353435515
51.2,18.19091,11.76217872190634
51.2,18.39192,11.780147134442425
51.2,18.59293,11.798105575723907
51.2,18.79394,11.816064045551471
51.2,18.99495,11.833912542478515
51.2,19.19596,11.850401273215933
51.2,19.39697,11.8667500728109
51.2,19.59798,11.88309889182223
51.2,19.79899,11.899447730118576
51.2,20.0,11.915796587645822
51.5,0.1,2.3313517817666742
51.5,0.3010101,3.218908773668961
51.5,0.5020202,3.601376528133668
51.5,0.7030303,3.848438179127883
51.5,0.9040404,4.05828485129124
51.5,1.105051,4.249026348873552
51.5,1.306061,4.4234791063121515
51.5,1.507071,4.598194485547435
51.5,1.708081,4.7685064082306345
51.5,1.909091,4.929859702150362
51.5,2.110101,5.09569743136485
51.5,2.311111,5.271097669687049
51.5,2.512121,5.439318078266202
51.5,2.713131,5.60754117058495
51.5,2.914141,5.775766716294608
51.5,3.115152,5.9439410873844585
51.5,3.316162,6.11487017245448
51.5,3.517172,6.2858022490006
51.5,3.718182,6.456735159304349
51.5,3.919192,6.627243753818041
51.5,4.120202,6.7966251865987415
51.5,4.321212,6.966409429322892
51.5,4.522222,7.136829227696885
51.5,4.723232,7.307251866006673
51.5,4.924242,7.477677148242888
51.5,5.125253,7.621588188993082
51.5,5.326263,7.749462042586777
51.5,5.527273,7.877338302614711
51.5,5.728283,8.005214900268104
51.5,5.929293,8.14046676100056
51.5,6.130303,8.316197172002438
51.5,6.331313,8.511672834646559
51.5,6.532323,8.70714882381749
51.5,6.733333,8.902625117986798
51.5,6.934343,9.067713212830766
51.5,7.135354,9.217722994140845
51.5,7.336364,9.351762843807252
51.5,7.537374,9.47823639294078
51.5,7.738384,9.60471600783067
51.5,7.939394,9.73120045338686
51.5,8.140404,9.835601711192272
51.5,8.341414,9.930471596312495
51.5,8.542424,10.025344703380114
51.5,8.743434,10.120213971967726
51.5,8.944444,10.204020212728807
51.5,9.145455,10.284219591912436
51.5,9.346465,10.353982016599081
51.5,9.547475,10.419736222496267
51.5,9.748485,10.48550151882197
51.5,9.949495,10.551267885407263
51.5,10.15051,10.608069857686091
51.5,10.35152,10.661863972286714
51.5,10.55253,10.715658631349747
51.5,10.75354,10.769453826737282
51.5,10.95455,10.81717120395803
51.5,11.15556,10.863519211008635
51.5,11.35657,10.902847648020257
51.5,11.55758,10.940146484226856
51.5,11.75859,10.977445683023749
51.5,11.9596,11.014755240633292
51.5,12.16061,11.049127192055016
51.5,12.36162,11.082769870214713
51.5,12.56263,11.116412745214031
51.5,12.76364,11.150045815340755
51.5,12.96465,11.180849731165015
51.5,13.16566,11.211163776506195
51.5,13.36667,11.238078353265433
51.5,13.56768,11.264283146579219
51.5,13.76869,11.290488069047843
51.5,13.9697,11.316693119860663
51.5,14.17071,11.3418292417475
51.5,14.37172,11.3667756110911
51.5,14.57273,11.391722056053585
51.5,14.77374,11.416678576061084
51.5,14.97475,11.4400953937263
51.5,15.17576,11.463312205539228
51.5,15.37677,11.484789146448644
51.5,15.57778,11.506036161220214
51.5,15.77879,11.52727323893452
51.5,15.9798,11.548510379176847
51.5,16.18081,11.569208072356606
51.5,16.38182,11.589845862118182
51.5,16.58283,11.610483692298244
51.5,16.78384,11.631121562650442
51.5,16.98485,11.650739523994545
51.5,17.18586,11.670267466480523
51.5,17.38687,11.688705409867952
51.5,17.58788,11.7070633913762
51.5,17.78889,11.72542141350551
51.5,17.9899,11.743769476049359
51.5,18.19091,11.761747859537175
51.5,18.39192,11.779716286912196
51.5,18.59293,11.797674742987354
51.5,18.79394,11.815633227592087
51.5,18.99495,11.83283190791328
51.5,19.19596,11.850000580080726
51.5,19.39697,11.866359388012965
51.5,19.59798,11.88270821763567
51.5,19.79899,11.899057066564863
51.5,20.0,11.91540593467209
51.8,0.1,2.3435949843301485
51.8,0.3010101,3.2375052824772195
51.8,0.5020202,3.622472484406505
51.8,0.7030303,3.870461370459447
51.8,0.9040404,4.083345912913853
51.8,1.105051,4.271941403885396
51.8,1.306061,4.446340110356714
51.8,1.507071,4.620755320301251
51.8,1.708081,4.77173606456043
51.8,1.909091,4.914597555078308
51.8,2.110101,5.0817810021095084
51.8,2.311111,5.289194358576151
51.8,2.512121,5.457414176001473
51.8,2.713131,5.625636707986732
51.8,2.914141,5.791984980918245
51.8,3.115152,5.960238188573057
51.8,3.316162,6.131167848952609
51.8,3.517172,6.302038771836074
51.8,3.718182,6.472253018663216
51.8,3.919192,6.642468580293564
51.8,4.120202,6.811850136542126
51.8,4.321212,6.980673358410015
51.8,4.522222,7.149676416398541
51.8,4.723232,7.320099220804808
51.8,4.924242,7.490524658878636
51.8,5.125253,7.634435843240478
51.8,5.326263,7.762309837661249
51.8,5.527273,7.891740996226843
51.8,5.728283,8.03108209115784
51.8,5.929293,8.170424611999362
51.8,6.130303,8.346155188136585
51.8,6.331313,8.541630969773907
51.8,6.532323,8.729795374958686
51.8,6.733333,8.879802948136378
51.8,6.934343,9.029814255932736
51.8,7.135354,9.179827164463303
51.8,7.336364,9.329843548114294
51.8,7.537374,9.475484782352613
51.8,7.738384,9.601964621389588
51.8,7.939394,9.72845125951354
51.8,8.140404,9.83285339645075
51.8,8.341414,9.927723020962713
51.8,8.542424,10.019340429970704
51.8,8.743434,10.098807493146113
51.8,8.944444,10.178276040664224
51.8,9.145455,10.258475424552273
51.8,9.346465,10.338966082703424
51.8,9.547475,10.415978751547671
51.8,9.748485,10.481744337718178
51.8,9.949495,10.547500991246569
51.8,10.15051,10.604303191159378
51.8,10.35152,10.658097512492251
51.8,10.55253,10.709832970774038
51.8,10.75354,10.755730568653435
51.8,10.95455,10.801628575235068
51.8,11.15556,10.847966627373774
51.8,11.35657,10.894434990289325
51.8,11.55758,10.938283801946833
51.8,11.75859,10.975583083277336
51.8,11.9596,11.01289272281251
51.8,12.16061,11.047264739668972
51.8,12.36162,11.080907478922732
51.8,12.56263,11.113460674653876
51.8,12.76364,11.14363461479441
51.8,12.96465,11.173808711000682
51.8,13.16566,11.204122773416888
51.8,13.36667,11.234476958149846
51.8,13.56768,11.26343146526185
51.8,13.76869,11.289636427772743
51.8,13.9697,11.315841518407293
51.8,14.17071,11.340977672399191
51.8,14.37172,11.365924072374808
51.8,14.57273,11.390240643633547
51.8,14.77374,11.41342745276576
51.8,14.97475,11.436614327270208
51.8,15.17576,11.45984115807006
51.8,15.37677,11.48306804203226
51.8,15.57778,11.505525026991984
51.8,15.77879,11.526762127682277
51.8,15.9798,11.547999290853896
51.8,16.18081,11.568697003023258
51.8,16.38182,11.589334811240569
51.8,16.58283,11.609522683219181
51.8,16.78384,11.629050627680003
51.8,16.98485,11.648568610554943
51.8,17.18586,11.668106568974402
51.8,17.38687,11.687634562442886
51.8,17.58788,11.706652580215973
51.8,17.78889,11.725000618197571
51.8,17.9899,11.743358696458474
51.8,18.19091,11.761337093392532
51.8,18.39192,11.779295534092945
51.8,18.59293,11.796894085366619
51.8,18.79394,11.814062756224722
51.8,18.99495,11.831241449675916
51.8,19.19596,11.848400129148835
51.8,19.39697,11.865568831145193
51.8,19.59798,11.882337611506623
51.8,19.79899,11.898686470028643
51.8,20.0,11.915035347751745
52.099999999999994,0.1,2.356190185989817
52.099999999999994,0.3010101,3.2558639120488686
52.099999999999994,0.5020202,3.643304422334489
52.099999999999994,0.7030303,3.892057289035848
52.099999999999994,0.9040404,4.102718744021073
52.099999999999994,1.105051,4.294100989932082
52.099999999999994,1.306061,4.468560030010591
52.099999999999994,1.507071,4.643303381294346
52.099999999999994,1.708081,4.8127547376122966
52.099999999999994,1.909091,4.9726878481409
52.099999999999994,2.110101,5.122684160811244
52.099999999999994,2.311111,5.285808951227752
52.099999999999994,2.512121,5.475512053341828
52.099999999999994,2.713131,5.64250367279502
52.099999999999994,2.914141,5.808055436619667
52.099999999999994,3.115152,5.976536338363612
52.099999999999994,3.316162,6.147051088100739
52.099999999999994,3.517172,6.317263823983428
52.099999999999994,3.718182,6.487476985588188
52.099999999999994,3.919192,6.657692463138937
52.099999999999994,4.120202,6.827075136617904
52.099999999999994,4.321212,6.995898600846313
52.099999999999994,4.522222,7.164725013160206
52.099999999999994,4.723232,7.3335551679033575
52.099999999999994,4.924242,7.503372195351662
52.099999999999994,5.125253,7.647283525931349
52.099999999999994,5.326263,7.782358529024298
52.099999999999994,5.527273,7.921698399589398
52.099999999999994,5.728283,8.061039754451857
52.099999999999994,5.929293,8.200382521180094
52.099999999999994,6.130303,8.376113260050763
52.099999999999994,6.331313,8.541884780434021
52.099999999999994,6.532323,8.69189385852035
52.099999999999994,6.733333,8.841904712432251
52.099999999999994,6.934343,8.991919203016012
52.099999999999994,7.135354,9.141935200650943
52.099999999999994,7.336364,9.291954585035795
52.099999999999994,7.537374,9.441975240020623
52.099999999999994,7.738384,9.591999060157962
52.099999999999994,7.939394,9.725701328852713
52.099999999999994,8.140404,9.830105342555575
52.099999999999994,8.341414,9.914135221936279
52.099999999999994,8.542424,9.993599079066398
52.099999999999994,8.743434,10.073063455078
52.099999999999994,8.944444,10.152532314153044
52.099999999999994,9.145455,10.232731699276176
52.099999999999994,9.346465,10.313222245191472
52.099999999999994,9.547475,10.393714285453463
52.099999999999994,9.748485,10.474207785526932
52.099999999999994,9.949495,10.543744175374119
52.099999999999994,10.15051,10.600546602535426
52.099999999999994,10.35152,10.648382895427996
52.099999999999994,10.55253,10.694280198846434
52.099999999999994,10.75354,10.740177915816183
52.099999999999994,10.95455,10.78607604106269
52.099999999999994,11.15556,10.832414137809344
52.099999999999994,11.35657,10.878892523946945
52.099999999999994,11.55758,10.925361322926745
52.099999999999994,11.75859,10.971830529317181
52.099999999999994,11.9596,11.011020224117269
52.099999999999994,12.16061,11.0454023062231
52.099999999999994,12.36162,11.076255792617188
52.099999999999994,12.56263,11.106429608480806
52.099999999999994,12.76364,11.136593581725768
52.099999999999994,12.96465,11.166767710734026
52.099999999999994,13.16566,11.197091790177877
52.099999999999994,13.36667,11.227435988736497
52.099999999999994,13.56768,11.257790349414456
52.099999999999994,13.76869,11.288134871016243
52.099999999999994,13.9697,11.314989929327208
52.099999999999994,14.17071,11.34012611540106
52.099999999999994,14.37172,11.363572775662647
52.099999999999994,14.57273,11.38675954189743
52.099999999999994,14.77374,11.409946373793062
52.099999999999994,14.97475,11.433133271028115
52.099999999999994,15.17576,11.45636012095215
52.099999999999994,15.37677,11.47958702343233
52.099999999999994,15.57778,11.502813994432042
52.099999999999994,15.77879,11.526041033537046
52.099999999999994,15.9798,11.547488210997422
52.099999999999994,16.18081,11.568185942109457
52.099999999999994,16.38182,11.587823820838178
52.099999999999994,16.58283,11.607351743862733
52.099999999999994,16.78384,11.626879705362233
52.099999999999994,16.98485,11.646407705112885
52.099999999999994,17.18586,11.6659356795256
52.099999999999994,17.38687,11.68546368881382
52.099999999999994,17.58788,11.704991738095163
52.099999999999994,17.78889,11.724529827068881
52.099999999999994,17.9899,11.742947923060383
52.099999999999994,18.19091,11.760926333403525
52.099999999999994,18.39192,11.778134958427836
52.099999999999994,18.59293,11.795303614458106
52.099999999999994,18.79394,11.812472293195011
52.099999999999994,18.99495,11.829640994487157
52.099999999999994,19.19596,11.84680968124617
52.099999999999994,19.39697,11.863978390480863
52.099999999999994,19.59798,11.881147123058842
52.099999999999994,19.79899,11.898315878879057
52.099999999999994,20.0,11.914664765624206
52.400000000000006,0.1,2.3681816657076684
52.400000000000006,0.3010101,3.2743237876309284
52.400000000000006,0.5020202,3.6634254515146187
52.400000000000006,0.7030303,3.9138747547305353
52.400000000000006,0.9040404,4.127436547758283
52.400000000000006,1.105051,4.3164893686020696
52.400000000000006,1.306061,4.49132339351424
52.400000000000006,1.507071,4.666067711009443
52.400000000000006,1.708081,4.835508530201537
52.400000000000006,1.909091,5.0031706127354205
52.400000000000006,2.110101,5.165608972807216
52.400000000000006,2.311111,5.327832980403191
52.400000000000006,2.512121,5.490949564024781
52.400000000000006,2.713131,5.656400577632192
52.400000000000006,2.914141,5.82063573386395
52.400000000000006,3.115152,5.975874842904168
52.400000000000006,3.316162,6.146085845537117
52.400000000000006,3.517172,6.316298407698676
52.400000000000006,3.718182,6.486512404681792
52.400000000000006,3.919192,6.672685325203179
52.400000000000006,4.120202,6.842275551279445
52.400000000000006,4.321212,7.011099437042683
52.400000000000006,4.522222,7.179927242725039
52.400000000000006,4.723232,7.348756771205005
52.400000000000006,4.924242,7.517371333701699
52.400000000000006,5.125253,7.659758730394534
52.400000000000006,5.326263,7.7990972743363365
52.400000000000006,5.527273,7.938437375460852
52.400000000000006,5.728283,8.077778949827422
52.400000000000006,5.929293,8.217121925749744
52.400000000000006,6.130303,8.382667676015902
52.400000000000006,6.331313,8.532674748907919
52.400000000000006,6.532323,8.682684683141202
52.400000000000006,6.733333,8.832698332814012
52.400000000000006,6.934343,8.982713563404236
52.400000000000006,7.135354,9.132732244910542
52.400000000000006,7.336364,9.282752259986239
52.400000000000006,7.537374,9.432775497116577
52.400000000000006,7.738384,9.582799852117581
52.400000000000006,7.939394,9.726759944927965
52.400000000000006,8.140404,9.826191909899412
52.400000000000006,8.341414,9.905654586787064
52.400000000000006,8.542424,9.98511881508457
52.400000000000006,8.743434,10.06458555761674
52.400000000000006,8.944444,10.144054778790114
52.400000000000006,9.145455,10.224254425248663
52.400000000000006,9.346465,10.304745193255084
52.400000000000006,9.547475,10.385237453304791
52.400000000000006,9.748485,10.46573117096286
52.400000000000006,9.949495,10.54187745795678
52.400000000000006,10.15051,10.596912656889678
52.400000000000006,10.35152,10.642809644511201
52.400000000000006,10.55253,10.688707050394566
52.400000000000006,10.75354,10.734604869171601
52.400000000000006,10.95455,10.780503095567912
52.400000000000006,11.15556,10.826841271051945
52.400000000000006,11.35657,10.87330972931163
52.400000000000006,11.55758,10.919788599660988
52.400000000000006,11.75859,10.966257877196176
52.400000000000006,11.9596,11.009797681916748
52.400000000000006,12.16061,11.04352023837072
52.400000000000006,12.36162,11.073693940431552
52.400000000000006,12.56263,11.103867800787945
52.400000000000006,12.76364,11.134041818199712
52.400000000000006,12.96465,11.164205991409853
52.400000000000006,13.16566,11.194530111277789
52.400000000000006,13.36667,11.224874349343166
52.400000000000006,13.56768,11.255228749352261
52.400000000000006,13.76869,11.28557331010906
52.400000000000006,13.9697,11.314388291491076
52.400000000000006,14.17071,11.339094755351693
52.400000000000006,14.37172,11.362281480200924
52.400000000000006,14.57273,11.3854782709434
52.400000000000006,14.77374,11.408665127412156
52.400000000000006,14.97475,11.431852049088358
52.400000000000006,15.17576,11.455078923058885
52.400000000000006,15.37677,11.478305849451353
52.400000000000006,15.57778,11.501532844274402
52.400000000000006,15.77879,11.524759907114289
52.400000000000006,15.9798,11.547117128052317
52.400000000000006,16.18081,11.567454983582477
52.400000000000006,16.38182,11.586982884290803
52.400000000000006,16.58283,11.606510823585594
52.400000000000006,16.78384,11.626038801335948
52.400000000000006,16.98485,11.645566817316887
52.400000000000006,17.18586,11.665094808003913
52.400000000000006,17.38687,11.684622833588591
52.400000000000006,17.58788,11.704160899011727
52.400000000000006,17.78889,11.723689004222345
52.400000000000006,17.9899,11.742617168233606
52.400000000000006,18.19091,11.76030571321935
52.400000000000006,18.39192,11.777474356102118
52.400000000000006,18.59293,11.794643021710463
52.400000000000006,18.79394,11.811811709972377
52.400000000000006,18.99495,11.828990420781702
52.400000000000006,19.19596,11.846149117186856
52.400000000000006,19.39697,11.863317836010655
52.400000000000006,19.59798,11.880486578150967
52.400000000000006,19.79899,11.89765534350721
52.400000000000006,20.0,11.914354198191006
52.7,0.1,2.380154340835135
52.7,0.3010101,3.29272087339504
52.7,0.5020202,3.684301386455879
52.7,0.7030303,3.935297925287178
52.7,0.9040404,4.149835357376018
52.7,1.105051,4.339055964771091
52.7,1.306061,4.514103183547255
52.7,1.507071,4.68909680504506
52.7,1.708081,4.857946108354681
52.7,1.909091,5.023259083214456
52.7,2.110101,5.185388331974409
52.7,2.311111,5.341500036023127
52.7,2.512121,5.500550003324211
52.7,2.713131,5.6524964499261765
52.7,2.914141,5.788942751208506
52.7,3.115152,5.9425314725369205
52.7,3.316162,6.1297562017856855
52.7,3.517172,6.3329843539477935
52.7,3.718182,6.517106397148982
52.7,3.919192,6.687837155176981
52.7,4.120202,6.857427886420274
52.7,4.321212,7.026252553372356
52.7,4.522222,7.19508109745258
52.7,4.723232,7.362804925513989
52.7,4.924242,7.529833655382283
52.7,5.125253,7.670355937786271
52.7,5.326263,7.794845737120559
52.7,5.527273,7.9287384119586894
52.7,5.728283,8.068080131552229
52.7,5.929293,8.207423246193121
52.7,6.130303,8.37881477323899
52.7,6.331313,8.567596756237364
52.7,6.532323,8.730855820808726
52.7,6.733333,8.880867367558789
52.7,6.934343,9.030882515150147
52.7,7.135354,9.180899137714293
52.7,7.336364,9.330919115666683
52.7,7.537374,9.480940337394985
52.7,7.738384,9.609651176431607
52.7,7.939394,9.728720365126735
52.7,8.140404,9.831397158484389
52.7,8.341414,9.926997768350793
52.7,8.542424,10.011161500100467
52.7,8.743434,10.090629714465615
52.7,8.944444,10.17009939635143
52.7,9.145455,10.250309823088102
52.7,9.346465,10.33079148148378
52.7,9.547475,10.411284614063037
52.7,9.748485,10.478752663683437
52.7,9.949495,10.541612852985711
52.7,10.15051,10.599108242276868
52.7,10.35152,10.654815548366473
52.7,10.55253,10.703073078280287
52.7,10.75354,10.748970963881966
52.7,10.95455,10.794869255995028
52.7,11.15556,10.841207578283576
52.7,11.35657,10.887676205458273
52.7,11.55758,10.934155242748616
52.7,11.75859,10.972815016245427
52.7,11.9596,11.009395221336073
52.7,12.16061,11.0444976321149
52.7,12.36162,11.079230717925741
52.7,12.56263,11.110264518554729
52.7,12.76364,11.140438602775767
52.7,12.96465,11.17061284232837
52.7,13.16566,11.200927049229323
52.7,13.36667,11.231281378114431
52.7,13.56768,11.261625868474308
52.7,13.76869,11.288251157158628
52.7,13.9697,11.314156684492096
52.7,14.17071,11.339653156948476
52.7,14.37172,11.365079848408358
52.7,14.57273,11.388586658784407
52.7,14.77374,11.411773543220034
52.7,14.97475,11.434960492732497
52.7,15.17576,11.458187400601558
52.7,15.37677,11.48141436166709
52.7,15.57778,11.50464139100471
52.7,15.77879,11.525918692368428
52.7,15.9798,11.54694607581688
52.7,16.18081,11.567823979963643
52.7,16.38182,11.588691972882755
52.7,16.58283,11.60833993384881
52.7,16.78384,11.62786792633815
52.7,16.98485,11.647395957001747
52.7,17.18586,11.666923964718928
52.7,17.38687,11.68645200746491
52.7,17.58788,11.705980090030454
52.7,17.78889,11.724258252891042
52.7,17.9899,11.742446455610434
52.7,18.19091,11.760544963522818
52.7,18.39192,11.778643512078041
52.7,18.59293,11.795852186413093
52.7,18.79394,11.813020887646282
52.7,18.99495,11.83018961136844
52.7,19.19596,11.847358321980757
52.7,19.39697,11.864527055037366
52.7,19.59798,11.881695811367697
52.7,19.79899,11.897924723380793
52.7,20.0,11.914143655067418
53.0,0.1,2.392284106661902
53.0,0.3010101,3.3109733050980874
53.0,0.5020202,3.705319479480199
53.0,0.7030303,3.95714111873155
53.0,0.9040404,4.169361723355518
53.0,1.105051,4.361386538129405
53.0,1.306061,4.5364313447435425
53.0,1.507071,4.711647167390765
53.0,1.708081,4.878814440825619
53.0,1.909091,5.043935087050401
53.0,2.110101,5.206037075104042
53.0,2.311111,5.36215060894068
53.0,2.512121,5.51796021649963
53.0,2.713131,5.681958440967739
53.0,2.914141,5.818726842419881
53.0,3.115152,5.990186443596744
53.0,3.316162,6.1907998460829745
53.0,3.517172,6.361528964823405
53.0,3.718182,6.532258475356168
53.0,3.919192,6.70298926910612
53.0,4.120202,6.872580496282273
53.0,4.321212,7.041215411276413
53.0,4.522222,7.208240025328608
53.0,4.723232,7.375266974691568
53.0,4.924242,7.542296104216164
53.0,5.125253,7.682817756971372
53.0,5.326263,7.807307906395936
53.0,5.527273,7.9317992892384535
53.0,5.728283,8.058381343414549
53.0,5.929293,8.197724598212199
53.0,6.130303,8.369116282483667
53.0,6.331313,8.557898428330029
53.0,6.532323,8.74668192074549
53.0,6.733333,8.929037914616874
53.0,6.934343,9.079050983802851
53.0,7.135354,9.229066549987435
53.0,7.336364,9.373483867929156
53.0,7.537374,9.492544536792066
53.0,7.738384,9.611610947307536
53.0,7.939394,9.730680925571997
53.0,8.140404,9.833358297539727
53.0,8.341414,9.92895939261033
53.0,8.542424,10.024558322395706
53.0,8.743434,10.116684651195191
53.0,8.944444,10.196144785773248
53.0,9.145455,10.276355983180597
53.0,9.346465,10.352769690424273
53.0,9.547475,10.415628381189256
53.0,9.748485,10.478487918385209
53.0,9.949495,10.541348286893442
53.0,10.15051,10.598843812304883
53.0,10.35152,10.654551239372974
53.0,10.55253,10.710249054089061
53.0,10.75354,10.763337188007252
53.0,10.95455,10.80923554511528
53.0,11.15556,10.855574013267896
53.0,11.35657,10.899262934533466
53.0,11.55758,10.93584254483443
53.0,11.75859,10.972412494554947
53.0,11.9596,11.008992780118017
53.0,12.16061,11.044095255053481
53.0,12.36162,11.078828400742344
53.0,12.56263,11.113551734173528
53.0,12.76364,11.146845450170732
53.0,12.96465,11.177019755842938
53.0,13.16566,11.207334049493111
53.0,13.36667,11.236208731362543
53.0,13.56768,11.262114071556041
53.0,13.76869,11.288019524930265
53.0,13.9697,11.313925090707095
53.0,14.17071,11.339421594376363
53.0,14.37172,11.364848315614339
53.0,14.57273,11.390275104094384
53.0,14.77374,11.414881980098064
53.0,14.97475,11.43806895738907
53.0,15.17576,11.461295899169635
53.0,15.37677,11.483682985291358
53.0,15.57778,11.504720277921695
53.0,15.77879,11.52574762689663
53.0,15.9798,11.546775031845126
53.0,16.18081,11.567662953633507
53.0,16.38182,11.588520963787902
53.0,16.58283,11.60937900949643
53.0,16.78384,11.629687060132119
53.0,16.98485,11.649215105457776
53.0,17.18586,11.66874313018297
53.0,17.38687,11.687701209274758
53.0,17.58788,11.705889351820224
53.0,17.78889,11.72408753154059
53.0,17.9899,11.742275748401482
53.0,18.19091,11.760374268332024
53.0,18.39192,11.778472828759098
53.0,18.59293,11.796561415221799
53.0,18.79394,11.814230074719198
53.0,18.99495,11.831398811354985
53.0,19.19596,11.848567536192027
53.0,19.39697,11.865276349542201
53.0,19.59798,11.881495253434984
53.0,19.79899,11.897714175707739
53.0,20.0,11.913933116260324
53.3,0.1,2.404183160988307
53.3,0.3010101,3.3285419690916274
53.3,0.5020202,3.7253942732163092
53.3,0.7030303,3.9781457435970466
53.3,0.9040404,4.193728498082638
53.3,1.105051,4.3836312891828255
53.3,1.306061,4.558890944289873
53.3,1.507071,4.734166967510732
53.3,1.708081,4.901282085499892
53.3,1.909091,5.065682831188786
53.3,2.110101,5.226999928232205
53.3,2.311111,5.382774097413143
53.3,2.512121,5.538550691682433
53.3,2.713131,5.702710933762875
53.3,2.914141,5.867173634283709
53.3,3.115152,6.035225492300424
53.3,3.316162,6.205952145151386
53.3,3.517172,6.376680300042913
53.3,3.718182,6.547410843118556
53.3,3.919192,6.718141667075747
53.3,4.120202,6.886654158398571
53.3,4.321212,7.053676734214888
53.3,4.522222,7.220701789624882
53.3,4.723232,7.3877281566149575
53.3,4.924242,7.554757681537092
53.3,5.125253,7.695280700789035
53.3,5.326263,7.819771198907014
53.3,5.527273,7.94426291424044
53.3,5.728283,8.068755793712244
53.3,5.929293,8.19324978266226
53.3,6.130303,8.3594178231139
53.3,6.331313,8.548200131519106
53.3,6.532323,8.736983780946808
53.3,6.733333,8.925769686184347
53.3,6.934343,9.11455576804184
53.3,7.135354,9.256385546882491
53.3,7.336364,9.37544214309272
53.3,7.537374,9.494503641680046
53.3,7.738384,9.613569861595224
53.3,7.939394,9.732640627310458
53.3,8.140404,9.83531857550412
53.3,8.341414,9.930921153693014
53.3,8.542424,10.026527556958357
53.3,8.743434,10.122133733579423
53.3,8.944444,10.217741633778289
53.3,9.145455,10.289646605355768
53.3,9.346465,10.352504619684773
53.3,9.547475,10.415363493739024
53.3,9.748485,10.478223212070619
53.3,9.949495,10.541083759552341
53.3,10.15051,10.598579420871745
53.3,10.35152,10.654286968745113
53.3,10.55253,10.70998490299506
53.3,10.75354,10.765683217412985
53.3,10.95455,10.821381906169256
53.3,11.15556,10.862280920470312
53.3,11.35657,10.898860269912293
53.3,11.55758,10.935439961629454
53.3,11.75859,10.972019992089782
53.3,11.9596,11.00860035802275
53.3,12.16061,11.043692897299078
53.3,12.36162,11.07842610275887
53.3,12.56263,11.113159495573719
53.3,12.76364,11.147883074006558
53.3,12.96465,11.182616836195056
53.3,13.16566,11.21007176985376
53.3,13.36667,11.23597703502468
53.3,13.56768,11.26188241398347
53.3,13.76869,11.287787905987875
53.3,13.9697,11.313693510178325
53.3,14.17071,11.33919004495175
53.3,14.37172,11.364616795939096
53.3,14.57273,11.390043614038241
53.3,14.77374,11.415480498729043
53.3,14.97475,11.440907449711483
53.3,15.17576,11.46248462714134
53.3,15.37677,11.483521884898611
53.3,15.57778,11.504549199233203
53.3,15.77879,11.525576569770712
53.3,15.9798,11.54661399614865
53.3,16.18081,11.567491935609102
53.3,16.38182,11.58834996292962
53.3,16.58283,11.60921802572465
53.3,16.78384,11.630076123873083
53.3,16.98485,11.65094425714976
53.3,17.18586,11.669332345600528
53.3,17.38687,11.687530464948528
53.3,17.58788,11.705718621714482
53.3,17.78889,11.723916815612576
53.3,17.9899,11.74210504660739
53.3,18.19091,11.760203578547697
53.3,18.39192,11.778302150838662
53.3,18.59293,11.796390749128875
53.3,18.79394,11.814489373281035
53.3,18.99495,11.832588023160685
53.3,19.19596,11.848846894002929
53.3,19.39697,11.865065788421889
53.3,19.59798,11.881284701223748
53.3,19.79899,11.897503632380722
53.3,20.0,11.91372258179435
53.599999999999994,0.1,2.415771483051324
53.599999999999994,0.3010101,3.345723998792012
53.599999999999994,0.5020202,3.7451299878753592
53.599999999999994,0.7030303,3.9988111972294482
53.599999999999994,0.9040404,4.212262210506331
53.599999999999994,1.105051,4.404358841172267
53.599999999999994,1.306061,4.577997172544198
53.599999999999994,1.507071,4.752785089702417
53.599999999999994,1.708081,4.9199465025724205
53.599999999999994,1.909091,5.0822970968251555
53.599999999999994,2.110101,5.242360265987943
53.599999999999994,2.311111,5.399168686584299
53.599999999999994,2.512121,5.55504563703825
53.599999999999994,2.713131,5.719046503269367
53.599999999999994,2.914141,5.857331552213497
53.599999999999994,3.115152,6.012490332695937
53.599999999999994,3.316162,6.1832165568703035
53.599999999999994,3.517172,6.371028653457972
53.599999999999994,3.718182,6.570246324067154
53.599999999999994,3.919192,6.735431925172832
53.599999999999994,4.120202,6.900454623196944
53.599999999999994,4.321212,7.065592285337553
53.599999999999994,4.522222,7.2326168873571035
53.599999999999994,4.723232,7.399644772219773
53.599999999999994,4.924242,7.566674788918352
53.599999999999994,5.125253,7.707198259895796
53.599999999999994,5.326263,7.831689182945576
53.599999999999994,5.527273,7.956181309734051
53.599999999999994,5.728283,8.0822206080925
53.599999999999994,5.929293,8.217708180352757
53.599999999999994,6.130303,8.387743766206823
53.599999999999994,6.331313,8.576526561029121
53.599999999999994,6.532323,8.765310671587738
53.599999999999994,6.733333,8.946862710764163
53.599999999999994,6.934343,9.092027199122617
53.599999999999994,7.135354,9.23719338793757
53.599999999999994,7.336364,9.377640216283043
53.599999999999994,7.537374,9.496702558232842
53.599999999999994,7.738384,9.615769598418293
53.599999999999994,7.939394,9.734841164463406
53.599999999999994,8.140404,9.837519720489043
53.599999999999994,8.341414,9.933121819734247
53.599999999999994,8.542424,10.028726733666137
53.599999999999994,8.743434,10.120524653999285
53.599999999999994,8.944444,10.19849848263736
53.599999999999994,9.145455,10.277133179507501
53.599999999999994,9.346465,10.352309497668072
53.599999999999994,9.547475,10.415168553214745
53.599999999999994,9.748485,10.478028450852904
53.599999999999994,9.949495,10.540889175540483
53.599999999999994,10.15051,10.598384975898066
53.599999999999994,10.35152,10.654092649444571
53.599999999999994,10.55253,10.709790708017103
53.599999999999994,10.75354,10.76284927849901
53.599999999999994,10.95455,10.808658578514867
53.599999999999994,11.15556,10.854877995114531
53.599999999999994,11.35657,10.898467623811587
53.599999999999994,11.55758,10.935047395672694
53.599999999999994,11.75859,10.971617506007625
53.599999999999994,11.9596,11.00819795103857
53.599999999999994,12.16061,11.043300554777995
53.599999999999994,12.36162,11.078033820963343
53.599999999999994,12.56263,11.112757274148025
53.599999999999994,12.76364,11.146081178775715
53.599999999999994,12.96465,11.1763658149217
53.599999999999994,13.16566,11.206800437480084
53.599999999999994,13.36667,11.235745359264323
53.599999999999994,13.56768,11.26165077636203
53.599999999999994,13.76869,11.287556306332261
53.599999999999994,13.9697,11.313461948317316
53.599999999999994,14.17071,11.33895851422167
53.599999999999994,14.37172,11.364385295052147
53.599999999999994,14.57273,11.38981214286254
53.599999999999994,14.77374,11.41443914794123
53.599999999999994,14.97475,11.437666369784358
53.599999999999994,15.17576,11.46093355235359
53.599999999999994,15.37677,11.48335080003761
53.599999999999994,15.57778,11.504378135671832
53.599999999999994,15.77879,11.525415527375225
53.599999999999994,15.9798,11.546442974957179
53.599999999999994,16.18081,11.567320932002604
53.599999999999994,16.38182,11.588188976406196
53.599999999999994,16.58283,11.609047056324924
53.599999999999994,16.78384,11.62935519077953
53.599999999999994,16.98485,11.648873386441958
53.599999999999994,17.18586,11.66840155850569
53.599999999999994,17.38687,11.687359731545664
53.599999999999994,17.58788,11.705547902342206
53.599999999999994,17.78889,11.723746110227856
53.599999999999994,17.9899,11.74193435516703
53.599999999999994,18.19091,11.760032899065257
53.599999999999994,18.39192,11.778131483175212
53.599999999999994,18.59293,11.79622009324818
53.599999999999994,18.79394,11.813878795305413
53.599999999999994,18.99495,11.831017595093316
53.599999999999994,19.19596,11.848166381996373
53.599999999999994,19.39697,11.864865235409374
53.599999999999994,19.59798,11.88108415701922
53.599999999999994,19.79899,11.897303096936952
53.599999999999994,20.0,11.913522055087434
53.900000000000006,0.1,2.4270198936941187
53.900000000000006,0.3010101,3.362921121616077
53.900000000000006,0.5020202,3.7641016713681945
53.900000000000006,0.7030303,4.019218932843898
53.900000000000006,0.9040404,4.235442789154027
53.900000000000006,1.105051,4.425022650039825
53.900000000000006,1.306061,4.598658911764138
53.900000000000006,1.507071,4.772083398101582
53.900000000000006,1.708081,4.936528075762628
53.900000000000006,1.909091,5.098329241804127
53.900000000000006,2.110101,5.258404758804986
53.900000000000006,2.311111,5.4152116875553356
53.900000000000006,2.512121,5.572793362333834
53.900000000000006,2.713131,5.7278491698284855
53.900000000000006,2.914141,5.865907054997749
53.900000000000006,3.115152,6.036735276384115
53.900000000000006,3.316162,6.239334032196511
53.900000000000006,3.517172,6.42012243990084
53.900000000000006,3.718182,6.5853065244694085
53.900000000000006,3.919192,6.750492017171316
53.900000000000006,4.120202,6.915516619665167
53.900000000000006,4.321212,7.080432390842647
53.900000000000006,4.522222,7.245348932311592
53.900000000000006,4.723232,7.411561577314874
53.900000000000006,4.924242,7.578592080063381
53.900000000000006,5.125253,7.7191149964568195
53.900000000000006,5.326263,7.843606340325416
53.900000000000006,5.527273,7.975058969089337
53.900000000000006,5.728283,8.110545837179421
53.900000000000006,5.929293,8.24603383882811
53.900000000000006,6.130303,8.416068896386292
53.900000000000006,6.331313,8.604852170316398
53.900000000000006,6.532323,8.764920511204616
53.900000000000006,6.733333,8.910084452016045
53.900000000000006,6.934343,9.055251166345188
53.900000000000006,7.135354,9.20042052164232
53.900000000000006,7.336364,9.34559239736143
53.900000000000006,7.537374,9.490765676655206
53.900000000000006,7.738384,9.617968487719176
53.900000000000006,7.939394,9.737040851875387
53.900000000000006,8.140404,9.839720013754958
53.900000000000006,8.341414,9.93532363230526
53.900000000000006,8.542424,10.018430379045627
53.900000000000006,8.743434,10.096413201505348
53.900000000000006,8.944444,10.174387214250702
53.900000000000006,9.145455,10.253021824531348
53.900000000000006,9.346465,10.331897431731928
53.900000000000006,9.547475,10.41078423559558
53.900000000000006,9.748485,10.477833731342256
53.900000000000006,9.949495,10.540694632984518
53.900000000000006,10.15051,10.598190572286248
53.900000000000006,10.35152,10.653888371396896
53.900000000000006,10.55253,10.702086952574973
53.900000000000006,10.75354,10.74789602425931
53.900000000000006,10.95455,10.793695453373495
53.900000000000006,11.15556,10.839914931971455
53.900000000000006,11.35657,10.886244683559893
53.900000000000006,11.55758,10.932584793443926
53.900000000000006,11.75859,10.971225039713225
53.900000000000006,11.9596,11.007805563895632
53.900000000000006,12.16061,11.042898232250336
53.900000000000006,12.36162,11.077631559047077
53.900000000000006,12.56263,11.108765769364211
53.900000000000006,12.76364,11.139050291696716
53.900000000000006,12.96465,11.169334956460608
53.900000000000006,13.16566,11.199769593027998
53.900000000000006,13.36667,11.23022434194735
53.900000000000006,13.56768,11.260689238835978
53.900000000000006,13.76869,11.287324720152593
53.900000000000006,13.9697,11.31323039990294
53.900000000000006,14.17071,11.33872699690926
53.900000000000006,14.37172,11.364153807554061
53.900000000000006,14.57273,11.387700900608397
53.900000000000006,14.77374,11.410928087142594
53.900000000000006,14.97475,11.43415533079954
53.900000000000006,15.17576,11.457422531929781
53.900000000000006,15.37677,11.480689778905708
53.900000000000006,15.57778,11.503967085778088
53.900000000000006,15.77879,11.525244493424347
53.900000000000006,15.9798,11.546271962137919
53.900000000000006,16.18081,11.567149936754218
53.900000000000006,16.38182,11.588017998277609
53.900000000000006,16.58283,11.60766613782199
53.900000000000006,16.78384,11.627184315580815
53.900000000000006,16.98485,11.646712526985185
53.900000000000006,17.18586,11.666240713968525
53.900000000000006,17.38687,11.685768931560263
53.900000000000006,17.58788,11.705297184379399
53.900000000000006,17.78889,11.723575410286134
53.900000000000006,17.9899,11.741763669161646
53.900000000000006,18.19091,11.759862225009769
53.900000000000006,18.39192,11.77796082093072
53.900000000000006,18.59293,11.79513958016995
53.900000000000006,18.79394,11.812288366265355
53.900000000000006,18.99495,11.829437173310318
53.900000000000006,19.19596,11.846575967090539
53.900000000000006,19.39697,11.86372478174398
53.900000000000006,19.59798,11.880863618128657
53.900000000000006,19.79899,11.897092565875276
53.900000000000006,20.0,11.913311532732981
54.2,0.1,2.4376612527877475
54.2,0.3010101,3.379802406791479
54.2,0.5020202,3.783089546469356
54.2,0.7030303,4.038739338713957
54.2,0.9040404,4.255520776455626
54.2,1.105051,4.44509453639834
54.2,1.306061,4.61806563289521
54.2,1.507071,4.790709759770974
54.2,1.708081,4.955032372225811
54.2,1.909091,5.116569148734791
54.2,2.110101,5.27655544503018
54.2,2.311111,5.4349560095371885
54.2,2.512121,5.593600750834949
54.2,2.713131,5.76412183035755
54.2,2.914141,5.933660693418461
54.2,3.115152,6.104820230581898
54.2,3.316162,6.269999945984306
54.2,3.517172,6.4351814077901714
54.2,3.718182,6.600366411317577
54.2,3.919192,6.765553770599705
54.2,4.120202,6.930579261895763
54.2,4.321212,7.095495916844938
54.2,4.522222,7.26041329825875
54.2,4.723232,7.42533329077938
54.2,4.924242,7.5905085507552394
54.2,5.125253,7.732413922371543
54.2,5.326263,7.867898821314595
54.2,5.527273,8.003383954964043
54.2,5.728283,8.13887126299204
54.2,5.929293,8.274358689511706
54.2,6.130303,8.437818176287282
54.2,6.331313,8.58297854658807
54.2,6.532323,8.728141913117204
54.2,6.733333,8.873308128823805
54.2,6.934343,9.018477054847809
54.2,7.135354,9.163648564920988
54.2,7.336364,9.308822536881655
54.2,7.537374,9.453998856195446
54.2,7.738384,9.599176418658
54.2,7.939394,9.739240689884916
54.2,8.140404,9.838376810422265
54.2,8.341414,9.91634935002296
54.2,8.542424,9.99432213660173
54.2,8.743434,10.072292141514419
54.2,8.944444,10.150276335846058
54.2,9.145455,10.228900856458315
54.2,9.346465,10.307786274487363
54.2,9.547475,10.386672895147855
54.2,9.748485,10.46556069116995
54.2,9.949495,10.540500132014051
54.2,10.15051,10.595516350716608
54.2,10.35152,10.6413148250302
54.2,10.55253,10.687123664925824
54.2,10.75354,10.732932866071657
54.2,10.95455,10.778732423916574
54.2,11.15556,10.824951964277215
54.2,11.35657,10.871291758111994
54.2,11.55758,10.917621910692066
54.2,11.75859,10.963962417163133
54.2,11.9596,11.007403196760661
54.2,12.16061,11.04116620167632
54.2,12.36162,11.07145046456937
54.2,12.56263,11.1017348720825
54.2,12.76364,11.132019423131355
54.2,12.96465,11.162314116351675
54.2,13.16566,11.192738766953115
54.2,13.36667,11.22319352671216
54.2,13.56768,11.253658434474886
54.2,13.76869,11.284113489139427
54.2,13.9697,11.312998864936024
54.2,14.17071,11.337725584082015
54.2,14.37172,11.360952677335685
54.2,14.57273,11.38418982827339
54.2,14.77374,11.407417036685704
54.2,14.97475,11.430644302148854
54.2,15.17576,11.453911521830499
54.2,15.37677,11.477178786843972
54.2,15.57778,11.500456111699545
54.2,15.77879,11.523723496119924
54.2,15.9798,11.546110957638941
54.2,16.18081,11.566448969178335
54.2,16.38182,11.585977094913186
54.2,16.58283,11.605495254683655
54.2,16.78384,11.62502344819251
54.2,16.98485,11.644551675378965
54.2,17.18586,11.664079877274293
54.2,17.38687,11.683608109667642
54.2,17.58788,11.703136377245507
54.2,17.78889,11.722664679832466
54.2,17.9899,11.741592988591467
54.2,18.19091,11.759261622899126
54.2,18.39192,11.776410374189012
54.2,18.59293,11.793559146619275
54.2,18.79394,11.81070794004579
54.2,18.99495,11.827846754434477
54.2,19.19596,11.844995555027358
54.2,19.39697,11.862134376525388
54.2,19.59798,11.87927321970754
54.2,19.79899,11.896422084453462
54.2,20.0,11.91310101475026
54.5,0.1,2.448134206658178
54.5,0.3010101,3.3963310155878896
54.5,0.5020202,3.802256448565894
54.5,0.7030303,4.058390351782971
54.5,0.9040404,4.2727171011797145
54.5,1.105051,4.464624107458905
54.5,1.306061,4.636606964923128
54.5,1.507071,4.80925056793744
54.5,1.708081,4.973589445780394
54.5,1.909091,5.128238329625496
54.5,2.110101,5.274434508321817
54.5,2.311111,5.43305536318042
54.5,2.512121,5.603057795916514
54.5,2.713131,5.775783247344892
54.5,2.914141,5.9503379464154555
54.5,3.115152,6.119506339247347
54.5,3.316162,6.284674150209873
54.5,3.517172,6.449857190019576
54.5,3.718182,6.615042737251964
54.5,3.919192,6.780230608646839
54.5,4.120202,6.945255638233409
54.5,4.321212,7.110172838532337
54.5,4.522222,7.275091736924951
54.5,4.723232,7.440011220642081
54.5,4.924242,7.603654716250598
54.5,5.125253,7.7404450778892455
54.5,5.326263,7.8705540977221995
54.5,5.527273,8.006039517763375
54.5,5.728283,8.141527103838715
54.5,5.929293,8.277014795846652
54.5,6.130303,8.443169025240662
54.5,6.331313,8.601379715230742
54.5,6.532323,8.746542398196345
54.5,6.733333,8.891708912687317
54.5,6.934343,9.036878124983884
54.5,7.135354,9.182049905814964
54.5,7.336364,9.327224135248176
54.5,7.537374,9.472400699585386
54.5,7.738384,9.617579495320534
54.5,7.939394,9.742219262719049
54.5,8.140404,9.842150501525625
54.5,8.341414,9.924632797120069
54.5,8.542424,10.002601813843283
54.5,8.743434,10.08058504346251
54.5,8.944444,10.158559459073604
54.5,9.145455,10.237184287663514
54.5,9.346465,10.316070042449901
54.5,9.547475,10.394956993870304
54.5,9.748485,10.473845114825888
54.5,9.949495,10.540456162841405
54.5,10.15051,10.597553043047322
54.5,10.35152,10.645711643926544
54.5,10.55253,10.691510557007213
54.5,10.75354,10.73731983023144
54.5,10.95455,10.78312945933878
54.5,11.15556,10.829339096766425
54.5,11.35657,10.875678994236976
54.5,11.55758,10.92200924948032
54.5,11.75859,10.968349857553353
54.5,11.9596,11.007040845016595
54.5,12.16061,11.04225374336785
54.5,12.36162,11.073427897972014
54.5,12.56263,11.10372236125136
54.5,12.76364,11.134006967759206
54.5,12.96465,11.164291716305524
54.5,13.16566,11.194716429868977
54.5,13.36667,11.225181253954537
54.5,13.56768,11.255636225767217
54.5,13.76869,11.286101344019682
54.5,13.9697,11.312787335125245
54.5,14.17071,11.338354179081172
54.5,14.37172,11.361911282346583
54.5,14.57273,11.385138458059746
54.5,14.77374,11.40837569100251
54.5,14.97475,11.431602980960822
54.5,15.17576,11.454870227789511
54.5,15.37677,11.478137520228405
54.5,15.57778,11.501414872395523
54.5,15.77879,11.524682284010943
54.5,15.9798,11.545959962287649
54.5,16.18081,11.566848073334072
54.5,16.38182,11.586496218088646
54.5,16.58283,11.6060243924433
54.5,16.78384,11.62555260056493
54.5,16.98485,11.645070842326854
54.5,17.18586,11.664599059903063
54.5,17.38687,11.684127307992437
54.5,17.58788,11.703655591241818
54.5,17.78889,11.72318390944612
54.5,17.9899,11.741442326403453
54.5,18.19091,11.75953101651879
54.5,18.39192,11.776719775645535
54.5,18.59293,11.793868557481677
54.5,18.79394,11.811017360336917
54.5,18.99495,11.828156184100738
54.5,19.19596,11.845304994665987
54.5,19.39697,11.862443826122588
54.5,19.59798,11.879582679210808
54.5,19.79899,11.896731553857698
54.5,20.0,11.91292053370073
54.8,0.1,2.459017525296324
54.8,0.3010101,3.4124275004547724
54.8,0.5020202,3.82087776991448
54.8,0.7030303,4.077751732583867
54.8,0.9040404,4.295010461282132
54.8,1.105051,4.484267139597691
54.8,1.306061,4.656104734340134
54.8,1.507071,4.8279525379989
54.8,1.708081,4.9757351007103034
54.8,1.909091,5.115180523619431
54.8,2.110101,5.26667790174409
54.8,2.311111,5.441218129820581
54.8,2.512121,5.615762870480453
54.8,2.713131,5.790312716876259
54.8,2.914141,5.964865307902439
54.8,3.115152,6.134032047630254
54.8,3.316162,6.299183816253053
54.8,3.517172,6.464339822575775
54.8,3.718182,6.629525727396238
54.8,3.919192,6.794713934039072
54.8,4.120202,6.959739328671998
54.8,4.321212,7.124656906309394
54.8,4.522222,7.289347254905584
54.8,4.723232,7.452198927592563
54.8,4.924242,7.6150530549008115
54.8,5.125253,7.751843737708319
54.8,5.326263,7.8728704191026475
54.8,5.527273,7.995860850468985
54.8,5.728283,8.13134763078179
54.8,5.929293,8.266836514874457
54.8,6.130303,8.43299099536007
54.8,6.331313,8.615786606848772
54.8,6.532323,8.792532462841223
54.8,6.733333,8.937698298545328
54.8,6.934343,9.08286683876509
54.8,7.135354,9.228037954634567
54.8,7.336364,9.373211528932833
54.8,7.537374,9.512879867990572
54.8,7.738384,9.628436767171753
54.8,7.939394,9.743997451650786
54.8,8.140404,9.8439290742424
54.8,8.341414,9.937113594624151
54.8,8.542424,10.027091760994141
54.8,8.743434,10.105065234443993
54.8,8.944444,10.183039886787519
54.8,9.145455,10.261675217627353
54.8,9.346465,10.340561567824716
54.8,9.547475,10.415549717014793
54.8,9.748485,10.477930787527493
54.8,9.949495,10.540312637688869
54.8,10.15051,10.597409622271698
54.8,10.35152,10.652738468025705
54.8,10.55253,10.705577595180952
54.8,10.75354,10.751386911467486
54.8,10.95455,10.797186582978355
54.8,11.15556,10.843406334238052
54.8,11.35657,10.889746365401288
54.8,11.55758,10.933326765941766
54.8,11.75859,10.970037527858032
54.8,11.9596,11.006748601814907
54.8,12.16061,11.0419515610561
54.8,12.36162,11.076785113712965
54.8,12.56263,11.110199093394113
54.8,12.76364,11.140493768544108
54.8,12.96465,11.170778585294704
54.8,13.16566,11.2012033862239
54.8,13.36667,11.231668301188625
54.8,13.56768,11.260623664733806
54.8,13.76869,11.286609733657814
54.8,13.9697,11.312605896298194
54.8,14.17071,11.338172768149317
54.8,14.37172,11.363659812730416
54.8,14.57273,11.388336952358676
54.8,14.77374,11.41156421128618
54.8,14.97475,11.43479152707414
54.8,15.17576,11.458058805264711
54.8,15.37677,11.481326129777477
54.8,15.57778,11.503743606399064
54.8,15.77879,11.524781281169286
54.8,15.9798,11.545829003615294
54.8,16.18081,11.56671713078049
54.8,16.38182,11.58757533097942
54.8,16.58283,11.607893545364215
54.8,16.78384,11.627421767430977
54.8,16.98485,11.646940023085165
54.8,17.18586,11.666468256686573
54.8,17.38687,11.685996520979026
54.8,17.58788,11.704944850776581
54.8,17.78889,11.723123252442452
54.8,17.9899,11.741311685610734
54.8,18.19091,11.759400386208323
54.8,18.39192,11.777479121748259
54.8,18.59293,11.795127895249486
54.8,18.79394,11.812266708541927
54.8,18.99495,11.829415542697326
54.8,19.19596,11.846564364790416
54.8,19.39697,11.863703207745187
54.8,19.59798,11.880382114388807
54.8,19.79899,11.896571084368832
54.8,20.0,11.912760072596338
55.099999999999994,0.1,2.4693983088952387
55.099999999999994,0.3010101,3.428479332087149
55.099999999999994,0.5020202,3.8393057956894117
55.099999999999994,0.7030303,4.097036453784723
55.099999999999994,0.9040404,4.312230988843338
55.099999999999994,1.105051,4.504340393972427
55.099999999999994,1.306061,4.676433774546828
55.099999999999994,1.507071,4.849690335019207
55.099999999999994,1.708081,5.017365406327999
55.099999999999994,1.909091,5.174947327249454
55.099999999999994,2.110101,5.321157313489376
55.099999999999994,2.311111,5.47981096572476
55.099999999999994,2.512121,5.638515981137395
55.099999999999994,2.713131,5.804844155107604
55.099999999999994,2.914141,5.979395559612316
55.099999999999994,3.115152,6.1485615714442154
55.099999999999994,3.316162,6.313713617070792
55.099999999999994,3.517172,6.478867254296364
55.099999999999994,3.718182,6.644021368312544
55.099999999999994,3.919192,6.809197456198975
55.099999999999994,4.120202,6.974223207873238
55.099999999999994,4.321212,7.137893671106578
55.099999999999994,4.522222,7.300744119943974
55.099999999999994,4.723232,7.463597106327007
55.099999999999994,4.924242,7.626450530365729
55.099999999999994,5.125253,7.763241530986191
55.099999999999994,5.326263,7.884269538344203
55.099999999999994,5.527273,8.005297556265614
55.099999999999994,5.728283,8.126327540907509
55.099999999999994,5.929293,8.256658288764243
55.099999999999994,6.130303,8.422812020003802
55.099999999999994,6.331313,8.605608909884905
55.099999999999994,6.532323,8.788406550899737
55.099999999999994,6.733333,8.97120683719548
55.099999999999994,6.934343,9.128855787846934
55.099999999999994,7.135354,9.274026244145736
55.099999999999994,7.336364,9.399103492398819
55.099999999999994,7.537374,9.514657038335542
55.099999999999994,7.738384,9.630214494015943
55.099999999999994,7.939394,9.745775722697829
55.099999999999994,8.140404,9.845707728284191
55.099999999999994,8.341414,9.938892560633407
55.099999999999994,8.542424,10.03208375178257
55.099999999999994,8.743434,10.125266264882525
55.099999999999994,8.944444,10.207520832338027
55.099999999999994,9.145455,10.286156659464396
55.099999999999994,9.346465,10.35301551157502
55.099999999999994,9.547475,10.415395933331313
55.099999999999994,9.748485,10.477777147114438
55.099999999999994,9.949495,10.540159138861725
55.099999999999994,10.15051,10.597256227658312
55.099999999999994,10.35152,10.652585164604695
55.099999999999994,10.55253,10.707914438718179
55.099999999999994,10.75354,10.763244044779634
55.099999999999994,10.95455,10.811253811083693
55.099999999999994,11.15556,10.857473675610267
55.099999999999994,11.35657,10.896313868186425
55.099999999999994,11.55758,10.93302439074427
55.099999999999994,11.75859,10.969735227998713
55.099999999999994,11.9596,11.006446376746469
55.099999999999994,12.16061,11.041659396579137
55.099999999999994,12.36162,11.076493006162396
55.099999999999994,12.56263,11.111316798351632
55.099999999999994,12.76364,11.146150771266484
55.099999999999994,12.96465,11.177265520624317
55.099999999999994,13.16566,11.207690408552095
55.099999999999994,13.36667,11.234446162977022
55.099999999999994,13.56768,11.260442171013501
55.099999999999994,13.76869,11.286428273425317
55.099999999999994,13.9697,11.312424469402421
55.099999999999994,14.17071,11.337991369123309
55.099999999999994,14.37172,11.36347844050644
55.099999999999994,14.57273,11.388965572240572
55.099999999999994,14.77374,11.414462763930686
55.099999999999994,14.97475,11.437980093497574
55.099999999999994,15.17576,11.461247403061005
55.099999999999994,15.37677,11.482564971134963
55.099999999999994,15.57778,11.50361261712232
55.099999999999994,15.77879,11.524660311033877
55.099999999999994,15.9798,11.54569805265731
55.099999999999994,16.18081,11.566586195927714
55.099999999999994,16.38182,11.587454411796887
55.099999999999994,16.58283,11.608312659752999
55.099999999999994,16.78384,11.629180939531725
55.099999999999994,16.98485,11.648809212480915
55.099999999999994,17.18586,11.668337462145303
55.099999999999994,17.38687,11.686615807722333
55.099999999999994,17.58788,11.704804190086897
55.099999999999994,17.78889,11.722992604128406
55.099999999999994,17.9899,11.741171049707493
55.099999999999994,18.19091,11.75925976083116
55.099999999999994,18.39192,11.777338506716237
55.099999999999994,18.59293,11.795417274638368
55.099999999999994,18.79394,11.81349606452157
55.099999999999994,18.99495,11.830674908038446
55.099999999999994,19.19596,11.847813741652054
55.099999999999994,19.39697,11.864022681175094
55.099999999999994,19.59798,11.880221640813714
55.099999999999994,19.79899,11.896410618802951
55.099999999999994,20.0,11.912599614994713
55.400000000000006,0.1,2.4805195820471924
55.400000000000006,0.3010101,3.4446489715608037
55.400000000000006,0.5020202,3.8570543797580075
55.400000000000006,0.7030303,4.116565663073167
55.400000000000006,0.9040404,4.334690624216614
55.400000000000006,1.105051,4.524820124079793
55.400000000000006,1.306061,4.698250744932041
55.400000000000006,1.507071,4.871508303048232
55.400000000000006,1.708081,5.039174782888268
55.400000000000006,1.909091,5.204966517925973
55.400000000000006,2.110101,5.364706053602095
55.400000000000006,2.311111,5.522621967506169
55.400000000000006,2.512121,5.681264379360344
55.400000000000006,2.713131,5.839987366668778
55.400000000000006,2.914141,5.997531107754737
55.400000000000006,3.115152,6.148228971884149
55.400000000000006,3.316162,6.313379987662444
55.400000000000006,3.517172,6.4785335965149065
55.400000000000006,3.718182,6.643688683426498
55.400000000000006,3.919192,6.825028841885186
55.400000000000006,4.120202,6.986279293450237
55.400000000000006,4.321212,7.149129459189515
55.400000000000006,4.522222,7.311980251819163
55.400000000000006,4.723232,7.474832563144606
55.400000000000006,4.924242,7.6376872992184195
55.400000000000006,5.125253,7.774478630816438
55.400000000000006,5.326263,7.895505978059838
55.400000000000006,5.527273,8.016535323936182
55.400000000000006,5.728283,8.137565625585419
55.400000000000006,5.929293,8.260146537043491
55.400000000000006,6.130303,8.424956526330783
55.400000000000006,6.331313,8.607753816540038
55.400000000000006,6.532323,8.790551840814784
55.400000000000006,6.733333,8.973351494454032
55.400000000000006,6.934343,9.148989334989603
55.400000000000006,7.135354,9.285405111663758
55.400000000000006,7.336364,9.400956184992362
55.400000000000006,7.537374,9.516510300253637
55.400000000000006,7.738384,9.63206831190128
55.400000000000006,7.939394,9.747630080755808
55.400000000000006,8.140404,9.847562472836701
55.400000000000006,8.341414,9.940747623596884
55.400000000000006,8.542424,10.033936127005276
55.400000000000006,8.743434,10.127118946257736
55.400000000000006,8.944444,10.21666368733685
55.400000000000006,9.145455,10.290511838992254
55.400000000000006,9.346465,10.352891599819705
55.400000000000006,9.547475,10.415272165344152
55.400000000000006,9.748485,10.477653521192883
55.400000000000006,9.949495,10.540035653333257
55.400000000000006,10.15051,10.597132846771903
55.400000000000006,10.35152,10.652461876019629
55.400000000000006,10.55253,10.707791241420939
55.400000000000006,10.75354,10.763120937835557
55.400000000000006,10.95455,10.815840975542852
55.400000000000006,11.15556,10.859301158908597
55.400000000000006,11.35657,10.896011439434956
55.400000000000006,11.55758,10.932722037242685
55.400000000000006,11.75859,10.969432949250821
55.400000000000006,11.9596,11.00615417214182
55.400000000000006,12.16061,11.041357252837692
55.400000000000006,12.36162,11.076190919514035
55.400000000000006,12.56263,11.11102476833788
55.400000000000006,12.76364,11.14585879764844
55.400000000000006,12.96465,11.179253308930665
55.400000000000006,13.16566,11.208278703045258
55.400000000000006,13.36667,11.23426464979446
55.400000000000006,13.56768,11.260260691255334
55.400000000000006,13.76869,11.286256826861488
55.400000000000006,13.9697,11.312243056073916
55.400000000000006,14.17071,11.33780998364473
55.400000000000006,14.37172,11.363297081810481
55.400000000000006,14.57273,11.38878424028181
55.400000000000006,14.77374,11.414281458519202
55.400000000000006,14.97475,11.43893882879273
55.400000000000006,15.17576,11.46138635539007
55.400000000000006,15.37677,11.482433972408964
55.400000000000006,15.57778,11.50348163754578
55.400000000000006,15.77879,11.524529350536389
55.400000000000006,15.9798,11.545577111120066
55.400000000000006,16.18081,11.566455270550811
55.400000000000006,16.38182,11.587323502092575
55.400000000000006,16.58283,11.608181765695422
55.400000000000006,16.78384,11.629050061064946
55.400000000000006,16.98485,11.64934841859047
55.400000000000006,17.18586,11.668296777984153
55.400000000000006,17.38687,11.686485141005
55.400000000000006,17.58788,11.704673535785291
55.400000000000006,17.78889,11.72285196218695
55.400000000000006,17.9899,11.741040420042681
55.400000000000006,18.19091,11.759129141648323
55.400000000000006,18.39192,11.77720789788818
55.400000000000006,18.59293,11.795286676159012
55.400000000000006,18.79394,11.813365476309306
55.400000000000006,18.99495,11.830994340353762
55.400000000000006,19.19596,11.847673254911038
55.400000000000006,19.39697,11.863862204191046
55.400000000000006,19.59798,11.880061171798259
55.400000000000006,19.79899,11.896250157734077
55.400000000000006,20.0,11.912439161851237
55.7,0.1,2.490895849929166
55.7,0.3010101,3.4607813792843642
55.7,0.5020202,3.875611101727023
55.7,0.7030303,4.135681039160801
55.7,0.9040404,4.354905491565882
55.7,1.105051,4.545279921437799
55.7,1.306061,4.719076105810795
55.7,1.507071,4.892765041676624
55.7,1.708081,5.059638579928287
55.7,1.909091,5.222324090341973
55.7,2.110101,5.3816334550224205
55.7,2.311111,5.534563029594125
55.7,2.512121,5.689886811205139
55.7,2.713131,5.836505811920137
55.7,2.914141,5.969061242354886
55.7,3.115152,6.118164707257132
55.7,3.316162,6.30100188808288
55.7,3.517172,6.500463717061024
55.7,3.718182,6.677608322698454
55.7,3.919192,6.839112560134149
55.7,4.120202,7.0001493173185425
55.7,4.321212,7.160873710773293
55.7,4.522222,7.32289180396802
55.7,4.723232,7.485745470348779
55.7,4.924242,7.648599544596069
55.7,5.125253,7.78539123632229
55.7,5.326263,7.9064199530424055
55.7,5.527273,8.02744865616132
55.7,5.728283,8.155266942807724
55.7,5.929293,8.286934481517592
55.7,6.130303,8.451746069309696
55.7,6.331313,8.63454299975665
55.7,6.532323,8.817342633671437
55.7,6.733333,8.972327762889806
55.7,6.934343,9.113197599163541
55.7,7.135354,9.25406985601447
55.7,7.336364,9.394944424556734
55.7,7.537374,9.518515661900537
55.7,7.738384,9.634074224317212
55.7,7.939394,9.749636530520737
55.7,8.140404,9.849569317549616
55.7,8.341414,9.94275479993212
55.7,8.542424,10.035938628915448
55.7,8.743434,10.117353998495437
55.7,8.944444,10.194041307311696
55.7,9.145455,10.271299196883467
55.7,9.346465,10.348787962976942
55.7,9.547475,10.415198403355308
55.7,9.748485,10.47757989898825
55.7,9.949495,10.539962169263605
55.7,10.15051,10.597059468513175
55.7,10.35152,10.652388592203604
55.7,10.55253,10.707718051074432
55.7,10.75354,10.755697895794986
55.7,10.95455,10.801398089322527
55.7,11.15556,10.847478399929019
55.7,11.35657,10.893678984923323
55.7,11.55758,10.932439708873144
55.7,11.75859,10.969150694647965
55.7,11.9596,11.005861990942599
55.7,12.16061,11.041065132502837
55.7,12.36162,11.07589885667299
55.7,12.56263,11.110732762635338
55.7,12.76364,11.14192763555761
55.7,12.96465,11.172292821712857
55.7,13.16566,11.202797991967625
55.7,13.36667,11.233333266255496
55.7,13.56768,11.260079227618489
55.7,13.76869,11.28607539608755
55.7,13.9697,11.312061657974242
55.7,14.17071,11.337628613422984
55.7,14.37172,11.363115738467815
55.7,14.57273,11.38861292359918
55.7,14.77374,11.412170386593688
55.7,14.97475,11.435437934581874
55.7,15.17576,11.458735444783278
55.7,15.37677,11.482042995211502
55.7,15.57778,11.503350669678836
55.7,15.77879,11.524398401533182
55.7,15.9798,11.545446180911856
55.7,16.18081,11.566324356355256
55.7,16.38182,11.587192603614438
55.7,16.58283,11.608050882846888
55.7,16.78384,11.62768926060174
55.7,16.98485,11.64720767401473
55.7,17.18586,11.666736063627885
55.7,17.38687,11.686264479707079
55.7,17.58788,11.704532889414356
55.7,17.78889,11.722721328036945
55.7,17.9899,11.740909798060981
55.7,18.19091,11.758988530149903
55.7,18.39192,11.777067296717435
55.7,18.59293,11.795146085283575
55.7,18.79394,11.812314982518703
55.7,18.99495,11.829443901821342
55.7,19.19596,11.846562808184268
55.7,19.39697,11.863691733344952
55.7,19.59798,11.879890708399126
55.7,19.79899,11.896089702180898
55.7,20.0,11.912278714149556
56.0,0.1,2.501442085686815
56.0,0.3010101,3.476772084714397
56.0,0.5020202,3.8942761864415654
56.0,0.7030303,4.155150665307641
56.0,0.9040404,4.372056031612627
56.0,1.105051,4.5651129155234615
56.0,1.306061,4.738908388149569
56.0,1.507071,4.912274413869123
56.0,1.708081,5.07650490325021
56.0,1.909091,5.238871353935555
56.0,2.110101,5.398152449331521
56.0,2.311111,5.551080517396842
56.0,2.512121,5.706099023711709
56.0,2.713131,5.8717068465371245
56.0,2.914141,6.00464544496807
56.0,3.115152,6.172280426944684
56.0,3.316162,6.3686885596869836
56.0,3.517172,6.530190080287998
56.0,3.718182,6.691692088803164
56.0,3.919192,6.853195483425618
56.0,4.120202,7.014232558073781
56.0,4.321212,7.174957363543522
56.0,4.522222,7.335683722015412
56.0,4.723232,7.496657558742507
56.0,4.924242,7.659511966205212
56.0,5.125253,7.796304013957607
56.0,5.326263,7.918722800971521
56.0,5.527273,8.050388693707914
56.0,5.728283,8.182055671679182
56.0,5.929293,8.313723683341877
56.0,6.130303,8.478534862512282
56.0,6.331313,8.654800234813864
56.0,6.532323,8.795666607625401
56.0,6.733333,8.936535597488593
56.0,6.934343,9.077407080019926
56.0,7.135354,9.218280942210942
56.0,7.336364,9.35915707662064
56.0,7.537374,9.500035382135735
56.0,7.738384,9.63608022066404
56.0,7.939394,9.751644062520716
56.0,8.140404,9.85157624337298
56.0,8.341414,9.941361777087932
56.0,8.542424,10.0180452543183
56.0,8.743434,10.094731757476694
56.0,8.944444,10.171409263908041
56.0,9.145455,10.248677116096815
56.0,9.346465,10.326165759216401
56.0,9.547475,10.403655424427361
56.0,9.748485,10.477496304211938
56.0,9.949495,10.53987871244517
56.0,10.15051,10.596986117207553
56.0,10.35152,10.649845357415767
56.0,10.55253,10.695555000239668
56.0,10.75354,10.741254979167508
56.0,10.95455,10.786965289573851
56.0,11.15556,10.833045656939763
56.0,11.35657,10.879236281421104
56.0,11.55758,10.925427239396317
56.0,11.75859,10.968858458603952
56.0,11.9596,11.005569828113568
56.0,12.16061,11.040783030372143
56.0,12.36162,11.074247123319306
56.0,12.56263,11.104612069332484
56.0,12.76364,11.134977145349577
56.0,12.96465,11.1653423503092
56.0,13.16566,11.1958475255986
56.0,13.36667,11.226372802143155
56.0,13.56768,11.256908213084136
56.0,13.76869,11.285893977484749
56.0,13.9697,11.311890271985696
56.0,14.17071,11.33744725528251
56.0,14.37172,11.362144500079298
56.0,14.57273,11.385411966049473
56.0,14.77374,11.40867948251509
56.0,14.97475,11.43193704915812
56.0,15.17576,11.45523457498321
56.0,15.37677,11.478542140565542
56.0,15.57778,11.501849758845248
56.0,15.77879,11.524267460339239
56.0,15.9798,11.5453152584991
56.0,16.18081,11.566193449971998
56.0,16.38182,11.586511743441324
56.0,16.58283,11.606040111569952
56.0,16.78384,11.625558509145588
56.0,16.98485,11.645076935948065
56.0,17.18586,11.664605338213544
56.0,17.38687,11.684123766856374
56.0,17.58788,11.703652226107945
56.0,17.78889,11.722590698775036
56.0,17.9899,11.740769181020246
56.0,18.19091,11.758857923518475
56.0,18.39192,11.776496742670853
56.0,18.59293,11.793625631736267
56.0,18.79394,11.810754539692107
56.0,18.99495,11.827883466504023
56.0,19.19596,11.845012379968098
56.0,19.39697,11.86213131225827
56.0,19.59798,11.879260264050176
56.0,19.79899,11.8959292501453
56.0,20.0,11.912118269960551
56.3,0.1,2.5113197661583873
56.3,0.3010101,3.492105078970498
56.3,0.5020202,3.9119436057870263
56.3,0.7030303,4.173674323677634
56.3,0.9040404,4.393788369243399
56.3,1.105051,4.5845454937511105
56.3,1.306061,4.757707918714606
56.3,1.507071,4.930882201875683
56.3,1.708081,5.095055334614931
56.3,1.909091,5.256235465684526
56.3,2.110101,5.4152928165537695
56.3,2.311111,5.570528112370565
56.3,2.512121,5.7257679518893925
56.3,2.713131,5.891580804530017
56.3,2.914141,6.057770105545427
56.3,3.115152,6.221272098858199
56.3,3.316162,6.382772199647253
56.3,3.517172,6.544272891985306
56.3,3.718182,6.705775064253956
56.3,3.919192,6.867278610327592
56.3,4.120202,7.028316996345463
56.3,4.321212,7.189042207803385
56.3,4.522222,7.349768951530881
56.3,4.723232,7.51049712915499
56.3,4.924242,7.671225650679257
56.3,5.125253,7.813844529394026
56.3,5.326263,7.945509806774716
56.3,5.527273,8.077176203547811
56.3,5.728283,8.208843665855573
56.3,5.929293,8.34051214321971
56.3,6.130303,8.4781414977758
56.3,6.331313,8.61900689747537
56.3,6.532323,8.759874997000042
56.3,6.733333,8.900745668176906
56.3,6.934343,9.04161879196697
56.3,7.135354,9.182493253195616
56.3,7.336364,9.32337094695772
56.3,7.537374,9.464250773626302
56.3,7.738384,9.605132639563369
56.3,7.939394,9.746016456099118
56.3,8.140404,9.842055858103105
56.3,8.341414,9.918737483077768
56.3,8.542424,9.99542015738026
56.3,8.743434,10.072099857108899
56.3,8.944444,10.14878755880194
56.3,9.145455,10.226055371131519
56.3,9.346465,10.303543888294834
56.3,9.547475,10.381033431651913
56.3,9.748485,10.458523978318611
56.3,9.949495,10.536015506087974
56.3,10.15051,10.58970287078684
56.3,10.35152,10.635402292190088
56.3,10.55253,10.681112053109926
56.3,10.75354,10.72681214957713
56.3,10.95455,10.77252257697325
56.3,11.15556,10.818603000869313
56.3,11.35657,10.864793664418832
56.3,11.55758,10.91098466157143
56.3,11.75859,10.957175988108753
56.3,11.9596,11.003377639766608
56.3,12.16061,11.036921777889134
56.3,12.36162,11.067286611627456
56.3,12.56263,11.097651576420626
56.3,12.76364,11.12801667119521
56.3,12.96465,11.158381894891308
56.3,13.16566,11.188887075173703
56.3,13.36667,11.219422353764712
56.3,13.56768,11.249957766910754
56.3,13.76869,11.280483313593
56.3,13.9697,11.311018992578235
56.3,14.17071,11.335386133368804
56.3,14.37172,11.358643567438497
56.3,14.57273,11.381911052151338
56.3,14.77374,11.405178587299517
56.3,14.97475,11.428436172562813
56.3,15.17576,11.451743713947542
56.3,15.37677,11.475041294731952
56.3,15.57778,11.49834892811176
56.3,15.77879,11.521656613824026
56.3,15.9798,11.54496435155132
56.3,16.18081,11.564862619478406
56.3,16.38182,11.58438097160135
56.3,16.58283,11.603899353264762
56.3,16.78384,11.623427764249538
56.3,16.98485,11.64294620449201
56.3,17.18586,11.662464619386013
56.3,17.38687,11.681993060510251
56.3,17.58788,11.701521532245897
56.3,17.78889,11.721040034499532
56.3,17.9899,11.740568566998173
56.3,18.19091,11.75781741039364
56.3,18.39192,11.774946288003985
56.3,18.59293,11.792075184591907
56.3,18.79394,11.80920410005067
56.3,18.99495,11.826333034345764
56.3,19.19596,11.843451954964227
56.3,19.39697,11.86058089432708
56.3,19.59798,11.877709853201898
56.3,19.79899,11.894828831572937
56.3,20.0,11.911957829284042
56.599999999999994,0.1,2.5210187931363555
56.599999999999994,0.3010101,3.5071616155422864
56.599999999999994,0.5020202,3.929348531794908
56.599999999999994,0.7030303,4.191835127974474
56.599999999999994,0.9040404,4.409730641751302
56.599999999999994,1.105051,4.60314124352631
56.599999999999994,1.306061,4.775513800029527
56.599999999999994,1.507071,4.948452759542447
56.599999999999994,1.708081,5.112680913924213
56.599999999999994,1.909091,5.256169068215633
56.599999999999994,2.110101,5.432988753135271
56.599999999999994,2.311111,5.588223465674314
56.599999999999994,2.512121,5.750792568063076
56.599999999999994,2.713131,5.916980073202496
56.599999999999994,2.914141,6.075851264037248
56.599999999999994,3.115152,6.2356502538426595
56.599999999999994,3.316162,6.396373760169615
56.599999999999994,3.517172,6.557874698917989
56.599999999999994,3.718182,6.719377102738999
56.599999999999994,3.919192,6.880880866779623
56.599999999999994,4.120202,7.041919653464287
56.599999999999994,4.321212,7.202645373025622
56.599999999999994,4.522222,7.363372599844251
56.599999999999994,4.723232,7.523861482276555
56.599999999999994,4.924242,7.682516485402688
56.599999999999994,5.125253,7.815612738521155
56.599999999999994,5.326263,7.935084333464122
56.599999999999994,5.527273,8.066750924759372
56.599999999999994,5.728283,8.198418576696042
56.599999999999994,5.929293,8.330087238965021
56.599999999999994,6.130303,8.491339628172355
56.599999999999994,6.331313,8.6629699441335
56.599999999999994,6.532323,8.803837589194348
56.599999999999994,6.733333,8.94470780756872
56.599999999999994,6.934343,9.08558047956039
56.599999999999994,7.135354,9.226455492781358
56.599999999999994,7.336364,9.367332741617036
56.599999999999994,7.537374,9.508212127721203
56.599999999999994,7.738384,9.643677913160733
56.599999999999994,7.939394,9.756204177758798
56.599999999999994,8.140404,9.853822610686978
56.599999999999994,8.341414,9.942018150939592
56.599999999999994,8.542424,10.018705968584243
56.599999999999994,8.743434,10.095382807473674
56.599999999999994,8.944444,10.172070643679138
56.599999999999994,9.145455,10.24933882238557
56.599999999999994,9.346465,10.326827787642312
56.599999999999994,9.547475,10.40431776996653
56.599999999999994,9.748485,10.478029037761688
56.599999999999994,9.949495,10.53987205000214
56.599999999999994,10.15051,10.596629885936222
56.599999999999994,10.35152,10.649279443120475
56.599999999999994,10.55253,10.694989248330739
56.599999999999994,10.75354,10.740689388277179
56.599999999999994,10.95455,10.78639985836087
56.599999999999994,11.15556,10.832480389573334
56.599999999999994,11.35657,10.878671178130311
56.599999999999994,11.55758,10.92486229881096
56.599999999999994,11.75859,10.968303785087079
56.599999999999994,11.9596,11.005035661915473
56.599999999999994,12.16061,11.040329246472943
56.599999999999994,12.36162,11.073853603108066
56.599999999999994,12.56263,11.104228629982122
56.599999999999994,12.76364,11.134593786481513
56.599999999999994,12.96465,11.164959071534234
56.599999999999994,13.16566,11.195464330417483
56.599999999999994,13.36667,11.225989690938745
56.599999999999994,13.56768,11.256525185408837
56.599999999999994,13.76869,11.285521096656852
56.599999999999994,13.9697,11.311557654167355
56.599999999999994,14.17071,11.337194854316275
56.599999999999994,14.37172,11.361942245432271
56.599999999999994,14.57273,11.385199752177204
56.599999999999994,14.77374,11.408467309188888
56.599999999999994,14.97475,11.431734916155756
56.599999999999994,15.17576,11.455032484373785
56.599999999999994,15.37677,11.47834009249011
56.599999999999994,15.57778,11.501647753132339
56.599999999999994,15.77879,11.524055541487092
56.599999999999994,15.9798,11.545093492315264
56.599999999999994,16.18081,11.565991800010961
56.599999999999994,16.38182,11.586320169533462
56.599999999999994,16.58283,11.605838563910693
56.599999999999994,16.78384,11.625356987631767
56.599999999999994,16.98485,11.644875440520616
56.599999999999994,17.18586,11.664403869999656
56.599999999999994,17.38687,11.683932325859232
56.599999999999994,17.58788,11.703450812310837
56.599999999999994,17.78889,11.722379363090466
56.599999999999994,17.9899,11.740527984600911
56.599999999999994,18.19091,11.758616836635154
56.599999999999994,18.39192,11.776255720668454
56.599999999999994,18.59293,11.79338462600054
56.599999999999994,18.79394,11.810513550199786
56.599999999999994,18.99495,11.827642493160688
56.599999999999994,19.19596,11.844771423425302
56.599999999999994,19.39697,11.861890372483716
56.599999999999994,19.59798,11.879019341019701
56.599999999999994,19.79899,11.895668356918863
56.599999999999994,20.0,11.91182741933544
56.900000000000006,0.1,2.5310439498668655
56.900000000000006,0.3010101,3.5223255643309805
56.900000000000006,0.5020202,3.9461895450906224
56.900000000000006,0.7030303,4.210224376457877
56.900000000000006,0.9040404,4.4310587866475215
56.900000000000006,1.105051,4.6218859484677735
56.900000000000006,1.306061,4.794258341188682
56.900000000000006,1.507071,4.9664898738479595
56.900000000000006,1.708081,5.124549461629463
56.900000000000006,1.909091,5.2632974885753905
56.900000000000006,2.110101,5.450684808612553
56.900000000000006,2.311111,5.610007368503128
56.900000000000006,2.512121,5.773129639508879
56.900000000000006,2.713131,5.93195952022707
56.900000000000006,2.914141,6.090791493705378
56.900000000000006,3.115152,6.250513292443852
56.900000000000006,3.316162,6.411168504714329
56.900000000000006,3.517172,6.571825060686676
56.900000000000006,3.718182,6.732979431126402
56.900000000000006,3.919192,6.89448440532858
56.900000000000006,4.120202,7.055522584847259
56.900000000000006,4.321212,7.216248804487782
56.900000000000006,4.522222,7.375714828226827
56.900000000000006,4.723232,7.534368972657683
56.900000000000006,4.924242,7.693024278708016
56.900000000000006,5.125253,7.826121862426165
56.900000000000006,5.326263,7.943760252131721
56.900000000000006,5.527273,8.061399507187932
56.900000000000006,5.728283,8.187992547248149
56.900000000000006,5.929293,8.319661393941036
56.900000000000006,6.130303,8.480914033577905
56.900000000000006,6.331313,8.658221391770468
56.900000000000006,6.532323,8.835531505388822
56.900000000000006,6.733333,8.988670098874156
56.900000000000006,6.934343,9.129542322267646
56.900000000000006,7.135354,9.270416889406599
56.900000000000006,7.336364,9.411293695057688
56.900000000000006,7.537374,9.532791745559134
56.900000000000006,7.738384,9.645315285655728
56.900000000000006,7.939394,9.757841982683965
56.900000000000006,8.140404,9.855460713851226
56.900000000000006,8.341414,9.94664443649343
56.900000000000006,8.542424,10.037829231482771
56.900000000000006,8.743434,10.118666164018835
56.900000000000006,8.944444,10.19535413114891
56.900000000000006,9.145455,10.272622671541722
56.900000000000006,9.346465,10.350112079819944
56.900000000000006,9.547475,10.416123377396767
56.900000000000006,9.748485,10.477965779206448
56.900000000000006,9.949495,10.539808920463857
56.900000000000006,10.15051,10.596566851335655
56.900000000000006,10.35152,10.651616520533755
56.900000000000006,10.55253,10.706656510359714
56.900000000000006,10.75354,10.754566723763704
56.900000000000006,10.95455,10.800277236014818
56.900000000000006,11.15556,10.8463578738609
56.900000000000006,11.35657,10.892548786702157
56.900000000000006,11.55758,10.931320126615867
56.900000000000006,11.75859,10.968061784341412
56.900000000000006,11.9596,11.004793726427165
56.900000000000006,12.16061,11.040087364103
56.900000000000006,12.36162,11.075011537613808
56.900000000000006,12.56263,11.109945878375774
56.900000000000006,12.76364,11.14116096137324
56.900000000000006,12.96465,11.171526307542598
56.900000000000006,13.16566,11.202031644767033
56.900000000000006,13.36667,11.232567086797754
56.900000000000006,13.56768,11.259343361752187
56.900000000000006,13.76869,11.285369863795047
56.900000000000006,13.9697,11.311406449257339
56.900000000000006,14.17071,11.337043672715504
56.900000000000006,14.37172,11.362611050770765
56.900000000000006,14.57273,11.388188482270316
56.900000000000006,14.77374,11.411766048149937
56.900000000000006,14.97475,11.435023676921814
56.900000000000006,15.17576,11.45833127181109
56.900000000000006,15.37677,11.481628907316873
56.900000000000006,15.57778,11.502926766459977
56.900000000000006,15.77879,11.523954691416275
56.900000000000006,15.9798,11.544992658885409
56.900000000000006,16.18081,11.565890980651732
56.900000000000006,16.38182,11.586769366967946
56.900000000000006,16.58283,11.607657782176132
56.900000000000006,16.78384,11.627296219204505
56.900000000000006,16.98485,11.646814684723136
56.900000000000006,17.18586,11.666333128845256
56.900000000000006,17.38687,11.685861599420216
56.900000000000006,17.58788,11.704110172683095
56.900000000000006,17.78889,11.722268778100595
56.900000000000006,17.9899,11.740427410384996
56.900000000000006,18.19091,11.758506271655952
56.900000000000006,18.39192,11.776585162813143
56.900000000000006,18.59293,11.794664072898769
56.900000000000006,18.79394,11.811833005637496
56.900000000000006,18.99495,11.828961957302223
56.900000000000006,19.19596,11.846080897256734
56.900000000000006,19.39697,11.863209855926176
56.900000000000006,19.59798,11.879378890336874
56.900000000000006,19.79899,11.895537942814993
56.900000000000006,20.0,11.911697012424817
57.2,0.1,2.5407314850882106
57.2,0.3010101,3.5374486700368366
57.2,0.5020202,3.9637268609472325
57.2,0.7030303,4.228224912777404
57.2,0.9040404,4.449763303661384
57.2,1.105051,4.6407040876989685
57.2,1.306061,4.812624602252356
57.2,1.507071,4.984313930646888
57.2,1.708081,5.148183098093686
57.2,1.909091,5.309130539440644
57.2,2.110101,5.469227516997888
57.2,2.311111,5.62924282926491
57.2,2.512121,5.788070094518201
57.2,2.713131,5.9469006415923245
57.2,2.914141,6.10573229109672
57.2,3.115152,6.265375828437998
57.2,3.316162,6.426032378883893
57.2,3.517172,6.586689253659079
57.2,3.718182,6.747347357999929
57.2,3.919192,6.908087224618757
57.2,4.120202,7.068917020993343
57.2,4.321212,7.227568950587729
57.2,4.522222,7.38622218520001
57.2,4.723232,7.544876642504812
57.2,4.924242,7.70353224537499
57.2,5.125253,7.836630155989261
57.2,5.326263,7.954268887685532
57.2,5.527273,8.071909472006762
57.2,5.728283,8.189549872432892
57.2,5.929293,8.309235606831741
57.2,6.130303,8.470489496328884
57.2,6.331313,8.64779713545461
57.2,6.532323,8.825106519543715
57.2,6.733333,9.002417546814948
57.2,6.934343,9.173504315439194
57.2,7.135354,9.309390667727312
57.2,7.336364,9.421908015651171
57.2,7.537374,9.534428739198766
57.2,7.738384,9.646952721786167
57.2,7.939394,9.759479850365741
57.2,8.140404,9.857098879051458
57.2,8.341414,9.948282840270096
57.2,8.542424,10.03946286959035
57.2,8.743434,10.1306499376665
57.2,8.944444,10.218638018457547
57.2,9.145455,10.292367214044775
57.2,9.346465,10.354208230484025
57.2,9.547475,10.416050011600015
57.2,9.748485,10.477902543581333
57.2,9.949495,10.539745813593164
57.2,10.15051,10.596503839274432
57.2,10.35152,10.651543591633551
57.2,10.55253,10.706593663393473
57.2,10.75354,10.761634050015939
57.2,10.95455,10.81415470956604
57.2,11.15556,10.857615491241075
57.2,11.35657,10.894346638478982
57.2,11.55758,10.931078075346049
57.2,11.75859,10.967819798715327
57.2,11.9596,11.004551806010188
57.2,12.16061,11.039845496664844
57.2,12.36162,11.074769719920452
57.2,12.56263,11.109704110118974
57.2,12.76364,11.144638665793439
57.2,12.96465,11.178103602554215
57.2,13.16566,11.207129302353795
57.2,13.36667,11.233165664025792
57.2,13.56768,11.25919211026216
57.2,13.76869,11.285228640330248
57.2,13.9697,11.311255253792218
57.2,14.17071,11.336902500439004
57.2,14.37172,11.362469900881395
57.2,14.57273,11.388037354762595
57.2,14.77374,11.413604861690757
57.2,14.97475,11.43832245473319
57.2,15.17576,11.460760151562754
57.2,15.37677,11.481798007396357
57.2,15.57778,11.502825906248058
57.2,15.77879,11.523863847846433
57.2,15.9798,11.54489183199163
57.2,16.18081,11.565790167817948
57.2,16.38182,11.586668567862937
57.2,16.58283,11.607556996724009
57.2,16.78384,11.628435454354818
57.2,16.98485,11.648743937172874
57.2,17.18586,11.667692429725344
57.2,17.38687,11.685850991933725
57.2,17.58788,11.70399958123483
57.2,17.78889,11.722158197484942
57.2,17.9899,11.740316840568699
57.2,18.19091,11.758405710983519
57.2,18.39192,11.776484611253242
57.2,18.59293,11.794563530399726
57.2,18.79394,11.812642468360906
57.2,18.99495,11.830271426776926
57.2,19.19596,11.846940404306672
57.2,19.39697,11.863089429561896
57.2,19.59798,11.879248472066402
57.2,19.79899,11.895407531753166
57.2,20.0,11.911566608552269
57.5,0.1,2.5510211995687047
57.5,0.3010101,3.5526391127706605
57.5,0.5020202,3.9813851952932353
57.5,0.7030303,4.246736844553279
57.5,0.9040404,4.466147945287727
57.5,1.105051,4.659492242502039
57.5,1.306061,4.831149773092324
57.5,1.507071,5.002838030233556
57.5,1.708081,5.1666662697675285
57.5,1.909091,5.320743819985824
57.5,2.110101,5.4790149201807905
57.5,2.311111,5.644821701979593
57.5,2.512121,5.803650287862652
57.5,2.713131,5.962482182367474
57.5,2.914141,6.121315203560393
57.5,3.115152,6.279701719819608
57.5,3.316162,6.44035952950601
57.5,3.517172,6.601017649446559
57.5,3.718182,6.761677985935128
57.5,3.919192,6.921726027142593
57.5,4.120202,7.079785809833052
57.5,4.321212,7.2377841578804984
57.5,4.522222,7.396437673549597
57.5,4.723232,7.555092398453785
57.5,4.924242,7.71374825797927
57.5,5.125253,7.846845450773287
57.5,5.326263,7.964485479932309
57.5,5.527273,8.082125352205965
57.5,5.728283,8.199767031087097
57.5,5.929293,8.324077479289638
57.5,6.130303,8.484043795259728
57.5,6.331313,8.661352933504618
57.5,6.532323,8.838662795435441
57.5,6.733333,9.015974280514298
57.5,6.934343,9.166327625879775
57.5,7.135354,9.303303216026546
57.5,7.336364,9.42368759800288
57.5,7.537374,9.53620877411007
57.5,7.738384,9.648733197990884
57.5,7.939394,9.761260757115757
57.5,8.140404,9.858880092074939
57.5,8.341414,9.95006430472877
57.5,8.542424,10.041246580630414
57.5,8.743434,10.132433890756172
57.5,8.944444,10.212383240689586
57.5,9.145455,10.288433606850063
57.5,9.346465,10.354184746449937
57.5,9.547475,10.416036657163039
57.5,9.748485,10.477879317756917
57.5,9.949495,10.53972271469966
57.5,10.15051,10.596480836125659
57.5,10.35152,10.651530673142625
57.5,10.55253,10.706570829048605
57.5,10.75354,10.761621298618916
57.5,10.95455,10.80939219706812
57.5,11.15556,10.855323295064592
57.5,11.35657,10.894114540664777
57.5,11.55758,10.930846042845623
57.5,11.75859,10.9675778312657
57.5,11.9596,11.004309903059381
57.5,12.16061,11.039603646917257
57.5,12.36162,11.074537920217107
57.5,12.56263,11.109472360251889
57.5,12.76364,11.144406965454996
57.5,12.96465,11.175652462890993
57.5,13.16566,11.206208119305181
57.5,13.36667,11.233024397369622
57.5,13.56768,11.259050871453354
57.5,13.76869,11.285077429274525
57.5,13.9697,11.311114070262132
57.5,14.17071,11.336751340294729
57.5,14.37172,11.362318763175429
57.5,14.57273,11.387896239303059
57.5,14.77374,11.41346376850689
57.5,14.97475,11.437061526317962
57.5,15.17576,11.460389278740305
57.5,15.37677,11.481697140909313
57.5,15.57778,11.502735056268628
57.5,15.77879,11.523763014410282
57.5,15.9798,11.544791014990205
57.5,16.18081,11.565689364812398
57.5,16.38182,11.58657777855764
57.5,16.58283,11.607456221123266
57.5,16.78384,11.62834469233012
57.5,16.98485,11.647963265894367
57.5,17.18586,11.667491823335595
57.5,17.38687,11.685740396898431
57.5,17.58788,11.70389899692041
57.5,17.78889,11.722057623893999
57.5,17.9899,11.740216277667498
57.5,18.19091,11.758295157281085
57.5,18.39192,11.776374066611451
57.5,18.59293,11.79446299476357
57.5,18.79394,11.812541941731078
57.5,18.99495,11.82968096477072
57.5,19.19596,11.846789976728724
57.5,19.39697,11.862969009083438
57.5,19.59798,11.879128058748652
57.5,19.79899,11.895277125599652
57.5,20.0,11.91143620949944
57.8,0.1,2.5604971834906505
57.8,0.3010101,3.5673553693248947
57.8,0.5020202,3.998394921343598
57.8,0.7030303,4.26469030108729
57.8,0.9040404,4.487200738116203
57.8,1.105051,4.6784052332684185
57.8,1.306061,4.850056421430694
57.8,1.507071,5.021718829062885
57.8,1.708081,5.1674803492178984
57.8,1.909091,5.304269074366499
57.8,2.110101,5.463799599432349
57.8,2.311111,5.660716239815187
57.8,2.512121,5.819544010131019
57.8,2.713131,5.9783741257358765
57.8,2.914141,6.135341783691121
57.8,3.115152,6.293769458119328
57.8,3.316162,6.454427446559347
57.8,3.517172,6.61499738276072
57.8,3.718182,6.774623159127033
57.8,3.919192,6.9342500416783945
57.8,4.120202,7.092309885167796
57.8,4.321212,7.2493166011137
57.8,4.522222,7.406506275810327
57.8,4.723232,7.565161244409587
57.8,4.924242,7.723817336138872
57.8,5.125253,7.856915791321545
57.8,5.326263,7.974555095784445
57.8,5.527273,8.093602790271838
57.8,5.728283,8.221611571903361
57.8,5.929293,8.349622306430803
57.8,6.130303,8.509589178881463
57.8,6.331313,8.686898921575485
57.8,6.532323,8.857721953944443
57.8,6.733333,8.994695451492
57.8,6.934343,9.13167117897083
57.8,7.135354,9.268648035269585
57.8,7.336364,9.405627929466505
57.8,7.537374,9.538061861939797
57.8,7.738384,9.650586726159684
57.8,7.939394,9.763114714878022
57.8,8.140404,9.860734360116954
57.8,8.341414,9.951918830310223
57.8,8.542424,10.039800708763003
57.8,8.743434,10.115339839127268
57.8,8.944444,10.19088983475769
57.8,9.145455,10.266940219466962
57.8,9.346465,10.343191326272402
57.8,9.547475,10.416033321016819
57.8,9.748485,10.477886108697135
57.8,9.949495,10.53972963147623
57.8,10.15051,10.596487849069222
57.8,10.35152,10.65152777197806
57.8,10.55253,10.70410805824517
57.8,10.75354,10.749688785849207
57.8,10.95455,10.795279820414905
57.8,11.15556,10.841210964012896
57.8,11.35657,10.887252362271434
57.8,11.55758,10.930614027674425
57.8,11.75859,10.9673558805293
57.8,11.9596,11.004088016453599
57.8,12.16061,11.03938181359069
57.8,12.36162,11.074306137315416
57.8,12.56263,11.10784091919275
57.8,12.76364,11.138266479644606
57.8,12.96465,11.168702156069191
57.8,13.16566,11.199257813667774
57.8,13.36667,11.229853564097604
57.8,13.56768,11.258909643830851
57.8,13.76869,11.284936229227782
57.8,13.9697,11.310972897630267
57.8,14.17071,11.336610190935712
57.8,14.37172,11.36217763627313
57.8,14.57273,11.386925210494123
57.8,14.77374,11.410222966125637
57.8,14.97475,11.433520766897539
57.8,15.17576,11.456848532521951
57.8,15.37677,11.48018633418436
57.8,15.57778,11.502634214824687
57.8,15.77879,11.523662189328018
57.8,15.9798,11.544700206226922
57.8,16.18081,11.565598570051582
57.8,16.38182,11.586476997508681
57.8,16.58283,11.606795487728549
57.8,16.78384,11.626314053157683
57.8,16.98485,11.645832644445147
57.8,17.18586,11.665351212336722
57.8,17.38687,11.684869803457778
57.8,17.58788,11.703798418401036
57.8,17.78889,11.721957056038585
57.8,17.9899,11.74011572044407
57.8,18.19091,11.75819460920723
57.8,18.39192,11.776273527582543
57.8,18.59293,11.793902492827183
57.8,18.79394,11.811021508015244
57.8,18.99495,11.828130540034588
57.8,19.19596,11.845239558924558
57.8,19.39697,11.862348594575993
57.8,19.59798,11.878997649462002
57.8,19.79899,11.895156723394976
57.8,20.0,11.911315814401986
58.099999999999994,0.1,2.5702390043886445
58.099999999999994,0.3010101,3.581861610188786
58.099999999999994,0.5020202,4.015171326418932
58.099999999999994,0.7030303,4.282244892015254
58.099999999999994,0.9040404,4.502572666798261
58.099999999999994,1.105051,4.696572173824614
58.099999999999994,1.306061,4.868311867285135
58.099999999999994,1.507071,5.0404592765888365
58.099999999999994,1.708081,5.204135557079361
58.099999999999994,1.909091,5.357460559420075
58.099999999999994,2.110101,5.500656336772988
58.099999999999994,2.311111,5.655640646790028
58.099999999999994,2.512121,5.83543918962018
58.099999999999994,2.713131,5.993045321762339
58.099999999999994,2.914141,6.1492211310684075
58.099999999999994,3.115152,6.307838040285301
58.099999999999994,3.316162,6.467898192840627
58.099999999999994,3.517172,6.627522669263652
58.099999999999994,3.718182,6.787147335519587
58.099999999999994,3.919192,6.9467741108960075
58.099999999999994,4.120202,7.10483401208236
58.099999999999994,4.321212,7.261840887254499
58.099999999999994,4.522222,7.418849213700575
58.099999999999994,4.723232,7.575858901188179
58.099999999999994,4.924242,7.733886539920681
58.099999999999994,5.125253,7.866985251758734
58.099999999999994,5.326263,7.991137740388797
58.099999999999994,5.527273,8.11914698218946
58.099999999999994,5.728283,8.24715620569505
58.099999999999994,5.929293,8.375167365686165
58.099999999999994,6.130303,8.535134786937132
58.099999999999994,6.331313,8.686092263439573
58.099999999999994,6.532323,8.823064785043973
58.099999999999994,6.733333,8.960038609203876
58.099999999999994,6.934343,9.097015629411002
58.099999999999994,7.135354,9.233993750342302
58.099999999999994,7.336364,9.37097487786441
58.099999999999994,7.537374,9.507957926306752
58.099999999999994,7.738384,9.644941813634434
58.099999999999994,7.939394,9.764967735589286
58.099999999999994,8.140404,9.862587690352543
58.099999999999994,8.341414,9.942766693975722
58.099999999999994,8.542424,10.018307162660147
58.099999999999994,8.743434,10.093846515190622
58.099999999999994,8.944444,10.169396731518953
58.099999999999994,9.145455,10.245447132754453
58.099999999999994,9.346465,10.321698180772282
58.099999999999994,9.547475,10.397950119833586
58.099999999999994,9.748485,10.474192930691899
58.099999999999994,9.949495,10.539736571699294
58.099999999999994,10.15051,10.596494885314243
58.099999999999994,10.35152,10.644405040058638
58.099999999999994,10.55253,10.689995557376804
58.099999999999994,10.75354,10.735576385469551
58.099999999999994,10.95455,10.781167520132632
58.099999999999994,11.15556,10.8270987091263
58.099999999999994,11.35657,10.87313013711005
58.099999999999994,11.55758,10.91917187433932
58.099999999999994,11.75859,10.965203917115288
58.099999999999994,11.9596,11.003856145307251
58.099999999999994,12.16061,11.039149995671421
58.099999999999994,12.36162,11.070465141863693
58.099999999999994,12.56263,11.100890599145226
58.099999999999994,12.76364,11.131316173434861
58.099999999999994,12.96465,11.161751863776965
58.099999999999994,13.16566,11.192307522442528
58.099999999999994,13.36667,11.222903271370111
58.099999999999994,13.56768,11.25348914172064
58.099999999999994,13.76869,11.284085132401412
58.099999999999994,13.9697,11.310821734636795
58.099999999999994,14.17071,11.336459051191513
58.099999999999994,14.37172,11.360086700289882
58.099999999999994,14.57273,11.383384426543667
58.099999999999994,14.77374,11.406682198230541
58.099999999999994,14.97475,11.429980015005992
58.099999999999994,15.17576,11.453317793774326
58.099999999999994,15.37677,11.47665560819916
58.099999999999994,15.57778,11.499983470159943
58.099999999999994,15.77879,11.523321379213499
58.099999999999994,15.9798,11.544599404077296
58.099999999999994,16.18081,11.565497781892665
58.099999999999994,16.38182,11.58514629843023
58.099999999999994,16.58283,11.604664849122933
58.099999999999994,16.78384,11.624173425808975
58.099999999999994,16.98485,11.643692028280995
58.099999999999994,17.18586,11.663210606634609
58.099999999999994,17.38687,11.682729208101966
58.099999999999994,17.58788,11.702247836679543
58.099999999999994,17.78889,11.721776492199991
58.099999999999994,17.9899,11.740005167643107
58.099999999999994,18.19091,11.758094065518907
58.099999999999994,18.39192,11.77524305137355
58.099999999999994,18.59293,11.792362056907985
58.099999999999994,18.79394,11.80947107935142
58.099999999999994,18.99495,11.826580118556539
58.099999999999994,19.19596,11.843689144353352
58.099999999999994,19.39697,11.860798186887058
58.099999999999994,19.59798,11.877907246906265
58.099999999999994,19.79899,11.895016324292904
58.099999999999994,20.0,11.911185422352778
12.5,0.1,0.14900957325360173
12.5,0.3010101,0.5646717982898013
12.5,0.5020202,0.6119741592725311
12.5,0.7030303,0.4613716292948768
12.5,1.306061,1.2775251316571261
12.5,1.507071,1.668199022855978
12.5,1.708081,1.6104473332778981
12.5,1.909091,1.5178672094024817
12.5,2.110101,1.420052826908288
12.5,2.311111,1.330709048650606
12.5,2.512121,1.2551730357560238
12.5,2.713131,1.1964290538213054
12.5,2.914141,1.1536565787882773
12.5,3.115152,1.1272210646113525
12.5,3.316162,1.1216835354692125
12.5,3.517172,1.1382614511259865
12.5,3.718182,1.1828310817335874
12.5,3.919192,1.2547993433495428
12.5,4.120202,1.3491966883382702
12.5,4.321212,1.4659770158185472
12.5,4.522222,1.6047783818754748
12.5,4.723232,1.7754185877429223
12.5,4.924242,1.9891543661937212
12.5,5.125253,2.2538992689192794
12.5,5.326263,2.601593540593499
12.5,5.527273,3.0129063145783914
12.5,5.728283,3.5136993248775306
12.5,5.929293,4.111457626876505
12.5,6.130303,4.779483308748164
12.5,6.331313,5.4968379037529616
12.5,6.532323,6.232584967350978
12.5,6.733333,6.95590913658821
12.5,6.934343,7.618608450728316
12.5,7.135354,8.201597195988679
12.5,7.336364,8.702362347749025
12.5,7.537374,9.113387728280482
12.5,7.738384,9.439489430070896
12.5,7.939394,9.689366080683358
12.5,8.140404,9.893676240257006
12.5,8.341414,10.06182031489772
12.5,8.542424,10.201646410140189
12.5,8.743434,10.318703934720027
12.5,8.944444,10.415861506301686
12.5,9.145455,10.501634160735703
12.5,9.346465,10.577850218774442
12.5,9.547475,10.646437594213305
12.5,9.748485,10.70860503546293
12.5,9.949495,10.758518503998733
12.5,10.15051,10.808933193092098
12.5,10.35152,10.863477047847187
12.5,10.55253,10.91038233766107
12.5,10.75354,10.952014509926256
12.5,10.95455,10.993739494123806
12.5,11.15556,11.031749755208578
12.5,11.35657,11.068582979906045
12.5,11.55758,11.104329076644971
12.5,11.75859,11.137438818573605
12.5,11.9596,11.170670253027025
12.5,12.16061,11.201594745412251
12.5,12.36162,11.231791002176664
12.5,12.56263,11.261189015452862
12.5,12.76364,11.288909093980156
12.5,12.96465,11.316800120069141
12.5,13.16566,11.34304289033148
12.5,13.36667,11.368756702907536
12.5,13.56768,11.393861515339436
12.5,13.76869,11.417817398300807
12.5,13.9697,11.441953785098448
12.5,14.17071,11.464891055913863
12.5,14.37172,11.487428879395761
12.5,14.57273,11.509487201848481
12.5,14.77374,11.530765997309093
12.5,14.97475,11.552215072386534
12.5,15.17576,11.572764516931986
12.5,15.37677,11.593014205321289
12.5,15.57778,11.612904100960288
12.5,15.77879,11.632244158484362
12.5,15.9798,11.651724395698587
12.5,16.18081,11.670504731707169
12.5,16.38182,11.689075134375717
12.5,16.58283,11.707355593555015
12.5,16.78384,11.725236073157962
12.5,16.98485,11.7432166914705
12.5,17.18586,11.760647281819658
12.5,17.38687,11.777917844036175
12.5,17.58788,11.794938393351636
12.5,17.78889,11.811658908094687
12.5,17.9899,11.82845954499559
12.5,18.19091,11.844790102376999
12.5,18.39192,11.861010585319445
12.5,18.59293,11.877011029140425
12.5,18.79394,11.892771423689535
12.5,18.99495,11.90860193052142
12.5,19.19596,11.924012342918967
12.5,19.39697,11.939352665023847
12.5,19.59798,11.954492946557476
12.5,19.79899,11.9694231848707
12.5,20.0,11.982233469606031
12.8,0.1,0.7226875598499465
12.8,0.3010101,0.9031581716257362
12.8,0.5020202,0.9645283926421732
12.8,0.7030303,0.3630077794266776
12.8,0.9040404,0.0158236247246774
12.8,1.306061,1.0493951171902247
12.8,1.507071,1.641014416799297
12.8,1.708081,1.5909781109140528
12.8,1.909091,1.502692096613394
12.8,2.110101,1.4081773355685168
12.8,2.311111,1.3218005435498743
12.8,2.512121,1.2482604579702758
12.8,2.713131,1.190819846986337
12.8,2.914141,1.1486975844537453
12.8,3.115152,1.1220399611445797
12.8,3.316162,1.1143710232126964
12.8,3.517172,1.1271403962978825
12.8,3.718182,1.1666382982647523
12.8,3.919192,1.2335912117248904
12.8,4.120202,1.3249377240405873
12.8,4.321212,1.4423909438783653
12.8,4.522222,1.5854024155085946
12.8,4.723232,1.7638301182765896
12.8,4.924242,1.989609662227387
12.8,5.125253,2.2698825041820587
12.8,5.326263,2.634869009479604
12.8,5.527273,3.0574471103293823
12.8,5.728283,3.566991668170012
12.8,5.929293,4.168985854825394
12.8,6.130303,4.835284151895856
12.8,6.331313,5.544853158520028
12.8,6.532323,6.272796405964948
12.8,6.733333,6.985621052233814
12.8,6.934343,7.636468362772388
12.8,7.135354,8.211742418549836
12.8,7.336364,8.703546634032682
12.8,7.537374,9.11055351892409
12.8,7.738384,9.434129824393878
12.8,7.939394,9.682906748907815
12.8,8.140404,9.886954560961104
12.8,8.341414,10.055196491066328
12.8,8.542424,10.195236793532516
12.8,8.743434,10.312619020201167
12.8,8.944444,10.410111960497414
12.8,9.145455,10.496100630141687
12.8,9.346465,10.572622932460726
12.8,9.547475,10.641387070742057
12.8,9.748485,10.703721531353152
12.8,9.949495,10.75961572633724
12.8,10.15051,10.81015860949342
12.8,10.35152,10.858926683733463
12.8,10.55253,10.905859842002018
12.8,10.75354,10.947610108394542
12.8,10.95455,10.989363180203403
12.8,11.15556,11.027381689719448
12.8,11.35657,11.064303240500077
12.8,11.55758,11.100177719457397
12.8,11.75859,11.133445951449998
12.8,11.9596,11.166705901918634
12.8,12.16061,11.197629047231299
12.8,12.36162,11.227963951901952
12.8,12.56263,11.257550652583703
12.8,12.76364,11.285469508464278
12.8,12.96465,11.313399404627843
12.8,13.16566,11.339641175400844
12.8,13.36667,11.36554394254094
12.8,13.56768,11.390857756776409
12.8,13.76869,11.415022737615237
12.8,13.9697,11.439198315555933
12.8,14.17071,11.462134883280765
12.8,14.37172,11.484851976872372
12.8,14.57273,11.507119622606174
12.8,14.77374,11.528587825759178
12.8,14.97475,11.550066354114097
12.8,15.17576,11.570615325612815
12.8,15.37677,11.591024556571705
12.8,15.57778,11.611084044476412
12.8,15.77879,11.630573756610032
12.8,15.9798,11.650073638870618
12.8,16.18081,11.668853667090586
12.8,16.38182,11.687553816758493
12.8,16.58283,11.705974063533038
12.8,16.78384,11.723974372360377
12.8,16.98485,11.741964766967385
12.8,17.18586,11.759395163232389
12.8,17.38687,11.77676561364213
12.8,17.58788,11.793896081018863
12.8,17.78889,11.810706539797167
12.8,17.9899,11.827527039764833
12.8,18.19091,11.843857479700862
12.8,18.39192,11.860157942464761
12.8,18.59293,11.876238385160732
12.8,18.79394,11.892078793090684
12.8,18.99495,11.907909219270076
12.8,19.19596,11.923329565281342
12.8,19.39697,11.938729920454854
12.8,19.59798,11.952870221917186
12.8,19.79899,11.965670461547198
12.8,20.0,11.978470706364497
13.100000000000001,0.1,0.3675575053399558
13.100000000000001,0.3010101,0.6227136373441132
13.100000000000001,0.5020202,0.705393465968916
13.100000000000001,0.7030303,0.4691615119326495
13.100000000000001,1.306061,1.2357350401845064
13.100000000000001,1.507071,1.6175808388141564
13.100000000000001,1.708081,1.5698090647670284
13.100000000000001,1.909091,1.4868849346604494
13.100000000000001,2.110101,1.3971077938960026
13.100000000000001,2.311111,1.3137234209637787
13.100000000000001,2.512121,1.2420852773263502
13.100000000000001,2.713131,1.1857635150156949
13.100000000000001,2.914141,1.1440612479095869
13.100000000000001,3.115152,1.1166420842110358
13.100000000000001,3.316162,1.1067996463426382
13.100000000000001,3.517172,1.1161230910440063
13.100000000000001,3.718182,1.1513139721223804
13.100000000000001,3.919192,1.2139766485003676
13.100000000000001,4.120202,1.3030845890715557
13.100000000000001,4.321212,1.4223304151760576
13.100000000000001,4.522222,1.5708254832759074
13.100000000000001,4.723232,1.7583835117265771
13.100000000000001,4.924242,1.9974973367430344
13.100000000000001,5.125253,2.2937212485505203
13.100000000000001,5.326263,2.675127959327088
13.100000000000001,5.527273,3.1080309072020538
13.100000000000001,5.728283,3.6247455716422623
13.100000000000001,5.929293,4.228832082279207
13.100000000000001,6.130303,4.892585962270754
13.100000000000001,6.331313,5.592969054180402
13.100000000000001,6.532323,6.312766486804257
13.100000000000001,6.733333,7.014925926686483
13.100000000000001,6.934343,7.654079487269307
13.100000000000001,7.135354,8.221793390965269
13.100000000000001,7.336364,8.704991411593463
13.100000000000001,7.537374,9.108062383693541
13.100000000000001,7.738384,9.429140953907384
13.100000000000001,7.939394,9.67678790803256
13.100000000000001,8.140404,9.880552323328873
13.100000000000001,8.341414,10.048851943029886
13.100000000000001,8.542424,10.189076472115504
13.100000000000001,8.743434,10.30676338789519
13.100000000000001,8.944444,10.4045716917193
13.100000000000001,9.145455,10.490786439406897
13.100000000000001,9.346465,10.567604987235717
13.100000000000001,9.547475,10.636525980953502
13.100000000000001,9.748485,10.699027526455666
13.100000000000001,9.949495,10.74919627168627
13.100000000000001,10.15051,10.798877443193952
13.100000000000001,10.35152,10.851688403763102
13.100000000000001,10.55253,10.901636277973967
13.100000000000001,10.75354,10.943494751835843
13.100000000000001,10.95455,10.985266058678809
13.100000000000001,11.15556,11.023282960206922
13.100000000000001,11.35657,11.060292966303164
13.100000000000001,11.55758,11.09627595482794
13.100000000000001,11.75859,11.129662803768602
13.100000000000001,11.9596,11.162951391141352
13.100000000000001,12.16061,11.193873298526226
13.100000000000001,12.36162,11.224336962815187
13.100000000000001,12.56263,11.254072456502236
13.100000000000001,12.76364,11.28217018242814
13.100000000000001,12.96465,11.310129034627165
13.100000000000001,13.16566,11.336379882232688
13.100000000000001,13.36667,11.36242167167637
13.100000000000001,13.56768,11.387934543974291
13.100000000000001,13.76869,11.412298664418735
13.100000000000001,13.9697,11.436503486738975
13.100000000000001,14.17071,11.45943940071462
13.100000000000001,14.37172,11.482315787261609
13.100000000000001,14.57273,11.504772767400455
13.100000000000001,14.77374,11.526430379652517
13.100000000000001,14.97475,11.54792839137874
13.100000000000001,15.17576,11.568466919968229
13.100000000000001,15.37677,11.589025685695066
13.100000000000001,15.57778,11.609244748959624
13.100000000000001,15.77879,11.628894094009848
13.100000000000001,15.9798,11.648403637409073
13.100000000000001,16.18081,11.667193375488855
13.100000000000001,16.38182,11.686013247766386
13.100000000000001,16.58283,11.704553251777412
13.100000000000001,16.78384,11.722673357831104
13.100000000000001,16.98485,11.740683537048938
13.100000000000001,17.18586,11.7581037491828
13.100000000000001,17.38687,11.775584056300609
13.100000000000001,17.58788,11.79281440714894
13.100000000000001,17.78889,11.80972477558906
13.100000000000001,17.9899,11.826545142934865
13.100000000000001,18.19091,11.842875470756182
13.100000000000001,18.39192,11.859255881429748
13.100000000000001,18.59293,11.875426291245601
13.100000000000001,18.79394,11.891346683149331
13.100000000000001,18.99495,11.907177031301883
13.100000000000001,19.19596,11.922597313698326
13.100000000000001,19.39697,11.938067677050947
13.100000000000001,19.59798,11.953338023343266
13.100000000000001,19.79899,11.96838834558098
13.100000000000001,20.0,11.981198555693373
58.400000000000006,0.1,2.57948598359362
58.400000000000006,0.3010101,3.5964409701745725
58.400000000000006,0.5020202,4.031202331323231
58.400000000000006,0.7030303,4.299970177351585
58.400000000000006,0.9040404,4.523200669831026
58.400000000000006,1.105051,4.714955084015717
58.400000000000006,1.306061,4.887216912853658
58.400000000000006,1.507071,5.059366205312635
58.400000000000006,1.708081,5.2230259917868285
58.400000000000006,1.909091,5.38383715155093
58.400000000000006,2.110101,5.539514109900709
58.400000000000006,2.311111,5.6937096630401465
58.400000000000006,2.512121,5.8486854156754635
58.400000000000006,2.713131,6.004810291641281
58.400000000000006,2.914141,6.159757467785481
58.400000000000006,3.115152,6.305806299709326
58.400000000000006,3.316162,6.465429204912363
58.400000000000006,3.517172,6.625053404719666
58.400000000000006,3.718182,6.784677811099086
58.400000000000006,3.919192,6.959056314260198
58.400000000000006,4.120202,7.117210128414069
58.400000000000006,4.321212,7.274217243478405
58.400000000000006,4.522222,7.431225797262589
58.400000000000006,4.723232,7.588235700460787
58.400000000000006,4.924242,7.745044799570189
58.400000000000006,5.125253,7.876627876745079
58.400000000000006,5.326263,8.004636458266823
58.400000000000006,5.527273,8.132646055998597
58.400000000000006,5.728283,8.260656622699038
58.400000000000006,5.929293,8.38866711546812
58.400000000000006,6.130303,8.540068050345472
58.400000000000006,6.331313,8.677038987946801
58.400000000000006,6.532323,8.814011313012156
58.400000000000006,6.733333,8.95098691821483
58.400000000000006,6.934343,9.087963698240145
58.400000000000006,7.135354,9.224943558028428
58.400000000000006,7.336364,9.361925405337768
58.400000000000006,7.537374,9.4989081544736
58.400000000000006,7.738384,9.635893724200276
58.400000000000006,7.939394,9.767544990615429
58.400000000000006,8.140404,9.860291789983721
58.400000000000006,8.341414,9.935832533638836
58.400000000000006,8.542424,10.011373179346762
58.400000000000006,8.743434,10.08691270687115
58.400000000000006,8.944444,10.162463096180778
58.400000000000006,9.145455,10.238513601562179
58.400000000000006,9.346465,10.314764727451054
58.400000000000006,9.547475,10.391016743834186
58.400000000000006,9.748485,10.467259631461907
58.400000000000006,9.949495,10.53984347883749
58.400000000000006,10.15051,10.59393214365428
58.400000000000006,10.35152,10.639512429795442
58.400000000000006,10.55253,10.685103029758473
58.400000000000006,10.75354,10.73068393993401
58.400000000000006,10.95455,10.776275156125667
58.400000000000006,11.15556,10.822206409575733
58.400000000000006,11.35657,10.868247896678595
58.400000000000006,11.55758,10.91427969292053
58.400000000000006,11.75859,10.960311794222003
58.400000000000006,11.9596,11.003604266036172
58.400000000000006,12.16061,11.037578693919144
58.400000000000006,12.36162,11.068014060139296
58.400000000000006,12.56263,11.09843954439686
58.400000000000006,12.76364,11.128875145497704
58.400000000000006,12.96465,11.15930086265924
58.400000000000006,13.16566,11.189866544659765
58.400000000000006,13.36667,11.220452316257717
58.400000000000006,13.56768,11.251048209110271
58.400000000000006,13.76869,11.281634222298976
58.400000000000006,13.9697,11.310670597124197
58.400000000000006,14.17071,11.3355480892982
58.400000000000006,14.37172,11.358845787039707
58.400000000000006,14.57273,11.382143530361141
58.400000000000006,14.77374,11.405441319017733
58.400000000000006,14.97475,11.428739152764528
58.400000000000006,15.17576,11.452066948164832
58.400000000000006,15.37677,11.475404779064972
58.400000000000006,15.57778,11.498742657393572
58.400000000000006,15.77879,11.522080582801726
58.400000000000006,15.9798,11.544508618347708
58.400000000000006,16.18081,11.564857087704706
58.400000000000006,16.38182,11.584375623677113
58.400000000000006,16.58283,11.603894185699536
58.400000000000006,16.78384,11.62340277367799
58.400000000000006,16.98485,11.642921387407668
58.400000000000006,17.18586,11.662439977121847
58.400000000000006,17.38687,11.68195858992582
58.400000000000006,17.58788,11.701487229771372
58.400000000000006,17.78889,11.72100589658847
58.400000000000006,17.9899,11.739904624715917
58.400000000000006,18.19091,11.757543598246036
58.400000000000006,18.39192,11.774662594176664
58.400000000000006,18.59293,11.791771607070185
58.400000000000006,18.79394,11.808880636778012
58.400000000000006,18.99495,11.825999683224886
58.400000000000006,19.19596,11.84310871639547
58.400000000000006,19.39697,11.860217766306926
58.400000000000006,19.59798,11.87732683364061
58.400000000000006,19.79899,11.894435918343017
58.400000000000006,20.0,11.911055040201788
58.7,0.1,2.5886951380999808
58.7,0.3010101,3.6109345716885857
58.7,0.5020202,4.047975064831469
58.7,0.7030303,4.317265671245512
58.7,0.9040404,4.541453304003292
58.7,1.105051,4.733401147249106
58.7,1.306061,4.90591217257997
58.7,1.507071,5.078354587097792
58.7,1.708081,5.24157335076655
58.7,1.909091,5.4005343738188785
58.7,2.110101,5.555992754508687
58.7,2.311111,5.704834345984002
58.7,2.512121,5.856248219545923
58.7,2.713131,5.999788808565375
58.7,2.914141,6.128799506059041
58.7,3.115152,6.273351381652867
58.7,3.316162,6.448726306255277
58.7,3.517172,6.63891742488626
58.7,3.718182,6.811275583635867
58.7,3.919192,6.971134231309756
58.7,4.120202,7.129288255097246
58.7,4.321212,7.2862957707256255
58.7,4.522222,7.443304705840279
58.7,4.723232,7.599288624021077
58.7,4.924242,7.7546255444850125
58.7,5.125253,7.884511456739911
58.7,5.326263,7.999003316208681
58.7,5.527273,8.122054520735404
58.7,5.728283,8.250065244168464
58.7,5.929293,8.378076888589474
58.7,6.130303,8.534805164399325
58.7,6.331313,8.707118046145112
58.7,6.532323,8.856167781254854
58.7,6.733333,8.993143084985784
58.7,6.934343,9.130119564885954
58.7,7.135354,9.267099122048847
58.7,7.336364,9.404080667822251
58.7,7.537374,9.541063115257776
58.7,7.738384,9.659305860822851
58.7,7.939394,9.76906972159269
58.7,8.140404,9.864598847026961
58.7,8.341414,9.953985166491735
58.7,8.542424,10.03355803544613
58.7,8.743434,10.109107643632623
58.7,8.944444,10.184648111147887
58.7,9.145455,10.260698897180587
58.7,9.346465,10.336950375822529
58.7,9.547475,10.413202737827527
58.7,9.748485,10.478436271662774
58.7,9.949495,10.539780626341086
58.7,10.15051,10.59615937798859
58.7,10.35152,10.650869731699826
58.7,10.55253,10.69866038128543
58.7,10.75354,10.74425133635713
58.7,10.95455,10.789832596982034
58.7,11.15556,10.835773952805974
58.7,11.35657,10.881805558456632
58.7,11.55758,10.927837471729621
58.7,11.75859,10.966579870708317
58.7,11.9596,11.003362579065218
58.7,12.16061,11.038706851722415
58.7,12.36162,11.073701614407167
58.7,12.56263,11.1049970298454
58.7,12.76364,11.135432683658486
58.7,12.96465,11.165858453135861
58.7,13.16566,11.196424203125707
58.7,13.36667,11.227010045624189
58.7,13.56768,11.257606008886507
58.7,13.76869,11.284422684510346
58.7,13.9697,11.310519554049206
58.7,14.17071,11.336227033104485
58.7,14.37172,11.361864657506727
58.7,14.57273,11.385492407028178
58.7,14.77374,11.408780214616192
58.7,14.97475,11.432078067149183
58.7,15.17576,11.455415885805117
58.7,15.37677,11.478753740630436
58.7,15.57778,11.502091642712724
58.7,15.77879,11.523379734540352
58.7,15.9798,11.544407883389683
58.7,16.18081,11.565326360206573
58.7,16.38182,11.586214896378097
58.7,16.58283,11.605863468855523
58.7,16.78384,11.62537206827467
58.7,16.98485,11.644890693402116
58.7,17.18586,11.664409296325273
58.7,17.38687,11.683927922439581
58.7,17.58788,11.703456575547477
58.7,17.78889,11.721675328477335
58.7,17.9899,11.739804109658426
58.7,18.19091,11.75788309474879
58.7,18.39192,11.775952106176504
58.7,18.59293,11.793101126839838
58.7,18.79394,11.810220163974124
58.7,18.99495,11.827329217875478
58.7,19.19596,11.844438259348609
58.7,19.39697,11.861547317538534
58.7,19.59798,11.878656393167413
58.7,19.79899,11.89480552579682
58.7,20.0,11.910934674559584
59.0,0.1,2.598001458529075
59.0,0.3010101,3.6253129851688812
59.0,0.5020202,4.064948397756694
59.0,0.7030303,4.33499321495096
59.0,0.9040404,4.556861279125292
59.0,1.105051,4.7517122495928685
59.0,1.306061,4.924221740860316
59.0,1.507071,5.097040676601152
59.0,1.708081,5.259045894982491
59.0,1.909091,5.417860923332763
59.0,2.110101,5.573289667909401
59.0,2.311111,5.722131391963872
59.0,2.512121,5.870735470112129
59.0,2.713131,6.025491170189509
59.0,2.914141,6.1548009670769925
59.0,3.115152,6.315888271021855
59.0,3.316162,6.503638797579396
59.0,3.517172,6.663496244734945
59.0,3.718182,6.823353780172931
59.0,3.919192,6.983212325862904
59.0,4.120202,7.141366556287881
59.0,4.321212,7.298197413253388
59.0,4.522222,7.453533176639359
59.0,4.723232,7.608869217571353
59.0,4.924242,7.764207456127174
59.0,5.125253,7.894093684287681
59.0,5.326263,8.008585855035403
59.0,5.527273,8.123078781348738
59.0,5.728283,8.239473912037804
59.0,5.929293,8.367485710614643
59.0,6.130303,8.524215198014348
59.0,6.331313,8.696528321796585
59.0,6.532323,8.868843133543185
59.0,6.733333,9.03529936328443
59.0,6.934343,9.17227554299388
59.0,7.135354,9.309254799365869
59.0,7.336364,9.441309894517538
59.0,7.537374,9.551068713973015
59.0,7.738384,9.66083028178328
59.0,7.939394,9.770593505439512
59.0,8.140404,9.866123878296744
59.0,8.341414,9.955509394681997
59.0,8.542424,10.044892787686342
59.0,8.743434,10.131292914879367
59.0,8.944444,10.206833457470776
59.0,9.145455,10.282894520311514
59.0,9.346465,10.355696457521388
59.0,9.547475,10.417039538068384
59.0,9.748485,10.478373321237155
59.0,9.949495,10.53971779439723
59.0,10.15051,10.596096633714259
59.0,10.35152,10.650807064332586
59.0,10.55253,10.705527798232113
59.0,10.75354,10.757808823230379
59.0,10.95455,10.803400127504673
59.0,11.15556,10.849331585340261
59.0,11.35657,10.892763379243984
59.0,11.55758,10.929545630486883
59.0,11.75859,10.96632813984862
59.0,11.9596,11.003110904783393
59.0,12.16061,11.03845522314276
59.0,12.36162,11.073450028719092
59.0,12.56263,11.108434982857274
59.0,12.76364,11.141980272325402
59.0,12.96465,11.172416093918994
59.0,13.16566,11.202981911603162
59.0,13.36667,11.232078068293797
59.0,13.56768,11.258174807860359
59.0,13.76869,11.28427162486174
59.0,13.9697,11.31036851876076
59.0,14.17071,11.336076017908542
59.0,14.37172,11.361713661617628
59.0,14.57273,11.387351353587313
59.0,14.77374,11.41212912491157
59.0,14.97475,11.43542699616004
59.0,15.17576,11.458754838189959
59.0,15.37677,11.481212780026901
59.0,15.57778,11.502250865735824
59.0,15.77879,11.523278990487503
59.0,15.9798,11.544317153953811
59.0,16.18081,11.565225643218602
59.0,16.38182,11.586124191433628
59.0,16.58283,11.607022765747917
59.0,16.78384,11.627341370444174
59.0,16.98485,11.646860006953661
59.0,17.18586,11.66637862306873
59.0,17.38687,11.68529729692329
59.0,17.58788,11.703436040577538
59.0,17.78889,11.721574807774344
59.0,17.9899,11.739713598404586
59.0,18.19091,11.757782591598156
59.0,18.39192,11.775861610976053
59.0,18.59293,11.793930646875353
59.0,18.79394,11.811549695647122
59.0,18.99495,11.828668756944598
59.0,19.19596,11.845777806712832
59.0,19.39697,11.862416893023813
59.0,19.59798,11.878546016837541
59.0,19.79899,11.89468515635079
59.0,20.0,11.910814311583632
59.3,0.1,2.607110050402123
59.3,0.3010101,3.6390926853962946
59.3,0.5020202,4.081013795272838
59.3,0.7030303,4.351984661796833
59.3,0.9040404,4.577270879635788
59.3,1.105051,4.770016241182943
59.3,1.306061,4.942944140065722
59.3,1.507071,5.11588299761417
59.3,1.708081,5.277819892200298
59.3,1.909091,5.436094166071557
59.3,2.110101,5.590900076715006
59.3,2.311111,5.7394761245426595
59.3,2.512121,5.888053254769364
59.3,2.713131,6.0429297529784005
59.3,2.914141,6.198035169644814
59.3,3.115152,6.355862226024862
59.3,3.316162,6.515717392373708
59.3,3.517172,6.67557472899717
59.3,3.718182,6.835432157125214
59.3,3.919192,6.99529159854466
59.3,4.120202,7.152443733973001
59.3,4.321212,7.307778500995145
59.3,4.522222,7.46311361197791
59.3,4.723232,7.618450981431937
59.3,4.924242,7.773788537126088
59.3,5.125253,7.903675076176348
59.3,5.326263,8.018167556540787
59.3,5.527273,8.132660780028491
59.3,5.728283,8.247154717088582
59.3,5.929293,8.361649339757825
59.3,6.130303,8.51362428033298
59.3,6.331313,8.685937643205687
59.3,6.532323,8.858252689250278
59.3,6.733333,9.030569319697259
59.3,6.934343,9.202888447803415
59.3,7.135354,9.33307725532787
59.3,7.336364,9.44283361828077
59.3,7.537374,9.552591817624378
59.3,7.738384,9.66235375630701
59.3,7.939394,9.77211834205019
59.3,8.140404,9.867647961819877
59.3,8.341414,9.957034674525078
59.3,8.542424,10.046417260288763
59.3,8.743434,10.135807695642464
59.3,8.944444,10.2251989584627
59.3,9.145455,10.294290798799508
59.3,9.346465,10.355633286841423
59.3,9.547475,10.416976488564773
59.3,9.748485,10.478310391492943
59.3,9.949495,10.539654983028308
59.3,10.15051,10.596033909893118
59.3,10.35152,10.650744417315291
59.3,10.55253,10.705465227236914
59.3,10.75354,10.760176335360025
59.3,10.95455,10.814897736861058
59.3,11.15556,10.855729498718691
59.3,11.35657,10.892511546849038
59.3,11.55758,10.929293855386229
59.3,11.75859,10.966076421615673
59.3,11.9596,11.002859242999458
59.3,12.16061,11.038213607016484
59.3,12.36162,11.073198455454953
59.3,12.56263,11.108193452053303
59.3,12.76364,11.14317859558747
59.3,12.96465,11.178173884554223
59.3,13.16566,11.20583028111865
59.3,13.36667,11.231926967391255
59.3,13.56768,11.258023731526304
59.3,13.76869,11.284120572982381
59.3,13.9697,11.310217491224869
59.3,14.17071,11.335925010482594
59.3,14.37172,11.361562673479833
59.3,14.57273,11.387200384652546
59.3,14.77374,11.412838143674996
59.3,14.97475,11.438475950226493
59.3,15.17576,11.460083950683655
59.3,15.37677,11.481122011987255
59.3,15.57778,11.502150112525738
59.3,15.77879,11.523188251965525
59.3,15.9798,11.544226430138984
59.3,16.18081,11.565134931772791
59.3,16.38182,11.586033492061969
59.3,16.58283,11.606932078406903
59.3,16.78384,11.627830690720147
59.3,16.98485,11.648719328844026
59.3,17.18586,11.667068031454882
59.3,17.38687,11.685206761018192
59.3,17.58788,11.70334551422873
59.3,17.78889,11.721474290957008
59.3,17.9899,11.739613091059221
59.3,18.19091,11.757692092293109
59.3,18.39192,11.775761119669607
59.3,18.59293,11.793830163515864
59.3,18.79394,11.811899223756306
59.3,18.99495,11.829978300291874
59.3,19.19596,11.846157398799274
59.3,19.39697,11.86229651328234
59.3,19.59798,11.878425643597506
59.3,19.79899,11.894564789615343
59.3,20.0,11.910703951274469
59.599999999999994,0.1,2.615971764717372
59.599999999999994,0.3010101,3.6525525904458593
59.599999999999994,0.5020202,4.0968327825650865
59.599999999999994,0.7030303,4.368757290205281
59.599999999999994,0.9040404,4.592013065097087
59.599999999999994,1.105051,4.787153001625583
59.599999999999994,1.306061,4.958808086957362
59.599999999999994,1.507071,5.13136478896063
59.599999999999994,1.708081,5.293364873726626
59.599999999999994,1.909091,5.449759752579487
59.599999999999994,2.110101,5.6033141785985245
59.599999999999994,2.311111,5.752503292386938
59.599999999999994,2.512121,5.901140447861933
59.599999999999994,2.713131,6.055899107578946
59.599999999999994,2.914141,6.186170419977613
59.599999999999994,3.115152,6.331824390117447
59.599999999999994,3.316162,6.491680879194267
59.599999999999994,3.517172,6.667958745038394
59.599999999999994,3.718182,6.855214941305904
59.599999999999994,3.919192,7.009892670691447
59.599999999999994,4.120202,7.163660976360674
59.599999999999994,4.321212,7.3170478091091
59.599999999999994,4.522222,7.472384310568825
59.599999999999994,4.723232,7.6277210563238835
59.599999999999994,4.924242,7.783059968698993
59.599999999999994,5.125253,7.912946860588165
59.599999999999994,5.326263,8.027439684244454
59.599999999999994,5.527273,8.141933243327447
59.599999999999994,5.728283,8.257856444116113
59.599999999999994,5.929293,8.38250699066808
59.599999999999994,6.130303,8.538054319853863
59.599999999999994,6.331313,8.710368279965005
59.599999999999994,6.532323,8.882683895435186
59.599999999999994,6.733333,9.048552251181158
59.599999999999994,6.934343,9.181981220608055
59.599999999999994,7.135354,9.31541107397145
59.599999999999994,7.336364,9.444560297014403
59.599999999999994,7.537374,9.554319879667727
59.599999999999994,7.738384,9.66408119254794
59.599999999999994,7.939394,9.773846143680936
59.599999999999994,8.140404,9.869377024960757
59.599999999999994,8.341414,9.958762953327948
59.599999999999994,8.542424,10.04815175063619
59.599999999999994,8.743434,10.13431253095446
59.599999999999994,8.944444,10.208794590062624
59.599999999999994,9.145455,10.283717091918065
59.599999999999994,9.346465,10.355630129156985
59.599999999999994,9.547475,10.416973449505788
59.599999999999994,9.748485,10.478317469609886
59.599999999999994,9.949495,10.53966217711241
59.599999999999994,10.15051,10.596041192898683
59.599999999999994,10.35152,10.65075177972966
59.599999999999994,10.55253,10.705462668403483
59.599999999999994,10.75354,10.757713931049228
59.599999999999994,10.95455,10.803175690968528
59.599999999999994,11.15556,10.848957593243313
59.599999999999994,11.35657,10.892279727178227
59.599999999999994,11.55758,10.929062092243255
59.599999999999994,11.75859,10.965834714824664
59.599999999999994,11.9596,11.002617592031957
59.599999999999994,12.16061,11.037972002168528
59.599999999999994,12.36162,11.072966894006376
59.599999999999994,12.56263,11.107951933909101
59.599999999999994,12.76364,11.141517368254489
59.599999999999994,12.96465,11.172013456324574
59.599999999999994,13.16566,11.20263953576352
59.599999999999994,13.36667,11.23177587831143
59.599999999999994,13.56768,11.257872666603639
59.599999999999994,13.76869,11.283969532106779
59.599999999999994,13.9697,11.310066474286387
59.599999999999994,14.17071,11.335774013707393
59.599999999999994,14.37172,11.36141169608863
59.599999999999994,14.57273,11.387049426558695
59.599999999999994,14.77374,11.411847268195165
59.599999999999994,14.97475,11.435175262602803
59.599999999999994,15.17576,11.458543227390768
59.599999999999994,15.37677,11.481031254660426
59.599999999999994,15.57778,11.502059369737658
59.599999999999994,15.77879,11.523097523664065
59.599999999999994,15.9798,11.544125716311251
59.599999999999994,16.18081,11.565044230210606
59.599999999999994,16.38182,11.585942802559142
59.599999999999994,16.58283,11.60684140094723
59.599999999999994,16.78384,11.627160059696411
59.599999999999994,16.98485,11.64666879053274
59.599999999999994,17.18586,11.666187499393146
59.599999999999994,17.38687,11.685106232962992
59.599999999999994,17.58788,11.703244995531406
59.599999999999994,17.78889,11.721383781584223
59.599999999999994,17.9899,11.739522591035854
59.599999999999994,18.19091,11.757591600325302
59.599999999999994,18.39192,11.77567063558927
59.599999999999994,18.59293,11.793739687348573
59.599999999999994,18.79394,11.81134877534011
59.599999999999994,18.99495,11.82844790128265
59.599999999999994,19.19596,11.845547014389533
59.599999999999994,19.39697,11.862176139048755
59.599999999999994,19.59798,11.878305275752453
59.599999999999994,19.79899,11.894444428162627
59.599999999999994,20.0,11.910583596216734
59.900000000000006,0.1,2.6245454062384925
59.900000000000006,0.3010101,3.666040380314734
59.900000000000006,0.5020202,4.111906355390548
59.900000000000006,0.7030303,4.385376969677293
59.900000000000006,0.9040404,4.6114567378550975
59.900000000000006,1.105051,4.804123507910169
59.900000000000006,1.306061,4.9757762395835305
59.900000000000006,1.507071,5.147223299811412
59.900000000000006,1.708081,5.307040411446542
59.900000000000006,1.909091,5.462931650717045
59.900000000000006,2.110101,5.616503966264667
59.900000000000006,2.311111,5.765693033050708
59.900000000000006,2.512121,5.915954125363405
59.900000000000006,2.713131,6.0621470494012994
59.900000000000006,2.914141,6.192202708441073
59.900000000000006,3.115152,6.352947523231906
59.900000000000006,3.316162,6.54344134597252
59.900000000000006,3.517172,6.713056139121765
59.900000000000006,3.718182,6.867734133346917
59.900000000000006,3.919192,7.0224123967097
59.900000000000006,4.120202,7.176181253490973
59.900000000000006,4.321212,7.3293384076679695
59.900000000000006,4.522222,7.4824975174588815
59.900000000000006,4.723232,7.636992336953376
59.900000000000006,4.924242,7.792330604222297
59.900000000000006,5.125253,7.922217841889797
59.900000000000006,5.326263,8.036711008073937
59.900000000000006,5.527273,8.157635618186417
59.900000000000006,5.728283,8.282285810571656
59.900000000000006,5.929293,8.40693672790674
59.900000000000006,6.130303,8.562484582103158
59.900000000000006,6.331313,8.73479913171909
59.900000000000006,6.532323,8.881514036974533
59.900000000000006,6.733333,9.014942115771218
59.900000000000006,6.934343,9.148371136632445
59.900000000000006,7.135354,9.28180301731736
59.900000000000006,7.336364,9.41523667819596
59.900000000000006,7.537374,9.548671044765337
59.900000000000006,7.738384,9.665809683288298
59.900000000000006,7.939394,9.775573998921164
59.900000000000006,8.140404,9.871105141139893
59.900000000000006,8.341414,9.960491284757806
59.900000000000006,8.542424,10.039316820997678
59.900000000000006,8.743434,10.113798355163931
59.900000000000006,8.944444,10.188270642604593
59.900000000000006,9.145455,10.263193194478976
59.900000000000006,9.346465,10.338286352535347
59.900000000000006,9.547475,10.413380290542692
59.900000000000006,9.748485,10.478324568985729
59.900000000000006,9.949495,10.539659392501282
59.900000000000006,10.15051,10.596038497085258
59.900000000000006,10.35152,10.65075916304944
59.900000000000006,10.55253,10.698450365205634
59.900000000000006,10.75354,10.74391192823093
59.900000000000006,10.95455,10.789373772409116
59.900000000000006,11.15556,10.83515570949817
59.900000000000006,11.35657,10.881027878927213
59.900000000000006,11.55758,10.926900332466046
59.900000000000006,11.75859,10.965603020848018
59.900000000000006,11.9596,11.002385953845593
59.900000000000006,12.16061,11.037740410067805
59.900000000000006,12.36162,11.072725345445557
59.900000000000006,12.56263,11.10408107859309
59.900000000000006,12.76364,11.134577074731073
59.900000000000006,12.96465,11.165073175600012
59.900000000000006,13.16566,11.195699256076821
59.900000000000006,13.36667,11.226345419922035
59.900000000000006,13.56768,11.256991693354763
59.900000000000006,13.76869,11.283818499179134
59.900000000000006,13.9697,11.309915465277996
59.900000000000006,14.17071,11.335623024777364
59.900000000000006,14.37172,11.361260726525986
59.900000000000006,14.57273,11.384918627217372
59.900000000000006,14.77374,11.408256594474365
59.900000000000006,14.97475,11.431594602958107
59.900000000000006,15.17576,11.454962579187663
59.900000000000006,15.37677,11.4783405883302
59.900000000000006,15.57778,11.501708640869264
59.900000000000006,15.77879,11.523006800992759
59.900000000000006,15.9798,11.544035008063938
59.900000000000006,16.18081,11.56495353431366
59.900000000000006,16.38182,11.585842118747902
59.900000000000006,16.58283,11.605480805148176
59.900000000000006,16.78384,11.624999522407101
59.900000000000006,16.98485,11.644518262730898
59.900000000000006,17.18586,11.66402698044057
59.900000000000006,17.38687,11.683545718739303
59.900000000000006,17.58788,11.703064481271092
59.900000000000006,17.78889,11.721293276119493
59.900000000000006,17.9899,11.73942209489507
59.900000000000006,18.19091,11.757501112180359
59.900000000000006,18.39192,11.775570155424283
59.900000000000006,18.59293,11.792709256204784
59.900000000000006,18.79394,11.809808373797114
59.900000000000006,18.99495,11.826897506407025
59.900000000000006,19.19596,11.843996625929547
59.900000000000006,19.39697,11.861085760412157
59.900000000000006,19.59798,11.878184910525642
59.900000000000006,19.79899,11.894324069407823
59.900000000000006,20.0,11.910463243833567
60.2,0.1,2.632600924708542
60.2,0.3010101,3.679245150114208
60.2,0.5020202,4.127056798645545
60.2,0.7030303,4.401069986818599
60.2,0.9040404,4.627756966343331
60.2,1.105051,4.820398493013909
60.2,1.306061,4.991411092066981
60.2,1.507071,5.162103390738005
60.2,1.708081,5.3219332050629005
60.2,1.909091,5.47812205532949
60.2,2.110101,5.631685552691775
60.2,2.311111,5.783093100493378
60.2,2.512121,5.934834458763519
60.2,2.713131,6.095540267508921
60.2,2.914141,6.25522823084098
60.2,3.115152,6.416223362336313
60.2,3.316162,6.570899148470525
60.2,3.517172,6.725575358065102
60.2,3.718182,6.8802528981294
60.2,3.919192,7.034931679364193
60.2,4.120202,7.188702073311156
60.2,4.321212,7.341859767815027
60.2,4.522222,7.4950183973620295
60.2,4.723232,7.648178902754673
60.2,4.924242,7.801602439829819
60.2,5.125253,7.932765960101284
60.2,5.326263,8.057415010748267
60.2,5.527273,8.182064838334984
60.2,5.728283,8.306715410560956
60.2,5.929293,8.431366693078004
60.2,6.130303,8.581052348590802
60.2,6.331313,8.714476392834134
60.2,6.532323,8.847903536419631
60.2,6.733333,8.981331688267192
60.2,6.934343,9.114762757801245
60.2,7.135354,9.248195663629655
60.2,7.336364,9.381629326912718
60.2,7.537374,9.515065673797839
60.2,7.738384,9.64850263445149
60.2,7.939394,9.777302907780863
60.2,8.140404,9.869836491153496
60.2,8.341414,9.944314700649263
60.2,8.542424,10.018792695540633
60.2,8.743434,10.093274458470974
60.2,8.944444,10.16775697258126
60.2,9.145455,10.242679572732062
60.2,9.346465,10.317772712780712
60.2,9.547475,10.39286663457126
60.2,9.748485,10.467961321342782
60.2,9.949495,10.539666628831924
60.2,10.15051,10.593725906908587
60.2,10.35152,10.639176982231472
60.2,10.55253,10.68463834539235
60.2,10.75354,10.730099992952804
60.2,10.95455,10.775561921363478
60.2,11.15556,10.82134389306038
60.2,11.35657,10.867216082800189
60.2,11.55758,10.913098556777731
60.2,11.75859,10.95897131164801
60.2,11.9596,11.002144328635282
60.2,12.16061,11.036149085597142
60.2,12.36162,11.066644882459082
60.2,12.56263,11.097140785787673
60.2,12.76364,11.12763679470826
60.2,12.96465,11.158132908355075
60.2,13.16566,11.188748989904738
60.2,13.36667,11.219405152238814
60.2,13.56768,11.2500514243059
60.2,13.76869,11.280697805142742
60.2,13.9697,11.3097744640745
60.2,14.17071,11.334672107559333
60.2,14.37172,11.358000005941115
60.2,14.57273,11.381337945928927
60.2,14.77374,11.404675927352745
60.2,14.97475,11.428003949943658
60.2,15.17576,11.451381937591961
60.2,15.37677,11.474749957840583
60.2,15.57778,11.498128021367128
60.2,15.77879,11.521496127993265
60.2,15.9798,11.543944305492724
60.2,16.18081,11.564302878574427
60.2,16.38182,11.583811558991925
60.2,16.58283,11.603330262643576
60.2,16.78384,11.622838989481917
60.2,16.98485,11.642357739322707
60.2,17.18586,11.661876465813036
60.2,17.38687,11.681395212820851
60.2,17.58788,11.700913984085702
60.2,17.78889,11.72043277943847
60.2,17.9899,11.73933160262896
60.2,18.19091,11.756960647797285
60.2,18.39192,11.774059741896995
60.2,18.59293,11.791158851104614
60.2,18.79394,11.80825797535521
60.2,18.99495,11.825357114583174
60.2,19.19596,11.842446240520362
60.2,19.39697,11.859535381414322
60.2,19.59798,11.876634537902168
60.2,19.79899,11.893723709958008
60.2,20.0,11.910342894144556
60.5,0.1,2.640520244880248
60.5,0.3010101,3.692125220952961
60.5,0.5020202,4.142434642909883
60.5,0.7030303,4.416787446586961
60.5,0.9040404,4.640939320531245
60.5,1.105051,4.836402304805249
60.5,1.306061,5.007121847325672
60.5,1.507071,5.177815305540259
60.5,1.708081,5.337666193117572
60.5,1.909091,5.487387480645161
60.5,2.110101,5.6492111134295655
60.5,2.311111,5.80094134771386
60.5,2.512121,5.956745784606649
60.5,2.713131,6.117833022165621
60.5,2.914141,6.275076686813162
60.5,3.115152,6.428920583067316
60.5,3.316162,6.583293859437627
60.5,3.517172,6.737971442657046
60.5,3.718182,6.892649334164035
60.5,3.919192,7.047328450761354
60.5,4.120202,7.201098200377916
60.5,4.321212,7.354257259359993
60.5,4.522222,7.5074162341328625
60.5,4.723232,7.660577070985025
60.5,4.924242,7.812387243146221
60.5,5.125253,7.938761567061437
60.5,5.326263,8.05851966243295
60.5,5.527273,8.183169705114691
60.5,5.728283,8.30782048322387
60.5,5.929293,8.432471966748887
60.5,6.130303,8.585040624777715
60.5,6.331313,8.730355840293381
60.5,6.532323,8.863783218920567
60.5,6.733333,8.9972115948223
60.5,6.934343,9.130642879429931
60.5,7.135354,9.264074990482914
60.5,7.336364,9.397509850301665
60.5,7.537374,9.53094638536619
60.5,7.738384,9.6643835263509
60.5,7.939394,9.779612402873799
60.5,8.140404,9.873201146673699
60.5,8.341414,9.951605725999311
60.5,8.542424,10.026088827670215
60.5,8.743434,10.1005606955972
60.5,8.944444,10.175043312340259
60.5,9.145455,10.249966073761984
60.5,9.346465,10.325059395180194
60.5,9.547475,10.40015349517341
60.5,9.748485,10.475248357058083
60.5,9.949495,10.539753904621946
60.5,10.15051,10.595743467806258
60.5,10.35152,10.64339457758761
60.5,10.55253,10.688855999470455
60.5,10.75354,10.734317705196531
60.5,10.95455,10.779779691069116
60.5,11.15556,10.825551738864327
60.5,11.35657,10.871434009250196
60.5,11.55758,10.917306563362546
60.5,11.75859,10.963179397425947
60.5,11.9596,11.001892734132523
60.5,12.16061,11.037287564485746
60.5,12.36162,11.068673285301616
60.5,12.56263,11.099169223391689
60.5,12.76364,11.129675266748713
60.5,12.96465,11.160171414743969
60.5,13.16566,11.190787536185255
60.5,13.36667,11.221443739398676
60.5,13.56768,11.25209005210181
60.5,13.76869,11.282736473333745
60.5,13.9697,11.309603499871633
60.5,14.17071,11.335381182990483
60.5,14.37172,11.359059083234852
60.5,14.57273,11.382397039467122
60.5,14.77374,11.405735037002446
60.5,14.97475,11.429063075665866
60.5,15.17576,11.452431081382533
60.5,15.37677,11.475809119787414
60.5,15.57778,11.49918720143711
60.5,15.77879,11.522555326080532
60.5,15.9798,11.54385362813277
60.5,16.18081,11.564782242703581
60.5,16.38182,11.584420931137833
60.5,16.58283,11.603939644917105
60.5,16.78384,11.623448381847746
60.5,16.98485,11.64296714174632
60.5,17.18586,11.662485879170543
60.5,17.38687,11.68200463714864
60.5,17.58788,11.701523419345708
60.5,17.78889,11.721042225593237
60.5,17.9899,11.739241127993782
60.5,18.19091,11.75730021721803
60.5,18.39192,11.774439318454903
60.5,18.59293,11.791538434232146
60.5,18.79394,11.808637565053843
60.5,18.99495,11.825736710811803
60.5,19.19596,11.842825843726736
60.5,19.39697,11.859924991569342
60.5,19.59798,11.877014155027103
60.5,19.79899,11.894113333972141
60.5,20.0,11.910232558254735
60.8,0.1,2.6487763455386846
60.8,0.3010101,3.7046174844950337
60.8,0.5020202,4.157178237987772
60.8,0.7030303,4.432295486071846
60.8,0.9040404,4.659604041172856
60.8,1.105051,4.852469047131188
60.8,1.306061,5.023195055978072
60.8,1.507071,5.193930478880454
60.8,1.708081,5.338452750309727
60.8,1.909091,5.473893235582068
60.8,2.110101,5.666545858096706
60.8,2.311111,5.819574162616965
60.8,2.512121,5.980658599583044
60.8,2.713131,6.134786416320026
60.8,2.914141,6.288490090648077
60.8,3.115152,6.442323490187078
60.8,3.316162,6.596283244177244
60.8,3.517172,6.750305946131245
60.8,3.718182,6.9049840968717975
60.8,3.919192,7.0596634576768205
60.8,4.120202,7.213433472035511
60.8,4.321212,7.366592803273678
60.8,4.522222,7.519510316621253
60.8,4.723232,7.6704848731532005
60.8,4.924242,7.821461162194796
60.8,5.125253,7.947835687379211
60.8,5.326263,8.059331349170652
60.8,5.527273,8.172612347872954
60.8,5.728283,8.297263250577169
60.8,5.929293,8.421914853303093
60.8,6.130303,8.57448369699276
60.8,6.331313,8.7422013500396
60.8,6.532323,8.904407826660764
60.8,6.733333,9.037836004576691
60.8,6.934343,9.171267087623297
60.8,7.135354,9.304698995456974
60.8,7.336364,9.438133650172373
60.8,7.537374,9.56668728794655
60.8,7.738384,9.67386454942973
60.8,7.939394,9.781044053207843
60.8,8.140404,9.87463300104159
60.8,8.341414,9.962355345110556
60.8,8.542424,10.04728523042785
60.8,8.743434,10.1217671392654
60.8,8.944444,10.196239795310694
60.8,9.145455,10.271162772661954
60.8,9.346465,10.346256373230764
60.8,9.547475,10.41799073227436
60.8,9.748485,10.478835737624921
60.8,9.949495,10.539681383892873
60.8,10.15051,10.595681025672913
60.8,10.35152,10.650042128877933
60.8,10.55253,10.702073538399324
60.8,10.75354,10.747535288596328
60.8,10.95455,10.792997318324945
60.8,11.15556,10.83877946222119
60.8,11.35657,10.88465184325072
60.8,11.55758,10.927944594660095
60.8,11.75859,10.964787814550455
60.8,11.9596,11.001631264026225
60.8,12.16061,11.037036134024579
60.8,12.36162,11.072071447319962
60.8,12.56263,11.10569705789317
60.8,12.76364,11.136193146671875
60.8,12.96465,11.166689339660376
60.8,13.16566,11.197315520222155
60.8,13.36667,11.227961785391713
60.8,13.56768,11.257108366189
60.8,13.76869,11.28328543795768
60.8,13.9697,11.309452580913048
60.8,14.17071,11.335230282009539
60.8,14.37172,11.360928116518654
60.8,14.57273,11.385776029408325
60.8,14.77374,11.409114044060294
60.8,14.97475,11.432442099787268
60.8,15.17576,11.455820126656192
60.8,15.37677,11.479188186844768
60.8,15.57778,11.501666350209405
60.8,15.77879,11.52271464646927
60.8,15.9798,11.543762977842949
60.8,16.18081,11.564681603468463
60.8,16.38182,11.585600282434504
60.8,16.58283,11.605928993967064
60.8,16.78384,11.625447741219666
60.8,16.98485,11.644956511467457
60.8,17.18586,11.664475260874163
60.8,17.38687,11.683994030953185
60.8,17.58788,11.70290285944738
60.8,17.78889,11.721021753853991
60.8,17.9899,11.739150668912401
60.8,18.19091,11.7572097652718
60.8,18.39192,11.775268884901875
60.8,18.59293,11.792888013668865
60.8,18.79394,11.809987150959644
60.8,18.99495,11.827086303187892
60.8,19.19596,11.84417544335943
60.8,19.39697,11.861264598477696
60.8,19.59798,11.877883784121861
60.8,19.79899,11.894003000118445
60.8,20.0,11.910122230355425
61.099999999999994,0.1,2.6567934468514576
61.099999999999994,0.3010101,3.7171098125551216
61.099999999999994,0.5020202,4.1720455032833135
61.099999999999994,0.7030303,4.448155164399557
61.099999999999994,0.9040404,4.673676123252727
61.099999999999994,1.105051,4.869142989813487
61.099999999999994,1.306061,5.039842688663167
61.099999999999994,1.507071,5.210419677463594
61.099999999999994,1.708081,5.371350810030826
61.099999999999994,1.909091,5.52251329235031
61.099999999999994,2.110101,5.683880650447259
61.099999999999994,2.311111,5.840801831850411
61.099999999999994,2.512121,5.994500268845902
61.099999999999994,2.713131,6.1482019290341015
61.099999999999994,2.914141,6.301904649648036
61.099999999999994,3.115152,6.455726434455341
61.099999999999994,3.316162,6.609686371329687
61.099999999999994,3.517172,6.7636484362650595
61.099999999999994,3.718182,6.917610554170052
61.099999999999994,3.919192,7.071998673660521
61.099999999999994,4.120202,7.225768947409487
61.099999999999994,4.321212,7.377610065580713
61.099999999999994,4.522222,7.528584018473746
61.099999999999994,4.723232,7.679558741247113
61.099999999999994,4.924242,7.830535187870718
61.099999999999994,5.125253,7.956909912173192
61.099999999999994,5.326263,8.06840579455227
61.099999999999994,5.527273,8.179902285741262
61.099999999999994,5.728283,8.291398361265033
61.099999999999994,5.929293,8.41135778219034
61.099999999999994,6.130303,8.56392580880684
61.099999999999994,6.331313,8.731644677466198
61.099999999999994,6.532323,8.89936510085395
61.099999999999994,6.733333,9.067086993867658
61.099999999999994,6.934343,9.21189138302927
61.099999999999994,7.135354,9.345323088075006
61.099999999999994,7.336364,9.460942116132534
61.099999999999994,7.537374,9.568118373859939
61.099999999999994,7.738384,9.675295942830537
61.099999999999994,7.939394,9.782475747030205
61.099999999999994,8.140404,9.876064898423984
61.099999999999994,8.341414,9.96378740355709
61.099999999999994,8.542424,10.051510640101938
61.099999999999994,8.743434,10.139233589173818
61.099999999999994,8.944444,10.217446554353309
61.099999999999994,9.145455,10.292369744819856
61.099999999999994,9.346465,10.35707355446728
61.099999999999994,9.547475,10.417928015897447
61.099999999999994,9.748485,10.478773128502079
61.099999999999994,9.949495,10.539618880787756
61.099999999999994,10.15051,10.595608601403082
61.099999999999994,10.35152,10.64996977373151
61.099999999999994,10.55253,10.704341230851268
61.099999999999994,10.75354,10.758702968785887
61.099999999999994,10.95455,10.806215028553533
61.099999999999994,11.15556,10.851997268088631
61.099999999999994,11.35657,10.890839998571353
61.099999999999994,11.55758,10.927683036380719
61.099999999999994,11.75859,10.96453630572164
61.099999999999994,11.9596,11.001379804466334
61.099999999999994,12.16061,11.036784714168478
61.099999999999994,12.36162,11.071820064611973
61.099999999999994,12.56263,11.10686554732711
61.099999999999994,12.76364,11.141901161224924
61.099999999999994,12.96465,11.173217307757408
61.099999999999994,13.16566,11.203843547324858
61.099999999999994,13.36667,11.230780388242453
61.099999999999994,13.56768,11.256957410306711
61.099999999999994,13.76869,11.283124503988974
61.099999999999994,13.9697,11.309301668643371
61.099999999999994,14.17071,11.335069387755162
61.099999999999994,14.37172,11.360777239439177
61.099999999999994,14.57273,11.386475135766839
61.099999999999994,14.77374,11.412183076275726
61.099999999999994,14.97475,11.435821137287004
61.099999999999994,15.17576,11.459199185371912
61.099999999999994,15.37677,11.48052740461594
61.099999999999994,15.57778,11.501575678683798
61.099999999999994,15.77879,11.522613988048375
61.099999999999994,15.9798,11.543662332467605
61.099999999999994,16.18081,11.564590969092668
61.099999999999994,16.38182,11.58549965884173
61.099999999999994,16.58283,11.606418372258059
61.099999999999994,16.78384,11.627327109281065
61.099999999999994,16.98485,11.646955888152025
61.099999999999994,17.18586,11.666474649526542
61.099999999999994,17.38687,11.684693505011419
61.099999999999994,17.58788,11.702812387038668
61.099999999999994,17.78889,11.720931289813644
61.099999999999994,17.9899,11.73906021323844
61.099999999999994,18.19091,11.757119316727861
61.099999999999994,18.39192,11.775178443402487
61.099999999999994,18.59293,11.793237584653621
61.099999999999994,18.79394,11.811306740348476
61.099999999999994,18.99495,11.828425899413473
61.099999999999994,19.19596,11.845525046812543
61.099999999999994,19.39697,11.861654239410425
61.099999999999994,19.59798,11.877773446961715
61.099999999999994,19.79899,11.893892668795722
61.099999999999994,20.0,11.910001904872543
61.400000000000006,0.1,2.665468352712163
61.400000000000006,0.3010101,3.7299468669699376
61.400000000000006,0.5020202,4.1865908152207325
61.400000000000006,0.7030303,4.464319241293774
61.400000000000006,0.9040404,4.692533315007057
61.400000000000006,1.105051,4.885740844125877
61.400000000000006,1.306061,5.056381925494222
61.400000000000006,1.507071,5.226959981849764
61.400000000000006,1.708081,5.387939192965462
61.400000000000006,1.909091,5.5453317354866325
61.400000000000006,2.110101,5.70102418670723
61.400000000000006,2.311111,5.85472217250942
61.400000000000006,2.512121,6.008422609994515
61.400000000000006,2.713131,6.162124316022628
61.400000000000006,2.914141,6.315829124508241
61.400000000000006,3.115152,6.468795941922653
61.400000000000006,3.316162,6.62275805767533
61.400000000000006,3.517172,6.7767212912665284
61.400000000000006,3.718182,6.930685566420322
61.400000000000006,3.919192,7.084536884696357
61.400000000000006,4.120202,7.235580418400532
61.400000000000006,4.321212,7.386553713088502
61.400000000000006,4.522222,7.537527819948118
61.400000000000006,4.723232,7.688502688334948
61.400000000000006,4.924242,7.839479276915507
61.400000000000006,5.125253,7.965854180345162
61.400000000000006,5.326263,8.077350262591699
61.400000000000006,5.527273,8.18884694754052
61.400000000000006,5.728283,8.30034320969485
61.400000000000006,5.929293,8.413292498921706
61.400000000000006,6.130303,8.564738173736805
61.400000000000006,6.331313,8.732457351819756
61.400000000000006,6.532323,8.900177072902581
61.400000000000006,6.733333,9.06789925239859
61.400000000000006,6.934343,9.229195321183521
61.400000000000006,7.135354,9.355263695943236
61.400000000000006,7.336364,9.462436887042925
61.400000000000006,7.537374,9.569613461107968
61.400000000000006,7.738384,9.676791339051196
61.400000000000006,7.939394,9.783972445077241
61.400000000000006,8.140404,9.877560804713116
61.400000000000006,8.341414,9.965283476938291
61.400000000000006,8.542424,10.053005877653238
61.400000000000006,8.743434,10.140728987782518
61.400000000000006,8.944444,10.225302782844565
61.400000000000006,9.145455,10.296186837153178
61.400000000000006,9.346465,10.357030745322978
61.400000000000006,9.547475,10.417885314524513
61.400000000000006,9.748485,10.478730533648937
61.400000000000006,9.949495,10.539576391224424
61.400000000000006,10.15051,10.59556619086199
61.400000000000006,10.35152,10.64992743315244
61.400000000000006,10.55253,10.704288959611283
61.400000000000006,10.75354,10.758660765855442
61.400000000000006,10.95455,10.8105729404046
61.400000000000006,11.15556,10.853745546241091
61.400000000000006,11.35657,10.890588400093433
61.400000000000006,11.55758,10.927441487453688
61.400000000000006,11.75859,10.964284806266704
61.400000000000006,11.9596,11.001128354055359
61.400000000000006,12.16061,11.036533303594354
61.400000000000006,12.36162,11.07157869131506
61.400000000000006,12.56263,11.106614211236788
61.400000000000006,12.76364,11.141649862028663
61.400000000000006,12.96465,11.175255851044911
61.400000000000006,13.16566,11.204452446309912
61.400000000000006,13.36667,11.230629418207522
61.400000000000006,13.56768,11.256796462161565
61.400000000000006,13.76869,11.282973577514964
61.400000000000006,13.9697,11.309150763801512
61.400000000000006,14.17071,11.334918500877093
61.400000000000006,14.37172,11.360626369812723
61.400000000000006,14.57273,11.386324283314234
61.400000000000006,14.77374,11.412032240921697
61.400000000000006,14.97475,11.436870302620589
61.400000000000006,15.17576,11.45937847461265
61.400000000000006,15.37677,11.480426726310336
61.400000000000006,15.57778,11.501475013413936
61.400000000000006,15.77879,11.522523335756993
61.400000000000006,15.9798,11.543571693173732
61.400000000000006,16.18081,11.564500340767717
61.400000000000006,16.38182,11.58540904125745
61.400000000000006,16.58283,11.606327765376454
61.400000000000006,16.78384,11.627236513063297
61.400000000000006,16.98485,11.647555318437298
61.400000000000006,17.18586,11.666484159216198
61.400000000000006,17.38687,11.684603028746832
61.400000000000006,17.58788,11.702721919143183
61.400000000000006,17.78889,11.72084083026211
61.400000000000006,17.9899,11.738969762005649
61.400000000000006,18.19091,11.757028872609474
61.400000000000006,18.39192,11.775088006315112
61.400000000000006,18.59293,11.793147154574958
61.400000000000006,18.79394,11.811216317258086
61.400000000000006,18.99495,11.82881550932884
61.400000000000006,19.19596,11.845434700612717
61.400000000000006,19.39697,11.861543899682088
61.400000000000006,19.59798,11.877663113055599
61.400000000000006,19.79899,11.893782340696504
61.400000000000006,20.0,11.90989158256467
61.7,0.1,2.6734545094398867
61.7,0.3010101,3.742788741564364
61.7,0.5020202,4.201259221299017
61.7,0.7030303,4.47962298108762
61.7,0.9040404,4.708864550435467
61.7,1.105051,4.902167152852312
61.7,1.306061,5.072941924918566
61.7,1.507071,5.243680442299025
61.7,1.708081,5.398516434647076
61.7,1.909091,5.532532129744976
61.7,2.110101,5.688126635084016
61.7,2.311111,5.869636964716728
61.7,2.512121,6.0233365352043835
61.7,2.713131,6.177038411550892
61.7,2.914141,6.329176560425101
61.7,3.115152,6.481217420230158
61.7,3.316162,6.635179740933907
61.7,3.517172,6.789143167829733
61.7,3.718182,6.942410185903208
61.7,3.919192,7.095188991143937
61.7,4.120202,7.246098995865425
61.7,4.321212,7.39575438056731
61.7,4.522222,7.5462116782138065
61.7,4.723232,7.697186659886055
61.7,4.924242,7.84816335522246
61.7,5.125253,7.9745384005310935
61.7,5.326263,8.086034642334434
61.7,5.527273,8.197531483182916
61.7,5.728283,8.315383540124902
61.7,5.929293,8.436840967944905
61.7,6.130303,8.588286091066617
61.7,6.331313,8.756005763725321
61.7,6.532323,8.923726957844528
61.7,6.733333,9.066493764389119
61.7,6.934343,9.19659428274354
61.7,7.135354,9.326696460617809
61.7,7.336364,9.456801229556026
61.7,7.537374,9.571236507441238
61.7,7.738384,9.678414697871942
61.7,7.939394,9.785596109183523
61.7,8.140404,9.879185686735266
61.7,8.341414,9.966907538399127
61.7,8.542424,10.054631115232478
61.7,8.743434,10.13218443712427
61.7,8.944444,10.20566844128846
61.7,9.145455,10.279522784865508
61.7,9.346465,10.353527704126632
61.7,9.547475,10.417882625373757
61.7,9.748485,10.478727949653127
61.7,9.949495,10.539583911008187
61.7,10.15051,10.595573790634377
61.7,10.35152,10.649935104477587
61.7,10.55253,10.704296701762635
61.7,10.75354,10.751758855811175
61.7,10.95455,10.797091355321593
61.7,11.15556,10.842723975495167
61.7,11.35657,10.888436819542301
61.7,11.55758,10.927199947192232
61.7,11.75859,10.964043315046867
61.7,11.9596,11.000896911464839
61.7,12.16061,11.03629190122754
61.7,12.36162,11.071337326759865
61.7,12.56263,11.106372884256272
61.7,12.76364,11.137769114893146
61.7,12.96465,11.16833556780638
61.7,13.16566,11.19901201150233
61.7,13.36667,11.229728532778863
61.7,13.56768,11.256645522682291
61.7,13.76869,11.28282265953005
61.7,13.9697,11.308999867243614
61.7,14.17071,11.334767622268778
61.7,14.37172,11.360475508550484
61.7,14.57273,11.386173439256806
61.7,14.77374,11.40987155614981
61.7,14.97475,11.433239733628847
61.7,15.17576,11.456647884070293
61.7,15.37677,11.480066065047563
61.7,15.57778,11.501384355734219
61.7,15.77879,11.522432690951444
61.7,15.9798,11.543481061169164
61.7,16.18081,11.564409719738505
61.7,16.38182,11.585318430961832
61.7,16.58283,11.606237165776461
61.7,16.78384,11.625865999254996
61.7,16.98485,11.645384860523553
61.7,17.18586,11.664903700751294
61.7,17.38687,11.684422559464645
61.7,17.58788,11.702631456895267
61.7,17.78889,11.72076037626501
61.7,17.9899,11.738879316263006
61.7,18.19091,11.756938433954732
61.7,18.39192,11.774997574668332
61.7,18.59293,11.793066729892303
61.7,18.79394,11.810175930421355
61.7,18.99495,11.827265145496712
61.7,19.19596,11.844344347987587
61.7,19.39697,11.861423563876807
61.7,19.59798,11.87755278318086
61.7,19.79899,11.893672016572088
61.7,20.0,11.909781264174878
62.0,0.1,2.6816476942321703
62.0,0.3010101,3.755393725007894
62.0,0.5020202,4.2161890015160335
62.0,0.7030303,4.495128097413241
62.0,0.9040404,4.721802865544703
62.0,1.105051,4.918194599551879
62.0,1.306061,5.088969924022608
62.0,1.507071,5.260168891677158
62.0,1.708081,5.421414687017071
62.0,1.909091,5.560455351183404
62.0,2.110101,5.700415591439541
62.0,2.311111,5.869866874116617
62.0,2.512121,6.038251764241341
62.0,2.713131,6.1912300759165
62.0,2.914141,6.341439450640267
62.0,3.115152,6.493639792195249
62.0,3.316162,6.647506988377786
62.0,3.517172,6.8002836547298875
62.0,3.718182,6.953061383348059
62.0,3.919192,7.105840106689708
62.0,4.120202,7.256751089733384
62.0,4.321212,7.406405488372722
62.0,4.522222,7.556061860813989
62.0,4.723232,7.705870697958385
62.0,4.924242,7.856847497163154
62.0,5.125253,7.983222683036327
62.0,5.326263,8.09601958295874
62.0,5.527273,8.217475840453949
62.0,5.728283,8.338931862123703
62.0,5.929293,8.460389612386704
62.0,6.130303,8.61183517697612
62.0,6.331313,8.773693933341137
62.0,6.532323,8.903792783784821
62.0,6.733333,9.033892423980925
62.0,6.934343,9.16399377818524
62.0,7.135354,9.29409777415153
62.0,7.336364,9.424202344206288
62.0,7.537374,9.554308423792728
62.0,7.738384,9.680038101752231
62.0,7.939394,9.78721981775408
62.0,8.140404,9.88080961276148
62.0,8.341414,9.965596675132755
62.0,8.542424,10.039076563683746
62.0,8.743434,10.112550128168962
62.0,8.944444,10.186024353764044
62.0,9.145455,10.259888761853023
62.0,9.346465,10.333893687593907
62.0,9.547475,10.407899303245575
62.0,9.748485,10.478735383813095
62.0,9.949495,10.53958144918621
62.0,10.15051,10.595571408693349
62.0,10.35152,10.647622895289558
62.0,10.55253,10.692954947264768
62.0,10.75354,10.738287259799655
62.0,10.95455,10.783619829608869
62.0,11.15556,10.829252475192362
62.0,11.35657,10.874965331779697
62.0,11.55758,10.920678449654666
62.0,11.75859,10.963801834778165
62.0,11.9596,11.00065547988031
62.0,12.16061,11.036050509704117
62.0,12.36162,11.069726188127236
62.0,12.56263,11.100282462197478
62.0,12.76364,11.13084883207005
62.0,12.96465,11.161415297108775
62.0,13.16566,11.192101742021576
62.0,13.36667,11.222808262391698
62.0,13.56768,11.253514882445211
62.0,13.76869,11.28267174837888
62.0,13.9697,11.308848977472437
62.0,14.17071,11.33461675049569
62.0,14.37172,11.359494714757583
62.0,14.57273,11.382862828741086
62.0,14.77374,11.406240980665302
62.0,14.97475,11.429619170344305
62.0,15.17576,11.453027330537767
62.0,15.37677,11.476445520948387
62.0,15.57778,11.499853751146567
62.0,15.77879,11.522342051060297
62.0,15.9798,11.543390434123326
62.0,16.18081,11.564319103657935
62.0,16.38182,11.584657859962977
62.0,16.58283,11.604176687996386
62.0,16.78384,11.62369553680765
62.0,16.98485,11.643204406322244
62.0,17.18586,11.662723254106977
62.0,17.38687,11.682242120303943
62.0,17.58788,11.70177100823495
62.0,17.78889,11.72066992572842
62.0,17.9899,11.738788873949403
62.0,18.19091,11.756847998724595
62.0,18.39192,11.774467161392288
62.0,18.59293,11.791546355631727
62.0,18.79394,11.808635563353649
62.0,18.99495,11.82571478450222
62.0,19.19596,11.842793992852531
62.0,19.39697,11.859873214581764
62.0,19.59798,11.876952450334487
62.0,19.79899,11.893561694875494
62.0,20.0,11.909670948209424
62.3,0.1,2.6894391088025933
62.3,0.3010101,3.767545864624352
62.3,0.5020202,4.230430079257087
62.3,0.7030303,4.510173056699399
62.3,0.9040404,4.740101351567112
62.3,1.105051,4.934107728257955
62.3,1.306061,5.105472023216927
62.3,1.507071,5.276847952104579
62.3,1.708081,5.438033448502596
62.3,1.909091,5.595826947778785
62.3,2.110101,5.751200866491485
62.3,2.311111,5.902227816955462
62.3,2.512121,6.053256287282631
62.3,2.713131,6.203492828861781
62.3,2.914141,6.353703143681792
62.3,3.115152,6.505382927336927
62.3,3.316162,6.658158367516137
62.3,3.517172,6.810935947493016
62.3,3.718182,6.963713592560323
62.3,3.919192,7.116492234033273
62.3,4.120202,7.267402193983427
62.3,4.321212,7.417057606101152
62.3,4.522222,7.566713990219945
62.3,4.723232,7.716370289881834
62.3,4.924242,7.86602845263894
62.3,5.125253,7.998112592482259
62.3,5.326263,8.119567408138499
62.3,5.527273,8.241023009982074
62.3,5.728283,8.36248036114645
62.3,5.929293,8.48393743208573
62.3,6.130303,8.610994542135797
62.3,6.331313,8.741092411676103
62.3,6.532323,8.871191132672442
62.3,6.733333,9.001292624959614
62.3,6.934343,9.131394813149575
62.3,7.135354,9.261498625511944
62.3,7.336364,9.391604994610438
62.3,7.537374,9.521711856788562
62.3,7.738384,9.651820151468
62.3,7.939394,9.781930821614052
62.3,8.140404,9.872481752430284
62.3,8.341414,9.945957176319217
62.3,8.542424,10.019432289069924
62.3,8.743434,10.092916075411477
62.3,8.944444,10.166390521132277
62.3,9.145455,10.240244992601108
62.3,9.346465,10.314249923143134
62.3,9.547475,10.388255544707466
62.3,9.748485,10.462261842751493
62.3,9.949495,10.536278802743084
62.3,10.15051,10.588809358853021
62.3,10.35152,10.634141217953069
62.3,10.55253,10.679483340550945
62.3,10.75354,10.724815723580432
62.3,10.95455,10.770148363611217
62.3,11.15556,10.815771034482328
62.3,11.35657,10.861483903430335
62.3,11.55758,10.907207033740024
62.3,11.75859,10.952920422388006
62.3,11.9596,10.998634066048927
62.3,12.16061,11.032239704244919
62.3,12.36162,11.062805893654312
62.3,12.56263,11.093362179844696
62.3,12.76364,11.123928561830102
62.3,12.96465,11.154495038975437
62.3,13.16566,11.185181485136507
62.3,13.36667,11.215888004500412
62.3,13.56768,11.246594623614511
62.3,13.76869,11.277301341596354
62.3,13.9697,11.308008157706286
62.3,14.17071,11.332496032290639
62.3,14.37172,11.35586412037907
62.3,14.57273,11.379242246633357
62.3,14.77374,11.402620410838052
62.3,14.97475,11.425998612759264
62.3,15.17576,11.449406782727838
62.3,15.37677,11.472814982577342
62.3,15.57778,11.496233222136995
62.3,15.77879,11.519651501179629
62.3,15.9798,11.543059819551937
62.3,16.18081,11.56296856929697
62.3,16.38182,11.582487384731467
62.3,16.58283,11.601996221056268
62.3,16.78384,11.62151507810323
62.3,16.98485,11.6410339558006
62.3,17.18586,11.660552811138807
62.3,17.38687,11.680071684793619
62.3,17.58788,11.699590580234181
62.3,17.78889,11.719109497306563
62.3,17.9899,11.738628435924998
62.3,18.19091,11.755837598228144
62.3,18.39192,11.77291678504281
62.3,18.59293,11.790005985340532
62.3,18.79394,11.807085199149167
62.3,18.99495,11.824164426346478
62.3,19.19596,11.841243640553982
62.3,19.39697,11.858322868120354
62.3,19.59798,11.875402109695578
62.3,19.79899,11.892481365238012
62.3,20.0,11.909560634650187
62.599999999999994,0.1,2.6971746845952085
62.599999999999994,0.3010101,3.7796072119670323
62.599999999999994,0.5020202,4.2447058670305635
62.599999999999994,0.7030303,4.525436756225319
62.599999999999994,0.9040404,4.7534928816934165
62.599999999999994,1.105051,4.950472873082663
62.599999999999994,1.306061,5.122374332624841
62.599999999999994,1.507071,5.2939091204741135
62.599999999999994,1.708081,5.455156231676677
62.599999999999994,1.909091,5.6117171382564175
62.599999999999994,2.110101,5.764008937759351
62.599999999999994,2.311111,5.908953530751073
62.599999999999994,2.512121,6.05939680283731
62.599999999999994,2.713131,6.209647368515956
62.599999999999994,2.914141,6.334054182033362
62.599999999999994,3.115152,6.473201557004852
62.599999999999994,3.316162,6.625977218925108
62.599999999999994,3.517172,6.794434700290479
62.599999999999994,3.718182,6.973854309826428
62.599999999999994,3.919192,7.126967484798577
62.599999999999994,4.120202,7.278012024028421
62.599999999999994,4.321212,7.427667701052052
62.599999999999994,4.522222,7.5773233383504826
62.599999999999994,4.723232,7.726798785114088
62.599999999999994,4.924242,7.874886340742886
62.599999999999994,5.125253,7.998468714390454
62.599999999999994,5.326263,8.108888852077918
62.599999999999994,5.527273,8.230345568989948
62.599999999999994,5.728283,8.351802035515604
62.599999999999994,5.929293,8.473260216795403
62.599999999999994,6.130303,8.62196657968821
62.599999999999994,6.331313,8.780259259862794
62.599999999999994,6.532323,8.910357846688
62.599999999999994,6.733333,9.040458201262718
62.599999999999994,6.934343,9.17056124808795
62.599999999999994,7.135354,9.300664916358162
62.599999999999994,7.336364,9.430770138994074
62.599999999999994,7.537374,9.560877852336528
62.599999999999994,7.738384,9.686146623626762
62.599999999999994,7.939394,9.790916284932333
62.599999999999994,8.140404,9.882706137100891
62.599999999999994,8.341414,9.966273576781463
62.599999999999994,8.542424,10.039749704255806
62.599999999999994,8.743434,10.1132235040413
62.599999999999994,8.944444,10.18670796126405
62.599999999999994,9.145455,10.260562598970514
62.599999999999994,9.346465,10.334567751098644
62.599999999999994,9.547475,10.408573589812478
62.599999999999994,9.748485,10.47928999171708
62.599999999999994,9.949495,10.539646672719627
62.599999999999994,10.15051,10.595257066837123
62.599999999999994,10.35152,10.64705885771426
62.599999999999994,10.55253,10.692391023913386
62.599999999999994,10.75354,10.73772344972142
62.599999999999994,10.95455,10.783056131864807
62.599999999999994,11.15556,10.828688891992696
62.599999999999994,11.35657,10.874401863147881
62.599999999999994,11.55758,10.920115094688295
62.599999999999994,11.75859,10.963258676899846
62.599999999999994,11.9596,11.000152711279478
62.599999999999994,12.16061,11.035608052755872
62.599999999999994,12.36162,11.069313945400541
62.599999999999994,12.56263,11.099880271115
62.599999999999994,12.76364,11.13044669246561
62.599999999999994,12.96465,11.161003208696979
62.599999999999994,13.16566,11.191689706866233
62.599999999999994,13.36667,11.22239628074317
62.599999999999994,13.56768,11.253102953946975
62.599999999999994,13.76869,11.28228990186053
62.599999999999994,13.9697,11.308537265746418
62.599999999999994,14.17071,11.334375141495592
62.599999999999994,14.37172,11.359293177307093
62.599999999999994,14.57273,11.38266131939634
62.599999999999994,14.77374,11.406039499283036
62.599999999999994,14.97475,11.429417716841249
62.599999999999994,15.17576,11.452825906348192
62.599999999999994,15.37677,11.476244126115507
62.599999999999994,15.57778,11.49965238560627
62.599999999999994,15.77879,11.522150743340028
62.599999999999994,15.9798,11.543209226551642
62.599999999999994,16.18081,11.56415797412166
62.599999999999994,16.38182,11.58450678168499
62.599999999999994,16.58283,11.604025627352216
62.599999999999994,16.78384,11.623534493768842
62.599999999999994,16.98485,11.643053380769496
62.599999999999994,17.18586,11.662572246944418
62.599999999999994,17.38687,11.682091131523176
62.599999999999994,17.58788,11.701610037824924
62.599999999999994,17.78889,11.72050899872274
62.599999999999994,17.9899,11.738618020542278
62.599999999999994,18.19091,11.756677204065701
62.599999999999994,18.39192,11.774286403097564
62.599999999999994,18.59293,11.791365609192816
62.599999999999994,18.79394,11.808444828716745
62.599999999999994,18.99495,11.82553406163153
62.599999999999994,19.19596,11.842613282250946
62.599999999999994,19.39697,11.85969251624863
62.599999999999994,19.59798,11.876771764234737
62.599999999999994,19.79899,11.89336103842692
62.599999999999994,20.0,11.909460338328682
62.900000000000006,0.1,2.705154322743082
62.900000000000006,0.3010101,3.7918974785301613
62.900000000000006,0.5020202,4.258503964892824
62.900000000000006,0.7030303,4.541026026213965
62.900000000000006,0.9040404,4.772005844194223
62.900000000000006,1.105051,4.966724470963204
62.900000000000006,1.306061,5.138625459199051
62.900000000000006,1.507071,5.310671388601803
62.900000000000006,1.708081,5.470722431041832
62.900000000000006,1.909091,5.626951761192194
62.900000000000006,2.110101,5.779276422673431
62.900000000000006,2.311111,5.924221197431077
62.900000000000006,2.512121,6.068976003949419
62.900000000000006,2.713131,6.206412238311836
62.900000000000006,2.914141,6.3305911916908615
62.900000000000006,3.115152,6.484145525307692
62.900000000000006,3.316162,6.666177046416908
62.900000000000006,3.517172,6.831351246704857
62.900000000000006,3.718182,6.984464303362979
62.900000000000006,3.919192,7.137577339881494
62.900000000000006,4.120202,7.288621986991118
62.900000000000006,4.321212,7.438277925494332
62.900000000000006,4.522222,7.586979319978575
62.900000000000006,4.723232,7.735065273604542
62.900000000000006,4.924242,7.883152049796198
62.900000000000006,5.125253,8.0067356596069
62.900000000000006,5.326263,8.115497505117515
62.900000000000006,5.527273,8.224259919960975
62.900000000000006,5.728283,8.341123745450513
62.900000000000006,5.929293,8.462582039366126
62.900000000000006,6.130303,8.61128956368813
62.900000000000006,6.331313,8.77478386493048
62.900000000000006,6.532323,8.9382806011732
62.900000000000006,6.733333,9.079624852062235
62.900000000000006,6.934343,9.209726757880786
62.900000000000006,7.135354,9.339831282255883
62.900000000000006,7.336364,9.469936358405132
62.900000000000006,7.537374,9.582724807782174
62.900000000000006,7.738384,9.68749179127977
62.900000000000006,7.939394,9.792261704578875
62.900000000000006,8.140404,9.884050725919693
62.900000000000006,8.341414,9.970238551020724
62.900000000000006,8.542424,10.056426994818592
62.900000000000006,8.743434,10.133541166853657
62.900000000000006,8.944444,10.207025634030416
62.900000000000006,9.145455,10.280880435649932
62.900000000000006,9.346465,10.354885806912112
62.900000000000006,9.547475,10.418881500212242
62.900000000000006,9.748485,10.479237678702411
62.900000000000006,9.949495,10.539584454513095
62.900000000000006,10.15051,10.595204918654021
62.900000000000006,10.35152,10.649226733112792
62.900000000000006,10.55253,10.703248813964862
62.900000000000006,10.75354,10.750641252188817
62.900000000000006,10.95455,10.795973976030165
62.900000000000006,11.15556,10.841596825157266
62.900000000000006,11.35657,10.887309897998357
62.900000000000006,11.55758,10.926113482813273
62.900000000000006,11.75859,10.963017352266945
62.900000000000006,11.9596,10.999911429655597
62.900000000000006,12.16061,11.035366805671162
62.900000000000006,12.36162,11.070462585405345
62.900000000000006,12.56263,11.105548484386267
62.900000000000006,12.76364,11.136954860749388
62.900000000000006,12.96465,11.167521415856234
62.900000000000006,13.16566,11.19819796593357
62.900000000000006,13.36667,11.228914594032075
62.900000000000006,13.56768,11.25589175586361
62.900000000000006,13.76869,11.282139073164302
62.900000000000006,13.9697,11.3083864565311
62.900000000000006,14.17071,11.33422434836113
62.900000000000006,14.37172,11.35999236244729
62.900000000000006,14.57273,11.385760418102649
62.900000000000006,14.77374,11.409458600145912
62.900000000000006,14.97475,11.432836833304963
62.900000000000006,15.17576,11.456245042256919
62.900000000000006,15.37677,11.479663282000429
62.900000000000006,15.57778,11.500991695101835
62.900000000000006,15.77879,11.522060158018075
62.900000000000006,15.9798,11.543118652781805
62.900000000000006,16.18081,11.564067410125515
62.900000000000006,16.38182,11.584996215477597
62.900000000000006,16.58283,11.605925042439024
62.900000000000006,16.78384,11.625563915776958
62.900000000000006,16.98485,11.645072812097304
62.900000000000006,17.18586,11.664591689117154
62.900000000000006,17.38687,11.68411058460545
62.900000000000006,17.58788,11.702319571874192
62.900000000000006,17.78889,11.720428582654153
62.900000000000006,17.9899,11.738537611881043
62.900000000000006,18.19091,11.756586801753734
62.900000000000006,18.39192,11.77464601235858
62.900000000000006,18.59293,11.792695235983834
62.900000000000006,18.79394,11.809814461638911
62.900000000000006,18.99495,11.826893700286277
62.900000000000006,19.19596,11.843972927330965
62.900000000000006,19.39697,11.861052167752652
62.900000000000006,19.59798,11.877161446733592
62.900000000000006,19.79899,11.893260739016199
62.900000000000006,20.0,11.909360044148988
63.2,0.1,2.712639242007792
63.2,0.3010101,3.8040446923697373
63.2,0.5020202,4.27258330292331
63.2,0.7030303,4.555707394191668
63.2,0.9040404,4.787885170466142
63.2,1.105051,4.982902160893356
63.2,1.306061,5.1552008107651295
63.2,1.507071,5.3277125138856185
63.2,1.708081,5.487494874365208
63.2,1.909091,5.643003650490351
63.2,2.110101,5.795111363657611
63.2,2.311111,5.939656505110211
63.2,2.512121,6.084146277631094
63.2,2.713131,6.2333118343932
63.2,2.914141,6.3815418744084145
63.2,3.115152,6.53574093327035
63.2,3.316162,6.6888506639948675
63.2,3.517172,6.841961521639633
63.2,3.718182,6.995073432199365
63.2,3.919192,7.14818632759511
63.2,4.120202,7.299074001216406
63.2,4.321212,7.4471594055844195
63.2,4.522222,7.595244724208477
63.2,4.723232,7.74333090453922
63.2,4.924242,7.891418897977512
63.2,5.125253,8.015001740168207
63.2,5.326263,8.12376382492235
63.2,5.527273,8.232526472115742
63.2,5.728283,8.341290659670442
63.2,5.929293,8.451903897429263
63.2,6.130303,8.600611585411812
63.2,6.331313,8.764106072856347
63.2,6.532323,8.927602990657128
63.2,6.733333,9.09110026185602
63.2,6.934343,9.248893341563614
63.2,7.135354,9.374540303103926
63.2,7.336364,9.479303501544862
63.2,7.537374,9.584069754440568
63.2,7.738384,9.688836995228755
63.2,7.939394,9.793607160048822
63.2,8.140404,9.885396350139649
63.2,8.341414,9.971584307819512
63.2,8.542424,10.05777288175858
63.2,8.743434,10.143958056346458
63.2,8.944444,10.22733353834089
63.2,9.145455,10.29810838869621
63.2,9.346465,10.358463439354724
63.2,9.547475,10.418819107057903
63.2,9.748485,10.479175381245343
63.2,9.949495,10.539532251394645
63.2,10.15051,10.595142785780258
63.2,10.35152,10.649164661798052
63.2,10.55253,10.703196803459418
63.2,10.75354,10.757219206923915
63.2,10.95455,10.808881896163141
63.2,11.15556,10.852074929484248
63.2,11.35657,10.88896842082028
63.2,11.55758,10.925872123865977
63.2,11.75859,10.962766036676458
63.2,11.9596,10.999670156919125
63.2,12.16061,11.035115567603539
63.2,12.36162,11.070211379624181
63.2,12.56263,11.105307310619521
63.2,12.76364,11.14039335953225
63.2,12.96465,11.174029660446159
63.2,13.16566,11.203256439377611
63.2,13.36667,11.22950364292732
63.2,13.56768,11.255740913404283
63.2,13.76869,11.281988250263856
63.2,13.9697,11.308235653035116
63.2,14.17071,11.334073560933946
63.2,14.37172,11.3598415904359
63.2,14.57273,11.385609661467141
63.2,14.77374,11.411377773717836
63.2,14.97475,11.436255962083496
63.2,15.17576,11.458784249225442
63.2,15.37677,11.47984265977752
63.2,15.57778,11.500911102387214
63.2,15.77879,11.521969576926496
63.2,15.9798,11.54302808323524
63.2,16.18081,11.563976850344286
63.2,16.38182,11.584905665233029
63.2,16.58283,11.6058345016967
63.2,16.78384,11.626763359570845
63.2,16.98485,11.647092249826976
63.2,17.18586,11.666011170504499
63.2,17.38687,11.684120151669743
63.2,17.58788,11.702229151408652
63.2,17.78889,11.720338169613509
63.2,17.9899,11.738457206219556
63.2,18.19091,11.75650640241421
63.2,18.39192,11.77455561928751
63.2,18.59293,11.792614849118841
63.2,18.79394,11.81066409191265
63.2,18.99495,11.828263342289235
63.2,19.19596,11.844872587947753
63.2,19.39697,11.860961859626133
63.2,19.59798,11.877061144225395
63.2,19.79899,11.89316044175016
63.2,20.0,11.90925975212883
63.5,0.1,2.720449138648388
63.5,0.3010101,3.8158510814477555
63.5,0.5020202,4.286884116890495
63.5,0.7030303,4.570722000655431
63.5,0.9040404,4.800539458244859
63.5,1.105051,4.9984243365976635
63.5,1.306061,5.170007709861375
63.5,1.507071,5.3425160149838264
63.5,1.708081,5.502321349464922
63.5,1.909091,5.657162831683146
63.5,2.110101,5.807651132429165
63.5,2.311111,5.952560493957584
63.5,2.512121,6.097049464185076
63.5,2.713131,6.246188114551696
63.5,2.914141,6.383148997417226
63.5,3.115152,6.523520398545563
63.5,3.316162,6.676630424371982
63.5,3.517172,6.829741565925426
63.5,3.718182,6.9986347812371
63.5,3.919192,7.160642467827332
63.5,4.120202,7.307896678581296
63.5,4.321212,7.455278472095567
63.5,4.522222,7.603364032142061
63.5,4.723232,7.751451443678981
63.5,4.924242,7.8995386589964145
63.5,5.125253,8.023122736026135
63.5,5.326263,8.13188506364709
63.5,5.527273,8.24064794674215
63.5,5.728283,8.349411364821448
63.5,5.929293,8.464442912597624
63.5,6.130303,8.61211385368671
63.5,6.331313,8.775608722839127
63.5,6.532323,8.939106006645826
63.5,6.733333,9.102603628796354
63.5,6.934343,9.241757000376783
63.5,7.135354,9.368830540626075
63.5,7.336364,9.480769134008948
63.5,7.537374,9.585535654185943
63.5,7.738384,9.690303156185912
63.5,7.939394,9.795073576320224
63.5,8.140404,9.886863944212642
63.5,8.341414,9.973051045674515
63.5,8.542424,10.059238760827943
63.5,8.743434,10.145424074194468
63.5,8.944444,10.221809642712888
63.5,9.145455,10.294665475848838
63.5,9.346465,10.35845095824295
63.5,9.547475,10.418806721779518
63.5,9.748485,10.479163090595831
63.5,9.949495,10.539520054342939
63.5,10.15051,10.595130659814545
63.5,10.35152,10.649152599074403
63.5,10.55253,10.703174803367226
63.5,10.75354,10.757207268631952
63.5,10.95455,10.80445027505461
63.5,11.15556,10.84992351066114
63.5,11.35657,10.888737024325549
63.5,11.55758,10.925630770785684
63.5,11.75859,10.962534726536246
63.5,11.9596,10.999428889649536
63.5,12.16061,11.03488433511618
63.5,12.36162,11.069980179875198
63.5,12.56263,11.105066143473032
63.5,12.76364,11.14016222464756
63.5,12.96465,11.17159887732772
63.5,13.16566,11.202335634210291
63.5,13.36667,11.229352788396188
63.5,13.56768,11.255600078234401
63.5,13.76869,11.281837434473056
63.5,13.9697,11.308084856481415
63.5,14.17071,11.333922780475524
63.5,14.37172,11.359690825459541
63.5,14.57273,11.38545891187444
63.5,14.77374,11.411227039497707
63.5,14.97475,11.434955345809009
63.5,15.17576,11.45840365093344
63.5,15.37677,11.479752062104891
63.5,15.57778,11.500820516219239
63.5,15.77879,11.521879002221047
63.5,15.9798,11.542947519918043
63.5,16.18081,11.56388629681034
63.5,16.38182,11.584815121232872
63.5,16.58283,11.605743967195924
63.5,16.78384,11.6266728345356
63.5,16.98485,11.646311794765149
63.5,17.18586,11.665830742045266
63.5,17.38687,11.684039728831577
63.5,17.58788,11.702148735915486
63.5,17.78889,11.720257761486554
63.5,17.9899,11.738366805416375
63.5,18.19091,11.756426007907777
63.5,18.39192,11.774475230987024
63.5,18.59293,11.792534467046977
63.5,18.79394,11.8105837160291
63.5,18.99495,11.827683002899041
63.5,19.19596,11.844752278473726
63.5,19.39697,11.860861555588674
63.5,19.59798,11.876960845391867
63.5,19.79899,11.893060148106134
63.5,20.0,11.909159463642549
63.8,0.1,2.727500227555783
63.8,0.3010101,3.827169562439375
63.8,0.5020202,4.300470081462823
63.8,0.7030303,4.585135629016258
63.8,0.9040404,4.818201794385602
63.8,1.105051,5.013728349989768
63.8,1.306061,5.185106381225613
63.8,1.507071,5.356491107163889
63.8,1.708081,5.514493742846474
63.8,1.909091,5.667862772316625
63.8,2.110101,5.818421430075408
63.8,2.311111,5.963598509832979
63.8,2.512121,6.108780302786927
63.8,2.713131,6.235507910860267
63.8,2.914141,6.360938653481429
63.8,3.115152,6.513907811160202
63.8,3.316162,6.695367002803584
63.8,3.517172,6.874024815512572
63.8,3.718182,7.022677962478629
63.8,3.919192,7.171332073715474
63.8,4.120202,7.318586622816409
63.8,4.321212,7.46490093609076
63.8,4.522222,7.611411366310065
63.8,4.723232,7.759498009862702
63.8,4.924242,7.907586447514091
63.8,5.125253,8.031169762765723
63.8,5.326263,8.139932333839337
63.8,5.527273,8.250017366751699
63.8,5.728283,8.36852640933178
63.8,5.929293,8.487035017195414
63.8,6.130303,8.634705375367352
63.8,6.331313,8.798201719002678
63.8,6.532323,8.955841345576001
63.8,6.733333,9.082911636856212
63.8,6.934343,9.209984427008807
63.8,7.135354,9.337058655077785
63.8,7.336364,9.464133263018201
63.8,7.537374,9.587061549559127
63.8,7.738384,9.691830314411465
63.8,7.939394,9.796599991568733
63.8,8.140404,9.888390541593871
63.8,8.341414,9.974577792212632
63.8,8.542424,10.057884570371924
63.8,8.743434,10.13041963510235
63.8,8.944444,10.20295528719205
63.8,9.145455,10.275821195973064
63.8,9.346465,10.348807602062895
63.8,9.547475,10.41881434849199
63.8,9.748485,10.47916081161386
63.8,9.949495,10.539517868414496
63.8,10.15051,10.595138545272908
63.8,10.35152,10.649160548496685
63.8,10.55253,10.700882921350809
63.8,10.75354,10.746085838856782
63.8,10.95455,10.791298992214063
63.8,11.15556,10.836772246504998
63.8,11.35657,10.882325704042284
63.8,11.55758,10.925399425319746
63.8,11.75859,10.96230342396813
63.8,11.9596,10.999197629694601
63.8,12.16061,11.034653110128309
63.8,12.36162,11.06974898783434
63.8,12.56263,11.10344516669867
63.8,12.76364,11.134071846829798
63.8,12.96465,11.164698613967602
63.8,13.16566,11.195445372069267
63.8,13.36667,11.226202201253558
63.8,13.56768,11.2554492497595
63.8,13.76869,11.281696625165702
63.8,13.9697,11.307934066355704
63.8,14.17071,11.3337820064062
63.8,14.37172,11.359550066901004
63.8,14.57273,11.384468228226456
63.8,14.77374,11.407876531366725
63.8,14.97475,11.431294869276021
63.8,15.17576,11.454753182510531
63.8,15.37677,11.478201524029537
63.8,15.57778,11.500729935455483
63.8,15.77879,11.52179843284617
63.8,15.9798,11.542856961906812
63.8,16.18081,11.563795748538256
63.8,16.38182,11.58473458248376
63.8,16.58283,11.6050834709174
63.8,16.78384,11.624602425996446
63.8,16.98485,11.644121399743572
63.8,17.18586,11.66364035350828
63.8,17.38687,11.683169323879193
63.8,17.58788,11.702068324476055
63.8,17.78889,11.720177357327023
63.8,17.9899,11.738286408557096
63.8,18.19091,11.756345617312592
63.8,18.39192,11.774394846626475
63.8,18.59293,11.791994101093717
63.8,18.79394,11.809063382101398
63.8,18.99495,11.826132675222672
63.8,19.19596,11.843201956079179
63.8,19.39697,11.860271248998693
63.8,19.59798,11.876860549475365
63.8,19.79899,11.89295985733352
63.8,20.0,11.90905917803586
64.1,0.1,2.734566113963387
64.1,0.3010101,3.8382988805210565
64.1,0.5020202,4.313662326962549
64.1,0.7030303,4.599198110071554
64.1,0.9040404,4.830119590423796
64.1,1.105051,5.028268914144313
64.1,1.306061,5.199520990934017
64.1,1.507071,5.370226154272422
64.1,1.708081,5.527504864507343
64.1,1.909091,5.680440207109242
64.1,2.110101,5.8309270523523855
64.1,2.311111,5.9769058195467055
64.1,2.512121,6.12415296206919
64.1,2.713131,6.278369440361247
64.1,2.914141,6.417857627313987
64.1,3.115152,6.573561989492791
64.1,3.316162,6.736061673356748
64.1,3.517172,6.8847141465809845
64.1,3.718182,7.033367629624893
64.1,3.919192,7.182022059904776
64.1,4.120202,7.329276939403643
64.1,4.321212,7.475590584172882
64.1,4.522222,7.621905896324747
64.1,4.723232,7.768221839543625
64.1,4.924242,7.91563338119012
64.1,5.125253,8.039216930579746
64.1,5.326263,8.15410133015241
64.1,5.527273,8.272609078659952
64.1,5.728283,8.391117409660417
64.1,5.929293,8.509627296862371
64.1,6.130303,8.657298066077308
64.1,6.331313,8.796997351338652
64.1,6.532323,8.924066808959976
64.1,6.733333,9.051138815164723
64.1,6.934343,9.178212305890266
64.1,7.135354,9.305286220170887
64.1,7.336364,9.432362500563706
64.1,7.537374,9.5594400924652
64.1,7.738384,9.686518944423078
64.1,7.939394,9.798127443217755
64.1,8.140404,9.889918175004704
64.1,8.341414,9.966501342059573
64.1,8.542424,10.03904002223655
64.1,8.743434,10.111575300702201
64.1,8.944444,10.184111164573233
64.1,9.145455,10.256977147777524
64.1,9.346465,10.329963577011652
64.1,9.547475,10.402950621703836
64.1,9.748485,10.47593826899182
64.1,9.949495,10.539525697929085
64.1,10.15051,10.595146446244177
64.1,10.35152,10.642518834972016
64.1,10.55253,10.687731573134053
64.1,10.75354,10.73293455013156
64.1,10.95455,10.778147762721467
64.1,11.15556,10.823621035472735
64.1,11.35657,10.86917449986511
64.1,11.55758,10.914728204922023
64.1,11.75859,10.960282147557336
64.1,11.9596,10.998966378916004
64.1,12.16061,11.034421894364945
64.1,12.36162,11.065928288725065
64.1,12.56263,11.096554892376265
64.1,12.76364,11.127181583785399
64.1,12.96465,11.157808362192494
64.1,13.16566,11.18854512160348
64.1,13.36667,11.219311949932544
64.1,13.56768,11.250078869487727
64.1,13.76869,11.280845879492125
64.1,13.9697,11.307793282049639
64.1,14.17071,11.333631238237263
64.1,14.37172,11.357389456946262
64.1,14.57273,11.380807735584241
64.1,14.77374,11.404226049217034
64.1,14.97475,11.427644397601087
64.1,15.17576,11.451092719017806
64.1,15.37677,11.474541068302553
64.1,15.57778,11.497999454234364
64.1,15.77879,11.521457876600119
64.1,15.9798,11.542766408194494
64.1,16.18081,11.563715204502733
64.1,16.38182,11.583364121308053
64.1,16.58283,11.602883064787457
64.1,16.78384,11.622402026985247
64.1,16.98485,11.641921007854226
64.1,17.18586,11.661449968119493
64.1,17.38687,11.680968944931148
64.1,17.58788,11.700497941423377
64.1,17.78889,11.720016957503345
64.1,17.9899,11.738206014697555
64.1,18.19091,11.756265229754435
64.1,18.39192,11.773374490710912
64.1,18.59293,11.790443765045763
64.1,18.79394,11.807513051532752
64.1,18.99495,11.824592350060804
64.1,19.19596,11.841651636215419
64.1,19.39697,11.858720934415649
64.1,19.59798,11.87579024524007
64.1,19.79899,11.89284956868746
64.1,20.0,11.908958894561005
64.4,0.1,2.7412189807210297
64.4,0.3010101,3.849363363262984
64.4,0.5020202,4.325965466136539
64.4,0.7030303,4.613090484615291
64.4,0.9040404,4.846902539898663
64.4,1.105051,5.04245447001612
64.4,1.306061,5.212903877054251
64.4,1.507071,5.383608250848051
64.4,1.708081,5.540857925538294
64.4,1.909091,5.693597210330314
64.4,2.110101,5.834270569949686
64.4,2.311111,5.981500356715818
64.4,2.512121,6.1319750319075315
64.4,2.713131,6.286542048518084
64.4,2.914141,6.444225003597044
64.4,3.115152,6.598055537531462
64.4,3.316162,6.746706216933377
64.4,3.517172,6.895358960356771
64.4,3.718182,7.044012700645564
64.4,3.919192,7.192667376006197
64.4,4.120202,7.339922509910824
64.4,4.321212,7.486237412859863
64.4,4.522222,7.632551972411636
64.4,4.723232,7.7788681518606015
64.4,4.924242,7.9249669087332055
64.4,5.125253,8.047110927152513
64.4,5.326263,8.165618300348605
64.4,5.527273,8.284126273935778
64.4,5.728283,8.402635821245514
64.4,5.929293,8.521144918716084
64.4,6.130303,8.661380399879471
64.4,6.331313,8.788449703009556
64.4,6.532323,8.915519611301299
64.4,6.733333,9.042592057081535
64.4,6.934343,9.169665976581758
64.4,7.135354,9.296740309224166
64.4,7.336364,9.423816997937987
64.4,7.537374,9.550894988461028
64.4,7.738384,9.677973229721584
64.4,7.939394,9.800242499541811
64.4,8.140404,9.887906447350643
64.4,8.341414,9.960442661356995
64.4,8.542424,10.032976484984397
64.4,8.743434,10.105511905073964
64.4,8.944444,10.178057908684043
64.4,9.145455,10.250913985327724
64.4,9.346465,10.323900489735017
64.4,9.547475,10.396887608904693
64.4,9.748485,10.469875329979937
64.4,9.949495,10.53963348744976
64.4,10.15051,10.592754648244803
64.4,10.35152,10.637957198479112
64.4,10.55253,10.683169990051507
64.4,10.75354,10.728373020109311
64.4,10.95455,10.773586285415389
64.4,11.15556,10.819059597925241
64.4,11.35657,10.864613098116386
64.4,11.55758,10.910166838730566
64.4,11.75859,10.955730816687115
64.4,11.9596,10.998725123338879
64.4,12.16061,11.032871001042668
64.4,12.36162,11.063497535373823
64.4,12.56263,11.094124158069553
64.4,12.76364,11.124750868401245
64.4,12.96465,11.15537766564648
64.4,13.16566,11.18611444115108
64.4,13.36667,11.216881284906457
64.4,13.56768,11.247648219857163
64.4,13.76869,11.278415245192743
64.4,13.9697,11.307632511042186
64.4,14.17071,11.332690582640154
64.4,14.37172,11.356098838019687
64.4,14.57273,11.379517128521574
64.4,14.77374,11.402935453945032
64.4,14.97475,11.426353814075787
64.4,15.17576,11.449802146849851
64.4,15.37677,11.4732605074227
64.4,15.57778,11.496718904610946
64.4,15.77879,11.520167338224187
64.4,15.9798,11.54268586486612
64.4,16.18081,11.563074733906113
64.4,16.38182,11.582593666149883
64.4,16.58283,11.602112617206172
64.4,16.78384,11.621631586979388
64.4,16.98485,11.64115057537579
64.4,17.18586,11.660669543229739
64.4,17.38687,11.680198527605416
64.4,17.58788,11.699717531643904
64.4,17.78889,11.719246555241444
64.4,17.9899,11.738125629119423
64.4,18.19091,11.755734882881683
64.4,18.39192,11.772804150401122
64.4,18.59293,11.78987343011009
64.4,18.79394,11.806942721936187
64.4,18.99495,11.824012025807553
64.4,19.19596,11.841081317373904
64.4,19.39697,11.858150620992806
64.4,19.59798,11.875219937221074
64.4,19.79899,11.892279266039257
64.4,20.0,11.908858618008209
64.7,0.1,2.7478967420246847
64.7,0.3010101,3.8603050198779156
64.7,0.5020202,4.338959405532726
64.7,0.7030303,4.626547419860364
64.7,0.9040404,4.860951685593271
64.7,1.105051,5.056537088478601
64.7,1.306061,5.226499088199952
64.7,1.507071,5.396630690997752
64.7,1.708081,5.548364961885994
64.7,1.909091,5.6800346500569425
64.7,2.110101,5.817090461315644
64.7,2.311111,5.9729834547894125
64.7,2.512121,6.133453840640237
64.7,2.713131,6.293927530405341
64.7,2.914141,6.454405277756426
64.7,3.115152,6.608252855552167
64.7,3.316162,6.7571568304544165
64.7,3.517172,6.905915137605579
64.7,3.718182,7.05456899297552
64.7,3.919192,7.203223777153683
64.7,4.120202,7.350479029261321
64.7,4.321212,7.496794054905605
64.7,4.522222,7.643108731677504
64.7,4.723232,7.788315983465791
64.7,4.924242,7.932822796381502
64.7,5.125253,8.0534101838434
64.7,5.326263,8.159532457790464
64.7,5.527273,8.273497149920047
64.7,5.728283,8.392005778640906
64.7,5.929293,8.510514955754964
64.7,6.130303,8.655653754937903
64.7,6.331313,8.815241921415184
64.7,6.532323,8.95342537241736
64.7,6.733333,9.080496709140219
64.7,6.934343,9.207570516475055
64.7,7.135354,9.334645734228005
64.7,7.336364,9.461721305691508
64.7,7.537374,9.5887991770706
64.7,7.738384,9.698977005290708
64.7,7.939394,9.801507487236956
64.7,8.140404,9.891629850484458
64.7,8.341414,9.976396487394304
64.7,8.542424,10.052494711277344
64.7,8.743434,10.125040129089841
64.7,8.944444,10.197576129790644
64.7,9.145455,10.270432338327018
64.7,9.346465,10.343419023204884
64.7,9.547475,10.41640631916409
64.7,9.748485,10.479703723272413
64.7,9.949495,10.53958151005685
64.7,10.15051,10.594832685270179
64.7,10.35152,10.64853510308333
64.7,10.55253,10.695787894713666
64.7,10.75354,10.740990964936968
64.7,10.95455,10.786204269798558
64.7,11.15556,10.831677664412847
64.7,11.35657,10.877231258296078
64.7,11.55758,10.922795091457358
64.7,11.75859,10.961549413101217
64.7,11.9596,10.998483996202008
64.7,12.16061,11.033989775960222
64.7,12.36162,11.069135926389063
64.7,12.56263,11.100622505880997
64.7,12.76364,11.131249250374507
64.7,12.96465,11.161876081542946
64.7,13.16566,11.192612902789698
64.7,13.36667,11.223379794549691
64.7,13.56768,11.25414677718944
64.7,13.76869,11.28117421893029
64.7,13.9697,11.307481795288474
64.7,14.17071,11.333389841976954
64.7,14.37172,11.359218002111355
64.7,14.57273,11.38297629191458
64.7,14.77374,11.406394631657946
64.7,14.97475,11.429813006066968
64.7,15.17576,11.453261356723594
64.7,15.37677,11.476709735624958
64.7,15.57778,11.500168150994622
64.7,15.77879,11.521516731127548
64.7,15.9798,11.542595356612459
64.7,16.18081,11.56355422094281
64.7,16.38182,11.584513128953885
64.7,16.58283,11.604162085505157
64.7,16.78384,11.623681063643126
64.7,16.98485,11.643200060350145
64.7,17.18586,11.662719037967104
64.7,17.38687,11.682248032143074
64.7,17.58788,11.70176704598824
64.7,17.78889,11.719956144432087
64.7,17.9899,11.738055263759978
64.7,18.19091,11.756104527478929
64.7,18.39192,11.774153809907734
64.7,18.59293,11.791263095096683
64.7,18.79394,11.808332392022107
64.7,18.99495,11.825401700976808
64.7,19.19596,11.842460998294442
64.7,19.39697,11.859530307645398
64.7,19.59798,11.876599629587933
64.7,19.79899,11.892688985315926
64.7,20.0,11.90875835293162
65.0,0.1,2.7547733895942743
65.0,0.3010101,3.871237599172742
65.0,0.5020202,4.352280071656166
65.0,0.7030303,4.64036089094713
65.0,0.9040404,4.872336687759538
65.0,1.105051,5.07088163905618
65.0,1.306061,5.240843842509724
65.0,1.507071,5.411799165978795
65.0,1.708081,5.572163963479088
65.0,1.909091,5.709105685274274
65.0,2.110101,5.846064194297751
65.0,2.311111,5.99206066253559
65.0,2.512121,6.143638623083232
65.0,2.713131,6.304111448237592
65.0,2.914141,6.464586418771678
65.0,3.115152,6.618433061776526
65.0,3.316162,6.7673376965858765
65.0,3.517172,6.916242219739976
65.0,3.718182,7.065125375015237
65.0,3.919192,7.213780265841656
65.0,4.120202,7.36103563432801
65.0,4.321212,7.507159773016401
65.0,4.522222,7.65166449743381
65.0,4.723232,7.796170837339249
65.0,4.924242,7.94067775921107
65.0,5.125253,8.061266287047173
65.0,5.326263,8.167387719338485
65.0,5.527273,8.273510626252795
65.0,5.728283,8.381375763901014
65.0,5.929293,8.499885020583609
65.0,6.130303,8.645023947300542
65.0,6.331313,8.804612264697349
65.0,6.532323,8.964202859195712
65.0,6.733333,9.118401429520814
65.0,6.934343,9.245475124579313
65.0,7.135354,9.372550227581316
65.0,7.336364,9.495184466019188
65.0,7.537374,9.597712778211093
65.0,7.738384,9.700241809221245
65.0,7.939394,9.802772505075655
65.0,8.140404,9.892896011449249
65.0,8.341414,9.977661760600961
65.0,8.542424,10.062432043968684
65.0,8.743434,10.144558554258445
65.0,8.944444,10.217094550408785
65.0,9.145455,10.289950888923238
65.0,9.346465,10.359907593282934
65.0,9.547475,10.41978435389245
65.0,9.748485,10.479651674697106
65.0,9.949495,10.539529545782123
65.0,10.15051,10.594780783628936
65.0,10.35152,10.64847325667508
65.0,10.55253,10.702175977014422
65.0,10.75354,10.753618979303155
65.0,10.95455,10.798822323446794
65.0,11.15556,10.844305799585108
65.0,11.35657,10.887429583549181
65.0,11.55758,10.924373824153314
65.0,11.75859,10.961308255836968
65.0,11.9596,10.99825287651056
65.0,12.16061,11.033748686533372
65.0,12.36162,11.068894865189357
65.0,12.56263,11.10404115169502
65.0,12.76364,11.13774766496278
65.0,12.96465,11.168374529926625
65.0,13.16566,11.199121396717368
65.0,13.36667,11.228408488450746
65.0,13.56768,11.254715958601874
65.0,13.76869,11.281023490731767
65.0,13.9697,11.307331084439378
65.0,14.17071,11.333239145476842
65.0,14.37172,11.359067319377834
65.0,14.57273,11.3849055321265
65.0,14.77374,11.409843820759587
65.0,14.97475,11.433262209386704
65.0,15.17576,11.456710577863278
65.0,15.37677,11.479259031911834
65.0,15.57778,11.50034760953191
65.0,15.77879,11.521426216286434
65.0,15.9798,11.542504851981551
65.0,16.18081,11.563473724903762
65.0,16.38182,11.5844226414117
65.0,16.58283,11.605371577609244
65.0,16.78384,11.625730546040929
65.0,16.98485,11.64524955109118
65.0,17.18586,11.664768538435498
65.0,17.38687,11.683677573170824
65.0,17.58788,11.701776665827767
65.0,17.78889,11.719875775151483
65.0,17.9899,11.737974901022904
65.0,18.19091,11.756024170358481
65.0,18.39192,11.774073458337737
65.0,18.59293,11.792122758062154
65.0,18.79394,11.8097120651219
65.0,18.99495,11.826781379172564
65.0,19.19596,11.843850682199422
65.0,19.39697,11.860440007844453
65.0,19.59798,11.8765093568263
65.0,19.79899,11.89258871745611
65.0,20.0,11.90866808973903
65.3,0.1,2.761700064855713
65.3,0.3010101,3.8818262899272566
65.3,0.5020202,4.364888998176993
65.3,0.7030303,4.653835158950571
65.3,0.9040404,4.889199359085377
65.3,1.105051,5.085558137553392
65.3,1.306061,5.256924526455301
65.3,1.507071,5.42829963503288
65.3,1.708081,5.588599085243532
65.3,1.909091,5.7452111752565385
65.3,2.110101,5.89831599388982
65.3,2.311111,6.045118747377059
65.3,2.512121,6.19192203536389
65.3,2.713131,6.3367398138988875
65.3,2.914141,6.481486859999787
65.3,3.115152,6.628616085877428
65.3,3.316162,6.7775193418634405
65.3,3.517172,6.926423501088125
65.3,3.718182,7.075329506402175
65.3,3.919192,7.224235305546486
65.3,4.120202,7.370509279548137
65.3,4.321212,7.515014474428655
65.3,4.522222,7.659520315842181
65.3,4.723232,7.8040267678734745
65.3,4.924242,7.948533797218744
65.3,5.125253,8.069122464359129
65.3,5.326263,8.1752440532864
65.3,5.527273,8.281366112443614
65.3,5.728283,8.387489624032385
65.3,5.929293,8.493612571341842
65.3,6.130303,8.634394167402384
65.3,6.331313,8.793983635522453
65.3,6.532323,8.953573377001025
65.3,6.733333,9.113165324835565
65.3,6.934343,9.272758416783407
65.3,7.135354,9.393923093341447
65.3,7.336364,9.496448858879315
65.3,7.537374,9.598977394332781
65.3,7.738384,9.70150664366098
65.3,7.939394,9.804037553052414
65.3,8.140404,9.89416120226457
65.3,8.341414,9.978927063349664
65.3,8.542424,10.063698456674736
65.3,8.743434,10.148465369145352
65.3,8.944444,10.233232787737338
65.3,9.145455,10.299979108408564
65.3,9.346465,10.359855386428231
65.3,9.547475,10.419722233427553
65.3,9.748485,10.47959963931182
65.3,9.949495,10.539467594870514
65.3,10.15051,10.594718895273754
65.3,10.35152,10.648421423128301
65.3,10.55253,10.702124197909129
65.3,10.75354,10.755827215919194
65.3,10.95455,10.809530473531744
65.3,11.15556,10.850254271693826
65.3,11.35657,10.88718835782659
65.3,11.55758,10.924132636559303
65.3,11.75859,10.961067106156973
65.3,11.9596,10.998011764454766
65.3,12.16061,11.033517604534575
65.3,12.36162,11.068653811428964
65.3,12.56263,11.103800125926973
65.3,12.76364,11.13893654721012
65.3,12.96465,11.174083074112312
65.3,13.16566,11.201940305050403
65.3,13.36667,11.228257730250057
65.3,13.56768,11.254565217900454
65.3,13.76869,11.280872767449033
65.3,13.9697,11.307180378495095
65.3,14.17071,11.333088453841404
65.3,14.37172,11.358916641527538
65.3,14.57273,11.384754867970505
65.3,14.77374,11.410583132959736
65.3,14.97475,11.436411436248784
65.3,15.17576,11.458089941471906
65.3,15.37677,11.47917850014639
65.3,15.57778,11.50025708807919
65.3,15.77879,11.521345705043629
65.3,15.9798,11.542424350944568
65.3,16.18081,11.56338323253552
65.3,16.38182,11.584342157452582
65.3,16.58283,11.605291102034863
65.3,16.78384,11.626240066193365
65.3,16.98485,11.647189049799367
65.3,17.18586,11.665508110733887
65.3,17.38687,11.68360719328964
65.3,17.58788,11.701706292548602
65.3,17.78889,11.719805408453526
65.3,17.9899,11.737894540907012
65.3,18.19091,11.755953815834669
65.3,18.39192,11.773993109380703
65.3,18.59293,11.792042414634741
65.3,18.79394,11.810091731544361
65.3,18.99495,11.828141060094236
65.3,19.19596,11.844260390554242
65.3,19.39697,11.86033973248901
65.3,19.59798,11.876419086159588
65.3,19.79899,11.892498451500462
65.3,20.0,11.908577828446694
65.6,0.1,2.7686957895010296
65.6,0.3010101,3.89241203704874
65.6,0.5020202,4.377649435093211
65.6,0.7030303,4.667645662407313
65.6,0.9040404,4.901208412727338
65.6,1.105051,5.1006270888846945
65.6,1.306061,5.272709227898867
65.6,1.507071,5.444297678065271
65.6,1.708081,5.6046630303365665
65.6,1.909091,5.759661786391166
65.6,2.110101,5.909882996886381
65.6,2.311111,6.052000970802427
65.6,2.512121,6.198354489456886
65.6,2.713131,6.343208807095712
65.6,2.914141,6.464486885560157
65.6,3.115152,6.600127686941403
65.6,3.316162,6.749030597049609
65.6,3.517172,6.913869473999794
65.6,3.718182,7.08952859101118
65.6,3.919192,7.235375050511227
65.6,4.120202,7.379485553061897
65.6,4.321212,7.522595034933532
65.6,4.522222,7.667100992599821
65.6,4.723232,7.811607555989833
65.6,4.924242,7.956113692174871
65.6,5.125253,8.076702499209484
65.6,5.326263,8.18282524604914
65.6,5.527273,8.288947458717299
65.6,5.728283,8.396417868760876
65.6,5.929293,8.512115235643414
65.6,6.130303,8.656264566845019
65.6,6.331313,8.815854434589216
65.6,6.532323,8.975444558274665
65.6,6.733333,9.129169890569937
65.6,6.934343,9.253381531381764
65.6,7.135354,9.377595448232773
65.6,7.336364,9.49788616181273
65.6,7.537374,9.60041392668366
65.6,7.738384,9.70294440016733
65.6,7.939394,9.80547552891679
65.6,8.140404,9.895598333651778
65.6,8.341414,9.980365321960518
65.6,8.542424,10.065134840361873
65.6,8.743434,10.147071731334359
65.6,8.944444,10.218718616098005
65.6,9.145455,10.290645810252045
65.6,9.346465,10.359863180608647
65.6,9.547475,10.41973011290271
65.6,9.748485,10.479607603102917
65.6,9.949495,10.539475642017239
65.6,10.15051,10.594727006597742
65.6,10.35152,10.648429591880634
65.6,10.55253,10.702132423514874
65.6,10.75354,10.753535601717688
65.6,10.95455,10.79861929079219
65.6,11.15556,10.843953099771673
65.6,11.35657,10.886967134753196
65.6,11.55758,10.923911451372197
65.6,11.75859,10.960845958603295
65.6,11.9596,10.997790654286812
65.6,12.16061,11.033286525082204
65.6,12.36162,11.068432760730797
65.6,12.56263,11.103569103935513
65.6,12.76364,11.137305709146382
65.6,12.96465,11.167992738827364
65.6,13.16566,11.198789769287936
65.6,13.36667,11.228106979018852
65.6,13.56768,11.254414483893513
65.6,13.76869,11.280732050572125
65.6,13.9697,11.30703967871746
65.6,14.17071,11.332937768532293
65.6,14.37172,11.358775970015113
65.6,14.57273,11.384604210301998
65.6,14.77374,11.409572546368087
65.6,14.97475,11.433031015588327
65.6,15.17576,11.456519464531413
65.6,15.37677,11.479087975091021
65.6,15.57778,11.500176573112766
65.6,15.77879,11.521255200194275
65.6,15.9798,11.542333856142987
65.6,16.18081,11.56330274633216
65.6,16.38182,11.584251679718914
65.6,16.58283,11.605200632734228
65.6,16.78384,11.625559636030722
65.6,16.98485,11.645088700088847
65.6,17.18586,11.664617745920308
65.6,17.38687,11.683526818871433
65.6,17.58788,11.70162592464418
65.6,17.78889,11.71972504700171
65.6,17.9899,11.737824185887925
65.6,18.19091,11.75587346643997
65.6,18.39192,11.773922765468141
65.6,18.59293,11.791972076227424
65.6,18.79394,11.809551409229472
65.6,18.99495,11.826610765411885
65.6,19.19596,11.843670109951447
65.6,19.39697,11.860249461182287
65.6,19.59798,11.876328819488517
65.6,19.79899,11.892398189467887
65.6,20.0,11.908477571024514
65.9,0.1,2.775639598352636
65.9,0.3010101,3.9032645673495012
65.9,0.5020202,4.389941882436017
65.9,0.7030303,4.681757157127014
65.9,0.9040404,4.9182793558190765
65.9,1.105051,5.115413541860146
65.9,1.306061,5.287495273982567
65.9,1.507071,5.459553489676881
65.9,1.708081,5.6175331637714825
65.9,1.909091,5.7720985001957255
65.9,2.110101,5.922355308117027
65.9,2.311111,6.064473078875961
65.9,2.512121,6.207468643669782
65.9,2.713131,6.344079770620858
65.9,2.914141,6.465157638964524
65.9,3.115152,6.615454785671324
65.9,3.316162,6.794076551222003
65.9,3.517172,6.953592760679597
65.9,3.718182,7.099438481883212
65.9,3.919192,7.245283903251026
65.9,4.120202,7.389394455322881
65.9,4.321212,7.532339944492748
65.9,4.522222,7.675285098613253
65.9,4.723232,7.8191874238128065
65.9,4.924242,7.9636946650351454
65.9,5.125253,8.084283610540474
65.9,5.326263,8.190405514152943
65.9,5.527273,8.302590732537169
65.9,5.728283,8.41828781455454
65.9,5.929293,8.533985421333728
65.9,6.130303,8.678135100958574
65.9,6.331313,8.837725363918796
65.9,6.532323,8.974024959220964
65.9,6.733333,9.09823686603352
65.9,6.934343,9.222449090216685
65.9,7.135354,9.346663579157346
65.9,7.336364,9.470878283090109
65.9,7.537374,9.595094154959154
65.9,7.738384,9.704381187741753
65.9,7.939394,9.80691353541547
65.9,8.140404,9.897036495176826
65.9,8.341414,9.981803610433866
65.9,8.542424,10.057280816879528
65.9,8.743434,10.12892737558343
65.9,8.944444,10.200584457302938
65.9,9.145455,10.272511728204783
65.9,9.346465,10.34453943074583
65.9,9.547475,10.416567685219825
65.9,9.748485,10.479615580388906
65.9,9.949495,10.539483702584034
65.9,10.15051,10.594735131273168
65.9,10.35152,10.64843777391987
65.9,10.55253,10.69560097596605
65.9,10.75354,10.740684499405717
65.9,10.95455,10.785768238932173
65.9,11.15556,10.831102061485417
65.9,11.35657,10.87649606864718
65.9,11.55758,10.921900297037784
65.9,11.75859,10.960624818808043
65.9,11.9596,10.997559551963695
65.9,12.16061,11.03306545330822
65.9,12.36162,11.068211717757901
65.9,12.56263,11.099748498220553
65.9,12.76364,11.130435458270824
65.9,12.96465,11.161122498329691
65.9,13.16566,11.1919195299111
65.9,13.36667,11.222736626870649
65.9,13.56768,11.253543807769208
65.9,13.76869,11.280581338761817
65.9,13.9697,11.30688898402197
65.9,14.17071,11.332797088150365
65.9,14.37172,11.358625303558098
65.9,14.57273,11.382423694333086
65.9,14.77374,11.40588214033316
65.9,14.97475,11.4293406184873
65.9,15.17576,11.45282907413445
65.9,15.37677,11.476327555977136
65.9,15.57778,11.499826071769977
65.9,15.77879,11.521174698991949
65.9,15.9798,11.542253364983097
65.9,16.18081,11.563222263816982
65.9,16.38182,11.5841712056159
65.9,16.58283,11.603820235021866
65.9,16.78384,11.623349288300698
65.9,16.98485,11.642878358541461
65.9,17.18586,11.662407409996064
65.9,17.38687,11.681936476524598
65.9,17.58788,11.701465560982319
65.9,17.78889,11.719654688174202
65.9,17.9899,11.737753833510471
65.9,18.19091,11.755803119642481
65.9,18.39192,11.773842424227182
65.9,18.59293,11.790941762384406
65.9,18.79394,11.80800111248472
65.9,18.99495,11.825060473528529
65.9,19.19596,11.842109822798369
65.9,19.39697,11.859169182995933
65.9,19.59798,11.876218554665607
65.9,19.79899,11.892307929329787
65.9,20.0,11.908387315494844
66.2,0.1,2.782198603270057
66.2,0.3010101,3.9139799817628504
66.2,0.5020202,4.402462554409053
66.2,0.7030303,4.694860047785545
66.2,0.9040404,4.9324671497986525
66.2,1.105051,5.129836877486868
66.2,1.306061,5.301822671592367
66.2,1.507071,5.473764992829141
66.2,1.708081,5.631082106367662
66.2,1.909091,5.7834921032327715
66.2,2.110101,5.933285584813945
66.2,2.311111,6.077226726658618
66.2,2.512121,6.221437327008943
66.2,2.713131,6.3718435494746615
66.2,2.914141,6.521178241427312
66.2,3.115152,6.671813684974322
66.2,3.316162,6.817657826063017
66.2,3.517172,6.963501761599612
66.2,3.718182,7.1093474427440695
66.2,3.919192,7.255193824379278
66.2,4.120202,7.399304424504845
66.2,4.321212,7.542249016404235
66.2,4.522222,7.68519426849385
66.2,4.723232,7.828140144607604
66.2,4.924242,7.971274715727946
66.2,5.125253,8.093066560307904
66.2,5.326263,8.208762786519737
66.2,5.527273,8.324460574423917
66.2,5.728283,8.440157901280083
66.2,5.929293,8.55585574493596
66.2,6.130303,8.694671857830228
66.2,6.331313,8.818881578374011
66.2,6.532323,8.943091718073843
66.2,6.733333,9.067304218704821
66.2,6.934343,9.191517025087364
66.2,7.135354,9.31573108485612
66.2,7.336364,9.439947348671312
66.2,7.537374,9.5641637696063
66.2,7.738384,9.688382303086433
66.2,7.939394,9.808350572413394
66.2,8.140404,9.895837571956562
66.2,8.341414,9.96749025192718
66.2,8.542424,10.039146476022001
66.2,8.743434,10.11079323295868
66.2,8.944444,10.18245051105663
66.2,9.145455,10.254377857425661
66.2,9.346465,10.326405590195543
66.2,9.547475,10.398433875496647
66.2,9.748485,10.470462701927552
66.2,9.949495,10.539491776624802
66.2,10.15051,10.592583382175498
66.2,10.35152,10.637666515977724
66.2,10.55253,10.682749871288369
66.2,10.75354,10.727833445266524
66.2,10.95455,10.77291723516555
66.2,11.15556,10.818251071123765
66.2,11.35657,10.86364508113247
66.2,11.55758,10.909049312607834
66.2,11.75859,10.954443762964765
66.2,11.9596,10.99733845734022
66.2,12.16061,11.031504549708599
66.2,12.36162,11.062191358120405
66.2,12.56263,11.092878247872537
66.2,12.76364,11.123565218325094
66.2,12.96465,11.154252268744957
66.2,13.16566,11.185039301469711
66.2,13.36667,11.215856397560959
66.2,13.56768,11.246673577630999
66.2,13.76869,11.277490841021468
66.2,13.9697,11.306748294262857
66.2,14.17071,11.331816470853079
66.2,14.37172,11.355274860927574
66.2,14.57273,11.378733283557809
66.2,14.77374,11.402191738515757
66.2,14.97475,11.42565022557563
66.2,15.17576,11.449148687939882
66.2,15.37677,11.472637176212812
66.2,15.57778,11.496135698361877
66.2,15.77879,11.51963425426328
66.2,15.9798,11.542172877495569
66.2,16.18081,11.562561815871172
66.2,16.38182,11.58209084122543
66.2,16.58283,11.6016098837213
66.2,16.78384,11.621138943220531
66.2,16.98485,11.640668019686045
66.2,17.18586,11.660197076760692
66.2,17.38687,11.679726148848623
66.2,17.58788,11.699255238849847
66.2,17.78889,11.718784346675518
66.2,17.9899,11.737673483814755
66.2,18.19091,11.755272786078072
66.2,18.39192,11.772332119046187
66.2,18.59293,11.789391463039847
66.2,18.79394,11.80645081801159
66.2,18.99495,11.823510183895978
66.2,19.19596,11.840559537877114
66.2,19.39697,11.857618902770293
66.2,19.59798,11.87466827912378
66.2,19.79899,11.89172766687453
66.2,20.0,11.908297061889382
66.5,0.1,2.7885847877474457
66.5,0.3010101,3.9244006820040287
66.5,0.5020202,4.415245045502414
66.5,0.7030303,4.70819576106727
66.5,0.9040404,4.943363257030483
66.5,1.105051,5.143505094440803
66.5,1.306061,5.314504579289834
66.5,1.507071,5.486446946236473
66.5,1.708081,5.6437922098811395
66.5,1.909091,5.789421258557547
66.5,2.110101,5.924848428899198
66.5,2.311111,6.069046322725567
66.5,2.512121,6.219184209052066
66.5,2.713131,6.37307517873949
66.5,2.914141,6.53043670698862
66.5,3.115152,6.681377494085853
66.5,3.316162,6.827351735797937
66.5,3.517172,6.973195647280579
66.5,3.718182,7.119041304362524
66.5,3.919192,7.264887661964547
66.5,4.120202,7.408998333119281
66.5,4.321212,7.551943055129409
66.5,4.522222,7.694888431664018
66.5,4.723232,7.83783442691171
66.5,4.924242,7.9798409144469575
66.5,5.125253,8.097736119771348
66.5,5.326263,8.208958394501083
66.5,5.527273,8.324655312711302
66.5,5.728283,8.440352766221284
66.5,5.929293,8.556050733094631
66.5,6.130303,8.697827524354537
66.5,6.331313,8.83303579432601
66.5,6.532323,8.957246077045154
66.5,6.733333,9.081457714607684
66.5,6.934343,9.20567165212932
66.5,7.135354,9.329885837687073
66.5,7.336364,9.454102222185044
66.5,7.537374,9.578318758961498
66.5,7.738384,9.70253740361712
66.5,7.939394,9.81025846090992
66.5,8.140404,9.898818745881355
66.5,8.341414,9.97396590788818
66.5,8.542424,10.045614192368511
66.5,8.743434,10.117271008096589
66.5,8.944444,10.188928344049094
66.5,9.145455,10.260845787002017
66.5,9.346465,10.332873629602073
66.5,9.547475,10.404902022870749
66.5,9.748485,10.476930955449037
66.5,9.949495,10.53957986428219
66.5,10.15051,10.594481708225196
66.5,10.35152,10.6416048378737
66.5,10.55253,10.6866882351093
66.5,10.75354,10.731771850579928
66.5,10.95455,10.776855681545348
66.5,11.15556,10.822189571815018
66.5,11.35657,10.86759363949003
66.5,11.55758,10.91298792824491
66.5,11.75859,10.958392435166145
66.5,11.9596,10.997097391220672
66.5,12.16061,11.032643519826598
66.5,12.36162,11.064220279693986
66.5,12.56263,11.09490719302697
66.5,12.76364,11.125594186916429
66.5,12.96465,11.156281260628926
66.5,13.16566,11.187068320761302
66.5,13.36667,11.217885445000206
66.5,13.56768,11.248702653049031
66.5,13.76869,11.279519944250657
66.5,13.9697,11.306587633069977
66.5,14.17071,11.332555818895559
66.5,14.37172,11.356374204486958
66.5,14.57273,11.379832638881721
66.5,14.77374,11.403291105579568
66.5,14.97475,11.426749604353803
66.5,15.17576,11.450238079909745
66.5,15.37677,11.473736581442171
66.5,15.57778,11.49722511690779
66.5,15.77879,11.520723686011483
66.5,15.9798,11.54208241062559
66.5,16.18081,11.563071368801861
66.5,16.38182,11.582730397997814
66.5,16.58283,11.602259447568622
66.5,16.78384,11.621788514144205
66.5,16.98485,11.641307597684559
66.5,17.18586,11.660846662455976
66.5,17.38687,11.68037574229354
66.5,17.58788,11.699904840017531
66.5,17.78889,11.719433955539245
66.5,17.9899,11.737603148677312
66.5,18.19091,11.755642476238332
66.5,18.39192,11.772751814203804
66.5,18.59293,11.789811162855491
66.5,18.79394,11.806870522489987
66.5,18.99495,11.823919893058031
66.5,19.19596,11.840979252017961
66.5,19.39697,11.858028621899939
66.5,19.59798,11.87508800323061
66.5,19.79899,11.892137395956976
66.5,20.0,11.90820681909626
66.8,0.1,2.7951800423379694
66.8,0.3010101,3.934467659687438
66.8,0.5020202,4.427398139951283
66.8,0.7030303,4.721096669776446
66.8,0.9040404,4.959428149969924
66.8,1.105051,5.157069532154732
66.8,1.306061,5.32785975963577
66.8,1.507071,5.49865640038571
66.8,1.708081,5.6396457618205424
66.8,1.909091,5.7703063660267295
66.8,2.110101,5.9101329220283345
66.8,2.311111,6.067487035090072
66.8,2.512121,6.224843529442719
66.8,2.713131,6.3822022292425205
66.8,2.914141,6.539562975142013
66.8,3.115152,6.6905022128193
66.8,3.316162,6.836655143157091
66.8,3.517172,6.982782031757546
66.8,3.718182,7.128627671542227
66.8,3.919192,7.274473011953567
66.8,4.120202,7.4185837644383685
66.8,4.321212,7.561529628996223
66.8,4.522222,7.704306127218851
66.8,4.723232,7.8457311099183915
66.8,4.924242,7.987156657174559
66.8,5.125253,8.105052003763127
66.8,5.326263,8.208715934967122
66.8,5.527273,8.314011972034791
66.8,5.728283,8.429709493931837
66.8,5.929293,8.5454085280319
66.8,6.130303,8.68718542636545
66.8,6.331313,8.843114258411465
66.8,6.532323,8.993944161452212
66.8,6.733333,9.118155707723234
66.8,6.934343,9.24236955115376
66.8,7.135354,9.366583640407153
66.8,7.336364,9.490799926397163
66.8,7.537374,9.610593306148239
66.8,7.738384,9.711020405434624
66.8,7.939394,9.811448969457132
66.8,8.140404,9.900010376539441
66.8,8.341414,9.983447606776485
66.8,8.542424,10.064403011557797
66.8,8.743434,10.13604981617607
66.8,8.944444,10.20770714000008
66.8,9.145455,10.279634688860943
66.8,9.346465,10.351662680126248
66.8,9.547475,10.420711035951525
66.8,9.748485,10.48010932434472
66.8,9.949495,10.539518120239961
66.8,10.15051,10.59442001977694
66.8,10.35152,10.647813058776155
66.8,10.55253,10.699026369750317
66.8,10.75354,10.744110021929107
66.8,10.95455,10.789203888911185
66.8,11.15556,10.834527853744198
66.8,11.35657,10.879932006318409
66.8,11.55758,10.922916469973579
66.8,11.75859,10.959891350549809
66.8,11.9596,10.996866404557432
66.8,12.16061,11.032412559605767
66.8,12.36162,11.067599055104678
66.8,12.56263,11.101385756151554
66.8,12.76364,11.132072779887933
66.8,12.96465,11.162759883272146
66.8,13.16566,11.193556983823765
66.8,13.36667,11.22437415061011
66.8,13.56768,11.25369153228895
66.8,13.76869,11.28005923903433
66.8,13.9697,11.30643700344487
66.8,14.17071,11.3324052020987
66.8,14.37172,11.358303505924242
66.8,14.57273,11.383311884578887
66.8,14.77374,11.406770364355102
66.8,14.97475,11.430228876171284
66.8,15.17576,11.453727368041813
66.8,15.37677,11.4772158863856
66.8,15.57778,11.499784493040673
66.8,15.77879,11.520893214903268
66.8,15.9798,11.541991963370686
66.8,16.18081,11.562980929214271
66.8,16.38182,11.5839599349712
66.8,16.58283,11.604338972417812
66.8,16.78384,11.62386804648878
66.8,16.98485,11.643387137474855
66.8,17.18586,11.66291621105062
66.8,17.38687,11.68245529970126
66.8,17.58788,11.701354434683244
66.8,17.78889,11.719443622181839
66.8,17.9899,11.737532824750499
66.8,18.19091,11.755572157292725
66.8,18.39192,11.773621506767666
66.8,18.59293,11.791200863791103
66.8,18.79394,11.808260227979126
66.8,18.99495,11.825319603069763
66.8,19.19596,11.84237896716389
66.8,19.39697,11.859428342179406
66.8,19.59798,11.875997738190502
66.8,19.79899,11.892057155051708
66.8,20.0,11.9081165824784
67.1,0.1,2.8014164810695825
67.1,0.3010101,3.944551706110237
67.1,0.5020202,4.439413062531071
67.1,0.7030303,4.733994410613825
67.1,0.9040404,4.970285966260225
67.1,1.105051,5.170860156830337
67.1,1.306061,5.341827850754823
67.1,1.507071,5.51359702483326
67.1,1.708081,5.672756336046186
67.1,1.909091,5.82009710939184
67.1,2.110101,5.955456589196509
67.1,2.311111,6.099458797860328
67.1,2.512121,6.241827009078055
67.1,2.713131,6.391330064834183
67.1,2.914141,6.548690011699624
67.1,3.115152,6.699628683960041
67.1,3.316162,6.8457812172029815
67.1,3.517172,6.991933758964803
67.1,3.718182,7.138087247438592
67.1,3.919192,7.284059453854657
67.1,4.120202,7.428170285674869
67.1,4.321212,7.570198215365869
67.1,4.522222,7.71162172410476
67.1,4.723232,7.85304682415908
67.1,4.924242,7.994472484338037
67.1,5.125253,8.112367970473933
67.1,5.326263,8.216032056019284
67.1,5.527273,8.319695555603339
67.1,5.728283,8.423360453702498
67.1,5.929293,8.534765347443788
67.1,6.130303,8.676542352604603
67.1,6.331313,8.83247231101517
67.1,6.532323,8.988402409934476
67.1,6.733333,9.14433359116222
67.1,6.934343,9.279066512433465
67.1,7.135354,9.403281505179898
67.1,7.336364,9.511357691423434
67.1,7.537374,9.611783470454082
67.1,7.738384,9.712210756479836
67.1,7.939394,9.812639503392978
67.1,8.140404,9.901201032355118
67.1,8.341414,9.984639357821276
67.1,8.542424,10.068080151118487
67.1,8.743434,10.151518400879821
67.1,8.944444,10.226486108479106
67.1,9.145455,10.298413761777562
67.1,9.346465,10.36124130458009
67.1,9.547475,10.4206491528811
67.1,9.748485,10.480057516706736
67.1,9.949495,10.539466387337612
67.1,10.15051,10.59436834236906
67.1,10.35152,10.647751430266673
67.1,10.55253,10.701144746822221
67.1,10.75354,10.754538288706701
67.1,10.95455,10.801542158885562
67.1,11.15556,10.846866197752025
67.1,11.35657,10.88570068441968
67.1,11.55758,10.922675423351892
67.1,11.75859,10.959650337223296
67.1,11.9596,10.99662542430576
67.1,12.16061,11.032171605808827
67.1,12.36162,11.067358125989772
67.1,12.56263,11.102554744491108
67.1,12.76364,11.137741460499603
67.1,12.96465,11.169238534258442
67.1,13.16566,11.200035675157187
67.1,13.36667,11.22716321151674
67.1,13.56768,11.253540875774199
67.1,13.76869,11.279918598048317
67.1,13.9697,11.306286377975095
67.1,14.17071,11.332254589475133
67.1,14.37172,11.358152905598576
67.1,14.57273,11.384041258121806
67.1,14.77374,11.409939646775634
67.1,14.97475,11.43371815827579
67.1,15.17576,11.457206666471492
67.1,15.37677,11.478595326431565
67.1,15.57778,11.499704030732623
67.1,15.77879,11.520802761705392
67.1,15.9798,11.541911519169524
67.1,16.18081,11.562900492698853
67.1,16.38182,11.583869505965634
67.1,16.58283,11.604848537284358
67.1,16.78384,11.625827586538817
67.1,16.98485,11.645466682431621
67.1,17.18586,11.664995764735338
67.1,17.38687,11.683184923110277
67.1,17.58788,11.701274101376557
67.1,17.78889,11.71936329472469
67.1,17.9899,11.73745250312446
67.1,18.19091,11.755501840644197
67.1,18.39192,11.773541195075586
67.1,18.59293,11.791590560153088
67.1,18.79394,11.809629935900565
67.1,18.99495,11.826719315725652
67.1,19.19596,11.843768684965019
67.1,19.39697,11.859848084399422
67.1,19.59798,11.875907494862204
67.1,19.79899,11.891966915922103
67.1,20.0,11.908026347552575
67.4,0.1,2.80814086465225
67.4,0.3010101,3.9547359350175255
67.4,0.5020202,4.450747523368433
67.4,0.7030303,4.747159490254416
67.4,0.9040404,4.986449727777937
67.4,1.105051,5.18495674103702
67.4,1.306061,5.356863707770344
67.4,1.507071,5.528633582341385
67.4,1.708081,5.687767329610814
67.4,1.909091,5.842660388907741
67.4,2.110101,5.991168031194133
67.4,2.311111,6.134620891473333
67.4,2.512121,6.278612592336358
67.4,2.713131,6.42091863377651
67.4,2.914141,6.5621024818944775
67.4,3.115152,6.696216246683199
67.4,3.316162,6.842367388863582
67.4,3.517172,6.988520556479725
67.4,3.718182,7.134673686415366
67.4,3.919192,7.294802309454042
67.4,4.120202,7.43602076195653
67.4,4.321212,7.57744377213627
67.4,4.522222,7.718868402059865
67.4,4.723232,7.860293618585971
67.4,4.924242,8.001718390446506
67.4,5.125253,8.119614015345649
67.4,5.326263,8.223278254024248
67.4,5.527273,8.326942902617734
67.4,5.728283,8.430607945784034
67.4,5.929293,8.53564122422259
67.4,6.130303,8.67648880730962
67.4,6.331313,8.832417968492285
67.4,6.532323,8.988348263103749
67.4,6.733333,9.144280633213945
67.4,6.934343,9.296794250180831
67.4,7.135354,9.412177229113489
67.4,7.336364,9.512601650003065
67.4,7.537374,9.613027621989396
67.4,7.738384,9.71345509679467
67.4,7.939394,9.813885028409636
67.4,8.140404,9.902445683016555
67.4,8.341414,9.985884108375647
67.4,8.542424,10.069326999741888
67.4,8.743434,10.152765345950025
67.4,8.944444,10.233413954475685
67.4,9.145455,10.301801950312498
67.4,9.346465,10.361209351291949
67.4,9.547475,10.42061727583603
67.4,9.748485,10.480025715040128
67.4,9.949495,10.539434660202895
67.4,10.15051,10.594326671373132
67.4,10.35152,10.647719808694806
67.4,10.55253,10.701113174303373
67.4,10.75354,10.75449676485251
67.4,10.95455,10.80560067257977
67.4,11.15556,10.848495012998049
67.4,11.35657,10.88546960891832
67.4,11.55758,10.922444381301016
67.4,11.75859,10.959419328400882
67.4,11.9596,10.996394448491749
67.4,12.16061,11.031940656594635
67.4,12.36162,11.067127201654655
67.4,12.56263,11.102323844879626
67.4,12.76364,11.137510585490379
67.4,12.96465,11.171267555701688
67.4,13.16566,11.200644922477393
67.4,13.36667,11.227012544033354
67.4,13.56768,11.253390223863441
67.4,13.76869,11.27976796163919
67.4,13.9697,11.306135757022473
67.4,14.17071,11.332103981329738
67.4,14.37172,11.35800230978294
67.4,14.57273,11.383890674579506
67.4,14.77374,11.409789075452242
67.4,14.97475,11.434797566909067
67.4,15.17576,11.4574061724017
67.4,15.37677,11.478514858988595
67.4,15.57778,11.499613572361381
67.4,15.77879,11.52072231236092
67.4,15.9798,11.54182107885214
67.4,16.18081,11.562810060014742
67.4,16.38182,11.583789080760818
67.4,16.58283,11.604768119514006
67.4,16.78384,11.62573717624301
67.4,16.98485,11.646106279226526
67.4,17.18586,11.665025418120878
67.4,17.38687,11.683114587046063
67.4,17.58788,11.701203771126055
67.4,17.78889,11.719292970309798
67.4,17.9899,11.737382184488224
67.4,18.19091,11.755431527013135
67.4,18.39192,11.773470886354492
67.4,18.59293,11.791510256381605
67.4,18.79394,11.809559636992493
67.4,18.99495,11.827129037752528
67.4,19.19596,11.843708435159275
67.4,19.39697,11.85976783918096
67.4,19.59798,11.875827253831583
67.4,19.79899,11.891876679098612
67.4,20.0,11.907936114877383
67.7,0.1,2.8144614040435605
67.7,0.3010101,3.9649171918716997
67.7,0.5020202,4.462984170701485
67.7,0.7030303,4.759921253505949
67.7,0.9040404,5.00029123170236
67.7,1.105051,5.199062434429247
67.7,1.306061,5.371256424897855
67.7,1.507071,5.543361399860363
67.7,1.708081,5.702008554051702
67.7,1.909091,5.854788290612014
67.7,2.110101,6.003058532764664
67.7,2.311111,6.14280946688622
67.7,2.512121,6.284339250383962
67.7,2.713131,6.415934609229739
67.7,2.914141,6.5349382083633385
67.7,3.115152,6.667723867754993
67.7,3.316162,6.829145166970288
67.7,3.517172,7.004919241684028
67.7,3.718182,7.161429892368735
67.7,3.919192,7.304440510270376
67.7,4.120202,7.445488062409583
67.7,4.321212,7.585216353000915
67.7,4.522222,7.725976154361498
67.7,4.723232,7.867401486797792
67.7,4.924242,8.008826369981778
67.7,5.125253,8.126722132980733
67.7,5.326263,8.230386524289065
67.7,5.527273,8.33405132136476
67.7,5.728283,8.443708862223064
67.7,5.929293,8.556763467001987
67.7,6.130303,8.697611358060657
67.7,6.331313,8.853540872141787
67.7,6.532323,9.009472504929164
67.7,6.733333,9.152132174980974
67.7,6.934343,9.288057965641096
67.7,7.135354,9.404629932730204
67.7,7.336364,9.51181485060357
67.7,7.537374,9.614380722107073
67.7,7.738384,9.714808389998579
67.7,7.939394,9.815237510426543
67.7,8.140404,9.90379929863406
67.7,8.341414,9.987237833119547
67.7,8.542424,10.07067383202364
67.7,8.743434,10.145111728652344
67.7,8.944444,10.215929868993088
67.7,9.145455,10.286968251806064
67.7,9.346465,10.35808705166634
67.7,9.547475,10.420615400074253
67.7,9.748485,10.480023914294634
67.7,9.949495,10.539432933628067
67.7,10.15051,10.59433500179591
67.7,10.35152,10.64772819024284
67.7,10.55253,10.701111606525576
67.7,10.75354,10.748065533242208
67.7,10.95455,10.793029749471543
67.7,11.15556,10.83821406705822
67.7,11.35657,10.883468561915077
67.7,11.55758,10.922223342271034
67.7,11.75859,10.959198322479306
67.7,11.9596,10.996173475423133
67.7,12.16061,11.031719710466142
67.7,12.36162,11.066906280813566
67.7,12.56263,11.102102949168414
67.7,12.76364,11.133670062091706
67.7,12.96465,11.164417330370386
67.7,13.16566,11.195254599349473
67.7,13.36667,11.226121930565096
67.7,13.56768,11.253239577022429
67.7,13.76869,11.279617330192925
67.7,13.9697,11.305995140803358
67.7,14.17071,11.331963378015917
67.7,14.37172,11.357851718882705
67.7,14.57273,11.38375009601691
67.7,14.77374,11.407578638855565
67.7,14.97475,11.43107723233696
67.7,15.17576,11.45461580738483
67.7,15.37677,11.478144407189696
67.7,15.57778,11.499533118735421
67.7,15.77879,11.520631867704425
67.7,15.9798,11.54174064307662
67.7,16.18081,11.562729631911946
67.7,16.38182,11.583698660147446
67.7,16.58283,11.604677706359158
67.7,16.78384,11.624336832954823
67.7,16.98485,11.64387598098758
67.7,17.18586,11.663415111983214
67.7,17.38687,11.682954256829891
67.7,17.58788,11.701133444793273
67.7,17.78889,11.719222649728168
67.7,17.9899,11.737311869640244
67.7,18.19091,11.755361217113892
67.7,18.39192,11.77340058138729
67.7,18.59293,11.79143995631231
67.7,18.79394,11.808529361483048
67.7,18.99495,11.825578777371819
67.7,19.19596,11.842618182145447
67.7,19.39697,11.8596575968898
67.7,19.59798,11.87573701578189
67.7,19.79899,11.891796445151208
67.7,20.0,11.907855885068596
68.0,0.1,2.820895879933843
68.0,0.3010101,3.9750692053787806
68.0,0.5020202,4.47549869868633
68.0,0.7030303,4.773117694434861
68.0,0.9040404,5.011113155696339
68.0,1.105051,5.2127391305426976
68.0,1.306061,5.384932278369266
68.0,1.507071,5.556878442582076
68.0,1.708081,5.713232115406042
68.0,1.909091,5.865650085755979
68.0,2.110101,6.0138817171558925
68.0,2.311111,6.153633356818534
68.0,2.512121,6.295774524280665
68.0,2.713131,6.44380341479831
68.0,2.914141,6.563141400963821
68.0,3.115152,6.711910829656721
68.0,3.316162,6.885050126075685
68.0,3.517172,7.028058307271437
68.0,3.718182,7.171068215742109
68.0,3.919192,7.314077808959395
68.0,4.120202,7.455125443676638
68.0,4.321212,7.594853883791689
68.0,4.522222,7.7345828964009495
68.0,4.723232,7.8745084402156165
68.0,4.924242,8.015934432955166
68.0,5.125253,8.133830332603171
68.0,5.326263,8.238721735896236
68.0,5.527273,8.35177565289205
68.0,5.728283,8.464831024171474
68.0,5.929293,8.577886831725005
68.0,6.130303,8.718734027347953
68.0,6.331313,8.871548142243617
68.0,6.532323,9.007470378372352
68.0,6.733333,9.143395491449816
68.0,6.934343,9.279322398855655
68.0,7.135354,9.395895169531878
68.0,7.336364,9.5030807370088
68.0,7.537374,9.61026593099499
68.0,7.738384,9.71616170914054
68.0,7.939394,9.816591018182619
68.0,8.140404,9.905152939678896
68.0,8.341414,9.985990428931302
68.0,8.542424,10.056809802593067
68.0,8.743434,10.127627654839548
68.0,8.944444,10.198445975657993
68.0,9.145455,10.269484432684632
68.0,9.346465,10.340603266922509
68.0,9.547475,10.411732599218345
68.0,9.748485,10.480032125008384
68.0,9.949495,10.539441218457421
68.0,10.15051,10.59434334369079
68.0,10.35152,10.645566688046316
68.0,10.55253,10.690530548751399
68.0,10.75354,10.735494610254225
68.0,10.95455,10.780458869953524
68.0,11.15556,10.825643197523043
68.0,11.35657,10.870897692811536
68.0,11.55758,10.916142392196656
68.0,11.75859,10.958977323133778
68.0,11.9596,10.99595250894604
68.0,12.16061,11.031498770872862
68.0,12.36162,11.065325504523345
68.0,12.56263,11.096072633725843
68.0,12.76364,11.12681983747395
68.0,12.96465,11.157567115184992
68.0,13.16566,11.188404385019144
68.0,13.36667,11.219271715278849
68.0,13.56768,11.25013912324771
68.0,13.76869,11.27946670300409
68.0,13.9697,11.30584452890025
68.0,14.17071,11.331812778980055
68.0,14.37172,11.356851187834586
68.0,14.57273,11.380359729030024
68.0,14.77374,11.403858300318738
68.0,14.97475,11.427356901428547
68.0,15.17576,11.450895482016712
68.0,15.37677,11.474434086998455
68.0,15.57778,11.497972723559192
68.0,15.77879,11.520551426174235
68.0,15.9798,11.541650210498094
68.0,16.18081,11.562639206955463
68.0,16.38182,11.583028271264068
68.0,16.58283,11.602567393613926
68.0,16.78384,11.622106531557671
68.0,16.98485,11.641635685038848
68.0,17.18586,11.661174820930679
68.0,17.38687,11.68071397059576
68.0,17.58788,11.700253136685602
68.0,17.78889,11.719152331430315
68.0,17.9899,11.737241557091787
68.0,18.19091,11.755280909547995
68.0,18.39192,11.772870288255827
68.0,18.59293,11.789919688507029
68.0,18.79394,11.806969098758914
68.0,18.99495,11.824018518951108
68.0,19.19596,11.841057927928343
68.0,19.39697,11.858107346830376
68.0,19.59798,11.875146776207439
68.0,19.79899,11.891706212919484
68.0,20.0,11.907765656940319
13.4,0.1,0.20603986203330218
13.4,0.3010101,0.5124774740335732
13.4,0.5020202,0.5291550897206373
13.4,0.7030303,0.4299818909291269
13.4,1.306061,1.2623618115095225
13.4,1.507071,1.5942916226001873
13.4,1.708081,1.5518581935041877
13.4,1.909091,1.4740144077205477
13.4,2.110101,1.3883393845979535
13.4,2.311111,1.3075019199318347
13.4,2.512121,1.2375443673534816
13.4,2.713131,1.181965736683458
13.4,2.914141,1.1401620796138787
13.4,3.115152,1.1117954671971542
13.4,3.316162,1.0999252670827393
13.4,3.517172,1.1060029201552555
13.4,3.718182,1.136902679167665
13.4,3.919192,1.1962207369309354
13.4,4.120202,1.2841844524095603
13.4,4.321212,1.4061683298631034
13.4,4.522222,1.5613040168469996
13.4,4.723232,1.7604652902606865
13.4,4.924242,2.0138053635380815
13.4,5.125253,2.3249460459138227
13.4,5.326263,2.695011725428949
13.4,5.527273,3.1638100510040204
13.4,5.728283,3.686624419540012
13.4,5.929293,4.290619750577793
13.4,6.130303,4.94804030053812
13.4,6.331313,5.6454031352844325
13.4,6.532323,6.351039684667113
13.4,6.733333,7.0423757858737925
13.4,6.934343,7.674282911539417
13.4,7.135354,8.22846451420743
13.4,7.336364,8.708694999767612
13.4,7.537374,9.105453466145406
13.4,7.738384,9.424202322495749
13.4,7.939394,9.671168138440779
13.4,8.140404,9.874334616611774
13.4,8.341414,10.042627459174275
13.4,8.542424,10.183155288141869
13.4,8.743434,10.30109707299242
13.4,8.944444,10.399131051102096
13.4,9.145455,10.485741391537251
13.4,9.346465,10.562646728846348
13.4,9.547475,10.631854319000796
13.4,9.748485,10.694503056818258
13.4,9.949495,10.748694607677791
13.4,10.15051,10.797435148250663
13.4,10.35152,10.848396305381163
13.4,10.55253,10.897463130056574
13.4,10.75354,10.939319860021904
13.4,10.95455,10.98120942104455
13.4,11.15556,11.019394753940798
13.4,11.35657,11.056423244922346
13.4,11.55758,11.092414770246181
13.4,11.75859,11.125790275669388
13.4,11.9596,11.159217522440294
13.4,12.16061,11.190368154435665
13.4,12.36162,11.220860637289809
13.4,12.56263,11.250605005817073
13.4,12.76364,11.278701698879956
13.4,12.96465,11.306839442570896
13.4,13.16566,11.333389215681162
13.4,13.36667,11.359470112643725
13.4,13.56768,11.38498215035951
13.4,13.76869,11.409345508972827
13.4,13.9697,11.433779468068888
13.4,14.17071,11.45701456983372
13.4,14.37172,11.4799203194407
13.4,14.57273,11.502376708458002
13.4,14.77374,11.524033783453284
13.4,14.97475,11.545751189341798
13.4,15.17576,11.566559177355218
13.4,15.37677,11.58713750925676
13.4,15.57778,11.607356168945007
13.4,15.77879,11.627005147940162
13.4,15.9798,11.646704309663656
13.4,16.18081,11.665703730841653
13.4,16.38182,11.684543316864408
13.4,16.58283,11.70308305277127
13.4,16.78384,11.721202915956836
13.4,16.98485,11.739372885038392
13.4,17.18586,11.756972941789929
13.4,17.38687,11.774453064568696
13.4,17.58788,11.791683241830953
13.4,17.78889,11.808593453433646
13.4,17.9899,11.825543732644416
13.4,18.19091,11.84201401352491
13.4,18.39192,11.858394308489238
13.4,18.59293,11.874564609610847
13.4,18.79394,11.890484903887135
13.4,18.99495,11.90642524776148
13.4,19.19596,11.921945554050705
13.4,19.39697,11.93741584741029
13.4,19.59798,11.952686128457401
13.4,19.79899,11.967746391911037
13.4,20.0,11.981726674396064
13.700000000000001,0.1,0.2874409979056442
13.700000000000001,0.3010101,0.5589039560850194
13.700000000000001,0.5020202,0.5889169149606044
13.700000000000001,0.7030303,0.48192240768367056
13.700000000000001,1.306061,1.2069468166531176
13.700000000000001,1.507071,1.57192068324808
13.700000000000001,1.708081,1.5366833259043746
13.700000000000001,1.909091,1.463673495474864
13.700000000000001,2.110101,1.3811198596827878
13.700000000000001,2.311111,1.3026490057787425
13.700000000000001,2.512121,1.2340778673859045
13.700000000000001,2.713131,1.1789225244231878
13.700000000000001,2.914141,1.136724369185922
13.700000000000001,3.115152,1.107388038628475
13.700000000000001,3.316162,1.093621399706557
13.700000000000001,3.517172,1.0967781109799724
13.700000000000001,3.718182,1.1242155299852254
13.700000000000001,3.919192,1.1810966660208486
13.700000000000001,4.120202,1.269132572468175
13.700000000000001,4.321212,1.394960191390277
13.700000000000001,4.522222,1.5585543318094133
13.700000000000001,4.723232,1.7706603297836125
13.700000000000001,4.924242,2.0391990790574215
13.700000000000001,5.125253,2.363635463439299
13.700000000000001,5.326263,2.747188991703159
13.700000000000001,5.527273,3.222493481025729
13.700000000000001,5.728283,3.750073877437388
13.700000000000001,5.929293,4.35308732713526
13.700000000000001,6.130303,5.008800720834839
13.700000000000001,6.331313,5.692331312494764
13.700000000000001,6.532323,6.392101353566685
13.700000000000001,6.733333,7.071076816575553
13.700000000000001,6.934343,7.688717771546818
13.700000000000001,7.135354,8.24057292753719
13.700000000000001,7.336364,8.709719445471778
13.700000000000001,7.537374,9.103855685523865
13.700000000000001,7.738384,9.419767028985342
13.700000000000001,7.939394,9.665328112930593
13.700000000000001,8.140404,9.868434364040025
13.700000000000001,8.341414,10.036701065184173
13.700000000000001,8.542424,10.177313716083177
13.700000000000001,8.743434,10.295570012872176
13.700000000000001,8.944444,10.393969198752476
13.700000000000001,9.145455,10.48067611115841
13.700000000000001,9.346465,10.55796749388771
13.700000000000001,9.547475,10.62726223027461
13.700000000000001,9.748485,10.690118071255325
13.700000000000001,9.949495,10.744467149572461
13.700000000000001,10.15051,10.797210669907761
13.700000000000001,10.35152,10.84627234382459
13.700000000000001,10.55253,10.893449487816056
13.700000000000001,10.75354,10.93538453199572
13.700000000000001,10.95455,10.977352428209622
13.700000000000001,11.15556,11.015566273535079
13.700000000000001,11.35657,11.052683332986875
13.700000000000001,11.55758,11.08869347685358
13.700000000000001,11.75859,11.122157709160568
13.700000000000001,11.9596,11.155653693341403
13.700000000000001,12.16061,11.186853162659066
13.700000000000001,12.36162,11.217464495856456
13.700000000000001,12.56263,11.24723779221063
13.700000000000001,12.76364,11.275453446944077
13.700000000000001,12.96465,11.303700175477946
13.700000000000001,13.16566,11.33030904057861
13.700000000000001,13.36667,11.356559002201989
13.700000000000001,13.56768,11.38209023111738
13.700000000000001,13.76869,11.406602775176138
13.700000000000001,13.9697,11.431145954600135
13.700000000000001,14.17071,11.454450381674398
13.700000000000001,14.37172,11.477535426764556
13.700000000000001,14.57273,11.500011237757525
13.700000000000001,14.77374,11.521807722980764
13.700000000000001,14.97475,11.543624572409437
13.700000000000001,15.17576,11.56450208691504
13.700000000000001,15.37677,11.585229932942841
13.700000000000001,15.57778,11.605468198156295
13.700000000000001,15.77879,11.625246782284032
13.700000000000001,15.9798,11.645035571452997
13.700000000000001,16.18081,11.664084676840428
13.700000000000001,16.38182,11.683053953874728
13.700000000000001,16.58283,11.701603429308104
13.700000000000001,16.78384,11.719833048178947
13.700000000000001,16.98485,11.73807278113957
13.700000000000001,17.18586,11.755702638119052
13.700000000000001,17.38687,11.773292581852823
13.700000000000001,17.58788,11.790532591732598
13.700000000000001,17.78889,11.807532667879025
13.700000000000001,17.9899,11.824532806403449
13.700000000000001,18.19091,11.841032969992495
13.700000000000001,18.39192,11.85750317659164
13.700000000000001,18.59293,11.873683373416714
13.700000000000001,18.79394,11.889663608536551
13.700000000000001,18.99495,11.905653876538342
13.700000000000001,19.19596,11.9212041239216
13.700000000000001,19.39697,11.936744392573868
13.700000000000001,19.59798,11.952014610893642
13.700000000000001,19.79899,11.96493483051265
13.700000000000001,20.0,11.977845062199146
14.0,0.1,0.09810812067285053
14.0,0.3010101,0.37802396386030873
14.0,0.5020202,0.4227537683583787
14.0,0.7030303,0.32795365996421827
14.0,1.306061,1.1692198359406725
14.0,1.507071,1.5586271171729311
14.0,1.708081,1.5257070408133164
14.0,1.909091,1.455222014109291
14.0,2.110101,1.3754107713712742
14.0,2.311111,1.2987770073343679
14.0,2.512121,1.2313022168803613
14.0,2.713131,1.176380881293915
14.0,2.914141,1.1337672776401857
14.0,3.115152,1.1034103501165025
14.0,3.316162,1.0879854892937766
14.0,3.517172,1.0888998384622035
14.0,3.718182,1.1138907330172474
14.0,3.919192,1.1696321268326604
14.0,4.120202,1.2590567330728202
14.0,4.321212,1.3904848088507609
14.0,4.522222,1.5637912160156346
14.0,4.723232,1.7897008689745517
14.0,4.924242,2.0721800652682165
14.0,5.125253,2.409353899176586
14.0,5.326263,2.8225431971960178
14.0,5.527273,3.285564785343842
14.0,5.728283,3.816271369523065
14.0,5.929293,4.41763743328613
14.0,6.130303,5.064928463512613
14.0,6.331313,5.744911598284363
14.0,6.532323,6.429984449019316
14.0,6.733333,7.098000313872665
14.0,6.934343,7.7085606227189505
14.0,7.135354,8.247319499976193
14.0,7.336364,8.71366694488009
14.0,7.537374,9.101722390524202
14.0,7.738384,9.415340982657117
14.0,7.939394,9.660186028197975
14.0,8.140404,9.862621397626603
14.0,8.341414,10.030864498496097
14.0,8.542424,10.17172055235098
14.0,8.743434,10.290211861336315
14.0,8.944444,10.38881686966651
14.0,9.145455,10.475899483175139
14.0,9.346465,10.553287826319108
14.0,9.547475,10.622869270651577
14.0,9.748485,10.685862448869473
14.0,9.949495,10.736354569097044
14.0,10.15051,10.786279379551363
14.0,10.35152,10.8394136055679
14.0,10.55253,10.889645261244063
14.0,10.75354,10.931678682091068
14.0,10.95455,10.973635031755752
14.0,11.15556,11.011857467704461
14.0,11.35657,11.04899316557371
14.0,11.55758,11.085162002291238
14.0,11.75859,11.118725034347667
14.0,11.9596,11.152209823962808
14.0,12.16061,11.183408202488508
14.0,12.36162,11.21405846975205
14.0,12.56263,11.244060676335542
14.0,12.76364,11.272395350106851
14.0,12.96465,11.30064115781765
14.0,13.16566,11.32724918945878
14.0,13.36667,11.353548313936225
14.0,13.56768,11.379378605621387
14.0,13.76869,11.404020375855819
14.0,13.9697,11.428572870964162
14.0,14.17071,11.45186668617846
14.0,14.37172,11.475001102021537
14.0,14.57273,11.49778618282442
14.0,14.77374,11.51970210316858
14.0,14.97475,11.541528463752824
14.0,15.17576,11.562395545811164
14.0,15.37677,11.583182942867069
14.0,15.57778,11.603700700480989
14.0,15.77879,11.62356889933732
14.0,15.9798,11.64335734945832
14.0,16.18081,11.662406157715758
14.0,16.38182,11.681425128917493
14.0,16.58283,11.700214288467597
14.0,16.78384,11.718513658342385
14.0,16.98485,11.736753161246593
14.0,17.18586,11.754382818613157
14.0,17.38687,11.772022563322631
14.0,17.58788,11.789442403204491
14.0,17.78889,11.806502326589591
14.0,17.9899,11.823502312235822
14.0,18.19091,11.840002344850852
14.0,18.39192,11.856512429334702
14.0,18.59293,11.872842560072797
14.0,18.79394,11.888862707497061
14.0,18.99495,11.904852876458298
14.0,19.19596,11.920403040210788
14.0,19.39697,11.935973239974794
14.0,19.59798,11.951363461854008
14.0,19.79899,11.965423656113893
14.0,20.0,11.978333834200207
68.3,0.1,2.8269194470433905
68.3,0.3010101,3.984741319886542
68.3,0.5020202,4.487067347100479
68.3,0.7030303,4.785525417700225
68.3,0.9040404,5.026860114761649
68.3,1.105051,5.226150291594783
68.3,1.306061,5.397980746215138
68.3,1.507071,5.569817859164872
68.3,1.708081,5.7260756990953485
68.3,1.909091,5.87714859565443
68.3,2.110101,6.025116667105875
68.3,2.311111,6.167509108866963
68.3,2.512121,6.309903519695571
68.3,2.713131,6.4580446246463366
68.3,2.914141,6.606391828356645
68.3,3.115152,6.751680221770867
68.3,3.316162,6.894687602456753
68.3,3.517172,7.03769675670445
68.3,3.718182,7.180705638474071
68.3,3.919192,7.323716204981592
68.3,4.120202,7.464763920224426
68.3,4.321212,7.604492507734313
68.3,4.522222,7.744221661706988
68.3,4.723232,7.8839513519085855
68.3,4.924242,8.02368155055155
68.3,5.125253,8.14678893677573
68.3,5.326263,8.259843601206168
68.3,5.527273,8.372898731789538
68.3,5.728283,8.48595330984328
68.3,5.929293,8.599009317605272
68.3,6.130303,8.726887394698956
68.3,6.331313,8.8628088740027
68.3,6.532323,8.998733283291934
68.3,6.733333,9.13465953627544
68.3,6.934343,9.270587551944793
68.3,7.135354,9.387161118843622
68.3,7.336364,9.494346329027088
68.3,7.537374,9.601533151955783
68.3,7.738384,9.708719567237742
68.3,7.939394,9.815907555566708
68.3,8.140404,9.897690114411187
68.3,8.341414,9.968507184287576
68.3,8.542424,10.03932574117916
68.3,8.743434,10.110143774832217
68.3,8.944444,10.180962275400203
68.3,9.145455,10.252000805558065
68.3,9.346465,10.323129672813735
68.3,9.547475,10.39424903882455
68.3,9.748485,10.465378893125834
68.3,9.949495,10.536499226102727
68.3,10.15051,10.588032020532525
68.3,10.35152,10.632995721711005
68.3,10.55253,10.677959626067372
68.3,10.75354,10.722923731090619
68.3,10.95455,10.767888034177828
68.3,11.15556,10.813072371571163
68.3,11.35657,10.858326867110648
68.3,11.55758,10.903571566979407
68.3,11.75859,10.94882646856863
68.3,11.9596,10.99407156945556
68.3,12.16061,11.027728207802753
68.3,12.36162,11.058475271203765
68.3,12.56263,11.089222409801838
68.3,12.76364,11.119969622972697
68.3,12.96465,11.150716910100497
68.3,13.16566,11.181554180764124
68.3,13.36667,11.212421510099643
68.3,13.56768,11.243288917137036
68.3,13.76869,11.274156401296858
68.3,13.9697,11.305023961917701
68.3,14.17071,11.329632318948473
68.3,14.37172,11.353140837614909
68.3,14.57273,11.376639386516008
68.3,14.77374,11.400137965452654
68.3,14.97475,11.423646574156262
68.3,15.17576,11.447175160311941
68.3,15.37677,11.470713770520506
68.3,15.57778,11.494252412296783
68.3,15.77879,11.51779108540006
68.3,15.9798,11.541319789710595
68.3,16.18081,11.561258849139506
68.3,16.38182,11.580797961286343
68.3,16.58283,11.600327089113684
68.3,16.78384,11.619866232495815
68.3,16.98485,11.639405391378041
68.3,17.18586,11.658944532123865
68.3,17.38687,11.678473686627152
68.3,17.58788,11.698012857521215
68.3,17.78889,11.717552044744995
68.3,17.9899,11.737091248216938
68.3,18.19091,11.754270624246866
68.3,18.39192,11.771320018806593
68.3,18.59293,11.78835942341636
68.3,18.79394,11.805408837980984
68.3,18.99495,11.822458262510363
68.3,19.19596,11.839507675639675
68.3,19.39697,11.856547098727729
68.3,19.59798,11.873586532265078
68.3,19.79899,11.89063597620979
68.3,20.0,11.907675430511398
14.3,0.1,0.2713209266559808
14.3,0.3010101,0.7406465555869901
14.3,0.5020202,0.8034649470708036
14.3,0.7030303,0.3176249506626774
14.3,0.9040404,0.00356700350468729
14.3,1.306061,0.9710720519286203
14.3,1.507071,1.5430233350563685
14.3,1.708081,1.5156776125274947
14.3,1.909091,1.4484832432980734
14.3,2.110101,1.3709324657856794
14.3,2.311111,1.2960560085915342
14.3,2.512121,1.2293731431704198
14.3,2.713131,1.1745550942156375
14.3,2.914141,1.1314296568512416
14.3,3.115152,1.1001994661026684
14.3,3.316162,1.0834045517866333
14.3,3.517172,1.0828433444755687
14.3,3.718182,1.1066229947810737
14.3,3.919192,1.1624775231715654
14.3,4.120202,1.2549923753985386
14.3,4.321212,1.3941221142580447
14.3,4.522222,1.5783917238183087
14.3,4.723232,1.8168974137884832
14.3,4.924242,2.112449146051479
14.3,5.125253,2.461331333669977
14.3,5.326263,2.8835236571128307
14.3,5.527273,3.3512196083648864
14.3,5.728283,3.8836286908887154
14.3,5.929293,4.482317701864517
14.3,6.130303,5.124359640056097
14.3,6.331313,5.793091958864026
14.3,6.532323,6.469235715858527
14.3,6.733333,7.126294570289598
14.3,6.934343,7.725524312843015
14.3,7.135354,8.257296817704825
14.3,7.336364,8.715738488636848
14.3,7.537374,9.100181569739812
14.3,7.738384,9.411374333478689
14.3,7.939394,9.6550115104077
14.3,8.140404,9.857070715772062
14.3,8.341414,10.025245719537159
14.3,8.542424,10.166226285989278
14.3,8.743434,10.284962556139092
14.3,8.944444,10.383863188605385
14.3,9.145455,10.4711421595884
14.3,9.346465,10.548816983734387
14.3,9.547475,10.618555539797715
14.3,9.748485,10.681726048844848
14.3,9.949495,10.738267881941036
14.3,10.15051,10.78929988772272
14.3,10.35152,10.838517682135503
14.3,10.55253,10.885861161909421
14.3,10.75354,10.927913034642298
14.3,10.95455,10.969977808511382
14.3,11.15556,11.008278858417732
14.3,11.35657,11.045483231102112
14.3,11.55758,11.081650790117575
14.3,11.75859,11.115232650566321
14.3,11.9596,11.148816281511706
14.3,12.16061,11.180113580249229
14.3,12.36162,11.21084280181655
14.3,12.56263,11.240844016238734
14.3,12.76364,11.269227758116173
14.3,12.96465,11.29760260884655
14.3,13.16566,11.324349743633446
14.3,13.36667,11.350758024266517
14.3,13.56768,11.37657756119784
14.3,13.76869,11.401278605322949
14.3,13.9697,11.425980327579513
14.3,14.17071,11.449443436483756
14.3,14.37172,11.472687207795849
14.3,14.57273,11.495461735527238
14.3,14.77374,11.517437117092152
14.3,14.97475,11.539412899259421
14.3,15.17576,11.560429467994904
14.3,15.37677,11.581316403655453
14.3,15.57778,11.601823768871512
14.3,15.77879,11.62175158664135
14.3,15.9798,11.641679634729627
14.3,16.18081,11.660848095478718
14.3,16.38182,11.67993675324187
14.3,16.58283,11.698715640768922
14.3,16.78384,11.717064752141242
14.3,16.98485,11.735413993405489
14.3,17.18586,11.7531534307093
14.3,17.38687,11.770842971740313
14.3,17.58788,11.788272626474786
14.3,17.78889,11.805362382112968
14.3,17.9899,11.822462209608343
14.3,18.19091,11.839042114191967
14.3,18.39192,11.85559207260479
14.3,18.59293,11.871922079725532
14.3,18.79394,11.887982124633638
14.3,18.99495,11.90403220829826
14.3,19.19596,11.919652306882913
14.3,19.39697,11.935252433107145
14.3,19.59798,11.950652573891311
14.3,19.79899,11.96583272306597
14.3,20.0,11.981012892838931
14.600000000000001,0.1,0.1364425457348521
14.600000000000001,0.3010101,0.3788802371349135
14.600000000000001,0.5020202,0.4691458770037867
14.600000000000001,0.7030303,0.31727593399775744
14.600000000000001,1.306061,1.1428255051877245
14.600000000000001,1.507071,1.5278175683068096
14.600000000000001,1.708081,1.5023415609141277
14.600000000000001,1.909091,1.439439962910709
14.600000000000001,2.110101,1.3654589175435938
14.600000000000001,2.311111,1.2926109819877762
14.600000000000001,2.512121,1.226944789909864
14.600000000000001,2.713131,1.172392288650404
14.600000000000001,2.914141,1.1291302889460453
14.600000000000001,3.115152,1.0973668965145882
14.600000000000001,3.316162,1.0799973212825247
14.600000000000001,3.517172,1.0790458189007925
14.600000000000001,3.718182,1.1031141582732342
14.600000000000001,3.919192,1.1609451311942798
14.600000000000001,4.120202,1.2586390649653267
14.600000000000001,4.321212,1.407164358506002
14.600000000000001,4.522222,1.6030231759704834
14.600000000000001,4.723232,1.8536375666342668
14.600000000000001,4.924242,2.160727633317185
14.600000000000001,5.125253,2.5192325285801886
14.600000000000001,5.326263,2.9483947711852236
14.600000000000001,5.527273,3.4196740824920355
14.600000000000001,5.728283,3.9526318500336015
14.600000000000001,5.929293,4.547461476404054
14.600000000000001,6.130303,5.18393608098172
14.600000000000001,6.331313,5.841059655961298
14.600000000000001,6.532323,6.5082317773165315
14.600000000000001,6.733333,7.154372255351361
14.600000000000001,6.934343,7.742401397131439
14.600000000000001,7.135354,8.267271297325866
14.600000000000001,7.336364,8.717990617946692
14.600000000000001,7.537374,9.098866475134592
14.600000000000001,7.738384,9.407648679253208
14.600000000000001,7.939394,9.650055277528315
14.600000000000001,8.140404,9.851721557248059
14.600000000000001,8.341414,10.019794740272232
14.600000000000001,8.542424,10.160880021486369
14.600000000000001,8.743434,10.279851449857434
14.600000000000001,8.944444,10.379027887848265
14.600000000000001,9.145455,10.466513364955956
14.600000000000001,9.346465,10.5444648220488
14.600000000000001,9.547475,10.614370629574074
14.600000000000001,9.748485,10.677708592005702
14.600000000000001,9.949495,10.728466575700608
14.600000000000001,10.15051,10.783510641878788
14.600000000000001,10.35152,10.834813854790015
14.600000000000001,10.55253,10.882265573860415
14.600000000000001,10.75354,10.924346023829816
14.600000000000001,10.95455,10.96650934112696
14.600000000000001,11.15556,11.004889120707537
14.600000000000001,11.35657,11.042152281120059
14.600000000000001,11.55758,11.078318668804053
14.600000000000001,11.75859,11.11191945870628
14.600000000000001,11.9596,11.145592038395911
14.600000000000001,12.16061,11.176988360552448
14.600000000000001,12.36162,11.207776631426642
14.600000000000001,12.56263,11.237776933205987
14.600000000000001,12.76364,11.266189822102474
14.600000000000001,12.96465,11.294693803659777
14.600000000000001,13.16566,11.321570120292435
14.600000000000001,13.36667,11.348057626425721
14.600000000000001,13.56768,11.373876465224757
14.600000000000001,13.76869,11.398626838070514
14.600000000000001,13.9697,11.423477844853275
14.600000000000001,14.17071,11.447080294406275
14.600000000000001,14.37172,11.470413463096842
14.600000000000001,14.57273,11.493197476025882
14.600000000000001,14.77374,11.515222352132422
14.600000000000001,14.97475,11.537337583978928
14.600000000000001,15.17576,11.558493659282552
14.600000000000001,15.37677,11.57946015425038
14.600000000000001,15.57778,11.599967152056243
14.600000000000001,15.77879,11.619944605915522
14.600000000000001,15.9798,11.639992259186842
14.600000000000001,16.18081,11.659290374490602
14.600000000000001,16.38182,11.678438726032924
14.600000000000001,16.58283,11.697227357364827
14.600000000000001,16.78384,11.715616216737574
14.600000000000001,16.98485,11.734075191027593
14.600000000000001,17.18586,11.751914400180963
14.600000000000001,17.38687,11.769653737083324
14.600000000000001,17.58788,11.787083216484874
14.600000000000001,17.78889,11.80421280422105
14.600000000000001,17.9899,11.821392461584331
14.600000000000001,18.19091,11.838052224920403
14.600000000000001,18.39192,11.854652052786404
14.600000000000001,18.59293,11.870971942109229
14.600000000000001,18.79394,11.887071880259331
14.600000000000001,18.99495,11.90320186326308
14.600000000000001,19.19596,11.91888188146668
14.600000000000001,19.39697,11.934521927847962
14.600000000000001,19.59798,11.949911990679334
14.600000000000001,19.79899,11.964022067087235
14.600000000000001,20.0,11.977032160936549
14.9,0.1,0.3032459008675164
14.9,0.3010101,0.5563864200976455
14.9,0.5020202,0.6128396293925691
14.9,0.7030303,0.572474249530946
14.9,0.9040404,0.06833768059301254
14.9,1.105051,0.11017148115759767
14.9,1.306061,1.2548948921255432
14.9,1.507071,1.5047987557743974
14.9,1.708081,1.4901607392646163
14.9,1.909091,1.4317370997498007
14.9,2.110101,1.360835437298405
14.9,2.311111,1.2897646889997583
14.9,2.512121,1.2251125480210197
14.9,2.713131,1.1708579420041378
14.9,2.914141,1.1275461196564527
14.9,3.115152,1.0956979520238164
14.9,3.316162,1.078522960252744
14.9,3.517172,1.078308263306442
14.9,3.718182,1.1043910521115563
14.9,3.919192,1.16625116288148
14.9,4.120202,1.270886712203495
14.9,4.321212,1.4292558618004798
14.9,4.522222,1.6367630795092918
14.9,4.723232,1.8995149434304601
14.9,4.924242,2.2161382551099162
14.9,5.125253,2.5819397261664294
14.9,5.326263,2.9913164031530513
14.9,5.527273,3.489999267518115
14.9,5.728283,4.022531132781109
14.9,5.929293,4.614344355440028
14.9,6.130303,5.239920852338998
14.9,6.331313,5.893228512563324
14.9,6.532323,6.545474009979972
14.9,6.733333,7.180756005423775
14.9,6.934343,7.7618962124429665
14.9,7.135354,8.274245696234079
14.9,7.336364,8.722280270728026
14.9,7.537374,9.097361681724118
14.9,7.738384,9.40388281604197
14.9,7.939394,9.645533053427334
14.9,8.140404,9.846420230769466
14.9,8.341414,10.014442353962552
14.9,8.542424,10.155691681130053
14.9,8.743434,10.274868627136076
14.9,8.944444,10.374241322282911
14.9,9.145455,10.462082937625306
14.9,9.346465,10.54012169132044
14.9,9.547475,10.610314545544545
14.9,9.748485,10.673800137768099
14.9,9.949495,10.728610488835416
14.9,10.15051,10.777841267171562
14.9,10.35152,10.82825379279303
14.9,10.55253,10.878779900147695
14.9,10.75354,10.92095891701641
14.9,10.95455,10.96311088428347
14.9,11.15556,11.001499436221904
14.9,11.35657,11.038781412718814
14.9,11.55758,11.075086687828618
14.9,11.75859,11.108766449217555
14.9,11.9596,11.142427987095685
14.9,12.16061,11.17382335631661
14.9,12.36162,11.20465069964759
14.9,12.56263,11.234820099884011
14.9,12.76364,11.263342139623544
14.9,12.96465,11.291835306513692
14.9,13.16566,11.31871088150379
14.9,13.36667,11.345237643232698
14.9,13.56768,11.371305675856458
14.9,13.76869,11.396165352068865
14.9,13.9697,11.421005737643899
14.9,14.17071,11.444617626823511
14.9,14.37172,11.468000216012955
14.9,14.57273,11.49103355384922
14.9,14.77374,11.513177895149255
14.9,14.97475,11.535292668939032
14.9,15.17576,11.556448334771094
14.9,15.37677,11.577464398722054
14.9,15.57778,11.598210882906674
14.9,15.77879,11.618277951703813
14.9,15.9798,11.638335276126444
14.9,16.18081,11.657623099690053
14.9,16.38182,11.676831143370851
14.9,16.58283,11.695819415234114
14.9,16.78384,11.714288010302722
14.9,16.98485,11.732736752899905
14.9,17.18586,11.750575757946134
14.9,17.38687,11.768364882659428
14.9,17.58788,11.785964129254912
14.9,17.78889,11.80315354253229
14.9,17.9899,11.820333039101218
14.9,18.19091,11.836992662030685
14.9,18.39192,11.853622349175923
14.9,18.59293,11.870092101720788
14.9,18.79394,11.886221929197953
14.9,18.99495,11.902351802485029
14.9,19.19596,11.918041726155222
14.9,19.39697,11.933701683688254
14.9,19.59798,11.9492216782198
14.9,19.79899,11.96225168986992
14.9,20.0,11.975261719410115
15.200000000000001,0.1,0.10529079876758042
15.200000000000001,0.3010101,0.3599033268461501
15.200000000000001,0.5020202,0.4408739918214025
15.200000000000001,0.7030303,0.3364245735985438
15.200000000000001,1.306061,1.1120051431337434
15.200000000000001,1.507071,1.5003414653541582
15.200000000000001,1.708081,1.4824179217447557
15.200000000000001,1.909091,1.425911085710129
15.200000000000001,2.110101,1.3568495960138331
15.200000000000001,2.311111,1.2873590132333101
15.200000000000001,2.512121,1.2236773064006714
15.200000000000001,2.713131,1.1698578158920785
15.200000000000001,2.914141,1.126836389927218
15.200000000000001,3.115152,1.0954190332305431
15.200000000000001,3.316162,1.0793150102567837
15.200000000000001,3.517172,1.0813776671804824
15.200000000000001,3.718182,1.1116294766800692
15.200000000000001,3.919192,1.1801796248191134
15.200000000000001,4.120202,1.2928124319241014
15.200000000000001,4.321212,1.4612778789428464
15.200000000000001,4.522222,1.6802887512372624
15.200000000000001,4.723232,1.953302305089461
15.200000000000001,4.924242,2.2778094494612047
15.200000000000001,5.125253,2.6488809593439595
15.200000000000001,5.326263,3.061999105090044
15.200000000000001,5.527273,3.5621167839712498
15.200000000000001,5.728283,4.093265532815938
15.200000000000001,5.929293,4.678411792229151
15.200000000000001,6.130303,5.301810241422703
15.200000000000001,6.331313,5.939246508524529
15.200000000000001,6.532323,6.585383874261049
15.200000000000001,6.733333,7.2085067377979755
15.200000000000001,6.934343,7.776038102520578
15.200000000000001,7.135354,8.28624940965682
15.200000000000001,7.336364,8.724103135106683
15.200000000000001,7.537374,9.096773061125516
15.200000000000001,7.738384,9.40053086064804
15.200000000000001,7.939394,9.640663609658928
15.200000000000001,8.140404,9.8414505263048
15.200000000000001,8.341414,10.009266698819472
15.200000000000001,8.542424,10.15055169578245
15.200000000000001,8.743434,10.269974024576403
15.200000000000001,8.944444,10.369662698251735
15.200000000000001,9.145455,10.457601496327227
15.200000000000001,9.346465,10.536006924670225
15.200000000000001,9.547475,10.606287450491298
15.200000000000001,9.748485,10.669980644226646
15.200000000000001,9.949495,10.724958951218396
15.200000000000001,10.15051,10.774308008110134
15.200000000000001,10.35152,10.824828800852865
15.200000000000001,10.55253,10.875363374325993
15.200000000000001,10.75354,10.917611054453056
15.200000000000001,10.95455,10.95984170543587
15.200000000000001,11.15556,10.998239107416367
15.200000000000001,11.35657,11.035599985792828
15.200000000000001,11.55758,11.07191418878116
15.200000000000001,11.75859,11.105652990163762
15.200000000000001,11.9596,11.13937356961609
15.200000000000001,12.16061,11.170788045214223
15.200000000000001,12.36162,11.201704531267405
15.200000000000001,12.56263,11.231893091651427
15.200000000000001,12.76364,11.260494340751325
15.200000000000001,12.96465,11.289056725914232
15.200000000000001,13.16566,11.315971582503414
15.200000000000001,13.36667,11.342617614549434
15.200000000000001,13.56768,11.36869498450622
15.200000000000001,13.76869,11.393663998334018
15.200000000000001,13.9697,11.41859374622715
15.200000000000001,14.17071,11.442245071506083
15.200000000000001,14.37172,11.465757059851471
15.200000000000001,14.57273,11.488819892125877
15.200000000000001,14.77374,11.511063706309255
15.200000000000001,14.97475,11.533267986901961
15.200000000000001,15.17576,11.55447322833776
15.200000000000001,15.37677,11.575608829922796
15.200000000000001,15.57778,11.59638494284688
15.200000000000001,15.77879,11.616551616631986
15.200000000000001,15.9798,11.636678579758232
15.200000000000001,16.18081,11.656006096029198
15.200000000000001,16.38182,11.675323804609086
15.200000000000001,16.58283,11.694331811220438
15.200000000000001,16.78384,11.712890124900932
15.200000000000001,16.98485,11.731398613676943
15.200000000000001,17.18586,11.749277403341269
15.200000000000001,17.38687,11.767156296786212
15.200000000000001,17.58788,11.784765357301431
15.200000000000001,17.78889,11.8020245790849
15.200000000000001,17.9899,11.81925390337799
15.200000000000001,18.19091,11.835953380229776
15.200000000000001,18.39192,11.852652915288758
15.200000000000001,18.59293,11.869132539133396
15.200000000000001,18.79394,11.885332243005658
15.200000000000001,18.99495,11.901502003579475
15.200000000000001,19.19596,11.917211832610311
15.200000000000001,19.39697,11.932941696543294
15.200000000000001,19.59798,11.948461602896916
15.200000000000001,19.79899,11.963751545328048
15.200000000000001,20.0,11.977911517270893
15.5,0.1,0.49770049686659706
15.5,0.3010101,0.5731496420609455
15.5,0.5020202,0.6183003059675966
15.5,0.7030303,0.45871030174025623
15.5,1.306061,1.0880343905056689
15.5,1.507071,1.487434345911613
15.5,1.708081,1.4743073411339098
15.5,1.909091,1.420191313383079
15.5,2.110101,1.3532703000255264
15.5,2.311111,1.2852578963710848
15.5,2.512121,1.2226363501261968
15.5,2.713131,1.1695552818536925
15.5,2.914141,1.1272932619278502
15.5,3.115152,1.09713664832282
15.5,3.316162,1.0833221648060676
15.5,3.517172,1.0892947364553933
15.5,3.718182,1.1260320822589052
15.5,3.919192,1.2028150380625553
15.5,4.120202,1.3253487955331051
15.5,4.321212,1.5041430802642268
15.5,4.522222,1.7329036902684847
15.5,4.723232,2.0140635530253417
15.5,4.924242,2.344218209336748
15.5,5.125253,2.719361982079245
15.5,5.326263,3.1581516806283507
15.5,5.527273,3.6350941379771116
15.5,5.728283,4.164132468844012
15.5,5.929293,4.745558859520224
15.5,6.130303,5.357240892466989
15.5,6.331313,5.9907175184159716
15.5,6.532323,6.622033751361768
15.5,6.733333,7.234571002733394
15.5,6.934343,7.795400706114707
15.5,7.135354,8.293363477873937
15.5,7.336364,8.728616222833473
15.5,7.537374,9.095608053620381
15.5,7.738384,9.39712275144071
15.5,7.939394,9.636474944624675
15.5,8.140404,9.836434636554676
15.5,8.341414,10.004179306653224
15.5,8.542424,10.14559900584722
15.5,8.743434,10.265197347026312
15.5,8.944444,10.36507268596328
15.5,9.145455,10.453358032610296
15.5,9.346465,10.531851046927184
15.5,9.547475,10.602418932764017
15.5,9.748485,10.666250009341635
15.5,9.949495,10.717342571135026
15.5,10.15051,10.768756746566702
15.5,10.35152,10.824298882071297
15.5,10.55253,10.872035913840831
15.5,10.75354,10.914292379774786
15.5,10.95455,10.956621789912905
15.5,11.15556,10.995168126262456
15.5,11.35657,11.032537961758198
15.5,11.55758,11.068851150578913
15.5,11.75859,11.102589021225207
15.5,11.9596,11.136388730045642
15.5,12.16061,11.16793241700799
15.5,12.36162,11.19885808422381
15.5,12.56263,11.22904584759699
15.5,12.76364,11.257646359811124
15.5,12.96465,11.28631801500861
15.5,13.16566,11.31340215721396
15.5,13.36667,11.340067537010214
15.5,13.56768,11.36615428466359
15.5,13.76869,11.391122723308436
15.5,13.9697,11.41618183527952
15.5,14.17071,11.440042526250853
15.5,14.37172,11.463574010982448
15.5,14.57273,11.486636371679534
15.5,14.77374,11.50887975063439
15.5,14.97475,11.531243505530867
15.5,15.17576,11.5526382331332
15.5,15.37677,11.573793460496743
15.5,15.57778,11.594559226360957
15.5,15.77879,11.614735579863627
15.5,15.9798,11.635002137245175
15.5,16.18081,11.654519269761169
15.5,16.38182,11.673836708293814
15.5,16.58283,11.692844464846255
15.5,16.78384,11.711402547553527
15.5,16.98485,11.730040740817032
15.5,17.18586,11.748059261102615
15.5,17.38687,11.765947963410262
15.5,17.58788,11.783556846570807
15.5,17.78889,11.800815904343125
15.5,17.9899,11.818165024142239
15.5,18.19091,11.83497432168006
15.5,18.39192,11.851683723544726
15.5,18.59293,11.868163223483345
15.5,18.79394,11.88436281269078
15.5,18.99495,11.900622439601745
15.5,19.19596,11.916432156255828
15.5,19.39697,11.932161929183225
15.5,19.59798,11.947681750238674
15.5,19.79899,11.962971613055215
15.5,20.0,11.976091517059727
15.8,0.1,0.2318657789977514
15.8,0.3010101,0.4808137449022157
15.8,0.5020202,0.531597108498274
15.8,0.7030303,0.3683596000386579
15.8,1.306061,0.9133433385409941
15.8,1.507071,1.477225763958743
15.8,1.708081,1.4671681379108228
15.8,1.909091,1.415478243684983
15.8,2.110101,1.3504111782857278
15.8,2.311111,1.2840397704497524
15.8,2.512121,1.222541761788029
15.8,2.713131,1.1704819788063312
15.8,2.914141,1.1295102739159983
15.8,3.115152,1.1015556124277697
15.8,3.316162,1.0916191242061914
15.8,3.517172,1.1032603986700351
15.8,3.718182,1.1477739489507612
15.8,3.919192,1.2345298671425933
15.8,4.120202,1.3680436945075671
15.8,4.321212,1.5569681103288722
15.8,4.522222,1.7936539246840615
15.8,4.723232,2.080402216566339
15.8,4.924242,2.414706386152889
15.8,5.125253,2.792715814629329
15.8,5.326263,3.2325832088533737
15.8,5.527273,3.7091966500349565
15.8,5.728283,4.2356345723464415
15.8,5.929293,4.810924417547511
15.8,6.130303,5.415965273140507
15.8,6.331313,6.037330730471976
15.8,6.532323,6.659792824465844
15.8,6.733333,7.2619301772336105
15.8,6.934343,7.812084916678795
15.8,7.135354,8.303508347173407
15.8,7.336364,8.731385866068345
15.8,7.537374,9.094978519851534
15.8,7.738384,9.394116599583123
15.8,7.939394,9.632182985095882
15.8,8.140404,9.83168222361822
15.8,8.341414,9.999235501709352
15.8,8.542424,10.1407040365062
15.8,8.743434,10.260508546629035
15.8,8.944444,10.360630550748025
15.8,9.145455,10.44910311408782
15.8,9.346465,10.527863430225304
15.8,9.547475,10.59858909888104
15.8,9.748485,10.6625981228103
15.8,9.949495,10.719799832375555
15.8,10.15051,10.771353002082114
15.8,10.35152,10.821032483179213
15.8,10.55253,10.868798187202668
15.8,10.75354,10.911153443536024
15.8,10.95455,10.95350168254219
15.8,11.15556,10.992046962888397
15.8,11.35657,11.02947581146416
15.8,11.55758,11.065868063248681
15.8,11.75859,11.099665088947814
15.8,11.9596,11.13347390956883
15.8,12.16061,11.16502677261449
15.8,12.36162,11.196001671320753
15.8,12.56263,11.2262786904222
15.8,12.76364,11.254958495033925
15.8,12.96465,11.283649438986757
15.8,13.16566,11.31073292980878
15.8,13.36667,11.337487654197748
15.8,13.56768,11.363673759398099
15.8,13.76869,11.388761584294283
15.8,13.9697,11.413840132869803
15.8,14.17071,11.437700319617884
15.8,14.37172,11.461331254497674
15.8,14.57273,11.484513077972567
15.8,14.77374,11.50688595198279
15.8,14.97475,11.529259276423236
15.8,15.17576,11.550653625107342
15.8,15.37677,11.571918416068348
15.8,15.57778,11.592793760869053
15.8,15.77879,11.613079724892879
15.8,15.9798,11.633365964102259
15.8,16.18081,11.652872818498857
15.8,16.38182,11.672289928569748
15.8,16.58283,11.691397373035427
15.8,16.78384,11.710055170295947
15.8,16.98485,11.72870313370833
15.8,17.18586,11.74672145315989
15.8,17.38687,11.764689918480133
15.8,17.58788,11.782378580095596
15.8,17.78889,11.799727436860046
15.8,17.9899,11.817076393098619
15.8,18.19091,11.833885547491448
15.8,18.39192,11.850664784556098
15.8,18.59293,11.867214133040935
15.8,18.79394,11.88348358593592
15.8,18.99495,11.899743097879227
15.8,19.19596,11.915552713743246
15.8,19.39697,11.931342376428818
15.8,19.59798,11.94583211521817
15.8,19.79899,11.958931917493699
15.8,20.0,11.9720317459358
16.1,0.1,0.027190145768686124
16.1,0.3010101,0.28361076315048855
16.1,0.5020202,0.3508575770235882
16.1,0.7030303,0.2847043694864931
16.1,1.306061,1.0627512783144093
16.1,1.507071,1.4644821891967041
16.1,1.708081,1.4564429343661136
16.1,1.909091,1.4085696766122826
16.1,2.110101,1.3466095869773624
16.1,2.311111,1.282398422363225
16.1,2.512121,1.2225504498924176
16.1,2.713131,1.1720559795868322
16.1,2.914141,1.1333525989233821
16.1,3.115152,1.1089274069228596
16.1,3.316162,1.1047776174911648
16.1,3.517172,1.1241359577253427
16.1,3.718182,1.1783035043520265
16.1,3.919192,1.2763218271341348
16.1,4.120202,1.4207678773411005
16.1,4.321212,1.618450532414479
16.1,4.522222,1.861338785164894
16.1,4.723232,2.152122401363149
16.1,4.924242,2.489062221351175
16.1,5.125253,2.8685846829435944
16.1,5.326263,3.308337067284634
16.1,5.527273,3.784005396645408
16.1,5.728283,4.307261536687946
16.1,5.929293,4.875872106234171
16.1,6.130303,5.474165303779471
16.1,6.331313,6.083426105638789
16.1,6.532323,6.697107482306193
16.1,6.733333,7.289010908756835
16.1,6.934343,7.828706044004388
16.1,7.135354,8.31367676869591
16.1,7.336364,8.734315345616553
16.1,7.537374,9.094537622206511
16.1,7.738384,9.391302948981362
16.1,7.939394,9.628066346483472
16.1,8.140404,9.827095642826864
16.1,8.341414,9.994429195870184
16.1,8.542424,10.135945936312034
16.1,8.743434,10.255926999083957
16.1,8.944444,10.35628600428846
16.1,9.145455,10.444946016132816
16.1,9.346465,10.523973917377575
16.1,9.547475,10.594857559992192
16.1,9.748485,10.659034717944587
16.1,9.949495,10.710394168271586
16.1,10.15051,10.761066822199009
16.1,10.35152,10.814858518608704
16.1,10.55253,10.865698667521198
16.1,10.75354,10.908152874268486
16.1,10.95455,10.950530061232838
16.1,11.15556,10.989064385639843
16.1,11.35657,11.026552368713324
16.1,11.55758,11.063013805426543
16.1,11.75859,11.096880096519167
16.1,11.9596,11.130698114637081
16.1,12.16061,11.162240227218051
16.1,12.36162,11.193284449076758
16.1,12.56263,11.22362081721974
16.1,12.76364,11.252380000527337
16.1,12.96465,11.281080296855203
16.1,13.16566,11.30817318987747
16.1,13.36667,11.334997329818
16.1,13.56768,11.36128286230877
16.1,13.76869,11.386470136762915
16.1,13.9697,11.411568167140794
16.1,14.17071,11.435427888088917
16.1,14.37172,11.45915832227553
16.1,14.57273,11.48243965524337
16.1,14.77374,11.504922064893352
16.1,14.97475,11.527314989526744
16.1,15.17576,11.548708985822794
16.1,15.37677,11.570073370332919
16.1,15.57778,11.591058320870346
16.1,15.77879,11.611453917720555
16.1,15.9798,11.63173985899648
16.1,16.18081,11.651256453148097
16.1,16.38182,11.670763250212586
16.1,16.58283,11.68996039527894
16.1,16.78384,11.708707916881295
16.1,16.98485,11.727365663542342
16.1,17.18586,11.745383794064555
16.1,17.38687,11.763432028058542
16.1,17.58788,11.781210471755212
16.1,17.78889,11.798629129514772
16.1,17.9899,11.81597793062658
16.1,18.19091,11.832786949666874
16.1,18.39192,11.84963602158026
16.1,18.59293,11.866255217022834
16.1,18.79394,11.882584531137644
16.1,18.99495,11.898853933400646
16.1,19.19596,11.914653453333866
16.1,19.39697,11.930503002844024
16.1,19.59798,11.946142621293044
16.1,19.79899,11.961542302295962
16.1,20.0,11.974662069983435
16.4,0.1,0.11557684227471289
16.4,0.3010101,0.3977235602331257
16.4,0.5020202,0.4819078588480015
16.4,0.7030303,0.42986096850980804
16.4,0.9040404,0.15503339391623247
16.4,1.306061,1.026705717597226
16.4,1.507071,1.450878006059858
16.4,1.708081,1.4485191202381964
16.4,1.909091,1.4034114337633337
16.4,2.110101,1.3439362867189215
16.4,2.311111,1.2817573773179305
16.4,2.512121,1.2239166582783332
16.4,2.713131,1.1757572899777728
16.4,2.914141,1.1400974214027966
16.4,3.115152,1.1204118837743597
16.4,3.316162,1.123248270841386
16.4,3.517172,1.1522408159018531
16.4,3.718182,1.2185141527442576
16.4,3.919192,1.3277986128960968
16.4,4.120202,1.4820173773572485
16.4,4.321212,1.6866118083382324
16.4,4.522222,1.9343543202237674
16.4,4.723232,2.2280928024121622
16.4,4.924242,2.5664245714581657
16.4,5.125253,2.9463886753662885
16.4,5.326263,3.3617885736754216
16.4,5.527273,3.858746837453174
16.4,5.728283,4.3780826680198395
16.4,5.929293,4.94236147354258
16.4,6.130303,5.528046559058564
16.4,6.331313,6.1333170812124065
16.4,6.532323,6.732629224694519
16.4,6.733333,7.314410708888804
16.4,6.934343,7.847710901251231
16.4,7.135354,8.321045836955937
16.4,7.336364,8.739175199950731
16.4,7.537374,9.09389175407663
16.4,7.738384,9.388429213259155
16.4,7.939394,9.624380755373934
16.4,8.140404,9.822495999740978
16.4,8.341414,9.9897410359268
16.4,8.542424,10.131324950137852
16.4,8.743434,10.251442978777014
16.4,8.944444,10.351979402333818
16.4,9.145455,10.44095685375043
16.4,9.346465,10.520082799348156
16.4,9.547475,10.591234437305872
16.4,9.748485,10.65554991382133
16.4,9.949495,10.71102163456985
16.4,10.15051,10.760744918962375
16.4,10.35152,10.81266840937541
16.4,10.55253,10.862608793675491
16.4,10.75354,10.90506197202843
16.4,10.95455,10.947548167479617
16.4,11.15556,10.986231704254662
16.4,11.35657,11.023728805740186
16.4,11.55758,11.060189376838123
16.4,11.75859,11.094044874739144
16.4,11.9596,11.127932203782283
16.4,12.16061,11.159593733105314
16.4,12.36162,11.190637255979691
16.4,12.56263,11.220982936525557
16.4,12.76364,11.249741483446389
16.4,12.96465,11.278531192632975
16.4,13.16566,11.305763530053024
16.4,13.36667,11.332607101390156
16.4,13.56768,11.358892087203433
16.4,13.76869,11.384078854342507
16.4,13.9697,11.40929635119753
16.4,14.17071,11.433315543452471
16.4,14.37172,11.457065526551935
16.4,14.57273,11.48035643496941
16.4,14.77374,11.5028384508382
16.4,14.97475,11.52536091126671
16.4,15.17576,11.54693444950836
16.4,15.37677,11.568298489147809
16.4,15.57778,11.589293118819826
16.4,15.77879,11.609678418023245
16.4,15.9798,11.630113981442419
16.4,16.18081,11.649770211599831
16.4,16.38182,11.669296752480381
16.4,16.58283,11.688493659972544
16.4,16.78384,11.707240960848349
16.4,16.98485,11.72601841675828
16.4,17.18586,11.744166275196347
16.4,17.38687,11.762214322553312
16.4,17.58788,11.77999259275854
16.4,17.78889,11.797421089009601
16.4,17.9899,11.814879675960087
16.4,18.19091,11.831798500929162
16.4,18.39192,11.848647438550945
16.4,18.59293,11.865256508651667
16.4,18.79394,11.88158570583454
16.4,18.99495,11.897954956860689
16.4,19.19596,11.913844345448604
16.4,19.39697,11.929693799082171
16.4,19.59798,11.94533332735107
16.4,19.79899,11.96073292368859
16.4,20.0,11.975042580175554
16.700000000000003,0.1,0.0994140075773842
16.700000000000003,0.3010101,0.25999585697505584
16.700000000000003,0.5020202,0.3447468139448765
16.700000000000003,0.7030303,0.2705858320802928
16.700000000000003,1.306061,1.042150861056572
16.700000000000003,1.507071,1.446214812983708
16.700000000000003,1.708081,1.4431112896022467
16.700000000000003,1.909091,1.3996441839118519
16.700000000000003,2.110101,1.3419960318809327
16.700000000000003,2.311111,1.2820154559202228
16.700000000000003,2.512121,1.2266416198243095
16.700000000000003,2.713131,1.1815721497313998
16.700000000000003,2.914141,1.1503986557653463
16.700000000000003,3.115152,1.136339551661967
16.700000000000003,3.316162,1.147839044774128
16.700000000000003,3.517172,1.1885725816399046
16.700000000000003,3.718182,1.2676250347316196
16.700000000000003,3.919192,1.3883235959886087
16.700000000000003,4.120202,1.5504648764163378
16.700000000000003,4.321212,1.7605520825494478
16.700000000000003,4.522222,2.0119434675280923
16.700000000000003,4.723232,2.3073863915614496
16.700000000000003,4.924242,2.646162971220936
16.700000000000003,5.125253,3.025771240102646
16.700000000000003,5.326263,3.4391303255782284
16.700000000000003,5.527273,3.9346294968641264
16.700000000000003,5.728283,4.449378628199212
16.700000000000003,5.929293,5.0043803752228975
16.700000000000003,6.130303,5.587767665935578
16.700000000000003,6.331313,6.177019859989082
16.700000000000003,6.532323,6.770463409298688
16.700000000000003,6.733333,7.3409636503745554
16.700000000000003,6.934343,7.861712656779344
16.700000000000003,7.135354,8.333069752095556
16.700000000000003,7.336364,8.741706959035495
16.700000000000003,7.537374,9.094144356057821
16.700000000000003,7.738384,9.385952519925118
16.700000000000003,7.939394,9.620297288076442
16.700000000000003,8.140404,9.818282100990066
16.700000000000003,8.341414,9.98517219031789
16.700000000000003,8.542424,10.126751273138291
16.700000000000003,8.743434,10.24705646712113
16.700000000000003,8.944444,10.34786039757414
16.700000000000003,9.145455,10.436915902353993
16.700000000000003,9.346465,10.516379786080845
16.700000000000003,9.547475,10.58761980188055
16.700000000000003,9.748485,10.652133704206681
16.700000000000003,9.949495,10.707774076422119
16.700000000000003,10.15051,10.761579861422444
16.700000000000003,10.35152,10.811585594382075
16.700000000000003,10.55253,10.859617770075403
16.700000000000003,10.75354,10.902150046694556
16.700000000000003,10.95455,10.944705343611831
16.700000000000003,11.15556,10.983408052404021
16.700000000000003,11.35657,11.020974435995667
16.700000000000003,11.55758,11.057444223303357
16.700000000000003,11.75859,11.091359074718023
16.700000000000003,11.9596,11.125275744742622
16.700000000000003,12.16061,11.156956623884268
16.700000000000003,12.36162,11.18806957856285
16.700000000000003,12.56263,11.21841463183648
16.700000000000003,12.76364,11.247232631412539
16.700000000000003,12.96465,11.27607178427739
16.700000000000003,13.16566,11.303333581450367
16.700000000000003,13.36667,11.33025664001565
16.700000000000003,13.56768,11.356551113229896
16.700000000000003,13.76869,11.381817391893719
16.700000000000003,13.9697,11.407094405609632
16.700000000000003,14.17071,11.431153150326152
16.700000000000003,14.37172,11.455002674340598
16.700000000000003,14.57273,11.478303174671124
16.700000000000003,14.77374,11.500874769933418
16.700000000000003,14.97475,11.52345682788393
16.700000000000003,15.17576,11.545070007277573
16.700000000000003,15.37677,11.566543661185817
16.700000000000003,15.57778,11.587547977831976
16.700000000000003,15.77879,11.608022934829153
16.700000000000003,15.9798,11.628508180321612
16.700000000000003,16.18081,11.64821413248819
16.700000000000003,16.38182,11.667820368371666
16.700000000000003,16.58283,11.687027042781793
16.700000000000003,16.78384,11.70585407827644
16.700000000000003,16.98485,11.724691293157349
16.700000000000003,17.18586,11.74286894213083
16.700000000000003,17.38687,11.761006758885106
16.700000000000003,17.58788,11.778784859039911
16.700000000000003,17.78889,11.796283156907805
16.700000000000003,17.9899,11.813771566503872
16.700000000000003,18.19091,11.830730237286883
16.700000000000003,18.39192,11.84764900678514
16.700000000000003,18.59293,11.864257954433265
16.700000000000003,18.79394,11.880657008676902
16.700000000000003,18.99495,11.897046132446079
16.700000000000003,19.19596,11.912965410518963
16.700000000000003,19.39697,11.928874746225524
16.700000000000003,19.59798,11.944514186596505
16.700000000000003,19.79899,11.957733754600987
16.700000000000003,20.0,11.970933354806794
17.0,0.1,0.21096580345227897
17.0,0.3010101,0.5372328425339725
17.0,0.5020202,0.6234616778293549
17.0,0.7030303,0.1942793616853808
17.0,0.9040404,0.017076682948421396
17.0,1.306061,1.0347044118090836
17.0,1.507071,1.4363331202113239
17.0,1.708081,1.4368510084053197
17.0,1.909091,1.3957251858564999
17.0,2.110101,1.3406049623934602
17.0,2.311111,1.2831315101416632
17.0,2.512121,1.2308019815236697
17.0,2.713131,1.189863640362288
17.0,2.914141,1.1641186392275555
17.0,3.115152,1.1580280751568375
17.0,3.316162,1.1799451718878808
17.0,3.517172,1.2330527941129585
17.0,3.718182,1.3247512133521049
17.0,3.919192,1.4552755620462232
17.0,4.120202,1.624806302294776
17.0,4.321212,1.8392315573156346
17.0,4.522222,2.092990879888288
17.0,4.723232,2.389221557368206
17.0,4.924242,2.72772683847628
17.0,5.125253,3.1063430835252825
17.0,5.326263,3.5422258495964476
17.0,5.527273,4.009544794893231
17.0,5.728283,4.519505114045534
17.0,5.929293,5.069865036177504
17.0,6.130303,5.640415684047971
17.0,6.331313,6.2257091319086735
17.0,6.532323,6.80511925634037
17.0,6.733333,7.365834683574299
17.0,6.934343,7.880446335731171
17.0,7.135354,8.340543069232522
17.0,7.336364,8.746774658334612
17.0,7.537374,9.093822566074895
17.0,7.738384,9.383415540023986
17.0,7.939394,9.616925748138529
17.0,8.140404,9.813950919240915
17.0,8.341414,9.980735272704736
17.0,8.542424,10.122334511917426
17.0,8.743434,10.242767359041908
17.0,8.944444,10.34371925409033
17.0,9.145455,10.43309277640067
17.0,9.346465,10.512635061887378
17.0,9.547475,10.584133501566473
17.0,9.748485,10.64880603790558
17.0,9.949495,10.700511811528521
17.0,10.15051,10.751450917791392
17.0,10.35152,10.805598898929215
17.0,10.55253,10.856755639647218
17.0,10.75354,10.899387150233215
17.0,10.95455,10.941951561533028
17.0,11.15556,10.980643470220144
17.0,11.35657,11.01822912700365
17.0,11.55758,11.05481841738349
17.0,11.75859,11.088782712188467
17.0,11.9596,11.122708685929773
17.0,12.16061,11.15437892872096
17.0,12.36162,11.185511302938647
17.0,12.56263,11.215965936159005
17.0,12.76364,11.244843446229563
17.0,12.96465,11.273682035732687
17.0,13.16566,11.300933316846223
17.0,13.36667,11.327885887079821
17.0,13.56768,11.354329915897527
17.0,13.76869,11.37966574747922
17.0,13.9697,11.404942309799196
17.0,14.17071,11.429000642726246
17.0,14.37172,11.4528797576124
17.0,14.57273,11.476359809756037
17.0,14.77374,11.499001018391136
17.0,14.97475,11.521592723868796
17.0,15.17576,11.543205583720765
17.0,15.37677,11.564708905543048
17.0,15.57778,11.58589281762706
17.0,15.77879,11.606437462065445
17.0,15.9798,11.626932439019694
17.0,16.18081,11.646628149021147
17.0,16.38182,11.666274124343595
17.0,16.58283,11.685650464859584
17.0,16.78384,11.704537260150278
17.0,16.98485,11.723364274051718
17.0,17.18586,11.741551742481073
17.0,17.38687,11.759719360255046
17.0,17.58788,11.777647201387497
17.0,17.78889,11.79518532085968
17.0,17.9899,11.812673581764694
17.0,18.19091,11.829632119624973
17.0,18.39192,11.84658074025588
17.0,18.59293,11.863319496154308
17.0,18.79394,11.87974842068886
17.0,18.99495,11.896137435638394
17.0,19.19596,11.912066617099853
17.0,19.39697,11.927995843465931
17.0,19.59798,11.943745146665321
17.0,19.79899,11.958114590098337
17.0,20.0,11.971314125812635
17.3,0.1,0.14038080235777012
17.3,0.3010101,0.2792401813728634
17.3,0.5020202,0.37283537813420187
17.3,0.7030303,0.2668885994689542
17.3,1.306061,0.8804336659449368
17.3,1.507071,1.4297703549139726
17.3,1.708081,1.4317811754495118
17.3,1.909091,1.3929373864700754
17.3,2.110101,1.340288562295594
17.3,2.311111,1.2859483146322017
17.3,2.512121,1.2371728847345715
17.3,2.713131,1.200996752306077
17.3,2.914141,1.1822059467482045
17.3,3.115152,1.185751894442912
17.3,3.316162,1.2199401762587025
17.3,3.517172,1.2853214056040305
17.3,3.718182,1.38776883799538
17.3,3.919192,1.5273479612862497
17.3,4.120202,1.7033244410838122
17.3,4.321212,1.9212483676206709
17.3,4.522222,2.1764915709196107
17.3,4.723232,2.4728780200599068
17.3,4.924242,2.810652894921056
17.3,5.125253,3.187719793920644
17.3,5.326263,3.6205170909549578
17.3,5.527273,4.084876844791898
17.3,5.728283,4.5900426735158195
17.3,5.929293,5.132677497349815
17.3,6.130303,5.696179239922414
17.3,6.331313,6.269571993025824
17.3,6.532323,6.840655343905349
17.3,6.733333,7.39179313367493
17.3,6.934343,7.896653844533776
17.3,7.135354,8.3507787125675
17.3,7.336364,8.75019076156537
17.3,7.537374,9.094025868362744
17.3,7.738384,9.381272428150785
17.3,7.939394,9.613430550305887
17.3,8.140404,9.809925031956498
17.3,8.341414,9.976409809542082
17.3,8.542424,10.117994842715994
17.3,8.743434,10.23855565618174
17.3,8.944444,10.33972573472552
17.3,9.145455,10.4292576535062
17.3,9.346465,10.509048432886045
17.3,9.547475,10.580695539788062
17.3,9.748485,10.645536854920406
17.3,9.949495,10.703411712006359
17.3,10.15051,10.75550885888942
17.3,10.35152,10.805672633559539
17.3,10.55253,10.853882973607638
17.3,10.75354,10.89654367295631
17.3,10.95455,10.939207375465976
17.3,11.15556,10.977978676895546
17.3,11.35657,11.015613702518417
17.3,11.55758,11.052202268202105
17.3,11.75859,11.08618594509728
17.3,11.9596,11.120161407995182
17.3,12.16061,11.151891173726694
17.3,12.36162,11.183063034605631
17.3,12.56263,11.21351708392561
17.3,12.76364,11.242414081446208
17.3,12.96465,11.271312217780787
17.3,13.16566,11.298633055978494
17.3,13.36667,11.325635168390592
17.3,13.56768,11.352078723793166
17.3,13.76869,11.377434118997918
17.3,13.9697,11.402800254444735
17.3,14.17071,11.426948172882275
17.3,14.37172,11.450886884813366
17.3,14.57273,11.474366560828097
17.3,14.77374,11.497047405533428
17.3,14.97475,11.519718728093517
17.3,15.17576,11.541431224905834
17.3,15.37677,11.562994211053422
17.3,15.57778,11.584187831876042
17.3,15.77879,11.604762183385755
17.3,15.9798,11.625346839580322
17.3,16.18081,11.645132252475495
17.3,16.38182,11.664827962142141
17.3,16.58283,11.68421408166341
17.3,16.78384,11.703120648450067
17.3,16.98485,11.722037408016499
17.3,17.18586,11.740304644907244
17.3,17.38687,11.758512059987018
17.3,17.58788,11.776439735777876
17.3,17.78889,11.794007681076545
17.3,17.9899,11.811575747904028
17.3,18.19091,11.828594111167996
17.3,18.39192,11.845582580887596
17.3,18.59293,11.8623212143763
17.3,18.79394,11.878780008295548
17.3,18.99495,11.895228878607218
17.3,19.19596,11.91120793152869
17.3,19.39697,11.927177047740503
17.3,19.59798,11.942916260942473
17.3,19.79899,11.95842556466449
17.3,20.0,11.973934917169125
17.6,0.1,0.19762088359004495
17.6,0.3010101,0.3758933971932468
17.6,0.5020202,0.4509576508288579
17.6,0.7030303,0.4748313128267663
17.6,1.306061,0.9799696782291976
17.6,1.507071,1.4149490369037114
17.6,1.708081,1.4234151391777476
17.6,1.909091,1.3885315387855532
17.6,2.110101,1.3395376100871415
17.6,2.311111,1.2891118973481877
17.6,2.512121,1.2448036757793222
17.6,2.713131,1.2144630848777078
17.6,2.914141,1.2041833402422248
17.6,3.115152,1.219037447935409
17.6,3.316162,1.266315033061138
17.6,3.517172,1.3437010596304757
17.6,3.718182,1.45603374030552
17.6,3.919192,1.603456758922827
17.6,4.120202,1.7847210720254463
17.6,4.321212,2.0053721458385922
17.6,4.522222,2.261610871877225
17.6,4.723232,2.5578063849742985
17.6,4.924242,2.894475668824324
17.6,5.125253,3.2695748174658585
17.6,5.326263,3.6987897217065404
17.6,5.527273,4.159908800805355
17.6,5.728283,4.660002454501673
17.6,5.929293,5.194674318907975
17.6,6.130303,5.751116710874472
17.6,6.331313,6.312768429502522
17.6,6.532323,6.875637872601516
17.6,6.733333,7.417390513827269
17.6,6.934343,7.9127509548273345
17.6,7.135354,8.361001025452099
17.6,7.336364,8.753754074241321
17.6,7.537374,9.094410247046516
17.6,7.738384,9.379321336493835
17.6,7.939394,9.610113257452696
17.6,8.140404,9.806066600218838
17.6,8.341414,9.972221516219047
17.6,8.542424,10.11379173196176
17.6,8.743434,10.234470916286874
17.6,8.944444,10.335819540898116
17.6,9.145455,10.425520096977012
17.6,9.346465,10.505539682404578
17.6,9.547475,10.577345653701299
17.6,9.748485,10.642335950174184
17.6,9.949495,10.694309923498171
17.6,10.15051,10.750488938147308
17.6,10.35152,10.802788733514948
17.6,10.55253,10.851118371073897
17.6,10.75354,10.893808382805654
17.6,10.95455,10.936581549253257
17.6,11.15556,10.975432389514719
17.6,11.35657,11.013116905071346
17.6,11.55758,11.049704823403221
17.6,11.75859,11.08369796606287
17.6,11.9596,11.117733027954747
17.6,12.16061,11.149512415499634
17.6,12.36162,11.180713846124874
17.6,12.56263,11.211167367558819
17.6,12.76364,11.240083914142131
17.6,12.96465,11.269031677900873
17.6,13.16566,11.296422146553763
17.6,13.36667,11.323463862365886
17.6,13.56768,11.349906985299326
17.6,13.76869,11.37529199033819
17.6,13.9697,11.400727759021649
17.6,14.17071,11.424965316626889
17.6,14.37172,11.448953669589354
17.6,14.57273,11.472432999079876
17.6,14.77374,11.495143513244216
17.6,14.97475,11.517904494765551
17.6,15.17576,11.539696665167462
17.6,15.37677,11.5613193452865
17.6,15.57778,11.582502695824406
17.6,15.77879,11.603116777287068
17.6,15.9798,11.623781139830472
17.6,16.18081,11.643656278329566
17.6,16.38182,11.663411741262767
17.6,16.58283,11.682787654450406
17.6,16.78384,11.701734007603532
17.6,16.98485,11.720730528904133
17.6,17.18586,11.739057547117664
17.6,17.38687,11.757314770904571
17.6,17.58788,11.775242291512399
17.6,17.78889,11.792840071728216
17.6,17.9899,11.810477952681271
17.6,18.19091,11.827556147134644
17.6,18.39192,11.844574472268883
17.6,18.59293,11.861322990396628
17.6,18.79394,11.877801658725906
17.6,18.99495,11.89432038731256
17.6,19.19596,11.910349310751002
17.6,19.39697,11.926338318946446
17.6,19.59798,11.942087447293698
17.6,19.79899,11.956496711683016
17.6,20.0,11.969776059719278
17.9,0.1,0.15934711625370415
17.9,0.3010101,0.2774822330800557
17.9,0.5020202,0.3737304937966076
17.9,0.7030303,0.37239221873643574
17.9,1.306061,0.997577900430471
17.9,1.507071,1.4142680249718667
17.9,1.708081,1.4200770372987457
17.9,1.909091,1.386626906774398
17.9,2.110101,1.3404813120118753
17.9,2.311111,1.293822860820479
17.9,2.512121,1.2548117866383042
17.9,2.713131,1.232086035427387
17.9,2.914141,1.2313025530555743
17.9,3.115152,1.2581311841725349
17.9,3.316162,1.3176773032504816
17.9,3.517172,1.4067476835828658
17.9,3.718182,1.5286720601376358
17.9,3.919192,1.682490367586744
17.9,4.120202,1.8679948146573595
17.9,4.321212,2.090752247267539
17.9,4.522222,2.3477231690210636
17.9,4.723232,2.643403190031114
17.9,4.924242,2.9786710708611968
17.9,5.125253,3.35161417465573
17.9,5.326263,3.755293343367162
17.9,5.527273,4.233915893837089
17.9,5.728283,4.728347542563315
17.9,5.929293,5.258121343269273
17.9,6.130303,5.801580280496898
17.9,6.331313,6.359349140624222
17.9,6.532323,6.908869581945914
17.9,6.733333,7.441373311052552
17.9,6.934343,7.930950410078021
17.9,7.135354,8.368658887242402
17.9,7.336364,8.759113529480492
17.9,7.537374,9.094586866637822
17.9,7.738384,9.377312228387296
17.9,7.939394,9.607244449269487
17.9,8.140404,9.802158526667414
17.9,8.341414,9.968188765705122
17.9,8.542424,10.109705732842475
17.9,8.743434,10.230473592181209
17.9,8.944444,10.3319609857468
17.9,9.145455,10.421930531858607
17.9,9.346465,10.502029001763416
17.9,9.547475,10.574094098690807
17.9,9.748485,10.639223500795552
17.9,9.949495,10.69533996326983
17.9,10.15051,10.745588631381631
17.9,10.35152,10.796988971985318
17.9,10.55253,10.84845340061661
17.9,10.75354,10.891252921246641
17.9,10.95455,10.934015367054913
17.9,11.15556,10.97286555512264
17.9,11.35657,11.01056950195946
17.9,11.55758,11.047277218641394
17.9,11.75859,11.08131997965354
17.9,11.9596,11.1153544625874
17.9,12.16061,11.147133320687237
17.9,12.36162,11.178344286013598
17.9,12.56263,11.208887594723054
17.9,12.76364,11.237853776767817
17.9,12.96465,11.266801062891409
17.9,13.16566,11.294191092972076
17.9,13.36667,11.321252404943715
17.9,13.56768,11.347815241618106
17.9,13.76869,11.373259888072194
17.9,13.9697,11.398695265641669
17.9,14.17071,11.422922465086863
17.9,14.37172,11.44694046792314
17.9,14.57273,11.470569462823073
17.9,14.77374,11.493349648175654
17.9,14.97475,11.51611031711077
17.9,15.17576,11.537902202582028
17.9,15.37677,11.559564588820642
17.9,15.57778,11.580907607646013
17.9,15.77879,11.601581410752594
17.9,15.9798,11.62224552952146
17.9,16.18081,11.642120446855207
17.9,16.38182,11.661905671996342
17.9,16.58283,11.681431291815246
17.9,16.78384,11.700427422755178
17.9,16.98485,11.71942375734769
17.9,17.18586,11.737760606753767
17.9,17.38687,11.756037643501847
17.9,17.58788,11.774104922390801
17.9,17.78889,11.79174253176746
17.9,17.9899,11.809380271453232
17.9,18.19091,11.826458338639275
17.9,18.39192,11.843516519343908
17.9,18.59293,11.860374846503976
17.9,18.79394,11.876883386290707
17.9,18.99495,11.893402008998244
17.9,19.19596,11.909430837286713
17.9,19.39697,11.925449734474341
17.9,19.59798,11.941288717262688
17.9,19.79899,11.954597953332879
17.9,20.0,11.967877230077137
18.200000000000003,0.1,0.2963935908520171
18.200000000000003,0.3010101,0.355067643272518
18.200000000000003,0.5020202,0.4375606224730773
18.200000000000003,0.7030303,0.3629987850612898
18.200000000000003,1.306061,0.9965321585799122
18.200000000000003,1.507071,1.4108272118998582
18.200000000000003,1.708081,1.417674900901061
18.200000000000003,1.909091,1.385881028005137
18.200000000000003,2.110101,1.34224745877292
18.200000000000003,2.311111,1.2998624626415154
18.200000000000003,2.512121,1.2671883250853861
18.200000000000003,2.713131,1.253295944248179
18.200000000000003,2.914141,1.264032662053794
18.200000000000003,3.115152,1.3021765725337346
18.200000000000003,3.316162,1.373623254231929
18.200000000000003,3.517172,1.4737163756267118
18.200000000000003,3.718182,1.6039339307657565
18.200000000000003,3.919192,1.7635019003736003
18.200000000000003,4.120202,1.9523177082122307
18.200000000000003,4.321212,2.1768271346283075
18.200000000000003,4.522222,2.4343290840278877
18.200000000000003,4.723232,2.729304778708123
18.200000000000003,4.924242,3.0628836178148933
18.200000000000003,5.125253,3.433581660213018
18.200000000000003,5.326263,3.8328094592928172
18.200000000000003,5.527273,4.308701316365807
18.200000000000003,5.728283,4.797007880110766
18.200000000000003,5.929293,5.316383792012494
18.200000000000003,6.130303,5.8575907461592855
18.200000000000003,6.331313,6.400037295238124
18.200000000000003,6.532323,6.944116437448586
18.200000000000003,6.733333,7.466344422308534
18.200000000000003,6.934343,7.944600668238317
18.200000000000003,7.135354,8.380518924107976
18.200000000000003,7.336364,8.7622936287675
18.200000000000003,7.537374,9.095642540862285
18.200000000000003,7.738384,9.375696160737753
18.200000000000003,7.939394,9.603948727413824
18.200000000000003,8.140404,9.79870336881893
18.200000000000003,8.341414,9.964229978002223
18.200000000000003,8.542424,10.105696729732927
18.200000000000003,8.743434,10.226573691998947
18.200000000000003,8.944444,10.32827025789269
18.200000000000003,9.145455,10.418308777815907
18.200000000000003,9.346465,10.49870658927708
18.200000000000003,9.547475,10.570840808423597
18.200000000000003,9.748485,10.636169545152157
18.200000000000003,9.949495,10.692455436401296
18.200000000000003,10.15051,10.742813598327063
18.200000000000003,10.35152,10.794343393312298
18.200000000000003,10.55253,10.845807049676925
18.200000000000003,10.75354,10.888686150240567
18.200000000000003,10.95455,10.93152814919144
18.200000000000003,11.15556,10.970397818879789
18.200000000000003,11.35657,11.00817145884023
18.200000000000003,11.55758,11.044888664013683
18.200000000000003,11.75859,11.078971094419826
18.200000000000003,11.9596,11.113035212638822
18.200000000000003,12.16061,11.14483364179839
18.200000000000003,12.36162,11.176094323650972
18.200000000000003,12.56263,11.20664719885278
18.200000000000003,12.76364,11.235643067055094
18.200000000000003,12.96465,11.26463000989568
18.200000000000003,13.16566,11.292039664505841
18.200000000000003,13.36667,11.319160675814965
18.200000000000003,13.56768,11.34573313767065
18.200000000000003,13.76869,11.371227468603609
18.200000000000003,13.9697,11.396712516871204
18.200000000000003,14.17071,11.42096938724416
18.200000000000003,14.37172,11.44505708207867
18.200000000000003,14.57273,11.468695760957832
18.200000000000003,14.77374,11.491535644837203
18.200000000000003,14.97475,11.514356014875638
18.200000000000003,15.17576,11.536177621199966
18.200000000000003,15.37677,11.557909719715454
18.200000000000003,15.57778,11.579262482343037
18.200000000000003,15.77879,11.60000601770524
18.200000000000003,15.9798,11.620729882700426
18.200000000000003,16.18081,11.640634571838238
18.200000000000003,16.38182,11.660489548939179
18.200000000000003,16.58283,11.6800249679243
18.200000000000003,16.78384,11.69910087477801
18.200000000000003,16.98485,11.718137004811865
18.200000000000003,17.18586,11.736493673084762
18.200000000000003,17.38687,11.754850507484438
18.200000000000003,17.58788,11.772917632567788
18.200000000000003,17.78889,11.79061506191842
18.200000000000003,17.9899,11.808292642238412
18.200000000000003,18.19091,11.825400568597717
18.200000000000003,18.39192,11.842508590184913
18.200000000000003,18.59293,11.8593668012333
18.200000000000003,18.79394,11.875935200362361
18.200000000000003,18.99495,11.892483701788043
18.200000000000003,19.19596,11.908532423122882
18.200000000000003,19.39697,11.92460119984247
18.200000000000003,19.59798,11.9404500954555
18.200000000000003,19.79899,11.956059103377394
18.200000000000003,20.0,11.970508243142552
8.0,6.7,6.282167437319857
8.0,6.834343,6.860436406595754
8.0,6.968687,7.439568762650291
8.0,7.10303,7.954892748878248
8.0,7.237374,8.453978983238486
8.0,7.371717,8.830518757173627
8.0,7.506061,9.186036033868058
8.0,7.640404,9.429667973508712
8.0,7.774747,9.65937657961073
8.0,7.909091,9.825863688969527
8.0,8.043434,9.977302784777434
8.0,8.177778,10.096986821257337
8.0,8.312121,10.20260967775949
8.0,8.446465,10.293343102344664
8.0,8.580808,10.37285508900521
8.0,8.715152,10.444863731038442
8.0,8.849495,10.507239241591916
8.0,8.983838,10.566719716489656
8.0,9.118182,10.618345953351312
8.0,9.252525,10.668625558388035
8.0,9.386869,10.712479802998118
8.0,9.521212,10.755656850252528
8.0,9.655556,10.79457724646529
8.0,9.789899,10.832109968573832
8.0,9.924242,10.862405719279183
8.0,10.05859,10.892442917296995
8.0,10.19293,10.924501583364448
8.0,10.32727,10.95742196127578
8.0,10.46162,10.990344064650545
8.0,10.59596,11.0184373820528
8.0,10.7303,11.044501579049848
8.0,10.86465,11.070226595691011
8.0,10.99899,11.095952588747181
8.0,11.13333,11.118318454881656
8.0,11.26768,11.140654988976852
8.0,11.40202,11.163372515466675
8.0,11.53636,11.185480433018009
8.0,11.67071,11.205617767931408
8.0,11.80505,11.225344937198239
8.0,11.93939,11.244952334087793
8.0,12.07374,11.26341897473397
8.0,12.20808,11.280954928694573
8.0,12.34242,11.298651449035672
8.0,12.47677,11.316688982879858
8.0,12.61111,11.3333851472323
8.0,12.74545,11.349660723501927
8.0,12.8798,11.365655614938206
8.0,13.01414,11.38152042823548
8.0,13.14848,11.39633371197734
8.0,13.28283,11.411137046387147
8.0,13.41717,11.426271584141947
8.0,13.55152,11.44107576156843
8.0,13.68586,11.455279008878053
8.0,13.8202,11.469211103911055
8.0,13.95455,11.483103079353155
8.0,14.08889,11.496534219745199
8.0,14.22323,11.509724932155725
8.0,14.35758,11.523016205303174
8.0,14.49192,11.536458230828247
8.0,14.62626,11.549329237531333
8.0,14.76061,11.562069630409558
8.0,14.89495,11.574689353587047
8.0,15.02929,11.587218907860299
8.0,15.16364,11.59937784799634
8.0,15.29798,11.611536794188329
8.0,15.43232,11.623866863137506
8.0,15.56667,11.635976609855899
8.0,15.70101,11.64787600429659
8.0,15.83535,11.659644362716852
8.0,15.9697,11.671402731357082
8.0,16.10404,11.682900755451001
8.0,16.23838,11.694318690414772
8.0,16.37273,11.7057971521619
8.0,16.50707,11.717306033856364
8.0,16.64141,11.72850453012299
8.0,16.77576,11.739642548821228
8.0,16.9101,11.750750207683543
8.0,17.04444,11.761767803109459
8.0,17.17879,11.772585253759699
8.0,17.31313,11.783412801683575
8.0,17.44747,11.79431106048758
8.0,17.58182,11.805039187105947
8.0,17.71616,11.81564715142568
8.0,17.85051,11.826204523948523
8.0,17.98485,11.836771920945925
8.0,18.11919,11.847109238428732
8.0,18.25354,11.857426568963911
8.0,18.38788,11.867764325525753
8.0,18.52222,11.878092290113004
8.0,18.65657,11.888210166229863
8.0,18.79091,11.89830768990372
8.0,18.92525,11.908385062834908
8.0,19.0596,11.918372451735326
8.0,19.19394,11.928229854134939
8.0,19.32828,11.93810738383565
8.0,19.46263,11.947995309421385
8.0,19.59697,11.957733213147897
8.0,19.73131,11.967071111968108
8.0,19.86566,11.975299001570507
8.0,20.0,11.983536911126643
7.700000000000001,0.1,0.9568022249549498
7.700000000000001,0.3010101,3.037266403806215
7.700000000000001,0.5020202,3.2438384953179784
7.700000000000001,0.7030303,3.145459412320381
7.700000000000001,0.9040404,2.9188504361319922
7.700000000000001,1.105051,2.6522189553002464
7.700000000000001,1.306061,2.4180493607130464
7.700000000000001,1.507071,2.295811684241948
7.700000000000001,1.708081,2.3279266574513557
7.700000000000001,1.909091,2.43728877978871
7.700000000000001,2.110101,2.5294549721008988
7.700000000000001,2.311111,2.5142535628979807
7.700000000000001,2.512121,2.3879288573141744
7.700000000000001,2.713131,2.1799747582787052
7.700000000000001,2.914141,1.962952416833085
7.700000000000001,3.115152,1.7911910299629379
7.700000000000001,3.316162,1.718399072652639
7.700000000000001,3.517172,1.7272855379693652
7.700000000000001,3.718182,1.759347855592023
7.700000000000001,3.919192,1.7673324516542013
7.700000000000001,4.120202,1.7851278867355198
7.700000000000001,4.321212,1.8674248568156167
7.700000000000001,4.522222,2.0183684565500126
7.700000000000001,4.723232,2.2433396776909578
7.700000000000001,4.924242,2.5123904683706013
7.700000000000001,5.125253,2.8184749974103904
7.700000000000001,5.326263,3.103055072729835
7.700000000000001,5.527273,3.3856409547015143
7.700000000000001,5.728283,3.651555899143607
7.700000000000001,5.929293,3.948507936529632
7.700000000000001,6.130303,4.315735079646796
7.700000000000001,6.331313,4.8476955091406
7.700000000000001,6.532323,5.531873759926724
7.700000000000001,6.733333,6.378445579731129
7.700000000000001,6.934343,7.262232053534174
7.700000000000001,7.135354,8.076756711236452
7.700000000000001,7.336364,8.744977278204452
7.700000000000001,7.537374,9.26340071623439
7.700000000000001,7.738384,9.629857340181244
7.700000000000001,7.939394,9.88477299280466
7.700000000000001,8.140404,10.082601630867778
7.700000000000001,8.341414,10.240631710120441
7.700000000000001,8.542424,10.368351600081136
7.700000000000001,8.743434,10.474878457914958
7.700000000000001,8.944444,10.563509489521548
7.700000000000001,9.145455,10.641630932202569
7.700000000000001,9.346465,10.712011367619967
7.700000000000001,9.547475,10.775208975340535
7.700000000000001,9.748485,10.832932842921482
7.700000000000001,9.949495,10.882831760886484
7.700000000000001,10.15051,10.932234778103046
7.700000000000001,10.35152,10.977350802630552
7.700000000000001,10.55253,11.019638682858137
7.700000000000001,10.75354,11.058129019621845
7.700000000000001,10.95455,11.096982291041856
7.700000000000001,11.15556,11.130633916601104
7.700000000000001,11.35657,11.16406770362716
7.700000000000001,11.55758,11.195521019909808
7.700000000000001,11.75859,11.224663272710071
7.700000000000001,11.9596,11.254006815992339
7.700000000000001,12.16061,11.280868136168706
7.700000000000001,12.36162,11.307109201851484
7.700000000000001,12.56263,11.33199752647655
7.700000000000001,12.76364,11.355805326724623
7.700000000000001,12.96465,11.379733836750281
7.700000000000001,13.16566,11.402200010278692
7.700000000000001,13.36667,11.424365754936918
7.700000000000001,13.56768,11.445608505725762
7.700000000000001,13.76869,11.46632134316551
7.700000000000001,13.9697,11.48711463769875
7.700000000000001,14.17071,11.507016142982375
7.700000000000001,14.37172,11.526747340255657
7.700000000000001,14.57273,11.545865878731606
7.700000000000001,14.77374,11.564715105624929
7.700000000000001,14.97475,11.583604652080881
7.700000000000001,15.17576,11.601893075111137
7.700000000000001,15.37677,11.620081349450446
7.700000000000001,15.57778,11.637847490337181
7.700000000000001,15.77879,11.655434613202742
7.700000000000001,15.9798,11.67303196895334
7.700000000000001,16.18081,11.690168683760945
7.700000000000001,16.38182,11.707245357250464
7.700000000000001,16.58283,11.72400037928453
7.700000000000001,16.78384,11.740606462764665
7.700000000000001,16.98485,11.757222718780332
7.700000000000001,17.18586,11.773448652504223
7.700000000000001,17.38687,11.789644606293821
7.700000000000001,17.58788,11.805569306571885
7.700000000000001,17.78889,11.82136502838908
7.700000000000001,17.9899,11.837160878641365
7.700000000000001,18.19091,11.852616607546699
7.700000000000001,18.39192,11.868042387158614
7.700000000000001,18.59293,11.883257220033382
7.700000000000001,18.79394,11.898332981185982
7.700000000000001,18.99495,11.913418837845608
7.700000000000001,19.19596,11.92818471706257
7.700000000000001,19.39697,11.942940658253594
7.700000000000001,19.59798,11.957495875820463
7.700000000000001,19.79899,11.969842515218666
7.700000000000001,20.0,11.98215921355761
7.4,0.3010101,3.305959202943855
7.4,0.5020202,3.3814123356505164
7.4,0.7030303,3.2390943667078456
7.4,0.9040404,2.9896061267639
7.4,1.105051,2.705285595186682
7.4,1.306061,2.4620689373346756
7.4,1.507071,2.3397096614828623
7.4,1.708081,2.3920663503823656
7.4,1.909091,2.5410279802677933
7.4,2.110101,2.6796114755640446
7.4,2.311111,2.7101765057933687
7.4,2.512121,2.610643034034726
7.4,2.713131,2.399007807638137
7.4,2.914141,2.1638046224944087
7.4,3.115152,1.9755039410421054
7.4,3.316162,1.8863694914990885
7.4,3.517172,1.8676903020866173
7.4,3.718182,1.8472212927310714
7.4,3.919192,1.800721317366996
7.4,4.120202,1.7856585232060944
7.4,4.321212,1.8523166609274722
7.4,4.522222,2.0014108589271618
7.4,4.723232,2.2171306480200053
7.4,4.924242,2.542986585497723
7.4,5.125253,2.8532402666757406
7.4,5.326263,3.176465445813302
7.4,5.527273,3.4678400196587864
7.4,5.728283,3.72657285597102
7.4,5.929293,3.9828147057186203
7.4,6.130303,4.339013551892399
7.4,6.331313,4.811487477095884
7.4,6.532323,5.481135585286711
7.4,6.733333,6.332765230611526
7.4,6.934343,7.245416521704359
7.4,7.135354,8.066318267173692
7.4,7.336364,8.762319008357826
7.4,7.537374,9.285992811168239
7.4,7.738384,9.654001927333095
7.4,7.939394,9.907066453861926
7.4,8.140404,10.1042209154092
7.4,8.341414,10.25910209726774
7.4,8.542424,10.385983427388702
7.4,8.743434,10.490890480990187
7.4,8.944444,10.578130891862791
7.4,9.145455,10.655941421192454
7.4,9.346465,10.72508998274994
7.4,9.547475,10.788005496790348
7.4,9.748485,10.845086846284387
7.4,9.949495,10.894531527198707
7.4,10.15051,10.941770812846906
7.4,10.35152,10.99027325777786
7.4,10.55253,11.03042396815196
7.4,10.75354,11.07027232328451
7.4,10.95455,11.106085949647197
7.4,11.15556,11.13946106247009
7.4,11.35657,11.171817862200749
7.4,11.55758,11.203054300497739
7.4,11.75859,11.23146739784726
7.4,11.9596,11.260151904711979
7.4,12.16061,11.28676446145155
7.4,12.36162,11.31216445120456
7.4,12.56263,11.336893542086326
7.4,12.76364,11.360140162595293
7.4,12.96465,11.383607871541649
7.4,13.16566,11.405883907793783
7.4,13.36667,11.427467400878689
7.4,13.56768,11.448619990907089
7.4,13.76869,11.468940736177748
7.4,13.9697,11.489412500406239
7.4,14.17071,11.509173201627314
7.4,14.37172,11.528521791909778
7.4,14.57273,11.547589803066094
7.4,14.77374,11.566176788922725
7.4,14.97475,11.58486472409947
7.4,15.17576,11.603062141160887
7.4,15.37677,11.621007997490548
7.4,15.57778,11.63874355429349
7.4,15.77879,11.656148622391187
7.4,15.9798,11.673624546003978
7.4,16.18081,11.690700265114993
7.4,16.38182,11.707614870337512
7.4,16.58283,11.724359366085235
7.4,16.78384,11.74084368328925
7.4,16.98485,11.757388751401477
7.4,17.18586,11.773563788282882
7.4,17.38687,11.789658044634143
7.4,17.58788,11.805582310122261
7.4,17.78889,11.821286565715079
7.4,17.9899,11.837041466664514
7.4,18.19091,11.852456424001364
7.4,18.39192,11.867820839998256
7.4,18.59293,11.8830353293593
7.4,18.79394,11.89805988988548
7.4,18.99495,11.91311500029549
7.4,19.19596,11.927860223502593
7.4,19.39697,11.942575062390413
7.4,19.59798,11.95713001678774
7.4,19.79899,11.971525085986736
7.4,20.0,11.984890929429254
7.1000000000000005,0.3010101,3.2844789655839763
7.1000000000000005,0.5020202,3.436736087566537
7.1000000000000005,0.7030303,3.3014218407105522
7.1000000000000005,0.9040404,3.0460772225710446
7.1000000000000005,1.105051,2.7510207192428413
7.1000000000000005,1.306061,2.5003797601726103
7.1000000000000005,1.507071,2.378345023356641
7.1000000000000005,1.708081,2.4487564427902115
7.1000000000000005,1.909091,2.631713424153823
7.1000000000000005,2.110101,2.821060932038749
7.1000000000000005,2.311111,2.904638884398643
7.1000000000000005,2.512121,2.8419601063262534
7.1000000000000005,2.713131,2.6375822001470173
7.1000000000000005,2.914141,2.392791615714049
7.1000000000000005,3.115152,2.1898121453155586
7.1000000000000005,3.316162,2.081272542232189
7.1000000000000005,3.517172,2.0219467433089826
7.1000000000000005,3.718182,1.9313729944268272
7.1000000000000005,3.919192,1.8282127147249412
7.1000000000000005,4.120202,1.7778348062707474
7.1000000000000005,4.321212,1.8255422004864954
7.1000000000000005,4.522222,1.9722040900920472
7.1000000000000005,4.723232,2.2319580588422556
7.1000000000000005,4.924242,2.5527794344045334
7.1000000000000005,5.125253,2.9025653011176065
7.1000000000000005,5.326263,3.2366280753987784
7.1000000000000005,5.527273,3.548951829189334
7.1000000000000005,5.728283,3.803224442491279
7.1000000000000005,5.929293,4.038481830526707
7.1000000000000005,6.130303,4.334110038962648
7.1000000000000005,6.331313,4.789879025971353
7.1000000000000005,6.532323,5.430829250576712
7.1000000000000005,6.733333,6.286837842441597
7.1000000000000005,6.934343,7.216470431284546
7.1000000000000005,7.135354,8.07280128122808
7.1000000000000005,7.336364,8.776616192217299
7.1000000000000005,7.537374,9.311577392714726
7.1000000000000005,7.738384,9.680426935259382
7.1000000000000005,7.939394,9.931989240770125
7.1000000000000005,8.140404,10.125916958709062
7.1000000000000005,8.341414,10.279872697791067
7.1000000000000005,8.542424,10.404206736626916
7.1000000000000005,8.743434,10.507795506590915
7.1000000000000005,8.944444,10.594146532574952
7.1000000000000005,9.145455,10.670546669708179
7.1000000000000005,9.346465,10.739364431159043
7.1000000000000005,9.547475,10.801348360062157
7.1000000000000005,9.748485,10.858047758753477
7.1000000000000005,9.949495,10.909288509332391
7.1000000000000005,10.15051,10.956460802078972
7.1000000000000005,10.35152,11.000576417490743
7.1000000000000005,10.55253,11.041414333240247
7.1000000000000005,10.75354,11.080134583401128
7.1000000000000005,10.95455,11.111100801129057
7.1000000000000005,11.15556,11.143499842329993
7.1000000000000005,11.35657,11.177990937046848
7.1000000000000005,11.55758,11.210741224272992
7.1000000000000005,11.75859,11.239156883628857
7.1000000000000005,11.9596,11.266671449243278
7.1000000000000005,12.16061,11.291730173964817
7.1000000000000005,12.36162,11.316960879549013
7.1000000000000005,12.56263,11.34169129279457
7.1000000000000005,12.76364,11.36493885269839
7.1000000000000005,12.96465,11.387583363415779
7.1000000000000005,13.16566,11.408813990847076
7.1000000000000005,13.36667,11.43029720714912
7.1000000000000005,13.56768,11.451450083032626
7.1000000000000005,13.76869,11.471760906189942
7.1000000000000005,13.9697,11.491658579780433
7.1000000000000005,14.17071,11.510753907739316
7.1000000000000005,14.37172,11.53004186371523
7.1000000000000005,14.57273,11.549109682856118
7.1000000000000005,14.77374,11.567696381091135
7.1000000000000005,14.97475,11.586010455677995
7.1000000000000005,15.17576,11.60379330175954
7.1000000000000005,15.37677,11.621718495599769
7.1000000000000005,15.57778,11.639453694052447
7.1000000000000005,15.77879,11.656848362597664
7.1000000000000005,15.9798,11.67409094896142
7.1000000000000005,16.18081,11.690902987043332
7.1000000000000005,16.38182,11.707817013452978
7.1000000000000005,16.58283,11.724551123645165
7.1000000000000005,16.78384,11.741045038335654
7.1000000000000005,16.98485,11.757417337026519
7.1000000000000005,17.18586,11.773439494086436
7.1000000000000005,17.38687,11.789523282695583
7.1000000000000005,17.58788,11.805447192224324
7.1000000000000005,17.78889,11.821161086532717
7.1000000000000005,17.9899,11.83680374259085
7.1000000000000005,18.19091,11.852126482339912
7.1000000000000005,18.39192,11.86748053495925
7.1000000000000005,18.59293,11.882694717334012
7.1000000000000005,18.79394,11.897718970408034
7.1000000000000005,18.99495,11.912702277840204
7.1000000000000005,19.19596,11.927395795224752
7.1000000000000005,19.39697,11.942100358567307
7.1000000000000005,19.59798,11.956655058244962
7.1000000000000005,19.79899,11.971049874727601
7.1000000000000005,20.0,11.9833347827589
6.800000000000001,0.3010101,3.2645008699634848
6.800000000000001,0.5020202,3.4629844323486907
6.800000000000001,0.7030303,3.3413016394356156
6.800000000000001,0.9040404,3.0882650798135964
6.800000000000001,1.105051,2.78797876802016
6.800000000000001,1.306061,2.5332370363722876
6.800000000000001,1.507071,2.413449521390586
6.800000000000001,1.708081,2.4991372377944754
6.800000000000001,1.909091,2.713881645540017
6.800000000000001,2.110101,2.9536621907908502
6.800000000000001,2.311111,3.0954880920825825
6.800000000000001,2.512121,3.0734737361938542
6.800000000000001,2.713131,2.884525360500269
6.800000000000001,2.914141,2.6390219239618795
6.800000000000001,3.115152,2.4253502101110676
6.800000000000001,3.316162,2.288162737207896
6.800000000000001,3.517172,2.170119786741156
6.800000000000001,3.718182,2.005329925129304
6.800000000000001,3.919192,1.8434104640619924
6.800000000000001,4.120202,1.7598803932889362
6.800000000000001,4.321212,1.7912863644317851
6.800000000000001,4.522222,1.9489365794092046
6.800000000000001,4.723232,2.2154515837577042
6.800000000000001,4.924242,2.5581074381858753
6.800000000000001,5.125253,2.932759265253883
6.800000000000001,5.326263,3.301884143161204
6.800000000000001,5.527273,3.63090319502059
6.800000000000001,5.728283,3.8826841278583375
6.800000000000001,5.929293,4.087435668767988
6.800000000000001,6.130303,4.349225974785585
6.800000000000001,6.331313,4.757718427883032
6.800000000000001,6.532323,5.379098615482346
6.800000000000001,6.733333,6.239426580307265
6.800000000000001,6.934343,7.194588251710194
6.800000000000001,7.135354,8.071788464349169
6.800000000000001,7.336364,8.797866251687044
6.800000000000001,7.537374,9.33974776609237
6.800000000000001,7.738384,9.709000081148488
6.800000000000001,7.939394,9.958219665489963
6.800000000000001,8.140404,10.15000580228128
6.800000000000001,8.341414,10.301088274215639
6.800000000000001,8.542424,10.423766995180872
6.800000000000001,8.743434,10.525748718635958
6.800000000000001,8.944444,10.61080117769961
6.800000000000001,9.145455,10.686341748692179
6.800000000000001,9.346465,10.754098862214441
6.800000000000001,9.547475,10.815451231071627
6.800000000000001,9.748485,10.871497786731988
6.800000000000001,9.949495,10.922255398044365
6.800000000000001,10.15051,10.968734342678989
6.800000000000001,10.35152,11.011824997090322
6.800000000000001,10.55253,11.052117362983333
6.800000000000001,10.75354,11.089900785321882
6.800000000000001,10.95455,11.124512653305835
6.800000000000001,11.15556,11.158578635023392
6.800000000000001,11.35657,11.189787912637595
6.800000000000001,11.55758,11.218190762594547
6.800000000000001,11.75859,11.245476563457421
6.800000000000001,11.9596,11.27276284832207
6.800000000000001,12.16061,11.297822878241071
6.800000000000001,12.36162,11.322331396366478
6.800000000000001,12.56263,11.346208645765657
6.800000000000001,12.76364,11.368722846566259
6.800000000000001,12.96465,11.391237098909393
6.800000000000001,13.16566,11.412477794794215
6.800000000000001,13.36667,11.433437743055187
6.800000000000001,13.56768,11.454016627945684
6.800000000000001,13.76869,11.473843406170039
6.800000000000001,13.9697,11.493660213595563
6.800000000000001,14.17071,11.512755093988137
6.800000000000001,14.37172,11.531719678537058
6.800000000000001,14.57273,11.550433728139135
6.800000000000001,14.77374,11.568716811329162
6.800000000000001,14.97475,11.586989973311185
6.800000000000001,15.17576,11.604772237763319
6.800000000000001,15.37677,11.622484461333253
6.800000000000001,15.57778,11.639996491630871
6.800000000000001,15.77879,11.657208168751696
6.800000000000001,15.9798,11.674429962868823
6.800000000000001,16.18081,11.69124143728949
6.800000000000001,16.38182,11.70801299119809
6.800000000000001,16.58283,11.724624554373236
6.800000000000001,16.78384,11.740986081512597
6.800000000000001,16.98485,11.757357743953635
6.800000000000001,17.18586,11.773379409050316
6.800000000000001,17.38687,11.789371201840547
6.800000000000001,17.58788,11.805213114566122
6.800000000000001,17.78889,11.820845142378587
6.800000000000001,17.9899,11.836487308122795
6.800000000000001,18.19091,11.851809639093023
6.800000000000001,18.39192,11.86711210742582
6.800000000000001,18.59293,11.882264743071346
6.800000000000001,18.79394,11.897247548691547
6.800000000000001,18.99495,11.912230485879604
6.800000000000001,19.19596,11.92691367261523
6.800000000000001,19.39697,11.941596988275867
6.800000000000001,19.59798,11.955100929686065
6.800000000000001,19.79899,11.967375495045305
6.800000000000001,20.0,11.979640148924826
6.500000000000001,0.3010101,3.2641358433104046
6.500000000000001,0.5020202,3.4892598709225053
6.500000000000001,0.7030303,3.3753017870664954
6.500000000000001,0.9040404,3.1234619270390866
6.500000000000001,1.105051,2.8194363868115495
6.500000000000001,1.306061,2.562384371300625
6.500000000000001,1.507071,2.446453871966959
6.500000000000001,1.708081,2.5481207687846252
6.500000000000001,1.909091,2.79412334711837
6.500000000000001,2.110101,3.0813530729490686
6.500000000000001,2.311111,3.2779643577749256
6.500000000000001,2.512121,3.2967272222430917
6.500000000000001,2.713131,3.1271921982560524
6.500000000000001,2.914141,2.8869642613850663
6.500000000000001,3.115152,2.6635080209628055
6.500000000000001,3.316162,2.4820885284203866
6.500000000000001,3.517172,2.2880296283544275
6.500000000000001,3.718182,2.048328611550271
6.500000000000001,3.919192,1.8384234993985091
6.500000000000001,4.120202,1.7298191603589668
6.500000000000001,4.321212,1.7720924124837478
6.500000000000001,4.522222,1.915145901252069
6.500000000000001,4.723232,2.1856172729178023
6.500000000000001,4.924242,2.5556776956158536
6.500000000000001,5.125253,2.957623266617826
6.500000000000001,5.326263,3.3673024561608793
6.500000000000001,5.527273,3.7148122539091486
6.500000000000001,5.728283,3.9647908568398575
6.500000000000001,5.929293,4.138977024409069
6.500000000000001,6.130303,4.366541369964051
6.500000000000001,6.331313,4.725484324514059
6.500000000000001,6.532323,5.326376199928389
6.500000000000001,6.733333,6.190969790713291
6.500000000000001,6.934343,7.173674009632113
6.500000000000001,7.135354,8.072837669981164
6.500000000000001,7.336364,8.822484380606499
6.500000000000001,7.537374,9.371195170751744
6.500000000000001,7.738384,9.74018048718583
6.500000000000001,7.939394,9.986387248137392
6.500000000000001,8.140404,10.175783555221816
6.500000000000001,8.341414,10.32358599052466
6.500000000000001,8.542424,10.444491140137236
6.500000000000001,8.743434,10.544737067394173
6.500000000000001,8.944444,10.6283817049756
6.500000000000001,9.145455,10.703013287245655
6.500000000000001,9.346465,10.769549704196962
6.500000000000001,9.547475,10.83017075962217
6.500000000000001,9.748485,10.885304529994576
6.500000000000001,9.949495,10.934878945500563
6.500000000000001,10.15051,10.980864377305771
6.500000000000001,10.35152,11.0232999006315
6.500000000000001,10.55253,11.063186905149411
6.500000000000001,10.75354,11.100403173897693
6.500000000000001,10.95455,11.134924246245461
6.500000000000001,11.15556,11.16725330010732
6.500000000000001,11.35657,11.195991107678639
6.500000000000001,11.55758,11.222751386399967
6.500000000000001,11.75859,11.25335639695671
6.500000000000001,11.9596,11.279556363257777
6.500000000000001,12.16061,11.304208424243786
6.500000000000001,12.36162,11.328577117194346
6.500000000000001,12.56263,11.350571717709752
6.500000000000001,12.76364,11.372191809706685
6.500000000000001,12.96465,11.39454568911993
6.500000000000001,13.16566,11.415786444039508
6.500000000000001,13.36667,11.436221583094357
6.500000000000001,13.56768,11.456214720123182
6.500000000000001,13.76869,11.475535839191044
6.500000000000001,13.9697,11.49528151145874
6.500000000000001,14.17071,11.514365908248697
6.500000000000001,14.37172,11.5330160726782
6.500000000000001,14.57273,11.551395237763916
6.500000000000001,14.77374,11.569383737582104
6.500000000000001,14.97475,11.587625836995356
6.500000000000001,15.17576,11.605407486054615
6.500000000000001,15.37677,11.622916027758661
6.500000000000001,15.57778,11.640234155419071
6.500000000000001,15.77879,11.65727219669726
6.500000000000001,15.9798,11.674473111322426
6.500000000000001,16.18081,11.691283997409704
6.500000000000001,16.38182,11.70793259727975
6.500000000000001,16.58283,11.724421133676797
6.500000000000001,16.78384,11.74067985171203
6.500000000000001,16.98485,11.757040830723597
6.500000000000001,17.18586,11.773061987846525
6.500000000000001,17.38687,11.788981463383022
6.500000000000001,17.58788,11.804751069695987
6.500000000000001,17.78889,11.820330959529786
6.500000000000001,17.9899,11.835962611375374
6.500000000000001,18.19091,11.851284524048786
6.500000000000001,18.39192,11.866545200000106
6.500000000000001,18.59293,11.8816560985418
6.500000000000001,18.79394,11.896607295026701
6.500000000000001,18.99495,11.911589851344758
6.500000000000001,19.19596,11.92627270123216
6.500000000000001,19.39697,11.940924650197697
6.500000000000001,19.59798,11.955426846977524
6.500000000000001,19.79899,11.969779311171823
6.500000000000001,20.0,11.982063740851057
6.200000000000001,0.3010101,3.276666542303225
6.200000000000001,0.5020202,3.5199562015331667
6.200000000000001,0.7030303,3.4095015439954
6.200000000000001,0.9040404,3.1566078098996857
6.200000000000001,1.105051,2.8486696486930327
6.200000000000001,1.306061,2.5898094247864876
6.200000000000001,1.507071,2.478982587168841
6.200000000000001,1.708081,2.6007523538221107
6.200000000000001,1.909091,2.878383237064863
6.200000000000001,2.110101,3.2102904352333925
6.200000000000001,2.311111,3.452080599053164
6.200000000000001,2.512121,3.5074023768695954
6.200000000000001,2.713131,3.355964613593019
6.200000000000001,2.914141,3.118076283978601
6.200000000000001,3.115152,2.876720287444584
6.200000000000001,3.316162,2.6374790030384414
6.200000000000001,3.517172,2.3570230219712007
6.200000000000001,3.718182,2.049414452228904
6.200000000000001,3.919192,1.8109978560304951
6.200000000000001,4.120202,1.6871568833111543
6.200000000000001,4.321212,1.7190890443553908
6.200000000000001,4.522222,1.8677696850487109
6.200000000000001,4.723232,2.153765907930516
6.200000000000001,4.924242,2.5423717014308
6.200000000000001,5.125253,3.0002682936559935
6.200000000000001,5.326263,3.425026050246077
6.200000000000001,5.527273,3.8036453863767075
6.200000000000001,5.728283,4.050479603024773
6.200000000000001,5.929293,4.2027284769802185
6.200000000000001,6.130303,4.365611590483649
6.200000000000001,6.331313,4.706931050102884
6.200000000000001,6.532323,5.273120850993959
6.200000000000001,6.733333,6.1419276115701456
6.200000000000001,6.934343,7.145200444286266
6.200000000000001,7.135354,8.087555931003603
6.200000000000001,7.336364,8.846010697162201
6.200000000000001,7.537374,9.405310499758725
6.200000000000001,7.738384,9.773450107916192
6.200000000000001,7.939394,10.017130515271182
6.200000000000001,8.140404,10.201563374693459
6.200000000000001,8.341414,10.348196358456361
6.200000000000001,8.542424,10.465849111362264
6.200000000000001,8.743434,10.56448967645718
6.200000000000001,8.944444,10.647056840876267
6.200000000000001,9.145455,10.7199183605799
6.200000000000001,9.346465,10.78604502406057
6.200000000000001,9.547475,10.84531320647741
6.200000000000001,9.748485,10.89969414990849
6.200000000000001,9.949495,10.948525043841563
6.200000000000001,10.15051,10.99336480241621
6.200000000000001,10.35152,11.035505810155563
6.200000000000001,10.55253,11.074273829657354
6.200000000000001,10.75354,11.11088188101016
6.200000000000001,10.95455,11.144734928840775
6.200000000000001,11.15556,11.175924814914996
6.200000000000001,11.35657,11.205535020138463
6.200000000000001,11.55758,11.233397437037603
6.200000000000001,11.75859,11.261088880619438
6.200000000000001,11.9596,11.285659501503238
6.200000000000001,12.16061,11.309747459922727
6.200000000000001,12.36162,11.333040558202352
6.200000000000001,12.56263,11.353419132960248
6.200000000000001,12.76364,11.375049211913366
6.200000000000001,12.96465,11.398169457717433
6.200000000000001,13.16566,11.41809780077474
6.200000000000001,13.36667,11.438421388521506
6.200000000000001,13.56768,11.458413867305167
6.200000000000001,13.76869,11.477734135202352
6.200000000000001,13.9697,11.496892216862046
6.200000000000001,14.17071,11.515347222226236
6.200000000000001,14.37172,11.533935883465361
6.200000000000001,14.57273,11.552314181823117
6.200000000000001,14.77374,11.57030175424682
6.200000000000001,14.97475,11.588197759858538
6.200000000000001,15.17576,11.605612312149459
6.200000000000001,15.37677,11.623099618759147
6.200000000000001,15.57778,11.640416926172822
6.200000000000001,15.77879,11.657454130657573
6.200000000000001,15.9798,11.674440169089667
6.200000000000001,16.18081,11.691035745907248
6.200000000000001,16.38182,11.70767339448805
6.200000000000001,16.58283,11.724161233964475
6.200000000000001,16.78384,11.740419255024886
6.200000000000001,16.98485,11.756646421461992
6.200000000000001,17.18586,11.772553661583915
6.200000000000001,17.38687,11.788462428789506
6.200000000000001,17.58788,11.804231470788842
6.200000000000001,17.78889,11.819810802353242
6.200000000000001,17.9899,11.835369509655232
6.200000000000001,18.19091,11.850618554537917
6.200000000000001,18.39192,11.86587871181772
6.200000000000001,18.59293,11.880989164104072
6.200000000000001,18.79394,11.895939921104873
6.200000000000001,18.99495,11.910880224398992
6.200000000000001,19.19596,11.92553099944873
6.200000000000001,19.39697,11.9401825717599
6.200000000000001,19.59798,11.95469441869856
6.200000000000001,19.79899,11.969036539202797
6.200000000000001,20.0,11.982338981471965
5.9,0.3010101,3.2984939510718565
5.9,0.5020202,3.554125911720518
5.9,0.7030303,3.443994093759221
5.9,0.9040404,3.188461169205011
5.9,1.105051,2.8768209779640856
5.9,1.306061,2.6163129875319626
5.9,1.507071,2.51241184137
5.9,1.708081,2.657298380198185
5.9,1.909091,2.9719140952442675
5.9,2.110101,3.3431249834165584
5.9,2.311111,3.624786581104918
5.9,2.512121,3.705804520901189
5.9,2.713131,3.561070427594773
5.9,2.914141,3.3122582729933905
5.9,3.115152,3.0378221058529364
5.9,3.316162,2.724859399963185
5.9,3.517172,2.3600228521749385
5.9,3.718182,2.0109986618147464
5.9,3.919192,1.7606784848445274
5.9,4.120202,1.6317073878960329
5.9,4.321212,1.6623363631076626
5.9,4.522222,1.8139966954133546
5.9,4.723232,2.119012021868399
5.9,4.924242,2.5536909329758464
5.9,5.125253,3.0219685546819064
5.9,5.326263,3.508001829868445
5.9,5.527273,3.903543690198625
5.9,5.728283,4.142854653804553
5.9,5.929293,4.248565279890419
5.9,6.130303,4.3994038615407
5.9,6.331313,4.670173201946773
5.9,6.532323,5.217450788845341
5.9,6.733333,6.090704716958116
5.9,6.934343,7.134108050400753
5.9,7.135354,8.085074922481827
5.9,7.336364,8.878200878451969
5.9,7.537374,9.442723097694754
5.9,7.738384,9.80891443114561
5.9,7.939394,10.047467410349022
5.9,8.140404,10.23076671990719
5.9,8.341414,10.372332547602673
5.9,8.542424,10.48874301359948
5.9,8.743434,10.58513752465069
5.9,8.944444,10.665805630540095
5.9,9.145455,10.738248457717475
5.9,9.346465,10.80254168329796
5.9,9.547475,10.86137848011208
5.9,9.748485,10.914604529391134
5.9,9.949495,10.962279297965013
5.9,10.15051,11.006774605372936
5.9,10.35152,11.047485553627022
5.9,10.55253,11.085907276084258
5.9,10.75354,11.121353981053279
5.9,10.95455,11.153955819323187
5.9,11.15556,11.184866503941679
5.9,11.35657,11.213659044903073
5.9,11.55758,11.241390458636193
5.9,11.75859,11.26705547553757
5.9,11.9596,11.291328491898208
5.9,12.16061,11.31488100057105
5.9,12.36162,11.337138007909138
5.9,12.56263,11.35842829123393
5.9,12.76364,11.380770253523961
5.9,12.96465,11.401091706540605
5.9,13.16566,11.420787019199487
5.9,13.36667,11.440414205770534
5.9,13.56768,11.460285029544004
5.9,13.76869,11.479198312223184
5.9,13.9697,11.498040690185771
5.9,14.17071,11.516372323155021
5.9,14.37172,11.534614079197588
5.9,14.57273,11.552940640370597
5.9,14.77374,11.570712840731508
5.9,14.97475,11.588444667356557
5.9,15.17576,11.605786458504813
5.9,15.37677,11.62306853612177
5.9,15.57778,11.640354500813396
5.9,15.77879,11.657257512273425
5.9,15.9798,11.674150439946372
5.9,16.18081,11.690703822622924
5.9,16.38182,11.7072275466137
5.9,16.58283,11.723694389073124
5.9,16.78384,11.739879209882224
5.9,16.98485,11.756064106888372
5.9,17.18586,11.771929641584672
5.9,17.38687,11.787785498715076
5.9,17.58788,11.803543818703577
5.9,17.78889,11.819080729308682
5.9,17.9899,11.834607794703434
5.9,18.19091,11.84985552590806
5.9,18.39192,11.86508353465591
5.9,18.59293,11.880193469733724
5.9,18.79394,11.895122403743995
5.9,18.99495,11.910051522690834
5.9,19.19596,11.92470130018724
5.9,19.39697,11.939331304824336
5.9,19.59798,11.953842782666246
5.9,19.79899,11.966104908921755
5.9,20.0,11.978357182009402
5.6000000000000005,0.3010101,3.3254356519776835
5.6000000000000005,0.5020202,3.5899113050575866
5.6000000000000005,0.7030303,3.4778625444573623
5.6000000000000005,0.9040404,3.219053389636514
5.6000000000000005,1.105051,2.9028804856043355
5.6000000000000005,1.306061,2.641289700049263
5.6000000000000005,1.507071,2.5457920233803475
5.6000000000000005,1.708081,2.7174283282591665
5.6000000000000005,1.909091,3.0693891931843846
5.6000000000000005,2.110101,3.486042704237766
5.6000000000000005,2.311111,3.8002069951584545
5.6000000000000005,2.512121,3.893342924188329
5.6000000000000005,2.713131,3.7398247200023222
5.6000000000000005,2.914141,3.462466208007356
5.6000000000000005,3.115152,3.1282362870457368
5.6000000000000005,3.316162,2.7313303857534845
5.6000000000000005,3.517172,2.304441331058079
5.6000000000000005,3.718182,1.9382029773745706
5.6000000000000005,3.919192,1.689764386548752
5.6000000000000005,4.120202,1.5638026929543893
5.6000000000000005,4.321212,1.599924378671473
5.6000000000000005,4.522222,1.7650247339070804
5.6000000000000005,4.723232,2.095592400063605
5.6000000000000005,4.924242,2.5559035277448894
5.6000000000000005,5.125253,3.089816042901075
5.6000000000000005,5.326263,3.5938862661481235
5.6000000000000005,5.527273,4.0165631597779585
5.6000000000000005,5.728283,4.2411148815854895
5.6000000000000005,5.929293,4.31769210501798
5.6000000000000005,6.130303,4.397574645523894
5.6000000000000005,6.331313,4.649930786481698
5.6000000000000005,6.532323,5.160319789147016
5.6000000000000005,6.733333,6.03760997963545
5.6000000000000005,6.934343,7.1055541766842545
5.6000000000000005,7.135354,8.10506995369433
5.6000000000000005,7.336364,8.908087094791929
5.6000000000000005,7.537374,9.48231373034622
5.6000000000000005,7.738384,9.84607779181453
5.6000000000000005,7.939394,10.081263380645964
5.6000000000000005,8.140404,10.2586832756538
5.6000000000000005,8.341414,10.398880390916776
5.6000000000000005,8.542424,10.511756279510864
5.6000000000000005,8.743434,10.60640356823994
5.6000000000000005,8.944444,10.68591230896635
5.6000000000000005,9.145455,10.756431560361197
5.6000000000000005,9.346465,10.820253692449016
5.6000000000000005,9.547475,10.877573902038213
5.6000000000000005,9.748485,10.929954513726166
5.6000000000000005,9.949495,10.976832649388797
5.6000000000000005,10.15051,11.019927152162357
5.6000000000000005,10.35152,11.060241245111026
5.6000000000000005,10.55253,11.097259147559303
5.6000000000000005,10.75354,11.131914547213437
5.6000000000000005,10.95455,11.163643681889614
5.6000000000000005,11.15556,11.193236712200024
5.6000000000000005,11.35657,11.221597814435448
5.6000000000000005,11.55758,11.248000989795283
5.6000000000000005,11.75859,11.27312157600023
5.6000000000000005,11.9596,11.296808049621285
5.6000000000000005,12.16061,11.319480891422298
5.6000000000000005,12.36162,11.341593462038903
5.6000000000000005,12.56263,11.362887883718093
5.6000000000000005,12.76364,11.383763793133953
5.6000000000000005,12.96465,11.401218118069025
5.6000000000000005,13.16566,11.420732540282295
5.6000000000000005,13.36667,11.44148391876184
5.6000000000000005,13.56768,11.461442463635187
5.6000000000000005,13.76869,11.479998000115852
5.6000000000000005,13.9697,11.498838994878367
5.6000000000000005,14.17071,11.517169169577365
5.6000000000000005,14.37172,11.535296957838462
5.6000000000000005,14.57273,11.553070685670674
5.6000000000000005,14.77374,11.570657107828207
5.6000000000000005,14.97475,11.58838771027897
5.6000000000000005,15.17576,11.605718257083085
5.6000000000000005,15.37677,11.622937176429314
5.6000000000000005,15.57778,11.639913650646672
5.6000000000000005,15.77879,11.656722591171674
5.6000000000000005,15.9798,11.673614512904255
5.6000000000000005,16.18081,11.690166899559047
5.6000000000000005,16.38182,11.70664817788469
5.6000000000000005,16.58283,11.722948052785862
5.6000000000000005,16.78384,11.739090044162909
5.6000000000000005,16.98485,11.755264151371772
5.6000000000000005,17.18586,11.771138915117536
5.6000000000000005,17.38687,11.786972908760271
5.6000000000000005,17.58788,11.802646137477074
5.6000000000000005,17.78889,11.818161088665926
5.6000000000000005,17.9899,11.833697546228766
5.6000000000000005,18.19091,11.848934690205963
5.6000000000000005,18.39192,11.86415128377806
5.6000000000000005,18.59293,11.879227485828483
5.6000000000000005,18.79394,11.894155055707234
5.6000000000000005,18.99495,11.909083711275827
5.6000000000000005,19.19596,11.923733044690028
5.6000000000000005,19.39697,11.93837196134712
5.6000000000000005,19.59798,11.952860687672686
5.6000000000000005,19.79899,11.96617119521615
5.6000000000000005,20.0,11.978423182064146
5.300000000000001,0.3010101,3.3544290795577663
5.300000000000001,0.5020202,3.624611331271721
5.300000000000001,0.7030303,3.5095196571415435
5.300000000000001,0.9040404,3.2466612634518186
5.300000000000001,1.105051,2.9257547538667654
5.300000000000001,1.306061,2.6630521675829786
5.300000000000001,1.507071,2.5773147960861986
5.300000000000001,1.708081,2.776083746116537
5.300000000000001,1.909091,3.1705853571932177
5.300000000000001,2.110101,3.6350818261154867
5.300000000000001,2.311111,3.976732286951011
5.300000000000001,2.512121,4.071020877491112
5.300000000000001,2.713131,3.8983635528670297
5.300000000000001,2.914141,3.5742719762237485
5.300000000000001,3.115152,3.15823937102166
5.300000000000001,3.316162,2.677377714345284
5.300000000000001,3.517172,2.21096523859984
5.300000000000001,3.718182,1.8407163111167348
5.300000000000001,3.919192,1.6014538708214017
5.300000000000001,4.120202,1.4864650855107884
5.300000000000001,4.321212,1.5382790872668912
5.300000000000001,4.522222,1.7220018772183612
5.300000000000001,4.723232,2.081773308695798
5.300000000000001,4.924242,2.589214033884617
5.300000000000001,5.125253,3.163625592394361
5.300000000000001,5.326263,3.714653157891259
5.300000000000001,5.527273,4.1492169111134345
5.300000000000001,5.728283,4.349987373074048
5.300000000000001,5.929293,4.375967549624169
5.300000000000001,6.130303,4.413433784298186
5.300000000000001,6.331313,4.611142493131802
5.300000000000001,6.532323,5.098153969760206
5.300000000000001,6.733333,5.980636038400374
5.300000000000001,6.934343,7.085894497683528
5.300000000000001,7.135354,8.114425857355556
5.300000000000001,7.336364,8.944947318092224
5.300000000000001,7.537374,9.524884398392794
5.300000000000001,7.738384,9.885164895570188
5.300000000000001,7.939394,10.115096041496393
5.300000000000001,8.140404,10.289002307984129
5.300000000000001,8.341414,10.425077375620855
5.300000000000001,8.542424,10.535806772492405
5.300000000000001,8.743434,10.628443657949006
5.300000000000001,8.944444,10.706299198343322
5.300000000000001,9.145455,10.775694615691462
5.300000000000001,9.346465,10.838039399487815
5.300000000000001,9.547475,10.894432961858953
5.300000000000001,9.748485,10.945714597782558
5.300000000000001,9.949495,10.99148214821377
5.300000000000001,10.15051,11.033695984135303
5.300000000000001,10.35152,11.072695509729913
5.300000000000001,10.55253,11.108820212145448
5.300000000000001,10.75354,11.142359675450775
5.300000000000001,10.95455,11.173021853558875
5.300000000000001,11.15556,11.201758400645572
5.300000000000001,11.35657,11.228859450086865
5.300000000000001,11.55758,11.25449531748868
5.300000000000001,11.75859,11.278806576448805
5.300000000000001,11.9596,11.301813207991154
5.300000000000001,12.16061,11.323946785446775
5.300000000000001,12.36162,11.345456738160514
5.300000000000001,12.56263,11.36629345400981
5.300000000000001,12.76364,11.386308155478881
5.300000000000001,12.96465,11.405624215120772
5.300000000000001,13.16566,11.424758350169201
5.300000000000001,13.36667,11.443842404816953
5.300000000000001,13.56768,11.462695434446395
5.300000000000001,13.76869,11.481116137409053
5.300000000000001,13.9697,11.499527374787816
5.300000000000001,14.17071,11.517518350727673
5.300000000000001,14.37172,11.535439744376106
5.300000000000001,14.57273,11.553211667783607
5.300000000000001,14.77374,11.570704098380201
5.300000000000001,14.97475,11.588207084827697
5.300000000000001,15.17576,11.605360849089223
5.300000000000001,15.37677,11.622475184934533
5.300000000000001,15.57778,11.639440246412605
5.300000000000001,15.77879,11.656206126631211
5.300000000000001,15.9798,11.672962518936552
5.300000000000001,16.18081,11.689420000613334
5.300000000000001,16.38182,11.70585802953576
5.300000000000001,16.58283,11.722156833711193
5.300000000000001,16.78384,11.738266515644199
5.300000000000001,16.98485,11.75437664163148
5.300000000000001,17.18586,11.770207884278966
5.300000000000001,17.38687,11.786009590024607
5.300000000000001,17.58788,11.801692018475654
5.300000000000001,17.78889,11.817195235812054
5.300000000000001,17.9899,11.832698823955594
5.300000000000001,18.19091,11.847923428862275
5.300000000000001,18.39192,11.863128406407858
5.300000000000001,18.59293,11.878204012613642
5.300000000000001,18.79394,11.893130273285037
5.300000000000001,18.99495,11.908046839937375
5.300000000000001,19.19596,11.922694303801416
5.300000000000001,19.39697,11.937332059528947
5.300000000000001,19.59798,11.951830342744044
5.300000000000001,19.79899,11.96616914870088
5.300000000000001,20.0,11.980518204486183
5.000000000000001,0.3010101,3.380975892982218
5.000000000000001,0.5020202,3.6549697671823136
5.000000000000001,0.7030303,3.5358789440523832
5.000000000000001,0.9040404,3.2683864229914277
5.000000000000001,1.105051,2.9424835889509002
5.000000000000001,1.306061,2.6780621473243884
5.000000000000001,1.507071,2.602479032890752
5.000000000000001,1.708081,2.830796618014267
5.000000000000001,1.909091,3.271853998153862
5.000000000000001,2.110101,3.784791709334255
5.000000000000001,2.311111,4.147364930584303
5.000000000000001,2.512121,4.238758461494957
5.000000000000001,2.713131,4.0423719835397085
5.000000000000001,2.914141,3.659557492064549
5.000000000000001,3.115152,3.152518586698965
5.000000000000001,3.316162,2.5995028402665383
5.000000000000001,3.517172,2.1027784016863924
5.000000000000001,3.718182,1.7310310193982803
5.000000000000001,3.919192,1.5031562849200677
5.000000000000001,4.120202,1.405726354519703
5.000000000000001,4.321212,1.4869807708018992
5.000000000000001,4.522222,1.6982001789763685
5.000000000000001,4.723232,2.0946796257557123
5.000000000000001,4.924242,2.6570007517168936
5.000000000000001,5.125253,3.2737785378352138
5.000000000000001,5.326263,3.8655015880973385
5.000000000000001,5.527273,4.306431198193218
5.000000000000001,5.728283,4.470466776132728
5.000000000000001,5.929293,4.43092684270439
5.000000000000001,6.130303,4.421974464904228
5.000000000000001,6.331313,4.561557608106398
5.000000000000001,6.532323,5.025584821758806
5.000000000000001,6.733333,5.917015871304903
5.000000000000001,6.934343,7.065430479764995
5.000000000000001,7.135354,8.124972010581974
5.000000000000001,7.336364,8.984848292746628
5.000000000000001,7.537374,9.570187478502694
5.000000000000001,7.738384,9.925766238424051
5.000000000000001,7.939394,10.149813947804532
5.000000000000001,8.140404,10.320092757229752
5.000000000000001,8.341414,10.451969061995037
5.000000000000001,8.542424,10.560538301253601
5.000000000000001,8.743434,10.651140186315427
5.000000000000001,8.944444,10.727297860693607
5.000000000000001,9.145455,10.795556399766399
5.000000000000001,9.346465,10.856308328570895
5.000000000000001,9.547475,10.911722294279325
5.000000000000001,9.748485,10.961800728451161
5.000000000000001,9.949495,11.006353231280727
5.000000000000001,10.15051,11.047603262348371
5.000000000000001,10.35152,11.085122231368524
5.000000000000001,10.55253,11.120280520216875
5.000000000000001,10.75354,11.152579359517887
5.000000000000001,10.95455,11.18207008125378
5.000000000000001,11.15556,11.209927053290748
5.000000000000001,11.35657,11.235732462976538
5.000000000000001,11.55758,11.260568003842906
5.000000000000001,11.75859,11.28396560919217
5.000000000000001,11.9596,11.306199172504709
5.000000000000001,12.16061,11.327751571992552
5.000000000000001,12.36162,11.348396135649919
5.000000000000001,12.56263,11.368723007987814
5.000000000000001,12.76364,11.388346836581077
5.000000000000001,12.96465,11.405155147728411
5.000000000000001,13.16566,11.423784551445522
5.000000000000001,13.36667,11.443876558726974
5.000000000000001,13.56768,11.463401015449506
5.000000000000001,13.76869,11.481656848056089
5.000000000000001,13.9697,11.499598379779501
5.000000000000001,14.17071,11.517278496737962
5.000000000000001,14.37172,11.535022257211075
5.000000000000001,14.57273,11.552792298536183
5.000000000000001,14.77374,11.570210056512398
5.000000000000001,14.97475,11.587493772560187
5.000000000000001,15.17576,11.60450953400698
5.000000000000001,15.37677,11.621538586455245
5.000000000000001,15.57778,11.638512198591034
5.000000000000001,15.77879,11.655234654565833
5.000000000000001,15.9798,11.671894681398777
5.000000000000001,16.18081,11.68829658314734
5.000000000000001,16.38182,11.70469098065567
5.000000000000001,16.58283,11.720988697965765
5.000000000000001,16.78384,11.737085851278543
5.000000000000001,16.98485,11.75316151047748
5.000000000000001,17.18586,11.768968844628343
5.000000000000001,17.38687,11.784768053804823
5.000000000000001,17.58788,11.800439676953697
5.000000000000001,17.78889,11.81594102824038
5.000000000000001,17.9899,11.831441467603408
5.000000000000001,18.19091,11.8466633137201
5.000000000000001,18.39192,11.861876562343413
5.000000000000001,18.59293,11.876951572544677
5.000000000000001,18.79394,11.891876449525817
5.000000000000001,18.99495,11.906800774518718
5.000000000000001,19.19596,11.921456270968896
5.000000000000001,19.39697,11.936102818518238
5.000000000000001,19.59798,11.950600659676645
5.000000000000001,19.79899,11.963919326636255
5.000000000000001,20.0,11.9761885260061
4.700000000000001,0.3010101,3.3999440665651512
4.700000000000001,0.5020202,3.677732720695427
4.700000000000001,0.7030303,3.5536853990955297
4.700000000000001,0.9040404,3.281468622749669
4.700000000000001,1.105051,2.950253538652416
4.700000000000001,1.306061,2.682633508001869
4.700000000000001,1.507071,2.615953733993573
4.700000000000001,1.708081,2.8789709319645285
4.700000000000001,1.909091,3.3675335693238173
4.700000000000001,2.110101,3.9268689675616435
4.700000000000001,2.311111,4.305832694715748
4.700000000000001,2.512121,4.397553057290141
4.700000000000001,2.713131,4.181375601172562
4.700000000000001,2.914141,3.741599759181706
4.700000000000001,3.115152,3.149890813322643
4.700000000000001,3.316162,2.5350155003637456
4.700000000000001,3.517172,2.0066341273281236
4.700000000000001,3.718182,1.63020300123657
4.700000000000001,3.919192,1.4110192767860235
4.700000000000001,4.120202,1.3341582911735173
4.700000000000001,4.321212,1.4369978763846836
4.700000000000001,4.522222,1.7088521595658328
4.700000000000001,4.723232,2.152803757736689
4.700000000000001,4.924242,2.7529692583035295
4.700000000000001,5.125253,3.4457281458879323
4.700000000000001,5.326263,4.054552159129555
4.700000000000001,5.527273,4.478941965342396
4.700000000000001,5.728283,4.584133089461155
4.700000000000001,5.929293,4.498115221753899
4.700000000000001,6.130303,4.389626645995712
4.700000000000001,6.331313,4.507979204661802
4.700000000000001,6.532323,4.938460842732899
4.700000000000001,6.733333,5.846142779293955
4.700000000000001,6.934343,7.0287796426142775
4.700000000000001,7.135354,8.15449212383304
4.700000000000001,7.336364,9.02579193279815
4.700000000000001,7.537374,9.617245713332512
4.700000000000001,7.738384,9.96680042960747
4.700000000000001,7.939394,10.186613945188824
4.700000000000001,8.140404,10.350033876919747
4.700000000000001,8.341414,10.480482081814745
4.700000000000001,8.542424,10.585448388435319
4.700000000000001,8.743434,10.67424058796735
4.700000000000001,8.944444,10.749168245846148
4.700000000000001,9.145455,10.815286265080257
4.700000000000001,9.346465,10.875500355109734
4.700000000000001,9.547475,10.92906140635038
4.700000000000001,9.748485,10.97807389700904
4.700000000000001,9.949495,11.02157914366126
4.700000000000001,10.15051,11.060940880112867
4.700000000000001,10.35152,11.097935946503261
4.700000000000001,10.55253,11.13120269468186
4.700000000000001,10.75354,11.162489451595105
4.700000000000001,10.95455,11.190946071995596
4.700000000000001,11.15556,11.217159248764645
4.700000000000001,11.35657,11.242516526980197
4.700000000000001,11.55758,11.265907673906575
4.700000000000001,11.75859,11.288621784724379
4.700000000000001,11.9596,11.310150027386756
4.700000000000001,12.16061,11.330710837133072
4.700000000000001,12.36162,11.351087045173864
4.700000000000001,12.56263,11.370594407246877
4.700000000000001,12.76364,11.389888462374058
4.700000000000001,12.96465,11.408778525153135
4.700000000000001,13.16566,11.427317408615895
4.700000000000001,13.36667,11.445746617909968
4.700000000000001,13.56768,11.462360368818533
4.700000000000001,13.76869,11.48030829348677
4.700000000000001,13.9697,11.499440787964593
4.700000000000001,14.17071,11.517074032181474
4.700000000000001,14.37172,11.534701940383684
4.700000000000001,14.57273,11.552014058444074
4.700000000000001,14.77374,11.569283559281514
4.700000000000001,14.97475,11.586575166072226
4.700000000000001,15.17576,11.603588893941584
4.700000000000001,15.37677,11.620563617061459
4.700000000000001,15.57778,11.637354086880432
4.700000000000001,15.77879,11.654011205841638
4.700000000000001,15.9798,11.67067969933252
4.700000000000001,16.18081,11.687080131784276
4.700000000000001,16.38182,11.703441374682564
4.700000000000001,16.58283,11.719680001577748
4.700000000000001,16.78384,11.735753614207626
4.700000000000001,16.98485,11.75182816458322
4.700000000000001,17.18586,11.767634440762773
4.700000000000001,17.38687,11.783421354002632
4.700000000000001,17.58788,11.799096628440184
4.700000000000001,17.78889,11.814585620440507
4.700000000000001,17.9899,11.830085255916446
4.700000000000001,18.19091,11.845306338452477
4.700000000000001,18.39192,11.860517906419142
4.700000000000001,18.59293,11.875628441907946
4.700000000000001,18.79394,11.890551730756805
4.700000000000001,18.99495,11.905485469073312
4.700000000000001,19.19596,11.9201404107877
4.700000000000001,19.39697,11.934795717176872
4.700000000000001,19.59798,11.949330354740935
4.700000000000001,19.79899,11.961618908212287
4.700000000000001,20.0,11.9738877198002
4.4,0.3010101,3.406100153301001
4.4,0.5020202,3.688286130412476
4.4,0.7030303,3.5591845794272476
4.4,0.9040404,3.281501375842072
4.4,1.105051,2.9453772251831136
4.4,1.306061,2.6720088170085012
4.4,1.507071,2.6112389718474986
4.4,1.708081,2.9092648204983735
4.4,1.909091,3.4508815569887688
4.4,2.110101,4.048863923822678
4.4,2.311111,4.444022594761153
4.4,2.512121,4.544705561426791
4.4,2.713131,4.329171629294647
4.4,2.914141,3.8470558611575894
4.4,3.115152,3.1903415232733208
4.4,3.316162,2.5173762918337275
4.4,3.517172,1.9536769641279208
4.4,3.718182,1.5653781312798165
4.4,3.919192,1.3513906863461922
4.4,4.120202,1.29442486681788
4.4,4.321212,1.439924725729873
4.4,4.522222,1.7443140352518236
4.4,4.723232,2.238075752755029
4.4,4.924242,2.92908096258402
4.4,5.125253,3.644760229375437
4.4,5.326263,4.341801278068873
4.4,5.527273,4.762578659771794
4.4,5.728283,4.696356516741336
4.4,5.929293,4.437609600559257
4.4,6.130303,4.308130596345257
4.4,6.331313,4.313819551695546
4.4,6.532323,4.720700250693137
4.4,6.733333,5.676429479974005
4.4,6.934343,6.998328946882958
4.4,7.135354,8.144685313181867
4.4,7.336364,9.080004006132265
4.4,7.537374,9.669392699189588
4.4,7.738384,10.009971997227197
4.4,7.939394,10.221301139376953
4.4,8.140404,10.383362981339697
4.4,8.341414,10.508001321184825
4.4,8.542424,10.611619722464608
4.4,8.743434,10.697919347999575
4.4,8.944444,10.770752280138161
4.4,9.145455,10.836329445796778
4.4,9.346465,10.894179699440956
4.4,9.547475,10.947136745753154
4.4,9.748485,10.994450081656197
4.4,9.949495,11.036203589387286
4.4,10.15051,11.074977830746867
4.4,10.35152,11.109620037943845
4.4,10.55253,11.142317547300168
4.4,10.75354,11.171886854945651
4.4,10.95455,11.19879646043577
4.4,11.15556,11.224467083712147
4.4,11.35657,11.248009145043616
4.4,11.55758,11.271009304639335
4.4,11.75859,11.292556261336456
4.4,11.9596,11.31317091303575
4.4,12.16061,11.333399410226734
4.4,12.36162,11.352777874874588
4.4,12.56263,11.372116476485646
4.4,12.76364,11.390898082468432
4.4,12.96465,11.40951934459519
4.4,13.16566,11.427744667198569
4.4,13.36667,11.445469569740137
4.4,13.56768,11.462828801803962
4.4,13.76869,11.48113784066392
4.4,13.9697,11.498787861634776
4.4,14.17071,11.516315174033668
4.4,14.37172,11.533662206991906
4.4,14.57273,11.55093028090049
4.4,14.77374,11.5680692153703
4.4,14.97475,11.58526284459717
4.4,15.17576,11.602241702747706
4.4,15.37677,11.619127170421974
4.4,15.57778,11.635914727231652
4.4,15.77879,11.652524825842791
4.4,15.9798,11.669158227832346
4.4,16.18081,11.685545206175906
4.4,16.38182,11.701890229646201
4.4,16.58283,11.718116963581107
4.4,16.78384,11.73419567793394
4.4,16.98485,11.750266823282422
4.4,17.18586,11.766070623558662
4.4,17.38687,11.781863274345097
4.4,17.58788,11.797537305850382
4.4,17.78889,11.813052856225804
4.4,17.9899,11.828550197691472
4.4,18.19091,11.843789493526312
4.4,18.39192,11.859018111203023
4.4,18.59293,11.874127821546299
4.4,18.79394,11.889078669726036
4.4,18.99495,11.904020846812314
4.4,19.19596,11.918694493699785
4.4,19.39697,11.933377746750176
4.4,19.59798,11.947911829267046
4.4,19.79899,11.962306729548123
4.4,20.0,11.975643589399992
4.1000000000000005,0.3010101,3.3922180579636243
4.1000000000000005,0.5020202,3.6814158671924244
4.1000000000000005,0.7030303,3.5473137300270223
4.1000000000000005,0.9040404,3.2642112772676555
4.1000000000000005,1.105051,2.922400283151726
4.1000000000000005,1.306061,2.640514045251133
4.1000000000000005,1.507071,2.580216869480521
4.1000000000000005,1.708081,2.911504171499026
4.1000000000000005,1.909091,3.5030718124734412
4.1000000000000005,2.110101,4.14383397656758
4.1000000000000005,2.311111,4.553895059964956
4.1000000000000005,2.512121,4.675409457218297
4.1000000000000005,2.713131,4.491623828276084
4.1000000000000005,2.914141,4.009527285648335
4.1000000000000005,3.115152,3.307036508456337
4.1000000000000005,3.316162,2.5827426176564887
4.1000000000000005,3.517172,1.9810891258279952
4.1000000000000005,3.718182,1.5738911027026734
4.1000000000000005,3.919192,1.3619035378040065
4.1000000000000005,4.120202,1.3283945787300475
4.1000000000000005,4.321212,1.4929793499865696
4.1000000000000005,4.522222,1.837765426312545
4.1000000000000005,4.723232,2.3850051389093925
4.1000000000000005,4.924242,3.125419232418776
4.1000000000000005,5.125253,4.007528643678935
4.1000000000000005,5.326263,4.797512721375527
4.1000000000000005,5.527273,5.056084433972107
4.1000000000000005,5.728283,4.745945775351211
4.1000000000000005,5.929293,4.366908019248821
4.1000000000000005,6.130303,4.071337706482754
4.1000000000000005,6.331313,3.9894480391344866
4.1000000000000005,6.532323,4.418972206578079
4.1000000000000005,6.733333,5.443470642067217
4.1000000000000005,6.934343,6.875059973875988
4.1000000000000005,7.135354,8.276457750948554
4.1000000000000005,7.336364,9.177698319815647
4.1000000000000005,7.537374,9.747769649891142
4.1000000000000005,7.738384,10.06111950888515
4.1000000000000005,7.939394,10.273723126057325
4.1000000000000005,8.140404,10.421336846630748
4.1000000000000005,8.341414,10.538653643998483
4.1000000000000005,8.542424,10.637560459795033
4.1000000000000005,8.743434,10.72199034031824
4.1000000000000005,8.944444,10.793509619561991
4.1000000000000005,9.145455,10.856737090989407
4.1000000000000005,9.346465,10.913928709074398
4.1000000000000005,9.547475,10.96476378286668
4.1000000000000005,9.748485,11.010786446931535
4.1000000000000005,9.949495,11.051247758073384
4.1000000000000005,10.15051,11.087773523526074
4.1000000000000005,10.35152,11.121761058708413
4.1000000000000005,10.55253,11.152277393846385
4.1000000000000005,10.75354,11.180660821327956
4.1000000000000005,10.95455,11.206412704870912
4.1000000000000005,11.15556,11.230312904846963
4.1000000000000005,11.35657,11.253378418916245
4.1000000000000005,11.55758,11.274899804037373
4.1000000000000005,11.75859,11.29574400891106
4.1000000000000005,11.9596,11.315674417709271
4.1000000000000005,12.16061,11.334971397030063
4.1000000000000005,12.36162,11.354106549385971
4.1000000000000005,12.56263,11.372705906664589
4.1000000000000005,12.76364,11.391171104356623
4.1000000000000005,12.96465,11.409386077760598
4.1000000000000005,13.16566,11.427253290760586
4.1000000000000005,13.36667,11.445007658681526
4.1000000000000005,13.56768,11.462697607599988
4.1000000000000005,13.76869,11.480304871826489
4.1000000000000005,13.9697,11.495452953289902
4.1000000000000005,14.17071,11.512811487277984
4.1000000000000005,14.37172,11.531334743021668
4.1000000000000005,14.57273,11.549353221600983
4.1000000000000005,14.77374,11.56648916770421
4.1000000000000005,14.97475,11.583578469529305
4.1000000000000005,15.17576,11.600451737420777
4.1000000000000005,15.37677,11.617324049974716
4.1000000000000005,15.57778,11.634109481863469
4.1000000000000005,15.77879,11.650717537482183
4.1000000000000005,15.9798,11.667331037267877
4.1000000000000005,16.18081,11.683717922970564
4.1000000000000005,16.38182,11.700060929136153
4.1000000000000005,16.58283,11.71628618701628
4.1000000000000005,16.78384,11.732353480743772
4.1000000000000005,16.98485,11.748457766661483
4.1000000000000005,17.18586,11.764304877800075
4.1000000000000005,17.38687,11.780096219726826
4.1000000000000005,17.58788,11.79576921804799
4.1000000000000005,17.78889,11.81128377284041
4.1000000000000005,17.9899,11.826836321286441
4.1000000000000005,18.19091,11.842121130902449
4.1000000000000005,18.39192,11.8573588886885
4.1000000000000005,18.59293,11.87246786747142
4.1000000000000005,18.79394,11.887418009243179
4.1000000000000005,18.99495,11.902416802259227
4.1000000000000005,19.19596,11.917157424082408
4.1000000000000005,19.39697,11.931830104880568
4.1000000000000005,19.59798,11.94637366172033
4.1000000000000005,19.79899,11.960768052255853
4.1000000000000005,20.0,11.973103965248624
3.8000000000000007,0.3010101,3.350950654646587
3.8000000000000007,0.5020202,3.651759942137132
3.8000000000000007,0.7030303,3.5137249725630233
3.8000000000000007,0.9040404,3.22437851346626
3.8000000000000007,1.105051,2.877021126685535
3.8000000000000007,1.306061,2.581813557990578
3.8000000000000007,1.507071,2.5157129875632385
3.8000000000000007,1.708081,2.872632422394776
3.8000000000000007,1.909091,3.5161470077693275
3.8000000000000007,2.110101,4.200851372727259
3.8000000000000007,2.311111,4.629962718639511
3.8000000000000007,2.512121,4.781671622513054
3.8000000000000007,2.713131,4.656761413495204
3.8000000000000007,2.914141,4.231220437061406
3.8000000000000007,3.115152,3.532650724064551
3.8000000000000007,3.316162,2.7668241603721357
3.8000000000000007,3.517172,2.1270372383629312
3.8000000000000007,3.718182,1.6963258618725545
3.8000000000000007,3.919192,1.4806670906960893
3.8000000000000007,4.120202,1.4666239251374107
3.8000000000000007,4.321212,1.670381213190504
3.8000000000000007,4.522222,2.0639610953860568
3.8000000000000007,4.723232,2.6701778674674483
3.8000000000000007,4.924242,3.4860116720352683
3.8000000000000007,5.125253,4.436412817978545
3.8000000000000007,5.326263,5.145800116515232
3.8000000000000007,5.527273,5.192322211030269
3.8000000000000007,5.728283,4.720667931438382
3.8000000000000007,5.929293,4.271849733634261
3.8000000000000007,6.130303,3.9323845391101115
3.8000000000000007,6.331313,3.795771536666987
3.8000000000000007,6.532323,4.2151936278267135
3.8000000000000007,6.733333,5.287967996926973
3.8000000000000007,6.934343,6.819411702973554
3.8000000000000007,7.135354,8.320015171964663
3.8000000000000007,7.336364,9.280580590771294
3.8000000000000007,7.537374,9.808073957740483
3.8000000000000007,7.738384,10.113091010751019
3.8000000000000007,7.939394,10.30986004094426
3.8000000000000007,8.140404,10.45651911449456
3.8000000000000007,8.341414,10.568117950033745
3.8000000000000007,8.542424,10.665634135086638
3.8000000000000007,8.743434,10.747438769475835
3.8000000000000007,8.944444,10.816484780523707
3.8000000000000007,9.145455,10.878086444497544
3.8000000000000007,9.346465,10.9332296965835
3.8000000000000007,9.547475,10.982686616238846
3.8000000000000007,9.748485,11.02695340730319
3.8000000000000007,9.949495,11.06561544855266
3.8000000000000007,10.15051,11.100706439602572
3.8000000000000007,10.35152,11.132626715982383
3.8000000000000007,10.55253,11.161776926275257
3.8000000000000007,10.75354,11.188547984817427
3.8000000000000007,10.95455,11.21287886986444
3.8000000000000007,11.15556,11.235724323731842
3.8000000000000007,11.35657,11.25737613457726
3.8000000000000007,11.55758,11.278065768704185
3.8000000000000007,11.75859,11.297974591304843
3.8000000000000007,11.9596,11.317173570387128
3.8000000000000007,12.16061,11.335944546709074
3.8000000000000007,12.36162,11.354408270988785
3.8000000000000007,12.56263,11.372635259728483
3.8000000000000007,12.76364,11.390665902718137
3.8000000000000007,12.96465,11.408530514005886
3.8000000000000007,13.16566,11.426249921933051
3.8000000000000007,13.36667,11.443942946687038
3.8000000000000007,13.56768,11.461479639352603
3.8000000000000007,13.76869,11.478700733340315
3.8000000000000007,13.9697,11.495759383216237
3.8000000000000007,14.17071,11.51301328243953
3.8000000000000007,14.37172,11.530309747101551
3.8000000000000007,14.57273,11.54751921972335
3.8000000000000007,14.77374,11.564582351865774
3.8000000000000007,14.97475,11.581657317652843
3.8000000000000007,15.17576,11.598527664446943
3.8000000000000007,15.37677,11.615370131876395
3.8000000000000007,15.57778,11.632125687281526
3.8000000000000007,15.77879,11.648735056065831
3.8000000000000007,15.9798,11.665345791658059
3.8000000000000007,16.18081,11.681720719706798
3.8000000000000007,16.38182,11.698077155335596
3.8000000000000007,16.58283,11.71432592887657
3.8000000000000007,16.78384,11.730427427681393
3.8000000000000007,16.98485,11.746529944436006
3.8000000000000007,17.18586,11.762375719248801
3.8000000000000007,17.38687,11.778202562581736
3.8000000000000007,17.58788,11.793911214632814
3.8000000000000007,17.78889,11.809461857741047
3.8000000000000007,17.9899,11.825023261105196
3.8000000000000007,18.19091,11.840317146055993
3.8000000000000007,18.39192,11.855591784862428
3.8000000000000007,18.59293,11.87073780967163
3.8000000000000007,18.79394,11.885745277849077
3.8000000000000007,18.99495,11.900743317944443
3.8000000000000007,19.19596,11.915473291983387
3.8000000000000007,19.39697,11.930203798248101
3.8000000000000007,19.59798,11.943756619272834
3.8000000000000007,19.79899,11.956091715729729
3.8000000000000007,20.0,11.968417128734197
3.500000000000001,0.3010101,3.274213050387774
3.500000000000001,0.5020202,3.5902665472368587
3.500000000000001,0.7030303,3.4485189996596723
3.500000000000001,0.9040404,3.152432888441666
3.500000000000001,1.105051,2.8010569467515203
3.500000000000001,1.306061,2.4870329927502346
3.500000000000001,1.507071,2.4039409832165397
3.500000000000001,1.708081,2.7789453342848094
3.500000000000001,1.909091,3.4736123983891707
3.500000000000001,2.110101,4.205646714535209
3.500000000000001,2.311111,4.658318241720487
3.500000000000001,2.512121,4.845107800541743
3.500000000000001,2.713131,4.795916647635727
3.500000000000001,2.914141,4.489815378192974
3.500000000000001,3.115152,3.8901518526226098
3.500000000000001,3.316162,3.1259360203304802
3.500000000000001,3.517172,2.450465733156784
3.500000000000001,3.718182,1.9899009730973694
3.500000000000001,3.919192,1.7589274382734752
3.500000000000001,4.120202,1.7512378460251279
3.500000000000001,4.321212,1.9861941136713828
3.500000000000001,4.522222,2.4285506363545233
3.500000000000001,4.723232,3.100489852005584
3.500000000000001,4.924242,3.9952094929841477
3.500000000000001,5.125253,4.955531990102585
3.500000000000001,5.326263,5.428806014503264
3.500000000000001,5.527273,5.204305776271488
3.500000000000001,5.728283,4.595255720369029
3.500000000000001,5.929293,4.113498025049147
3.500000000000001,6.130303,3.7442762373379517
3.500000000000001,6.331313,3.551095590178025
3.500000000000001,6.532323,3.9727301142322253
3.500000000000001,6.733333,5.109412314749176
3.500000000000001,6.934343,6.7574805337864
3.500000000000001,7.135354,8.359225556348163
3.500000000000001,7.336364,9.336159778508447
3.500000000000001,7.537374,9.858938582993048
3.500000000000001,7.738384,10.155997038635146
3.500000000000001,7.939394,10.346957065209349
3.500000000000001,8.140404,10.489843856459476
3.500000000000001,8.341414,10.601566206754075
3.500000000000001,8.542424,10.693970601171046
3.500000000000001,8.743434,10.773214687881188
3.500000000000001,8.944444,10.841955875009452
3.500000000000001,9.145455,10.902544929267595
3.500000000000001,9.346465,10.952984508271745
3.500000000000001,9.547475,11.000526033001902
3.500000000000001,9.748485,11.042652580055204
3.500000000000001,9.949495,11.079257884961265
3.500000000000001,10.15051,11.112771861942846
3.500000000000001,10.35152,11.142383896159547
3.500000000000001,10.55253,11.170107028127312
3.500000000000001,10.75354,11.195171190882169
3.500000000000001,10.95455,11.218028505585561
3.500000000000001,11.15556,11.239810891410782
3.500000000000001,11.35657,11.260085907410058
3.500000000000001,11.55758,11.27995725965154
3.500000000000001,11.75859,11.298982463633731
3.500000000000001,11.9596,11.317503613402483
3.500000000000001,12.16061,11.335804307680563
3.500000000000001,12.36162,11.353690187253205
3.500000000000001,12.56263,11.371571648695145
3.500000000000001,12.76364,11.389253764671006
3.500000000000001,12.96465,11.406854764313234
3.500000000000001,13.16566,11.424384740433744
3.500000000000001,13.36667,11.441814329266974
3.500000000000001,13.56768,11.459205659879792
3.500000000000001,13.76869,11.476460552491133
3.500000000000001,13.9697,11.491485016428467
3.500000000000001,14.17071,11.510473884018365
3.500000000000001,14.37172,11.527773292169236
3.500000000000001,14.57273,11.545018913546452
3.500000000000001,14.77374,11.562010611314049
3.500000000000001,14.97475,11.579071412841518
3.500000000000001,15.17576,11.595938828859886
3.500000000000001,15.37677,11.612800229224469
3.500000000000001,15.57778,11.629584781717092
3.500000000000001,15.77879,11.64623466938741
3.500000000000001,15.9798,11.662852581283696
3.500000000000001,16.18081,11.679235571833127
3.500000000000001,16.38182,11.695644975020866
3.500000000000001,16.58283,11.71195683078249
3.500000000000001,16.78384,11.728122182845638
3.500000000000001,16.98485,11.744222929423408
3.500000000000001,17.18586,11.76006739334647
3.500000000000001,17.38687,11.775959503679859
3.500000000000001,17.58788,11.791743591768377
3.500000000000001,17.78889,11.807370150247957
3.500000000000001,17.9899,11.822920424505632
3.500000000000001,18.19091,11.838213408265752
3.500000000000001,18.39192,11.853554800852175
3.500000000000001,18.59293,11.868777749229745
3.500000000000001,18.79394,11.883842432844748
3.500000000000001,18.99495,11.898849739390988
3.500000000000001,19.19596,11.91357908576072
3.500000000000001,19.39697,11.92836729732116
3.500000000000001,19.59798,11.943016695311618
3.500000000000001,19.79899,11.957507294180651
3.500000000000001,20.0,11.969852364969807
3.200000000000001,0.3010101,3.1544763108373077
3.200000000000001,0.5020202,3.4907687876333426
3.200000000000001,0.7030303,3.3440391792169106
3.200000000000001,0.9040404,3.04143057546885
3.200000000000001,1.105051,2.6892192784711435
3.200000000000001,1.306061,2.354948873290439
3.200000000000001,1.507071,2.2371295104414157
3.200000000000001,1.708081,2.6205573209689574
3.200000000000001,1.909091,3.364504846011185
3.200000000000001,2.110101,4.150192320129737
3.200000000000001,2.311111,4.631358905333704
3.200000000000001,2.512121,4.849616541685461
3.200000000000001,2.713131,4.884786820642642
3.200000000000001,2.914141,4.73217689446082
3.200000000000001,3.115152,4.336000510767947
3.200000000000001,3.316162,3.678292519161913
3.200000000000001,3.517172,3.002107221276159
3.200000000000001,3.718182,2.499690657189775
3.200000000000001,3.919192,2.236004090492658
3.200000000000001,4.120202,2.2141844216804385
3.200000000000001,4.321212,2.467191964027617
3.200000000000001,4.522222,2.9560967818112758
3.200000000000001,4.723232,3.7032040228241936
3.200000000000001,4.924242,4.63886355758653
3.200000000000001,5.125253,5.466638110278402
3.200000000000001,5.326263,5.5847749799224005
3.200000000000001,5.527273,5.070697046074169
3.200000000000001,5.728283,4.363145282695071
3.200000000000001,5.929293,3.894807712969978
3.200000000000001,6.130303,3.4982577207230974
3.200000000000001,6.331313,3.2459650494876295
3.200000000000001,6.532323,3.676051148670003
3.200000000000001,6.733333,4.905661096641921
3.200000000000001,6.934343,6.698783299972544
3.200000000000001,7.135354,8.402212338097435
3.200000000000001,7.336364,9.395514905012671
3.200000000000001,7.537374,9.910716284814473
3.200000000000001,7.738384,10.198793861440985
3.200000000000001,7.939394,10.383931907126733
3.200000000000001,8.140404,10.522785901327206
3.200000000000001,8.341414,10.631334441652646
3.200000000000001,8.542424,10.72187861432149
3.200000000000001,8.743434,10.799561108149348
3.200000000000001,8.944444,10.86557501092145
3.200000000000001,9.145455,10.923631545833643
3.200000000000001,9.346465,10.974385514927823
3.200000000000001,9.547475,11.015192869058732
3.200000000000001,9.748485,11.057803197875673
3.200000000000001,9.949495,11.092527918401554
3.200000000000001,10.15051,11.122873218345303
3.200000000000001,10.35152,11.151674785300964
3.200000000000001,10.55253,11.176729434959912
3.200000000000001,10.75354,11.200454533450618
3.200000000000001,10.95455,11.222062687031496
3.200000000000001,11.15556,11.242052957229207
3.200000000000001,11.35657,11.26186503454334
3.200000000000001,11.55758,11.280404196453347
3.200000000000001,11.75859,11.29882878242862
3.200000000000001,11.9596,11.316798626176219
3.200000000000001,12.16061,11.33440718596351
3.200000000000001,12.36162,11.352111382184663
3.200000000000001,12.56263,11.369527801073628
3.200000000000001,12.76364,11.387005457817596
3.200000000000001,12.96465,11.40441043342228
3.200000000000001,13.16566,11.421739464153115
3.200000000000001,13.36667,11.439095689724738
3.200000000000001,13.56768,11.45639093017753
3.200000000000001,13.76869,11.473612825712356
3.200000000000001,13.9697,11.490867726692064
3.200000000000001,14.17071,11.507977460110855
3.200000000000001,14.37172,11.5252241356525
3.200000000000001,14.57273,11.54099628400375
3.200000000000001,14.77374,11.557983914036173
3.200000000000001,14.97475,11.57622244608409
3.200000000000001,15.17576,11.593180715674407
3.200000000000001,15.37677,11.61003806150549
3.200000000000001,15.57778,11.626819809982177
3.200000000000001,15.77879,11.643477051009029
3.200000000000001,15.9798,11.660173183717914
3.200000000000001,16.18081,11.67668438157887
3.200000000000001,16.38182,11.693101336657564
3.200000000000001,16.58283,11.709411359360768
3.200000000000001,16.78384,11.725574967803835
3.200000000000001,16.98485,11.741777905596832
3.200000000000001,17.18586,11.757754825844962
3.200000000000001,17.38687,11.773655397793108
3.200000000000001,17.58788,11.789428258442872
3.200000000000001,17.78889,11.805053643384802
3.200000000000001,17.9899,11.820728614267253
3.200000000000001,18.19091,11.836136668165746
3.200000000000001,18.39192,11.851477078772644
3.200000000000001,18.59293,11.866699186725223
3.200000000000001,18.79394,11.881763065735859
3.200000000000001,18.99495,11.896876685869692
3.200000000000001,19.19596,11.911712708032725
3.200000000000001,19.39697,11.92650028172837
3.200000000000001,19.59798,11.941149095804974
3.200000000000001,19.79899,11.955639131385695
3.200000000000001,20.0,11.96912048399698
2.9000000000000004,0.3010101,2.9850120771243587
2.9000000000000004,0.5020202,3.341959118592977
2.9000000000000004,0.7030303,3.187986411944199
2.9000000000000004,0.9040404,2.878309042626318
2.9000000000000004,1.105051,2.528895923127803
2.9000000000000004,1.306061,2.1751753433371936
2.9000000000000004,1.507071,2.003632451860663
2.9000000000000004,1.708081,2.3731121745438135
2.9000000000000004,1.909091,3.168840207542659
2.9000000000000004,2.110101,4.011019678797247
2.9000000000000004,2.311111,4.535068943488931
2.9000000000000004,2.512121,4.781693169150552
2.9000000000000004,2.713131,4.872453212212052
2.9000000000000004,2.914141,4.8829646728242055
2.9000000000000004,3.115152,4.726651196470635
2.9000000000000004,3.316162,4.342719108923827
2.9000000000000004,3.517172,3.817320108001979
2.9000000000000004,3.718182,3.3041852473154782
2.9000000000000004,3.919192,2.9823671425238594
2.9000000000000004,4.120202,2.921262369269212
2.9000000000000004,4.321212,3.171010528605378
2.9000000000000004,4.522222,3.692720275107104
2.9000000000000004,4.723232,4.469559846978883
2.9000000000000004,4.924242,5.289729798550757
2.9000000000000004,5.125253,5.801771468598762
2.9000000000000004,5.326263,5.527080034381137
2.9000000000000004,5.527273,4.751624260355683
2.9000000000000004,5.728283,4.035575194376892
2.9000000000000004,5.929293,3.6167569790536556
2.9000000000000004,6.130303,3.1759172621885745
2.9000000000000004,6.331313,2.8592187701161422
2.9000000000000004,6.532323,3.3128141745918227
2.9000000000000004,6.733333,4.666019906558845
2.9000000000000004,6.934343,6.637980660547756
2.9000000000000004,7.135354,8.449316185218716
2.9000000000000004,7.336364,9.457793635603274
2.9000000000000004,7.537374,9.964107543052005
2.9000000000000004,7.738384,10.242767891022783
2.9000000000000004,7.939394,10.421873533332217
2.9000000000000004,8.140404,10.556696412718146
2.9000000000000004,8.341414,10.662589621156084
2.9000000000000004,8.542424,10.750475477137087
2.9000000000000004,8.743434,10.825476184831968
2.9000000000000004,8.944444,10.889289549598791
2.9000000000000004,9.145455,10.945114877978318
2.9000000000000004,9.346465,10.993687322384604
2.9000000000000004,9.547475,11.035985260417316
2.9000000000000004,9.748485,11.069968205948973
2.9000000000000004,9.949495,11.105029223888952
2.9000000000000004,10.15051,11.133064422511758
2.9000000000000004,10.35152,11.158208013385625
2.9000000000000004,10.55253,11.182460216570536
2.9000000000000004,10.75354,11.204029942356376
2.9000000000000004,10.95455,11.223954533717622
2.9000000000000004,11.15556,11.243408846608444
2.9000000000000004,11.35657,11.261559593131182
2.9000000000000004,11.55758,11.279763626949919
2.9000000000000004,11.75859,11.297318357347892
2.9000000000000004,11.9596,11.314681209679076
2.9000000000000004,12.16061,11.332089685644926
2.9000000000000004,12.36162,11.349273549470434
2.9000000000000004,12.56263,11.366589570041233
2.9000000000000004,12.76364,11.383825341595681
2.9000000000000004,12.96465,11.40108783384668
2.9000000000000004,13.16566,11.418378263639738
2.9000000000000004,13.36667,11.435659835076493
2.9000000000000004,13.56768,11.452933602034136
2.9000000000000004,13.76869,11.470248755319744
2.9000000000000004,13.9697,11.48764365283248
2.9000000000000004,14.17071,11.504758131010787
2.9000000000000004,14.37172,11.52170956419535
2.9000000000000004,14.57273,11.53827260411206
2.9000000000000004,14.77374,11.555741665533196
2.9000000000000004,14.97475,11.572913710989063
2.9000000000000004,15.17576,11.589904663244766
2.9000000000000004,15.37677,11.606869191753917
2.9000000000000004,15.57778,11.62366706491081
2.9000000000000004,15.77879,11.640414785389721
2.9000000000000004,15.9798,11.657183849335835
2.9000000000000004,16.18081,11.673730282767984
2.9000000000000004,16.38182,11.690249166546504
2.9000000000000004,16.58283,11.706576846381736
2.9000000000000004,16.78384,11.72283425443668
2.9000000000000004,16.98485,11.73910278467505
2.9000000000000004,17.18586,11.755126515994021
2.9000000000000004,17.38687,11.77112186176114
2.9000000000000004,17.58788,11.786903268991171
2.9000000000000004,17.78889,11.802624521918991
2.9000000000000004,17.9899,11.81834667857663
2.9000000000000004,18.19091,11.833792558109556
2.9000000000000004,18.39192,11.849229513121156
2.9000000000000004,18.59293,11.86445070185431
2.9000000000000004,18.79394,11.879601765653335
2.9000000000000004,18.99495,11.89475354836294
2.9000000000000004,19.19596,11.909628053409124
2.9000000000000004,19.39697,11.924503286690264
2.9000000000000004,19.59798,11.939151505839568
2.9000000000000004,19.79899,11.951612686757175
2.9000000000000004,20.0,11.964054313485619
2.6000000000000005,0.3010101,2.7584679898791165
2.6000000000000005,0.5020202,3.1336620299082454
2.6000000000000005,0.7030303,2.9667507525565586
2.6000000000000005,0.9040404,2.648203830515199
2.6000000000000005,1.105051,2.3069562031076054
2.6000000000000005,1.306061,1.937889544830965
2.6000000000000005,1.507071,1.6924171822403473
2.6000000000000005,1.708081,2.0120064977004506
2.6000000000000005,1.909091,2.847626095969295
2.6000000000000005,2.110101,3.7666911826082967
2.6000000000000005,2.311111,4.349917600817564
2.6000000000000005,2.512121,4.630212645072147
2.6000000000000005,2.713131,4.736859333543794
2.6000000000000005,2.914141,4.82977047097093
2.6000000000000005,3.115152,4.908474654245554
2.6000000000000005,3.316162,4.876129793286398
2.6000000000000005,3.517172,4.706681960705679
2.6000000000000005,3.718182,4.369747740512539
2.6000000000000005,3.919192,4.030993349248937
2.6000000000000005,4.120202,3.905424649742879
2.6000000000000005,4.321212,4.110933494711823
2.6000000000000005,4.522222,4.591452340473569
2.6000000000000005,4.723232,5.231878799006188
2.6000000000000005,4.924242,5.74171148910523
2.6000000000000005,5.125253,5.819809409719718
2.6000000000000005,5.326263,5.170787761985305
2.6000000000000005,5.527273,4.253791324077509
2.6000000000000005,5.728283,3.6368575815208057
2.6000000000000005,5.929293,3.2778356900947747
2.6000000000000005,6.130303,2.7649045899541504
2.6000000000000005,6.331313,2.3707599252318823
2.6000000000000005,6.532323,2.870009933003391
2.6000000000000005,6.733333,4.384230793972528
2.6000000000000005,6.934343,6.561322665882571
2.6000000000000005,7.135354,8.497225206027073
2.6000000000000005,7.336364,9.52408238595534
2.6000000000000005,7.537374,10.020782514101777
2.6000000000000005,7.738384,10.289122181445158
2.6000000000000005,7.939394,10.461825224789662
2.6000000000000005,8.140404,10.592419122131929
2.6000000000000005,8.341414,10.6948932378335
2.6000000000000005,8.542424,10.77996586337615
2.6000000000000005,8.743434,10.852025623091304
2.6000000000000005,8.944444,10.91297801257678
2.6000000000000005,9.145455,10.966125837724903
2.6000000000000005,9.346465,11.011763200646485
2.6000000000000005,9.547475,11.051203515944847
2.6000000000000005,9.748485,11.085528793017549
2.6000000000000005,9.949495,11.114648807641808
2.6000000000000005,10.15051,11.140600594141137
2.6000000000000005,10.35152,11.16424339316874
2.6000000000000005,10.55253,11.185478773136024
2.6000000000000005,10.75354,11.205703510248764
2.6000000000000005,10.95455,11.224467978719115
2.6000000000000005,11.15556,11.242336065420636
2.6000000000000005,11.35657,11.260107892056514
2.6000000000000005,11.55758,11.27726495347123
2.6000000000000005,11.75859,11.294374116122098
2.6000000000000005,11.9596,11.311382231871939
2.6000000000000005,12.16061,11.328354466980047
2.6000000000000005,12.36162,11.345449910383776
2.6000000000000005,12.56263,11.362530586649392
2.6000000000000005,12.76364,11.379685806526231
2.6000000000000005,12.96465,11.396896379352706
2.6000000000000005,13.16566,11.41415980740443
2.6000000000000005,13.36667,11.43144503621859
2.6000000000000005,13.56768,11.448766164140311
2.6000000000000005,13.76869,11.466103778055277
2.6000000000000005,13.9697,11.48347057024856
2.6000000000000005,14.17071,11.500707179982543
2.6000000000000005,14.37172,11.516865305833289
2.6000000000000005,14.57273,11.533274707978011
2.6000000000000005,14.77374,11.551977955805194
2.6000000000000005,14.97475,11.569146130376826
2.6000000000000005,15.17576,11.586133457604598
2.6000000000000005,15.37677,11.603160931056502
2.6000000000000005,15.57778,11.620219140868992
2.6000000000000005,15.77879,11.637078499677273
2.6000000000000005,15.9798,11.653845069594462
2.6000000000000005,16.18081,11.67038920237498
2.6000000000000005,16.38182,11.686973321646356
2.6000000000000005,16.58283,11.703548316963035
2.6000000000000005,16.78384,11.719900726083578
2.6000000000000005,16.98485,11.736177636120813
2.6000000000000005,17.18586,11.752189871377826
2.6000000000000005,17.38687,11.768252064035702
2.6000000000000005,17.58788,11.784265265428528
2.6000000000000005,17.78889,11.800053443509592
2.6000000000000005,17.9899,11.815774522844169
2.6000000000000005,18.19091,11.831229404102691
2.6000000000000005,18.39192,11.846714224754141
2.6000000000000005,18.59293,11.862139977129857
2.6000000000000005,18.79394,11.877349104589236
2.6000000000000005,18.99495,11.892500153294172
2.6000000000000005,19.19596,11.907373976782422
2.6000000000000005,19.39697,11.922287738935024
2.6000000000000005,19.59798,11.937102250251169
2.6000000000000005,19.79899,11.950670635398927
2.6000000000000005,20.0,11.963121860563797
2.3000000000000007,0.3010101,2.4785484579319528
2.3000000000000007,0.5020202,2.861311311152104
2.3000000000000007,0.7030303,2.671374265545409
2.3000000000000007,0.9040404,2.339110024424721
2.3000000000000007,1.105051,2.013856177416452
2.3000000000000007,1.306061,1.634647111659593
2.3000000000000007,1.507071,1.3000187919301287
2.3000000000000007,1.708081,1.5251167140186026
2.3000000000000007,1.909091,2.3761232075501684
2.3000000000000007,2.110101,3.381573987714924
2.3000000000000007,2.311111,4.052555313052495
2.3000000000000007,2.512121,4.375657671176653
2.3000000000000007,2.713131,4.474880026564522
2.3000000000000007,2.914141,4.568696558905552
2.3000000000000007,3.115152,4.76351445905392
2.3000000000000007,3.316162,5.047793414722101
2.3000000000000007,3.517172,5.239722669859728
2.3000000000000007,3.718182,5.223957402356631
2.3000000000000007,3.919192,5.0412476856456125
2.3000000000000007,4.120202,4.902819525047831
2.3000000000000007,4.321212,5.0191777506602575
2.3000000000000007,4.522222,5.333138624038873
2.3000000000000007,4.723232,5.691510696504488
2.3000000000000007,4.924242,5.825015676015389
2.3000000000000007,5.125253,5.492018938094464
2.3000000000000007,5.326263,4.560184966625465
2.3000000000000007,5.527273,3.632141929804513
2.3000000000000007,5.728283,3.202122234401158
2.3000000000000007,5.929293,2.8906940551980402
2.3000000000000007,6.130303,2.2602216756224878
2.3000000000000007,6.331313,1.7780635344702649
2.3000000000000007,6.532323,2.3538472719534465
2.3000000000000007,6.733333,4.050616828334236
2.3000000000000007,6.934343,6.453489599617533
2.3000000000000007,7.135354,8.547570202708162
2.3000000000000007,7.336364,9.597660009249063
2.3000000000000007,7.537374,10.081870793927328
2.3000000000000007,7.738384,10.339372652211017
2.3000000000000007,7.939394,10.50496218070532
2.3000000000000007,8.140404,10.630163995817828
2.3000000000000007,8.341414,10.72851396105229
2.3000000000000007,8.542424,10.809983275401242
2.3000000000000007,8.743434,10.878836540872385
2.3000000000000007,8.944444,10.936564103696211
2.3000000000000007,9.145455,10.986202025256164
2.3000000000000007,9.346465,11.028345592888453
2.3000000000000007,9.547475,11.064426323687547
2.3000000000000007,9.748485,11.095705470023288
2.3000000000000007,9.949495,11.122589871189652
2.3000000000000007,10.15051,11.146169571454555
2.3000000000000007,10.35152,11.166813088971562
2.3000000000000007,10.55253,11.186499641020553
2.3000000000000007,10.75354,11.205079200243198
2.3000000000000007,10.95455,11.222605138562136
2.3000000000000007,11.15556,11.239689502822506
2.3000000000000007,11.35657,11.256502788290982
2.3000000000000007,11.55758,11.273195181152225
2.3000000000000007,11.75859,11.289856492362981
2.3000000000000007,11.9596,11.306589571990845
2.3000000000000007,12.16061,11.323420351898193
2.3000000000000007,12.36162,11.340356550232958
2.3000000000000007,12.56263,11.357396618506217
2.3000000000000007,12.76364,11.374539003474
2.3000000000000007,12.96465,11.391784473375859
2.3000000000000007,13.16566,11.409099645338417
2.3000000000000007,13.36667,11.426462137514065
2.3000000000000007,13.56768,11.443860638731838
2.3000000000000007,13.76869,11.461273885423592
2.3000000000000007,13.9697,11.478691595317839
2.3000000000000007,14.17071,11.496062661372576
2.3000000000000007,14.37172,11.513374982882555
2.3000000000000007,14.57273,11.530638971795119
2.3000000000000007,14.77374,11.547883978655092
2.3000000000000007,14.97475,11.565143120791676
2.3000000000000007,15.17576,11.582286519476034
2.3000000000000007,15.37677,11.599424751287344
2.3000000000000007,15.57778,11.616479651257585
2.3000000000000007,15.77879,11.63339278253188
2.3000000000000007,15.9798,11.650318647930915
2.3000000000000007,16.18081,11.667023850812804
2.3000000000000007,16.38182,11.683702061786102
2.3000000000000007,16.58283,11.700274971347831
2.3000000000000007,16.78384,11.716693364195523
2.3000000000000007,16.98485,11.733113609172694
2.3000000000000007,17.18586,11.749270214870663
2.3000000000000007,17.38687,11.765398740466198
2.3000000000000007,17.58788,11.781410589979785
2.3000000000000007,17.78889,11.797266096703202
2.3000000000000007,17.9899,11.813112887877988
2.3000000000000007,18.19091,11.828684122978782
2.3000000000000007,18.39192,11.844236610514784
2.3000000000000007,18.59293,11.859651461713728
2.3000000000000007,18.79394,11.874908767763664
2.3000000000000007,18.99495,11.890166984445699
2.3000000000000007,19.19596,11.905138398885267
2.3000000000000007,19.39697,11.920100645174632
2.3000000000000007,19.59798,11.934924538767147
2.3000000000000007,19.79899,11.949580048725128
2.3000000000000007,20.0,11.964246222374715
2.000000000000001,0.3010101,2.1577581420296785
2.000000000000001,0.5020202,2.5219624076274987
2.000000000000001,0.7030303,2.28594546705194
2.000000000000001,0.9040404,1.933033101185815
2.000000000000001,1.105051,1.637094821986959
2.000000000000001,1.306061,1.2673623447347881
2.000000000000001,1.507071,0.8385268469901784
2.000000000000001,1.708081,0.8973562420504412
2.000000000000001,1.909091,1.719082798980087
2.000000000000001,2.110101,2.7958275066229477
2.000000000000001,2.311111,3.582013867879431
2.000000000000001,2.512121,3.9663982401456876
2.000000000000001,2.713131,4.050055961457003
2.000000000000001,2.914141,4.0940250286154205
2.000000000000001,3.115152,4.239350414808448
2.000000000000001,3.316162,4.701676933304781
2.000000000000001,3.517172,5.168811477841618
2.000000000000001,3.718182,5.335822041048375
2.000000000000001,3.919192,5.2828120349278
2.000000000000001,4.120202,5.215729285914522
2.000000000000001,4.321212,5.289989197689969
2.000000000000001,4.522222,5.43558898876304
2.000000000000001,4.723232,5.5513668123805155
2.000000000000001,4.924242,5.4388692004178285
2.000000000000001,5.125253,4.8636135070212525
2.000000000000001,5.326263,3.74528998525287
2.000000000000001,5.527273,2.95113954337174
2.000000000000001,5.728283,2.7834988231830975
2.000000000000001,5.929293,2.4617519156674907
2.000000000000001,6.130303,1.6807455510293188
2.000000000000001,6.331313,1.1042350741926694
2.000000000000001,6.532323,1.7600944901724813
2.000000000000001,6.733333,3.665627306418623
2.000000000000001,6.934343,6.317668026560898
2.000000000000001,7.135354,8.604485197785028
2.000000000000001,7.336364,9.684860846944117
2.000000000000001,7.537374,10.151228716341008
2.000000000000001,7.738384,10.395078956207387
2.000000000000001,7.939394,10.551831338725663
2.000000000000001,8.140404,10.670286251374066
2.000000000000001,8.341414,10.763433447962873
2.000000000000001,8.542424,10.840324671621907
2.000000000000001,8.743434,10.905228713373203
2.000000000000001,8.944444,10.95901836171073
2.000000000000001,9.145455,11.004400456456567
2.000000000000001,9.346465,11.042464614591196
2.000000000000001,9.547475,11.074725188139155
2.000000000000001,9.748485,11.102828588062712
2.000000000000001,9.949495,11.126822876591897
2.000000000000001,10.15051,11.147856059818018
2.000000000000001,10.35152,11.167182396095253
2.000000000000001,10.55253,11.184522774823012
2.000000000000001,10.75354,11.201506175434776
2.000000000000001,10.95455,11.218021776469811
2.000000000000001,11.15556,11.234449417548287
2.000000000000001,11.35657,11.25064659770282
2.000000000000001,11.55758,11.267006176448085
2.000000000000001,11.75859,11.283440573764096
2.000000000000001,11.9596,11.300072164745787
2.000000000000001,12.16061,11.316857372100198
2.000000000000001,12.36162,11.33385885894453
2.000000000000001,12.56263,11.350945611513005
2.000000000000001,12.76364,11.368222124935727
2.000000000000001,12.96465,11.38559037463754
2.000000000000001,13.16566,11.403015872579635
2.000000000000001,13.36667,11.420583835988452
2.000000000000001,13.56768,11.438098828525218
2.000000000000001,13.76869,11.455696829350252
2.000000000000001,13.9697,11.473254505821034
2.000000000000001,14.17071,11.49075967818315
2.000000000000001,14.37172,11.50739126128943
2.000000000000001,14.57273,11.523989777525356
2.000000000000001,14.77374,11.542739097494875
2.000000000000001,14.97475,11.56042567260653
2.000000000000001,15.17576,11.577826466019093
2.000000000000001,15.37677,11.59507683663883
2.000000000000001,15.57778,11.612118578729948
2.000000000000001,15.77879,11.62912532851664
2.000000000000001,15.9798,11.646279919980078
2.000000000000001,16.18081,11.663196097845223
2.000000000000001,16.38182,11.679998433453925
2.000000000000001,16.58283,11.696569381461776
2.000000000000001,16.78384,11.713063859909191
2.000000000000001,16.98485,11.729677524033045
2.000000000000001,17.18586,11.74600860049622
2.000000000000001,17.38687,11.762243558180971
2.000000000000001,17.58788,11.778254139151585
2.000000000000001,17.78889,11.794167062472837
2.000000000000001,17.9899,11.8101796642693
2.000000000000001,18.19091,11.825887349437044
2.000000000000001,18.39192,11.84151758406008
2.000000000000001,18.59293,11.85693159148048
2.000000000000001,18.79394,11.872257148963403
2.000000000000001,18.99495,11.887642628025597
2.000000000000001,19.19596,11.902721714687521
2.000000000000001,19.39697,11.917752508069388
2.000000000000001,19.59798,11.93256582373137
2.000000000000001,19.79899,11.946212029196436
2.000000000000001,20.0,11.958820093521076
1.700000000000001,0.3010101,1.80171717349519
1.700000000000001,0.5020202,2.1333768144709
1.700000000000001,0.7030303,1.8200596186875913
1.700000000000001,0.9040404,1.4405344513476517
1.700000000000001,1.105051,1.1847477043512895
1.700000000000001,1.306061,0.8738602549892117
1.700000000000001,1.507071,0.4581211893626838
1.700000000000001,1.708081,0.22321587840958113
1.700000000000001,1.909091,0.941400944866591
1.700000000000001,2.110101,2.024589076061076
1.700000000000001,2.311111,2.913280057613583
1.700000000000001,2.512121,3.373677795139601
1.700000000000001,2.713131,3.418289503441603
1.700000000000001,2.914141,3.3879615603277236
1.700000000000001,3.115152,3.3847538301089624
1.700000000000001,3.316162,3.8699249553330004
1.700000000000001,3.517172,4.59631735636781
1.700000000000001,3.718182,4.733315963327664
1.700000000000001,3.919192,4.4991081438137
1.700000000000001,4.120202,4.3892860934095665
1.700000000000001,4.321212,4.562296220431567
1.700000000000001,4.522222,4.747413462629308
1.700000000000001,4.723232,4.8478861940833795
1.700000000000001,4.924242,4.713035946617382
1.700000000000001,5.125253,4.015495677014086
1.700000000000001,5.326263,2.8054246477640423
1.700000000000001,5.527273,2.3618723781018756
1.700000000000001,5.728283,2.457696467157938
1.700000000000001,5.929293,2.0271115193346665
1.700000000000001,6.130303,1.23897233303962
1.700000000000001,6.331313,0.5649781233207972
1.700000000000001,6.532323,1.1139577167154873
1.700000000000001,6.733333,3.249435735471093
1.700000000000001,6.934343,6.163598570436026
1.700000000000001,7.135354,8.674411760920833
1.700000000000001,7.336364,9.79168437564197
1.700000000000001,7.537374,10.23257202540968
1.700000000000001,7.738384,10.456169917418796
1.700000000000001,7.939394,10.6015254393133
1.700000000000001,8.140404,10.712341156977848
1.700000000000001,8.341414,10.799045316328222
1.700000000000001,8.542424,10.870642125851038
1.700000000000001,8.743434,10.930135144602996
1.700000000000001,8.944444,10.978828043215948
1.700000000000001,9.145455,11.01969916474908
1.700000000000001,9.346465,11.053204350570144
1.700000000000001,9.547475,11.08171956007898
1.700000000000001,9.748485,11.106185401147902
1.700000000000001,9.949495,11.127180334513818
1.700000000000001,10.15051,11.146093788582608
1.700000000000001,10.35152,11.163239661570225
1.700000000000001,10.55253,11.179417587471942
1.700000000000001,10.75354,11.194698595039933
1.700000000000001,10.95455,11.210942585947695
1.700000000000001,11.15556,11.226664145523143
1.700000000000001,11.35657,11.242689883450467
1.700000000000001,11.55758,11.258882770315642
1.700000000000001,11.75859,11.275271600571992
1.700000000000001,11.9596,11.291961160227897
1.700000000000001,12.16061,11.308951138823906
1.700000000000001,12.36162,11.325996440371217
1.700000000000001,12.56263,11.34340477920086
1.700000000000001,12.76364,11.360824076718425
1.700000000000001,12.96465,11.37840424881468
1.700000000000001,13.16566,11.396156376278187
1.700000000000001,13.36667,11.41380517472661
1.700000000000001,13.56768,11.431693818406846
1.700000000000001,13.76869,11.449432458556611
1.700000000000001,13.9697,11.467209193280846
1.700000000000001,14.17071,11.485002725145826
1.700000000000001,14.37172,11.50263534982591
1.700000000000001,14.57273,11.520439658276281
1.700000000000001,14.77374,11.537796219480253
1.700000000000001,14.97475,11.554616280559706
1.700000000000001,15.17576,11.57309946840563
1.700000000000001,15.37677,11.590413449653406
1.700000000000001,15.57778,11.60778092310446
1.700000000000001,15.77879,11.624958580684604
1.700000000000001,15.9798,11.642100427996992
1.700000000000001,16.18081,11.659014115615046
1.700000000000001,16.38182,11.67590144427507
1.700000000000001,16.58283,11.692909660385622
1.700000000000001,16.78384,11.70953903941613
1.700000000000001,16.98485,11.726140989758258
1.700000000000001,17.18586,11.742470496780188
1.700000000000001,17.38687,11.758782241398809
1.700000000000001,17.58788,11.775144816078852
1.700000000000001,17.78889,11.791164649920887
1.700000000000001,17.9899,11.807166138371114
1.700000000000001,18.19091,11.822882800677856
1.700000000000001,18.39192,11.838570892702508
1.700000000000001,18.59293,11.854279674196055
1.700000000000001,18.79394,11.86966331199921
1.700000000000001,18.99495,11.885048046317463
1.700000000000001,19.19596,11.900136447068176
1.700000000000001,19.39697,11.915215782733753
1.700000000000001,19.59798,11.930265591408515
1.700000000000001,19.79899,11.942892581625207
1.700000000000001,20.0,11.955500162096445
1.4000000000000004,0.3010101,1.4125979196082452
1.4000000000000004,0.5020202,1.7157220643802875
1.4000000000000004,0.7030303,1.294578037612633
1.4000000000000004,0.9040404,0.8905522369077122
1.4000000000000004,1.105051,0.6982418763270862
1.4000000000000004,1.306061,0.5446493683964941
1.4000000000000004,1.507071,0.6031139430597671
1.4000000000000004,1.708081,0.7404587287357547
1.4000000000000004,1.909091,0.6556470442626734
1.4000000000000004,2.110101,1.295362102613389
1.4000000000000004,2.311111,2.1560272056750582
1.4000000000000004,2.512121,2.6323223586337217
1.4000000000000004,2.713131,2.5541278483082652
1.4000000000000004,2.914141,2.387681888514842
1.4000000000000004,3.115152,2.190304351959729
1.4000000000000004,3.316162,2.6050826103318028
1.4000000000000004,3.517172,3.6668821783556518
1.4000000000000004,3.718182,3.5766754775149088
1.4000000000000004,3.919192,2.7668580951853694
1.4000000000000004,4.120202,2.4251188141863502
1.4000000000000004,4.321212,2.7832772164133703
1.4000000000000004,4.522222,3.3089603868595945
1.4000000000000004,4.723232,3.6976289570454526
1.4000000000000004,4.924242,3.6740440309803364
1.4000000000000004,5.125253,2.9628617525709093
1.4000000000000004,5.326263,1.9572203565270212
1.4000000000000004,5.527273,2.1333878690427226
1.4000000000000004,5.728283,2.232327767465253
1.4000000000000004,5.929293,1.7384016147969863
1.4000000000000004,6.130303,1.3011969224761983
1.4000000000000004,6.331313,0.8184794998170509
1.4000000000000004,6.532323,0.49493024824068854
1.4000000000000004,6.733333,2.801060822948393
1.4000000000000004,6.934343,5.968689511081339
1.4000000000000004,7.135354,8.77354155294911
1.4000000000000004,7.336364,9.92811575321464
1.4000000000000004,7.537374,10.324943465441565
1.4000000000000004,7.738384,10.52218541400935
1.4000000000000004,7.939394,10.653299378996412
1.4000000000000004,8.140404,10.754526966990708
1.4000000000000004,8.341414,10.834487396016371
1.4000000000000004,8.542424,10.8989001246899
1.4000000000000004,8.743434,10.951816524400062
1.4000000000000004,8.944444,10.994475475583851
1.4000000000000004,9.145455,11.02995705737269
1.4000000000000004,9.346465,11.059415149177465
1.4000000000000004,9.547475,11.083678440199042
1.4000000000000004,9.748485,11.104591869900187
1.4000000000000004,9.949495,11.12282063617989
1.4000000000000004,10.15051,11.139572350518975
1.4000000000000004,10.35152,11.15537801997255
1.4000000000000004,10.55253,11.170766740290357
1.4000000000000004,10.75354,11.184812735234775
1.4000000000000004,10.95455,11.200829579579358
1.4000000000000004,11.15556,11.216477764368955
1.4000000000000004,11.35657,11.232498644319444
1.4000000000000004,11.55758,11.24868738625646
1.4000000000000004,11.75859,11.26534133341853
1.4000000000000004,11.9596,11.282341711323493
1.4000000000000004,12.16061,11.299475090993546
1.4000000000000004,12.36162,11.317053322843876
1.4000000000000004,12.56263,11.334551561651574
1.4000000000000004,12.76364,11.35240352869106
1.4000000000000004,12.96465,11.370360254954013
1.4000000000000004,13.16566,11.38827761000038
1.4000000000000004,13.36667,11.406442007602427
1.4000000000000004,13.56768,11.424405608389103
1.4000000000000004,13.76869,11.442563517258623
1.4000000000000004,13.9697,11.460647712217787
1.4000000000000004,14.17071,11.478626479987854
1.4000000000000004,14.37172,11.496813846071698
1.4000000000000004,14.57273,11.514700063788393
1.4000000000000004,14.77374,11.532407287641266
1.4000000000000004,14.97475,11.548972657924518
1.4000000000000004,15.17576,11.566386677465111
1.4000000000000004,15.37677,11.58512585551904
1.4000000000000004,15.57778,11.602836299032559
1.4000000000000004,15.77879,11.620283893680993
1.4000000000000004,15.9798,11.637608368466218
1.4000000000000004,16.18081,11.654627215099307
1.4000000000000004,16.38182,11.67177631010002
1.4000000000000004,16.58283,11.688801907694062
1.4000000000000004,16.78384,11.705645085411572
1.4000000000000004,16.98485,11.722382670879957
1.4000000000000004,17.18586,11.73880906550072
1.4000000000000004,17.38687,11.755325689272151
1.4000000000000004,17.58788,11.771696702351498
1.4000000000000004,17.78889,11.787892535447487
1.4000000000000004,17.9899,11.804001318153093
1.4000000000000004,18.19091,11.819775908859036
1.4000000000000004,18.39192,11.835640697309636
1.4000000000000004,18.59293,11.851348517200396
1.4000000000000004,18.79394,11.866879475138305
1.4000000000000004,18.99495,11.882342473699948
1.4000000000000004,19.19596,11.89748944935322
1.4000000000000004,19.39697,11.912696576513127
1.4000000000000004,19.59798,11.927745776558774
1.4000000000000004,19.79899,11.942627005802171
1.4000000000000004,20.0,11.95638163593836
1.1000000000000005,0.3010101,1.022120240420486
1.1000000000000005,0.5020202,1.3029902765265977
1.1000000000000005,0.7030303,0.7493169521590888
1.1000000000000005,0.9040404,0.3826035239907846
1.1000000000000005,1.105051,0.38684839867532084
1.1000000000000005,1.306061,0.5457643966001904
1.1000000000000005,1.507071,1.0169751980243225
1.1000000000000005,1.708081,1.4126090195926473
1.1000000000000005,1.909091,1.3097612285236024
1.1000000000000005,2.110101,1.2538480371227687
1.1000000000000005,2.311111,1.7197208926722043
1.1000000000000005,2.512121,1.9876120796471728
1.1000000000000005,2.713131,1.6323289615136192
1.1000000000000005,2.914141,1.153850125889576
1.1000000000000005,3.115152,0.6467822649465506
1.1000000000000005,3.316162,1.1006269356562697
1.1000000000000005,3.517172,2.4744400999254377
1.1000000000000005,3.718182,1.9579193057300497
1.1000000000000005,3.919192,0.6816415769397232
1.1000000000000005,4.120202,0.469515345906244
1.1000000000000005,4.321212,0.6223775118214926
1.1000000000000005,4.522222,1.3237935191387213
1.1000000000000005,4.723232,2.0787995755526687
1.1000000000000005,4.924242,2.255080905067685
1.1000000000000005,5.125253,1.8557084481927217
1.1000000000000005,5.326263,1.7320604890409372
1.1000000000000005,5.527273,2.2145240296188797
1.1000000000000005,5.728283,2.0484750755454773
1.1000000000000005,5.929293,1.665845838817617
1.1000000000000005,6.130303,1.6291478711225358
1.1000000000000005,6.331313,1.3033417101589169
1.1000000000000005,6.532323,0.07145244164715163
1.1000000000000005,6.733333,2.326479395875014
1.1000000000000005,6.934343,5.696099391917201
1.1000000000000005,7.135354,8.912497387644198
1.1000000000000005,7.336364,10.088452152978213
1.1000000000000005,7.537374,10.423616510231561
1.1000000000000005,7.738384,10.58984725482925
1.1000000000000005,7.939394,10.704844059807241
1.1000000000000005,8.140404,10.795202272184582
1.1000000000000005,8.341414,10.865782464671025
1.1000000000000005,8.542424,10.92239028290536
1.1000000000000005,8.743434,10.967688229143446
1.1000000000000005,8.944444,11.003764029686806
1.1000000000000005,9.145455,11.033941112302198
1.1000000000000005,9.346465,11.058541240334685
1.1000000000000005,9.547475,11.079183048999285
1.1000000000000005,9.748485,11.096991952954864
1.1000000000000005,9.949495,11.11301188152028
1.1000000000000005,10.15051,11.128303510400357
1.1000000000000005,10.35152,11.14310867536775
1.1000000000000005,10.55253,11.157854864152506
1.1000000000000005,10.75354,11.17223991121673
1.1000000000000005,10.95455,11.187679297737182
1.1000000000000005,11.15556,11.203756145446695
1.1000000000000005,11.35657,11.219894985439868
1.1000000000000005,11.55758,11.236623571477017
1.1000000000000005,11.75859,11.253614362232438
1.1000000000000005,11.9596,11.271027011719442
1.1000000000000005,12.16061,11.288810010810774
1.1000000000000005,12.36162,11.306579819476358
1.1000000000000005,12.56263,11.324746866302306
1.1000000000000005,12.76364,11.342930191719496
1.1000000000000005,12.96465,11.361277792992007
1.1000000000000005,13.16566,11.379750959750922
1.1000000000000005,13.36667,11.398085874569679
1.1000000000000005,13.56768,11.416592752864121
1.1000000000000005,13.76869,11.434991202606993
1.1000000000000005,13.9697,11.453404017543996
1.1000000000000005,14.17071,11.471808178648713
1.1000000000000005,14.37172,11.490065259953779
1.1000000000000005,14.57273,11.508315233147835
1.1000000000000005,14.77374,11.526263682860133
1.1000000000000005,14.97475,11.541878815832073
1.1000000000000005,15.17576,11.559869987553094
1.1000000000000005,15.37677,11.579044623218119
1.1000000000000005,15.57778,11.597556687366037
1.1000000000000005,15.77879,11.614991315614274
1.1000000000000005,15.9798,11.632754012681755
1.1000000000000005,16.18081,11.650251033289347
1.1000000000000005,16.38182,11.667427562527752
1.1000000000000005,16.58283,11.684451210089609
1.1000000000000005,16.78384,11.701292558235926
1.1000000000000005,16.98485,11.718392535273045
1.1000000000000005,17.18586,11.735171711542153
1.1000000000000005,17.38687,11.751706799859832
1.1000000000000005,17.58788,11.768076573922508
1.1000000000000005,17.78889,11.784271236117506
1.1000000000000005,17.9899,11.800655073025528
1.1000000000000005,18.19091,11.81671512181359
1.1000000000000005,18.39192,11.832578963992992
1.1000000000000005,18.59293,11.84828596971829
1.1000000000000005,18.79394,11.86381615535002
1.1000000000000005,18.99495,11.879505835710848
1.1000000000000005,19.19596,11.894869850538543
1.1000000000000005,19.39697,11.910076378905348
1.1000000000000005,19.59798,11.925125030502478
1.1000000000000005,19.79899,11.940005733773212
1.1000000000000005,20.0,11.952840368922237
0.8000000000000007,0.3010101,0.694731275871707
0.8000000000000007,0.5020202,0.9953842127314741
0.8000000000000007,0.7030303,0.3619454449161011
0.8000000000000007,0.9040404,0.44475772596315727
0.8000000000000007,1.105051,0.6002317297719357
0.8000000000000007,1.306061,0.8634129016851728
0.8000000000000007,1.507071,1.3890616379922418
0.8000000000000007,1.708081,1.8063125508583835
0.8000000000000007,1.909091,1.7700368559012467
0.8000000000000007,2.110101,1.525865565015926
0.8000000000000007,2.311111,1.692084524924036
0.8000000000000007,2.512121,1.8103602094634814
0.8000000000000007,2.713131,1.544585214614198
0.8000000000000007,2.914141,1.2011376267865437
0.8000000000000007,3.115152,1.1007637792752358
0.8000000000000007,3.316162,0.8976255259946656
0.8000000000000007,3.517172,1.0334489921266805
0.8000000000000007,3.718182,0.47678128792250224
0.8000000000000007,3.919192,1.2808782989532221
0.8000000000000007,4.120202,1.8107965567426187
0.8000000000000007,4.321212,1.472379768378724
0.8000000000000007,4.522222,0.8181157797680969
0.8000000000000007,4.723232,0.7264389927100762
0.8000000000000007,4.924242,1.1077804119003096
0.8000000000000007,5.125253,1.4912401255672743
0.8000000000000007,5.326263,1.9740823068564415
0.8000000000000007,5.527273,2.165158620505657
0.8000000000000007,5.728283,1.9188829334414437
0.8000000000000007,5.929293,1.6553656862399717
0.8000000000000007,6.130303,1.7676663050673422
0.8000000000000007,6.331313,1.61098266547727
0.8000000000000007,6.532323,0.5558289125271968
0.8000000000000007,6.733333,1.8683280058565226
0.8000000000000007,6.934343,5.304347199290868
0.8000000000000007,7.135354,9.133777307606913
0.8000000000000007,7.336364,10.258384459449656
0.8000000000000007,7.537374,10.51672760532604
0.8000000000000007,7.738384,10.654387712778874
0.8000000000000007,7.939394,10.7528737339958
0.8000000000000007,8.140404,10.82979337551551
0.8000000000000007,8.341414,10.889451924329716
0.8000000000000007,8.542424,10.936857558419822
0.8000000000000007,8.743434,10.97483022421394
0.8000000000000007,8.944444,11.004733565985326
0.8000000000000007,9.145455,11.02931044106604
0.8000000000000007,9.346465,11.049565420273952
0.8000000000000007,9.547475,11.067005769010615
0.8000000000000007,9.748485,11.082734250764247
0.8000000000000007,9.949495,11.097436157016876
0.8000000000000007,10.15051,11.111827046331799
0.8000000000000007,10.35152,11.126285247530689
0.8000000000000007,10.55253,11.141028409454545
0.8000000000000007,10.75354,11.156300977511036
0.8000000000000007,10.95455,11.17206041240728
0.8000000000000007,11.15556,11.188414154955463
0.8000000000000007,11.35657,11.205185402748569
0.8000000000000007,11.55758,11.22251077467718
0.8000000000000007,11.75859,11.240188324776408
0.8000000000000007,11.9596,11.25825849561735
0.8000000000000007,12.16061,11.27657846328202
0.8000000000000007,12.36162,11.295087110423742
0.8000000000000007,12.56263,11.313746987794914
0.8000000000000007,12.76364,11.3325214550378
0.8000000000000007,12.96465,11.351370003675235
0.8000000000000007,13.16566,11.370252405103784
0.8000000000000007,13.36667,11.38914203546121
0.8000000000000007,13.56768,11.40801510297498
0.8000000000000007,13.76869,11.426858223095133
0.8000000000000007,13.9697,11.445630940096647
0.8000000000000007,14.17071,11.4643287609739
0.8000000000000007,14.37172,11.48294736725982
0.8000000000000007,14.57273,11.501455038098127
0.8000000000000007,14.77374,11.519850282537874
0.8000000000000007,14.97475,11.53809269350364
0.8000000000000007,15.17576,11.556193849301454
0.8000000000000007,15.37677,11.574272365251591
0.8000000000000007,15.57778,11.592242705998581
0.8000000000000007,15.77879,11.6100377224885
0.8000000000000007,15.9798,11.627827061233178
0.8000000000000007,16.18081,11.645321690052864
0.8000000000000007,16.38182,11.662781018763017
0.8000000000000007,16.58283,11.680097693684623
0.8000000000000007,16.78384,11.697212927800724
0.8000000000000007,16.98485,11.714330915732102
0.8000000000000007,17.18586,11.73110859899862
0.8000000000000007,17.38687,11.74785910436593
0.8000000000000007,17.58788,11.764464516203729
0.8000000000000007,17.78889,11.780855323719845
0.8000000000000007,17.9899,11.797257955264124
0.8000000000000007,18.19091,11.813307041058136
0.8000000000000007,18.39192,11.829347885627943
0.8000000000000007,18.59293,11.845232087555583
0.8000000000000007,18.79394,11.860919767141706
0.8000000000000007,18.99495,11.876618695316012
0.8000000000000007,19.19596,11.891982068957802
0.8000000000000007,19.39697,11.907336570988612
0.8000000000000007,19.59798,11.9214555953644
0.8000000000000007,19.79899,11.934269030501548
0.8000000000000007,20.0,11.94709311025932
0.5000000000000009,0.3010101,0.7221334317867177
0.5000000000000009,0.5020202,1.152546482809014
0.5000000000000009,0.7030303,0.5642685124582257
0.5000000000000009,0.9040404,0.9857460180400455
0.5000000000000009,1.105051,1.2886088195179404
0.5000000000000009,1.306061,1.4280169415844652
0.5000000000000009,1.507071,1.7159657770855572
0.5000000000000009,1.708081,1.8840538184739442
0.5000000000000009,1.909091,1.7123537310416443
0.5000000000000009,2.110101,1.3345812016634244
0.5000000000000009,2.311111,1.4562043985881599
0.5000000000000009,2.512121,1.7423480461399494
0.5000000000000009,2.713131,1.7724163766475483
0.5000000000000009,2.914141,1.651712080388134
0.5000000000000009,3.115152,1.4453419197440447
0.5000000000000009,3.316162,0.9473302037170989
0.5000000000000009,3.517172,0.43795272635476307
0.5000000000000009,3.718182,0.5881725130748376
0.5000000000000009,3.919192,1.0624651314643876
0.5000000000000009,4.120202,1.2720104409336583
0.5000000000000009,4.321212,1.219946866835097
0.5000000000000009,4.522222,1.141774760003767
0.5000000000000009,4.723232,1.2944871994900298
0.5000000000000009,4.924242,1.5111589489014716
0.5000000000000009,5.125253,2.1675395319341746
0.5000000000000009,5.326263,2.173410384108225
0.5000000000000009,5.527273,1.9530967610817755
0.5000000000000009,5.728283,1.6811949512908193
0.5000000000000009,5.929293,1.521339707987621
0.5000000000000009,6.130303,1.6469020182549294
0.5000000000000009,6.331313,1.7077139273335011
0.5000000000000009,6.532323,1.1675494971386182
0.5000000000000009,6.733333,1.5097853873064806
0.5000000000000009,6.934343,4.6203037895257255
0.5000000000000009,7.135354,9.540312763919774
0.5000000000000009,7.336364,10.423259288789888
0.5000000000000009,7.537374,10.596481056547807
0.5000000000000009,7.738384,10.707298004347283
0.5000000000000009,7.939394,10.788452174944661
0.5000000000000009,8.140404,10.850683365509068
0.5000000000000009,8.341414,10.898815037023704
0.5000000000000009,8.542424,10.937134410716986
0.5000000000000009,8.743434,10.968312115095717
0.5000000000000009,8.944444,10.992881965848385
0.5000000000000009,9.145455,11.013119759720436
0.5000000000000009,9.346465,11.030399717315472
0.5000000000000009,9.547475,11.045994881169081
0.5000000000000009,9.748485,11.060716038801282
0.5000000000000009,9.949495,11.075056704400264
0.5000000000000009,10.15051,11.089626388837875
0.5000000000000009,10.35152,11.104639602400383
0.5000000000000009,10.55253,11.120235296456462
0.5000000000000009,10.75354,11.13633526655823
0.5000000000000009,10.95455,11.152860219333073
0.5000000000000009,11.15556,11.170291804744352
0.5000000000000009,11.35657,11.188156057435522
0.5000000000000009,11.55758,11.206231307054388
0.5000000000000009,11.75859,11.224921085422723
0.5000000000000009,11.9596,11.243852845980166
0.5000000000000009,12.16061,11.262822344428173
0.5000000000000009,12.36162,11.282314751230624
0.5000000000000009,12.56263,11.301559576486182
0.5000000000000009,12.76364,11.321068359378488
0.5000000000000009,12.96465,11.340530187552083
0.5000000000000009,13.16566,11.35987337099629
0.5000000000000009,13.36667,11.379450494531623
0.5000000000000009,13.56768,11.398731014790009
0.5000000000000009,13.76869,11.41809071162187
0.5000000000000009,13.9697,11.4372846766076
0.5000000000000009,14.17071,11.456297197934417
0.5000000000000009,14.37172,11.475388791591936
0.5000000000000009,14.57273,11.494194593419056
0.5000000000000009,14.77374,11.512987054554667
0.5000000000000009,14.97475,11.529192418718988
0.5000000000000009,15.17576,11.548382564663335
0.5000000000000009,15.37677,11.568364329228192
0.5000000000000009,15.57778,11.586489294781375
0.5000000000000009,15.77879,11.604685470174541
0.5000000000000009,15.9798,11.622521831617394
0.5000000000000009,16.18081,11.640014371553
0.5000000000000009,16.38182,11.657797267999893
0.5000000000000009,16.58283,11.675447743189105
0.5000000000000009,16.78384,11.69285758791803
0.5000000000000009,16.98485,11.710003833598998
0.5000000000000009,17.18586,11.726780212580488
0.5000000000000009,17.38687,11.743776669804031
0.5000000000000009,17.58788,11.76062823415068
0.5000000000000009,17.78889,11.777245637943933
0.5000000000000009,17.9899,11.793657211530906
0.5000000000000009,18.19091,11.809715451258231
0.5000000000000009,18.39192,11.825943644948573
0.5000000000000009,18.59293,11.842015361014123
0.5000000000000009,18.79394,11.857890813820005
0.5000000000000009,18.99495,11.8735890805755
0.5000000000000009,19.19596,11.888951890027872
0.5000000000000009,19.39697,11.904454620129833
0.5000000000000009,19.59798,11.919799743708746
0.5000000000000009,19.79899,11.934947235470052
0.5000000000000009,20.0,11.947781091296363
0.20000000000000107,0.3010101,0.7625282754081385
0.20000000000000107,0.5020202,1.2869231560615497
0.20000000000000107,0.7030303,1.4527776722876728
0.20000000000000107,0.9040404,1.9654082409711526
0.20000000000000107,1.105051,2.1061882148317705
0.20000000000000107,1.306061,1.2904685866955965
0.20000000000000107,6.733333,0.5509276390877228
0.20000000000000107,6.934343,2.5840681772402307
0.20000000000000107,7.135354,10.63208555699037
0.20000000000000107,7.336364,10.57216809400401
0.20000000000000107,7.537374,10.657063484212143
0.20000000000000107,7.738384,10.737746009813849
0.20000000000000107,7.939394,10.79990912762579
0.20000000000000107,8.140404,10.849279264024878
0.20000000000000107,8.341414,10.88787003177822
0.20000000000000107,8.542424,10.91954291677237
0.20000000000000107,8.743434,10.945396949977143
0.20000000000000107,8.944444,10.966463994744226
0.20000000000000107,9.145455,10.984682509825976
0.20000000000000107,9.346465,11.00096280020649
0.20000000000000107,9.547475,11.01631767850246
0.20000000000000107,9.748485,11.031374493154248
0.20000000000000107,9.949495,11.046602340818634
0.20000000000000107,10.15051,11.062272226899516
0.20000000000000107,10.35152,11.078733375412115
0.20000000000000107,10.55253,11.095669771176649
0.20000000000000107,10.75354,11.11319208638218
0.20000000000000107,10.95455,11.130567574242411
0.20000000000000107,11.15556,11.149207567876799
0.20000000000000107,11.35657,11.16865735720624
0.20000000000000107,11.55758,11.188560158798236
0.20000000000000107,11.75859,11.208105588010781
0.20000000000000107,11.9596,11.227968953077381
0.20000000000000107,12.16061,11.248331463396795
0.20000000000000107,12.36162,11.26816939751186
0.20000000000000107,12.56263,11.288664624096924
0.20000000000000107,12.76364,11.308730034170512
0.20000000000000107,12.96465,11.328838645188291
0.20000000000000107,13.16566,11.349095209355053
0.20000000000000107,13.36667,11.3689053512996
0.20000000000000107,13.56768,11.389045932453307
0.20000000000000107,13.76869,11.408759183029249
0.20000000000000107,13.9697,11.428415594022459
0.20000000000000107,14.17071,11.448049258002623
0.20000000000000107,14.37172,11.467301830716956
0.20000000000000107,14.57273,11.486711522991964
0.20000000000000107,14.77374,11.505735282660304
0.20000000000000107,14.97475,11.523617451692308
0.20000000000000107,15.17576,11.54187465978026
0.20000000000000107,15.37677,11.561039945980793
0.20000000000000107,15.57778,11.580455170379496
0.20000000000000107,15.77879,11.598648725368173
0.20000000000000107,15.9798,11.617025150624723
0.20000000000000107,16.18081,11.63510801282418
0.20000000000000107,16.38182,11.652928632453682
0.20000000000000107,16.58283,11.670577389421172
0.20000000000000107,16.78384,11.687995630070306
0.20000000000000107,16.98485,11.705545621450153
0.20000000000000107,17.18586,11.722766133921064
0.20000000000000107,17.38687,11.739781239781776
0.20000000000000107,17.58788,11.75662171828956
0.20000000000000107,17.78889,11.773248096010162
0.20000000000000107,17.9899,11.789985600651592
0.20000000000000107,18.19091,11.80637013610794
0.20000000000000107,18.39192,11.822607496822478
0.20000000000000107,18.59293,11.838678502237764
0.20000000000000107,18.79394,11.854543280224885
0.20000000000000107,18.99495,11.870508819068638
0.20000000000000107,19.19596,11.88611923875472
0.20000000000000107,19.39697,11.901631440730947
0.20000000000000107,19.59798,11.916966084424017
0.20000000000000107,19.79899,11.932113114168253
0.20000000000000107,20.0,11.946233070356215
