X_rel,z,U_mag
8.3,6.7,11.596383253123548
8.3,6.834343,12.605421128967212
8.3,6.968687,13.616161881795879
8.3,7.10303,14.506893985807823
8.3,7.237374,15.36121649132244
8.3,7.371717,16.005549747492235
8.3,7.506061,16.619292124794185
8.3,7.640404,17.04541289781188
8.3,7.774747,17.447573972092705
8.3,7.909091,17.74352913770652
8.3,8.043434,18.013414320752144
8.3,8.177778,18.228693441354405
8.3,8.312121,18.420515798085983
8.3,8.446465,18.585059689482172
8.3,8.580808,18.72958202627117
8.3,8.715152,18.860828390367463
8.3,8.849495,18.975159562343762
8.3,8.983838,19.08357008905018
8.3,9.118182,19.177612527382227
8.3,9.252525,19.26946146770856
8.3,9.386869,19.349399842784596
8.3,9.521212,19.427883358355025
8.3,9.655556,19.498513637801587
8.3,9.789899,19.566968407326
8.3,9.924242,19.630278081618798
8.3,10.05859,19.690051978032077
8.3,10.19293,19.745249828086827
8.3,10.32727,19.800460293823413
8.3,10.46162,19.855673353485667
8.3,10.59596,19.905049561114076
8.3,10.7303,19.952087952331546
8.3,10.86465,19.99912818341967
8.3,10.99899,20.046180241373612
8.3,11.13333,20.087243556136915
8.3,11.26768,20.12826816736949
8.3,11.40202,20.169294069535663
8.3,11.53636,20.20899086349416
8.3,11.67071,20.245137607296
8.3,11.80505,20.28128519427501
8.3,11.93939,20.31743361994272
8.3,12.07374,20.35149166739302
8.3,12.20808,20.383829297371573
8.3,12.34242,20.416157430659336
8.3,12.47677,20.448496064784546
8.3,12.61111,20.47842316977599
8.3,12.74545,20.507840149688523
8.3,12.8798,20.537267408391713
8.3,13.01414,20.566454704431663
8.3,13.14848,20.59362016046989
8.3,13.28283,20.62078576054845
8.3,13.41717,20.647951504109866
8.3,13.55152,20.674446586841885
8.3,13.68586,20.69985046746829
8.3,13.8202,20.72526441440665
8.3,13.95455,20.750668427566378
8.3,14.08889,20.775161310147347
8.3,14.22323,20.799183614204996
8.3,14.35758,20.823205944781687
8.3,14.49192,20.847228301870455
8.3,14.62626,20.87019928701621
8.3,14.76061,20.89310019276747
8.3,14.89495,20.91600110804055
8.3,15.02929,20.938701773604606
8.3,15.16364,20.96068151654007
8.3,15.29798,20.98266126464225
8.3,15.43232,21.004631017940053
8.3,15.56667,21.02621031174788
8.3,15.70101,21.04739914051372
8.3,15.83535,21.06857797663243
8.3,15.9697,21.08976681988678
8.3,16.10404,21.110405108471284
8.3,16.23838,21.130893244948247
8.3,16.37273,21.151381393676804
8.3,16.50707,21.17182952530502
8.3,16.64141,21.191687145158472
8.3,16.77576,21.211544783067954
8.3,16.9101,21.23140243897123
8.3,17.04444,21.25105997498707
8.3,17.17879,21.27034725357237
8.3,17.31313,21.289624555837698
8.3,17.44747,21.308901881629026
8.3,17.58182,21.327849044886545
8.3,17.71616,21.34659611613539
8.3,17.85051,21.365333215765922
8.3,17.98485,21.384070343674075
8.3,18.11919,21.402367307485914
8.3,18.25354,21.42059427891506
8.3,18.38788,21.43883128232646
8.3,18.52222,21.456978292696444
8.3,18.65657,21.474735210006465
8.3,18.79091,21.492482162327263
8.3,18.92525,21.510229149503253
8.3,19.0596,21.527776133148357
8.3,19.19394,21.54506310484224
8.3,19.32828,21.562350113063953
8.3,19.46263,21.57963715765602
8.3,19.59697,21.596594200319924
8.3,19.73131,21.613421265516955
8.3,19.86566,21.630248368091134
8.3,20.0,21.647075507988102
8.600000000000001,6.7,11.667513676506985
8.600000000000001,6.834343,12.650136308792328
8.600000000000001,6.968687,13.640864352774107
8.600000000000001,7.10303,14.513794755396482
8.600000000000001,7.237374,15.346601762253584
8.600000000000001,7.371717,15.978203009838728
8.600000000000001,7.506061,16.584551588873612
8.600000000000001,7.640404,17.009643072228652
8.600000000000001,7.774747,17.411098789635982
8.600000000000001,7.909091,17.70878205145199
8.600000000000001,8.043434,17.980262968960115
8.600000000000001,8.177778,18.197417294789314
8.600000000000001,8.312121,18.392167805320952
8.600000000000001,8.446465,18.558305917963
8.600000000000001,8.580808,18.704202248282737
8.600000000000001,8.715152,18.836792717785226
8.600000000000001,8.849495,18.95270892894848
8.600000000000001,8.983838,19.062012963566676
8.600000000000001,9.118182,19.156738981317464
8.600000000000001,9.252525,19.24947187742558
8.600000000000001,9.386869,19.330064203419223
8.600000000000001,9.521212,19.409021349241375
8.600000000000001,9.655556,19.480055462371798
8.600000000000001,9.789899,19.54915443200703
8.600000000000001,9.924242,19.604551592506265
8.600000000000001,10.05859,19.66347937557695
8.600000000000001,10.19293,19.727887920888747
8.600000000000001,10.32727,19.78428303791103
8.600000000000001,10.46162,19.840240944910832
8.600000000000001,10.59596,19.889822365986888
8.600000000000001,10.7303,19.93701616398141
8.600000000000001,10.86465,19.98473195627079
8.600000000000001,10.99899,20.03245964435436
8.600000000000001,11.13333,20.07422928238368
8.600000000000001,11.26768,20.11595030871576
8.600000000000001,11.40202,20.157142531775097
8.600000000000001,11.53636,20.19684579921922
8.600000000000001,11.67071,20.232989529161316
8.600000000000001,11.80505,20.269744459489754
8.600000000000001,11.93939,20.306670421767365
8.600000000000001,12.07374,20.341506530068358
8.600000000000001,12.20808,20.37461267068656
8.600000000000001,12.34242,20.407479178549128
8.600000000000001,12.47677,20.439815703230334
8.600000000000001,12.61111,20.469741148713045
8.600000000000001,12.74545,20.499396899017054
8.600000000000001,12.8798,20.529523639715833
8.600000000000001,13.01414,20.55940055434237
8.600000000000001,13.14848,20.587176110704938
8.600000000000001,13.28283,20.61496187817515
8.600000000000001,13.41717,20.642206802199464
8.600000000000001,13.55152,20.668701043779894
8.600000000000001,13.68586,20.69410428788174
8.600000000000001,13.8202,20.719978735595163
8.600000000000001,13.95455,20.74591342659005
8.600000000000001,14.08889,20.77087717290139
8.600000000000001,14.22323,20.795330443574958
8.600000000000001,14.35758,20.81960320442585
8.600000000000001,14.49192,20.84362524764878
8.600000000000001,14.62626,20.866596093523196
8.600000000000001,14.76061,20.88965744849877
8.600000000000001,14.89495,20.912929525392816
8.600000000000001,15.02929,20.93597138086021
8.600000000000001,15.16364,20.958252371395556
8.600000000000001,15.29798,20.980523371203304
8.600000000000001,15.43232,21.00250316008946
8.600000000000001,15.56667,21.0240825199325
8.600000000000001,15.70101,21.045271473085226
8.600000000000001,15.83535,21.066701577699146
8.600000000000001,15.9697,21.088131686412318
8.600000000000001,16.10404,21.108981232325608
8.600000000000001,16.23838,21.12967061725632
8.600000000000001,16.37273,21.150239425351085
8.600000000000001,16.50707,21.17069772448032
8.600000000000001,16.64141,21.190555560398977
8.600000000000001,16.77576,21.21050396663427
8.600000000000001,16.9101,21.230522809460826
8.600000000000001,17.04444,21.250341510143556
8.600000000000001,17.17879,21.269759918803828
8.600000000000001,17.31313,21.289158250850065
8.600000000000001,17.44747,21.30844579415664
8.600000000000001,17.58182,21.32739319020279
8.600000000000001,17.71616,21.34615060064917
8.600000000000001,17.85051,21.364998739415995
8.600000000000001,17.98485,21.383846892639166
8.600000000000001,18.11919,21.40223482887006
8.600000000000001,18.25354,21.420562753541844
8.600000000000001,18.38788,21.43883022910651
8.600000000000001,18.52222,21.456977463761127
8.600000000000001,18.65657,21.47472461479801
8.600000000000001,18.79091,21.492532228633806
8.600000000000001,18.92525,21.5103600704099
8.600000000000001,19.0596,21.527967873672885
8.600000000000001,19.19394,21.54532562484228
8.600000000000001,19.32828,21.562663282577972
8.600000000000001,19.46263,21.57995053271933
8.600000000000001,19.59697,21.5969077833896
8.600000000000001,19.73131,21.61316524363543
8.600000000000001,19.86566,21.62758334235256
8.600000000000001,20.0,21.642001459673196
8.9,0.1,1.314145806356321
8.9,0.3010101,4.927965443444571
8.9,0.5020202,5.091856009426665
8.9,0.7030303,4.903474807084013
8.9,0.9040404,4.5560728887207524
8.9,1.105051,4.199798028655308
8.9,1.306061,3.9659771167655973
8.9,1.507071,3.862103057509275
8.9,1.708081,3.851086743792936
8.9,1.909091,3.783394607366668
8.9,2.110101,3.5880345700944756
8.9,2.311111,3.263159274679448
8.9,2.512121,2.8855162896184057
8.9,2.713131,2.521515355794563
8.9,2.914141,2.241107979869995
8.9,3.115152,2.099630840647532
8.9,3.316162,2.1590167238724156
8.9,3.517172,2.373691859696521
8.9,3.718182,2.6652725407041307
8.9,3.919192,2.934047488062687
8.9,4.120202,3.1673837176819246
8.9,4.321212,3.3999516376291075
8.9,4.522222,3.6684572491320666
8.9,4.723232,3.996005869716651
8.9,4.924242,4.393502053626038
8.9,5.125253,4.844473895952485
8.9,5.326263,5.307799954628366
8.9,5.527273,5.851092507675097
8.9,5.728283,6.401934647824511
8.9,5.929293,7.095368007550281
8.9,6.130303,8.032375146915719
8.9,6.331313,9.158252584026961
8.9,6.532323,10.498612571081985
8.9,6.733333,11.971957041908793
8.9,6.934343,13.423814894253617
8.9,7.135354,14.707117067678242
8.9,7.336364,15.798764301291902
8.9,7.537374,16.65163150072648
8.9,7.738384,17.285655264435487
8.9,7.939394,17.743838210406924
8.9,8.140404,18.10902716490251
8.9,8.341414,18.401622135818858
8.9,8.542424,18.642964358033623
8.9,8.743434,18.84327844976753
8.9,8.944444,19.00942169487013
8.9,9.145455,19.156697618222964
8.9,9.346465,19.287389786585265
8.9,9.547475,19.405478238699107
8.9,9.748485,19.512439093075105
8.9,9.949495,19.60512317775484
8.9,10.15051,19.68855710718229
8.9,10.35152,19.774155783467886
8.9,10.55253,19.86031070390415
8.9,10.75354,19.931894632461372
8.9,10.95455,20.003292834541888
8.9,11.15556,20.067746043717413
8.9,11.35657,20.13017272876075
8.9,11.55758,20.191252652275374
8.9,11.75859,20.24670487156423
8.9,11.9596,20.3019491892507
8.9,12.16061,20.352634462697207
8.9,12.36162,20.402170899267077
8.9,12.56263,20.45111873416697
8.9,12.76364,20.496365867936223
8.9,12.96465,20.541433680607508
8.9,13.16566,20.58362045451271
8.9,13.36667,20.625177340317972
8.9,13.56768,20.66648503189468
8.9,13.76869,20.705400807142823
8.9,13.9697,20.744196630454244
8.9,14.17071,20.781130973650704
8.9,14.37172,20.817725144162182
8.9,14.57273,20.85418006048114
8.9,14.77374,20.889062901191508
8.9,14.97475,20.923865601550503
8.9,15.17576,20.957377059785912
8.9,15.37677,20.99070835512697
8.9,15.57778,21.023900452259603
8.9,15.77879,21.056000727524196
8.9,15.9798,21.088060860255684
8.9,16.18081,21.119130122673372
8.9,16.38182,21.150079296021694
8.9,16.58283,21.18087929860175
8.9,16.78384,21.21085781495636
8.9,16.98485,21.240816242603763
8.9,17.18586,21.269934123889563
8.9,17.38687,21.298981982284364
8.9,17.58788,21.327840649262686
8.9,17.78889,21.356058141119956
8.9,17.9899,21.38426560303811
8.9,18.19091,21.411722759303327
8.9,18.39192,21.439149937277197
8.9,18.59293,21.466347866332846
8.9,18.79394,21.493024875117296
8.9,18.99495,21.519701900904156
8.9,19.19596,21.545678794470042
8.9,19.39697,21.571635735346636
8.9,19.59798,21.59734336977829
8.9,19.79899,21.61895070528888
8.9,20.0,21.640528079303863
9.200000000000001,0.1,2.784485066356282
9.200000000000001,0.3010101,4.84192920100995
9.200000000000001,0.5020202,4.9201793258653215
9.200000000000001,0.7030303,4.660535333919345
9.200000000000001,0.9040404,4.131922447435119
9.200000000000001,1.105051,3.7031168630891145
9.200000000000001,1.306061,3.74667995968029
9.200000000000001,1.507071,3.808841124575044
9.200000000000001,1.708081,3.7807020975738372
9.200000000000001,1.909091,3.681671351885157
9.200000000000001,2.110101,3.473524074785268
9.200000000000001,2.311111,3.1575425002865014
9.200000000000001,2.512121,2.802033432140875
9.200000000000001,2.713131,2.463897156132863
9.200000000000001,2.914141,2.2037498693272544
9.200000000000001,3.115152,2.0738989409340203
9.200000000000001,3.316162,2.135201513951657
9.200000000000001,3.517172,2.3397700881071586
9.200000000000001,3.718182,2.6155742641873316
9.200000000000001,3.919192,2.8751665168545024
9.200000000000001,4.120202,3.1011992695459543
9.200000000000001,4.321212,3.3193789164904826
9.200000000000001,4.522222,3.5625676504554575
9.200000000000001,4.723232,3.85446943652318
9.200000000000001,4.924242,4.212104549526419
9.200000000000001,5.125253,4.643660229074687
9.200000000000001,5.326263,5.143758210625489
9.200000000000001,5.527273,5.713622867481469
9.200000000000001,5.728283,6.308564384349489
9.200000000000001,5.929293,7.083508275535223
9.200000000000001,6.130303,8.034140067377855
9.200000000000001,6.331313,9.222999019053697
9.200000000000001,6.532323,10.573187212086237
9.200000000000001,6.733333,12.029539579161007
9.200000000000001,6.934343,13.441948531392276
9.200000000000001,7.135354,14.717823975210496
9.200000000000001,7.336364,15.776906364360018
9.200000000000001,7.537374,16.623555451812834
9.200000000000001,7.738384,17.25536851357765
9.200000000000001,7.939394,17.71574469423434
9.200000000000001,8.140404,18.08178724698616
9.200000000000001,8.341414,18.3784681008423
9.200000000000001,8.542424,18.620903660354955
9.200000000000001,8.743434,18.823234223946386
9.200000000000001,8.944444,18.991002740007353
9.200000000000001,9.145455,19.138600277690994
9.200000000000001,9.346465,19.270616939447446
9.200000000000001,9.547475,19.388997390666667
9.200000000000001,9.748485,19.496651336391714
9.200000000000001,9.949495,19.589958824805873
9.200000000000001,10.15051,19.67402612712022
9.200000000000001,10.35152,19.76022782904202
9.200000000000001,10.55253,19.846375209518317
9.200000000000001,10.75354,19.918582967904722
9.200000000000001,10.95455,19.99057507474248
9.200000000000001,11.15556,20.055262772936917
9.200000000000001,11.35657,20.11855425922407
9.200000000000001,11.55758,20.179809153230426
9.200000000000001,11.75859,20.236027120568675
9.200000000000001,11.9596,20.291947350260184
9.200000000000001,12.16061,20.342929197903057
9.200000000000001,12.36162,20.39346273734391
9.200000000000001,12.56263,20.442597480406057
9.200000000000001,12.76364,20.488602619379865
9.200000000000001,12.96465,20.534318531122583
9.200000000000001,13.16566,20.57677371110967
9.200000000000001,13.36667,20.619179790778812
9.200000000000001,13.56768,20.66061591919704
9.200000000000001,13.76869,20.70015136562751
9.200000000000001,13.9697,20.739436779764556
9.200000000000001,14.17071,20.776580716112417
9.200000000000001,14.37172,20.813805350850096
9.200000000000001,14.57273,20.850339637429663
9.200000000000001,14.77374,20.885673088484864
9.200000000000001,14.97475,20.920816168199597
9.200000000000001,15.17576,20.95448786246646
9.200000000000001,15.37677,20.988250209297235
9.200000000000001,15.57778,21.021502169203625
9.200000000000001,15.77879,21.053923467780592
9.200000000000001,15.9798,21.08620430169477
9.200000000000001,16.18081,21.117384096074886
9.200000000000001,16.38182,21.14864449982962
9.200000000000001,16.58283,21.179464596797903
9.200000000000001,16.78384,21.20967425043953
9.200000000000001,16.98485,21.23977345362992
9.200000000000001,17.18586,21.26898196817701
9.200000000000001,17.38687,21.29824102810827
9.200000000000001,17.58788,21.327119881535115
9.200000000000001,17.78889,21.355508470263448
9.200000000000001,17.9899,21.383806663989876
9.200000000000001,18.19091,21.411334452750804
9.200000000000001,18.39192,21.438902710180876
9.200000000000001,18.59293,21.466110847603755
9.200000000000001,18.79394,21.492908846611577
9.200000000000001,18.99495,21.51964651500949
9.200000000000001,19.19596,21.54567399093598
9.200000000000001,19.39697,21.571731857474287
9.200000000000001,19.59798,21.597439687381904
9.200000000000001,19.79899,21.62276747988721
9.200000000000001,20.0,21.646235184133076
18.5,0.1,0.27795809159967694
18.5,0.3010101,0.7005288167930221
18.5,0.5020202,0.8912524229705521
18.5,0.7030303,0.7974237674031545
18.5,1.306061,1.9194034540058753
18.5,1.507071,2.645120977210636
18.5,1.708081,2.6480883945645415
18.5,1.909091,2.588806575360269
18.5,2.110101,2.512845372149536
18.5,2.311111,2.443178702886655
18.5,2.512121,2.3963862821193733
18.5,2.713131,2.3900163061185355
18.5,2.914141,2.431283021487131
18.5,3.115152,2.5237569545162875
18.5,3.316162,2.6720896082620764
18.5,3.517172,2.8670782039027642
18.5,3.718182,3.110768009606398
18.5,3.919192,3.4024568564963893
18.5,4.120202,3.7443786456308583
18.5,4.321212,4.1490959728098655
18.5,4.522222,4.613002698709262
18.5,4.723232,5.144656316441936
18.5,4.924242,5.74751006374269
18.5,5.125253,6.420874965400308
18.5,5.326263,7.1958945709009
18.5,5.527273,8.020718788584313
18.5,5.728283,8.90988520889319
18.5,5.929293,9.853322574949747
18.5,6.130303,10.815643102793834
18.5,6.331313,11.790656768271013
18.5,6.532323,12.745493887319842
18.5,6.733333,13.661884697464144
18.5,6.934343,14.50079568557939
18.5,7.135354,15.254575595271177
18.5,7.336364,15.924884868724968
18.5,7.537374,16.505147739138884
18.5,7.738384,16.996800827419204
18.5,7.939394,17.400148136807516
18.5,8.140404,17.744722786882907
18.5,8.341414,18.03953961420348
18.5,8.542424,18.292156395845616
18.5,8.743434,18.508552813287313
18.5,8.944444,18.69088670071789
18.5,9.145455,18.852556374853204
18.5,9.346465,18.996656592762022
18.5,9.547475,19.12614407086829
18.5,9.748485,19.243185274048066
18.5,9.949495,19.336608260091833
18.5,10.15051,19.430363111535932
18.5,10.35152,19.531552644706903
18.5,10.55253,19.61841173278989
18.5,10.75354,19.695148528257565
18.5,10.95455,19.771981205371024
18.5,11.15556,19.841777971495436
18.5,11.35657,19.90946057361745
18.5,11.55758,19.975229303014185
18.5,11.75859,20.036267536035393
18.5,11.9596,20.097369399100945
18.5,12.16061,20.154419414470073
18.5,12.36162,20.210402635329793
18.5,12.56263,20.265099720905837
18.5,12.76364,20.316992419967384
18.5,12.96465,20.36894742197947
18.5,13.16566,20.418107612707715
18.5,13.36667,20.466609790790216
18.5,13.56768,20.514104591581948
18.5,13.76869,20.55965297012391
18.5,13.9697,20.60529278510836
18.5,14.17071,20.648776103431224
18.5,14.37172,20.6917707489562
18.5,14.57273,20.7339172245727
18.5,14.77374,20.774616050207143
18.5,14.97475,20.815425737578327
18.5,15.17576,20.85446783538662
18.5,15.37677,20.893140842830086
18.5,15.57778,20.93110512325736
18.5,15.77879,20.967940944878514
18.5,15.9798,21.004887260177508
18.5,16.18081,21.040375228816547
18.5,16.38182,21.075583824458892
18.5,16.58283,21.110163296489482
18.5,16.78384,21.143863768760177
18.5,16.98485,21.1776845090051
18.5,17.18586,21.21024637816974
18.5,17.38687,21.242608681420624
18.5,17.58788,21.274421583679736
18.5,17.78889,21.3055451313606
18.5,17.9899,21.33675881412957
18.5,18.19091,21.366883269365573
18.5,18.39192,21.396858027131834
18.5,18.59293,21.42634319292304
18.5,18.79394,21.455258774663193
18.5,18.99495,21.48426441932606
18.5,19.19596,21.512300602115225
18.5,19.39697,21.540226992068625
18.5,19.59798,21.567703647910307
18.5,19.79899,21.594700560876376
18.5,20.0,21.61784795234267
18.8,0.1,0.16009967995744465
18.8,0.3010101,0.44120160649526075
18.8,0.5020202,0.6322040148332922
18.8,0.7030303,0.7070904525825522
18.8,1.306061,1.7370703895732253
18.8,1.507071,2.6617879155514044
18.8,1.708081,2.6437972614600955
18.8,1.909091,2.5839035898801934
18.8,2.110101,2.5154772325782826
18.8,2.311111,2.4590825218254024
18.8,2.512121,2.428943076117453
18.8,2.713131,2.4424997575048293
18.8,2.914141,2.50696833406887
18.8,3.115152,2.6221842265062962
18.8,3.316162,2.7894987159088833
18.8,3.517172,2.998543732313917
18.8,3.718182,3.252491325296766
18.8,3.919192,3.5523307685391363
18.8,4.120202,3.899894554449748
18.8,4.321212,4.30731436914776
18.8,4.522222,4.771544456604412
18.8,4.723232,5.301463979439865
18.8,4.924242,5.9004116979301156
18.8,5.125253,6.567442691719703
18.8,5.326263,7.332200132944889
18.8,5.527273,8.147956336094452
18.8,5.728283,9.024144174905297
18.8,5.929293,9.949977860188886
18.8,6.130303,10.89847804305972
18.8,6.331313,11.85254232901855
18.8,6.532323,12.793976011151171
18.8,6.733333,13.69606606178597
18.8,6.934343,14.521364878331127
18.8,7.135354,15.267289053441969
18.8,7.336364,15.928878226487662
18.8,7.537374,16.505178744336437
18.8,7.738384,16.99397776518092
18.8,7.939394,17.395697453608157
18.8,8.140404,17.739628154758456
18.8,8.341414,18.034041599625244
18.8,8.542424,18.286590172225782
18.8,8.743434,18.503067651772138
18.8,8.944444,18.685561524588007
18.8,9.145455,18.84738037000469
18.8,9.346465,18.99171984505225
18.8,9.547475,19.12137624089098
18.8,9.748485,19.23861646872508
18.8,9.949495,19.343110385373777
18.8,10.15051,19.437046025719244
18.8,10.35152,19.527493098987307
18.8,10.55253,19.614391548445262
18.8,10.75354,19.691248580143682
18.8,10.95455,19.768110613449842
18.8,11.15556,19.837906572193674
18.8,11.35657,19.90564910433705
18.8,11.55758,19.971487913205802
18.8,11.75859,20.032596185223195
18.8,11.9596,20.093707430183404
18.8,12.16061,20.150756732210958
18.8,12.36162,20.206789748986036
18.8,12.56263,20.26155670084707
18.8,12.76364,20.31350920891099
18.8,12.96465,20.36547361841309
18.8,13.16566,20.414643185270325
18.8,13.36667,20.463205025076224
18.8,13.56768,20.5107995104006
18.8,13.76869,20.55644753536333
18.8,13.9697,20.60209680955223
18.8,14.17071,20.645579600761398
18.8,14.37172,20.688663829573397
18.8,14.57273,20.730939892980956
18.8,14.77374,20.7717582935583
18.8,14.97475,20.812577515764758
18.8,15.17576,20.851629182561886
18.8,15.37677,20.890411759953817
18.8,15.57778,20.92849561165348
18.8,15.77879,20.965461008666935
18.8,15.9798,21.002426943431356
18.8,16.18081,21.037914570036218
18.8,16.38182,21.073232766191747
18.8,16.58283,21.107931842439353
18.8,16.78384,21.141751931837028
18.8,16.98485,21.17558237177679
18.8,17.18586,21.20814397443187
18.8,17.38687,21.24061592958592
18.8,17.58788,21.272528490757892
18.8,17.78889,21.30375171269186
18.8,17.9899,21.33496516361852
18.8,18.19091,21.36509941343202
18.8,18.39192,21.3951638802554
18.8,18.59293,21.424738765988575
18.8,18.79394,21.453744083626365
18.8,18.99495,21.482749551538937
18.8,19.19596,21.510785576899732
18.8,19.39697,21.53879173503847
18.8,19.59798,21.5644184151918
18.8,19.79899,21.587535601970856
18.8,20.0,21.610662861435358
19.1,0.1,0.053237957587334246
19.1,0.3010101,0.5837789857814449
19.1,0.5020202,0.8610034654196498
19.1,0.7030303,0.9287255386870636
19.1,0.9040404,0.857036804812693
19.1,1.105051,0.39131611079630696
19.1,1.306061,2.4025932779763557
19.1,1.507071,2.61324783733967
19.1,1.708081,2.610647052934389
19.1,1.909091,2.566610361518612
19.1,2.110101,2.5139762816455202
19.1,2.311111,2.475686584594149
19.1,2.512121,2.4656327547488317
19.1,2.713131,2.5008648370417563
19.1,2.914141,2.588841495311644
19.1,3.115152,2.725592784296965
19.1,3.316162,2.91001383161906
19.1,3.517172,3.1316916249788336
19.1,3.718182,3.394918780366461
19.1,3.919192,3.702078085300494
19.1,4.120202,4.054712930778608
19.1,4.321212,4.464592862216275
19.1,4.522222,4.929078368940207
19.1,4.723232,5.457290038917944
19.1,4.924242,6.0522818206560824
19.1,5.125253,6.712668267532572
19.1,5.326263,7.466395332185116
19.1,5.527273,8.272738170139341
19.1,5.728283,9.135727524741796
19.1,5.929293,10.043961499312969
19.1,6.130303,10.978803903226488
19.1,6.331313,11.91261149405092
19.1,6.532323,12.8409916016376
19.1,6.733333,13.729400990760158
19.1,6.934343,14.541807641329878
19.1,7.135354,15.280114240172983
19.1,7.336364,15.933349685879316
19.1,7.537374,16.505745047371864
19.1,7.738384,16.991706629755946
19.1,7.939394,17.391735072558305
19.1,8.140404,17.73495983765373
19.1,8.341414,18.028846453537206
19.1,8.542424,18.28127562172725
19.1,8.743434,18.49776284652807
19.1,8.944444,18.680365753174318
19.1,9.145455,18.842313441975765
19.1,9.346465,18.98687160622032
19.1,9.547475,19.116696853306177
19.1,9.748485,19.23412601581831
19.1,9.949495,19.327907529405582
19.1,10.15051,19.420194815751433
19.1,10.35152,19.518108890836455
19.1,10.55253,19.610558563088198
19.1,10.75354,19.68755587626335
19.1,10.95455,19.764447374090103
19.1,11.15556,19.834252638918997
19.1,11.35657,19.90205520436904
19.1,11.55758,19.967974198304
19.1,11.75859,20.029132634527944
19.1,11.9596,20.09025336509744
19.1,12.16061,20.147302042384556
19.1,12.36162,20.203374976509227
19.1,12.56263,20.258181922564184
19.1,12.76364,20.31020436401544
19.1,12.96465,20.362178261712984
19.1,13.16566,20.41134727321103
19.1,13.36667,20.459968879628924
19.1,13.56768,20.507633160239525
19.1,13.76869,20.553370935814286
19.1,13.9697,20.59902972983691
19.1,14.17071,20.642512043404214
19.1,14.37172,20.685685940638486
19.1,14.57273,20.72806167882951
19.1,14.77374,20.768999733116274
19.1,14.97475,20.809828534469784
19.1,15.17576,20.848869806653504
19.1,15.37677,20.887762017593356
19.1,15.57778,20.925965503640832
19.1,15.77879,20.96305053341946
19.1,15.9798,21.000026119079997
19.1,16.18081,21.035503429584193
19.1,16.38182,21.070931271671636
19.1,16.58283,21.105739996088573
19.1,16.78384,21.139679742043732
19.1,16.98485,21.173509903504918
19.1,17.18586,21.20608125800436
19.1,17.38687,21.23864289623408
19.1,17.58788,21.270665145230605
19.1,17.78889,21.30197806676366
19.1,17.9899,21.333201300970057
19.1,18.19091,21.363325358630036
19.1,18.39192,21.393479552141343
19.1,18.59293,21.423144170441155
19.1,18.79394,21.452229231152078
19.1,18.99495,21.48124453327939
19.1,19.19596,21.509270411297273
19.1,19.39697,21.53735633641789
19.1,19.59798,21.56498254034488
19.1,19.79899,21.592119017881778
19.1,20.0,21.615266187382414
19.4,0.1,0.04867544303498055
19.4,0.3010101,0.45308343071104507
19.4,0.5020202,0.7507548635643531
19.4,0.7030303,0.8766036757716364
19.4,0.9040404,1.0441518874974318
19.4,1.105051,1.495542409036417
19.4,1.306061,2.2980686711959897
19.4,1.507071,2.5524171314573176
19.4,1.708081,2.573887852995983
19.4,1.909091,2.5488390629714686
19.4,2.110101,2.514397819019898
19.4,2.311111,2.495776895288361
19.4,2.512121,2.5080657620717086
19.4,2.713131,2.567778577584615
19.4,2.914141,2.677665032548758
19.4,3.115152,2.8333018678016013
19.4,3.316162,3.0321376161411107
19.4,3.517172,3.265538177827198
19.4,3.718182,3.537916900727404
19.4,3.919192,3.8514150817274757
19.4,4.120202,4.208463513811066
19.4,4.321212,4.620523203845513
19.4,4.522222,5.085382227872219
19.4,4.723232,5.611789904394151
19.4,4.924242,6.2028335095698175
19.4,5.125253,6.856614873520479
19.4,5.326263,7.5626935040799985
19.4,5.527273,8.394118827148459
19.4,5.728283,9.243001711962904
19.4,5.929293,10.140903075298466
19.4,6.130303,11.051123719549123
19.4,6.331313,11.978190137574577
19.4,6.532323,12.885605909153059
19.4,6.733333,13.760592629051484
19.4,6.934343,14.565297701526534
19.4,7.135354,15.290024487743331
19.4,7.336364,15.940379107312461
19.4,7.537374,16.506344412741015
19.4,7.738384,16.989605210557592
19.4,7.939394,17.388517322222906
19.4,8.140404,17.730286758975208
19.4,8.341414,18.023962939615917
19.4,8.542424,18.27609191502665
19.4,8.743434,18.492557895361763
19.4,8.944444,18.675239315179926
19.4,9.145455,18.83737528673367
19.4,9.346465,18.98201221309035
19.4,9.547475,19.112106007197056
19.4,9.748485,19.22971407498634
19.4,9.949495,19.330942399632246
19.4,10.15051,19.42148260640032
19.4,10.35152,19.51595226609734
19.4,10.55253,19.606744570118522
19.4,10.75354,19.683741213337363
19.4,10.95455,19.760783020318154
19.4,11.15556,19.83075921634866
19.4,11.35657,19.89858130301446
19.4,11.55758,19.96449963843624
19.4,11.75859,20.025657471176878
19.4,11.9596,20.08683845186877
19.4,12.16061,20.143967740063548
19.4,12.36162,20.20005019252423
19.4,12.56263,20.254866545143962
19.4,12.76364,20.306878436598275
19.4,12.96465,20.358922364705748
19.4,13.16566,20.408191557371307
19.4,13.36667,20.45683268892844
19.4,13.56768,20.50448644834796
19.4,13.76869,20.550223735725222
19.4,13.9697,20.595992357639727
19.4,14.17071,20.639614534763563
19.4,14.37172,20.682807995165916
19.4,14.57273,20.72518328984217
19.4,14.77374,20.766120928993193
19.4,14.97475,20.807089429844122
19.4,15.17576,20.846310393897525
19.4,15.37677,20.88521222884697
19.4,15.57778,20.923415351275075
19.4,15.77879,20.960490040186396
19.4,15.9798,20.997615274323596
19.4,16.18081,21.033282218684448
19.4,16.38182,21.068709753104763
19.4,16.58283,21.103528186965715
19.4,16.78384,21.1374576600809
19.4,16.98485,21.17143747127364
19.4,17.18586,21.20416846788038
19.4,17.38687,21.23673986207723
19.4,17.58788,21.26875188312951
19.4,17.78889,21.300074589819335
19.4,17.9899,21.331427501683375
19.4,18.19091,21.361691236620118
19.4,18.39192,21.391855240600623
19.4,18.59293,21.421519681812427
19.4,18.79394,21.450604575049123
19.4,18.99495,21.479729587782085
19.4,19.19596,21.50787517948747
19.4,19.39697,21.535960959899153
19.4,19.59798,21.5635870269367
19.4,19.79899,21.590723373756454
19.4,20.0,21.61592004453008
19.700000000000003,0.1,0.04478613953090257
19.700000000000003,0.3010101,0.5609975172936112
19.700000000000003,0.5020202,0.8979565798458244
19.700000000000003,0.7030303,1.1171061099108237
19.700000000000003,0.9040404,1.3626799731161683
19.700000000000003,1.105051,1.8093904783001953
19.700000000000003,1.306061,2.3598868008155276
19.700000000000003,1.507071,2.531751685362291
19.700000000000003,1.708081,2.5564310876260494
19.700000000000003,1.909091,2.5420233110915746
19.700000000000003,2.110101,2.522413320553768
19.700000000000003,2.311111,2.522004234536527
19.700000000000003,2.512121,2.5575790695086287
19.700000000000003,2.713131,2.641161610626048
19.700000000000003,2.914141,2.772576861328616
19.700000000000003,3.115152,2.943784444412513
19.700000000000003,3.316162,3.1553596161976802
19.700000000000003,3.517172,3.399649318928429
19.700000000000003,3.718182,3.6802515685364394
19.700000000000003,3.919192,3.999801400430768
19.700000000000003,4.120202,4.360565904300133
19.700000000000003,4.321212,4.774646960335729
19.700000000000003,4.522222,5.2399325525004645
19.700000000000003,4.723232,5.764843845513828
19.700000000000003,4.924242,6.353129491448733
19.700000000000003,5.125253,6.998846461672155
19.700000000000003,5.326263,7.691823240300651
19.700000000000003,5.527273,8.517084507107464
19.700000000000003,5.728283,9.351331018500552
19.700000000000003,5.929293,10.227673545017176
19.700000000000003,6.130303,11.133922551005025
19.700000000000003,6.331313,12.03504401535832
19.700000000000003,6.532323,12.93381404406603
19.700000000000003,6.733333,13.79381787930443
19.700000000000003,6.934343,14.58323804608521
19.700000000000003,7.135354,15.30570186077881
19.700000000000003,7.336364,15.945080118794445
19.700000000000003,7.537374,16.508371020538927
19.700000000000003,7.738384,16.988199980087032
19.700000000000003,7.939394,17.384846700983292
19.700000000000003,8.140404,17.72635493349018
19.700000000000003,8.341414,18.019071036191942
19.700000000000003,8.542424,18.271058445060447
19.700000000000003,8.743434,18.48744233494809
19.700000000000003,8.944444,18.670211583193556
19.700000000000003,9.145455,18.832406140679012
19.700000000000003,9.346465,18.97731111284624
19.700000000000003,9.547475,19.10748375578258
19.700000000000003,9.748485,19.225340696141533
19.700000000000003,9.949495,19.326838209967047
19.700000000000003,10.15051,19.424785775290037
19.700000000000003,10.35152,19.515741682207388
19.700000000000003,10.55253,19.603048977609298
19.700000000000003,10.75354,19.68015571205722
19.700000000000003,10.95455,19.757317528623393
19.700000000000003,11.15556,19.827313391507854
19.700000000000003,11.35657,19.895215772153552
19.700000000000003,11.55758,19.961153698394483
19.700000000000003,11.75859,20.02235162888151
19.700000000000003,11.9596,20.083572594944762
19.700000000000003,12.16061,20.14071156004993
19.700000000000003,12.36162,20.196844155795677
19.700000000000003,12.56263,20.251660094133776
19.700000000000003,12.76364,20.303721930177797
19.700000000000003,12.96465,20.355785703101958
19.700000000000003,13.16566,20.4050745486223
19.700000000000003,13.36667,20.453775609870515
19.700000000000003,13.56768,20.501448952197073
19.700000000000003,13.76869,20.547246041120665
19.700000000000003,13.9697,20.593054395134928
19.700000000000003,14.17071,20.63671621696171
19.700000000000003,14.37172,20.679999451666824
19.700000000000003,14.57273,20.72238435821007
19.700000000000003,14.77374,20.763401711996316
19.700000000000003,14.97475,20.804429895101492
19.700000000000003,15.17576,20.84369052017024
19.700000000000003,15.37677,20.882702055326153
19.700000000000003,15.57778,20.9209148403419
19.700000000000003,15.77879,20.958089215298248
19.700000000000003,15.9798,20.99527413383669
19.700000000000003,16.18081,21.03098077450564
19.700000000000003,16.38182,21.066517995845363
19.700000000000003,16.58283,21.10134615166366
19.700000000000003,16.78384,21.135375321683203
19.700000000000003,16.98485,21.169414848771982
19.700000000000003,17.18586,21.202175583964575
19.700000000000003,17.38687,21.234846686317926
19.700000000000003,17.58788,21.266868485809734
19.700000000000003,17.78889,21.298270918773152
19.700000000000003,17.9899,21.32968358842748
19.700000000000003,18.19091,21.3599871028614
19.700000000000003,18.39192,21.39023084838076
19.700000000000003,18.59293,21.41989511700262
19.700000000000003,18.79394,21.44905976869223
19.700000000000003,18.99495,21.47822457975354
19.700000000000003,19.19596,21.50639998297422
19.700000000000003,19.39697,21.53455553163081
19.700000000000003,19.59798,21.562181466190147
19.700000000000003,19.79899,21.585458148139715
19.700000000000003,20.0,21.608694917310057
20.0,0.1,0.14211089755676862
20.0,0.3010101,0.7459532761849871
20.0,0.5020202,1.0762812040906828
20.0,0.7030303,1.3206869283960982
20.0,0.9040404,1.5598023525536582
20.0,1.105051,1.9638713601811357
20.0,1.306061,2.3934294035214108
20.0,1.507071,2.5279633964479973
20.0,1.708081,2.551910857849564
20.0,1.909091,2.545156080911216
20.0,2.110101,2.538649997352395
20.0,2.311111,2.5572447274328276
20.0,2.512121,2.614557306532533
20.0,2.713131,2.72071794743415
20.0,2.914141,2.870620560709466
20.0,3.115152,3.057064108355278
20.0,3.316162,3.2800993553538524
20.0,3.517172,3.533682454479328
20.0,3.718182,3.8217056343483664
20.0,3.919192,4.146498558652957
20.0,4.120202,4.510973967784395
20.0,4.321212,4.926847365753353
20.0,4.522222,5.3923002614963735
20.0,4.723232,5.915339707910971
20.0,4.924242,6.500356335505218
20.0,5.125253,7.136280303127094
20.0,5.326263,7.872298876101314
20.0,5.527273,8.636505073377968
20.0,5.728283,9.45654645683329
20.0,5.929293,10.323058426320783
20.0,6.130303,11.205687849077524
20.0,6.331313,12.100417257083562
20.0,6.532323,12.978919298424726
20.0,6.733333,13.825915973847508
20.0,6.934343,14.607809476076076
20.0,7.135354,15.316774943110328
20.0,7.336364,15.953267307367362
20.0,7.537374,16.50999875781893
20.0,7.738384,16.986940935772992
20.0,7.939394,17.38230731758727
20.0,8.140404,17.722095233705218
20.0,8.341414,18.014529304483162
20.0,8.542424,18.26607394338375
20.0,8.743434,18.48237540559308
20.0,8.944444,18.665192584074553
20.0,9.145455,18.827554829759404
20.0,9.346465,18.972538575388164
20.0,9.547475,19.102989784492703
20.0,9.748485,19.22103579842701
20.0,9.949495,19.315345120970655
20.0,10.15051,19.420889518461657
20.0,10.35152,19.511914925023042
20.0,10.55253,19.599532411897464
20.0,10.75354,19.67679941588733
20.0,10.95455,19.753950650610854
20.0,11.15556,19.823945987207996
20.0,11.35657,19.891888095709838
20.0,11.55758,19.95795699548338
20.0,11.75859,20.01920515611774
20.0,11.9596,20.080425589652425
20.0,12.16061,20.13756406769382
20.0,12.36162,20.193706398789715
20.0,12.56263,20.248603010930594
20.0,12.76364,20.30069486913141
20.0,12.96465,20.35276815340983
20.0,13.16566,20.402056550911094
20.0,13.36667,20.45076731825358
20.0,13.56768,20.49855093219855
20.0,13.76869,20.544397863796497
20.0,13.9697,20.590205785913035
20.0,14.17071,20.633867208908004
20.0,14.37172,20.677170135022813
20.0,14.57273,20.71972499883234
20.0,14.77374,20.760802096555757
20.0,14.97475,20.801829911111255
20.0,15.17576,20.841100197258086
20.0,15.37677,20.880141430562208
20.0,15.57778,20.91854398775038
20.0,15.77879,20.955788080191585
20.0,15.9798,20.992972694405367
20.0,16.18081,21.02867905664338
20.0,16.38182,21.064256002578734
20.0,16.58283,21.099273850190638
20.0,16.78384,21.13337275354786
20.0,16.98485,21.167412035766112
20.0,17.18586,21.200172547527337
20.0,17.38687,21.232883409333592
20.0,17.58788,21.265084884503764
20.0,17.78889,21.296537085429723
20.0,17.9899,21.327949561131224
20.0,18.19091,21.358252898730417
20.0,18.39192,21.38853643983508
20.0,18.59293,21.41835039815244
20.0,18.79394,21.447554856713513
20.0,18.99495,21.476719515438585
20.0,19.19596,21.504904779737224
20.0,19.39697,21.53309015946131
20.0,19.59798,21.560845812382404
20.0,19.79899,21.58613207513536
20.0,20.0,21.609368748173768
20.3,0.1,0.19946986997987565
20.3,0.3010101,0.9364072020348204
20.3,0.5020202,1.2457725278006802
20.3,0.7030303,1.4795726385000274
20.3,0.9040404,1.6996388812808354
20.3,1.105051,2.0626669600623004
20.3,1.306061,2.4141131515207506
20.3,1.507071,2.528035637369461
20.3,1.708081,2.553541470081085
20.3,1.909091,2.55488931194465
20.3,2.110101,2.5628025087037125
20.3,2.311111,2.601193433760072
20.3,2.512121,2.679633879986933
20.3,2.713131,2.804731951245501
20.3,2.914141,2.9717945138112323
20.3,3.115152,3.1724181415054726
20.3,3.316162,3.4062403583211065
20.3,3.517172,3.667883922903784
20.3,3.718182,3.9619851655546516
20.3,3.919192,4.291775559662682
20.3,4.120202,4.659857667066186
20.3,4.321212,5.0775113733261845
20.3,4.522222,5.543172961760708
20.3,4.723232,6.065365415105501
20.3,4.924242,6.649050268675748
20.3,5.125253,7.30607415044637
20.3,5.326263,8.007114785647376
20.3,5.527273,8.756294002172567
20.3,5.728283,9.563787482359709
20.3,5.929293,10.413975123232103
20.3,6.130303,11.284207175664637
20.3,6.331313,12.160209437125756
20.3,6.532323,13.026641798192967
20.3,6.733333,13.8607892729965
20.3,6.934343,14.63042813884068
20.3,7.135354,15.332023243159503
20.3,7.336364,15.96013636883671
20.3,7.537374,16.51273104059986
20.3,7.738384,16.9864241892116
20.3,7.939394,17.379649380404924
20.3,8.140404,17.718394765416864
20.3,8.341414,18.009945747449017
20.3,8.542424,18.261177580936184
20.3,8.743434,18.477356247266105
20.3,8.944444,18.66021106949736
20.3,9.145455,18.82269164814347
20.3,9.346465,18.967883830598186
20.3,9.547475,19.098504025913478
20.3,9.748485,19.21676924402181
20.3,9.949495,19.322299300859076
20.3,10.15051,19.417112601917072
20.3,10.35152,19.508357752933897
20.3,10.55253,19.59597467348325
20.3,10.75354,19.673291396651294
20.3,10.95455,19.750612920744093
20.3,11.15556,19.82071861700883
20.3,11.35657,19.888720824492875
20.3,11.55758,19.954789220978903
20.3,11.75859,20.016057154539162
20.3,11.9596,20.07732789276705
20.3,12.16061,20.13451663019481
20.3,12.36162,20.190668968653302
20.3,12.56263,20.245575112924957
20.3,12.76364,20.297676717297932
20.3,12.96465,20.349780114000342
20.3,13.16566,20.399118556347467
20.3,13.36667,20.44786918758256
20.3,13.56768,20.495652376253467
20.3,13.76869,20.541519023724852
20.3,13.9697,20.587396866031252
20.3,14.17071,20.63112815720009
20.3,14.37172,20.674480848975726
20.3,14.57273,20.717025341249304
20.3,14.77374,20.758142144147822
20.3,14.97475,20.799259753353187
20.3,15.17576,20.838609806474746
20.3,15.37677,20.87772076632977
20.3,15.57778,20.916113009993403
20.3,15.77879,20.953406821065514
20.3,15.9798,20.990691174370113
20.3,16.18081,21.02648726746229
20.3,16.38182,21.062123945091177
20.3,16.58283,21.09714153624101
20.3,16.78384,21.131280186282762
20.3,16.98485,21.165409201209247
20.3,17.18586,21.198269448878822
20.3,17.38687,21.23103006981205
20.3,17.58788,21.263231339342205
20.3,17.78889,21.29472332059917
20.3,17.9899,21.326215547897473
20.3,18.19091,21.356598646117156
20.3,18.39192,21.386921981502777
20.3,18.59293,21.416745776748158
20.3,18.79394,21.445980048806607
20.3,18.99495,21.475224488200173
20.3,19.19596,21.503469548808894
20.3,19.39697,21.531684760045025
20.3,19.59798,21.559450283843216
20.3,19.79899,21.586716113564737
20.3,20.0,21.613982059944643
20.6,0.1,0.25277363030937694
20.6,0.3010101,1.1221278625782765
20.6,0.5020202,1.3978037584877638
20.6,0.7030303,1.610744518341727
20.6,0.9040404,1.8093636082989537
20.6,1.105051,2.1319682490077665
20.6,1.306061,2.4263880458583063
20.6,1.507071,2.529859282449754
20.6,1.708081,2.5588686019731024
20.6,1.909091,2.56983037476495
20.6,2.110101,2.593579568763584
20.6,2.311111,2.6525241803462136
20.6,2.512121,2.7513301316843233
20.6,2.713131,2.894028964990166
20.6,2.914141,3.076381852192566
20.6,3.115152,3.289512139528775
20.6,3.316162,3.532867619009133
20.6,3.517172,3.801751729988046
20.6,3.718182,4.10143343179375
20.6,3.919192,4.435807735806322
20.6,4.120202,4.807302674517178
20.6,4.321212,5.226875557707478
20.6,4.522222,5.693358837071539
20.6,4.723232,6.217210786770549
20.6,4.924242,6.7906596230374925
20.6,5.125253,7.441841403124697
20.6,5.326263,8.132689028424545
20.6,5.527273,8.874146898024566
20.6,5.728283,9.670163414244351
20.6,5.929293,10.504841736963305
20.6,6.130303,11.362991670059593
20.6,6.331313,12.220997646051705
20.6,6.532323,13.075699785599356
20.6,6.733333,13.897166452383019
20.6,6.934343,14.654406442091595
20.6,7.135354,15.348448621530943
20.6,7.336364,15.967798178789646
20.6,7.537374,16.516124502648193
20.6,7.738384,16.98637675650702
20.6,7.939394,17.377269181908115
20.6,8.140404,17.714911571117415
20.6,8.341414,18.00546868588977
20.6,8.542424,18.256357722149556
20.6,8.743434,18.472383698880954
20.6,8.944444,18.655286436687202
20.6,9.145455,18.8178656064846
20.6,9.346465,18.963276647444673
20.6,9.547475,19.094076076413415
20.6,9.748485,19.21258080462486
20.6,9.949495,19.307319292373826
20.6,10.15051,19.40956893051242
20.6,10.35152,19.504707988096143
20.6,10.55253,19.59254483317242
20.6,10.75354,19.669911355015643
20.6,10.95455,19.747413231524934
20.6,11.15556,19.81763934014869
20.6,11.35657,19.88571170659307
20.6,11.55758,19.951779673144987
20.6,11.75859,20.013067444813156
20.6,11.9596,20.07438854131825
20.6,12.16061,20.131617601735634
20.6,12.36162,20.18780000848612
20.6,12.56263,20.242705744738736
20.6,12.76364,20.29481715531257
20.6,12.96465,20.3469607323672
20.6,13.16566,20.396329291567152
20.6,13.36667,20.445109849559856
20.6,13.56768,20.492882659981923
20.6,13.76869,20.538779075835464
20.6,13.9697,20.584696907915195
20.6,14.17071,20.628498134823708
20.6,14.37172,20.67190064880022
20.6,14.57273,20.714444804108567
20.6,14.77374,20.75558135681003
20.6,14.97475,20.796778821765525
20.6,15.17576,20.836218697705256
20.6,15.37677,20.87536943012864
20.6,15.57778,20.913771386992956
20.6,15.77879,20.951094951156392
20.6,15.9798,20.988469092141376
20.6,16.18081,21.024354959967418
20.6,16.38182,21.06005140295569
20.6,16.58283,21.095058757723397
20.6,16.78384,21.129237181066557
20.6,16.98485,21.163455965225836
20.6,17.18586,21.196405982030438
20.6,17.38687,21.229206386975523
20.6,17.58788,21.261407465575523
20.6,17.78889,21.292939247578904
20.6,17.9899,21.32451125452826
20.6,18.19091,21.35497414028075
20.6,18.39192,21.385337289189337
20.6,18.59293,21.415160931943383
20.6,18.79394,21.444425035760855
20.6,18.99495,21.47373928256926
20.6,19.19596,21.502054164589907
20.6,19.39697,21.53030922342694
20.6,19.59798,21.558064625254055
20.6,19.79899,21.583400630346482
20.6,20.0,21.606737030689118
20.9,0.1,0.21816666866343815
20.9,0.3010101,1.2803489894449853
20.9,0.5020202,1.528486323233359
20.9,0.7030303,1.7178982204157325
20.9,0.9040404,1.8966489643486761
20.9,1.105051,2.1838727943036367
20.9,1.306061,2.4345166824394036
20.9,1.507071,2.532954614615923
20.9,1.708081,2.5676118088087625
20.9,1.909091,2.5910213754836775
20.9,2.110101,2.630968897996567
20.9,2.311111,2.709775434028531
20.9,2.512121,2.82814926831771
20.9,2.713131,2.988849440535662
20.9,2.914141,3.184440912426277
20.9,3.115152,3.40812840823802
20.9,3.316162,3.659502978888255
20.9,3.517172,3.935164486588525
20.9,3.718182,4.240499463938899
20.9,3.919192,4.578987458694278
20.9,4.120202,4.9535208297634705
20.9,4.321212,5.374551110300563
20.9,4.522222,5.840917720780268
20.9,4.723232,6.331890702903817
20.9,4.924242,6.9338120365741975
20.9,5.125253,7.5769408351994105
20.9,5.326263,8.261730918030137
20.9,5.527273,8.990233965554248
20.9,5.728283,9.774180863751791
20.9,5.929293,10.59990663526645
20.9,6.130303,11.436595646945714
20.9,6.331313,12.288638066910465
20.9,6.532323,13.12421830447748
20.9,6.733333,13.933020433665316
20.9,6.934343,14.682586018171074
20.9,7.135354,15.362466467557065
20.9,7.336364,15.978736928070626
20.9,7.537374,16.519564805295563
20.9,7.738384,16.986405427268338
20.9,7.939394,17.375725086737468
20.9,8.140404,17.711133220657462
20.9,8.341414,18.001318212457274
20.9,8.542424,18.251583588155686
20.9,8.743434,18.46746736779722
20.9,8.944444,18.650398687501525
20.9,9.145455,18.813156573186212
20.9,9.346465,18.958646939230167
20.9,9.547475,19.089756071378883
20.9,9.748485,19.20845054075974
20.9,9.949495,19.310746240277293
20.9,10.15051,19.402194983257736
20.9,10.35152,19.495706301956968
20.9,10.55253,19.58926477096939
20.9,10.75354,19.666801677272527
20.9,10.95455,19.744303124260977
20.9,11.15556,19.814528846903823
20.9,11.35657,19.882631069905358
20.9,11.55758,19.94886007930174
20.9,11.75859,20.010188186954473
20.9,11.9596,20.071518875178555
20.9,12.16061,20.12874756306695
20.9,12.36162,20.184939817496858
20.9,12.56263,20.23990635484646
20.9,12.76364,20.292047903962597
20.9,12.96465,20.34418109456657
20.9,13.16566,20.393559297075253
20.9,13.36667,20.44234965912536
20.9,13.56768,20.490202906010186
20.9,13.76869,20.536129272854073
20.9,13.9697,20.58205675040418
20.9,14.17071,20.625857650319137
20.9,14.37172,20.669279934732103
20.9,14.57273,20.711944210905017
20.9,14.77374,20.753140596300277
20.9,14.97475,20.794337750161876
20.9,15.17576,20.833777338994647
20.9,15.37677,20.872957831033474
20.9,15.57778,20.911519698733482
20.9,15.77879,20.948903044943552
20.9,15.9798,20.986276922974234
20.9,16.18081,21.02216254910113
20.9,16.38182,21.057888761464422
20.9,16.58283,21.093075915867104
20.9,16.78384,21.127304117407068
20.9,16.98485,21.161522685140486
20.9,17.18586,21.19447250360877
20.9,17.38687,21.227312699805267
20.9,17.58788,21.25967353577187
20.9,17.78889,21.291245116249247
20.9,17.9899,21.32282694821756
20.9,18.19091,21.35327967385301
20.9,18.39192,21.38368264148147
20.9,18.59293,21.413646039129855
20.9,18.79394,21.44294997294575
20.9,18.99495,21.472264079581045
20.9,19.19596,21.50056883353661
20.9,19.39697,21.528863741992353
20.9,19.59798,21.55673891282435
20.9,19.79899,21.580125115531835
20.9,20.0,21.603461412458252
21.200000000000003,0.1,0.48982130479624797
21.200000000000003,0.3010101,1.2535112829584456
21.200000000000003,0.5020202,1.5794285423083785
21.200000000000003,0.7030303,1.7801868438295436
21.200000000000003,0.9040404,1.9596033245886781
21.200000000000003,1.105051,2.224756072569333
21.200000000000003,1.306061,2.445311955778484
21.200000000000003,1.507071,2.5382125384396854
21.200000000000003,1.708081,2.580551921659766
21.200000000000003,1.909091,2.6185849751937305
21.200000000000003,2.110101,2.675403910059279
21.200000000000003,2.311111,2.7728227607242317
21.200000000000003,2.512121,2.9107996021238716
21.200000000000003,2.713131,3.0876628329657962
21.200000000000003,2.914141,3.2955143430399163
21.200000000000003,3.115152,3.5277496565144673
21.200000000000003,3.316162,3.786197359939723
21.200000000000003,3.517172,4.0682562983429165
21.200000000000003,3.718182,4.3788345029631675
21.200000000000003,3.919192,4.721564158785816
21.200000000000003,4.120202,5.099000429108505
21.200000000000003,4.321212,5.522347569714295
21.200000000000003,4.522222,5.988719615409909
21.200000000000003,4.723232,6.476199920113179
21.200000000000003,4.924242,7.088508114861787
21.200000000000003,5.125253,7.715883068550926
21.200000000000003,5.326263,8.385145860619634
21.200000000000003,5.527273,9.108496147959835
21.200000000000003,5.728283,9.88033144661439
21.200000000000003,5.929293,10.687817704920537
21.200000000000003,6.130303,11.521015401008446
21.200000000000003,6.331313,12.349911641798801
21.200000000000003,6.532323,13.17759103220565
21.200000000000003,6.733333,13.972044947227765
21.200000000000003,6.934343,14.706015096586956
21.200000000000003,7.135354,15.383376438291512
21.200000000000003,7.336364,15.987150741218658
21.200000000000003,7.537374,16.5247982216998
21.200000000000003,7.738384,16.987227093990303
21.200000000000003,7.939394,17.37334351603078
21.200000000000003,8.140404,17.708329886422085
21.200000000000003,8.341414,17.996960938708337
21.200000000000003,8.542424,18.24694475879536
21.200000000000003,8.743434,18.46261662390832
21.200000000000003,8.944444,18.64560682074997
21.200000000000003,9.145455,18.80842428088928
21.200000000000003,9.346465,18.954224623855456
21.200000000000003,9.547475,19.08542353215635
21.200000000000003,9.748485,19.20439831265553
21.200000000000003,9.949495,19.30698430726211
21.200000000000003,10.15051,19.3986633015885
21.200000000000003,10.35152,19.492394814223363
21.200000000000003,10.55253,19.585952885251224
21.200000000000003,10.75354,19.663650098117067
21.200000000000003,10.95455,19.74129177763955
21.200000000000003,11.15556,19.81153739650676
21.200000000000003,11.35657,19.879750099833643
21.200000000000003,11.55758,19.945998929928273
21.200000000000003,11.75859,20.00737732585918
21.200000000000003,11.9596,20.068748194645526
21.200000000000003,12.16061,20.125976762180624
21.200000000000003,12.36162,20.18221936622578
21.200000000000003,12.56263,20.237185688005965
21.200000000000003,12.76364,20.28934739551694
21.200000000000003,12.96465,20.341510633446767
21.200000000000003,13.16566,20.39088867198689
21.200000000000003,13.36667,20.439709186018405
21.200000000000003,13.56768,20.487572183257623
21.200000000000003,13.76869,20.533538558685873
21.200000000000003,13.9697,20.579495956205
21.200000000000003,14.17071,20.623316655291582
21.200000000000003,14.37172,20.6667889194762
21.200000000000003,14.57273,20.7094629368044
21.200000000000003,14.77374,20.750719215832646
21.200000000000003,14.97475,20.791956206004535
21.200000000000003,15.17576,20.831425578511045
21.200000000000003,15.37677,20.870685937914676
21.200000000000003,15.57778,20.909247562171117
21.200000000000003,15.77879,20.94670073579725
21.200000000000003,15.9798,20.98412441483088
21.200000000000003,16.18081,21.020049829084265
21.200000000000003,16.38182,21.055855855192053
21.200000000000003,16.58283,21.09104279579576
21.200000000000003,16.78384,21.12535079955722
21.200000000000003,16.98485,21.15961916711407
21.200000000000003,17.18586,21.192598791387432
21.200000000000003,17.38687,21.22551878774572
21.200000000000003,17.58788,21.257889444446715
21.200000000000003,17.78889,21.289530827904038
21.200000000000003,17.9899,21.32115247655428
21.200000000000003,18.19091,21.35164503022888
21.200000000000003,18.39192,21.38211780539464
21.200000000000003,18.59293,21.412081057166407
21.200000000000003,18.79394,21.441454804269828
21.200000000000003,18.99495,21.47079874981394
21.200000000000003,19.19596,21.499143353635546
21.200000000000003,19.39697,21.527488084240044
21.200000000000003,19.59798,21.55537313832032
21.200000000000003,19.79899,21.582748509836904
21.200000000000003,20.0,21.608124365642038
21.5,0.1,0.6962124404907597
21.5,0.3010101,1.29355078457343
21.5,0.5020202,1.635104712900566
21.5,0.7030303,1.8421989756436394
21.5,0.9040404,2.0161644085732147
21.5,1.105051,2.2638181851761416
21.5,1.306061,2.455706408570404
21.5,1.507071,2.547716376733759
21.5,1.708081,2.5992166756600144
21.5,1.909091,2.6521332130264783
21.5,2.110101,2.7269512582725413
21.5,2.311111,2.8436251869186995
21.5,2.512121,2.99871954449936
21.5,2.713131,3.1898596599614066
21.5,2.914141,3.407857247514451
21.5,3.115152,3.648408980714724
21.5,3.316162,3.9132783396316184
21.5,3.517172,4.200899538927945
21.5,3.718182,4.516418934581491
21.5,3.919192,4.863877459433223
21.5,4.120202,5.242508089636788
21.5,4.321212,5.665030935841913
21.5,4.522222,6.139093352400477
21.5,4.723232,6.658355187722214
21.5,4.924242,7.2310835363362065
21.5,5.125253,7.845263921863512
21.5,5.326263,8.512021633234498
21.5,5.527273,9.223573525141774
21.5,5.728283,9.984428176419376
21.5,5.929293,10.783670179542206
21.5,6.130303,11.596493985483516
21.5,6.331313,12.41971787342897
21.5,6.532323,13.228641922064904
21.5,6.733333,14.010445165232824
21.5,6.934343,14.736546712866048
21.5,7.135354,15.399260777830273
21.5,7.336364,15.999735125588924
21.5,7.537374,16.52941263430758
21.5,7.738384,16.988090216544304
21.5,7.939394,17.37240479836586
21.5,8.140404,17.704898123191313
21.5,8.341414,17.99309811057007
21.5,8.542424,18.242350025017622
21.5,8.743434,18.457851126919525
21.5,8.944444,18.64088111193991
21.5,9.145455,18.803878747955448
21.5,9.346465,18.949759123248377
21.5,9.547475,19.081268840671278
21.5,9.748485,19.20043406856853
21.5,9.949495,19.295752927659603
21.5,10.15051,19.391275164383057
21.5,10.35152,19.494352071429898
21.5,10.55253,19.582739595540485
21.5,10.75354,19.66042653785937
21.5,10.95455,19.738268844566228
21.5,11.15556,19.808745653018317
21.5,11.35657,19.876978225581123
21.5,11.55758,19.943226743747047
21.5,11.75859,20.004604855500062
21.5,11.9596,20.06603626009312
21.5,12.16061,20.123345748367818
21.5,12.36162,20.17958816615155
21.5,12.56263,20.23455417500937
21.5,12.76364,20.28671559221979
21.5,12.96465,20.338909198019287
21.5,13.16566,20.38833780255755
21.5,13.36667,20.437168089472046
21.5,13.56768,20.48503078477017
21.5,13.76869,20.53099687741782
21.5,13.9697,20.576994443169845
21.5,14.17071,20.620895383008406
21.5,14.37172,20.664377404256587
21.5,14.57273,20.707051144282467
21.5,14.77374,20.74830716248778
21.5,14.97475,20.789614153260267
21.5,15.17576,20.829193534585148
21.5,15.37677,20.868463660608832
21.5,15.57778,20.907035041643915
21.5,15.77879,20.944487986096487
21.5,15.9798,20.982001555108155
21.5,16.18081,21.018056846078228
21.5,16.38182,21.05387266395665
21.5,16.58283,21.08905939910359
21.5,16.78384,21.123357208804816
21.5,16.98485,21.157735408643344
21.5,17.18586,21.190834850042236
21.5,17.38687,21.223754670018693
21.5,17.58788,21.256125157323947
21.5,17.78889,21.28777638016346
21.5,17.9899,21.319487839016226
21.5,18.19091,21.350090191907302
21.5,18.39192,21.380562822247356
21.5,18.59293,21.410525936526852
21.5,18.79394,21.439899552861142
21.5,18.99495,21.469343302916347
21.5,19.19596,21.497777699697426
21.5,19.39697,21.52612231430502
21.5,19.59798,21.55400725786854
21.5,19.79899,21.581382523358815
21.5,20.0,21.60483852315764
21.8,0.1,0.8741555045333501
21.8,0.3010101,1.3978514614294135
21.8,0.5020202,1.7194423311640799
21.8,0.7030303,1.9160879946862839
21.8,0.9040404,2.078551347654208
21.8,1.105051,2.301260839352193
21.8,1.306061,2.4713984628348
21.8,1.507071,2.563607802785571
21.8,1.708081,2.6240033515765173
21.8,1.909091,2.69177528920408
21.8,2.110101,2.7860102805499234
21.8,2.311111,2.921493656085993
21.8,2.512121,3.091630557810323
21.8,2.713131,3.294058782887344
21.8,2.914141,3.5213831865480785
21.8,3.115152,3.769656870823393
21.8,3.316162,4.040704381140053
21.8,3.517172,4.33327714661427
21.8,3.718182,4.65288293367652
21.8,3.919192,5.003809740445256
21.8,4.120202,5.3807522251415465
21.8,4.321212,5.829924860010392
21.8,4.522222,6.295514007611609
21.8,4.723232,6.803267811080065
21.8,4.924242,7.365077688363651
21.8,5.125253,7.975792542417368
21.8,5.326263,8.634610275663052
21.8,5.527273,9.339224327074316
21.8,5.728283,10.09026576029665
21.8,5.929293,10.876022176053723
21.8,6.130303,11.6781645975743
21.8,6.331313,12.48466683909171
21.8,6.532323,13.282406788732892
21.8,6.733333,14.051618319650753
21.8,6.934343,14.76497013188857
21.8,7.135354,15.419624726365038
21.8,7.336364,16.010489678266232
21.8,7.537374,16.535206852936128
21.8,7.738384,16.989743517520814
21.8,7.939394,17.37117664158039
21.8,8.140404,17.702218974295363
21.8,8.341414,17.98912778266122
21.8,8.542424,18.23791946436482
21.8,8.743434,18.453210687155167
21.8,8.944444,18.636261214635297
21.8,9.145455,18.799379538422208
21.8,9.346465,18.945490989314177
21.8,9.547475,19.077171506896732
21.8,9.748485,19.196567691962198
21.8,9.949495,19.303218592571298
21.8,10.15051,19.39900262737244
21.8,10.35152,19.491168360527425
21.8,10.55253,19.579605858070494
21.8,10.75354,19.65748346810135
21.8,10.95455,19.73537569339581
21.8,11.15556,19.805852240630408
21.8,11.35657,19.874175217448272
21.8,11.55758,19.940524279638893
21.8,11.75859,20.00196289924345
21.8,11.9596,20.063404163206524
21.8,12.16061,20.120713375856848
21.8,12.36162,20.17697607385897
21.8,12.56263,20.23197245106578
21.8,12.76364,20.284164185984963
21.8,12.96465,20.336357598049535
21.8,13.16566,20.385795926011706
21.8,13.36667,20.434646344433656
21.8,13.56768,20.4825392131286
21.8,13.76869,20.528535428720037
21.8,13.9697,20.5745427704783
21.8,14.17071,20.618443445562928
21.8,14.37172,20.661965462763895
21.8,14.57273,20.70468921098467
21.8,14.77374,20.746015199769925
21.8,14.97475,20.787331961334527
21.8,15.17576,20.82691110383209
21.8,15.37677,20.8662311294353
21.8,15.57778,20.904862409785938
21.8,15.77879,20.942395232987774
21.8,15.9798,20.9799185886266
21.8,16.18081,21.015973672761568
21.8,16.38182,21.05184933798745
21.8,16.58283,21.08711591816695
21.8,16.78384,21.121493564272672
21.8,16.98485,21.155871577451258
21.8,17.18586,21.188970845169617
21.8,17.38687,21.221970493434444
21.8,17.58788,21.254410807618328
21.8,17.78889,21.286131855850915
21.8,17.9899,21.317853158179126
21.8,18.19091,21.34844536819535
21.8,18.39192,21.378987826223284
21.8,18.59293,21.40901076786308
21.8,18.79394,21.438454212794447
21.8,18.99495,21.46788783523984
21.8,19.19596,21.496322115774486
21.8,19.39697,21.5247365581548
21.8,19.59798,21.550711685519257
21.8,19.79899,21.57414748425568
21.8,20.0,21.597583376215194
22.1,0.1,1.0046822381110747
22.1,0.3010101,1.5141166493127374
22.1,0.5020202,1.8097883420347003
22.1,0.7030303,1.9929246866232238
22.1,0.9040404,2.1434110597704152
22.1,1.105051,2.340590921026834
22.1,1.306061,2.493571381899912
22.1,1.507071,2.5865412058099015
22.1,1.708081,2.656427395620981
22.1,1.909091,2.739536932124656
22.1,2.110101,2.8524982145167597
22.1,2.311111,3.0050318148816393
22.1,2.512121,3.1883649163627883
22.1,2.713131,3.400715350585322
22.1,2.914141,3.6362366712627563
22.1,3.115152,3.8914186573848233
22.1,3.316162,4.168315701650024
22.1,3.517172,4.466106108575914
22.1,3.718182,4.79211004529975
22.1,3.919192,5.145277561386402
22.1,4.120202,5.547236953703861
22.1,4.321212,5.974148522684051
22.1,4.522222,6.431871910336078
22.1,4.723232,6.938500224362172
22.1,4.924242,7.497697943957756
22.1,5.125253,8.10491722698086
22.1,5.326263,8.75600596971003
22.1,5.527273,9.45397694473212
22.1,5.728283,10.195619882687767
22.1,5.929293,10.968464093421014
22.1,6.130303,11.760155442166138
22.1,6.331313,12.55036441506607
22.1,6.532323,13.337029553865044
22.1,6.733333,14.093728010573287
22.1,6.934343,14.794328353324332
22.1,7.135354,15.440883360499434
22.1,7.336364,16.021958606584565
22.1,7.537374,16.54159635376484
22.1,7.738384,16.99186318351405
22.1,7.939394,17.37026648622533
22.1,8.140404,17.699809168970422
22.1,8.341414,17.98535901617271
22.1,8.542424,18.233661597041056
22.1,8.743434,18.448724202854656
22.1,8.944444,18.631796414665722
22.1,9.145455,18.795016068620114
22.1,9.346465,18.94134955575653
22.1,9.547475,19.073211293880572
22.1,9.748485,19.192828885582013
22.1,9.949495,19.288539565394967
22.1,10.15051,19.38265677961903
22.1,10.35152,19.48247046024275
22.1,10.55253,19.576609984936475
22.1,10.75354,19.65467847908638
22.1,10.95455,19.732610731617434
22.1,11.15556,19.803087084533225
22.1,11.35657,19.871490575027703
22.1,11.55758,19.937940286989306
22.1,11.75859,19.9994494900763
22.1,11.9596,20.060900670184946
22.1,12.16061,20.118209656077955
22.1,12.36162,20.17450268936378
22.1,12.56263,20.2295294898899
22.1,12.76364,20.281741593556504
22.1,12.96465,20.333944856250323
22.1,13.16566,20.383372945357223
22.1,13.36667,20.432243543850323
22.1,13.56768,20.480156635634998
22.1,13.76869,20.526193022479294
22.1,13.9697,20.57221017522197
22.1,14.17071,20.616100617304006
22.1,14.37172,20.659662674596415
22.1,14.57273,20.70243647899729
22.1,14.77374,20.743802485067704
22.1,14.97475,20.78512904535911
22.1,15.17576,20.824697973941095
22.1,15.37677,20.864087938730293
22.1,15.57778,20.90277916102281
22.1,15.77879,20.940371902552588
22.1,15.9798,20.97790506626774
22.1,16.18081,21.013949962272232
22.1,16.38182,21.04989550904802
22.1,16.58283,21.08523196850975
22.1,16.78384,21.119679483137244
22.1,16.98485,21.154057326286168
22.1,17.18586,21.18715643444898
22.1,17.38687,21.220215938481257
22.1,17.58788,21.25272610652236
22.1,17.78889,21.284517005638435
22.1,17.9899,21.316238163767245
22.1,18.19091,21.346830241390332
22.1,18.39192,21.377432550251445
22.1,18.59293,21.40752534263996
22.1,18.79394,21.43701863939878
22.1,18.99495,21.466452143021062
22.1,19.19596,21.494886315050255
22.1,19.39697,21.523350618749706
22.1,19.59798,21.5513352605519
22.1,19.79899,21.578830235114967
22.1,20.0,21.602286063742923
22.4,0.1,1.1032344614763594
22.4,0.3010101,1.616963900491527
22.4,0.5020202,1.893583033152201
22.4,0.7030303,2.0657638914589453
22.4,0.9040404,2.206449668756201
22.4,1.105051,2.381191497146146
22.4,1.306061,2.5213674610907466
22.4,1.507071,2.6154060651496676
22.4,1.708081,2.6966615154202014
22.4,1.909091,2.7949813532150127
22.4,2.110101,2.9251303093551284
22.4,2.311111,3.0920798957124576
22.4,2.512121,3.2876954430312564
22.4,2.713131,3.5097199108197867
22.4,2.914141,3.7522367466619695
22.4,3.115152,4.013499069692749
22.4,3.316162,4.295479689861017
22.4,3.517172,4.598008295678422
22.4,3.718182,4.91053274136851
22.4,3.919192,5.2853979442003585
22.4,4.120202,5.685456047178092
22.4,4.321212,6.109598584950629
22.4,4.522222,6.566822247916612
22.4,4.723232,7.072477879842575
22.4,4.924242,7.629899966509915
22.4,5.125253,8.230498691640296
22.4,5.326263,8.879175271027004
22.4,5.527273,9.566656196646589
22.4,5.728283,10.298566899029892
22.4,5.929293,11.063860172257343
22.4,6.130303,11.836847093906908
22.4,6.331313,12.621683841946249
22.4,6.532323,13.390306650784877
22.4,6.733333,14.134560785843703
22.4,6.934343,14.827291579305594
22.4,7.135354,15.458965694743476
22.4,7.336364,16.03664277581182
22.4,7.537374,16.547742163336434
22.4,7.738384,16.993900692975508
22.4,7.939394,17.370315755073975
22.4,8.140404,17.697021109927128
22.4,8.341414,17.982082363495078
22.4,8.542424,18.229538010917906
22.4,8.743434,18.44439279981491
22.4,8.944444,18.627487022554124
22.4,9.145455,18.79086995743401
22.4,9.346465,18.93727444349125
22.4,9.547475,19.069418943439754
22.4,9.748485,19.189207968989923
22.4,9.949495,19.292527240445335
22.4,10.15051,19.392477634246884
22.4,10.35152,19.484914576525778
22.4,10.55253,19.573603101949782
22.4,10.75354,19.651671468109647
22.4,10.95455,19.729794686667734
22.4,11.15556,19.800502582715318
22.4,11.35657,19.868936063817845
22.4,11.55758,19.93538557029846
22.4,11.75859,19.9968845860264
22.4,11.9596,20.058416429273617
22.4,12.16061,20.115786457257414
22.4,12.36162,20.172089392069495
22.4,12.56263,20.22711596122042
22.4,12.76364,20.279327851196765
22.4,12.96465,20.33155157203973
22.4,13.16566,20.381030328879117
22.4,13.36667,20.429900771393413
22.4,13.56768,20.47781362795343
22.4,13.76869,20.523849794330147
22.4,13.9697,20.569897204025356
22.4,14.17071,20.613847991886185
22.4,14.37172,20.657419864330755
22.4,14.57273,20.70018344365454
22.4,14.77374,20.74154923807534
22.4,14.97475,20.78293588418388
22.4,15.17576,20.822604918695607
22.4,15.37677,20.86199469473261
22.4,15.57778,20.90068571395621
22.4,15.77879,20.93827826358824
22.4,15.9798,20.975891392817562
22.4,16.18081,21.012046246740066
22.4,16.38182,21.048001617706756
22.4,16.58283,21.08332790124596
22.4,16.78384,21.117775249061566
22.4,16.98485,21.152252985758718
22.4,17.18586,21.18546197467086
22.4,17.38687,21.218521325541012
22.4,17.58788,21.25103134518965
22.4,17.78889,21.282812103408933
22.4,17.9899,21.314633120804878
22.4,18.19091,21.345325048805396
22.4,18.39192,21.37592722889199
22.4,18.59293,21.40600989841755
22.4,18.79394,21.43550307796313
22.4,18.99495,21.46502643203977
22.4,19.19596,21.493540457765416
22.4,19.39697,21.52200465560019
22.4,19.59798,21.549989195966194
22.4,19.79899,21.57748407316163
22.4,20.0,21.602999438151134
22.700000000000003,0.1,1.171914089241
22.700000000000003,0.3010101,1.7041277403381234
22.700000000000003,0.5020202,1.9679248606031259
22.700000000000003,0.7030303,2.1315900612995575
22.700000000000003,0.9040404,2.2650280402428256
22.700000000000003,1.105051,2.423710496234983
22.700000000000003,1.306061,2.553138153194793
22.700000000000003,1.507071,2.6500658930916816
22.700000000000003,1.708081,2.7435903425710126
22.700000000000003,1.909091,2.8580119479545716
22.700000000000003,2.110101,3.002455662635407
22.700000000000003,2.311111,3.182674988715364
22.700000000000003,2.512121,3.389536521725177
22.700000000000003,2.713131,3.6200836630538595
22.700000000000003,2.914141,3.869342467389007
22.700000000000003,3.115152,4.135696820454393
22.700000000000003,3.316162,4.422790370852893
22.700000000000003,3.517172,4.73111188819195
22.700000000000003,3.718182,5.044685487683304
22.700000000000003,3.919192,5.43144861303106
22.700000000000003,4.120202,5.823027690979359
22.700000000000003,4.321212,6.243700529107912
22.700000000000003,4.522222,6.700968384172082
22.700000000000003,4.723232,7.2053055138490345
22.700000000000003,4.924242,7.758663092343629
22.700000000000003,5.125253,8.358192255977684
22.700000000000003,5.326263,8.997135020200368
22.700000000000003,5.527273,9.680245127168595
22.700000000000003,5.728283,10.402247198454925
22.700000000000003,5.929293,11.152001564933304
22.700000000000003,6.130303,11.921878009976028
22.700000000000003,6.331313,12.685731748995943
22.700000000000003,6.532323,13.44699105107914
22.700000000000003,6.733333,14.177338985144246
22.700000000000003,6.934343,14.85450650992556
22.700000000000003,7.135354,15.48356382511042
22.700000000000003,7.336364,16.048012516867875
22.700000000000003,7.537374,16.555644639365788
22.700000000000003,7.738384,16.996706823692566
22.700000000000003,7.939394,17.36928613237812
22.700000000000003,8.140404,17.695483912779142
22.700000000000003,8.341414,17.97860011258635
22.700000000000003,8.542424,18.22569802418867
22.700000000000003,8.743434,18.440256692214447
22.700000000000003,8.944444,18.623344845319654
22.700000000000003,9.145455,18.78677924130897
22.700000000000003,9.346465,18.933457842833352
22.700000000000003,9.547475,19.065683539404006
22.700000000000003,9.748485,19.18570501356144
22.700000000000003,9.949495,19.289246301160297
22.700000000000003,10.15051,19.38925718290761
22.700000000000003,10.35152,19.48194588745208
22.700000000000003,10.55253,19.57069475444126
22.700000000000003,10.75354,19.648903971184748
22.700000000000003,10.95455,19.727157930068145
22.700000000000003,11.15556,19.797895980909704
22.700000000000003,11.35657,19.866440304887373
22.700000000000003,11.55758,19.932909853265652
22.700000000000003,11.75859,19.99445937506185
22.700000000000003,11.9596,20.056031609713376
22.700000000000003,12.16061,20.113411682541386
22.700000000000003,12.36162,20.16975514431078
22.700000000000003,12.56263,20.22478164672646
22.700000000000003,12.76364,20.27701385169031
22.700000000000003,12.96465,20.329257774654316
22.700000000000003,13.16566,20.3787365052117
22.700000000000003,13.36667,20.427627256961205
22.700000000000003,13.56768,20.475549985088488
22.700000000000003,13.76869,20.521606307461116
22.700000000000003,13.9697,20.56766377651813
22.700000000000003,14.17071,20.611634483899977
22.700000000000003,14.37172,20.655226485809102
22.700000000000003,14.57273,20.69799990505281
22.700000000000003,14.77374,20.739405727954175
22.700000000000003,14.97475,20.780822331855248
22.700000000000003,15.17576,20.820511251327662
22.700000000000003,15.37677,20.859951026997788
22.700000000000003,15.57778,20.89865187883226
22.700000000000003,15.77879,20.93629437167777
22.700000000000003,15.9798,20.97393739971702
22.700000000000003,16.18081,21.010122121768397
22.700000000000003,16.38182,21.0461274150074
22.700000000000003,16.58283,21.081473541004065
22.700000000000003,16.78384,21.115970783953664
22.700000000000003,16.98485,21.150488395087915
22.700000000000003,17.18586,21.183717250932613
22.700000000000003,17.38687,21.21684648576216
22.700000000000003,17.58788,21.24935636700928
22.700000000000003,17.78889,21.281197000621642
22.700000000000003,17.9899,21.313047890031616
22.700000000000003,18.19091,21.343769693139006
22.700000000000003,18.39192,21.37443174706308
22.700000000000003,18.59293,21.404524299430367
22.700000000000003,18.79394,21.434067356480213
22.700000000000003,18.99495,21.46362059370101
22.700000000000003,19.19596,21.49216451030989
22.700000000000003,19.39697,21.52067859255448
22.700000000000003,19.59798,21.548663035487266
22.700000000000003,19.79899,21.57222856495053
22.700000000000003,20.0,21.59574419692119
23.0,0.1,1.2239987527751293
23.0,0.3010101,1.7757414426227487
23.0,0.5020202,2.0329594281292103
23.0,0.7030303,2.190603536923196
23.0,0.9040404,2.318916643651613
23.0,1.105051,2.4639827107247974
23.0,1.306061,2.5879380949083375
23.0,1.507071,2.689838530271565
23.0,1.708081,2.7964020993906975
23.0,1.909091,2.925320067716684
23.0,2.110101,3.084858723035586
23.0,2.311111,3.276775645513653
23.0,2.512121,3.4933046783890487
23.0,2.713131,3.7315092935458702
23.0,2.914141,3.986665401946626
23.0,3.115152,4.258378610685815
23.0,3.316162,4.549970824369173
23.0,3.517172,4.857451221275469
23.0,3.718182,5.202459004185802
23.0,3.919192,5.5669970153081385
23.0,4.120202,5.955448843597906
23.0,4.321212,6.376454416683641
23.0,4.522222,6.833361990256733
23.0,4.723232,7.336152588020498
23.0,4.924242,7.887597508577887
23.0,5.125253,8.480543794591027
23.0,5.326263,9.117180478983672
23.0,5.527273,9.790251813441705
23.0,5.728283,10.50301109020116
23.0,5.929293,11.245633008967644
23.0,6.130303,11.997531163382815
23.0,6.331313,12.75626201421849
23.0,6.532323,13.500036506246126
23.0,6.733333,14.218329273991376
23.0,6.934343,14.887848022542363
23.0,7.135354,15.502285335571663
23.0,7.336364,16.06339788709235
23.0,7.537374,16.562475030242656
23.0,7.738384,16.99938233215642
23.0,7.939394,17.36990639450701
23.0,8.140404,17.693170560165534
23.0,8.341414,17.975770026436393
23.0,8.542424,18.221983844732893
23.0,8.743434,18.436296524704638
23.0,8.944444,18.619387984662062
23.0,9.145455,18.782947107248848
23.0,9.346465,18.929677335574798
23.0,9.547475,19.06216666632873
23.0,9.748485,19.182330113110226
23.0,9.949495,19.27849497695359
23.0,10.15051,19.37299531127088
23.0,10.35152,19.473342862727424
23.0,10.55253,19.56796566285344
23.0,10.75354,19.64634611994057
23.0,10.95455,19.72459998802216
23.0,11.15556,19.79532795834278
23.0,11.35657,19.863902502057723
23.0,11.55758,19.9305436671795
23.0,11.75859,19.992153849971633
23.0,11.9596,20.053725923440233
23.0,12.16061,20.111115848988064
23.0,12.36162,20.167459392639774
23.0,12.56263,20.22254697828795
23.0,12.76364,20.2747995555296
23.0,12.96465,20.32703328911287
23.0,13.16566,20.37651184480339
23.0,13.36667,20.42541259848301
23.0,13.56768,20.47336603487124
23.0,13.76869,20.519442525257293
23.0,13.9697,20.5654997976047
23.0,14.17071,20.609470322828884
23.0,14.37172,20.653072268627543
23.0,14.57273,20.695916082977135
23.0,14.77374,20.737351930900008
23.0,14.97475,20.778758346340197
23.0,15.17576,20.818447091088668
23.0,15.37677,20.857906772509033
23.0,15.57778,20.8966977842966
23.0,15.77879,20.93438021612269
23.0,15.9798,20.97203307307412
23.0,16.18081,21.00820763716176
23.0,16.38182,21.044242817042942
23.0,16.58283,21.079698948959578
23.0,16.78384,21.11424608932951
23.0,16.98485,21.148753551785553
23.0,17.18586,21.181982270213105
23.0,17.38687,21.21514138664104
23.0,17.58788,21.24776118602099
23.0,17.78889,21.279641704745966
23.0,17.9899,21.31149246804082
23.0,18.19091,21.342214154770865
23.0,18.39192,21.372896094073816
23.0,18.59293,21.40309852261937
23.0,18.79394,21.432681466536348
23.0,18.99495,21.462224598670065
23.0,19.19596,21.490768418352395
23.0,19.39697,21.51930239297382
23.0,19.59798,21.547396695780055
23.0,19.79899,21.572971739384066
23.0,20.0,21.596497305291262
23.3,0.1,1.2639217813938357
23.3,0.3010101,1.8336018665177052
23.3,0.5020202,2.089419392609837
23.3,0.7030303,2.243218444265852
23.3,0.9040404,2.368318210495307
23.3,1.105051,2.503872343914936
23.3,1.306061,2.625684996857553
23.3,1.507071,2.7342644760241654
23.3,1.708081,2.852967563612363
23.3,1.909091,2.9968087178322924
23.3,2.110101,3.1706961927794235
23.3,2.311111,3.373902277017311
23.3,2.512121,3.59864655515297
23.3,2.713131,3.8432619954582825
23.3,2.914141,4.104626490387009
23.3,3.115152,4.379944956845956
23.3,3.316162,4.6721103849552
23.3,3.517172,4.996395824519756
23.3,3.718182,5.3349973691619015
23.3,3.919192,5.696473604028214
23.3,4.120202,6.0860458981596945
23.3,4.321212,6.5076833081312415
23.3,4.522222,6.964192936260694
23.3,4.723232,7.4655326962770845
23.3,4.924242,8.013709937500309
23.3,5.125253,8.603073213684935
23.3,5.326263,9.232462519204693
23.3,5.527273,9.89953415925121
23.3,5.728283,10.603805159128498
23.3,5.929293,11.334671619486608
23.3,6.130303,12.077075436421499
23.3,6.331313,12.820637809846923
23.3,6.532323,13.554134935064196
23.3,6.733333,14.260673261317189
23.3,6.934343,14.918081597077466
23.3,7.135354,15.524732665231388
23.3,7.336364,16.076210289518514
23.3,7.537374,16.57021344974646
23.3,7.738384,17.002727544342314
23.3,7.939394,17.370078799281856
23.3,8.140404,17.691739127204436
23.3,8.341414,17.972875672205134
23.3,8.542424,18.21852465092826
23.3,8.743434,18.43255251040019
23.3,8.944444,18.615608659987036
23.3,9.145455,18.77922122078588
23.3,9.346465,18.926135470553326
23.3,9.547475,19.0587473127335
23.3,9.748485,19.179083295270853
23.3,9.949495,19.28662218980386
23.3,10.15051,19.383172299515877
23.3,10.35152,19.476083216672553
23.3,10.55253,19.565205152049703
23.3,10.75354,19.64361598416985
23.3,10.95455,19.722041157450825
23.3,11.15556,19.792900212511174
23.3,11.35657,19.86154543006565
23.3,11.55758,19.9281864847003
23.3,11.75859,19.989816824662544
23.3,11.9596,20.05144963744457
23.3,12.16061,20.10887020514067
23.3,12.36162,20.165244108939028
23.3,12.56263,20.220331536943743
23.3,12.76364,20.272584167348516
23.3,12.96465,20.32484835925253
23.3,13.16566,20.37433730484939
23.3,13.36667,20.423248234504563
23.3,13.56768,20.471201494156976
23.3,13.76869,20.517287967432452
23.3,13.9697,20.563365492594485
23.3,14.17071,20.60736621146085
23.3,14.37172,20.65098820201952
23.3,14.57273,20.69382183805922
23.3,14.77374,20.735277618453974
23.3,14.97475,20.776724128981787
23.3,15.17576,20.816452924875833
23.3,15.37677,20.855942564111256
23.3,15.57778,20.894733409103033
23.3,15.77879,20.932435742357818
23.3,15.9798,20.97013858814748
23.3,16.18081,21.006373112002056
23.3,16.38182,21.04243820153248
23.3,16.58283,21.077894184709045
23.3,16.78384,21.112461213308013
23.3,16.98485,21.1470286024048
23.3,17.18586,21.1803172320883
23.3,17.38687,21.213506239310785
23.3,17.58788,21.24613591036932
23.3,17.78889,21.278036315680417
23.3,17.9899,21.309946975955015
23.3,18.19091,21.340718552406532
23.3,18.39192,21.371430380396774
23.3,18.59293,21.401632700725454
23.3,18.79394,21.431235535181568
23.3,18.99495,21.460838551624043
23.3,19.19596,21.489432253065477
23.3,19.39697,21.5179961220425
23.3,19.59798,21.54608033477894
23.3,19.79899,21.573664886092274
23.3,20.0,21.60124957056818
23.6,0.1,1.2939152946779473
23.6,0.3010101,1.8798047375008875
23.6,0.5020202,2.137464261661011
23.6,0.7030303,2.2900477705508817
23.6,0.9040404,2.413674543669849
23.6,1.105051,2.543757884491815
23.6,1.306061,2.6664474406764422
23.6,1.507071,2.782946151461359
23.6,1.708081,2.9141461758766485
23.6,1.909091,3.072474552023986
23.6,2.110101,3.2594382292256454
23.6,2.311111,3.472744574397036
23.6,2.512121,3.7050647913927395
23.6,2.713131,3.9561329231045277
23.6,2.914141,4.2206410403922
23.6,3.115152,4.501869517939032
23.6,3.316162,4.81140410603939
23.6,3.517172,5.127628417950167
23.6,3.718182,5.461998524618562
23.6,3.919192,5.824639535516518
23.6,4.120202,6.21511592327936
23.6,4.321212,6.63695381824356
23.6,4.522222,7.092977625230004
23.6,4.723232,7.592763600722888
23.6,4.924242,8.137544623492554
23.6,5.125253,8.72329264672202
23.6,5.326263,9.345436221324958
23.6,5.527273,10.00654056670727
23.6,5.728283,10.702470237397927
23.6,5.929293,11.421880117930085
23.6,6.130303,12.154949818240688
23.6,6.331313,12.883823475110512
23.6,6.532323,13.6072340179884
23.6,6.733333,14.30238928357188
23.6,6.934343,14.94805907099877
23.6,7.135354,15.547055310507542
23.6,7.336364,16.089130118611628
23.6,7.537374,16.57811055019078
23.6,7.738384,17.00629320517253
23.6,7.939394,17.370513616130026
23.6,8.140404,17.690581166592665
23.6,8.341414,17.97022644419329
23.6,8.542424,18.215321242596307
23.6,8.743434,18.4290350190079
23.6,8.944444,18.612036419752723
23.6,9.145455,18.775702709520278
23.6,9.346465,18.9227613620462
23.6,9.547475,19.05549590628967
23.6,9.748485,19.175984604595946
23.6,9.949495,19.27242347433781
23.6,10.15051,19.36722769399111
23.6,10.35152,19.467797905116765
23.6,10.55253,19.562582560202237
23.6,10.75354,19.641043878021577
23.6,10.95455,19.7196105646454
23.6,11.15556,19.790580860483253
23.6,11.35657,19.859306865420503
23.6,11.55758,19.925947865046915
23.6,11.75859,19.98758842313965
23.6,11.9596,20.049282069199226
23.6,12.16061,20.106753354905784
23.6,12.36162,20.163137678748022
23.6,12.56263,20.21822498703832
23.6,12.76364,20.270487712491708
23.6,12.96465,20.322762417818094
23.6,13.16566,20.372271798880206
23.6,13.36667,20.42119294560957
23.6,13.56768,20.469146057824272
23.6,13.76869,20.515232547449127
23.6,13.9697,20.561330366592458
23.6,14.17071,20.605351319163567
23.6,14.37172,20.648993387214293
23.6,14.57273,20.691826869179728
23.6,14.77374,20.733292609152635
23.6,14.97475,20.774769251787554
23.6,15.17576,20.81453813358473
23.6,15.37677,20.854047758196568
23.6,15.57778,20.892838455197154
23.6,15.77879,20.930560713046834
23.6,15.9798,20.968313578990326
23.6,16.18081,21.004588093371233
23.6,16.38182,21.04069311558323
23.6,16.58283,21.076138964332912
23.6,16.78384,21.110735899946956
23.6,16.98485,21.145353241701464
23.6,17.18586,21.17870180656606
23.6,17.38687,21.211910722869433
23.6,17.58788,21.244540276694313
23.6,17.78889,21.276470583450553
23.6,17.9899,21.308421160985564
23.6,18.19091,21.33925264478452
23.6,18.39192,21.369994374907087
23.6,18.59293,21.400196595646804
23.6,18.79394,21.42981933241159
23.6,18.99495,21.459472248619655
23.6,19.19596,21.488115838665838
23.6,19.39697,21.51669960890797
23.6,19.59798,21.54478373851554
23.6,19.79899,21.570408589615738
23.6,20.0,21.594003939465633
23.9,0.1,1.3195055969865361
23.9,0.3010101,1.9182023530999799
23.9,0.5020202,2.179030649584513
23.9,0.7030303,2.332505308826583
23.9,0.9040404,2.4563059702869787
23.9,1.105051,2.5839820474161375
23.9,1.306061,2.7092539956466855
23.9,1.507071,2.835136935834582
23.9,1.708081,2.9803447176176316
23.9,1.909091,3.1517463355621516
23.9,2.110101,3.350443861134386
23.9,2.311111,3.572140354530254
23.9,2.512121,3.812520225672437
23.9,2.713131,4.056276650755206
23.9,2.914141,4.349156220402436
23.9,3.115152,4.636340755382335
23.9,3.316162,4.936849175497459
23.9,3.517172,5.250395837425138
23.9,3.718182,5.587351714568249
23.9,3.919192,5.950881954436481
23.9,4.120202,6.342696208623187
23.9,4.321212,6.7646344703386205
23.9,4.522222,7.219650671704956
23.9,4.723232,7.717514250733534
23.9,4.924242,8.260236841827309
23.9,5.125253,8.839144398559021
23.9,5.326263,9.45897507759648
23.9,5.527273,10.110306544847537
23.9,5.728283,10.797401883868085
23.9,5.929293,11.510078662435406
23.9,6.130303,12.226386803645944
23.9,6.331313,12.950429159138569
23.9,6.532323,13.657676484351247
23.9,6.733333,14.34170008360712
23.9,6.934343,14.980254850130454
23.9,7.135354,15.5656566424336
23.9,7.336364,16.104538561016202
23.9,7.537374,16.585410502229255
23.9,7.738384,17.009592990763117
23.9,7.939394,17.37182187705724
23.9,8.140404,17.689001423451465
23.9,8.341414,17.968131688743075
23.9,8.542424,18.212275870427806
23.9,8.743434,18.42570541373425
23.9,8.944444,18.608661254488744
23.9,9.145455,18.77238369312668
23.9,9.346465,18.91948443902735
23.9,9.547475,19.052403334754928
23.9,9.748485,19.17301439782861
23.9,9.949495,19.277053222124025
23.9,10.15051,19.37003209315919
23.9,10.35152,19.46509269520192
23.9,10.55253,19.560090161432065
23.9,10.75354,19.638693033303085
23.9,10.95455,19.717259745431523
23.9,11.15556,19.788230064300947
23.9,11.35657,19.856986411931917
23.9,11.55758,19.923779344210388
23.9,11.75859,19.985480709158484
23.9,11.9596,20.04717427439496
23.9,12.16061,20.10463548516511
23.9,12.36162,20.16103996987425
23.9,12.56263,20.216168512149235
23.9,12.76364,20.26845169521558
23.9,12.96465,20.320726271899183
23.9,13.16566,20.37023553442579
23.9,13.36667,20.419156743834677
23.9,13.56768,20.46713066660503
23.9,13.76869,20.5132373892404
23.9,13.9697,20.559335060759558
23.9,14.17071,20.603345876723417
23.9,14.37172,20.646997938611925
23.9,14.57273,20.689881908949285
23.9,14.77374,20.731367729421446
23.9,14.97475,20.77284422185594
23.9,15.17576,20.812612964825245
23.9,15.37677,20.85213253654934
23.9,15.57778,20.89100347997264
23.9,15.77879,20.92875572129175
23.9,15.9798,20.966508446636308
23.9,16.18081,21.00278283061951
23.9,16.38182,21.03890777280205
23.9,16.58283,21.07445370268925
23.9,16.78384,21.10908057020312
23.9,16.98485,21.143697786443713
23.9,17.18586,21.17704623477474
23.9,17.38687,21.21028505834163
23.9,17.58788,21.24300459162761
23.9,17.78889,21.274964808418922
23.9,17.9899,21.306925276960207
23.9,18.19091,21.33774665995053
23.9,18.39192,21.368518294456198
23.9,18.59293,21.398810435089036
23.9,18.79394,21.42846307640076
23.9,18.99495,21.45811590015971
23.9,19.19596,21.48674940471249
23.9,19.39697,21.515363078236003
23.9,19.59798,21.54353709835671
23.9,19.79899,21.567172266429836
23.9,20.0,21.59076754141966
24.200000000000003,0.1,1.3387067875042247
24.200000000000003,0.3010101,1.949616915950785
24.200000000000003,0.5020202,2.215393105669637
24.200000000000003,0.7030303,2.371695932247842
24.200000000000003,0.9040404,2.4969339835452
24.200000000000003,1.105051,2.624684598699642
24.200000000000003,1.306061,2.754467821922095
24.200000000000003,1.507071,2.891278647511588
24.200000000000003,1.708081,3.0499018571083054
24.200000000000003,1.909091,3.2346594616644477
24.200000000000003,2.110101,3.442667031320516
24.200000000000003,2.311111,3.6738058409691203
24.200000000000003,2.512121,3.905196709606226
24.200000000000003,2.713131,4.189652407114578
24.200000000000003,2.914141,4.468731445077754
24.200000000000003,3.115152,4.755760773816666
24.200000000000003,3.316162,5.056336569456068
24.200000000000003,3.517172,5.371689293186573
24.200000000000003,3.718182,5.7107424808954725
24.200000000000003,3.919192,6.076315454913477
24.200000000000003,4.120202,6.468184083219772
24.200000000000003,4.321212,6.890058213351016
24.200000000000003,4.522222,7.344614435185827
24.200000000000003,4.723232,7.840468889210344
24.200000000000003,4.924242,8.37845272530411
24.200000000000003,5.125253,8.956280920966398
24.200000000000003,5.326263,9.566471680410764
24.200000000000003,5.527273,10.213604135309886
24.200000000000003,5.728283,10.891560040752896
24.200000000000003,5.929293,11.59021274362071
24.200000000000003,6.130303,12.303742569952085
24.200000000000003,6.331313,13.009080679837089
24.200000000000003,6.532323,13.709797850166426
24.200000000000003,6.733333,14.381590146656583
24.200000000000003,6.934343,15.00637816835032
24.200000000000003,7.135354,15.589438401121857
24.200000000000003,7.336364,16.116342270196512
24.200000000000003,7.537374,16.5940428097636
24.200000000000003,7.738384,17.013437703593485
24.200000000000003,7.939394,17.371979587237675
24.200000000000003,8.140404,17.68864485757573
24.200000000000003,8.341414,17.965787728730188
24.200000000000003,8.542424,18.20954685885859
24.200000000000003,8.743434,18.422593870049916
24.200000000000003,8.944444,18.605436316790723
24.200000000000003,9.145455,18.76918116563363
24.200000000000003,9.346465,18.916417749341658
24.200000000000003,9.547475,19.049398524019914
24.200000000000003,9.748485,19.17015283585349
24.200000000000003,9.949495,19.274344409975185
24.200000000000003,10.15051,19.36743540429239
24.200000000000003,10.35152,19.462617979006648
24.200000000000003,10.55253,19.557615635394566
24.200000000000003,10.75354,19.636319883126625
24.200000000000003,10.95455,19.714997824628597
24.200000000000003,11.15556,19.785988550512798
24.200000000000003,11.35657,19.854836148357585
24.200000000000003,11.55758,19.92164933648053
24.200000000000003,11.75859,19.983401464661114
24.200000000000003,11.9596,20.045125661410736
24.200000000000003,12.16061,20.102607070208652
24.200000000000003,12.36162,20.15903229052987
24.200000000000003,12.56263,20.21418090129804
24.200000000000003,12.76364,20.266464555658708
24.200000000000003,12.96465,20.318749481237607
24.200000000000003,13.16566,20.368268830496174
24.200000000000003,13.36667,20.41720049106345
24.200000000000003,13.56768,20.465184388497104
24.200000000000003,13.76869,20.511291391044033
24.200000000000003,13.9697,20.557399235380363
24.200000000000003,14.17071,20.601420065279616
24.200000000000003,14.37172,20.645082378160964
24.200000000000003,14.57273,20.687966271013366
24.200000000000003,14.77374,20.72947222990208
24.200000000000003,14.97475,20.77096877651505
24.200000000000003,15.17576,20.810747483909342
24.200000000000003,15.37677,20.850307161964867
24.200000000000003,15.57778,20.88918800269169
24.200000000000003,15.77879,20.926970282751064
24.200000000000003,15.9798,20.964742986586
24.200000000000003,16.18081,21.001047304285542
24.200000000000003,16.38182,21.037202257911982
24.200000000000003,16.58283,21.072758080737778
24.200000000000003,16.78384,21.10742492166916
24.200000000000003,16.98485,21.14207207584485
24.200000000000003,17.18586,21.17544044318784
24.200000000000003,17.38687,21.208729222427984
24.200000000000003,17.58788,21.241448653900694
24.200000000000003,17.78889,21.2734588076775
24.200000000000003,17.9899,21.30543919621298
24.200000000000003,18.19091,21.336290494094808
24.200000000000003,18.39192,21.367102055668262
24.200000000000003,18.59293,21.39740410554476
24.200000000000003,18.79394,21.427096666114885
24.200000000000003,18.99495,21.456779405977123
24.200000000000003,19.19596,21.48543282919424
24.200000000000003,19.39697,21.514086421671777
24.200000000000003,19.59798,21.542250363783193
24.200000000000003,19.79899,21.569924650516374
24.200000000000003,20.0,21.595559472922094
24.5,0.1,1.3539501608467905
24.5,0.3010101,1.9753638406656344
24.5,0.5020202,2.2479462547501248
24.5,0.7030303,2.4091799651616546
24.5,0.9040404,2.537336560447161
24.5,1.105051,2.6668786143313015
24.5,1.306061,2.8023401514776167
24.5,1.507071,2.9509013058155107
24.5,1.708081,3.126637278259422
24.5,1.909091,3.3214557587447753
24.5,2.110101,3.550940055385514
24.5,2.311111,3.792370766507751
24.5,2.512121,4.042434478669346
24.5,2.713131,4.306553790904332
24.5,2.914141,4.58290796311079
24.5,3.115152,4.8718112388281885
24.5,3.316162,5.173551504185137
24.5,3.517172,5.492038378642389
24.5,3.718182,5.833062832887287
24.5,3.919192,6.199226845589856
24.5,4.120202,6.592002723268166
24.5,4.321212,7.0138495621936165
24.5,4.522222,7.4670472604185525
24.5,4.723232,7.960679950770439
24.5,4.924242,8.496460571083285
24.5,5.125253,9.067227345605746
24.5,5.326263,9.675054809049398
24.5,5.527273,10.312464927617686
24.5,5.728283,10.981794210214014
24.5,5.929293,11.673985920526729
24.5,6.130303,12.371407645865341
24.5,6.331313,13.072216725991563
24.5,6.532323,13.757604907279708
24.5,6.733333,14.418949085779271
24.5,6.934343,15.037115062227791
24.5,7.135354,15.607355034995708
24.5,7.336364,16.131328007120523
24.5,7.537374,16.60134314357571
24.5,7.738384,17.016969883302433
24.5,7.939394,17.37360165258675
24.5,8.140404,17.68746053473488
24.5,8.341414,17.964099012612024
24.5,8.542424,18.206898307143938
24.5,8.743434,18.41963145787454
24.5,8.944444,18.602418506781124
24.5,9.145455,18.76615958014977
24.5,9.346465,18.913428333636208
24.5,9.547475,19.046553439649397
24.5,9.748485,19.167410147316517
24.5,9.949495,19.264134913213613
24.5,10.15051,19.361080891405635
24.5,10.35152,19.46567153454492
24.5,10.55253,19.555239942374364
24.5,10.75354,19.633944390284555
24.5,10.95455,19.712754164291997
24.5,11.15556,19.783917316594824
24.5,11.35657,19.852785230348974
24.5,11.55758,19.91959844576698
24.5,11.75859,19.981350597934988
24.5,11.9596,20.043135876461985
24.5,12.16061,20.10067873058952
24.5,12.36162,20.157114055841234
24.5,12.56263,20.212252609190056
24.5,12.76364,20.26454620794571
24.5,12.96465,20.316841839044763
24.5,13.16566,20.366372110518853
24.5,13.36667,20.415313767605667
24.5,13.56768,20.463287565919508
24.5,13.76869,20.50939447520553
24.5,13.9697,20.555512775909403
24.5,14.17071,20.59956416781503
24.5,14.37172,20.64323641800193
24.5,14.57273,20.686120194640196
24.5,14.77374,20.72762604375789
24.5,14.97475,20.769142857920297
24.5,15.17576,20.808971867396114
24.5,15.37677,20.84853145357568
24.5,15.57778,20.887412176732962
24.5,15.77879,20.925194344199184
24.5,15.9798,20.96301717411337
24.5,16.18081,20.999381618412286
24.5,16.38182,21.03554647095061
24.5,16.58283,21.071092182846648
24.5,16.78384,21.105768918034197
24.5,16.98485,21.140476102230195
24.5,17.18586,21.173914487721763
24.5,17.38687,21.20720316924966
24.5,17.58788,21.239932501140157
24.5,17.78889,21.271932560132033
24.5,17.9899,21.303982919713285
24.5,18.19091,21.334904176504324
24.5,18.39192,21.36571564982455
24.5,18.59293,21.396017613152154
24.5,18.79394,21.425710090855144
24.5,18.99495,21.455452772937644
24.5,19.19596,21.484166134985543
24.5,19.39697,21.512819650596374
24.5,19.59798,21.54099351807114
24.5,19.79899,21.56865773298848
24.5,20.0,21.592342916351583
24.8,0.1,1.3665613232232405
24.8,0.3010101,1.9951502544052606
24.8,0.5020202,2.275862910184708
24.8,0.7030303,2.451998385308126
24.8,0.9040404,2.5815039535361266
24.8,1.105051,2.7147285508910874
24.8,1.306061,2.863293612379147
24.8,1.507071,3.0268679644036296
24.8,1.708081,3.2226156912327033
24.8,1.909091,3.430635912321197
24.8,2.110101,3.6547590957665106
24.8,2.311111,3.894936715035382
24.8,2.512121,4.14834086927478
24.8,2.713131,4.4153659646097205
24.8,2.914141,4.6944701653661935
24.8,3.115152,4.985739070465527
24.8,3.316162,5.290574837789574
24.8,3.517172,5.610775964222786
24.8,3.718182,5.953247594723412
24.8,3.919192,6.320675550328046
24.8,4.120202,6.713768838601682
24.8,4.321212,7.135190478818389
24.8,4.522222,7.587435461769456
24.8,4.723232,8.078999446411412
24.8,4.924242,8.610897299131262
24.8,5.125253,9.17778414154435
24.8,5.326263,9.778225188579002
24.8,5.527273,10.409749864646766
24.8,5.728283,11.071085907385369
24.8,5.929293,11.752545119300295
24.8,6.130303,12.441467408302826
24.8,6.331313,13.128934629256154
24.8,6.532323,13.805412833052694
24.8,6.733333,14.456670762603247
24.8,6.934343,15.064444920296413
24.8,7.135354,15.628005829734908
24.8,7.336364,16.14361257964003
24.8,7.537374,16.609229938022512
24.8,7.738384,17.02096972699803
24.8,7.939394,17.37471420187522
24.8,8.140404,17.68708267934106
24.8,8.341414,17.96227198864563
24.8,8.542424,18.20448830539993
24.8,8.743434,18.41686818971794
24.8,8.944444,18.599520912225433
24.8,9.145455,18.76325592809241
24.8,9.346465,18.91059914330109
24.8,9.547475,19.043796982673737
24.8,9.748485,19.1647564111069
24.8,9.949495,19.272856603195816
24.8,10.15051,19.36993592204659
24.8,10.35152,19.46334501875309
24.8,10.55253,19.552944119216495
24.8,10.75354,19.631770415789667
24.8,10.95455,19.71060069712684
24.8,11.15556,19.78177396285382
24.8,11.35657,19.850712961496647
24.8,11.55758,19.917607413491858
24.8,11.75859,19.979410609645207
24.8,11.9596,20.04120608710157
24.8,12.16061,20.09874893049236
24.8,12.36162,20.155204905119
24.8,12.56263,20.210374196792614
24.8,12.76364,20.262678439484667
24.8,12.96465,20.31497412210047
24.8,13.16566,20.364504324138963
24.8,13.36667,20.41344638693918
24.8,13.56768,20.46144063943471
24.8,13.76869,20.507557938700156
24.8,13.9697,20.55367620976976
24.8,14.17071,20.597717505172355
24.8,14.37172,20.641399990895884
24.8,14.57273,20.684304023072134
24.8,14.77374,20.72583008247394
24.8,14.97475,20.767356822861817
24.8,15.17576,20.80718572560585
24.8,15.37677,20.846765423117
24.8,15.57778,20.885676262157908
24.8,15.77879,20.923488514757345
24.8,15.9798,20.961311252021922
24.8,16.18081,20.997685590923936
24.8,16.38182,21.03388046985578
24.8,16.58283,21.06947620524881
24.8,16.78384,21.104182945807327
24.8,16.98485,21.138900033761782
24.8,17.18586,21.172338322092926
24.8,17.38687,21.205666977305913
24.8,17.58788,21.238436279193994
24.8,17.78889,21.270486298193404
24.8,17.9899,21.302536567735824
24.8,18.19091,21.333457738149782
24.8,18.39192,21.3643091578263
24.8,18.59293,21.394651066124755
24.8,18.79394,21.424393485939007
24.8,18.99495,21.454136087838116
24.8,19.19596,21.48284937486574
24.8,19.39697,21.51154283093859
24.8,19.59798,21.537787066117893
24.8,19.79899,21.561452070331335
24.8,20.0,21.585117172712575
25.1,0.1,1.3776434527723653
25.1,0.3010101,2.0126540123106285
25.1,0.5020202,2.306706677267919
25.1,0.7030303,2.504715862119854
25.1,0.9040404,2.661440956777089
25.1,1.105051,2.79434836252636
25.1,1.306061,2.9411727901909255
25.1,1.507071,3.1057464057740014
25.1,1.708081,3.2968227051272376
25.1,1.909091,3.5166304643266497
25.1,2.110101,3.7488713204083868
25.1,2.311111,3.994941132526366
25.1,2.512121,4.2521007021577315
25.1,2.713131,4.522329971912692
25.1,2.914141,4.804999729888615
25.1,3.115152,5.098418285842195
25.1,3.316162,5.405936013469048
25.1,3.517172,5.727726252856334
25.1,3.718182,6.071499058514579
25.1,3.919192,6.439954268140679
25.1,4.120202,6.833264298661524
25.1,4.321212,7.254028082919678
25.1,4.522222,7.705234738210397
25.1,4.723232,8.194614763813645
25.1,4.924242,8.722476950275716
25.1,5.125253,9.285439704815522
25.1,5.326263,9.878462366495825
25.1,5.527273,10.504113200485573
25.1,5.728283,11.157568067780375
25.1,5.929293,11.828517722859912
25.1,6.130303,12.509082463442969
25.1,6.331313,13.183671836314605
25.1,6.532323,13.851461866816136
25.1,6.733333,14.49303586754782
25.1,6.934343,15.090910759087052
25.1,7.135354,15.648013750312941
25.1,7.336364,16.155696226891965
25.1,7.537374,16.617026388161293
25.1,7.738384,17.025009705026655
25.1,7.939394,17.375967130634812
25.1,8.140404,17.68686517643095
25.1,8.341414,17.960635174767663
25.1,8.542424,18.20227840609129
25.1,8.743434,18.414274843766638
25.1,8.944444,18.596783011756788
25.1,9.145455,18.760501850492073
25.1,9.346465,18.907889251022898
25.1,9.547475,19.04115975466991
25.1,9.748485,19.162211791512618
25.1,9.949495,19.259120764167644
25.1,10.15051,19.354394250636897
25.1,10.35152,19.455473717177654
25.1,10.55253,19.55077675910654
25.1,10.75354,19.629724959667872
25.1,10.95455,19.70858580493681
25.1,11.15556,19.7797592343024
25.1,11.35657,19.848759386878257
25.1,11.55758,19.915725146664034
25.1,11.75859,19.977569459693612
25.1,11.9596,20.03938517897826
25.1,12.16061,20.096918049017454
25.1,12.36162,20.153404725915163
25.1,12.56263,20.208594814204
25.1,12.76364,20.260899750699366
25.1,12.96465,20.313205515601624
25.1,13.16566,20.362735675898076
25.1,13.36667,20.411678183992198
25.1,13.56768,20.459672931474547
25.1,13.76869,20.50580065888337
25.1,13.9697,20.551918924736707
25.1,14.17071,20.595970143336878
25.1,14.37172,20.63965289505143
25.1,14.57273,20.682567215928238
25.1,14.77374,20.72410351579749
25.1,14.97475,20.76564020133169
25.1,15.17576,20.805469013386507
25.1,15.37677,20.84506884912827
25.1,15.57778,20.883999830968072
25.1,15.77879,20.92185219502584
25.1,15.9798,20.959674854151068
25.1,16.18081,20.99603910070908
25.1,16.38182,21.03228402843147
25.1,16.58283,21.067909811017874
25.1,16.78384,21.102656578997216
25.1,16.98485,21.137373582761576
25.1,17.18586,21.170811783464107
25.1,17.38687,21.204180431374958
25.1,17.58788,21.23698972157963
25.1,17.78889,21.269079717543498
25.1,17.9899,21.301129906033307
25.1,18.19091,21.332050998128842
25.1,18.39192,21.36294237675959
25.1,18.59293,21.393324239095787
25.1,18.79394,21.423106606112125
25.1,18.99495,21.452849135004808
25.1,19.19596,21.481562353762563
25.1,19.39697,21.510295748421218
25.1,19.59798,21.53853948736771
25.1,19.79899,21.56628356613208
25.1,20.0,21.58996863589903
25.400000000000002,0.1,1.3896502387048226
25.400000000000002,0.3010101,2.0304933137307284
25.400000000000002,0.5020202,2.328730439663659
25.400000000000002,0.7030303,2.5299375854678785
25.400000000000002,0.9040404,2.6945804441484613
25.400000000000002,1.105051,2.840677003827894
25.400000000000002,1.306061,2.993633708510175
25.400000000000002,1.507071,3.1725908697737135
25.400000000000002,1.708081,3.378925911063909
25.400000000000002,1.909091,3.602025224727191
25.400000000000002,2.110101,3.844600191188187
25.400000000000002,2.311111,4.092937528864666
25.400000000000002,2.512121,4.3555028340020225
25.400000000000002,2.713131,4.629464702099978
25.400000000000002,2.914141,4.913540366666137
25.400000000000002,3.115152,5.2107046548600024
25.400000000000002,3.316162,5.519124082129429
25.400000000000002,3.517172,5.843156711323375
25.400000000000002,3.718182,6.188318460553384
25.400000000000002,3.919192,6.557136392146517
25.400000000000002,4.120202,6.950625962161199
25.400000000000002,4.321212,7.371223149468954
25.400000000000002,4.522222,7.820538758226627
25.400000000000002,4.723232,8.307323942000554
25.400000000000002,4.924242,8.832830230525255
25.400000000000002,5.125253,9.388408770949663
25.400000000000002,5.326263,9.979041957269665
25.400000000000002,5.527273,10.595086239015291
25.400000000000002,5.728283,11.240170493402502
25.400000000000002,5.929293,11.904984032427077
25.400000000000002,6.130303,12.570571634009323
25.400000000000002,6.331313,13.240935383540481
25.400000000000002,6.532323,13.894846199111557
25.400000000000002,6.733333,14.527018372685545
25.400000000000002,6.934343,15.11894505314935
25.400000000000002,7.135354,15.664694752145534
25.400000000000002,7.336364,16.169707637700533
25.400000000000002,7.537374,16.624185592484668
25.400000000000002,7.738384,17.028731925025557
25.400000000000002,7.939394,17.377929553074267
25.400000000000002,8.140404,17.68621151596513
25.400000000000002,8.341414,17.95948698061597
25.400000000000002,8.542424,18.20013982197528
25.400000000000002,8.743434,18.41180197528057
25.400000000000002,8.944444,18.594204354594215
25.400000000000002,9.145455,18.757848649863526
25.400000000000002,9.346465,18.905248098689484
25.400000000000002,9.547475,19.03861232569409
25.400000000000002,9.748485,19.15975651790917
25.400000000000002,9.949495,19.26428618240983
25.400000000000002,10.15051,19.357704105825363
25.400000000000002,10.35152,19.455150612970943
25.400000000000002,10.55253,19.548618525816607
25.400000000000002,10.75354,19.627567013787285
25.400000000000002,10.95455,19.706549785070877
25.400000000000002,11.15556,19.777875782861635
25.400000000000002,11.35657,19.84689633060578
25.400000000000002,11.55758,19.913862189415592
25.400000000000002,11.75859,19.97571659223199
25.400000000000002,11.9596,20.037583511268224
25.400000000000002,12.16061,20.09516797037146
25.400000000000002,12.36162,20.151654812805326
25.400000000000002,12.56263,20.20683489628181
25.400000000000002,12.76364,20.259149828547066
25.400000000000002,12.96465,20.31146638454098
25.400000000000002,13.16566,20.361007564656912
25.400000000000002,13.36667,20.40995011673301
25.400000000000002,13.56768,20.45794480694874
25.400000000000002,13.76869,20.504072480653647
25.400000000000002,13.9697,20.550191269844895
25.400000000000002,14.17071,20.594253125426555
25.400000000000002,14.37172,20.637945852063236
25.400000000000002,14.57273,20.680860090701543
25.400000000000002,14.77374,20.722396313480946
25.400000000000002,14.97475,20.763943322632215
25.400000000000002,15.17576,20.803802500749168
25.400000000000002,15.37677,20.84341227476423
25.400000000000002,15.57778,20.882343165653765
25.400000000000002,15.77879,20.920195442769334
25.400000000000002,15.9798,20.958058277985646
25.400000000000002,16.18081,20.994472705581376
25.400000000000002,16.38182,21.03071755585114
25.400000000000002,16.58283,21.066343248743756
25.400000000000002,16.78384,21.10108993078825
25.400000000000002,16.98485,21.135857007533783
25.400000000000002,17.18586,21.16935527139487
25.400000000000002,17.38687,21.20272383921461
25.400000000000002,17.58788,21.235533046430547
25.400000000000002,17.78889,21.267622963152085
25.400000000000002,17.9899,21.29973315749922
25.400000000000002,18.19091,21.330714240562433
25.400000000000002,18.39192,21.361605544490367
25.400000000000002,18.59293,21.3919873330732
25.400000000000002,18.79394,21.421769629310017
25.400000000000002,18.99495,21.45156211955995
25.400000000000002,19.19596,21.480335283145475
25.400000000000002,19.39697,21.509068611792543
25.400000000000002,19.59798,21.53732228661589
25.400000000000002,19.79899,21.565056303577716
25.400000000000002,20.0,21.590800875582033
25.7,0.1,1.4007037524533226
25.7,0.3010101,2.046629698133276
25.7,0.5020202,2.3515803957089476
25.7,0.7030303,2.5504226226322144
25.7,0.9040404,2.7319769806388847
25.7,1.105051,2.8819182520129116
25.7,1.306061,3.05076822512372
25.7,1.507071,3.2430201660026703
25.7,1.708081,3.4563547000542445
25.7,1.909091,3.692925479444229
25.7,2.110101,3.935964159379808
25.7,2.311111,4.192403779329307
25.7,2.512121,4.457833186559343
25.7,2.713131,4.734630965646708
25.7,2.914141,5.022652644281313
25.7,3.115152,5.320076494868569
25.7,3.316162,5.63162475895114
25.7,3.517172,5.9567769737084
25.7,3.718182,6.303035047039899
25.7,3.919192,6.67274243393717
25.7,4.120202,7.066179956854206
25.7,4.321212,7.485621257474938
25.7,4.522222,7.934060037841697
25.7,4.723232,8.418255993505326
25.7,4.924242,8.938369911470616
25.7,5.125253,9.49283277228443
25.7,5.326263,10.073655051933674
25.7,5.527273,10.685549452814847
25.7,5.728283,11.322004642028448
25.7,5.929293,11.973989088932958
25.7,6.130303,12.63713323632768
25.7,6.331313,13.291150934461617
25.7,6.532323,13.939458665927935
25.7,6.733333,14.56133073954728
25.7,6.934343,15.141782323421968
25.7,7.135354,15.68558277887284
25.7,7.336364,16.180595846777827
25.7,7.537374,16.632394389771818
25.7,7.738384,17.032855528331943
25.7,7.939394,17.378807545110377
25.7,8.140404,17.68661518693669
25.7,8.341414,17.958013084338884
25.7,8.542424,18.198280633822584
25.7,8.743434,18.409469381502035
25.7,8.944444,18.591657342572873
25.7,9.145455,18.75529381074374
25.7,9.346465,18.90272793160969
25.7,9.547475,19.036113858985033
25.7,9.748485,19.15736070800065
25.7,9.949495,19.262002721055683
25.7,10.15051,19.363031241810365
25.7,10.35152,19.456715820379152
25.7,10.55253,19.546549427501184
25.7,10.75354,19.625579461642403
25.7,10.95455,19.704643633377753
25.7,11.15556,19.775990198271614
25.7,11.35657,19.845092208023708
25.7,11.55758,19.912068469293782
25.7,11.75859,19.973963826737226
25.7,11.9596,20.035861557778865
25.7,12.16061,20.09345634362908
25.7,12.36162,20.149964101701645
25.7,12.56263,20.205154364739485
25.7,12.76364,20.25747990693846
25.7,12.96465,20.309796941653037
25.7,13.16566,20.3593383068189
25.7,13.36667,20.408281438523233
25.7,13.56768,20.45627618597066
25.7,13.76869,20.50240424614517
25.7,13.9697,20.548523306754994
25.7,14.17071,20.592585255829682
25.7,14.37172,20.636288335364753
25.7,14.57273,20.67920256147999
25.7,14.77374,20.720749011727474
25.7,14.97475,20.762296154694187
25.7,15.17576,20.802165363629754
25.7,15.37677,20.841795330569138
25.7,15.57778,20.880726171027504
25.7,15.77879,20.918598562863746
25.7,15.9798,20.95648144346076
25.7,16.18081,20.99290585975812
25.7,16.38182,21.02918079523454
25.7,16.58283,21.064806420904333
25.7,16.78384,21.0995831417319
25.7,16.98485,21.13437020959564
25.7,17.18586,21.16787843770025
25.7,17.38687,21.201287021926714
25.7,17.58788,21.234106158078582
25.7,17.78889,21.26623606495375
25.7,17.9899,21.29836622120238
25.7,18.19091,21.329357254876612
25.7,18.39192,21.360288533384434
25.7,18.59293,21.3906702546235
25.7,18.79394,21.420482510696385
25.7,18.99495,21.450304948184915
25.7,19.19596,21.479088052788743
25.7,19.39697,21.5078513259272
25.7,19.59798,21.536104940673706
25.7,19.79899,21.559859761959146
25.7,20.0,21.583584691622058
26.0,0.1,1.4113001339791413
26.0,0.3010101,2.0615155070648536
26.0,0.5020202,2.374612776234622
26.0,0.7030303,2.5859973997336443
26.0,0.9040404,2.7648489495160917
26.0,1.105051,2.9306722939581347
26.0,1.306061,3.108978507730118
26.0,1.507071,3.3129364041209493
26.0,1.708081,3.5392243400400627
26.0,1.909091,3.778938838645742
26.0,2.110101,4.03137340981121
26.0,2.311111,4.289683992165155
26.0,2.512121,4.559642744133858
26.0,2.713131,4.8396203598209215
26.0,2.914141,5.128833459084477
26.0,3.115152,5.429564217779978
26.0,3.316162,5.741854827106399
26.0,3.517172,6.0688833360828145
26.0,3.718182,6.416232453260913
26.0,3.919192,6.786145270871631
26.0,4.120202,7.17945054360988
26.0,4.321212,7.598614563101223
26.0,4.522222,8.044923103066402
26.0,4.723232,8.526365594151917
26.0,4.924242,9.044065094793279
26.0,5.125253,9.591092623156209
26.0,5.326263,10.169530294498475
26.0,5.527273,10.771965345165116
26.0,5.728283,11.400285825586044
26.0,5.929293,12.046398762337768
26.0,6.130303,12.695153357540509
26.0,6.331313,13.345208122184857
26.0,6.532323,13.980401798758914
26.0,6.733333,14.593485054629163
26.0,6.934343,15.16841994968193
26.0,7.135354,15.701549046237965
26.0,7.336364,16.19411267309846
26.0,7.537374,16.63946920653492
26.0,7.738384,17.036693043164533
26.0,7.939394,17.38095461434715
26.0,8.140404,17.686215183354978
26.0,8.341414,17.95711798502393
26.0,8.542424,18.196394081206286
26.0,8.743434,18.407217812385028
26.0,8.944444,18.589279436568976
26.0,9.145455,18.752810653081625
26.0,9.346465,18.90023658648276
26.0,9.547475,19.03371576514885
26.0,9.748485,19.155024539781095
26.0,9.949495,19.252168696536252
26.0,10.15051,19.347646865124258
26.0,10.35152,19.44902220098519
26.0,10.55253,19.544600437274195
26.0,10.75354,19.623742306392845
26.0,10.95455,19.702806731803516
26.0,11.15556,19.774153525487357
26.0,11.35657,19.8432761086139
26.0,11.55758,19.910384687336997
26.0,11.75859,19.972311148972
26.0,11.9596,20.034208963132333
26.0,12.16061,20.0918038239608
26.0,12.36162,20.14832192764927
26.0,12.56263,20.20354373902696
26.0,12.76364,20.25586994648248
26.0,12.96465,20.308196977692827
26.0,13.16566,20.35773834007295
26.0,13.36667,20.406681673249086
26.0,13.56768,20.45467745702231
26.0,13.76869,20.500795904197417
26.0,13.9697,20.546924916827248
26.0,14.17071,20.590976821889377
26.0,14.37172,20.634680008611998
26.0,14.57273,20.67760490760362
26.0,14.77374,20.719161563085446
26.0,14.97475,20.760708636837858
26.0,15.17576,20.800577781304288
26.0,15.37677,20.840207791011586
26.0,15.57778,20.879179039612445
26.0,15.77879,20.917061519528726
26.0,15.9798,20.954944322840266
26.0,16.18081,20.9913686682007
26.0,16.38182,21.027653603835724
26.0,16.58283,21.063339451353478
26.0,16.78384,21.09813618832187
26.0,16.98485,21.132923180888273
26.0,17.18586,21.166431337900637
26.0,17.38687,21.199849896554632
26.0,17.58788,21.232739130179358
26.0,17.78889,21.26487901431958
26.0,17.9899,21.29700910026843
26.0,18.19091,21.328010068331345
26.0,18.39192,21.358951306433955
26.0,18.59293,21.38940304483793
26.0,18.79394,21.41923525894683
26.0,18.99495,21.44904763362858
26.0,19.19596,21.477840679563432
26.0,19.39697,21.50662390685391
26.0,19.59798,21.534927490948483
26.0,19.79899,21.560721837021752
26.0,20.0,21.58444672771605
26.3,0.1,1.42079165922357
26.3,0.3010101,2.075518417889046
26.3,0.5020202,2.3947583938657138
26.3,0.7030303,2.614485925014662
26.3,0.9040404,2.803412875019189
26.3,1.105051,2.978988360478575
26.3,1.306061,3.170604995446426
26.3,1.507071,3.3856569263519116
26.3,1.708081,3.6193798350475053
26.3,1.909091,3.867856433879785
26.3,2.110101,4.124538763870882
26.3,2.311111,4.387801648447369
26.3,2.512121,4.660412137805049
26.3,2.713131,4.942664456894076
26.3,2.914141,5.234562283114865
26.3,3.115152,5.536855951990231
26.3,3.316162,5.851147662876128
26.3,3.517172,6.179255885295483
26.3,3.718182,6.527403283152611
26.3,3.919192,6.897806972956552
26.3,4.120202,7.290935087830403
26.3,4.321212,7.708972686095023
26.3,4.522222,8.15392802573503
26.3,4.723232,8.632918322494222
26.3,4.924242,9.146380020613611
26.3,5.125253,9.68941931115927
26.3,5.326263,10.260513676009253
26.3,5.527273,10.85726611383135
26.3,5.728283,11.478105968562662
26.3,5.929293,12.114430951815965
26.3,6.130303,12.7556072028691
26.3,6.331313,13.39399505553392
26.3,6.532323,14.021517883171999
26.3,6.733333,14.6261035488118
26.3,6.934343,15.192353835934428
26.3,7.135354,15.7198971675738
26.3,7.336364,16.20545792872777
26.3,7.537374,16.64705718459097
26.3,7.738384,17.040923723068328
26.3,7.939394,17.382626710688694
26.3,8.140404,17.686505258205642
26.3,8.341414,17.956006805531658
26.3,8.542424,18.19467830119346
26.3,8.743434,18.405087061235477
26.3,8.944444,18.58694282099154
26.3,9.145455,18.75040692413112
26.3,9.346465,18.897836044256287
26.3,9.547475,19.031347250379753
26.3,9.748485,19.15274803736764
26.3,9.949495,19.26130819804627
26.3,10.15051,19.358806385125867
26.3,10.35152,19.45263367681627
26.3,10.55253,19.542630232793975
26.3,10.75354,19.62180286658835
26.3,10.95455,19.700979128277787
26.3,11.15556,19.772417508594053
26.3,11.35657,19.841591194546627
26.3,11.55758,19.90869993113174
26.3,11.75859,19.970646849616475
26.3,11.9596,20.032585841366163
26.3,12.16061,20.090211724296783
26.3,12.36162,20.14674050201138
26.3,12.56263,20.201962353598013
26.3,12.76364,20.254298835531486
26.3,12.96465,20.30662662517884
26.3,13.16566,20.35615864268379
26.3,13.36667,20.405102377328824
26.3,13.56768,20.45309814004739
26.3,13.76869,20.499216745508107
26.3,13.9697,20.545346238140016
26.3,14.17071,20.58940854995847
26.3,14.37172,20.633101961861872
26.3,14.57273,20.676026808166604
26.3,14.77374,20.717583542115324
26.3,14.97475,20.75914090377276
26.3,15.17576,20.799030281967028
26.3,15.37677,20.838670398997213
26.3,15.57778,20.877631580863834
26.3,15.77879,20.915524085212315
26.3,15.9798,20.953427042371903
26.3,16.18081,20.98988150299197
26.3,16.38182,21.026176472293805
26.3,16.58283,21.06185224948928
26.3,16.78384,21.096668976240046
26.3,16.98485,21.131486032966645
26.3,17.18586,21.165024229985534
26.3,17.38687,21.198462777549807
26.3,17.58788,21.2313519433543
26.3,17.78889,21.263511796264225
26.3,17.9899,21.295671891197657
26.3,18.19091,21.32670285260407
26.3,18.39192,21.35766405637709
26.3,18.59293,21.388115732689045
26.3,18.79394,21.41796790445288
26.3,18.99495,21.44781025557287
26.3,19.19596,21.476633271652027
26.3,19.39697,21.505426455558947
26.3,19.59798,21.53373998417956
26.3,19.79899,21.561543853724586
26.3,20.0,21.589347859002327
26.6,0.1,1.4296549145500022
26.6,0.3010101,2.0888236455562494
26.6,0.5020202,2.4144796775972477
26.6,0.7030303,2.6334175983711985
26.6,0.9040404,2.843781790952465
26.6,1.105051,3.0294944405166646
26.6,1.306061,3.234373597885994
26.6,1.507071,3.459844367135316
26.6,1.708081,3.700467915830624
26.6,1.909091,3.9566567148328446
26.6,2.110101,4.217276378914988
26.6,2.311111,4.484968322502353
26.6,2.512121,4.760072697618763
26.6,2.713131,5.044447723317786
26.6,2.914141,5.338783241657748
26.6,3.115152,5.642552947990892
26.6,3.316162,5.958646464116592
26.6,3.517172,6.287762618695896
26.6,3.718182,6.636617570356632
26.6,3.919192,7.007373567907643
26.6,4.120202,7.400272467498657
26.6,4.321212,7.817083518490415
26.6,4.522222,8.260652400269478
26.6,4.723232,8.737169941443376
26.6,4.924242,9.246395424144186
26.6,5.125253,9.78546820376225
26.6,5.326263,10.349328712751445
26.6,5.527273,10.940460577089736
26.6,5.728283,11.55394241328788
26.6,5.929293,12.180742935733118
26.6,6.130303,12.814492326213438
26.6,6.331313,13.441616554263346
26.6,6.532323,14.061639387330498
26.6,6.733333,14.657978391506683
26.6,6.934343,15.215834572040748
26.6,7.135354,15.737921849389126
26.6,7.336364,16.216719284816957
26.6,7.537374,16.654650660317863
26.6,7.738384,17.045228930779544
26.6,7.939394,17.384402339685955
26.6,8.140404,17.686908329227602
26.6,8.341414,17.95501766683632
26.6,8.542424,18.193074163381034
26.6,8.743434,18.403047456164746
26.6,8.944444,18.584676929112828
26.6,9.145455,18.748063720809053
26.6,9.346465,18.89547565084462
26.6,9.547475,19.029028751569104
26.6,9.748485,19.15050133199751
26.6,9.949495,19.247818551822537
26.6,10.15051,19.352936788802076
26.6,10.35152,19.45064079757651
26.6,10.55253,19.540768891203783
26.6,10.75354,19.61997233137506
26.6,10.95455,19.699260475565982
26.6,11.15556,19.770780472073856
26.6,11.35657,19.840015285433502
26.6,11.55758,19.90711421366868
26.6,11.75859,19.969081625433617
26.6,11.9596,20.031071837044628
26.6,12.16061,20.08870878477936
26.6,12.36162,20.145258271374917
26.6,12.56263,20.200480187277833
26.6,12.76364,20.252806970557412
26.6,12.96465,20.30514555322471
26.6,13.16566,20.35467825560441
26.6,13.36667,20.403622418174365
26.6,13.56768,20.451618178342393
26.6,13.76869,20.497736961844403
26.6,13.9697,20.543846960906553
26.6,14.17071,20.587909703608844
26.6,14.37172,20.631603360749537
26.6,14.57273,20.67452816911853
26.6,14.77374,20.716084998616697
26.6,14.97475,20.75765266925441
26.6,15.17576,20.797542302106258
26.6,15.37677,20.837192544758235
26.6,15.57778,20.876153671642015
26.6,15.77879,20.914056214646795
26.6,15.9798,20.951969344857293
26.6,16.18081,20.988443940402053
26.6,16.38182,21.024748957511434
26.6,16.58283,21.06043467371949
26.6,16.78384,21.095251402811677
26.6,16.98485,21.13009854160313
26.6,17.18586,21.163666794428767
26.6,17.38687,21.197125344118977
26.6,17.58788,21.23000444989629
26.6,17.78889,21.26217428282178
26.6,17.9899,21.294374402274688
26.6,18.19091,21.325425373349535
26.6,18.39192,21.356406554346307
26.6,18.59293,21.38685817456185
26.6,18.79394,21.416720315848632
26.6,18.99495,21.446602661491195
26.6,19.19596,21.475445666466445
26.6,19.39697,21.504258818464617
26.6,19.59798,21.53257229605465
26.6,19.79899,21.558386574999027
26.6,20.0,21.582161433984215
26.900000000000002,0.1,1.4383785950727581
26.900000000000002,0.3010101,2.1021522746718437
26.900000000000002,0.5020202,2.4324352894742542
26.900000000000002,0.7030303,2.665465809460762
26.900000000000002,0.9040404,2.8807323925085266
26.900000000000002,1.105051,3.084307791535308
26.900000000000002,1.306061,3.2987652576853375
26.900000000000002,1.507071,3.5342152832296416
26.900000000000002,1.708081,3.7847654090611855
26.900000000000002,1.909091,4.0434124203569715
26.900000000000002,2.110101,4.310933078178167
26.900000000000002,2.311111,4.580140437963446
26.900000000000002,2.512121,4.858847920497468
26.900000000000002,2.713131,5.145752500957878
26.900000000000002,2.914141,5.441075985411075
26.900000000000002,3.115152,5.74745281563513
26.900000000000002,3.316162,6.064164493644247
26.900000000000002,3.517172,6.39471455548727
26.900000000000002,3.718182,6.7443311259499765
26.900000000000002,3.919192,7.115159494802203
26.900000000000002,4.120202,7.507531358842787
26.900000000000002,4.321212,7.923997540826415
26.900000000000002,4.522222,8.365270267702433
26.900000000000002,4.723232,8.83897236212374
26.900000000000002,4.924242,9.345802334110283
26.900000000000002,5.125253,9.877599199012591
26.900000000000002,5.326263,10.439148435645796
26.900000000000002,5.527273,11.02121231375028
26.900000000000002,5.728283,11.626957409008211
26.900000000000002,5.929293,12.248220818986141
26.900000000000002,6.130303,12.868601512300948
26.900000000000002,6.331313,13.491994025157975
26.900000000000002,6.532323,14.099958968715251
26.900000000000002,6.733333,14.688211528568983
26.900000000000002,6.934343,15.240990833982826
26.900000000000002,7.135354,15.75333699759937
26.900000000000002,7.336364,16.229843682060984
26.900000000000002,7.537374,16.661760512547442
26.900000000000002,7.738384,17.0492891003013
26.900000000000002,7.939394,17.386830077254253
26.900000000000002,8.140404,17.68683579777246
26.900000000000002,8.341414,17.954469085860154
26.900000000000002,8.542424,18.191471882959053
26.900000000000002,8.743434,18.401049003070526
26.900000000000002,8.944444,18.582511353002843
26.900000000000002,9.145455,18.745751693688845
26.900000000000002,9.346465,18.89315516087175
26.900000000000002,9.547475,19.02674065405398
26.900000000000002,9.748485,19.148264688139967
26.900000000000002,9.949495,19.253242626425013
26.900000000000002,10.15051,19.347088284741044
26.900000000000002,10.35152,19.443065334617753
26.900000000000002,10.55253,19.538977989235388
26.900000000000002,10.75354,19.61829340796849
26.900000000000002,10.95455,19.69758186331206
26.900000000000002,11.15556,19.769112138287085
26.900000000000002,11.35657,19.838367573375226
26.900000000000002,11.55758,19.90559887222598
26.900000000000002,11.75859,19.96759745255872
26.900000000000002,11.9596,20.02958779213682
26.900000000000002,12.16061,20.087234856181702
26.900000000000002,12.36162,20.14378473234931
26.900000000000002,12.56263,20.199028283661207
26.900000000000002,12.76364,20.251365781251536
26.900000000000002,12.96465,20.303694396685035
26.900000000000002,13.16566,20.353237129551086
26.900000000000002,13.36667,20.402171530047536
26.900000000000002,13.56768,20.45015838870348
26.900000000000002,13.76869,20.496267598803932
26.900000000000002,13.9697,20.54238757919977
26.900000000000002,14.17071,20.586440305118785
26.900000000000002,14.37172,20.63013409879014
26.900000000000002,14.57273,20.67305963215858
26.900000000000002,14.77374,20.714616700133206
26.900000000000002,14.97475,20.756184325982133
26.900000000000002,15.17576,20.796073917060713
26.900000000000002,15.37677,20.835724228570054
26.900000000000002,15.57778,20.874705813233614
26.900000000000002,15.77879,20.912618472184594
26.900000000000002,15.9798,20.950531545736396
26.900000000000002,16.18081,20.98700608782538
26.900000000000002,16.38182,21.023321127322962
26.900000000000002,16.58283,21.059037112186775
26.900000000000002,16.78384,21.09388388074529
26.900000000000002,16.98485,21.12872096002986
26.900000000000002,17.18586,21.162289157167926
26.900000000000002,17.38687,21.195757699101105
26.900000000000002,17.58788,21.22869694555703
26.900000000000002,17.78889,21.260886774625305
26.900000000000002,17.9899,21.293076836665023
26.900000000000002,18.19091,21.324137753897745
26.900000000000002,18.39192,21.35513891042983
26.900000000000002,18.59293,21.385640589849892
26.900000000000002,18.79394,21.415522706758974
26.900000000000002,18.99495,21.445394999436623
26.900000000000002,19.19596,21.474247954829064
26.900000000000002,19.39697,21.503071076553905
26.900000000000002,19.59798,21.531444562348582
26.900000000000002,19.79899,21.55524926511747
26.900000000000002,20.0,21.57902407477448
27.2,0.1,1.4464360544161938
27.2,0.3010101,2.115244781116222
27.2,0.5020202,2.4531256043861736
27.2,0.7030303,2.6914090275405727
27.2,0.9040404,2.926204172146974
27.2,1.105051,3.1361750200006515
27.2,1.306061,3.3657456087575714
27.2,1.507071,3.6111144840884384
27.2,1.708081,3.8662873793824755
27.2,1.909091,4.133412836635369
27.2,2.110101,4.401226960776951
27.2,2.311111,4.675761642642885
27.2,2.512121,4.956502638109792
27.2,2.713131,5.245302224750194
27.2,2.914141,5.543351064826606
27.2,3.115152,5.849906952300078
27.2,3.316162,6.168756197584759
27.2,3.517172,6.500049479046613
27.2,3.718182,6.850272416947002
27.2,3.919192,7.221350731430985
27.2,4.120202,7.613612833224588
27.2,4.321212,8.02842287705279
27.2,4.522222,8.468679946433834
27.2,4.723232,8.93967359152617
27.2,4.924242,9.441162936498749
27.2,5.125253,9.971890956632244
27.2,5.326263,10.52410945244191
27.2,5.527273,11.102289738865004
27.2,5.728283,11.700109889630824
27.2,5.929293,12.309771322443076
27.2,6.130303,12.92798034139545
27.2,6.331313,13.53691174564726
27.2,6.532323,14.139946465594786
27.2,6.733333,14.719263415333142
27.2,6.934343,15.26203974618386
27.2,7.135354,15.772684528059681
27.2,7.336364,16.240388885448677
27.2,7.537374,16.669933811315715
27.2,7.738384,17.053753089259292
27.2,7.939394,17.388223713641224
27.2,8.140404,17.687773244491687
27.2,8.341414,17.953494165499933
27.2,8.542424,18.190090103740708
27.2,8.743434,18.399141373527275
27.2,8.944444,18.580307385537736
27.2,9.145455,18.74351938385964
27.2,9.346465,18.89085602929138
27.2,9.547475,19.024442855189708
27.2,9.748485,19.146028617421738
27.2,9.949495,19.25104709532628
27.2,10.15051,19.34507381656176
27.2,10.35152,19.441231900750925
27.2,10.55253,19.53713508370816
27.2,10.75354,19.6165724189858
27.2,10.95455,19.695972620773958
27.2,11.15556,19.767523556171263
27.2,11.35657,19.836860529078642
27.2,11.55758,19.904112314512414
27.2,11.75859,19.966151968239405
27.2,11.9596,20.028173235116324
27.2,12.16061,20.085830713708905
27.2,12.36162,20.142391621709145
27.2,12.56263,20.197645429907976
27.2,12.76364,20.24998363109497
27.2,12.96465,20.30231281365258
27.2,13.16566,20.351845799673505
27.2,13.36667,20.400780864946068
27.2,13.56768,20.448757842814988
27.2,13.76869,20.494867512041033
27.2,13.9697,20.540977831652263
27.2,14.17071,20.585030706746164
27.2,14.37172,20.62871492401447
27.2,14.57273,20.67163049592514
27.2,14.77374,20.713197854161397
27.2,14.97475,20.754755671965384
27.2,15.17576,20.79464534291412
27.2,15.37677,20.834305910123692
27.2,15.57778,20.87328748616948
27.2,15.77879,20.91121031717712
27.2,15.9798,20.949133484968563
27.2,16.18081,20.98560805934196
27.2,16.38182,21.02194323975279
27.2,16.58283,21.05766919082296
27.2,16.78384,21.092526049363823
27.2,16.98485,21.127383161384326
27.2,17.18586,21.1609613589673
27.2,17.38687,21.19444996638622
27.2,17.58788,21.227389168504907
27.2,17.78889,21.259609032273755
27.2,17.9899,21.29181909111735
27.2,18.19091,21.322879989754764
27.2,18.39192,21.35391116302809
27.2,18.59293,21.384422795613734
27.2,18.79394,21.414324910371185
27.2,18.99495,21.444217178787635
27.2,19.19596,21.47308010352364
27.2,19.39697,21.501933210483486
27.2,19.59798,21.53029665174142
27.2,19.79899,21.5581504240312
27.2,20.0,21.583974769258532
27.5,0.1,1.45446371746428
27.5,0.3010101,2.128264411067964
27.5,0.5020202,2.47565339122308
27.5,0.7030303,2.7322822918873224
27.5,0.9040404,2.9662905351720457
27.5,1.105051,3.194508453730193
27.5,1.306061,3.433074583550036
27.5,1.507071,3.6869716595192483
27.5,1.708081,3.9503929215446036
27.5,1.909091,4.219471022097152
27.5,2.110101,4.493284774396354
27.5,2.311111,4.769100242579363
27.5,2.512121,5.053443866635411
27.5,2.713131,5.344267858741981
27.5,2.914141,5.6431444355496785
27.5,3.115152,5.952002806906401
27.5,3.316162,6.271375881065862
27.5,3.517172,6.603949066792693
27.5,3.718182,6.9547696117101925
27.5,3.919192,7.325879821950674
27.5,4.120202,7.717524231452431
27.5,4.321212,8.131960376946243
27.5,4.522222,8.569957609002069
27.5,4.723232,9.038143462582893
27.5,4.924242,9.537330218760077
27.5,5.125253,10.060977344686975
27.5,5.326263,10.610981892031521
27.5,5.527273,11.180440208140704
27.5,5.728283,11.770828806723804
27.5,5.929293,12.375204676280099
27.5,6.130303,12.980538893816938
27.5,6.331313,13.585939023306981
27.5,6.532323,14.177366313957249
27.5,6.733333,14.748966480698115
27.5,6.934343,15.28682394624609
27.5,7.135354,15.788044856338377
27.5,7.336364,16.25355676780592
27.5,7.537374,16.677174251644132
27.5,7.738384,17.058041571239464
27.5,7.939394,17.390848089881853
27.5,8.140404,17.687905025794628
27.5,8.341414,17.95313902472059
27.5,8.542424,18.188640059644953
27.5,8.743434,18.397304415480804
27.5,8.944444,18.578273149154377
27.5,9.145455,18.74131865445262
27.5,9.346465,18.888646913694956
27.5,9.547475,19.022196622413702
27.5,9.748485,19.143774192921814
27.5,9.949495,19.241033287738777
27.5,10.15051,19.338794616907713
27.5,10.35152,19.444459483735145
27.5,10.55253,19.535488172834754
27.5,10.75354,19.614926078457383
27.5,10.95455,19.69441068729115
27.5,11.15556,19.76610545742607
27.5,11.35657,19.835463088449323
27.5,11.55758,19.90271511095378
27.5,11.75859,19.96475497930314
27.5,11.9596,20.026817740564592
27.5,12.16061,20.08450707347738
27.5,12.36162,20.14107827141978
27.5,12.56263,20.1963221750746
27.5,12.76364,20.24866046453604
27.5,12.96465,20.300990592720296
27.5,13.16566,20.350514749157064
27.5,13.36667,20.399439949989954
27.5,13.56768,20.447416950473816
27.5,13.76869,20.493526641779958
27.5,13.9697,20.539617598474674
27.5,14.17071,20.583661231964175
27.5,14.37172,20.627345498196085
27.5,14.57273,20.67026105391307
27.5,14.77374,20.711828398156026
27.5,14.97475,20.753386641694437
27.5,15.17576,20.793276788830074
27.5,15.37677,20.832927356052444
27.5,15.57778,20.87191889592704
27.5,15.77879,20.909831692281898
27.5,15.9798,20.94776513181808
27.5,16.18081,20.984269988203085
27.5,16.38182,21.02060514121928
27.5,16.58283,21.05633104716211
27.5,16.78384,21.091187862591184
27.5,16.98485,21.126065134679344
27.5,17.18586,21.159683483822146
27.5,17.38687,21.193172050835567
27.5,17.58788,21.226111205585674
27.5,17.78889,21.25833102404982
27.5,17.9899,21.290571164825007
27.5,18.19091,21.321682129729236
27.5,18.39192,21.35270325914738
27.5,18.59293,21.38321484603979
27.5,18.79394,21.413116916863014
27.5,18.99495,21.443049212282308
27.5,19.19596,21.47195214351257
27.5,19.39697,21.50080520785488
27.5,19.59798,21.529168607171137
27.5,19.79899,21.55702233885258
27.5,20.0,21.580857105356678
27.8,0.1,1.461642108141909
27.8,0.3010101,2.140748886919286
27.8,0.5020202,2.4966456227855582
27.8,0.7030303,2.7660955976390054
27.8,0.9040404,3.013400690997938
27.8,1.105051,3.2523383068465206
27.8,1.306061,3.502506687167799
27.8,1.507071,3.764041254778775
27.8,1.708081,4.032064173540482
27.8,1.909091,4.306601769956081
27.8,2.110101,4.583419363306566
27.8,2.311111,4.863699014949903
27.8,2.512121,5.151976739110275
27.8,2.713131,5.44294751253145
27.8,2.914141,5.743288861104445
27.8,3.115152,6.05315133879713
27.8,3.316162,6.373958208240159
27.8,3.517172,6.707444149663913
27.8,3.718182,7.05853966111523
27.8,3.919192,7.429987949616956
27.8,4.120202,7.821219601442299
27.8,4.321212,8.234283501527518
27.8,4.522222,8.671142249248897
27.8,4.723232,9.136572897806927
27.8,4.924242,9.631958259737635
27.8,5.125253,10.15180106281281
27.8,5.326263,10.69488326542962
27.8,5.527273,11.259308147944756
27.8,5.728283,11.84263786248056
27.8,5.929293,12.438145982593335
27.8,6.130303,13.0366280333414
27.8,6.331313,13.631438883657681
27.8,6.532323,14.215786547998349
27.8,6.733333,14.779998976673419
27.8,6.934343,15.30958922926428
27.8,7.135354,15.805860180945082
27.8,7.336364,16.26497363495579
27.8,7.537374,16.684708732465953
27.8,7.738384,17.062902885614843
27.8,7.939394,17.39273560445891
27.8,8.140404,17.688586741343713
27.8,8.341414,17.952465362051893
27.8,8.542424,18.187089554868574
27.8,8.743434,18.395647051878854
27.8,8.944444,18.576128888064396
27.8,9.145455,18.73917696709452
27.8,9.346465,18.88648851742845
27.8,9.547475,19.019901063757253
27.8,9.748485,19.141462456782612
27.8,9.949495,19.2494517331277
27.8,10.15051,19.34778093052432
27.8,10.35152,19.44289990442384
27.8,10.55253,19.533950548969617
27.8,10.75354,19.613443517747235
27.8,10.95455,19.692949544573544
27.8,11.15556,19.764644664448337
27.8,11.35657,19.83405404378195
27.8,11.55758,19.901367966554695
27.8,11.75859,19.96343929473729
27.8,11.9596,20.02551247658404
27.8,12.16061,20.083201957958675
27.8,12.36162,20.139784065129287
27.8,12.56263,20.195038971673426
27.8,12.76364,20.247368123047163
27.8,12.96465,20.29969845084221
27.8,13.16566,20.34921266291432
27.8,13.36667,20.398138439640945
27.8,13.56768,20.44610606895596
27.8,13.76869,20.4921963115402
27.8,13.9697,20.538297356259392
27.8,14.17071,20.582330995158998
27.8,14.37172,20.626005637736494
27.8,14.57273,20.66892159534684
27.8,14.77374,20.71046928954651
27.8,14.97475,20.752027557078
27.8,15.17576,20.79191768163242
27.8,15.37677,20.831578486255392
27.8,15.57778,20.870560271453954
27.8,15.77879,20.908493279087306
27.8,15.9798,20.946426704866642
27.8,16.18081,20.98292152470818
27.8,16.38182,21.019266816603643
27.8,16.58283,21.055012860736163
27.8,16.78384,21.089889790645163
27.8,16.98485,21.12476703010338
27.8,17.18586,21.158385336887637
27.8,17.38687,21.19189397515797
27.8,17.58788,21.224853196016905
27.8,17.78889,21.257093065457585
27.8,17.9899,21.289343165528745
27.8,18.19091,21.320444087607488
27.8,18.39192,21.351495241797455
27.8,18.59293,21.38202684762216
27.8,18.79394,21.41195892766291
27.8,18.99495,21.44189118122412
27.8,19.19596,21.470794071760412
27.8,19.39697,21.499667125793746
27.8,19.59798,21.526080963625223
27.8,19.79899,21.549895578653672
27.8,20.0,21.57370029126389
28.1,0.1,1.4687242342339375
28.1,0.3010101,2.153333496909666
28.1,0.5020202,2.5184132490218922
28.1,0.7030303,2.788721134916148
28.1,0.9040404,3.062819090386299
28.1,1.105051,3.3123964914569273
28.1,1.306061,3.5730132892101514
28.1,1.507071,3.841425526992421
28.1,1.708081,4.113577348173122
28.1,1.909091,4.392379685289123
28.1,2.110101,4.671158704834561
28.1,2.311111,4.952962994604359
28.1,2.512121,5.241502549375621
28.1,2.713131,5.53529546092075
28.1,2.914141,5.841022740776381
28.1,3.115152,6.152041440393611
28.1,3.316162,6.474598071166015
28.1,3.517172,6.8086956424785905
28.1,3.718182,7.158879603101005
28.1,3.919192,7.531915678549974
28.1,4.120202,7.922847188937908
28.1,4.321212,8.334685898262597
28.1,4.522222,8.770004502710849
28.1,4.723232,9.23142992073375
28.1,4.924242,9.724555176252174
28.1,5.125253,10.240974027946084
28.1,5.326263,10.777168905389951
28.1,5.527273,11.336485905036492
28.1,5.728283,11.911893011124539
28.1,5.929293,12.49983244629911
28.1,6.130303,13.091833297077809
28.1,6.331313,13.675664148322706
28.1,6.532323,14.253550599469985
28.1,6.733333,14.810117575370588
28.1,6.934343,15.331841050613553
28.1,7.135354,15.823077676678192
28.1,7.336364,16.27549845385496
28.1,7.537374,16.692136682429368
28.1,7.738384,17.067826104595905
28.1,7.939394,17.39448117718871
28.1,8.140404,17.688795011361364
28.1,8.341414,17.951377501439683
28.1,8.542424,18.185544318665308
28.1,8.743434,18.39430535163028
28.1,8.944444,18.574019869440278
28.1,9.145455,18.736901015335626
28.1,9.346465,18.88437804302498
28.1,9.547475,19.017866743986172
28.1,9.748485,19.139790248114227
28.1,9.949495,19.236584182557145
28.1,10.15051,19.332942316859956
28.1,10.35152,19.43579680692963
28.1,10.55253,19.532578009259904
28.1,10.75354,19.612162644457438
28.1,10.95455,19.691679315718492
28.1,11.15556,19.763374758011857
28.1,11.35657,19.832815340206743
28.1,11.55758,19.90016065061288
28.1,11.75859,19.962243295876963
28.1,11.9596,20.024316878500763
28.1,12.16061,20.082006518446356
28.1,12.36162,20.13858948667815
28.1,12.56263,20.193845345297756
28.1,12.76364,20.24616533162895
28.1,12.96465,20.29848586486396
28.1,13.16566,20.348010143822822
28.1,13.36667,20.39691649023957
28.1,13.56768,20.44487474153371
28.1,13.76869,20.490945534626228
28.1,13.9697,20.53703667733708
28.1,14.17071,20.581080331374302
28.1,14.37172,20.6247453566289
28.1,14.57273,20.667641721061365
28.1,14.77374,20.709189773268015
28.1,14.97475,20.7507380740013
28.1,15.17576,20.790638185357608
28.1,15.37677,20.830289237696114
28.1,15.57778,20.869271279696747
28.1,15.77879,20.90720450849999
28.1,15.9798,20.945137929833763
28.1,16.18081,20.981642720902965
28.1,16.38182,21.017988163354588
28.1,16.58283,21.053744357617383
28.1,16.78384,21.088631413991155
28.1,16.98485,21.12351862793838
28.1,17.18586,21.157126899708423
28.1,17.38687,21.19066561945137
28.1,17.58788,21.22363491800551
28.1,17.78889,21.255904850043812
28.1,17.9899,21.288144915823416
28.1,18.19091,21.31925580037078
28.1,18.39192,21.350326990795136
28.1,18.59293,21.380878627483508
28.1,18.79394,21.410830729075855
28.1,18.99495,21.440762945645304
28.1,19.19596,21.469665799947286
28.1,19.39697,21.498558862610434
28.1,19.59798,21.52697225418327
28.1,19.79899,21.554875970729203
28.1,20.0,21.57871067261704
9.5,0.1,2.845521739615273
9.5,0.3010101,5.318960897917423
9.5,0.5020202,5.384490925831282
9.5,0.7030303,5.207400354341917
9.5,0.9040404,0.937727924434929
9.5,1.306061,3.651936339500507
9.5,1.507071,4.030162762197487
9.5,1.708081,3.8099090497181636
9.5,1.909091,3.6366636252686737
9.5,2.110101,3.4008484117160016
9.5,2.311111,3.0914502367311267
9.5,2.512121,2.7563178981037835
9.5,2.713131,2.4413354858134615
9.5,2.914141,2.193318068896413
9.5,3.115152,2.0621565779932474
9.5,3.316162,2.1051720411684576
9.5,3.517172,2.281979746811619
9.5,3.718182,2.5352005333143808
9.5,3.919192,2.7885134604280504
9.5,4.120202,3.014414091216328
9.5,4.321212,3.2283073088250505
9.5,4.522222,3.4584387364548297
9.5,4.723232,3.724529219723024
9.5,4.924242,4.048573500186976
9.5,5.125253,4.457398770279811
9.5,5.326263,4.997594871244804
9.5,5.527273,5.585641219609336
9.5,5.728283,6.227962332759464
9.5,5.929293,7.041406634478951
9.5,6.130303,8.071614319542526
9.5,6.331313,9.27585458225983
9.5,6.532323,10.638530565840636
9.5,6.733333,12.080940637674095
9.5,6.934343,13.474314186676347
9.5,7.135354,14.712319777933823
9.5,7.336364,15.763864425081016
9.5,7.537374,16.59810624736581
9.5,7.738384,17.22804672517184
9.5,7.939394,17.68952811203347
9.5,8.140404,18.0586522342463
9.5,8.341414,18.35617806557523
9.5,8.542424,18.601265062112958
9.5,8.743434,18.804901345587524
9.5,8.944444,18.973484036157075
9.5,9.145455,19.12236727130046
9.5,9.346465,19.254646473550142
9.5,9.547475,19.37384117931879
9.5,9.748485,19.481898375422936
9.5,9.949495,19.56870369985359
9.5,10.15051,19.656422001219926
9.5,10.35152,19.751492356665416
9.5,10.55253,19.833256436170963
9.5,10.75354,19.90545830827637
9.5,10.95455,19.9781548141491
9.5,11.15556,20.044147423582466
9.5,11.35657,20.107583935355713
9.5,11.55758,20.16884408222977
9.5,11.75859,20.22504783806853
9.5,11.9596,20.28189401182762
9.5,12.16061,20.3344126580876
9.5,12.36162,20.385112970527143
9.5,12.56263,20.434234673117725
9.5,12.76364,20.480247211270658
9.5,12.96465,20.526931122518498
9.5,13.16566,20.57075534309636
9.5,13.36667,20.61328967824376
9.5,13.56768,20.654734123951147
9.5,13.76869,20.69425817760355
9.5,13.9697,20.734373255631223
9.5,14.17071,20.77254775484924
9.5,14.37172,20.809851607163427
9.5,14.57273,20.846385089966617
9.5,14.77374,20.88171790902691
9.5,14.97475,20.91749165042054
9.5,15.17576,20.951884645923073
9.5,15.37677,20.98570674745189
9.5,15.57778,21.018948410798362
9.5,15.77879,21.051369509089643
9.5,15.9798,21.084111474518892
9.5,16.18081,21.115792798561067
9.5,16.38182,21.14707322686703
9.5,16.58283,21.177893298477
9.5,16.78384,21.208102979523556
9.5,16.98485,21.238543464117154
9.5,17.18586,21.268093470899945
9.5,17.38687,21.297372675341986
9.5,17.58788,21.326241637527747
9.5,17.78889,21.354630363246166
9.5,17.9899,21.383179815168024
9.5,18.19091,21.410938941223495
9.5,18.39192,21.438517383942955
9.5,18.59293,21.46572568722691
9.5,18.79394,21.492523866861255
9.5,18.99495,21.519432691887136
9.5,19.19596,21.54562132782214
9.5,19.39697,21.571679380314144
9.5,19.59798,21.59738738919694
9.5,19.79899,21.622725366303662
9.5,20.0,21.64445413728504
9.8,0.1,1.9049403846751147
9.8,0.3010101,3.252052681838445
9.8,0.5020202,3.639208919896797
9.8,0.7030303,3.389361280336621
9.8,1.306061,2.536485620913273
9.8,1.507071,4.01312802318218
9.8,1.708081,3.8159168699960087
9.8,1.909091,3.592941695120376
9.8,2.110101,3.3373162297219725
9.8,2.311111,3.039527677611655
9.8,2.512121,2.726432368350794
9.8,2.713131,2.432409108638734
9.8,2.914141,2.1962362591903384
9.8,3.115152,2.0571170290444196
9.8,3.316162,2.0678668780074725
9.8,3.517172,2.2077469154906684
9.8,3.718182,2.435759960818151
9.8,3.919192,2.6827932770310396
9.8,4.120202,2.9165143854254545
9.8,4.321212,3.1386461499044342
9.8,4.522222,3.368671347671322
9.8,4.723232,3.6237513024525803
9.8,4.924242,3.9255237493919943
9.8,5.125253,4.310279525391486
9.8,5.326263,4.85424349239507
9.8,5.527273,5.458989358145524
9.8,5.728283,6.1455540884944
9.8,5.929293,7.020519464083362
9.8,6.130303,8.08947367441104
9.8,6.331313,9.330831496313461
9.8,6.532323,10.700608404901113
9.8,6.733333,12.130511058375955
9.8,6.934343,13.497738484948565
9.8,7.135354,14.717495499398398
9.8,7.336364,15.748935065445798
9.8,7.537374,16.57617242290625
9.8,7.738384,17.20401247702154
9.8,7.939394,17.666456095682136
9.8,8.140404,18.036913044653552
9.8,8.341414,18.336722668431328
9.8,8.542424,18.583086943581716
9.8,8.743434,18.787989984094715
9.8,8.944444,18.957548294059876
9.8,9.145455,19.107015671199857
9.8,9.346465,19.240019578338657
9.8,9.547475,19.359597928171272
9.8,9.748485,19.468079012426827
9.8,9.949495,19.565471953873764
9.8,10.15051,19.653665564146706
9.8,10.35152,19.73878639681932
9.8,10.55253,19.820714302264808
9.8,10.75354,19.89354074357587
9.8,10.95455,19.966381651452334
9.8,11.15556,20.032369154673944
9.8,11.35657,20.09636079754398
9.8,11.55758,20.158346319557122
9.8,11.75859,20.21535593621106
9.8,11.9596,20.272358036842327
9.8,12.16061,20.324873119209286
9.8,12.36162,20.376250160970944
9.8,12.56263,20.426218956937543
9.8,12.76364,20.473059150723003
9.8,12.96465,20.519900531119998
9.8,13.16566,20.563712571718874
9.8,13.36667,20.60688531175502
9.8,13.56768,20.649058534234925
9.8,13.76869,20.689271769284748
9.8,13.9697,20.72948548838087
9.8,14.17071,20.76765880238374
9.8,14.37172,20.80547226511771
9.8,14.57273,20.84256565182494
9.8,14.77374,20.878398598962995
9.8,14.97475,20.914231713316976
9.8,15.17576,20.948634144657987
9.8,15.37677,20.982816549619518
9.8,15.57778,21.016458714342914
9.8,15.77879,21.049240414534385
9.8,15.9798,21.082022160337775
9.8,16.18081,21.113703277635615
9.8,16.38182,21.145254341785208
9.8,16.58283,21.17635516639528
9.8,16.78384,21.20681563188788
9.8,16.98485,21.23728610616899
9.8,17.18586,21.266826100305632
9.8,17.38687,21.29629605931135
9.8,17.58788,21.32537583308183
9.8,17.78889,21.35393536734062
9.8,17.9899,21.38250490636249
9.8,18.19091,21.41026411736585
9.8,18.39192,21.437973318156935
9.8,18.59293,21.465322396528677
9.8,18.79394,21.492241334105618
9.8,18.99495,21.519170282816226
9.8,19.19596,21.545349044165807
9.8,19.39697,21.571517815136957
9.8,19.59798,21.595516631162702
9.8,19.79899,21.617225492433743
9.8,20.0,21.638944366496503
10.100000000000001,0.1,2.2209775640006
10.100000000000001,0.3010101,3.8104912832178193
10.100000000000001,0.5020202,3.8980821718063137
10.100000000000001,0.7030303,1.269972199342837
10.100000000000001,0.9040404,0.05487872040398108
10.100000000000001,1.306061,2.8207588830027133
10.100000000000001,1.507071,3.874738634782996
10.100000000000001,1.708081,3.7279143046656666
10.100000000000001,1.909091,3.510831085530618
10.100000000000001,2.110101,3.259011575897123
10.100000000000001,2.311111,2.9797342024459383
10.100000000000001,2.512121,2.6918129898105065
10.100000000000001,2.713131,2.422217102144876
10.100000000000001,2.914141,2.201643242860137
10.100000000000001,3.115152,2.056823652782781
10.100000000000001,3.316162,2.0339026342918016
10.100000000000001,3.517172,2.1329656817892526
10.100000000000001,3.718182,2.332239352082412
10.100000000000001,3.919192,2.570693703572175
10.100000000000001,4.120202,2.8157303479848417
10.100000000000001,4.321212,3.056713891064001
10.100000000000001,4.522222,3.29879817809132
10.100000000000001,4.723232,3.55485125445056
10.100000000000001,4.924242,3.8457720914385765
10.100000000000001,5.125253,4.208133381017877
10.100000000000001,5.326263,4.739294214290017
10.100000000000001,5.527273,5.352664334680576
10.100000000000001,5.728283,6.078417719088295
10.100000000000001,5.929293,7.007424568111541
10.100000000000001,6.130303,8.110851802738528
10.100000000000001,6.331313,9.381888676705465
10.100000000000001,6.532323,10.757575673165407
10.100000000000001,6.733333,12.176716005523685
10.100000000000001,6.934343,13.521229116419029
10.100000000000001,7.135354,14.724116612396191
10.100000000000001,7.336364,15.737417313765306
10.100000000000001,7.537374,16.557858284174838
10.100000000000001,7.738384,17.183375456009127
10.100000000000001,7.939394,17.646249499390247
10.100000000000001,8.140404,18.01774863420093
10.100000000000001,8.341414,18.31924052357209
10.100000000000001,8.542424,18.56668180968432
10.100000000000001,8.743434,18.77261111880121
10.100000000000001,8.944444,18.9429546529605
10.100000000000001,9.145455,19.092916269768477
10.100000000000001,9.346465,19.226494672730144
10.100000000000001,9.547475,19.34640698702457
10.100000000000001,9.748485,19.455242200490467
10.100000000000001,9.949495,19.542687084726456
10.100000000000001,10.15051,19.62951558796867
10.100000000000001,10.35152,19.721875392552075
10.100000000000001,10.55253,19.809264599706854
10.100000000000001,10.75354,19.882576241799686
10.100000000000001,10.95455,19.95553212328196
10.100000000000001,11.15556,20.021515024143902
10.100000000000001,11.35657,20.08593226787525
10.100000000000001,11.55758,20.14851356834796
10.100000000000001,11.75859,20.20616932959682
10.100000000000001,11.9596,20.26331770324155
10.100000000000001,12.16061,20.315819542811724
10.100000000000001,12.36162,20.367783426672716
10.100000000000001,12.56263,20.41846931420275
10.100000000000001,12.76364,20.46602705329287
10.100000000000001,12.96465,20.512996046687363
10.100000000000001,13.16566,20.556816077237823
10.100000000000001,13.36667,20.600557048688806
10.100000000000001,13.56768,20.643398776473656
10.100000000000001,13.76869,20.684230882155774
10.100000000000001,13.9697,20.724543276281313
10.100000000000001,14.17071,20.762715483134215
10.100000000000001,14.37172,20.80099826555939
10.100000000000001,14.57273,20.83861120157367
10.100000000000001,14.77374,20.874923922122946
10.100000000000001,14.97475,20.91082639934689
10.100000000000001,15.17576,20.945218296739906
10.100000000000001,15.37677,20.979770700719854
10.100000000000001,15.57778,21.01379302773366
10.100000000000001,15.77879,21.04692500553079
10.100000000000001,15.9798,21.079736510075126
10.100000000000001,16.18081,21.111417428179866
10.100000000000001,16.38182,21.14323885482782
10.100000000000001,16.58283,21.174620144048
10.100000000000001,16.78384,21.205331123371675
10.100000000000001,16.98485,21.23581156695468
10.100000000000001,17.18586,21.265361546314683
10.100000000000001,17.38687,21.295032030757106
10.100000000000001,17.58788,21.32430238402111
10.100000000000001,17.78889,21.35305251031764
10.100000000000001,17.9899,21.381622121207844
10.100000000000001,18.19091,21.40938141182136
10.100000000000001,18.39192,21.437241182889654
10.100000000000001,18.59293,21.464730850247918
10.100000000000001,18.79394,21.49178037028574
10.100000000000001,18.99495,21.5187094328726
10.100000000000001,19.19596,21.544888314178795
10.100000000000001,19.39697,21.571157623606602
10.100000000000001,19.59798,21.597066866116997
10.100000000000001,19.79899,21.62258603068733
10.100000000000001,20.0,21.644325009541916
28.400000000000002,0.1,1.4753067912926272
28.400000000000002,0.3010101,2.166844583600477
28.400000000000002,0.5020202,2.5391013536846083
28.400000000000002,0.7030303,2.8282105905587756
28.400000000000002,0.9040404,3.1084554734547307
28.400000000000002,1.105051,3.375635355514811
28.400000000000002,1.306061,3.6431920710310703
28.400000000000002,1.507071,3.917879663417177
28.400000000000002,1.708081,4.195655876876524
28.400000000000002,1.909091,4.475609167556365
28.400000000000002,2.110101,4.757647706185639
28.400000000000002,2.311111,5.039588306095135
28.400000000000002,2.512121,5.31627845104958
28.400000000000002,2.713131,5.6398904439459585
28.400000000000002,2.914141,5.94823285438175
28.400000000000002,3.115152,6.258490131657251
28.400000000000002,3.316162,6.577642384669107
28.400000000000002,3.517172,6.928152954873976
28.400000000000002,3.718182,7.275786647568449
28.400000000000002,3.919192,7.644860478466446
28.400000000000002,4.120202,8.03191111913592
28.400000000000002,4.321212,8.437380657061354
28.400000000000002,4.522222,8.887789681913809
28.400000000000002,4.723232,9.34244699121513
28.400000000000002,4.924242,9.827490565864322
28.400000000000002,5.125253,10.336650059165798
28.400000000000002,5.326263,10.860962967634787
28.400000000000002,5.527273,11.425417645399477
28.400000000000002,5.728283,11.985485922438729
28.400000000000002,5.929293,12.566766221519305
28.400000000000002,6.130303,13.150588330388752
28.400000000000002,6.331313,13.719853784901517
28.400000000000002,6.532323,14.28766752418056
28.400000000000002,6.733333,14.826213153542524
28.400000000000002,6.934343,15.351733077436478
28.400000000000002,7.135354,15.839565006209702
28.400000000000002,7.336364,16.28477580076522
28.400000000000002,7.537374,16.68822443682392
28.400000000000002,7.738384,17.05555039031104
28.400000000000002,7.939394,17.39196802297155
28.400000000000002,8.140404,17.687097401972803
28.400000000000002,8.341414,17.949407990048282
28.400000000000002,8.542424,18.17647984827908
28.400000000000002,8.743434,18.383418023026152
28.400000000000002,8.944444,18.569489690191045
28.400000000000002,9.145455,18.733663491904828
28.400000000000002,9.346465,18.881964029202898
28.400000000000002,9.547475,19.01274608971252
28.400000000000002,9.748485,19.134803122311766
28.400000000000002,9.949495,19.246822967323443
28.400000000000002,10.15051,19.345283031036466
28.400000000000002,10.35152,19.440178887839917
28.400000000000002,10.55253,19.53106796048708
28.400000000000002,10.75354,19.610652918946393
28.400000000000002,10.95455,19.690320156906534
28.400000000000002,11.15556,19.762176614269187
28.400000000000002,11.35657,19.831617703685012
28.400000000000002,11.55758,19.89896324984708
28.400000000000002,11.75859,19.961046109754175
28.400000000000002,11.9596,20.023140956427383
28.400000000000002,12.16061,20.08084218507603
28.400000000000002,12.36162,20.137425445783908
28.400000000000002,12.56263,20.192671416650324
28.400000000000002,12.76364,20.244991506916787
28.400000000000002,12.96465,20.29731293444375
28.400000000000002,13.16566,20.346808323377168
28.400000000000002,13.36667,20.3957148202342
28.400000000000002,13.56768,20.443663113530892
28.400000000000002,13.76869,20.48974394638427
28.400000000000002,13.9697,20.535815721827436
28.400000000000002,14.17071,20.579830129401962
28.400000000000002,14.37172,20.6234952215001
28.400000000000002,14.57273,20.666391588524103
28.400000000000002,14.77374,20.70793964323226
28.400000000000002,14.97475,20.749478382625885
28.400000000000002,15.17576,20.789358987543427
28.400000000000002,15.37677,20.8290100557058
28.400000000000002,15.57778,20.868002077017557
28.400000000000002,15.77879,20.905935287469415
28.400000000000002,15.9798,20.94386900037745
28.400000000000002,16.18081,20.980384097260888
28.400000000000002,16.38182,21.01673952641242
28.400000000000002,16.58283,21.052485688878768
28.400000000000002,16.78384,21.087382715062017
28.400000000000002,16.98485,21.122280111582526
28.400000000000002,17.18586,21.155918559356323
28.400000000000002,17.38687,21.189447251629606
28.400000000000002,17.58788,21.222426514028616
28.400000000000002,17.78889,21.254686411557884
28.400000000000002,17.9899,21.286956581630943
28.400000000000002,18.19091,21.318097557742036
28.400000000000002,18.39192,21.349168714006716
28.400000000000002,18.59293,21.379720314141863
28.400000000000002,18.79394,21.40967238052967
28.400000000000002,18.99495,21.439634649750154
28.400000000000002,19.19596,21.468567546385334
28.400000000000002,19.39697,21.497470573814038
28.400000000000002,19.59798,21.525883930302793
28.400000000000002,19.79899,21.553777613016234
28.400000000000002,20.0,21.579671896950227
28.7,0.1,1.4819114509763929
28.7,0.3010101,2.1808521358736432
28.7,0.5020202,2.5634173858653786
28.7,0.7030303,2.8685868224840414
28.7,0.9040404,3.1596213219993343
28.7,1.105051,3.433665417618229
28.7,1.306061,3.712886984071688
28.7,1.507071,4.002193308462002
28.7,1.708081,4.276821813708313
28.7,1.909091,4.564625861529865
28.7,2.110101,4.847237539955775
28.7,2.311111,5.138438544615947
28.7,2.512121,5.423691304504875
28.7,2.713131,5.7344446180405795
28.7,2.914141,6.070040645623771
28.7,3.115152,6.383600310365123
28.7,3.316162,6.711683994407968
28.7,3.517172,7.048158775593682
28.7,3.718182,7.412869724319587
28.7,3.919192,7.774835381352458
28.7,4.120202,8.163771697596198
28.7,4.321212,8.577602969742964
28.7,4.522222,9.006238825440951
28.7,4.723232,9.477335376144058
28.7,4.924242,9.94521978513329
28.7,5.125253,10.452256408611968
28.7,5.326263,10.977658670724708
28.7,5.527273,11.517704457733464
28.7,5.728283,12.078154588191174
28.7,5.929293,12.638545777193587
28.7,6.130303,13.211436317646552
28.7,6.331313,13.771404032210596
28.7,6.532323,14.328692155670753
28.7,6.733333,14.844211700864335
28.7,6.934343,15.36569705365967
28.7,7.135354,15.839572144100025
28.7,7.336364,16.275435378645952
28.7,7.537374,16.689467127447532
28.7,7.738384,17.032915418291395
28.7,7.939394,17.383180446262163
28.7,8.140404,17.669940587023532
28.7,8.341414,17.929538226466192
28.7,8.542424,18.169482823943746
28.7,8.743434,18.36398113375301
28.7,8.944444,18.562351183279404
28.7,9.145455,18.722111680320218
28.7,9.346465,18.870414398944682
28.7,9.547475,19.008073240266874
28.7,9.748485,19.125304283511525
28.7,9.949495,19.244154027358935
28.7,10.15051,19.34280711992726
28.7,10.35152,19.438282173213395
28.7,10.55253,19.52931349242211
28.7,10.75354,19.60913658595844
28.7,10.95455,19.689042185519376
28.7,11.15556,19.76091895206343
28.7,11.35657,19.830450485505104
28.7,11.55758,19.8978062988046
28.7,11.75859,19.959909915603887
28.7,11.9596,20.022025424708342
28.7,12.16061,20.079727022899366
28.7,12.36162,20.136311125642045
28.7,12.56263,20.191557345603066
28.7,12.76364,20.243868073283753
28.7,12.96465,20.296180022917145
28.7,13.16566,20.34567567561038
28.7,13.36667,20.394562805388833
28.7,13.56768,20.44251124179247
28.7,13.76869,20.488572535670357
28.7,13.9697,20.534634661021173
28.7,14.17071,20.578639243837813
28.7,14.37172,20.622284773126218
28.7,14.57273,20.665181207429974
28.7,14.77374,20.706719578281756
28.7,14.97475,20.7482485364913
28.7,15.17576,20.78813925074034
28.7,15.37677,20.827780606654265
28.7,15.57778,20.866772647314054
28.7,15.77879,20.90470606314279
28.7,15.9798,20.942639902207073
28.7,16.18081,20.979155060872678
28.7,16.38182,21.015510667611263
28.7,16.58283,21.051266821000016
28.7,16.78384,21.086163971966858
28.7,16.98485,21.121071432617196
28.7,17.18586,21.15471990833732
28.7,17.38687,21.18825870120303
28.7,17.58788,21.221237939938927
28.7,17.78889,21.253517905853403
28.7,17.9899,21.285798100244726
28.7,18.19091,21.316949083045685
28.7,18.39192,21.348040290095643
28.7,18.59293,21.378591860192937
28.7,18.79394,21.408563960678194
28.7,18.99495,21.438536232133732
28.7,19.19596,21.46747912418697
28.7,19.39697,21.496392175503985
28.7,19.59798,21.52480550016822
28.7,19.79899,21.54870011041036
28.7,20.0,21.572544825464494
29.0,0.1,1.4893721127231196
29.0,0.3010101,2.1955466878580685
29.0,0.5020202,2.5900217542907127
29.0,0.7030303,2.9090921087826755
29.0,0.9040404,3.1999714350941906
29.0,1.105051,3.5031473387021244
29.0,1.306061,3.7908984907755134
29.0,1.507071,4.096457558215153
29.0,1.708081,4.387337096827441
29.0,1.909091,4.662925149063273
29.0,2.110101,4.951540493819126
29.0,2.311111,5.25919061784712
29.0,2.512121,5.550794222370357
29.0,2.713131,5.86102508608945
29.0,2.914141,6.171793472780637
29.0,3.115152,6.492477957142478
29.0,3.316162,6.82054667598004
29.0,3.517172,7.151532237953117
29.0,3.718182,7.516130295233051
29.0,3.919192,7.880872191841847
29.0,4.120202,8.274965644584993
29.0,4.321212,8.68857002257194
29.0,4.522222,9.106255865212825
29.0,4.723232,9.572916992274886
29.0,4.924242,10.044036318517724
29.0,5.125253,10.548987171474266
29.0,5.326263,11.073310811654244
29.0,5.527273,11.59481214778284
29.0,5.728283,12.145760874984664
29.0,5.929293,12.706251753711538
29.0,6.130303,13.266400076976124
29.0,6.331313,13.82448520874812
29.0,6.532323,14.365397013163285
29.0,6.733333,14.871807243057663
29.0,6.934343,15.387370590649173
29.0,7.135354,15.84926465945531
29.0,7.336364,16.283685426879114
29.0,7.537374,16.695052188688596
29.0,7.738384,17.034761168241563
29.0,7.939394,17.378231672607804
29.0,8.140404,17.663113639311558
29.0,8.341414,17.92228480918387
29.0,8.542424,18.16633705560262
29.0,8.743434,18.3603001138999
29.0,8.944444,18.55480410101674
29.0,9.145455,18.715877997289798
29.0,9.346465,18.864171912735635
29.0,9.547475,19.005081345892712
29.0,9.748485,19.122306128041725
29.0,9.949495,19.239544413684765
29.0,10.15051,19.340481064621137
29.0,10.35152,19.436007580983617
29.0,10.55253,19.52763519024693
29.0,10.75354,19.607787869906407
29.0,10.95455,19.687693766077167
29.0,11.15556,19.759570797377634
29.0,11.35657,19.82914276606349
29.0,11.55758,19.896659750410993
29.0,11.75859,19.95881413558869
29.0,11.9596,20.020929816111195
29.0,12.16061,20.078631569651982
29.0,12.36162,20.13521601290734
29.0,12.56263,20.190483524427357
29.0,12.76364,20.24278488065345
29.0,12.96465,20.295096915574995
29.0,13.16566,20.344582647508336
29.0,13.36667,20.39347003099357
29.0,13.56768,20.441389487876634
29.0,13.76869,20.487431215353798
29.0,13.9697,20.53349337260611
29.0,14.17071,20.577507986385207
29.0,14.37172,20.621143688532975
29.0,14.57273,20.664010862405235
29.0,14.77374,20.705539509558964
29.0,14.97475,20.74706846883395
29.0,15.17576,20.786949184307826
29.0,15.37677,20.826600651455898
29.0,15.57778,20.86557320214496
29.0,15.77879,20.90350678120434
29.0,15.9798,20.941440603151094
29.0,16.18081,20.977955745793484
29.0,16.38182,21.014311417902555
29.0,16.58283,21.0500779051671
29.0,16.78384,21.084985143064063
29.0,16.98485,21.119892576684588
29.0,17.18586,21.15354102805663
29.0,17.38687,21.187089853453692
29.0,17.58788,21.220089299151436
29.0,17.78889,21.252379302556992
29.0,17.9899,21.28465946651517
29.0,18.19091,21.315810420855673
29.0,18.39192,21.34690163824415
29.0,18.59293,21.377493328254644
29.0,18.79394,21.407475435710143
29.0,18.99495,21.43744767631339
29.0,19.19596,21.46639053944562
29.0,19.39697,21.49532358532517
29.0,19.59798,21.523766972100507
29.0,19.79899,21.54969111222874
29.0,20.0,21.57354581009871
29.3,0.1,1.4987663798752
29.3,0.3010101,2.21198975366442
29.3,0.5020202,2.6182663284633794
29.3,0.7030303,2.9505402557881415
29.3,0.9040404,3.26847537899004
29.3,1.105051,3.5806223888572757
29.3,1.306061,3.888330157691126
29.3,1.507071,4.196212645896799
29.3,1.708081,4.487519515052371
29.3,1.909091,4.775845099231339
29.3,2.110101,5.06539309820223
29.3,2.311111,5.356523930854613
29.3,2.512121,5.64767277043782
29.3,2.713131,5.957244318842391
29.3,2.914141,6.267473055305313
29.3,3.115152,6.5877824729254195
29.3,3.316162,6.915617152783852
29.3,3.517172,7.246604953800635
29.3,3.718182,7.611195796717313
29.3,3.919192,7.975810833129988
29.3,4.120202,8.368547094637083
29.3,4.321212,8.780200503631006
29.3,4.522222,9.197889255214179
29.3,4.723232,9.663973799183138
29.3,4.924242,10.130078997723746
29.3,5.125253,10.627962139013702
29.3,5.326263,11.145073857298796
29.3,5.527273,11.666569686614286
29.3,5.728283,12.215981060558226
29.3,5.929293,12.765416304366537
29.3,6.130303,13.313808468418982
29.3,6.331313,13.861673215418266
29.3,6.532323,14.402591209106495
29.3,6.733333,14.907198772047865
29.3,6.934343,15.411841275379768
29.3,7.135354,15.864807847838916
29.3,7.336364,16.29272028883206
29.3,7.537374,16.704091229058943
29.3,7.738384,17.042915689169455
29.3,7.939394,17.38176742991503
29.3,8.140404,17.663788551560604
29.3,8.341414,17.921276514885026
29.3,8.542424,18.16534071660438
29.3,8.743434,18.359146336260054
29.3,8.944444,18.552965669892014
29.3,9.145455,18.713802455074145
29.3,9.346465,18.862038137969403
29.3,9.547475,19.002948586766305
29.3,9.748485,19.120165167039403
29.3,9.949495,19.237377930181307
29.3,10.15051,19.338458678360816
29.3,10.35152,19.434108144799225
29.3,10.55253,19.525746095267905
29.3,10.75354,19.605979052053883
29.3,10.95455,19.686225158226605
29.3,11.15556,19.758292955113866
29.3,11.35657,19.827965630273983
29.3,11.55758,19.89549283316981
29.3,11.75859,19.95766759405215
29.3,11.9596,20.019834058025133
29.3,12.16061,20.07755659541965
29.3,12.36162,20.13416160394637
29.3,12.56263,20.18941923564621
29.3,12.76364,20.241730891732573
29.3,12.96465,20.29403361399166
29.3,13.16566,20.343509977284125
29.3,13.36667,20.392377782275133
29.3,13.56768,20.440297295253565
29.3,13.76869,20.48633923595005
29.3,13.9697,20.532381903205053
29.3,14.17071,20.57637696870432
29.3,14.37172,20.62000295409736
29.3,14.57273,20.662870144923392
29.3,14.77374,20.704388935702337
29.3,14.97475,20.74590824815917
29.3,15.17576,20.785779269176288
29.3,15.37677,20.825420913087914
29.3,15.57778,20.864393457298497
29.3,15.77879,20.902327126125932
29.3,15.9798,20.940261178997535
29.3,16.18081,20.976776516341094
29.3,16.38182,21.013142289850553
29.3,16.58283,21.04889875766561
29.3,16.78384,21.08381604530645
29.3,16.98485,21.118723621094166
29.3,17.18586,21.152382187430497
29.3,17.38687,21.185941063281096
29.3,17.58788,21.218940482987364
29.3,17.78889,21.25124050903775
29.3,17.9899,21.28353075274777
29.3,18.19091,21.31470176747098
29.3,18.39192,21.345803002486626
29.3,18.59293,21.37639466436053
29.3,18.79394,21.40638677504907
29.3,18.99495,21.436379051754912
29.3,19.19596,21.465331937645793
29.3,19.39697,21.49427498052238
29.3,19.59798,21.522718339477525
29.3,19.79899,21.5506620117479
29.3,20.0,21.57859581340961
29.6,0.1,1.5105949072660803
29.6,0.3010101,2.231599167977093
29.6,0.5020202,2.6511345774329382
29.6,0.7030303,2.996987207312427
29.6,0.9040404,3.322160444719536
29.6,1.105051,3.6486728764757146
29.6,1.306061,3.961874937498863
29.6,1.507071,4.271086439954171
29.6,1.708081,4.563083893768644
29.6,1.909091,4.8543799114862
29.6,2.110101,5.148433452113617
29.6,2.311111,5.445972219585613
29.6,2.512121,5.7374645824439225
29.6,2.713131,6.04703598474747
29.6,2.914141,6.357762831465065
29.6,3.115152,6.678735316196219
29.6,3.316162,7.007293344106249
29.6,3.517172,7.338285078340892
29.6,3.718182,7.702858417110276
29.6,3.919192,8.067253243861131
29.6,4.120202,8.458609059390696
29.6,4.321212,8.868328269551101
29.6,4.522222,9.286019775527231
29.6,4.723232,9.75155118110096
29.6,4.924242,10.212851950573686
29.6,5.125253,10.704022486421755
29.6,5.326263,11.214286781277321
29.6,5.527273,11.735796653683208
29.6,5.728283,12.283740765084096
29.6,5.929293,12.82274387755084
29.6,6.130303,13.360051320288342
29.6,6.331313,13.898245938688843
29.6,6.532323,14.439169442035826
29.6,6.733333,14.942063336285111
29.6,6.934343,15.43631285657582
29.6,7.135354,15.880729095726224
29.6,7.336364,16.302360727339234
29.6,7.537374,16.713735568504152
29.6,7.738384,17.051694881455685
29.6,7.939394,17.385985836681677
29.6,8.140404,17.665104847560453
29.6,8.341414,17.920868858768266
29.6,8.542424,18.164925003796448
29.6,8.743434,18.35857318515974
29.6,8.944444,18.551627944450086
29.6,9.145455,18.712158236261164
29.6,9.346465,18.860316257492048
29.6,9.547475,19.001227646739665
29.6,9.748485,19.11843549746593
29.6,9.949495,19.235620843795502
29.6,10.15051,19.336724469884448
29.6,10.35152,19.432416188989553
29.6,10.55253,19.52404457912307
29.6,10.75354,19.604348203811178
29.6,10.95455,19.684795715665295
29.6,11.15556,19.757024670265977
29.6,11.35657,19.82680817404502
29.6,11.55758,19.894335605646862
29.6,11.75859,19.95653075934615
29.6,11.9596,20.01877803886521
29.6,12.16061,20.076531359496503
29.6,12.36162,20.133156932858633
29.6,12.56263,20.18841469192041
29.6,12.76364,20.24071664681172
29.6,12.96465,20.293030034686318
29.6,13.16566,20.342487010787433
29.6,13.36667,20.391355228656305
29.6,13.56768,20.439274805611387
29.6,13.76869,20.48530696131248
29.6,13.9697,20.53133012611435
29.6,14.17071,20.575305637407705
29.6,14.37172,20.61892190540144
29.6,14.57273,20.66177912032047
29.6,14.77374,20.703298059456237
29.6,14.97475,20.744807722745815
29.6,15.17576,20.784669050992314
29.6,15.37677,20.82430087555699
29.6,15.57778,20.863273420183962
29.6,15.77879,20.90119718494874
29.6,15.9798,20.939121473320647
29.6,16.18081,20.975647010561183
29.6,16.38182,21.01200289107246
29.6,16.58283,21.047769345681754
29.6,16.78384,21.082686690180694
29.6,16.98485,21.117594414285147
29.6,17.18586,21.151263102939893
29.6,17.38687,21.184832035307068
29.6,17.58788,21.21783143412913
29.6,17.78889,21.25013148853575
29.6,17.9899,21.28244181880772
29.6,18.19091,21.313612900968852
29.6,18.39192,21.344734159188924
29.6,18.59293,21.375315797264165
29.6,18.79394,21.405317916749127
29.6,18.99495,21.435320236627216
29.6,19.19596,21.464303148395054
29.6,19.39697,21.493246191893743
29.6,19.59798,21.521699526644205
29.6,19.79899,21.547633644456543
29.6,20.0,21.571508347955113
29.900000000000002,0.1,1.524305987259359
29.900000000000002,0.3010101,2.255083638890935
29.900000000000002,0.5020202,2.6857638923093536
29.900000000000002,0.7030303,3.0504459480649393
29.900000000000002,0.9040404,3.3879559213247132
29.900000000000002,1.105051,3.691938963458745
29.900000000000002,1.306061,4.005167440385866
29.900000000000002,1.507071,4.3382704373661465
29.900000000000002,1.708081,4.64376997614854
29.900000000000002,1.909091,4.935623953569414
29.900000000000002,2.110101,5.229535256947761
29.900000000000002,2.311111,5.5270783388007425
29.900000000000002,2.512121,5.82532730032451
29.900000000000002,2.713131,6.136425697806084
29.900000000000002,2.914141,6.447157030476503
29.900000000000002,3.115152,6.768133440100937
29.900000000000002,3.316162,7.096757597417285
29.900000000000002,3.517172,7.428896056945783
29.900000000000002,3.718182,7.79314736984825
29.900000000000002,3.919192,8.15754646161236
29.900000000000002,4.120202,8.548904560091724
29.900000000000002,4.321212,8.958397857646144
29.900000000000002,4.522222,9.372038549028469
29.900000000000002,4.723232,9.831505607722358
29.900000000000002,4.924242,10.292803573367065
29.900000000000002,5.125253,10.78397775609372
29.900000000000002,5.326263,11.293222521150273
29.900000000000002,5.527273,11.801409338495537
29.900000000000002,5.728283,12.336788353033535
29.900000000000002,5.929293,12.875796568173104
29.900000000000002,6.130303,13.413109692940337
29.900000000000002,6.331313,13.949528906334269
29.900000000000002,6.532323,14.472169783164246
29.900000000000002,6.733333,14.963061753956879
29.900000000000002,6.934343,15.457316232448587
29.900000000000002,7.135354,15.901737371155965
29.900000000000002,7.336364,16.321994763030485
29.900000000000002,7.537374,16.721783297349404
29.900000000000002,7.738384,17.0546529439086
29.900000000000002,7.939394,17.388956734472604
29.900000000000002,8.140404,17.668068313882625
29.900000000000002,8.341414,17.923385721866104
29.900000000000002,8.542424,18.1643015158109
29.900000000000002,8.743434,18.357105472820617
29.900000000000002,8.944444,18.550161563989274
29.900000000000002,9.145455,18.710693019245646
29.900000000000002,9.346465,18.858822518812595
29.900000000000002,9.547475,18.999557961247966
29.900000000000002,9.748485,19.116738398912005
29.900000000000002,9.949495,19.233924426050827
29.900000000000002,10.15051,19.335028658969115
29.900000000000002,10.35152,19.430731549703488
29.900000000000002,10.55253,19.522503586863042
29.900000000000002,10.75354,19.602988640813187
29.900000000000002,10.95455,19.683436478125515
29.900000000000002,11.15556,19.755665721168466
29.900000000000002,11.35657,19.825489724725788
29.900000000000002,11.55758,19.893228700172642
29.900000000000002,11.75859,19.955494631041844
29.900000000000002,11.9596,20.01774208927367
29.900000000000002,12.16061,20.075495572212734
29.900000000000002,12.36162,20.132131489344285
29.900000000000002,12.56263,20.187420439029204
29.900000000000002,12.76364,20.23973299146276
29.900000000000002,12.96465,20.292036475477378
29.900000000000002,13.16566,20.341503539732866
29.900000000000002,13.36667,20.390362012405706
29.900000000000002,13.56768,20.43825253679031
29.900000000000002,13.76869,20.48427511447807
29.900000000000002,13.9697,20.53028832439794
29.900000000000002,14.17071,20.57426387754888
29.900000000000002,14.37172,20.617880325544885
29.900000000000002,14.57273,20.66070825091606
29.900000000000002,14.77374,20.702207468685682
29.900000000000002,14.97475,20.74371714530203
29.900000000000002,15.17576,20.783578486074035
29.900000000000002,15.37677,20.823200432396387
29.900000000000002,15.57778,20.862163484171685
29.900000000000002,15.77879,20.900087420595977
29.900000000000002,15.9798,20.938011703847987
29.900000000000002,16.18081,20.97452723590324
29.900000000000002,16.38182,21.010893192375992
29.900000000000002,16.58283,21.046659992469905
29.900000000000002,16.78384,21.08156743402299
29.900000000000002,16.98485,21.11648514206502
29.900000000000002,17.18586,21.150153815261106
29.900000000000002,17.38687,21.18372279034005
29.900000000000002,17.58788,21.216742412451246
29.900000000000002,17.78889,21.2490525149447
29.900000000000002,17.9899,21.281352823458075
29.900000000000002,18.19091,21.312533885084612
29.900000000000002,18.39192,21.34365516261613
29.900000000000002,18.59293,21.374266935812077
29.900000000000002,18.79394,21.40427907125444
29.900000000000002,18.99495,21.434281367533092
29.900000000000002,19.19596,21.46325425722219
29.900000000000002,19.39697,21.492207301830927
29.900000000000002,19.59798,21.520690711035172
29.900000000000002,19.79899,21.544605284337013
29.900000000000002,20.0,21.568479959864835
30.2,0.1,1.5394037842302968
30.2,0.3010101,2.2817606479373445
30.2,0.5020202,2.726960757554891
30.2,0.7030303,3.0824383209484356
30.2,0.9040404,3.450232586979013
30.2,1.105051,3.758732294615677
30.2,1.306061,4.076621260364569
30.2,1.507071,4.410437982261872
30.2,1.708081,4.718870774301796
30.2,1.909091,5.0172291543790255
30.2,2.110101,5.312161302130177
30.2,2.311111,5.611071858620528
30.2,2.512121,5.910180900250792
30.2,2.713131,6.2220678868376655
30.2,2.914141,6.534340148737737
30.2,3.115152,6.8553905317411505
30.2,3.316162,7.184968050063744
30.2,3.517172,7.517506206482835
30.2,3.718182,7.881584923859233
30.2,3.919192,8.245716256584744
30.2,4.120202,8.636859859177324
30.2,4.321212,9.044190572697403
30.2,4.522222,9.456985719536517
30.2,4.723232,9.913579420940483
30.2,4.924242,10.370762766062493
30.2,5.125253,10.860987619352356
30.2,5.326263,11.362673210297777
30.2,5.527273,11.868085779853084
30.2,5.728283,12.397130015697266
30.2,5.929293,12.927650031384381
30.2,6.130303,13.463327850638382
30.2,6.331313,13.988876784020263
30.2,6.532323,14.507800946067634
30.2,6.733333,14.992130174795683
30.2,6.934343,15.478181387779046
30.2,7.135354,15.92129840936966
30.2,7.336364,16.334185989562236
30.2,7.537374,16.73165000088605
30.2,7.738384,17.061457323884984
30.2,7.939394,17.392158780411005
30.2,8.140404,17.670843855569608
30.2,8.341414,17.923968176506236
30.2,8.542424,18.164247148565025
30.2,8.743434,18.356455349444108
30.2,8.944444,18.54886562191384
30.2,9.145455,18.709368701320287
30.2,9.346465,18.857341277098723
30.2,9.547475,18.998038140767676
30.2,9.748485,19.11519049591221
30.2,9.949495,19.23236836060782
30.2,10.15051,19.333473651455503
30.2,10.35152,19.429198869592586
30.2,10.55253,19.520971774832365
30.2,10.75354,19.60156812166614
30.2,10.95455,19.682117148666322
30.2,11.15556,19.75438689810208
30.2,11.35657,19.824341925002976
30.2,11.55758,19.892111294389395
30.2,11.75859,19.95442793162024
30.2,11.9596,20.01673601316857
30.2,12.16061,20.07449984332343
30.2,12.36162,20.131156497156642
30.2,12.56263,20.186465687880144
30.2,12.76364,20.23876880225379
30.2,12.96465,20.291082752841177
30.2,13.16566,20.340540071019117
30.2,13.36667,20.38938911205542
30.2,13.56768,20.43727978593171
30.2,13.76869,20.48328279394391
30.2,13.9697,20.529296336534873
30.2,14.17071,20.573262072233376
30.2,14.37172,20.61684893851424
30.2,14.57273,20.659676947581463
30.2,14.77374,20.701166479911276
30.2,14.97475,20.742666381486924
30.2,15.17576,20.78251784692901
30.2,15.37677,20.822130086658905
30.2,15.57778,20.861093177421175
30.2,15.77879,20.89900733317561
30.2,15.9798,20.936921759197777
30.2,16.18081,20.973447371661663
30.2,16.38182,21.0098035235872
30.2,16.58283,21.045570333734542
30.2,16.78384,21.08048792097168
30.2,16.98485,21.115405712309784
30.2,17.18586,21.149074432771293
30.2,17.38687,21.1826435309495
30.2,17.58788,21.215673146210857
30.2,17.78889,21.24798333876762
30.2,17.9899,21.280293690676533
30.2,18.19091,21.311474776233037
30.2,18.39192,21.342606125419096
30.2,18.59293,21.37322788263228
30.2,18.79394,21.403240069334974
30.2,18.99495,21.433252382833192
30.2,19.19596,21.462235281108665
30.2,19.39697,21.491198363987767
30.2,19.59798,21.519681753288182
30.2,19.79899,21.547645446973185
30.2,20.0,21.57357969091908
30.5,0.1,1.5561252935797707
30.5,0.3010101,2.3115010792230337
30.5,0.5020202,2.7712576338162256
30.5,0.7030303,3.152472974810007
30.5,0.9040404,3.504833708397041
30.5,1.105051,3.799715413895181
30.5,1.306061,4.136313130270606
30.5,1.507071,4.482536490345315
30.5,1.708081,4.792847616006152
30.5,1.909091,5.092280254968633
30.5,2.110101,5.394006384980499
30.5,2.311111,5.694625870730252
30.5,2.512121,5.99373655510596
30.5,2.713131,6.305625942734329
30.5,2.914141,6.618895539152806
30.5,3.115152,6.942279186097216
30.5,3.316162,7.272178340501845
30.5,3.517172,7.604718392402648
30.5,3.718182,7.968800735001344
30.5,3.919192,8.332653548640218
30.5,4.120202,8.72111580854714
30.5,4.321212,9.12757593739278
30.5,4.522222,9.540373968007676
30.5,4.723232,9.996970950470903
30.5,4.924242,10.450719649798966
30.5,5.125253,10.929063764831117
30.5,5.326263,11.42800565941422
30.5,5.527273,11.9334223305187
30.5,5.728283,12.462481595232052
30.5,5.929293,12.985364936273822
30.5,6.130303,13.501951707927384
30.5,6.331313,14.023854323026123
30.5,6.532323,14.54279366928803
30.5,6.733333,15.027128516978998
30.5,6.934343,15.505096631007738
30.5,7.135354,15.933386690420141
30.5,7.336364,16.343970050982083
30.5,7.537374,16.741437691020348
30.5,7.738384,17.071248440102195
30.5,7.939394,17.39804817784611
30.5,8.140404,17.671454870884666
30.5,8.341414,17.92394252164504
30.5,8.542424,18.164223305524395
30.5,8.743434,18.356433093304155
30.5,8.944444,18.548068038937842
30.5,9.145455,18.707896752703515
30.5,9.346465,18.855810842635766
30.5,9.547475,18.99650857909624
30.5,9.748485,19.11366169157101
30.5,9.949495,19.230821723027695
30.5,10.15051,19.33197040591006
30.5,10.35152,19.427716471820027
30.5,10.55253,19.519489821976467
30.5,10.75354,19.6000765637457
30.5,10.95455,19.68077715748384
30.5,11.15556,19.753258713206144
30.5,11.35657,19.823244162499385
30.5,11.55758,19.891013768340688
30.5,11.75859,19.95333061920456
30.5,11.9596,20.015719580734117
30.5,12.16061,20.073554580736804
30.5,12.36162,20.130221486326363
30.5,12.56263,20.18553081141868
30.5,12.76364,20.23783405017946
30.5,12.96465,20.290158703979056
30.5,13.16566,20.339606933645932
30.5,13.36667,20.388456130772084
30.5,13.56768,20.4363468770254
30.5,13.76869,20.48234995464973
30.5,13.9697,20.52833405571187
30.5,14.17071,20.572270473687674
30.5,14.37172,20.615857429944874
30.5,14.57273,20.658685474350275
30.5,14.77374,20.700175039637582
30.5,14.97475,20.741645366707278
30.5,15.17576,20.78147731843829
30.5,15.37677,20.821089602600754
30.5,15.57778,20.860052703748153
30.5,15.77879,20.897966870046616
30.5,15.9798,20.935871605041076
30.5,16.18081,20.972387547964644
30.5,16.38182,21.008743715296628
30.5,16.58283,21.04451052102933
30.5,16.78384,21.079428103521188
30.5,16.98485,21.114346110408196
30.5,17.18586,21.148025045204456
30.5,17.38687,21.18159413992437
30.5,17.58788,21.21461374249777
30.5,17.78889,21.246933922615952
30.5,17.9899,21.279254417457555
30.5,18.19091,21.310455635588696
30.5,18.39192,21.34158697150644
30.5,18.59293,21.37219871176635
30.5,18.79394,21.40222088191354
30.5,18.99495,21.43224328793171
30.5,19.19596,21.461246267870376
30.5,19.39697,21.490209332687048
30.5,19.59798,21.51869270311494
30.5,19.79899,21.54665637847709
30.5,20.0,21.570581128370105
30.8,0.1,1.5755336109804008
30.8,0.3010101,2.3432648189382306
30.8,0.5020202,2.8166455115958433
30.8,0.7030303,3.208353802747818
30.8,0.9040404,3.5729476417263646
30.8,1.105051,3.9152041468578673
30.8,1.306061,4.2388220300253225
30.8,1.507071,4.562550759623524
30.8,1.708081,4.869783443544897
30.8,1.909091,5.171539420135332
30.8,2.110101,5.4732691549032095
30.8,2.311111,5.774905956010287
30.8,2.512121,6.076551459114372
30.8,2.713131,6.390197748308064
30.8,2.914141,6.704274789826068
30.8,3.115152,7.027662129985675
30.8,3.316162,7.358000070633504
30.8,3.517172,7.691195908317061
30.8,3.718182,8.054856283427265
30.8,3.919192,8.41853871150413
30.8,4.120202,8.807004251544223
30.8,4.321212,9.212140632394195
30.8,4.522222,9.622470894295917
30.8,4.723232,10.074431316783528
30.8,4.924242,10.526416846042428
30.8,5.125253,11.004764714048727
30.8,5.326263,11.499067045676835
30.8,5.527273,11.9967875491939
30.8,5.728283,12.516217610282832
30.8,5.929293,13.03567080404684
30.8,6.130303,13.552272980045919
30.8,6.331313,14.067327579103821
30.8,6.532323,14.575928073888862
30.8,6.733333,15.050710709015462
30.8,6.934343,15.525514220943851
30.8,7.135354,15.953808843909497
30.8,7.336364,16.35954038464105
30.8,7.537374,16.750367279963438
30.8,7.738384,17.07580728686662
30.8,7.939394,17.40127150475303
30.8,8.140404,17.674690596566812
30.8,8.341414,17.925643693695648
30.8,8.542424,18.164040577234893
30.8,8.743434,18.355425323235675
30.8,8.944444,18.54682250763229
30.8,9.145455,18.706642337942483
30.8,9.346465,18.85441899926701
30.8,9.547475,18.994969554334354
30.8,9.748485,19.112124871389902
30.8,9.949495,19.229275931389765
30.8,10.15051,19.330425188779866
30.8,10.35152,19.426212928852348
30.8,10.55253,19.518058140462024
30.8,10.75354,19.59878643031251
30.8,10.95455,19.679507625993327
30.8,11.15556,19.751989474810188
30.8,11.35657,19.82206580495428
30.8,11.55758,19.88994638252527
30.8,11.75859,19.952344073074666
30.8,11.9596,20.014743349925634
30.8,12.16061,20.072588516179785
30.8,12.36162,20.129276035333415
30.8,12.56263,20.184616043725214
30.8,12.76364,20.23692991850347
30.8,12.96465,20.28924476900139
30.8,13.16566,20.338693094596273
30.8,13.36667,20.38753276787975
30.8,13.56768,20.435414037655196
30.8,13.76869,20.48140759826104
30.8,13.9697,20.52739181896969
30.8,14.17071,20.57132828782271
30.8,14.37172,20.61489560513942
30.8,14.57273,20.657704036374707
30.8,14.77374,20.699173953668872
30.8,14.97475,20.740644346067754
30.8,15.17576,20.78047632037196
30.8,15.37677,20.82007886616894
30.8,15.57778,20.859022240464963
30.8,15.77879,20.896926651858198
30.8,15.9798,20.934841415574176
30.8,16.18081,20.971347362899163
30.8,16.38182,21.007703711906252
30.8,16.58283,21.043470700944216
30.8,16.78384,21.078388446776962
30.8,16.98485,21.11329645886207
30.8,17.18586,21.14697538634005
30.8,17.38687,21.180554601690886
30.8,17.58788,21.21358432135093
30.8,17.78889,21.245904604284778
30.8,17.9899,21.278225091106364
30.8,18.19091,21.30942629583368
30.8,18.39192,21.34056770773214
30.8,18.59293,21.37118951993164
30.8,18.79394,21.401221753377406
30.8,18.99495,21.431244144410527
30.8,19.19596,21.460247107906774
30.8,19.39697,21.489230221159946
30.8,19.59798,21.51572409243032
30.8,19.79899,21.539628717752844
30.8,20.0,21.56352343330926
31.1,0.1,1.5967134326470558
31.1,0.3010101,2.3784328823695926
31.1,0.5020202,2.865035191179472
31.1,0.7030303,3.264799977853973
31.1,0.9040404,3.63143012539725
31.1,1.105051,3.9339094341147165
31.1,1.306061,4.277401883359188
31.1,1.507071,4.6288369587139595
31.1,1.708081,4.945541640170539
31.1,1.909091,5.249625016435772
31.1,2.110101,5.551358076420485
31.1,2.311111,5.853943777465523
31.1,2.512121,6.157947475522886
31.1,2.713131,6.473094409159629
31.1,2.914141,6.787868862816699
31.1,3.115152,7.111258763808858
31.1,3.316162,7.441930300604839
31.1,3.517172,7.7756089215118775
31.1,3.718182,8.138739205487148
31.1,3.919192,8.502207580588763
31.1,4.120202,8.890676364359292
31.1,4.321212,9.294464081855903
31.1,4.522222,9.702296491405107
31.1,4.723232,10.149681803233461
31.1,4.924242,10.599912056869558
31.1,5.125253,11.078263625465192
31.1,5.326263,11.568047672554721
31.1,5.527273,12.058283942246268
31.1,5.728283,12.568416161510264
31.1,5.929293,13.084559565914427
31.1,6.130303,13.6011569756285
31.1,6.331313,14.109613724583268
31.1,6.532323,14.608245576728779
31.1,6.733333,15.073795530614372
31.1,6.934343,15.545554214199424
31.1,7.135354,15.973843276524024
31.1,7.336364,16.374872567638736
31.1,7.537374,16.759248211305763
31.1,7.738384,17.08040703943474
31.1,7.939394,17.40456559259432
31.1,8.140404,17.67797706234396
31.1,8.341414,17.927425424207023
31.1,8.542424,18.16394818422388
31.1,8.743434,18.35447768496121
31.1,8.944444,18.545637054208903
31.1,9.145455,18.70546799880672
31.1,9.346465,18.853087212006354
31.1,9.547475,18.993460562741642
31.1,9.748485,19.110618054784
31.1,9.949495,19.227770136224738
31.1,10.15051,19.32891997082012
31.1,10.35152,19.424759267268715
31.1,10.55253,19.516696222365134
31.1,10.75354,19.597536028733085
31.1,10.95455,19.678287825487917
31.1,11.15556,19.750779978521525
31.1,11.35657,19.820937215951066
31.1,11.55758,19.88891878833848
31.1,11.75859,19.951387333729823
31.1,11.9596,20.013806933674033
31.1,12.16061,20.071652273137413
31.1,12.36162,20.12837039880434
31.1,12.56263,20.183731082379285
31.1,12.76364,20.236065577268587
31.1,12.96465,20.28838062772508
31.1,13.16566,20.337829054628415
31.1,13.36667,20.386669192728228
31.1,13.56768,20.434530974149943
31.1,13.76869,20.48050500664502
31.1,13.9697,20.526489350347507
31.1,14.17071,20.57042587553481
31.1,14.37172,20.613983547996288
31.1,14.57273,20.656772360065798
31.1,14.77374,20.698222625810896
31.1,14.97475,20.739693087710304
31.1,15.17576,20.779525089219426
31.1,15.37677,20.819107897087992
31.1,15.57778,20.858041543539624
31.1,15.77879,20.89593620177165
31.1,15.9798,20.933840999053036
31.1,16.18081,20.970356954124124
31.1,16.38182,21.00670348794292
31.1,16.58283,21.042460663425512
31.1,16.78384,21.077378575595297
31.1,16.98485,21.112296598188074
31.1,17.18586,21.145965522738262
31.1,17.38687,21.179544862206956
31.1,17.58788,21.2125747033809
31.1,17.78889,21.24490509368186
31.1,17.9899,21.27722557644375
31.1,18.19091,21.308426771478494
31.1,18.39192,21.339568262862674
31.1,18.59293,21.3702101486524
31.1,18.79394,21.400242445449045
31.1,18.99495,21.43027482478499
31.1,19.19596,21.459277775292435
31.1,19.39697,21.48826093418008
31.1,19.59798,21.51676438698203
31.1,19.79899,21.544758130575318
31.1,20.0,21.5686728520868
31.400000000000002,0.1,1.6221005163754616
31.400000000000002,0.3010101,2.41815369189626
31.400000000000002,0.5020202,2.915182876988671
31.400000000000002,0.7030303,3.3249949368322227
31.400000000000002,0.9040404,3.6992541219090374
31.400000000000002,1.105051,4.024902465761803
31.400000000000002,1.306061,4.353011448060698
31.400000000000002,1.507071,4.706717517653662
31.400000000000002,1.708081,5.01855861750991
31.400000000000002,1.909091,5.323713674481713
31.400000000000002,2.110101,5.630581953433871
31.400000000000002,2.311111,5.934824856594376
31.400000000000002,2.512121,6.238828456401019
31.400000000000002,2.713131,6.5539783525002555
31.400000000000002,2.914141,6.869604366343339
31.400000000000002,3.115152,7.194748637850249
31.400000000000002,3.316162,7.525666088081101
31.400000000000002,3.517172,7.859347521088689
31.400000000000002,3.718182,8.222480320023426
31.400000000000002,3.919192,8.58557726819995
31.400000000000002,4.120202,8.971118134283081
31.400000000000002,4.321212,9.37401909951414
31.400000000000002,4.522222,9.781854523731555
31.400000000000002,4.723232,10.229236250610994
31.400000000000002,4.924242,10.676103283790846
31.400000000000002,5.125253,11.143051574498006
31.400000000000002,5.326263,11.630152677760966
31.400000000000002,5.527273,12.120402981748429
31.400000000000002,5.728283,12.63054003139718
31.400000000000002,5.929293,13.139388107056767
31.400000000000002,6.130303,13.638177208744317
31.400000000000002,6.331313,14.143127430020183
31.400000000000002,6.532323,14.641764101888056
31.400000000000002,6.733333,15.107319217081583
31.400000000000002,6.934343,15.57139419228969
31.400000000000002,7.135354,15.985735029531003
31.400000000000002,7.336364,16.384529687512565
31.400000000000002,7.537374,16.7689187229563
31.400000000000002,7.738384,17.090080759838976
31.400000000000002,7.939394,17.410447014065436
31.400000000000002,8.140404,17.678749270078335
31.400000000000002,8.341414,17.927560814093948
31.400000000000002,8.542424,18.16407530918299
31.400000000000002,8.743434,18.354616328787397
31.400000000000002,8.944444,18.544970057586852
31.400000000000002,9.145455,18.70403639035362
31.400000000000002,9.346465,18.851597087189724
31.400000000000002,9.547475,18.9919812887771
31.400000000000002,9.748485,19.109129522555442
31.400000000000002,9.949495,19.226283707313762
31.400000000000002,10.15051,19.327526491237958
31.400000000000002,10.35152,19.42337659766245
31.400000000000002,10.55253,19.515314001438664
31.400000000000002,10.75354,19.596154205380074
31.400000000000002,10.95455,19.67703751052339
31.400000000000002,11.15556,19.749711478190747
31.400000000000002,11.35657,19.81989914857169
31.400000000000002,11.55758,19.88788096477608
31.400000000000002,11.75859,19.950359728164845
31.400000000000002,11.9596,20.0128502235664
31.400000000000002,12.16061,20.070766708345104
31.400000000000002,12.36162,20.12750508977323
31.400000000000002,12.56263,20.18286591272681
31.400000000000002,12.76364,20.23519053844333
31.400000000000002,12.96465,20.28752626399114
31.400000000000002,13.16566,20.33697555015117
31.400000000000002,13.36667,20.38580584854408
31.400000000000002,13.56768,20.433677710120026
31.400000000000002,13.76869,20.479641818555013
31.400000000000002,13.9697,20.525606698354473
31.400000000000002,14.17071,20.569513874613516
31.400000000000002,14.37172,20.613071643129402
31.400000000000002,14.57273,20.65586049805667
31.400000000000002,14.77374,20.697310805233393
31.400000000000002,14.97475,20.73875168218568
31.400000000000002,15.17576,20.778564158561302
31.400000000000002,15.37677,20.818147018083987
31.400000000000002,15.57778,20.857080683861366
31.400000000000002,15.77879,20.894975359424482
31.400000000000002,15.9798,20.932870466290684
31.400000000000002,16.18081,20.969366753228318
31.400000000000002,16.38182,21.005713309397947
31.400000000000002,16.58283,21.041470488880467
31.400000000000002,16.78384,21.076388403852427
31.400000000000002,16.98485,21.111296647256342
31.400000000000002,17.18586,21.14497579368201
31.400000000000002,17.38687,21.178555136987093
31.400000000000002,17.58788,21.21158497291479
31.400000000000002,17.78889,21.243905357332967
31.400000000000002,17.9899,21.27623599166153
31.400000000000002,18.19091,21.307447327569687
31.400000000000002,18.39192,21.338598811983736
31.400000000000002,18.59293,21.36923068703321
31.400000000000002,18.79394,21.399272973254938
31.400000000000002,18.99495,21.429305449887003
31.400000000000002,19.19596,21.45832848143358
31.400000000000002,19.39697,21.487311627946475
31.400000000000002,19.59798,21.51581506751114
31.400000000000002,19.79899,21.543808798238015
31.400000000000002,20.0,21.569773115290662
31.7,0.1,1.6493286840632102
31.7,0.3010101,2.4615053758376404
31.7,0.5020202,2.96933977738491
31.7,0.7030303,3.382573961651684
31.7,0.9040404,3.764321465756203
31.7,1.105051,4.099419107985547
31.7,1.306061,4.44735313062801
31.7,1.507071,4.779323312397252
31.7,1.708081,5.091960364339866
31.7,1.909091,5.400019372727321
31.7,2.110101,5.707364172020451
31.7,2.311111,6.013395884382383
31.7,2.512121,6.318535128891387
31.7,2.713131,6.634319577150796
31.7,2.914141,6.951176844758688
31.7,3.115152,7.276359689096613
31.7,3.316162,7.607758279858838
31.7,3.517172,7.941642771510126
31.7,3.718182,8.304418160035397
31.7,3.919192,8.666962496472737
31.7,4.120202,9.052279532734278
31.7,4.321212,9.452914445014406
31.7,4.522222,9.859863545051912
31.7,4.723232,10.304485053763447
31.7,4.924242,10.747377369519524
31.7,5.125253,11.213447223242978
31.7,5.326263,11.693554718931239
31.7,5.527273,12.181232618507316
31.7,5.728283,12.685657062004406
31.7,5.929293,13.186849933455141
31.7,6.130303,13.684173450395077
31.7,6.331313,14.179404544973275
31.7,6.532323,14.674724517677223
31.7,6.733333,15.134375996159367
31.7,6.934343,15.591066902747695
31.7,7.135354,16.004242845032916
31.7,7.336364,16.396306299694515
31.7,7.537374,16.77856019529323
31.7,7.738384,17.096849025426945
31.7,7.939394,17.413842053588223
31.7,8.140404,17.681717475905756
31.7,8.341414,17.928395289407213
31.7,8.542424,18.164302714894962
31.7,8.743434,18.354217455794213
31.7,8.944444,18.54388484358067
31.7,9.145455,18.702902744972256
31.7,9.346465,18.850216476859536
31.7,9.547475,18.990532069822088
31.7,9.748485,19.107682107622434
31.7,9.949495,19.224828022993428
31.7,10.15051,19.326091697353792
31.7,10.35152,19.422023575756427
31.7,10.55253,19.513981732292066
31.7,10.75354,19.59491314256914
31.7,10.95455,19.67586756150189
31.7,11.15556,19.748572055663974
31.7,11.35657,19.818870796083573
31.7,11.55758,19.886873027909942
31.7,11.75859,19.949402517139546
31.7,11.9596,20.011943654562472
31.7,12.16061,20.06988047899746
31.7,12.36162,20.12664956131929
31.7,12.56263,20.18202063070329
31.7,12.76364,20.23435577962397
31.7,12.96465,20.286701943610208
31.7,13.16566,20.33615147625016
31.7,13.36667,20.384972299113947
31.7,13.56768,20.432844314589474
31.7,13.76869,20.478798826183677
31.7,13.9697,20.52476402189766
31.7,14.17071,20.56866138013168
31.7,14.37172,20.612189545170228
31.7,14.57273,20.654978493460774
31.7,14.77374,20.69640910580149
31.7,14.97475,20.737850205538916
31.7,15.17576,20.777642813743917
31.7,15.37677,20.81721596337774
31.7,15.57778,20.856149680831404
31.7,15.77879,20.894034579397253
31.7,15.9798,20.931909836688448
31.7,16.18081,20.968406215997707
31.7,16.38182,21.004742975590514
31.7,16.58283,21.040500178161473
31.7,16.78384,21.07541825052459
31.7,16.98485,21.110326589564814
31.7,17.18586,21.144005796455712
31.7,17.38687,21.17758527678248
31.7,17.58788,21.21061511808359
31.7,17.78889,21.24293560813319
31.7,17.9899,21.275266299626974
31.7,18.19091,21.306477672863174
31.7,18.39192,21.33763924427622
31.7,18.59293,21.368271114472027
31.7,18.79394,21.398313466918335
31.7,18.99495,21.42835597370442
31.7,19.19596,21.457379024127718
31.7,19.39697,21.486382219225245
31.7,19.59798,21.5148756484499
31.7,19.79899,21.538840312182
31.7,20.0,21.562755073656856
32.0,0.1,1.6806691860199603
32.0,0.3010101,2.507935853378105
32.0,0.5020202,3.0257571657630513
32.0,0.7030303,3.4448648063574234
32.0,0.9040404,3.823093114754321
32.0,1.105051,4.134696041774381
32.0,1.306061,4.484861305153232
32.0,1.507071,4.844391229365113
32.0,1.708081,5.167183903939428
32.0,1.909091,5.47576337690813
32.0,2.110101,5.783109926775338
32.0,2.311111,6.089142107923181
32.0,2.512121,6.396872496975035
32.0,2.713131,6.714556690243486
32.0,2.914141,7.031416779256615
32.0,3.115152,7.35660304861173
32.0,3.316162,7.688036320381647
32.0,3.517172,8.022416714704624
32.0,3.718182,8.384315844028391
32.0,3.919192,8.746863340257637
32.0,4.120202,9.132183653458899
32.0,4.321212,9.532579640819131
32.0,4.522222,9.935375299909763
32.0,4.723232,10.374324471374718
32.0,4.924242,10.817220192209252
32.0,5.125253,11.283293786015804
32.0,5.326263,11.762512921436139
32.0,5.527273,12.238439286649008
32.0,5.728283,12.732175383015644
32.0,5.929293,13.233382806339726
32.0,6.130303,13.73071126360373
32.0,6.331313,14.22448671768059
32.0,6.532323,14.704296986725995
32.0,6.733333,15.153815634749048
32.0,6.934343,15.61051073773673
32.0,7.135354,16.023680822890093
32.0,7.336364,16.414579108481238
32.0,7.537374,16.786634428000696
32.0,7.738384,17.10030199333674
32.0,7.939394,17.417307512411085
32.0,8.140404,17.68518520300484
32.0,8.341414,17.93142599169564
32.0,8.542424,18.164221708418616
32.0,8.743434,18.353191106798945
32.0,8.944444,18.542869732788166
32.0,9.145455,18.70188872402893
32.0,9.346465,18.849133940896845
32.0,9.547475,18.98912361002636
32.0,9.748485,19.106255829906512
32.0,9.949495,19.223412387247958
32.0,10.15051,19.324676626140807
32.0,10.35152,19.420619346332515
32.0,10.55253,19.512729997133327
32.0,10.75354,19.593772765737274
32.0,10.95455,19.674727529526855
32.0,11.15556,19.747432330853528
32.0,11.35657,19.81776158070837
32.0,11.55758,19.885925367565374
32.0,11.75859,19.948515649534478
32.0,11.9596,20.011066982670318
32.0,12.16061,20.068993985184065
32.0,12.36162,20.125783400511413
32.0,12.56263,20.181205544881404
32.0,12.76364,20.23356122874915
32.0,12.96465,20.28589750875514
32.0,13.16566,20.335347147951616
32.0,13.36667,20.38417821109129
32.0,13.56768,20.432031058714987
32.0,13.76869,20.477975952413054
32.0,13.9697,20.52393121564317
32.0,14.17071,20.567828637293957
32.0,14.37172,20.611356980674692
32.0,14.57273,20.654116576797545
32.0,14.77374,20.695537456884324
32.0,14.97475,20.73696859317927
32.0,15.17576,20.77677123593949
32.0,15.37677,20.816324516179343
32.0,15.57778,20.855228722358863
32.0,15.77879,20.893103801612707
32.0,15.9798,20.93098907504188
32.0,16.18081,20.967485469160863
32.0,16.38182,21.003812321530383
32.0,16.58283,21.039559878433003
32.0,16.78384,21.07446806579914
32.0,16.98485,21.10937640892546
32.0,17.18586,21.14305561918544
32.0,17.38687,21.176635161695263
32.0,17.58788,21.209665250533956
32.0,17.78889,21.241995809220615
32.0,17.9899,21.274316496517134
32.0,18.19091,21.305537865714246
32.0,18.39192,21.3366894770294
32.0,18.59293,21.367331512760085
32.0,18.79394,21.39738390253371
32.0,18.99495,21.427426400832076
32.0,19.19596,21.456449443202107
32.0,19.39697,21.48544266208714
32.0,19.59798,21.51396619735795
32.0,19.79899,21.539960430744383
32.0,20.0,21.563875190474707
32.3,0.1,1.7142988734624671
32.3,0.3010101,2.5564490548964374
32.3,0.5020202,3.083127016682857
32.3,0.7030303,3.5063807209245454
32.3,0.9040404,3.89371458511494
32.3,1.105051,4.251999666503089
32.3,1.306061,4.5870276427372705
32.3,1.507071,4.922125862469161
32.3,1.708081,5.238816019634818
32.3,1.909091,5.54938269639196
32.3,2.110101,5.85899270409623
32.3,2.311111,6.166858532387422
32.3,2.512121,6.4747294891987455
32.3,2.713131,6.7924251964860245
32.3,2.914141,7.11048149847217
32.3,3.115152,7.436409166331262
32.3,3.316162,7.768213657026365
32.3,3.517172,8.102595832231044
32.3,3.718182,8.464436537752636
32.3,3.919192,8.826298575543131
32.3,4.120202,9.209976103996745
32.3,4.321212,9.608326763736548
32.3,4.522222,10.011130529711746
32.3,4.723232,10.44956000307889
32.3,4.924242,10.888009973513467
32.3,5.125253,11.348180037695585
32.3,5.326263,11.821479195283649
32.3,5.527273,12.297409549083794
32.3,5.728283,12.789938843864494
32.3,5.929293,13.28249029780261
32.3,6.130303,13.770707735535376
32.3,6.331313,14.256584983749134
32.3,6.532323,14.736409778852666
32.3,6.733333,15.184503579028135
32.3,6.934343,15.632634881609583
32.3,7.135354,16.03861291891226
32.3,7.336364,16.424168634257356
32.3,7.537374,16.796227165824906
32.3,7.738384,17.109118736133574
32.3,7.939394,17.422031891048082
32.3,8.140404,17.687196236392843
32.3,8.341414,17.9317521780679
32.3,8.542424,18.164549565419374
32.3,8.743434,18.353331081058528
32.3,8.944444,18.54212396088028
32.3,9.145455,18.70070631906682
32.3,9.346465,18.847744011371898
32.3,9.547475,18.98773451535954
32.3,9.748485,19.104867814062324
32.3,9.949495,19.222006466492342
32.3,10.15051,19.32332253240267
32.3,10.35152,19.419336630725827
32.3,10.55253,19.51144772600447
32.3,10.75354,19.592511155074174
32.3,10.95455,19.673577262644866
32.3,11.15556,19.746383195734527
32.3,11.35657,19.81678326933327
32.3,11.55758,19.88494730241384
32.3,11.75859,19.947557991697845
32.3,11.9596,20.010180151355584
32.3,12.16061,20.06815788467054
32.3,12.36162,20.124967823847673
32.3,12.56263,20.180400113021303
32.3,12.76364,20.23275607862416
32.3,12.96465,20.285112943668484
32.3,13.16566,20.334553117222057
32.3,13.36667,20.383384552167488
32.3,13.56768,20.431237486213472
32.3,13.76869,20.477182588318495
32.3,13.9697,20.52312829368411
32.3,14.17071,20.567006118679963
32.3,14.37172,20.610524729482492
32.3,14.57273,20.653274375452938
32.3,14.77374,20.69468541125639
32.3,14.97475,20.736106879193404
32.3,15.17576,20.7758898205995
32.3,15.37677,20.815433287999358
32.3,15.57778,20.8543375192603
32.3,15.77879,20.89220271105894
32.3,15.9798,20.93007822558168
32.3,16.18081,20.96655483312123
32.3,16.38182,21.002891810036342
32.3,16.58283,21.03862937780035
32.3,16.78384,21.07353764281239
32.3,16.98485,21.108436154646714
32.3,17.18586,21.142115510268695
32.3,17.38687,21.175695132678587
32.3,17.58788,21.20872522141731
32.3,17.78889,21.2410558317265
32.3,17.9899,21.273376632160872
32.3,18.19091,21.30459809680515
32.3,18.39192,21.33575975528398
32.3,18.59293,21.366401785580642
32.3,18.79394,21.396454207375054
32.3,18.99495,21.42649677783203
32.3,19.19596,21.45552988037691
32.3,19.39697,21.484533124950165
32.3,19.59798,21.51304665162701
32.3,19.79899,21.54105045874442
32.3,20.0,21.56906438425978
32.6,0.1,1.7514192207331785
32.6,0.3010101,2.60817013805071
32.6,0.5020202,3.1423184825137676
32.6,0.7030303,3.56875364593241
32.6,0.9040404,3.953838396591906
32.6,1.105051,4.276186836894619
32.6,1.306061,4.654392087909614
32.6,1.507071,4.992025511082267
32.6,1.708081,5.3093517123021075
32.6,1.909091,5.621662343155114
32.6,2.110101,5.9332807775765
32.6,2.311111,6.242820337971083
32.6,2.512121,6.55082372751346
32.6,2.713131,6.868530783690625
32.6,2.914141,7.187674033511124
32.6,3.115152,7.514248746192714
32.6,3.316162,7.846348876106528
32.6,3.517172,8.180733762820013
32.6,3.718182,8.542509164167788
32.6,3.919192,8.903619152792176
32.6,4.120202,9.285611385256226
32.6,4.321212,9.681896076689311
32.6,4.522222,10.08469994610405
32.6,4.723232,10.52263087801418
32.6,4.924242,10.956706526669668
32.6,5.125253,11.411094464125897
32.6,5.326263,11.878654793271519
32.6,5.527273,12.354589088585557
32.6,5.728283,12.845951672982311
32.6,5.929293,13.330148151412562
32.6,6.130303,13.809585126147677
32.6,6.331313,14.287854439556295
32.6,6.532323,14.767673692992348
32.6,6.733333,15.214412551851607
32.6,6.934343,15.654269943751867
32.6,7.135354,16.05330577401743
32.6,7.336364,16.433688792510374
32.6,7.537374,16.805760504223624
32.6,7.738384,17.11788603491199
32.6,7.939394,17.42679668417657
32.6,8.140404,17.689277538571638
32.6,8.341414,17.932168525556552
32.6,8.542424,18.16496758310371
32.6,8.743434,18.353561194337622
32.6,8.944444,18.541448240545666
32.6,9.145455,18.699583922031277
32.6,9.346465,18.846414072073973
32.6,9.547475,18.98639541886201
32.6,9.748485,19.103529796086733
32.6,9.949495,19.220650542317465
32.6,10.15051,19.322028400101615
32.6,10.35152,19.418093845946178
32.6,10.55253,19.510205391227558
32.6,10.75354,19.59129947049856
32.6,10.95455,19.67247687685113
32.6,11.15556,19.745373917641306
32.6,11.35657,19.81583480358227
32.6,11.55758,19.88399909040302
32.6,11.75859,19.9466401863045
32.6,11.9596,20.00932316493548
32.6,12.16061,20.067351620746834
32.6,12.36162,20.12419208217568
32.6,12.56263,20.179614521730482
32.6,12.76364,20.231980768758046
32.6,12.96465,20.284348210787886
32.6,13.16566,20.333798909387596
32.6,13.36667,20.382630711315134
32.6,13.56768,20.430483737114827
32.6,13.76869,20.476429047482483
32.6,13.9697,20.522355188854913
32.6,14.17071,20.566223410943177
32.6,14.37172,20.60972228724728
32.6,14.57273,20.652481986992985
32.6,14.77374,20.693883178890847
32.6,14.97475,20.735274975386993
32.6,15.17576,20.775048212623737
32.6,15.37677,20.814581867716004
32.6,15.57778,20.85348612878057
32.6,15.77879,20.891351434825847
32.6,15.9798,20.929197190046906
32.6,16.18081,20.96567401117626
32.6,16.38182,21.00199111613696
32.6,16.58283,21.037738697110132
32.6,16.78384,21.072637043397172
32.6,16.98485,21.10753572559332
32.6,17.18586,21.141205229999596
32.6,17.38687,21.174784935165786
32.6,17.58788,21.207815028093588
32.6,17.78889,21.240145693183273
32.6,17.9899,21.27247661055783
32.6,18.19091,21.303688175721486
32.6,18.39192,21.33484988551831
32.6,18.59293,21.365491913199
32.6,18.79394,21.3955443717749
32.6,18.99495,21.425597021441813
32.6,19.19596,21.454630192310876
32.6,19.39697,21.483633467868717
32.6,19.59798,21.5121569880533
32.6,19.79899,21.538151260484245
32.6,20.0,21.562076112116902
32.900000000000006,0.1,1.7929629841060402
32.900000000000006,0.3010101,2.6632772462975938
32.900000000000006,0.5020202,3.201997657607061
32.900000000000006,0.7030303,3.6326144569374024
32.900000000000006,0.9040404,4.023921221495295
32.900000000000006,1.105051,4.360789344572394
32.900000000000006,1.306061,4.698368626332375
32.900000000000006,1.507071,5.055353246280859
32.900000000000006,1.708081,5.382093473003319
32.900000000000006,1.909091,5.694859310407107
32.900000000000006,2.110101,6.006478523362891
32.900000000000006,2.311111,6.316017951332388
32.900000000000006,2.512121,6.626236772074455
32.900000000000006,2.713131,6.945559838982665
32.900000000000006,2.914141,7.2647059474903655
32.900000000000006,3.115152,7.591284081410448
32.900000000000006,3.316162,7.923412020755249
32.900000000000006,3.517172,8.258072866518708
32.900000000000006,3.718182,8.618829935221182
32.900000000000006,3.919192,8.979943146941805
32.900000000000006,4.120202,9.361938719613365
32.900000000000006,4.321212,9.757981742488226
32.900000000000006,4.522222,10.156604412379785
32.900000000000006,4.723232,10.58898708034201
32.900000000000006,4.924242,11.023066230966647
32.900000000000006,5.125253,11.477467957942052
32.900000000000006,5.326263,11.944160151358192
32.900000000000006,5.527273,12.408956624753868
32.900000000000006,5.728283,12.890232692580373
32.900000000000006,5.929293,13.374433578825306
32.900000000000006,6.130303,13.853875272108603
32.900000000000006,6.331313,14.330738787049647
32.900000000000006,6.532323,14.79605909932822
32.900000000000006,6.733333,15.233214827960015
32.900000000000006,6.934343,15.673086203814375
32.900000000000006,7.135354,16.072115965088678
32.900000000000006,7.336364,16.451373587965247
32.900000000000006,7.537374,16.813786216338578
32.900000000000006,7.738384,17.121460119297655
32.900000000000006,7.939394,17.430363162390496
32.900000000000006,8.140404,17.692856199773644
32.900000000000006,8.341414,17.935320054972465
32.900000000000006,8.542424,18.165047016983678
32.900000000000006,8.743434,18.352665110301256
32.900000000000006,8.944444,18.540563366740002
32.900000000000006,9.145455,18.698690118626185
32.900000000000006,9.346465,18.845461728230536
32.900000000000006,9.547475,18.98506708230284
32.900000000000006,9.748485,19.102183627832257
32.900000000000006,9.949495,19.219305006331943
32.900000000000006,10.15051,19.320673422091524
32.900000000000006,10.35152,19.41676968766006
32.900000000000006,10.55253,19.509023571329724
32.900000000000006,10.75354,19.59022893526229
32.900000000000006,10.95455,19.671406688969846
32.900000000000006,11.15556,19.74430403824908
32.900000000000006,11.35657,19.814795428285095
32.900000000000006,11.55758,19.883111211486554
32.900000000000006,11.75859,19.945813087746266
32.900000000000006,11.9596,20.008496266649864
32.900000000000006,12.16061,20.066524903781808
32.900000000000006,12.36162,20.123375698372925
32.900000000000006,12.56263,20.178859178029683
32.900000000000006,12.76364,20.231235949738966
32.900000000000006,12.96465,20.283613511285743
32.900000000000006,13.16566,20.333064321720947
32.900000000000006,13.36667,20.38188636423136
32.900000000000006,13.56768,20.429740185054513
32.900000000000006,13.76869,20.47566586993552
32.900000000000006,13.9697,20.521602084022184
32.900000000000006,14.17071,20.565460374367593
32.900000000000006,14.37172,20.608959430950886
32.900000000000006,14.57273,20.65167975240627
32.900000000000006,14.77374,20.69307121016188
32.900000000000006,14.97475,20.734463049156155
32.900000000000006,15.17576,20.77422632652615
32.900000000000006,15.37677,20.81376011600714
32.900000000000006,15.57778,20.852634852419648
32.900000000000006,15.77879,20.8904803412744
32.900000000000006,15.9798,20.928336118826422
32.900000000000006,16.18081,20.96481296062259
32.900000000000006,16.38182,21.001130162755068
32.900000000000006,16.58283,21.03684809665406
32.900000000000006,16.78384,21.071746562345066
32.900000000000006,16.98485,21.106645253991278
32.900000000000006,17.18586,21.140314767835758
32.900000000000006,17.38687,21.17388454079274
32.900000000000006,17.58788,21.206914886032127
32.900000000000006,17.78889,21.239245626142495
32.900000000000006,17.9899,21.271576544428413
32.900000000000006,18.19091,21.302788110687803
32.900000000000006,18.39192,21.33394986625663
32.900000000000006,18.59293,21.364602070536776
32.900000000000006,18.79394,21.39465457376658
32.900000000000006,18.99495,21.424707219505443
32.900000000000006,19.19596,21.45374038662525
32.900000000000006,19.39697,21.482743692952756
32.900000000000006,19.59798,21.51127733386268
32.900000000000006,19.79899,21.53524207911799
32.900000000000006,20.0,21.559166917621315
33.2,0.1,1.836685894315939
33.2,0.3010101,2.7207919322352536
33.2,0.5020202,3.2639323934863627
33.2,0.7030303,3.695625363518752
33.2,0.9040404,4.089539574974997
33.2,1.105051,4.427592631301541
33.2,1.306061,4.767208040129029
33.2,1.507071,5.124793368420454
33.2,1.708081,5.452059710616589
33.2,1.909091,5.766755462454923
33.2,2.110101,6.078690228810616
33.2,2.311111,6.389563949512767
33.2,2.512121,6.700624412833699
33.2,2.713131,7.0204213132347375
33.2,2.914141,7.340492195968583
33.2,3.115152,7.667089078660782
33.2,3.316162,7.999453424299582
33.2,3.517172,8.334215205036692
33.2,3.718182,8.694498254106655
33.2,3.919192,9.05488054567249
33.2,4.120202,9.43664473661361
33.2,4.321212,9.830356209909796
33.2,4.522222,10.22806950815196
33.2,4.723232,10.657805915870494
33.2,4.924242,11.08808441037289
33.2,5.125253,11.541678213205689
33.2,5.326263,12.00195094953207
33.2,5.527273,12.464386514564938
33.2,5.728283,12.940521674156193
33.2,5.929293,13.417849608230176
33.2,6.130303,13.895985543575172
33.2,6.331313,14.364160850915455
33.2,6.532323,14.82651452067346
33.2,6.733333,15.258376144255724
33.2,6.934343,15.691643109830428
33.2,7.135354,16.089607597889813
33.2,7.336364,16.462743328101336
33.2,7.537374,16.82323042588127
33.2,7.738384,17.12821058446239
33.2,7.939394,17.43397989919203
33.2,8.140404,17.696055920568366
33.2,8.341414,17.936445586720843
33.2,8.542424,18.1655552884557
33.2,8.743434,18.352536846603144
33.2,8.944444,18.53971852829653
33.2,9.145455,18.69778681028451
33.2,9.346465,18.844251347414488
33.2,9.547475,18.983788045322342
33.2,9.748485,19.10087637634456
33.2,9.949495,19.217979470833924
33.2,10.15051,19.31937873351691
33.2,10.35152,19.415546622873276
33.2,10.55253,19.507821218266233
33.2,10.75354,19.589097671005167
33.2,10.95455,19.670356433648557
33.2,11.15556,19.743284299053492
33.2,11.35657,19.813866699978224
33.2,11.55758,19.88220289190627
33.2,11.75859,19.94495547117499
33.2,11.9596,20.00768927637647
33.2,12.16061,20.065728253769873
33.2,12.36162,20.122619723764785
33.2,12.56263,20.178113450310697
33.2,12.76364,20.230500723347287
33.2,12.96465,20.282888709219836
33.2,13.16566,20.33233976275333
33.2,13.36667,20.381162301975465
33.2,13.56768,20.429016280063276
33.2,13.76869,20.47493234778102
33.2,13.9697,20.520858866701236
33.2,14.17071,20.564717338801927
33.2,14.37172,20.608196772342126
33.2,14.57273,20.650917193467865
33.2,14.77374,20.692298945957887
33.2,14.97475,20.733671005339833
33.2,15.17576,20.773434417984635
33.2,15.37677,20.812948490324874
33.2,15.57778,20.85181328794756
33.2,15.77879,20.889648999004457
33.2,15.9798,20.927494931361508
33.2,16.18081,20.963961872674286
33.2,16.38182,21.00026928128208
33.2,16.58283,21.035997248094006
33.2,16.78384,21.07088587741184
33.2,16.98485,21.105774673034457
33.2,17.18586,21.139444256787513
33.2,17.38687,21.173014175061745
33.2,17.58788,21.206034536135324
33.2,17.78889,21.23836539188701
33.2,17.9899,21.270686377702972
33.2,18.19091,21.30190799143417
33.2,18.39192,21.33306984586498
33.2,18.59293,21.363722054202764
33.2,18.79394,21.393774635656065
33.2,18.99495,21.423827322001493
33.2,19.19596,21.45287051930672
33.2,19.39697,21.481873889355583
33.2,19.59798,21.510407527582064
33.2,19.79899,21.538421432806135
33.2,20.0,21.56440586471209
33.5,0.1,1.885534087963039
33.5,0.3010101,2.78017341831872
33.5,0.5020202,3.327480351809465
33.5,0.7030303,3.7601216975591294
33.5,0.9040404,4.149215610216867
33.5,1.105051,4.468347580397532
33.5,1.306061,4.843105096719238
33.5,1.507071,5.199427362181804
33.5,1.708081,5.520762207725746
33.5,1.909091,5.835991126775758
33.5,2.110101,6.1509637819559835
33.5,2.311111,6.462836928563776
33.5,2.512121,6.773895750632384
33.5,2.713131,7.09369630883614
33.5,2.914141,7.4142774842280925
33.5,3.115152,7.741865704128472
33.5,3.316162,8.074296777957228
33.5,3.517172,8.409061358664633
33.5,3.718182,8.769347889593625
33.5,3.919192,9.129138803012882
33.5,4.120202,9.507664888428472
33.5,4.321212,9.90044867670256
33.5,4.522222,10.298161223497424
33.5,4.723232,10.72790128536446
33.5,4.924242,11.155032224376383
33.5,5.125253,11.598304162228253
33.5,5.326263,12.05625652362123
33.5,5.527273,12.518696021569983
33.5,5.728283,12.99483569264582
33.5,5.929293,13.465981578231975
33.5,6.130303,13.92879355560906
33.5,6.331313,14.394072539822478
33.5,6.532323,14.856420491514806
33.5,6.733333,15.288296632106814
33.5,6.934343,15.715059410196481
33.5,7.135354,16.100894398563995
33.5,7.336364,16.47213484255254
33.5,7.537374,16.832624997987683
33.5,7.738384,17.13760804723521
33.5,7.939394,17.439964099227772
33.5,8.140404,17.697239734109417
33.5,8.341414,17.937012294743532
33.5,8.542424,18.16613362528885
33.5,8.743434,18.35310662629726
33.5,8.944444,18.539432228126824
33.5,9.145455,18.69662551682834
33.5,9.346465,18.84301147216382
33.5,9.547475,18.9825390013885
33.5,9.748485,19.099638055966203
33.5,9.949495,19.216713226343927
33.5,10.15051,19.318185146140234
33.5,10.35152,19.414363782439146
33.5,10.55253,19.506648825007034
33.5,10.75354,19.587925674033233
33.5,10.95455,19.669285722032484
33.5,11.15556,19.742375216652473
33.5,11.35657,19.812978044382685
33.5,11.55758,19.881314491900905
33.5,11.75859,19.9440673021204
33.5,11.9596,20.006871964355156
33.5,12.16061,20.06499201900227
33.5,12.36162,20.121893748435948
33.5,12.56263,20.177387628997224
33.5,12.76364,20.229775044178947
33.5,12.96465,20.28218365691274
33.5,13.16566,20.331635494954966
33.5,13.36667,20.380468198997654
33.5,13.56768,20.428312272203463
33.5,13.76869,20.47423842943134
33.5,13.9697,20.520155438950848
33.5,14.17071,20.56398450639895
33.5,14.37172,20.607464045406054
33.5,14.57273,20.650184525637005
33.5,14.77374,20.691556334519976
33.5,14.97475,20.732918782356794
33.5,15.17576,20.772642642826035
33.5,15.37677,20.812156780683377
33.5,15.57778,20.851021613438675
33.5,15.77879,20.88885735814735
33.5,15.9798,20.926683592866798
33.5,16.18081,20.9631308618848
33.5,16.38182,20.999438307673362
33.5,16.58283,21.03515629431738
33.5,16.78384,21.070044941525026
33.5,16.98485,21.10492396525148
33.5,17.18586,21.138583781395504
33.5,17.38687,21.17215371822032
33.5,17.58788,21.205174087905664
33.5,17.78889,21.2375049519652
33.5,17.9899,21.269826104319286
33.5,18.19091,21.301047876978696
33.5,18.39192,21.33219973790731
33.5,18.59293,21.362851948162845
33.5,18.79394,21.39291453134723
33.5,18.99495,21.422967335027014
33.5,19.19596,21.45201063489766
33.5,19.39697,21.481024003980856
33.5,19.59798,21.509547640113993
33.5,19.79899,21.537561543217667
33.5,20.0,21.561516472945772
33.8,0.1,1.9344521448370628
33.8,0.3010101,2.8408766497961526
33.8,0.5020202,3.3909184786003013
33.8,0.7030303,3.8244724847471216
33.8,0.9040404,4.219903646655552
33.8,1.105051,4.585239036794327
33.8,1.306061,4.926477012182733
33.8,1.507071,5.267756995015186
33.8,1.708081,5.590362607678927
33.8,1.909091,5.906749796230297
33.8,2.110101,6.221721580339047
33.8,2.311111,6.534140086914618
33.8,2.512121,6.846562376226582
33.8,2.713131,7.1672511478161
33.8,2.914141,7.488242994282664
33.8,3.115152,7.815833720945398
33.8,3.316162,8.148354262226434
33.8,3.517172,8.483184418753373
33.8,3.718182,8.842602926979042
33.8,3.919192,9.202041417818812
33.8,4.120202,9.58057095890755
33.8,4.321212,9.971944737380383
33.8,4.522222,10.367100111863488
33.8,4.723232,10.7925893229845
33.8,4.924242,11.218108283490514
33.8,5.125253,11.661374088072986
33.8,5.326263,12.115402769723746
33.8,5.527273,12.571384782302243
33.8,5.728283,13.039741138163643
33.8,5.929293,13.508108530843053
33.8,6.130303,13.97092506526792
33.8,6.331313,14.430736986001651
33.8,6.532323,14.884837505651857
33.8,6.733333,15.30903019938298
33.8,6.934343,15.733247511543134
33.8,7.135354,16.11908625347152
33.8,7.336364,16.486313269439155
33.8,7.537374,16.841280880663767
33.8,7.738384,17.142451422501644
33.8,7.939394,17.443641229584394
33.8,8.140404,17.70090898616149
33.8,8.341414,17.939236192186357
33.8,8.542424,18.166542712809697
33.8,8.743434,18.352599907719505
33.8,8.944444,18.53866749090334
33.8,9.145455,18.69586183275098
33.8,9.346465,18.84202018325031
33.8,9.547475,18.981310354256067
33.8,9.748485,19.098371542599903
33.8,9.949495,19.215427705489734
33.8,10.15051,19.3169001772928
33.8,10.35152,19.413150155317734
33.8,10.55253,19.505506680485077
33.8,10.75354,19.586884796202597
33.8,10.95455,19.66826539504383
33.8,11.15556,19.741355199199145
33.8,11.35657,19.812028869800507
33.8,11.55758,19.88045624358151
33.8,11.75859,19.943269868148864
33.8,11.9596,20.006094854823093
33.8,12.16061,20.064205095287452
33.8,12.36162,20.121147399267333
33.8,12.56263,20.176671911835044
33.8,12.76364,20.2290798996127
33.8,12.96465,20.281488715959465
33.8,13.16566,20.330950667845414
33.8,13.36667,20.37978379915112
33.8,13.56768,20.427628337968336
33.8,13.76869,20.473534925876557
33.8,13.9697,20.519452066381284
33.8,14.17071,20.563281205637864
33.8,14.37172,20.606751075113113
33.8,14.57273,20.649451908101394
33.8,14.77374,20.690804043358927
33.8,14.97475,20.732166574794775
33.8,15.17576,20.771890480707007
33.8,15.37677,20.81138487213651
33.8,15.57778,20.850239969473147
33.8,15.77879,20.88805595821223
33.8,15.9798,20.92588224304163
33.8,16.18081,20.96232953827495
33.8,16.38182,20.998617174685524
33.8,16.58283,21.03433535475839
33.8,16.78384,21.0692141790106
33.8,16.98485,21.104093230007454
33.8,17.18586,21.137743060006425
33.8,17.38687,21.17130313595478
33.8,17.58788,21.204323642436616
33.8,17.78889,21.23664463057896
33.8,17.9899,21.2689757949313
33.8,18.19091,21.30018757327486
33.8,18.39192,21.331349532144934
33.8,18.59293,21.362001835773853
33.8,18.79394,21.392054502919216
33.8,18.99495,21.42210730942123
33.8,19.19596,21.451150609642923
33.8,19.39697,21.480164043639164
33.8,19.59798,21.506698175967436
33.8,19.79899,21.53063300512771
33.8,20.0,21.55456791615966
34.1,0.1,1.986981575102377
34.1,0.3010101,2.903231021328534
34.1,0.5020202,3.455112498189077
34.1,0.7030303,3.8889501010043017
34.1,0.9040404,4.279618192112708
34.1,1.105051,4.600071409963382
34.1,1.306061,4.959738489931512
34.1,1.507071,5.328186312669254
34.1,1.708081,5.65868407444626
34.1,1.909091,5.976080883265798
34.1,2.110101,6.291052376733348
34.1,2.311111,6.603963103720252
34.1,2.512121,6.917610539030968
34.1,2.713131,7.239082046755642
34.1,2.914141,7.560436569718029
34.1,3.115152,7.888030800250662
34.1,3.316162,8.220595857518523
34.1,3.517172,8.555416348339964
34.1,3.718182,8.913902416552249
34.1,3.919192,9.272963142533648
34.1,4.120202,9.65149619459426
34.1,4.321212,10.041454877466668
34.1,4.522222,10.434053516548737
34.1,4.723232,10.855363257563377
34.1,4.924242,11.27928078206287
34.1,5.125253,11.722560467186755
34.1,5.326263,12.172766257065023
34.1,5.527273,12.622471950504707
34.1,5.728283,13.083295927277202
34.1,5.929293,13.548995120969572
34.1,6.130303,14.01181618290418
34.1,6.331313,14.466361346523067
34.1,6.532323,14.912504841894892
34.1,6.733333,15.329304135212649
34.1,6.934343,15.751065987037084
34.1,7.135354,16.136908462512867
34.1,7.336364,16.50025195197315
34.1,7.537374,16.849856905721637
34.1,7.738384,17.147304830299813
34.1,7.939394,17.447358372797368
34.1,8.140404,17.704628254090746
34.1,8.341414,17.9415300747982
34.1,8.542424,18.167031741977837
34.1,8.743434,18.352163106938576
34.1,8.944444,18.537972670624924
34.1,9.145455,18.695168074394996
34.1,9.346465,18.841088813777134
34.1,9.547475,18.98012161734551
34.1,9.748485,19.097144933628837
34.1,9.949495,19.21419209254708
34.1,10.15051,19.315675121581755
34.1,10.35152,19.41196643250313
34.1,10.55253,19.504404426243727
34.1,10.75354,19.585873790134926
34.1,10.95455,19.667284941143933
34.1,11.15556,19.74037506004548
34.1,11.35657,19.811109565092337
34.1,11.55758,19.879617855218164
34.1,11.75859,19.942502285158458
34.1,11.9596,20.005337598925003
34.1,12.16061,20.063458028138538
34.1,12.36162,20.120420904261607
34.1,12.56263,20.17598604324318
34.1,12.76364,20.228414598805728
34.1,12.96465,20.280833621430627
34.1,13.16566,20.33028569257807
34.1,13.36667,20.379119248096412
34.1,13.56768,20.426964247852737
34.1,13.76869,20.472871260145112
34.1,13.9697,20.518778534775237
34.1,14.17071,20.56261775066532
34.1,14.37172,20.606067947341945
34.1,14.57273,20.648749130935563
34.1,14.77374,20.690091590424895
34.1,14.97475,20.731444207800124
34.1,15.17576,20.771178161109923
34.1,15.37677,20.810652805938243
34.1,15.57778,20.849488167864642
34.1,15.77879,20.88728440002637
34.1,15.9798,20.92511073702549
34.1,16.18081,20.96155806215051
34.1,16.38182,20.997835889795756
34.1,16.58283,21.033534264398263
34.1,16.78384,21.068403267094403
34.1,16.98485,21.10328234827302
34.1,17.18586,21.13694219466046
34.1,17.38687,21.170492411677383
34.1,17.58788,21.203503057504776
34.1,17.78889,21.23582417203232
34.1,17.9899,21.268145351531363
34.1,18.19091,21.29935713786742
34.1,18.39192,21.330519197791318
34.1,18.59293,21.361161598132387
34.1,18.79394,21.391224352457556
34.1,18.99495,21.421277164125005
34.1,19.19596,21.45032046682668
34.1,19.39697,21.47933397159748
34.1,19.59798,21.507857734423126
34.1,19.79899,21.535881752576042
34.1,20.0,21.559836679468983
34.400000000000006,0.1,2.0397691673900367
34.400000000000006,0.3010101,2.966959218316462
34.400000000000006,0.5020202,3.5188866317249374
34.400000000000006,0.7030303,3.9536110606944166
34.400000000000006,0.9040404,4.349689893611573
34.400000000000006,1.105051,4.690678577655097
34.400000000000006,1.306061,5.033144630851083
34.400000000000006,1.507071,5.4013018182769175
34.400000000000006,1.708081,5.725538639874832
34.400000000000006,1.909091,6.043398200411137
34.400000000000006,2.110101,6.360749845293468
34.400000000000006,2.311111,6.6745246386881645
34.400000000000006,2.512121,6.9881714542576105
34.400000000000006,2.713131,7.309645739877914
34.400000000000006,2.914141,7.631444311882053
34.400000000000006,3.115152,7.959694581072373
34.400000000000006,3.316162,8.29229422916915
34.400000000000006,3.517172,8.627116649474868
34.400000000000006,3.718182,8.98560634017181
34.400000000000006,3.919192,9.344021157946955
34.400000000000006,4.120202,9.719190458835582
34.400000000000006,4.321212,10.108215166958264
34.400000000000006,4.522222,10.500817213057887
34.400000000000006,4.723232,10.922130768037542
34.400000000000006,4.924242,11.342972187395215
34.400000000000006,5.125253,11.776394627356646
34.400000000000006,5.326263,12.224340510351453
34.400000000000006,5.527273,12.67405014414932
34.400000000000006,5.728283,13.134888573192661
34.400000000000006,5.929293,13.594676645573495
34.400000000000006,6.130303,14.043205850404204
34.400000000000006,6.331313,14.494964706237315
34.400000000000006,6.532323,14.941112332803167
34.400000000000006,6.733333,15.357915959800332
34.400000000000006,6.934343,15.773513576170226
34.400000000000006,7.135354,16.147986352234184
34.400000000000006,7.336364,16.50949440283446
34.400000000000006,7.537374,16.85910231025578
34.400000000000006,7.738384,17.15655303262085
34.400000000000006,7.939394,17.453303111608808
34.400000000000006,8.140404,17.705942329888643
34.400000000000006,8.341414,17.94223698981615
34.400000000000006,8.542424,18.167740256838005
34.400000000000006,8.743434,18.35287303731719
34.400000000000006,8.944444,18.537816456376223
34.400000000000006,9.145455,18.694096792906823
34.400000000000006,9.346465,18.839928936758177
34.400000000000006,9.547475,18.978972562431395
34.400000000000006,9.748485,19.095986598584744
34.400000000000006,9.949495,19.212995813818612
34.400000000000006,10.15051,19.31453145125418
34.400000000000006,10.35152,19.410843502318816
34.400000000000006,10.55253,19.503281943115166
34.400000000000006,10.75354,19.584761703061446
34.400000000000006,10.95455,19.666264106201922
34.400000000000006,11.15556,19.739515797997345
34.400000000000006,11.35657,19.810270728114656
34.400000000000006,11.55758,19.87877927649383
34.400000000000006,11.75859,19.94166393970092
34.400000000000006,11.9596,20.004570093735992
34.400000000000006,12.16061,20.062761573014736
34.400000000000006,12.36162,20.119744710225945
34.400000000000006,12.56263,20.175300006320395
34.400000000000006,12.76364,20.227738706915787
34.400000000000006,12.96465,20.280168346620982
34.400000000000006,13.16566,20.329641179613123
34.400000000000006,13.36667,20.378474903135075
34.400000000000006,13.56768,20.426320001753428
34.400000000000006,13.76869,20.472227108227898
34.400000000000006,13.9697,20.518124863219096
34.400000000000006,14.17071,20.56193465712191
34.400000000000006,14.37172,20.605384963431547
34.400000000000006,14.57273,20.64807621025365
34.400000000000006,14.77374,20.689408730250012
34.400000000000006,14.97475,20.73074172923546
34.400000000000006,15.17576,20.77043612176698
34.400000000000006,15.37677,20.8099208357958
34.400000000000006,15.57778,20.848746237567504
34.400000000000006,15.77879,20.886552507542465
34.400000000000006,15.9798,20.924349144259608
34.400000000000006,16.18081,20.96077679478776
34.400000000000006,16.38182,20.997054664130708
34.400000000000006,16.58283,21.032753062363618
34.400000000000006,16.78384,21.06762208781449
34.400000000000006,16.98485,21.102481398208553
34.400000000000006,17.18586,21.136121479062567
34.400000000000006,17.38687,21.1696817188348
34.400000000000006,17.58788,21.202692377518765
34.400000000000006,17.78889,21.235013504472477
34.400000000000006,17.9899,21.26732485482887
34.400000000000006,18.19091,21.29853680574015
34.400000000000006,18.39192,21.329688876156595
34.400000000000006,18.59293,21.36034128214067
34.400000000000006,18.79394,21.390394042128584
34.400000000000006,18.99495,21.420446978439507
34.400000000000006,19.19596,21.449490394956698
34.400000000000006,19.39697,21.47850390232603
34.400000000000006,19.59798,21.507037666203374
34.400000000000006,19.79899,21.535061685467667
34.400000000000006,20.0,21.56104626781876
34.7,0.1,2.094037700347853
34.7,0.3010101,3.0315979048382604
34.7,0.5020202,3.5838630110806666
34.7,0.7030303,4.018413585213168
34.7,0.9040404,4.4144017017153185
34.7,1.105051,4.763102303821525
34.7,1.306061,5.124041158647102
34.7,1.507071,5.467430185823991
34.7,1.708081,5.792011042968813
34.7,1.909091,6.11114056272087
34.7,2.110101,6.428699259863225
34.7,2.311111,6.743429483310547
34.7,2.512121,7.057683473334553
34.7,2.713131,7.379484060147544
34.7,2.914141,7.701915316845873
34.7,3.115152,8.030168050548031
34.7,3.316162,8.362769601856732
34.7,3.517172,8.697594278925104
34.7,3.718182,9.055505700819724
34.7,3.919192,9.413028778409256
34.7,4.120202,9.787962460650013
34.7,4.321212,10.174607055492864
34.7,4.522222,10.566287548279462
34.7,4.723232,10.985077582231087
34.7,4.924242,11.402292135534855
34.7,5.125253,11.834977307289194
34.7,5.326263,12.277017440958614
34.7,5.527273,12.724567450260826
34.7,5.728283,13.180776531575386
34.7,5.929293,13.634363733138683
34.7,6.130303,14.081727169885685
34.7,6.331313,14.525708946844416
34.7,6.532323,14.969200167452247
34.7,6.733333,15.381269602915774
34.7,6.934343,15.7909528080915
34.7,7.135354,16.164459995460636
34.7,7.336364,16.520425711884343
34.7,7.537374,16.86827789743759
34.7,7.738384,17.16322453935089
34.7,7.939394,17.457070551989005
34.7,8.140404,17.709302615071532
34.7,8.341414,17.943582848710587
34.7,8.542424,18.168508774719964
34.7,8.743434,18.35297492152907
34.7,8.944444,18.537191656929238
34.7,9.145455,18.693393490874044
34.7,9.346465,18.83889850979657
34.7,9.547475,18.97785346961408
34.7,9.748485,19.094829268869486
34.7,9.949495,19.21181017684548
34.7,10.15051,19.3133566406544
34.7,10.35152,19.40973025963962
34.7,10.55253,19.502189404414956
34.7,10.75354,19.58374020423199
34.7,10.95455,19.665313572441782
34.7,11.15556,19.738575769704426
34.7,11.35657,19.809421666785664
34.7,11.55758,19.877950621673314
34.7,11.75859,19.94088596587274
34.7,11.9596,20.003842726751063
34.7,12.16061,20.062054542720883
34.7,12.36162,20.119068334864476
34.7,12.56263,20.174643882258568
34.7,12.76364,20.227083071030005
34.7,12.96465,20.279533124437098
34.7,13.16566,20.329006199067543
34.7,13.36667,20.377850401480902
34.7,13.56768,20.42569566308206
34.7,13.76869,20.47159314063025
34.7,13.9697,20.517491193593806
34.7,14.17071,20.561291169373916
34.7,14.37172,20.604731839480568
34.7,14.57273,20.647413193318723
34.7,14.77374,20.68873600104088
34.7,14.97475,20.73005921775418
34.7,15.17576,20.769743749228702
34.7,15.37677,20.809208740471636
34.7,15.57778,20.848034210095804
34.7,15.77879,20.88582070212212
34.7,15.9798,20.923607495997857
34.7,16.18081,20.960025250446314
34.7,16.38182,20.996293327342286
34.7,16.58283,21.031991767027684
34.7,16.78384,21.06684095938523
34.7,16.98485,21.10170037945179
34.7,17.18586,21.13534053753194
34.7,17.38687,21.168880928399982
34.7,17.58788,21.201891610604363
34.7,17.78889,21.23421286064414
34.7,17.9899,21.266524285692626
34.7,18.19091,21.297736292194045
34.7,18.39192,21.328888470626786
34.7,18.59293,21.35953088790978
34.7,18.79394,21.38958373797804
34.7,18.99495,21.41963672435981
34.7,19.19596,21.448680181020077
34.7,19.39697,21.477693765785965
34.7,19.59798,21.506227533095437
34.7,19.79899,21.530202473202912
34.7,20.0,21.55413750129134
35.0,0.1,2.1502273398875826
35.0,0.3010101,3.0968138212512164
35.0,0.5020202,3.6499926405155874
35.0,0.7030303,4.083003710345462
35.0,0.9040404,4.473507658611761
35.0,1.105051,4.794624465444468
35.0,1.306061,5.155830091374075
35.0,1.507071,5.526132687226595
35.0,1.708081,5.858854640529107
35.0,1.909091,6.178205767505869
35.0,2.110101,6.495763831227913
35.0,2.311111,6.810493295523283
35.0,2.512121,7.126110208733478
35.0,2.713131,7.448838473399788
35.0,2.914141,7.771272815525161
35.0,3.115152,8.09952824190526
35.0,3.316162,8.432126614967581
35.0,3.517172,8.766708187185383
35.0,3.718182,9.123268835842474
35.0,3.919192,9.480794429004405
35.0,4.120202,9.855731804975735
35.0,4.321212,10.242126854671369
35.0,4.522222,10.629601987458003
35.0,4.723232,11.043211930199798
35.0,4.924242,11.460430210941349
35.0,5.125253,11.89310936208142
35.0,5.326263,12.334412303128062
35.0,5.527273,12.77212240441667
35.0,5.728283,13.219679276871169
35.0,5.929293,13.67328066949412
35.0,6.130303,14.12063853430726
35.0,6.331313,14.56345452186297
35.0,6.532323,14.994528966169192
35.0,6.733333,15.398455379542307
35.0,6.934343,15.808142260419007
35.0,7.135354,16.181653059330625
35.0,7.336364,16.536653037618336
35.0,7.537374,16.876055424165504
35.0,7.738384,17.167009769225878
35.0,7.939394,17.460848050896676
35.0,8.140404,17.713082190850326
35.0,8.341414,17.946965129274414
35.0,8.542424,18.168928474387386
35.0,8.743434,18.352398882165286
35.0,8.944444,18.53661680833323
35.0,9.145455,18.692819693600306
35.0,9.346465,18.838246145715896
35.0,9.547475,18.97674501549483
35.0,9.748485,19.09366294684328
35.0,9.949495,19.210634486359268
35.0,10.15051,19.312191504481962
35.0,10.35152,19.408585918030564
35.0,10.55253,19.501157254365427
35.0,10.75354,19.582799244012875
35.0,10.95455,19.664372967385784
35.0,11.15556,19.737645480476633
35.0,11.35657,19.808511866907164
35.0,11.55758,19.87718221783425
35.0,11.75859,19.940178303104688
35.0,11.9596,20.003125276622725
35.0,12.16061,20.061337284522832
35.0,12.36162,20.118371406243366
35.0,12.56263,20.174007936843424
35.0,12.76364,20.226467626648226
35.0,12.96465,20.278917813041463
35.0,13.16566,20.328391009868138
35.0,13.36667,20.377235450672913
35.0,13.56768,20.42508145859127
35.0,13.76869,20.47096929322504
35.0,13.9697,20.516867431801593
35.0,14.17071,20.56067748772743
35.0,14.37172,20.60410833765405
35.0,14.57273,20.646760275380288
35.0,14.77374,20.688073341170007
35.0,14.97475,20.72938661345259
35.0,15.17576,20.769081196117117
35.0,15.37677,20.80853632535547
35.0,15.57778,20.84733225186954
35.0,15.77879,20.885108926966357
35.0,15.9798,20.922895756018402
35.0,16.18081,20.959313543676178
35.0,16.38182,20.995571724811757
35.0,16.58283,21.03124051338415
35.0,16.78384,21.06607983271307
35.0,16.98485,21.10093927474437
35.0,17.18586,21.13457945262465
35.0,17.38687,21.1681199214118
35.0,17.58788,21.201110863997634
35.0,17.78889,21.233422198687336
35.0,17.9899,21.265733636142393
35.0,18.19091,21.2969456541329
35.0,18.39192,21.328097888883963
35.0,18.59293,21.3587404964458
35.0,18.79394,21.388793401014276
35.0,18.99495,21.418846393338832
35.0,19.19596,21.447889855721254
35.0,19.39697,21.476903480007024
35.0,19.59798,21.50542738464087
35.0,19.79899,21.53144192754729
35.0,20.0,21.555376963995666
35.3,0.1,2.2071883823666427
35.3,0.3010101,3.162400487709814
35.3,0.5020202,3.7154166767775734
35.3,0.7030303,4.147798600102013
35.3,0.9040404,4.543136117169229
35.3,1.105051,4.909891734647497
35.3,1.306061,5.253827552361667
35.3,1.507071,5.597791398181427
35.3,1.708081,5.92393056082947
35.3,1.909091,6.244136916932879
35.3,2.110101,6.562728037421982
35.3,2.311111,6.878412579214703
35.3,2.512121,7.194102090771921
35.3,2.713131,7.516837189296721
35.3,2.914141,7.839835578221114
35.3,3.115152,8.168288505223998
35.3,3.316162,8.500816968079494
35.3,3.517172,8.8354016195004
35.3,3.718182,9.1918709614994
35.3,3.919192,9.548358967129603
35.3,4.120202,9.921452462389023
35.3,4.321212,10.305719167377541
35.3,4.522222,10.693187863580267
35.3,4.723232,11.10633053721923
35.3,4.924242,11.519491884495501
35.3,5.125253,11.947075548497645
35.3,5.326263,12.383394979897833
35.3,5.527273,12.821109033035686
35.3,5.728283,13.267679585908228
35.3,5.929293,13.714269851719475
35.3,6.130303,14.15429959943402
35.3,6.331313,14.590788929584756
35.3,6.532323,15.021867387573819
35.3,6.733333,15.424648393665924
35.3,6.934343,15.827461407559616
35.3,7.135354,16.195109528006718
35.3,7.336364,16.545726207539506
35.3,7.537374,16.885131461184503
35.3,7.738384,17.175419376848556
35.3,7.939394,17.465714459187428
35.3,8.140404,17.71549455963442
35.3,8.341414,17.94780214294042
35.3,8.542424,18.169767059656433
35.3,8.743434,18.35303945116695
35.3,8.944444,18.536321299557052
35.3,9.145455,18.69201737716052
35.3,9.346465,18.83718620994905
35.3,9.547475,18.97567589957999
35.3,9.748485,19.092584884323266
35.3,9.949495,19.209498471492658
35.3,10.15051,19.311087188987194
35.3,10.35152,19.407522872866206
35.3,10.55253,19.50009465536573
35.3,10.75354,19.581757261811127
35.3,10.95455,19.663422173218652
35.3,11.15556,19.73677570884873
35.3,11.35657,19.80771285520015
35.3,11.55758,19.876373467315883
35.3,11.75859,19.93938995071413
35.3,11.9596,20.002407694685655
35.3,12.16061,20.060670385276694
35.3,12.36162,20.117735006948312
35.3,12.56263,20.17337169833669
35.3,12.76364,20.225841666125756
35.3,12.96465,20.278312398103864
35.3,13.16566,20.327796090905338
35.3,13.36667,20.376640883976016
35.3,13.56768,20.424486994921832
35.3,13.76869,20.47037503568599
35.3,13.9697,20.516263584519006
35.3,14.17071,20.56005401468395
35.3,14.37172,20.603475121605914
35.3,14.57273,20.64612712645701
35.3,14.77374,20.687430350102485
35.3,14.97475,20.72873393536107
35.3,15.17576,20.7684088038644
35.3,15.37677,20.807854120495158
35.3,15.57778,20.846650089929543
35.3,15.77879,20.884416886469392
35.3,15.9798,20.922183953425613
35.3,16.18081,20.958581955785245
35.3,16.38182,20.994830271355852
35.3,16.58283,21.03049908738408
35.3,16.78384,21.065348497346143
35.3,16.98485,21.100188116293193
35.3,17.18586,21.133818451843755
35.3,17.38687,21.167349014315985
35.3,17.58788,21.2003499733062
35.3,17.78889,21.232651375426695
35.3,17.9899,21.264962941083432
35.3,18.19091,21.296165071867787
35.3,18.39192,21.327307370231612
35.3,18.59293,21.357949986932404
35.3,18.79394,21.38800293947197
35.3,18.99495,21.418056022168958
35.3,19.19596,21.447099562558684
35.3,19.39697,21.476113228241033
35.3,19.59798,21.504637137170754
35.3,19.79899,21.53266128829051
35.3,20.0,21.56068554513593
35.6,0.1,2.26445575755418
35.6,0.3010101,3.2283078639785296
35.6,0.5020202,3.781012276177603
35.6,0.7030303,4.212387379971864
35.6,0.9040404,4.601667022838825
35.6,1.105051,4.9301671012762815
35.6,1.306061,5.317533195383149
35.6,1.507071,5.661792597911341
35.6,1.708081,5.9880049669222695
35.6,1.909091,6.308916636654768
35.6,2.110101,6.628373781493565
35.6,2.311111,6.944880270636612
35.6,2.512121,7.260634451426665
35.6,2.713131,7.583376389298303
35.6,2.914141,7.906839340575305
35.6,3.115152,8.235398971838903
35.6,3.316162,8.567780304893667
35.6,3.517172,8.902368071609091
35.6,3.718182,9.258742324512212
35.6,3.919192,9.614133189680642
35.6,4.120202,9.98535821320874
35.6,4.321212,10.36748581538911
35.6,4.522222,10.754958128020085
35.6,4.723232,11.167653756893781
35.6,4.924242,11.576839560068379
35.6,5.125253,11.999438922660433
35.6,5.326263,12.430895737313415
35.6,5.527273,12.86861375829122
35.6,5.728283,13.314238095323116
35.6,5.929293,13.754027866335598
35.6,6.130303,14.1869900022214
35.6,6.331313,14.617383046718826
35.6,6.532323,15.048475513213429
35.6,6.733333,15.450161151604389
35.6,6.934343,15.846340518338087
35.6,7.135354,16.208336003685837
35.6,7.336364,16.55469937469863
35.6,7.537374,16.894107503775523
35.6,7.738384,17.183738980858124
35.6,7.939394,17.470580778910605
35.6,8.140404,17.7179567882423
35.6,8.341414,17.94870900041355
35.6,8.542424,18.170675503925143
35.6,8.743434,18.353749884856704
35.6,8.944444,18.53609564935216
35.6,9.145455,18.69127491150345
35.6,9.346465,18.836166128780015
35.6,9.547475,18.974666644093713
35.6,9.748485,19.091556690626494
35.6,9.949495,19.208412321128467
35.6,10.15051,19.310012737350082
35.6,10.35152,19.406489692044335
35.6,10.55253,19.49906192864403
35.6,10.75354,19.58074515458236
35.6,10.95455,19.66250124874955
35.6,11.15556,19.735945800020446
35.6,11.35657,19.8069337042628
35.6,11.55758,19.8756045819404
35.6,11.75859,19.938641464843908
35.6,11.9596,20.001719975735625
35.6,12.16061,20.06002334673866
35.6,12.36162,20.1171184673097
35.6,12.56263,20.172755323706543
35.6,12.76364,20.225235572186484
35.6,12.96465,20.277726847737874
35.6,13.16566,20.32722103240502
35.6,13.36667,20.376066177201675
35.6,13.56768,20.423912394769335
35.6,13.76869,20.469800644787124
35.6,13.9697,20.51568960094892
35.6,14.17071,20.55947040336354
35.6,14.37172,20.60288176715012
35.6,14.57273,20.64553384227868
35.6,14.77374,20.686827225429788
35.6,14.97475,20.728111123227098
35.6,15.17576,20.767776276258108
35.6,15.37677,20.80720178065625
35.6,15.57778,20.845997796976217
35.6,15.77879,20.88375471600423
35.6,15.9798,20.92151201998126
35.6,16.18081,20.957890237557734
35.6,16.38182,20.994128689070592
35.6,16.58283,21.029797535078355
35.6,16.78384,21.064637038050662
35.6,16.98485,21.099466834482016
35.6,17.18586,21.133087328931833
35.6,17.38687,21.166607987101752
35.6,17.58788,21.19960896485654
35.6,17.78889,21.231910436271967
35.6,17.9899,21.26420213230263
35.6,18.19091,21.295404377648776
35.6,18.39192,21.32654674158771
35.6,18.59293,21.357189369405358
35.6,18.79394,21.387242372257322
35.6,18.99495,21.41728554815056
35.6,19.19596,21.44632916844699
35.6,19.39697,21.47533287740688
35.6,19.59798,21.50386679228022
35.6,19.79899,21.52988139365614
35.6,20.0,21.55381653622619
35.900000000000006,0.1,2.3214784944131996
35.900000000000006,0.3010101,3.29439034378144
35.900000000000006,0.5020202,3.8457475483417247
35.900000000000006,0.7030303,4.276579525752654
35.900000000000006,0.9040404,4.670837461262977
35.900000000000006,1.105051,5.011602347168481
35.900000000000006,1.306061,5.355830962234926
35.900000000000006,1.507071,5.7189008092038325
35.900000000000006,1.708081,6.052769125764011
35.900000000000006,1.909091,6.373863696048468
35.900000000000006,2.110101,6.6933189995997235
35.900000000000006,2.311111,7.009825744114614
35.900000000000006,2.512121,7.326644460601276
35.900000000000006,2.713131,7.650059458953875
35.900000000000006,2.914141,7.973524674712575
35.900000000000006,3.115152,8.302088179856593
35.900000000000006,3.316162,8.63445968233037
35.900000000000006,3.517172,8.96858833160557
35.900000000000006,3.718182,9.323487974071595
35.900000000000006,3.919192,9.678883479817603
35.900000000000006,4.120202,10.050107348885069
35.900000000000006,4.321212,10.43199470525293
35.900000000000006,4.522222,10.815275473079359
35.900000000000006,4.723232,11.222933734839563
35.900000000000006,4.924242,11.632123360814044
35.900000000000006,5.125253,12.054736768146615
35.900000000000006,5.326263,12.485466599385799
35.900000000000006,5.527273,12.913837380676235
35.900000000000006,5.728283,13.35124076742027
35.900000000000006,5.929293,13.791034680170632
35.900000000000006,6.130303,14.224011149649918
35.900000000000006,6.331313,14.653278383865432
35.900000000000006,6.532323,15.072745085008947
35.900000000000006,6.733333,15.466747934998248
35.900000000000006,6.934343,15.862930863878898
35.900000000000006,7.135354,16.22492984405176
35.900000000000006,7.336364,16.570367357564933
35.900000000000006,7.537374,16.9017855337579
35.900000000000006,7.738384,17.187574503219693
35.900000000000006,7.939394,17.474418516468454
35.900000000000006,8.140404,17.721796559424668
35.900000000000006,8.341414,17.952151429405752
35.900000000000006,8.542424,18.17121522504342
35.900000000000006,8.743434,18.35328382237194
35.900000000000006,8.944444,18.53563076320716
35.900000000000006,9.145455,18.690821069298597
35.900000000000006,9.346465,18.835623706602508
35.900000000000006,9.547475,18.973638101068904
35.900000000000006,9.748485,19.090460264412513
35.900000000000006,9.949495,19.2073065250439
35.900000000000006,10.15051,19.30891749595612
35.900000000000006,10.35152,19.405405242572844
35.900000000000006,10.55253,19.49808964314109
35.900000000000006,10.75354,19.57985404642796
35.900000000000006,10.95455,19.66161049649568
35.900000000000006,11.15556,19.735055365631077
35.900000000000006,11.35657,19.806073758434106
35.900000000000006,11.55758,19.874876003541043
35.900000000000006,11.75859,19.937963618986583
35.900000000000006,11.9596,20.001052345406073
35.900000000000006,12.16061,20.05935591077429
35.900000000000006,12.36162,20.116461360706758
35.900000000000006,12.56263,20.172159182783453
35.900000000000006,12.76364,20.224659928086435
35.900000000000006,12.96465,20.277161339388346
35.900000000000006,13.16566,20.32664564926585
35.900000000000006,13.36667,20.375501033107636
35.900000000000006,13.56768,20.423347982144364
35.900000000000006,13.76869,20.46923658595328
35.900000000000006,13.9697,20.515115631200906
35.900000000000006,14.17071,20.558896516276175
35.900000000000006,14.37172,20.602308061190328
35.900000000000006,14.57273,20.644930709426845
35.900000000000006,14.77374,20.68621434969236
35.900000000000006,14.97475,20.727498305598928
35.900000000000006,15.17576,20.767153514595822
35.900000000000006,15.37677,20.80657915820178
35.900000000000006,15.57778,20.845335623510447
35.900000000000006,15.77879,20.883092726100124
35.900000000000006,15.9798,20.920840069428177
35.900000000000006,16.18081,20.957228323331
35.900000000000006,16.38182,20.99345688145224
35.900000000000006,16.58283,21.02909607412915
35.900000000000006,16.78384,21.063925706367854
35.900000000000006,16.98485,21.098745527782295
35.900000000000006,17.18586,21.132366045779328
35.900000000000006,17.38687,21.16589678425099
35.900000000000006,17.58788,21.198868023427742
35.900000000000006,17.78889,21.231169582800856
35.900000000000006,17.9899,21.263461294190783
35.900000000000006,18.19091,21.294663554165588
35.900000000000006,18.39192,21.32580597748193
35.900000000000006,18.59293,21.35642879843975
35.900000000000006,18.79394,21.38648185920002
35.900000000000006,18.99495,21.416525044084132
35.900000000000006,19.19596,21.44556867292144
35.900000000000006,19.39697,21.4745724242867
35.900000000000006,19.59798,21.50309647895802
35.900000000000006,19.79899,21.5270715357158
35.900000000000006,20.0,21.551006675877186
36.2,0.1,2.3772300003372644
36.2,0.3010101,3.360501337233697
36.2,0.5020202,3.911189730929973
36.2,0.7030303,4.341397469821998
36.2,0.9040404,4.734230013016426
36.2,1.105051,5.074684392269208
36.2,1.306061,5.418951063938159
36.2,1.507071,5.782028454578833
36.2,1.708081,6.116086471602671
36.2,1.909091,6.437883886897426
36.2,2.110101,6.757453309245499
36.2,2.311111,7.07456799945957
36.2,2.512121,7.391770915692471
36.2,2.713131,7.715365153689909
36.2,2.914141,8.039180083548704
36.2,3.115152,8.367727655093287
36.2,3.316162,8.69986078290596
36.2,3.517172,9.033892240161594
36.2,3.718182,9.388116471437746
36.2,3.919192,9.742468340270815
36.2,4.120202,10.113458183941535
36.2,4.321212,10.492950726187255
36.2,4.522222,10.875301785303103
36.2,4.723232,11.280559067327975
36.2,4.924242,11.68631522641232
36.2,5.125253,12.108241833393976
36.2,5.326263,12.533528944367989
36.2,5.527273,12.9599112229632
36.2,5.728283,13.39312659007685
36.2,5.929293,13.827311355113073
36.2,6.130303,14.259242120988405
36.2,6.331313,14.681553355519245
36.2,6.532323,15.0986438913763
36.2,6.733333,15.488412666746111
36.2,6.934343,15.879291443397278
36.2,7.135354,16.24041468598787
36.2,7.336364,16.58082966124535
36.2,7.537374,16.91066195065187
36.2,7.738384,17.194126570680673
36.2,7.939394,17.478276277812775
36.2,8.140404,17.725267103957226
36.2,8.341414,17.95368736427032
36.2,8.542424,18.172193735814545
36.2,8.743434,18.35359562949695
36.2,8.944444,18.535215830228335
36.2,9.145455,18.690317626980413
36.2,9.346465,18.83476310527936
36.2,9.547475,18.972678816033483
36.2,9.748485,19.089452725380575
36.2,9.949495,19.206240667433416
36.2,10.15051,19.307852465545476
36.2,10.35152,19.404391756566657
36.2,10.55253,19.49708685545007
36.2,10.75354,19.578922277370346
36.2,10.95455,19.660739677613886
36.2,11.15556,19.734205050796703
36.2,11.35657,19.805304384977532
36.2,11.55758,19.874117034380536
36.2,11.75859,19.93726531600758
36.2,11.9596,20.00039463991204
36.2,12.16061,20.058718541891444
36.2,12.36162,20.115864633405472
36.2,12.56263,20.171572708123552
36.2,12.76364,20.22409393192144
36.2,12.96465,20.2766057528247
36.2,13.16566,20.32609030653062
36.2,13.36667,20.374946159140627
36.2,13.56768,20.422803272551107
36.2,13.76869,20.468682240641982
36.2,13.9697,20.51456158103598
36.2,14.17071,20.558342649882686
36.2,14.37172,20.601734552332335
36.2,14.57273,20.64436730995446
36.2,14.77374,20.685631233892895
36.2,14.97475,20.726905407816627
36.2,15.17576,20.76656075715634
36.2,15.37677,20.805956675449846
36.2,15.57778,20.844713213440976
36.2,15.77879,20.88245053700084
36.2,15.9798,20.92018803907204
36.2,16.18081,20.95656640135035
36.2,16.38182,20.99278516776183
36.2,16.58283,21.0284144072465
36.2,16.78384,21.06323420915936
36.2,16.98485,21.098054144655286
36.2,17.18586,21.131664745096266
36.2,17.38687,21.165175638402587
36.2,17.58788,21.198156906689317
36.2,17.78889,21.23043859380605
36.2,17.9899,21.26273038537885
36.2,18.19091,21.293932706399254
36.2,18.39192,21.325065242948487
36.2,18.59293,21.355688080500435
36.2,18.79394,21.385731235543847
36.2,18.99495,21.415774475328742
36.2,19.19596,21.444818148728416
36.2,19.39697,21.473821981011934
36.2,19.59798,21.50234604423687
36.2,19.79899,21.53037033757681
36.2,20.0,21.55635511202199
36.5,0.1,2.4323467556983576
36.5,0.3010101,3.4264394569232284
36.5,0.5020202,3.9775039999500734
36.5,0.7030303,4.405263222146604
36.5,0.9040404,4.792338697922807
36.5,1.105051,5.112052883859334
36.5,1.306061,5.491550292012064
36.5,1.507071,5.851252800315901
36.5,1.708081,6.17861520430091
36.5,1.909091,6.500575420752518
36.5,2.110101,6.821261021319535
36.5,2.311111,7.138791354996583
36.5,2.512121,7.455993708708583
36.5,2.713131,7.779591153490576
36.5,2.914141,8.10356502763347
36.5,3.115152,8.432083936711276
36.5,3.316162,8.764088722215222
36.5,3.517172,9.098124423248784
36.5,3.718182,9.452351688841272
36.5,3.919192,9.805885792932628
36.5,4.120202,10.17329709125817
36.5,4.321212,10.551830677117588
36.5,4.522222,10.934185442261318
36.5,4.723232,11.339456854842673
36.5,4.924242,11.742351307333728
36.5,5.125253,12.155358992137643
36.5,5.326263,12.578688044171527
36.5,5.527273,13.005074309144945
36.5,5.728283,13.43828409231256
36.5,5.929293,13.867440408105063
36.5,6.130303,14.286993131978164
36.5,6.331313,14.706978530833997
36.5,6.532323,15.124072964318815
36.5,6.733333,15.513845787800655
36.5,6.934343,15.899520577040489
36.5,7.135354,16.250774101945726
36.5,7.336364,16.589623422999285
36.5,7.537374,16.919458507333562
36.5,7.738384,17.202935774385068
36.5,7.939394,17.484141655687726
36.5,8.140404,17.726851324603423
36.5,8.341414,17.954714303473196
36.5,8.542424,18.173222235892975
36.5,8.743434,18.354625519778185
36.5,8.944444,18.53536945344667
36.5,9.145455,18.689496073313222
36.5,9.346465,18.83384294438537
36.5,9.547475,18.971759478341852
36.5,9.748485,19.08853410909894
36.5,9.949495,19.20523408447941
36.5,10.15051,19.3068684256018
36.5,10.35152,19.403408454822753
36.5,10.55253,19.496114007617585
36.5,10.75354,19.577949830862927
36.5,10.95455,19.659848441285924
36.5,11.15556,19.733445322771853
36.5,11.35657,19.80456508153167
36.5,11.55758,19.873387998403444
36.5,11.75859,19.93653652185425
36.5,11.9596,19.999736654941906
36.5,12.16061,20.05813156536063
36.5,12.36162,20.115287920918405
36.5,12.56263,20.17099616299398
36.5,12.76364,20.223517540184364
36.5,12.96465,20.276049957243387
36.5,13.16566,20.325565241969556
36.5,13.36667,20.37442126815003
36.5,13.56768,20.422278490694303
36.5,13.76869,20.468157560390885
36.5,13.9697,20.51403736368672
36.5,14.17071,20.55778898724202
36.5,14.37172,20.601191004992074
36.5,14.57273,20.643813836452548
36.5,14.77374,20.685087829497153
36.5,14.97475,20.726332372726564
36.5,15.17576,20.765958146628016
36.5,15.37677,20.80535414155761
36.5,15.57778,20.844110728722445
36.5,15.77879,20.881848099968547
36.5,15.9798,20.919565895850326
36.5,16.18081,20.955914578924574
36.5,16.38182,20.99212339525049
36.5,16.58283,21.02776266803145
36.5,16.78384,21.062572501794754
36.5,16.98485,21.097372668049353
36.5,17.18586,21.130973506403226
36.5,17.38687,21.164474431552833
36.5,17.58788,21.197455721461775
36.5,17.78889,21.22973742940843
36.5,17.9899,21.262019398913306
36.5,18.19091,21.29320189355222
36.5,18.39192,21.324334448746715
36.5,18.59293,21.35496730004769
36.5,18.79394,21.385010468496393
36.5,18.99495,21.41504384382339
36.5,19.19596,21.444067642607287
36.5,19.39697,21.473081484874086
36.5,19.59798,21.501605556549105
36.5,19.79899,21.52962985810069
36.5,20.0,21.553575128696586
36.8,0.1,2.488508648305467
36.8,0.3010101,3.49208307118786
36.8,0.5020202,4.042824941804462
36.8,0.7030303,4.469494685440785
36.8,0.9040404,4.860663285610711
36.8,1.105051,5.225346745412568
36.8,1.306061,5.569404826029105
36.8,1.507071,5.913485876095811
36.8,1.708081,6.241237683667709
36.8,1.909091,6.563552089509573
36.8,2.110101,6.884236694533394
36.8,2.311111,7.201988986623691
36.8,2.512121,7.519745979151672
36.8,2.713131,7.843617326648085
36.8,2.914141,8.167716856925704
36.8,3.115152,8.496239781443048
36.8,3.316162,8.828067717875605
36.8,3.517172,9.161716843845731
36.8,3.718182,9.514749484716047
36.8,3.919192,9.867799178081691
36.8,4.120202,10.235213414906365
36.8,4.321212,10.61229649143516
36.8,4.522222,10.992087602615676
36.8,4.723232,11.393495842865574
36.8,4.924242,11.794921374015876
36.8,5.125253,12.20792316525936
36.8,5.326263,12.627942525260279
36.8,5.527273,13.048907168959772
36.8,5.728283,13.475778254319838
36.8,5.929293,13.90266754376074
36.8,6.130303,14.322234495812685
36.8,6.331313,14.737824173467821
36.8,6.532323,15.1482830533071
36.8,6.733333,15.5318926670571
36.8,6.934343,15.91552184767445
36.8,7.135354,16.266778752766783
36.8,7.336364,16.60233415237994
36.8,7.537374,16.927616191635142
36.8,7.738384,17.207810321011316
36.8,7.939394,17.48801968084033
36.8,8.140404,17.73073133786291
36.8,8.341414,17.95725863993461
36.8,8.542424,18.174071422316434
36.8,8.743434,18.35453869549211
36.8,8.944444,18.53502453477321
36.8,9.145455,18.689152189824682
36.8,9.346465,18.83323139729689
36.8,9.547475,18.97084051425946
36.8,9.748485,19.087517234889972
36.8,9.949495,19.204208191128227
36.8,10.15051,19.30584308753454
36.8,10.35152,19.40241440935306
36.8,10.55253,19.495161382234308
36.8,10.75354,19.577078402900412
36.8,10.95455,19.65899755582309
36.8,11.15556,19.732604755787722
36.8,11.35657,19.803775317816324
36.8,11.55758,19.872679111778634
36.8,11.75859,19.935888406696957
36.8,11.9596,19.9990988662757
36.8,12.16061,20.057503973372725
36.8,12.36162,20.114690880805917
36.8,12.56263,20.170439724898355
36.8,12.76364,20.222981648207575
36.8,12.96465,20.27552427486534
36.8,13.16566,20.325029686926403
36.8,13.36667,20.37389612261903
36.8,13.56768,20.42175378896542
36.8,13.76869,20.46763326797513
36.8,13.9697,20.513513211025145
36.8,14.17071,20.557264919591915
36.8,14.37172,20.60065725399021
36.8,14.57273,20.64327042291579
36.8,14.77374,20.68451473010692
36.8,14.97475,20.725769366815413
36.8,15.17576,20.765385198643123
36.8,15.37677,20.804771441715744
36.8,15.57778,20.843508288057393
36.8,15.77879,20.881225899312806
36.8,15.9798,20.918943757815583
36.8,16.18081,20.95529248008216
36.8,16.38182,20.991491489393542
36.8,16.58283,21.027110958657293
36.8,16.78384,21.06190097444466
36.8,16.98485,21.096701180888072
36.8,17.18586,21.130302045024266
36.8,17.38687,21.163793118083856
36.8,17.58788,21.196754554855175
36.8,17.78889,21.22903639789812
36.8,17.9899,21.26131839183092
36.8,18.19091,21.29250090376855
36.8,18.39192,21.323623570583646
36.8,18.59293,21.35424653009043
36.8,18.79394,21.38427979860161
36.8,18.99495,21.41432318798478
36.8,19.19596,21.443346997667813
36.8,19.39697,21.472350924072387
36.8,19.59798,21.49887548237215
36.8,19.79899,21.522810672475256
36.8,20.0,21.546735934887415
37.1,0.1,2.5424772046610533
37.1,0.3010101,3.5573742665735524
37.1,0.5020202,4.107995070501306
37.1,0.7030303,4.533348460293678
37.1,0.9040404,4.917940562171791
37.1,1.105051,5.23662515743614
37.1,1.306061,5.597958739520614
37.1,1.507071,5.968307784725704
37.1,1.708081,6.302878419566324
37.1,1.909091,6.625425762809073
37.1,2.110101,6.946109140151027
37.1,2.311111,7.264030261918146
37.1,2.512121,7.5822092448979905
37.1,2.713131,7.906247698065652
37.1,2.914141,8.230422826099739
37.1,3.115152,8.55894880816446
37.1,3.316162,8.890556879110441
37.1,3.517172,9.223751016870022
37.1,3.718182,9.57554636650438
37.1,3.919192,9.928094204878057
37.1,4.120202,10.295513436066853
37.1,4.321212,10.671146716514192
37.1,4.522222,11.04835532570777
37.1,4.723232,11.445961646294354
37.1,4.924242,11.845938739563492
37.1,5.125253,12.258954653176136
37.1,5.326263,12.675744907326951
37.1,5.527273,13.091438756513641
37.1,5.728283,13.512171639107372
37.1,5.929293,13.93687406627203
37.1,6.130303,14.356445258433139
37.1,6.331313,14.767799434816242
37.1,6.532323,15.171853067645252
37.1,6.733333,15.549519588311165
37.1,6.934343,15.931173204254259
37.1,7.135354,16.282433490141493
37.1,7.336364,16.614814953791903
37.1,7.537374,16.93568392484283
37.1,7.738384,17.212684836077923
37.1,7.939394,17.491917662181905
37.1,8.140404,17.734631319068807
37.1,8.341414,17.95984290457571
37.1,8.542424,18.174980492794685
37.1,8.743434,18.354521734671284
37.1,8.944444,18.534739483686046
37.1,9.145455,18.688868183812247
37.1,9.346465,18.832669728204838
37.1,9.547475,18.969961422847707
37.1,9.748485,19.086560229272642
37.1,9.949495,19.20322217467779
37.1,10.15051,19.3048476320709
37.1,10.35152,19.401450247875626
37.1,10.55253,19.494248638404933
37.1,10.75354,19.576236852234935
37.1,10.95455,19.658176553525944
37.1,11.15556,19.731784077527973
37.1,11.35657,19.803015440012924
37.1,11.55758,19.871990109892135
37.1,11.75859,19.93526017417015
37.1,11.9596,19.99849096474591
37.1,12.16061,20.056896271031615
37.1,12.36162,20.11411372949394
37.1,12.56263,20.16990317334067
37.1,12.76364,20.222465640756294
37.1,12.96465,20.275018479741835
37.1,13.16566,20.324524021950438
37.1,13.36667,20.373400866710636
37.1,13.56768,20.421258975310515
37.1,13.76869,20.467138861590303
37.1,13.9697,20.513008946399008
37.1,14.17071,20.55677074239721
37.1,14.37172,20.600143393552337
37.1,14.57273,20.642746899002226
37.1,14.77374,20.683981518548137
37.1,14.97475,20.725226250753195
37.1,15.17576,20.764852142492728
37.1,15.37677,20.804218633515276
37.1,15.57778,20.842935738624643
37.1,15.77879,20.880633590719867
37.1,15.9798,20.918341512964034
37.1,16.18081,20.954690276511844
37.1,16.38182,20.99087947878332
37.1,16.58283,21.0264791450239
37.1,16.78384,21.06125934326905
37.1,16.98485,21.096059591324185
37.1,17.18586,21.129650483757143
37.1,17.38687,21.163141705784927
37.1,17.58788,21.196083290122367
37.1,17.78889,21.22835526945677
37.1,17.9899,21.26062728975794
37.1,18.19091,21.291809820630917
37.1,18.39192,21.322932599805647
37.1,18.59293,21.353545667933446
37.1,18.79394,21.383579036068223
37.1,18.99495,21.41361244122808
37.1,19.19596,21.44263626340055
37.1,19.39697,21.471630273351984
37.1,19.59798,21.500154502916406
37.1,19.79899,21.528168950112345
37.1,20.0,21.552114234497154
37.400000000000006,0.1,2.5986575384745967
37.400000000000006,0.3010101,3.6224136685566624
37.400000000000006,0.5020202,4.172068552974936
37.400000000000006,0.7030303,4.59660078895651
37.400000000000006,0.9040404,4.985977561375852
37.400000000000006,1.105051,5.323876156220593
37.400000000000006,1.306061,5.667497515637532
37.400000000000006,1.507071,6.036254590589492
37.400000000000006,1.708081,6.363993592525445
37.400000000000006,1.909091,6.68664626016528
37.400000000000006,2.110101,7.007882302576186
37.400000000000006,2.311111,7.326092438599852
37.400000000000006,2.512121,7.644270897095943
37.400000000000006,2.713131,7.968312707131903
37.400000000000006,2.914141,8.292576314875543
37.400000000000006,3.115152,8.620745303496438
37.400000000000006,3.316162,8.952193768113524
37.400000000000006,3.517172,9.285391216847149
37.400000000000006,3.718182,9.63719069582839
37.400000000000006,3.919192,9.988882952520093
37.400000000000006,4.120202,10.352645969056756
37.400000000000006,4.321212,10.72731077082823
37.400000000000006,4.522222,11.104533130564864
37.400000000000006,4.723232,11.502143651923564
37.400000000000006,4.924242,11.899320219223368
37.400000000000006,5.125253,12.303790732013923
37.400000000000006,5.326263,12.718683225218147
37.400000000000006,5.527273,13.134371042419644
37.400000000000006,5.728283,13.555118274480593
37.400000000000006,5.929293,13.975002768373201
37.400000000000006,6.130303,14.382997329845685
37.400000000000006,6.331313,14.792105668932589
37.400000000000006,6.532323,15.196173080047895
37.400000000000006,6.733333,15.573833519542621
37.400000000000006,6.934343,15.950543178773142
37.400000000000006,7.135354,16.292563768591332
37.400000000000006,7.336364,16.623439474829446
37.400000000000006,7.537374,16.944311152305772
37.400000000000006,7.738384,17.22131463155
37.400000000000006,7.939394,17.497723471753627
37.400000000000006,8.140404,17.736315732593148
37.400000000000006,8.341414,17.960969984905677
37.400000000000006,8.542424,18.17611910395466
37.400000000000006,8.743434,18.355651713685624
37.400000000000006,8.944444,18.534993140595468
37.400000000000006,9.145455,18.688136600850186
37.400000000000006,9.346465,18.831839526546137
37.400000000000006,9.547475,18.969132036514146
37.400000000000006,9.748485,19.085721560564814
37.400000000000006,9.949495,19.20229552368031
37.400000000000006,10.15051,19.303913503022404
37.400000000000006,10.35152,19.400526851552904
37.400000000000006,10.55253,19.493325695989913
37.400000000000006,10.75354,19.57531431178589
37.400000000000006,10.95455,19.657325211922625
37.400000000000006,11.15556,19.731064226312494
37.400000000000006,11.35657,19.80232601248038
37.400000000000006,11.55758,19.871290951729023
37.400000000000006,11.75859,19.934571258282098
37.400000000000006,11.9596,19.997862850435233
37.400000000000006,12.16061,20.056349150415738
37.400000000000006,12.36162,20.113576873655386
37.400000000000006,12.56263,20.1693664864227
37.400000000000006,12.76364,20.221929109353127
37.400000000000006,12.96465,20.274502536758437
37.400000000000006,13.16566,20.32403879912373
37.400000000000006,13.36667,20.372915818067415
37.400000000000006,13.56768,20.420774037648016
37.400000000000006,13.76869,20.466654027905037
37.400000000000006,13.9697,20.512524571189132
37.400000000000006,14.17071,20.556266912504007
37.400000000000006,14.37172,20.599639680956297
37.400000000000006,14.57273,20.642243261456944
37.400000000000006,14.77374,20.683477952266248
37.400000000000006,14.97475,20.724703050077142
37.400000000000006,15.17576,20.764289359946176
37.400000000000006,15.37677,20.80365593033349
37.400000000000006,15.57778,20.842373086882894
37.400000000000006,15.77879,20.880070987719954
37.400000000000006,15.9798,20.917759202135205
37.400000000000006,16.18081,20.954088283875866
37.400000000000006,16.38182,20.99026753893352
37.400000000000006,16.58283,21.025867240478718
37.400000000000006,16.78384,21.06064747276473
37.400000000000006,16.98485,21.095427951435603
37.400000000000006,17.18586,21.128999082168935
37.400000000000006,17.38687,21.162480337950548
37.400000000000006,17.58788,21.1954319462004
37.400000000000006,17.78889,21.227693949019486
37.400000000000006,17.9899,21.25995614845875
37.400000000000006,18.19091,21.29112885418526
37.400000000000006,18.39192,21.32224165451022
37.400000000000006,18.59293,21.352854738777467
37.400000000000006,18.79394,21.38288812262864
37.400000000000006,18.99495,21.412911664311338
37.400000000000006,19.19596,21.441925612408152
37.400000000000006,19.39697,21.4709296346314
37.400000000000006,19.59798,21.499443874936407
37.400000000000006,19.79899,21.527458332545148
37.400000000000006,20.0,21.55343330881779
37.7,0.1,2.6513755635024414
37.7,0.3010101,3.6870507141961553
37.7,0.5020202,4.2365894722430255
37.7,0.7030303,4.6605225096091205
37.7,0.9040404,5.048047262333814
37.7,1.105051,5.392886673728676
37.7,1.306061,5.753825321785967
37.7,1.507071,6.096834921745762
37.7,1.708081,6.424614703552008
37.7,1.909091,6.747429281637551
37.7,2.110101,7.06869169347121
37.7,2.311111,7.387161235015023
37.7,2.512121,7.705504858626299
37.7,2.713131,8.029576978974129
37.7,2.914141,8.353901154811322
37.7,3.115152,8.68203781502419
37.7,3.316162,9.013025685320779
37.7,3.517172,9.346031921454346
37.7,3.718182,9.697077361316888
37.7,3.919192,10.047610482599975
37.7,4.120202,10.411130995704521
37.7,4.321212,10.783394444542228
37.7,4.522222,11.159668458901464
37.7,4.723232,11.55499008752133
37.7,4.924242,11.948876100186636
37.7,5.125253,12.35272022333771
37.7,5.326263,12.762592661674244
37.7,5.527273,13.176452894804084
37.7,5.728283,13.593403152725918
37.7,5.929293,14.008209885152668
37.7,6.130303,14.415268725370076
37.7,6.331313,14.818121912495279
37.7,6.532323,15.220053346997695
37.7,6.733333,15.593919737702034
37.7,6.934343,15.965875335760396
37.7,7.135354,16.307099966535297
37.7,7.336364,16.633432924998747
37.7,7.537374,16.952858604815873
37.7,7.738384,17.227727485898907
37.7,7.939394,17.501641773866808
37.7,8.140404,17.7398566916768
37.7,8.341414,17.962676112430923
37.7,8.542424,18.177287741134162
37.7,8.743434,18.356163562429725
37.7,8.944444,18.53476816149346
37.7,9.145455,18.687833080431687
37.7,9.346465,18.831138802788715
37.7,9.547475,18.968332623540512
37.7,9.748485,19.084853875159013
37.7,9.949495,19.201349498464353
37.7,10.15051,19.302978294549234
37.7,10.35152,19.399613168313156
37.7,10.55253,19.492412712482462
37.7,10.75354,19.574462334500613
37.7,10.95455,19.656534171617505
37.7,11.15556,19.730293684741437
37.7,11.35657,19.801626398869075
37.7,11.55758,19.870611743995525
37.7,11.75859,19.933932708135075
37.7,11.9596,19.997274889490214
37.7,12.16061,20.05577152408068
37.7,12.36162,20.113049877147645
37.7,12.56263,20.16883974505619
37.7,12.76364,20.221432839280027
37.7,12.96465,20.274026670131708
37.7,13.16566,20.32355317438657
37.7,13.36667,20.37244065419493
37.7,13.56768,20.420309041649332
37.7,13.76869,20.466179390254528
37.7,13.9697,20.512050224651233
37.7,14.17071,20.555792748912552
37.7,14.37172,20.599155867885848
37.7,14.57273,20.64174956271174
37.7,14.77374,20.682974533202543
37.7,14.97475,20.724189845799106
37.7,15.17576,20.763776297607947
37.7,15.37677,20.80312313815359
37.7,15.57778,20.841840372175998
37.7,15.77879,20.87951849254983
37.7,15.9798,20.917196866391784
37.7,16.18081,20.95350605855143
37.7,16.38182,20.989675521064008
37.7,16.58283,21.025275274111188
37.7,16.78384,21.060035677120958
37.7,16.98485,21.09480627218445
37.7,17.18586,21.128367488356382
37.7,17.38687,21.161838901165424
37.7,17.58788,21.194790542871353
37.7,17.78889,21.22704267694904
37.7,17.9899,21.259294960349212
37.7,18.19091,21.29045773127891
37.7,18.39192,21.321560648846972
37.7,18.59293,21.352173754181607
37.7,18.79394,21.38219723733292
37.7,18.99495,21.412220838520014
37.7,19.19596,21.441234835620907
37.7,19.39697,21.470228943833572
37.7,19.59798,21.498743196779454
37.7,19.79899,21.522708518540128
37.7,20.0,21.546633918050585
38.0,0.1,2.7046269402814542
38.0,0.3010101,3.7511284384302734
38.0,0.5020202,4.301728782708057
38.0,0.7030303,4.723263037007759
38.0,0.9040404,5.105027438811399
38.0,1.105051,5.421380582172785
38.0,1.306061,5.781531161822555
38.0,1.507071,6.1504306611606845
38.0,1.708081,6.484751061994245
38.0,1.909091,6.807562614020494
38.0,2.110101,7.128822662698218
38.0,2.311111,7.44729143561532
38.0,2.512121,7.7659198699482435
38.0,2.713131,8.090007244053755
38.0,2.914141,8.414333833243292
38.0,3.115152,8.742474599110794
38.0,3.316162,9.073421547664395
38.0,3.517172,9.405486781079786
38.0,3.718182,9.75479312522808
38.0,3.919192,10.105329015509843
38.0,4.120202,10.468853562642085
38.0,4.321212,10.840860588354756
38.0,4.522222,11.212980650667854
38.0,4.723232,11.603590692173077
38.0,4.924242,11.997490618567525
38.0,5.125253,12.401338879963555
38.0,5.326263,12.810574998001057
38.0,5.527273,13.21612375623102
38.0,5.728283,13.62596646167683
38.0,5.929293,14.040787164646062
38.0,6.130303,14.447840131743332
38.0,6.331313,14.849767557524308
38.0,6.532323,15.241705073325713
38.0,6.733333,15.609028942893081
38.0,6.934343,15.98098786934091
38.0,7.135354,16.322215758664868
38.0,7.336364,16.647752612174067
38.0,7.537374,16.96019790567726
38.0,7.738384,17.231643815631653
38.0,7.939394,17.505560215849858
38.0,8.140404,17.74377707898836
38.0,8.341414,17.966229032844076
38.0,8.542424,18.178107569340074
38.0,8.743434,18.35597743855211
38.0,8.944444,18.534593191686753
38.0,9.145455,18.687659140996978
38.0,9.346465,18.830876258158167
38.0,9.547475,18.967523863662915
38.0,9.748485,19.083937194036892
38.0,9.949495,19.20043344725187
38.0,10.15051,19.302052801915437
38.0,10.35152,19.398698462200624
38.0,10.55253,19.491570120626672
38.0,10.75354,19.57368089527011
38.0,10.95455,19.65575309554993
38.0,11.15556,19.729512932061596
38.0,11.35657,19.800866130295688
38.0,11.55758,19.86998280314691
38.0,11.75859,19.933364480687377
38.0,11.9596,19.996696884457013
38.0,12.16061,20.05519372030529
38.0,12.36162,20.1124924003092
38.0,12.56263,20.16834320164295
38.0,12.76364,20.2209567802335
38.0,12.96465,20.273550754039594
38.0,13.16566,20.32308738979028
38.0,13.36667,20.371975106993816
38.0,13.56768,20.41985419927799
38.0,13.76869,20.46572489324525
38.0,13.9697,20.511595823392522
38.0,14.17071,20.55533843727336
38.0,14.37172,20.5986917371808
38.0,14.57273,20.64126598410022
38.0,14.77374,20.68248120627766
38.0,14.97475,20.723696585202795
38.0,15.17576,20.763283098138103
38.0,15.37677,20.802620079688097
38.0,15.57778,20.84129774934164
38.0,15.77879,20.87896605366869
38.0,15.9798,20.916644472623403
38.0,16.18081,20.952953707953277
38.0,16.38182,20.98911328083083
38.0,16.58283,21.02468337467407
38.0,16.78384,21.059433909391835
38.0,16.98485,21.094204536731795
38.0,17.18586,21.12776578306708
38.0,17.38687,21.161227280821183
38.0,17.58788,21.19414918525619
38.0,17.78889,21.22640141252758
38.0,17.9899,21.258653717904885
38.0,18.19091,21.289816509845156
38.0,18.39192,21.32091949281017
38.0,18.59293,21.351512797477934
38.0,18.79394,21.381526345048428
38.0,18.99495,21.4115499613821
38.0,19.19596,21.440563972914873
38.0,19.39697,21.469548130620414
38.0,19.59798,21.498052532455546
38.0,19.79899,21.524047500196218
38.0,20.0,21.54797291448883
10.4,0.1,1.6509573976251173
10.4,0.3010101,2.4347533250011244
10.4,0.5020202,2.5462573537669693
10.4,0.7030303,1.7700481244739645
10.4,1.306061,2.7864540898798116
10.4,1.507071,3.7456900632631394
10.4,1.708081,3.6246662281845317
10.4,1.909091,3.4122987824351854
10.4,2.110101,3.1676492633396105
10.4,2.311111,2.90680353253969
10.4,2.512121,2.6461636414365874
10.4,2.713131,2.4051650855342084
10.4,2.914141,2.20302615936507
10.4,3.115152,2.0605343527621103
10.4,3.316162,2.014658505012432
10.4,3.517172,2.0749545764528854
10.4,3.718182,2.240047236309017
10.4,3.919192,2.4681805336813034
10.4,4.120202,2.7224120227887614
10.4,4.321212,2.984047354690412
10.4,4.522222,3.2452196854814064
10.4,4.723232,3.511439672475296
10.4,4.924242,3.7992389837080447
10.4,5.125253,4.144770606602133
10.4,5.326263,4.628450185484232
10.4,5.527273,5.2727115050259155
10.4,5.728283,6.031686181018838
10.4,5.929293,6.989287266453931
10.4,6.130303,8.144552692414164
10.4,6.331313,9.425907275915996
10.4,6.532323,10.808853464083557
10.4,6.733333,12.218600003858722
10.4,6.934343,13.54927416497613
10.4,7.135354,14.724780403914682
10.4,7.336364,15.731931150842692
10.4,7.537374,16.541839670254564
10.4,7.738384,17.16503044786667
10.4,7.939394,17.628167952084166
10.4,8.140404,18.00091474281872
10.4,8.341414,18.3028918083734
10.4,8.542424,18.551761926326574
10.4,8.743434,18.758426291388925
10.4,8.944444,18.92925387317257
10.4,9.145455,19.079920200654172
10.4,9.346465,19.213682049577304
10.4,9.547475,19.334068596544885
10.4,9.748485,19.44316784095472
10.4,9.949495,19.53768207567607
10.4,10.15051,19.622907121486072
10.4,10.35152,19.712074203855714
10.4,10.55253,19.798019446140025
10.4,10.75354,19.871336121190513
10.4,10.95455,19.94475737654128
10.4,11.15556,20.01159596360162
10.4,11.35657,20.07613888539701
10.4,11.55758,20.138716035674943
10.4,11.75859,20.196378045870212
10.4,11.9596,20.25419264537635
10.4,12.16061,20.307821058916467
10.4,12.36162,20.359921861854453
10.4,12.56263,20.410604852868204
10.4,12.76364,20.458160033152108
10.4,12.96465,20.50592653655878
10.4,13.16566,20.550854578145497
10.4,13.36667,20.59470363207816
10.4,13.56768,20.637553548922
10.4,13.76869,20.67838408718827
10.4,13.9697,20.71941528414112
10.4,14.17071,20.758496795821152
10.4,14.37172,20.796858515640942
10.4,14.57273,20.83447042146556
10.4,14.77374,20.870782267950343
10.4,14.97475,20.90726448254301
10.4,15.17576,20.9423265158141
10.4,15.37677,20.97692839505864
10.4,15.57778,21.01095019080952
10.4,15.77879,21.044081731436133
10.4,15.9798,21.07734352835857
10.4,16.18081,21.10949501169485
10.4,16.38182,21.14134622342824
10.4,16.58283,21.172727279767514
10.4,16.78384,21.203438081361544
10.4,16.98485,21.234259098950307
10.4,17.18586,21.264139814012708
10.4,17.38687,21.293830251450217
10.4,17.58788,21.32310054227371
10.4,17.78889,21.351840638027344
10.4,17.9899,21.38067093270444
10.4,18.19091,21.40867098022752
10.4,18.39192,21.436540788752875
10.4,18.59293,21.46403048590726
10.4,18.79394,21.49107005382771
10.4,18.99495,21.518189805778363
10.4,19.19596,21.544539373963392
10.4,19.39697,21.570808757570703
10.4,19.59798,21.596718074356403
10.4,19.79899,21.62223732239781
10.4,20.0,21.645946759877287
10.700000000000001,0.1,1.3347834174920203
10.700000000000001,0.3010101,2.0470139550196325
10.700000000000001,0.5020202,2.0452370476348865
10.700000000000001,0.7030303,1.7174089485625592
10.700000000000001,1.306061,2.8450623614355326
10.700000000000001,1.507071,3.61819924649731
10.700000000000001,1.708081,3.5124035061510854
10.700000000000001,1.909091,3.305830484504824
10.700000000000001,2.110101,3.0684102304971583
10.700000000000001,2.311111,2.824606706949921
10.700000000000001,2.512121,2.5893803230000687
10.700000000000001,2.713131,2.3755361323213076
10.700000000000001,2.914141,2.196014730583676
10.700000000000001,3.115152,2.0624506170405006
10.700000000000001,3.316162,2.0061294721468865
10.700000000000001,3.517172,2.037014496328117
10.700000000000001,3.718182,2.1711775817341272
10.700000000000001,3.919192,2.385721669228452
10.700000000000001,4.120202,2.645417020200265
10.700000000000001,4.321212,2.923822010194611
10.700000000000001,4.522222,3.2046867274980615
10.700000000000001,4.723232,3.4850843416276023
10.700000000000001,4.924242,3.7758586846841315
10.700000000000001,5.125253,4.111832136862243
10.700000000000001,5.326263,4.5749931352186515
10.700000000000001,5.527273,5.2117003652123985
10.700000000000001,5.728283,5.9958350355904475
10.700000000000001,5.929293,6.999773483286482
10.700000000000001,6.130303,8.161321370103556
10.700000000000001,6.331313,9.47113161537404
10.700000000000001,6.532323,10.858214112165026
10.700000000000001,6.733333,12.258975535248357
10.700000000000001,6.934343,13.567021763768453
10.700000000000001,7.135354,14.737879099734212
10.700000000000001,7.336364,15.723761368173573
10.700000000000001,7.537374,16.52915193610609
10.700000000000001,7.738384,17.149257532304457
10.700000000000001,7.939394,17.61216363326093
10.700000000000001,8.140404,17.985174733415025
10.700000000000001,8.341414,18.288502953753593
10.700000000000001,8.542424,18.53776682321956
10.700000000000001,8.743434,18.745215779398105
10.700000000000001,8.944444,18.91667726036749
10.700000000000001,9.145455,19.067476618035755
10.700000000000001,9.346465,19.201802276592534
10.700000000000001,9.547475,19.3223224302167
10.700000000000001,9.748485,19.43175572579019
10.700000000000001,9.949495,19.526584597326284
10.700000000000001,10.15051,19.61886863680432
10.700000000000001,10.35152,19.70481390557435
10.700000000000001,10.55253,19.7874665328961
10.700000000000001,10.75354,19.86105877416926
10.700000000000001,10.95455,19.93475559738739
10.700000000000001,11.15556,20.001709967614886
10.700000000000001,11.35657,20.06669886146834
10.700000000000001,11.55758,20.12937212470958
10.700000000000001,11.75859,20.187450523694576
10.700000000000001,11.9596,20.24565156855261
10.700000000000001,12.16061,20.29945681204152
10.700000000000001,12.36162,20.352154509766276
10.700000000000001,12.56263,20.402954733204286
10.700000000000001,12.76364,20.451027359077127
10.700000000000001,12.96465,20.49921138690055
10.700000000000001,13.16566,20.544337325657406
10.700000000000001,13.36667,20.58881441904453
10.700000000000001,13.56768,20.63175260279407
10.700000000000001,13.76869,20.673061668005133
10.700000000000001,13.9697,20.7144714224411
10.700000000000001,14.17071,20.753721722324574
10.700000000000001,14.37172,20.792602476415535
10.700000000000001,14.57273,20.830293415532836
10.700000000000001,14.77374,20.86699461236928
10.700000000000001,14.97475,20.903756134650067
10.700000000000001,15.17576,20.938967577164703
10.700000000000001,15.37677,20.973949162231264
10.700000000000001,15.57778,21.00802047941336
10.700000000000001,15.77879,21.041451894458543
10.700000000000001,15.9798,21.07491346080737
10.700000000000001,16.18081,21.10718474146582
10.700000000000001,16.38182,21.139326048250137
10.700000000000001,16.58283,21.17072691091482
10.700000000000001,16.78384,21.2016678833008
10.700000000000001,16.98485,21.232628925525294
10.700000000000001,17.18586,21.26259966301839
10.700000000000001,17.38687,21.292500393285096
10.700000000000001,17.58788,21.321780646651085
10.700000000000001,17.78889,21.350701059723015
10.700000000000001,17.9899,21.379621504681243
10.700000000000001,18.19091,21.407691693768303
10.700000000000001,18.39192,21.435711873356325
10.700000000000001,18.59293,21.463211612437988
10.700000000000001,18.79394,21.49039154805824
10.700000000000001,18.99495,21.51757149791871
10.700000000000001,19.19596,21.54398125826209
10.700000000000001,19.39697,21.570371016179923
10.700000000000001,19.59798,21.59627040925211
10.700000000000001,19.79899,21.618200060586304
10.700000000000001,20.0,21.640079718063596
11.0,0.1,1.1764632854637125
11.0,0.3010101,1.7431692807949324
11.0,0.5020202,1.775894253056832
11.0,0.7030303,1.473179147118836
11.0,1.306061,2.596296779346349
11.0,1.507071,3.5128512568724397
11.0,1.708081,3.404444782089751
11.0,1.909091,3.2005310330308783
11.0,2.110101,2.970054318241581
11.0,2.311111,2.7399419192714003
11.0,2.512121,2.524733954079711
11.0,2.713131,2.334237228645839
11.0,2.914141,2.175273442585212
11.0,3.115152,2.0563946721474995
11.0,3.316162,2.0000056307023866
11.0,3.517172,2.016965715838757
11.0,3.718182,2.129550185278087
11.0,3.919192,2.330814974432331
11.0,4.120202,2.589903121357651
11.0,4.321212,2.8780954704200807
11.0,4.522222,3.171934056780464
11.0,4.723232,3.4652271576251223
11.0,4.924242,3.7633381337012635
11.0,5.125253,4.097393332228135
11.0,5.326263,4.578200069016257
11.0,5.527273,5.183259237731238
11.0,5.728283,5.984847077206501
11.0,5.929293,7.004329415006152
11.0,6.130303,8.197620898241896
11.0,6.331313,9.512301657309226
11.0,6.532323,10.902825072254094
11.0,6.733333,12.296635428890088
11.0,6.934343,13.594152508995109
11.0,7.135354,14.742094308442653
11.0,7.336364,15.722822622378825
11.0,7.537374,16.518041696635382
11.0,7.738384,17.135363770665734
11.0,7.939394,17.597987907504503
11.0,8.140404,17.971359676399306
11.0,8.341414,18.274880498080748
11.0,8.542424,18.52496865342667
11.0,8.743434,18.73285014864192
11.0,8.944444,18.904614050554912
11.0,9.145455,19.05593616553626
11.0,9.346465,19.19037494097564
11.0,9.547475,19.31128845920294
11.0,9.748485,19.4209356021081
11.0,9.949495,19.50902530518727
11.0,10.15051,19.596398380341768
11.0,10.35152,19.689531966707392
11.0,10.55253,19.777665652539667
11.0,10.75354,19.85157368017766
11.0,10.95455,19.92526611997526
11.0,11.15556,19.992216494404143
11.0,11.35657,20.0573015314968
11.0,11.55758,20.120731062439525
11.0,11.75859,20.179236016482744
11.0,11.9596,20.2374237482257
11.0,12.16061,20.291226034101268
11.0,12.36162,20.344080824161136
11.0,12.56263,20.395898045689542
11.0,12.76364,20.44445815742899
11.0,12.96465,20.492649881580178
11.0,13.16566,20.537763821644518
11.0,13.36667,20.58241894705231
11.0,13.56768,20.626395232211937
11.0,13.76869,20.66814275549655
11.0,13.9697,20.70954104543833
11.0,14.17071,20.74880010945213
11.0,14.37172,20.787839686154403
11.0,14.57273,20.826399768180117
11.0,14.77374,20.86343017088673
11.0,14.97475,20.900200828850547
11.0,15.17576,20.93540156370482
11.0,15.37677,20.97053253423139
11.0,15.57778,21.00528372319101
11.0,15.77879,21.03894482082665
11.0,15.9798,21.072405913531103
11.0,16.18081,21.104676823340064
11.0,16.38182,21.13692787694999
11.0,16.58283,21.168839038636516
11.0,16.78384,21.199939964303223
11.0,16.98485,21.23090077438469
11.0,17.18586,21.260881346019968
11.0,17.38687,21.290862040033694
11.0,17.58788,21.32053280533076
11.0,17.78889,21.34955331012021
11.0,17.9899,21.378473667132237
11.0,18.19091,21.406543810690234
11.0,18.39192,21.434644075978927
11.0,18.59293,21.4624244030774
11.0,18.79394,21.48967449182812
11.0,18.99495,21.516864436965925
11.0,19.19596,21.543264219308327
11.0,19.39697,21.569714125198903
11.0,19.59798,21.595834103233138
11.0,19.79899,21.619663905735873
11.0,20.0,21.641543597997543
38.3,0.1,2.755467169775717
38.3,0.3010101,3.814471980292457
38.3,0.5020202,4.365677915757442
38.3,0.7030303,4.786299579758175
38.3,0.9040404,5.1719517773509684
38.3,1.105051,5.532556585992868
38.3,1.306061,5.874720610212418
38.3,1.507071,6.216911583529737
38.3,1.708081,6.544556724346675
38.3,1.909091,6.867360765162788
38.3,2.110101,7.188675015150789
38.3,2.311111,7.5073107337902805
38.3,2.512121,7.82595188689871
38.3,2.713131,8.15004161505123
38.3,2.914141,8.47433575345445
38.3,3.115152,8.80215892358023
38.3,3.316162,9.132616823977813
38.3,3.517172,9.464685372809209
38.3,3.718182,9.813874464677511
38.3,3.919192,10.163078667513977
38.3,4.120202,10.524632739138571
38.3,4.321212,10.89448974748211
38.3,4.522222,11.266603581560057
38.3,4.723232,11.65680733382882
38.3,4.924242,12.04701677330515
38.3,5.125253,12.446435401276041
38.3,5.326263,12.851422700591135
38.3,5.527273,13.256985376304257
38.3,5.728283,13.666022184550771
38.3,5.929293,14.075075517930241
38.3,6.130303,14.47619285863134
38.3,6.331313,14.87301513296139
38.3,6.532323,15.264966304553397
38.3,6.733333,15.631374475851944
38.3,6.934343,15.99779993684809
38.3,7.135354,16.33426490576925
38.3,7.336364,16.656198026996584
38.3,7.537374,16.96864593729393
38.3,7.738384,17.239515111168515
38.3,7.939394,17.510397735560737
38.3,8.140404,17.74644009854215
38.3,8.341414,17.967456371099274
38.3,8.542424,18.179336405611224
38.3,8.743434,18.357008166912685
38.3,8.944444,18.534697646450358
38.3,9.145455,18.687216659921233
38.3,9.346465,18.830126082791622
38.3,9.547475,18.96678449453706
38.3,9.748485,19.08315886332164
38.3,9.949495,19.19954711063555
38.3,10.15051,19.30116811934117
38.3,10.35152,19.397825020326906
38.3,10.55253,19.490697130259782
38.3,10.75354,19.57282851369525
38.3,10.95455,19.654961864792405
38.3,11.15556,19.728802686051463
38.3,11.35657,19.80020662158987
38.3,11.55758,19.869323563185176
38.3,11.75859,19.932725634450087
38.3,11.9596,19.996118780259
38.3,12.16061,20.054666272242848
38.3,12.36162,20.111985439158143
38.3,12.56263,20.167846409688014
38.3,12.76364,20.22047026493403
38.3,12.96465,20.273084764330758
38.3,13.16566,20.322641874574018
38.3,13.36667,20.371529934278314
38.3,13.56768,20.41940913929263
38.3,13.76869,20.465280039502176
38.3,13.9697,20.511141363038494
38.3,14.17071,20.554874336872906
38.3,14.37172,20.598227887600547
38.3,14.57273,20.640802210992838
38.3,14.77374,20.682007592510182
38.3,14.97475,20.723213274340615
38.3,15.17576,20.76278006419821
38.3,15.37677,20.802107232498845
38.3,15.57778,20.840784954741313
38.3,15.77879,20.878443383768253
38.3,15.9798,20.916102036529864
38.3,16.18081,20.95240148480996
38.3,16.38182,20.988541195164316
38.3,16.58283,21.02411132621648
38.3,16.78384,21.058861958316395
38.3,16.98485,21.09360276465011
38.3,17.18586,21.127154172558274
38.3,17.38687,21.160605771223334
38.3,17.58788,21.193527701956977
38.3,17.78889,21.225770004200964
38.3,17.9899,21.25801244485897
38.3,18.19091,21.289165357769576
38.3,18.39192,21.320258413160044
38.3,18.59293,21.350851735922017
38.3,18.79394,21.3808653408356
38.3,18.99495,21.410879057736697
38.3,19.19596,21.439883158126527
38.3,19.39697,21.46886736684296
38.3,19.59798,21.49737178121886
38.3,19.79899,21.525376400705426
38.3,20.0,21.553381112759844
38.6,0.1,2.8054506537539883
38.6,0.3010101,3.8771508448407164
38.6,0.5020202,4.4292453437344665
38.6,0.7030303,4.848807585649653
38.6,0.9040404,5.227902920117765
38.6,1.105051,5.550333271718011
38.6,1.306061,5.934981572390452
38.6,1.507071,6.2762083487192335
38.6,1.708081,6.603609784658774
38.6,1.909091,6.926282590123272
38.6,2.110101,7.247506709817054
38.6,2.311111,7.566180919316593
38.6,2.512121,7.88482480896509
38.6,2.713131,8.208915872724004
38.6,2.914141,8.533078775670226
38.6,3.115152,8.860503459835686
38.6,3.316162,9.19041425788452
38.6,3.517172,9.522486115805199
38.6,3.718182,9.871556087334639
38.6,3.919192,10.219403617352883
38.6,4.120202,10.578958025242057
38.6,4.321212,10.946655615509046
38.6,4.522222,11.31878323852246
38.6,4.723232,11.708560803486709
38.6,4.924242,12.09514026096732
38.6,5.125253,12.490229973972898
38.6,5.326263,12.891099167869152
38.6,5.527273,13.29665577960024
38.6,5.728283,13.704906804537169
38.6,5.929293,14.108383475478385
38.6,6.130303,14.503765634475819
38.6,6.331313,14.895673008010018
38.6,6.532323,15.287617824541602
38.6,6.733333,15.65315029147187
38.6,6.934343,16.01423233617246
38.6,7.135354,16.34608434612838
38.6,7.336364,16.66452367758474
38.6,7.537374,16.97697420501193
38.6,7.738384,17.24728662155474
38.6,7.939394,17.515215393559995
38.6,8.140404,17.749133188382732
38.6,8.341414,17.968743733284036
38.6,8.542424,18.180615274101317
38.6,8.743434,18.358098923072557
38.6,8.944444,18.534852086157066
38.6,9.145455,18.686834138036858
38.6,9.346465,18.829435851707455
38.6,9.547475,18.966085078067067
38.6,9.748485,19.08244048555476
38.6,9.949495,19.19871071921164
38.6,10.15051,19.300313373020753
38.6,10.35152,19.396981512062112
38.6,10.55253,19.489854078238054
38.6,10.75354,19.57200607212677
38.6,10.95455,19.654210567777753
38.6,11.15556,19.72811236986909
38.6,11.35657,19.799567042219063
38.6,11.55758,19.8686842559797
38.6,11.75859,19.932106722297632
38.6,11.9596,19.99556060578119
38.6,12.16061,20.05415875084449
38.6,12.36162,20.111508401459684
38.6,12.56263,20.167369544236937
38.6,12.76364,20.219993676806865
38.6,12.96465,20.27264869819842
38.6,13.16566,20.322206280705263
38.6,13.36667,20.371104682687143
38.6,13.56768,20.418984001297364
38.6,13.76869,20.464855108800553
38.6,13.9697,20.510716823315924
38.6,14.17071,20.55445015428912
38.6,14.37172,20.597793955198803
38.6,14.57273,20.640368357049365
38.6,14.77374,20.681563898952746
38.6,14.97475,20.722759881020636
38.6,15.17576,20.762306947105994
38.6,15.37677,20.80162430112968
38.6,15.57778,20.840302078314703
38.6,15.77879,20.87795063255126
38.6,15.9798,20.915589518212673
38.6,16.18081,20.951869178281278
38.6,16.38182,20.987999026885277
38.6,16.58283,21.023559196885003
38.6,16.78384,21.058299927082267
38.6,16.98485,21.093030912660442
38.6,17.18586,21.126572482247774
38.6,17.38687,21.16001418235432
38.6,17.58788,21.192936140222983
38.6,17.78889,21.22516851872085
38.6,17.9899,21.257391095392343
38.6,18.19091,21.28853413026975
38.6,18.39192,21.319627259198338
38.6,18.59293,21.35022060135571
38.6,18.79394,21.38022426534939
38.6,18.99495,21.410228084881407
38.6,19.19596,21.439232276536778
38.6,19.39697,21.46820653820249
38.6,19.59798,21.496710966219045
38.6,19.79899,21.52269601200548
38.6,20.0,21.54661155596954
38.900000000000006,0.1,2.856134454153365
38.900000000000006,0.3010101,3.93946560742251
38.900000000000006,0.5020202,4.491551324996156
38.900000000000006,0.7030303,4.910657969158436
38.900000000000006,0.9040404,5.294501747176445
38.900000000000006,1.105051,5.628189913652166
38.900000000000006,1.306061,5.969380257719016
38.900000000000006,1.507071,6.328642590578736
38.900000000000006,1.708081,6.662150945827715
38.900000000000006,1.909091,6.984787881712542
38.900000000000006,2.110101,7.306009463093617
38.900000000000006,2.311111,7.624683851953414
38.900000000000006,2.512121,7.943325040700763
38.900000000000006,2.713131,8.267179506699739
38.900000000000006,2.914141,8.591344760543812
38.900000000000006,3.115152,8.918773508153029
38.900000000000006,3.316162,9.24863944108166
38.900000000000006,3.517172,9.579599916734718
38.900000000000006,3.718182,9.926854736255748
38.900000000000006,3.919192,10.274696987679956
38.900000000000006,4.120202,10.634265390738625
38.900000000000006,4.321212,11.001716617931553
38.900000000000006,4.522222,11.36968210570357
38.900000000000006,4.723232,11.754869218797692
38.900000000000006,4.924242,12.141462569840755
38.900000000000006,5.125253,12.536556404229175
38.900000000000006,5.326263,12.93679937317977
38.900000000000006,5.527273,13.334456669701506
38.900000000000006,5.728283,13.735971349948684
38.900000000000006,5.929293,14.139451880046142
38.900000000000006,6.130303,14.534838033653854
38.900000000000006,6.331313,14.925839572154867
38.900000000000006,6.532323,15.30839113350162
38.900000000000006,6.733333,15.667721079228869
38.900000000000006,6.934343,16.028806317495693
38.900000000000006,7.135354,16.36066145634026
38.900000000000006,7.336364,16.678344542079643
38.900000000000006,7.537374,16.9841944344039
38.900000000000006,7.738384,17.25122366876363
38.900000000000006,7.939394,17.519154481495445
38.900000000000006,8.140404,17.75307416266788
38.900000000000006,8.341414,17.972317171152735
38.900000000000006,8.542424,18.18153541709377
38.900000000000006,8.743434,18.358013016456702
38.900000000000006,8.944444,18.534777312241786
38.900000000000006,9.145455,18.686750374480173
38.900000000000006,9.346465,18.829273459318824
38.900000000000006,9.547475,18.965356398532517
38.900000000000006,9.748485,19.081593853834672
38.900000000000006,9.949495,19.197864710780934
38.900000000000006,10.15051,19.29945791682952
38.900000000000006,10.35152,19.3961368326681
38.900000000000006,10.55253,19.48905148346842
38.900000000000006,10.75354,19.571274615500283
38.900000000000006,10.95455,19.653469471254486
38.900000000000006,11.15556,19.727371595418507
38.900000000000006,11.35657,19.798856747397263
38.900000000000006,11.55758,19.868095268378468
38.900000000000006,11.75859,19.931568439996056
38.900000000000006,11.9596,19.995022544777456
38.900000000000006,12.16061,20.053620889527725
38.900000000000006,12.36162,20.110990864930486
38.900000000000006,12.56263,20.166912923536987
38.900000000000006,12.76364,20.219567534229892
38.900000000000006,12.96465,20.27221269826361
38.900000000000006,13.16566,20.321770412572942
38.900000000000006,13.36667,20.370679049910834
38.900000000000006,13.56768,20.418569059321516
38.900000000000006,13.76869,20.46444050771874
38.900000000000006,13.9697,20.51030231931097
38.900000000000006,14.17071,20.55402573941559
38.900000000000006,14.37172,20.59736972076818
38.900000000000006,14.57273,20.63992466271863
38.900000000000006,14.77374,20.681110453476688
38.900000000000006,14.97475,20.722306502392126
38.900000000000006,15.17576,20.76185363123753
38.900000000000006,15.37677,20.801161126054055
38.900000000000006,15.57778,20.839809330611747
38.900000000000006,15.77879,20.877438066786194
38.900000000000006,15.9798,20.915077000088928
38.900000000000006,16.18081,20.951356704163192
38.900000000000006,16.38182,20.987476663474123
38.900000000000006,16.58283,21.023007169312883
38.900000000000006,16.78384,21.057738031981852
38.900000000000006,16.98485,21.09246905046789
38.900000000000006,17.18586,21.12600065191874
38.900000000000006,17.38687,21.159442438073846
38.900000000000006,17.58788,21.19233465714267
38.900000000000006,17.78889,21.22455712996067
38.900000000000006,17.9899,21.25678973025945
38.900000000000006,18.19091,21.28792278784748
38.900000000000006,18.39192,21.31900598380466
38.900000000000006,18.59293,21.34957952600915
38.900000000000006,18.79394,21.379583256407766
38.900000000000006,18.99495,21.40958709276269
38.900000000000006,19.19596,21.438581300553455
38.900000000000006,19.39697,21.467555613852166
38.900000000000006,19.59798,21.496050194299094
38.900000000000006,19.79899,21.51999566986577
38.900000000000006,20.0,21.543911218370894
39.2,0.1,2.904580870542926
39.2,0.3010101,4.001181754993541
39.2,0.5020202,4.554162793321134
39.2,0.7030303,4.972912987449043
39.2,0.9040404,5.35504318622513
39.2,1.105051,5.687921602503918
39.2,1.306061,6.028028560191218
39.2,1.507071,6.386968554897011
39.2,1.708081,6.720389288401415
39.2,1.909091,7.042714291825022
39.2,2.110101,7.363883741899994
39.2,2.311111,7.682482596489877
39.2,2.512121,8.00107751533301
39.2,2.713131,8.32482315171226
39.2,2.914141,8.648774421671478
39.2,3.115152,8.976155953583355
39.2,3.316162,9.305363212520232
39.2,3.517172,9.636049645785862
39.2,3.718182,9.982483952740997
39.2,3.919192,10.329068376048493
39.2,4.120202,10.688390433524592
39.2,4.321212,11.053422334669072
39.2,4.522222,11.420450277314066
39.2,4.723232,11.803449690440683
39.2,4.924242,12.186904146066924
39.2,5.125253,12.581411862581769
39.2,5.326263,12.977037108068705
39.2,5.527273,13.372997602735134
39.2,5.728283,13.771066400343896
39.2,5.929293,14.169940626630876
39.2,6.130303,14.564481021666163
39.2,6.331313,14.949838137962551
39.2,6.532323,15.330473801519405
39.2,6.733333,15.686379619010493
39.2,6.934343,16.043180811545504
39.2,7.135354,16.374309797429103
39.2,7.336364,16.68786980969273
39.2,7.537374,16.992423477996837
39.2,7.738384,17.25747781317808
39.2,7.939394,17.52310380275141
39.2,8.140404,17.75666603490013
39.2,8.341414,17.97416395589887
39.2,8.542424,18.182864588853636
39.2,8.743434,18.35869526308847
39.2,8.944444,18.534742606852785
39.2,9.145455,18.686627099096835
39.2,9.346465,18.828732891972727
39.2,9.547475,18.964717097372592
39.2,9.748485,19.08085623898154
39.2,9.949495,19.197038718208574
39.2,10.15051,19.298632732512846
39.2,10.35152,19.395323139186466
39.2,10.55253,19.48824847389424
39.2,10.75354,19.57050259145913
39.2,10.95455,19.652748368020887
39.2,11.15556,19.726680985969804
39.2,11.35657,19.798227046792825
39.2,11.55758,19.867475967179175
39.2,11.75859,19.93099978102111
39.2,11.9596,19.994504463720713
39.2,12.16061,20.053113140680775
39.2,12.36162,20.110523730009174
39.2,12.56263,20.166456039461394
39.2,12.76364,20.219131108545664
39.2,12.96465,20.271796668250303
39.2,13.16566,20.32136462130243
39.2,13.36667,20.37027370751193
39.2,13.56768,20.41816388395534
39.2,13.76869,20.464035680075003
39.2,13.9697,20.509907776314854
39.2,14.17071,20.55362137875125
39.2,14.37172,20.596955701227618
39.2,14.57273,20.639510756464126
39.2,14.77374,20.680686819977556
39.2,14.97475,20.721863081039007
39.2,15.17576,20.761410351353053
39.2,15.37677,20.800698109729993
39.2,15.57778,20.839346392689247
39.2,15.77879,20.8769553442469
39.2,15.9798,20.91458443520966
39.2,16.18081,20.950854250984378
39.2,16.38182,20.98695441452384
39.2,16.58283,21.02248497414163
39.2,16.78384,21.057196005567356
39.2,16.98485,21.09191714136173
39.2,17.18586,21.12544883005508
39.2,17.38687,21.158870772953605
39.2,17.58788,21.191763028294957
39.2,17.78889,21.22397563293852
39.2,17.9899,21.2561883193474
39.2,18.19091,21.28732144462156
39.2,18.39192,21.318394759321812
39.2,18.59293,21.348968325497562
39.2,18.79394,21.378962157087415
39.2,18.99495,21.408956055633638
39.2,19.19596,21.43795031555247
39.2,19.39697,21.46691471788439
39.2,19.59798,21.495399313996625
39.2,19.79899,21.52338410333034
39.2,20.0,21.54934932563339
39.5,0.1,2.9547528282764604
39.5,0.3010101,4.062156848337643
39.5,0.5020202,4.617160345412821
39.5,0.7030303,5.034020946828355
39.5,0.9040404,5.41054034215213
39.5,1.105051,5.722719205092663
39.5,1.306061,6.097248903817302
39.5,1.507071,6.451752316913354
39.5,1.708081,6.778227839560655
39.5,1.909091,7.100409287502053
39.5,2.110101,7.421040502391274
39.5,2.311111,7.739509542801331
39.5,2.512121,8.058103681987475
39.5,2.713131,8.38185262874238
39.5,2.914141,8.705628956647361
39.5,3.115152,9.032034133670939
39.5,3.316162,9.3609367326541
39.5,3.517172,9.69162737662662
39.5,3.718182,10.038063789487701
39.5,3.919192,10.383660258263172
39.5,4.120202,10.739200940428844
39.5,4.321212,11.103275767228508
39.5,4.522222,11.470317462820924
39.5,4.723232,11.853321104396414
39.5,4.924242,12.234177617880574
39.5,5.125253,12.620915670229751
39.5,5.326263,13.014864465463626
39.5,5.527273,13.41082878562764
39.5,5.728283,13.808901753743994
39.5,5.929293,14.203619929345754
39.5,6.130303,14.588066444596626
39.5,6.331313,14.971537923161971
39.5,6.532323,15.352177084101989
39.5,6.733333,15.708086493620637
39.5,6.934343,16.060683801613784
39.5,7.135354,16.383752809411998
39.5,7.336364,16.696026781563365
39.5,7.537374,17.00058295809249
39.5,7.738384,17.265629673820765
39.5,7.939394,17.52875121185989
39.5,8.140404,17.75854142511134
39.5,8.341414,17.97553183879475
39.5,8.542424,18.184233931192782
39.5,8.743434,18.36006591545206
39.5,8.944444,18.5352467231365
39.5,9.145455,18.68612573501967
39.5,9.346465,18.828122857360405
39.5,9.547475,18.964107861378334
39.5,9.748485,19.080247704315635
39.5,9.949495,19.196302128036173
39.5,10.15051,19.297848576306947
39.5,10.35152,19.394529701926196
39.5,10.55253,19.487455485518556
39.5,10.75354,19.56972000248882
39.5,10.95455,19.652026941021983
39.5,11.15556,19.72606099858858
39.5,11.35657,19.797627476006234
39.5,11.55758,19.866876665804917
39.5,11.75859,19.930400722600005
39.5,11.9596,19.993966178802722
39.5,12.16061,20.052655809375253
39.5,12.36162,20.110076660361653
39.5,12.56263,20.166009140840917
39.5,12.76364,20.2186843671789
39.5,12.96465,20.27138049195192
39.5,13.16566,20.320969132916872
39.5,13.36667,20.369888392387942
39.5,13.56768,20.417778682154275
39.5,13.76869,20.463650585631914
39.5,13.9697,20.509523119730826
39.5,14.17071,20.55322724235323
39.5,14.37172,20.596561682598363
39.5,14.57273,20.639116817259673
39.5,14.77374,20.680292955552204
39.5,14.97475,20.72144956652894
39.5,15.17576,20.760957237081552
39.5,15.37677,20.80025507702707
39.5,15.57778,20.838893415922236
39.5,15.77879,20.876512421320484
39.5,15.9798,20.9141117940615
39.5,16.18081,20.950351917908748
39.5,16.38182,20.98645213783041
39.5,16.58283,21.021982736905862
39.5,16.78384,21.056693807409115
39.5,16.98485,21.091385169001
39.5,17.18586,21.124887091776205
39.5,17.38687,21.158309073517415
39.5,17.58788,21.191201357527707
39.5,17.78889,21.223413990108646
39.5,17.9899,21.255606855488786
39.5,18.19091,21.286720156868704
39.5,18.39192,21.317793497309932
39.5,18.59293,21.34836708431612
39.5,18.79394,21.378350936265676
39.5,18.99495,21.40833497506216
39.5,19.19596,21.437319366109005
39.5,19.39697,21.46628378537128
39.5,19.59798,21.494768396542774
39.5,19.79899,21.522753200688644
39.5,20.0,21.546668889886515
39.8,0.1,3.001126470796074
39.8,0.3010101,4.122140937517931
39.8,0.5020202,4.67883487137678
39.8,0.7030303,5.095218646611134
39.8,0.9040404,5.475734599599972
39.8,1.105051,5.831485934191797
39.8,1.306061,6.170405780572185
39.8,1.507071,6.509355660427404
39.8,1.708081,6.835491088551653
39.8,1.909091,7.157362230585698
39.8,2.110101,7.477991701343282
39.8,2.311111,7.796381645554207
39.8,2.512121,8.114776590472236
39.8,2.713131,8.438217133322931
39.8,2.914141,8.761848972995583
39.8,3.115152,9.088257082738396
39.8,3.316162,9.41674158767221
39.8,3.517172,9.746645904658138
39.8,3.718182,10.091650978205461
39.8,3.919192,10.436660117133128
39.8,4.120202,10.792204731920242
39.8,4.321212,11.154831927890392
39.8,4.522222,11.519334693145353
39.8,4.723232,11.898850172104298
39.8,4.924242,12.278369613669122
39.8,5.125253,12.665111690325574
39.8,5.326263,13.056223706767073
39.8,5.527273,13.447590734721121
39.8,5.728283,13.840418010322376
39.8,5.929293,14.233269979649437
39.8,6.130303,14.617720333369498
39.8,6.331313,14.997636863725342
39.8,6.532323,15.37289165243475
39.8,6.733333,15.723817992799336
39.8,6.934343,16.074759494252255
39.8,7.135354,16.39784148628518
39.8,7.336364,16.707401032872692
39.8,7.537374,17.008183624489018
39.8,7.738384,17.27043647156392
39.8,7.939394,17.532701149749975
39.8,8.140404,17.762493180677883
39.8,8.341414,17.97826750767064
39.8,8.542424,18.185424008467635
39.8,8.743434,18.360339678718464
39.8,8.944444,18.53526227042731
39.8,9.145455,18.686142268464376
39.8,9.346465,18.827841598008828
39.8,9.547475,18.963479043247915
39.8,9.748485,19.079490878462455
39.8,9.949495,19.19550625009685
39.8,10.15051,19.297053240572005
39.8,10.35152,19.393745609569525
39.8,10.55253,19.48668275647603
39.8,10.75354,19.569008419339863
39.8,10.95455,19.65132588945555
39.8,11.15556,19.725370263615314
39.8,11.35657,19.796987511349172
39.8,11.55758,19.866307540079145
39.8,11.75859,19.92988233394492
39.8,11.9596,19.993468111625166
39.8,12.16061,20.052157939896116
39.8,12.36162,20.10960931825056
39.8,12.56263,20.165582371623227
39.8,12.76364,20.218278116713314
39.8,12.96465,20.27098444901488
39.8,13.16566,20.320573220222595
39.8,13.36667,20.369502869116584
39.8,13.56768,20.41740357907512
39.8,13.76869,20.463275869648754
39.8,13.9697,20.509148544816554
39.8,14.17071,20.55285275629719
39.8,14.37172,20.596177498742776
39.8,14.57273,20.638722954130483
39.8,14.77374,20.67987939044657
39.8,14.97475,20.72103609835787
39.8,15.17576,20.760543831590365
39.8,15.37677,20.799821910571445
39.8,15.57778,20.838450497549804
39.8,15.77879,20.876049734261414
39.8,15.9798,20.913649174262233
39.8,16.18081,20.949879343174683
39.8,16.38182,20.98595975165277
39.8,16.58283,21.021470543871988
39.8,16.78384,21.05617179267763
39.8,16.98485,21.09086320044366
39.8,17.18586,21.124355156729973
39.8,17.38687,21.157767286090618
39.8,17.58788,21.190639717787633
39.8,17.78889,21.222832487716936
39.8,17.9899,21.255035384200344
39.8,18.19091,21.28614870946021
39.8,18.39192,21.317202165389237
39.8,18.59293,21.34776586467924
39.8,18.79394,21.377739821123527
39.8,18.99495,21.40772388068676
39.8,19.19596,21.436698289224893
39.8,19.39697,21.465652797882438
39.8,19.59798,21.49214786451304
39.8,19.79899,21.5160434904099
39.8,20.0,21.53993917897282
40.1,0.1,3.0481240037617123
40.1,0.3010101,4.1813301065848725
40.1,0.5020202,4.739971999758771
40.1,0.7030303,5.155743065935092
40.1,0.9040404,5.530016597116641
40.1,1.105051,5.840611441828017
40.1,1.306061,6.195808784871143
40.1,1.507071,6.559943058923004
40.1,1.708081,6.891940439600558
40.1,1.909091,7.213416776057709
40.1,2.110101,7.534043363431124
40.1,2.311111,7.852309454465361
40.1,2.512121,8.170396937308292
40.1,2.713131,8.493445754830786
40.1,2.914141,8.816891366393678
40.1,3.115152,9.143302365302919
40.1,3.316162,9.471335049299453
40.1,3.517172,9.800395533184622
40.1,3.718182,10.14392577426939
40.1,3.919192,10.48834775335804
40.1,4.120202,10.843896286409885
40.1,4.321212,11.20507624040951
40.1,4.522222,11.56708068762778
40.1,4.723232,11.943148597251316
40.1,4.924242,12.321361161618183
40.1,5.125253,12.708107238088665
40.1,5.326263,13.096462715906222
40.1,5.527273,13.483332841627616
40.1,5.728283,13.871084737146521
40.1,5.929293,14.262120591554552
40.1,6.130303,14.646584747647415
40.1,6.331313,15.023046415277062
40.1,6.532323,15.393116944309376
40.1,6.733333,15.739220189299308
40.1,6.934343,16.08856585991061
40.1,7.135354,16.41164081819678
40.1,7.336364,16.718575867537492
40.1,7.537374,17.015694785665964
40.1,7.738384,17.27521366184017
40.1,7.939394,17.536641446176322
40.1,8.140404,17.76643528845227
40.1,8.341414,17.98103345805813
40.1,8.542424,18.186664287343522
40.1,8.743434,18.360673584246953
40.1,8.944444,18.535337942980902
40.1,9.145455,18.686218929370877
40.1,9.346465,18.827620438610655
40.1,9.547475,18.96290029293617
40.1,9.748485,19.078784097007087
40.1,9.949495,19.19476041329888
40.1,10.15051,19.296307947837807
40.1,10.35152,19.39300154875562
40.1,10.55253,19.485950043341372
40.1,10.75354,19.568326843020234
40.1,10.95455,19.6506548426169
40.1,11.15556,19.72469953546601
40.1,11.35657,19.796367545723037
40.1,11.55758,19.865748406770017
40.1,11.75859,19.929393927573706
40.1,11.9596,19.992980027874435
40.1,12.16061,20.051670055322035
40.1,12.36162,20.109161955011682
40.1,12.56263,20.165175574988687
40.1,12.76364,20.217901832067533
40.1,12.96465,20.270608372951564
40.1,13.16566,20.320197275807185
40.1,13.36667,20.369137310353963
40.1,13.56768,20.417048435063965
40.1,13.76869,20.462921108353413
40.1,13.9697,20.508793924246667
40.1,14.17071,20.552498226537164
40.1,14.37172,20.595813267059068
40.1,14.57273,20.638349039534937
40.1,14.77374,20.679485770493898
40.1,14.97475,20.720652575658722
40.1,15.17576,20.76016037398767
40.1,15.37677,20.79941868812077
40.1,15.57778,20.83802752112221
40.1,15.77879,20.87559698781038
40.1,15.9798,20.913196495642712
40.1,16.18081,20.94943671107108
40.1,16.38182,20.98549730646683
40.1,16.58283,21.020988289691044
40.1,16.78384,21.05565971707858
40.1,16.98485,21.090351172111028
40.1,17.18586,21.123853161842028
40.1,17.38687,21.157245438764388
40.1,17.58788,21.190098017538787
40.1,17.78889,21.222280924277772
40.1,17.9899,21.254473853008296
40.1,18.19091,21.285587203253108
40.1,18.39192,21.316630774238305
40.1,18.59293,21.34717458536384
40.1,18.79394,21.37714864549456
40.1,18.99495,21.40712272694343
40.1,19.19596,21.436107153805214
40.1,19.39697,21.465051750627158
40.1,19.59798,21.493516530605547
40.1,19.79899,21.521491491859308
40.1,20.0,21.545407205323016
40.400000000000006,0.1,3.092690558933679
40.400000000000006,0.3010101,4.240169745264883
40.400000000000006,0.5020202,4.79973678517884
40.400000000000006,0.7030303,5.2156359858423045
40.400000000000006,0.9040404,5.594701464505871
40.400000000000006,1.105051,5.923890997931282
40.400000000000006,1.306061,6.261547486535088
40.400000000000006,1.507071,6.623515925880627
40.400000000000006,1.708081,6.948578971725072
40.400000000000006,1.909091,7.26987185916759
40.400000000000006,2.110101,7.5895462257135815
40.400000000000006,2.311111,7.9075781208905225
40.400000000000006,2.512121,8.225664644887575
40.400000000000006,2.713131,8.548715595595144
40.400000000000006,2.914141,8.871928585456788
40.400000000000006,3.115152,9.197097345678914
40.400000000000006,3.316162,9.52480041193165
40.400000000000006,3.517172,9.853863948490892
40.400000000000006,3.718182,10.197403135561311
40.400000000000006,3.919192,10.540807470579463
40.400000000000006,4.120202,10.89253658023844
40.400000000000006,4.321212,11.252779573592171
40.400000000000006,4.522222,11.614777665828516
40.400000000000006,4.723232,11.990859681424144
40.400000000000006,4.924242,12.366534791314585
40.400000000000006,5.125253,12.745842960509695
40.400000000000006,5.326263,13.13257198185104
40.400000000000006,5.527273,13.51944578704442
40.400000000000006,5.728283,13.907201686361656
40.400000000000006,5.929293,14.294251708494814
40.400000000000006,6.130303,14.66922271066036
40.400000000000006,6.331313,15.043868619305556
40.400000000000006,6.532323,15.413932480959637
40.400000000000006,6.733333,15.76004913889756
40.400000000000006,6.934343,16.105370797567783
40.400000000000006,7.135354,16.420865555631043
40.400000000000006,7.336364,16.726564407329498
40.400000000000006,7.537374,17.023675715390137
40.400000000000006,7.738384,17.283206860912202
40.400000000000006,7.939394,17.542219991004607
40.400000000000006,8.140404,17.76838148302392
40.400000000000006,8.341414,17.9824720621078
40.400000000000006,8.542424,18.18811429735743
40.400000000000006,8.743434,18.36211485864627
40.400000000000006,8.944444,18.535932567713232
40.400000000000006,9.145455,18.68579791993655
40.400000000000006,9.346465,18.827090724803966
40.400000000000006,9.547475,18.962371356402713
40.400000000000006,9.748485,19.078255844322477
40.400000000000006,9.949495,19.194094059036473
40.400000000000006,10.15051,19.29556396481423
40.400000000000006,10.35152,19.392258267956837
40.400000000000006,10.55253,19.485207204215858
40.400000000000006,10.75354,19.56758439390354
40.400000000000006,10.95455,19.649973530503363
40.400000000000006,11.15556,19.724119626068664
40.400000000000006,11.35657,19.79580804654286
40.400000000000006,11.55758,19.865189172501236
40.400000000000006,11.75859,19.92882493249318
40.400000000000006,11.9596,19.992481788337685
40.400000000000006,12.16061,20.05125274262133
40.400000000000006,12.36162,20.108754900561163
40.400000000000006,12.56263,20.164758688789234
40.400000000000006,12.76364,20.217495100630167
40.400000000000006,12.96465,20.270222192978213
40.400000000000006,13.16566,20.31984176312222
40.400000000000006,13.36667,20.368791967844096
40.400000000000006,13.56768,20.41670320617446
40.400000000000006,13.76869,20.462565984659356
40.400000000000006,13.9697,20.508439227646683
40.400000000000006,14.17071,20.552134034828462
40.400000000000006,14.37172,20.595449193072966
40.400000000000006,14.57273,20.637985043493874
40.400000000000006,14.77374,20.67913184881635
40.400000000000006,14.97475,20.72026899618541
40.400000000000006,15.17576,20.759747183731157
40.400000000000006,15.37677,20.79900557967888
40.400000000000006,15.57778,20.837614469330497
40.400000000000006,15.77879,20.875193989101092
40.400000000000006,15.9798,20.91276377317536
40.400000000000006,16.18081,20.948964289957356
40.400000000000006,16.38182,20.98503494220282
40.400000000000006,16.58283,21.020525965634594
40.400000000000006,16.78384,21.05519743281507
40.400000000000006,16.98485,21.08985910996728
40.400000000000006,17.18586,21.123331330084127
40.400000000000006,17.38687,21.15671364670295
40.400000000000006,17.58788,21.189576255178604
40.400000000000006,17.78889,21.22175919083782
40.400000000000006,17.9899,21.25393229659185
40.400000000000006,18.19091,21.285015821228
40.400000000000006,18.39192,21.316059418987265
40.400000000000006,18.59293,21.34660325212615
40.400000000000006,18.79394,21.376577333609685
40.400000000000006,18.99495,21.406531554227502
40.400000000000006,19.19596,21.43549611048799
40.400000000000006,19.39697,21.46444072543705
40.400000000000006,19.59798,21.492915521708042
40.400000000000006,19.79899,21.520880498990152
40.400000000000006,20.0,21.546815945033767
40.7,0.1,3.1366128590376263
40.7,0.3010101,4.298323625543705
40.7,0.5020202,4.8597359404703395
40.7,0.7030303,5.275567195841661
40.7,0.9040404,5.65334991256901
40.7,1.105051,5.989234076012049
40.7,1.306061,6.343287964690887
40.7,1.507071,6.679676616288315
40.7,1.708081,7.004550493131929
40.7,1.909091,7.325161019504225
40.7,2.110101,7.644722431944025
40.7,2.311111,7.962391740745296
40.7,2.512121,8.280249032370964
40.7,2.713131,8.603067886202195
40.7,2.914141,8.925825625499243
40.7,3.115152,9.250934029123469
40.7,3.316162,9.577798775111422
40.7,3.517172,9.90651466622348
40.7,3.718182,10.249168936824848
40.7,3.919192,10.591225498346423
40.7,4.120202,10.942728255124669
40.7,4.321212,11.300583588746582
40.7,4.522222,11.66165466906255
40.7,4.723232,12.035659987586032
40.7,4.924242,12.40836768897289
40.7,5.125253,12.787149685776225
40.7,5.326263,13.169592139016672
40.7,5.527273,13.55489941114324
40.7,5.728283,13.93950981647096
40.7,5.929293,14.32234413417241
40.7,6.130303,14.69655915846857
40.7,6.331313,15.06610095215534
40.7,6.532323,15.434418875431497
40.7,6.733333,15.777431210210835
40.7,6.934343,16.11888865759638
40.7,7.135354,16.43372695182439
40.7,7.336364,16.73566233562959
40.7,7.537374,17.031597209931153
40.7,7.738384,17.28929311325294
40.7,7.939394,17.546161066206228
40.7,8.140404,17.77199492097376
40.7,8.341414,17.984430086745473
40.7,8.542424,18.189584578813857
40.7,8.743434,18.362948040114865
40.7,8.944444,18.53605861758058
40.7,9.145455,18.685835319288213
40.7,9.346465,18.826700694998138
40.7,9.547475,18.961882544580064
40.7,9.748485,19.07764864729121
40.7,9.949495,19.19337841233515
40.7,10.15051,19.294849091248068
40.7,10.35152,19.391534827432753
40.7,10.55253,19.48449442699985
40.7,10.75354,19.566902567843588
40.7,10.95455,19.64932258927785
40.7,11.15556,19.723489161140012
40.7,11.35657,19.795238453829196
40.7,11.55758,19.864639968336682
40.7,11.75859,19.92831634688836
40.7,11.9596,19.99202375687203
40.7,12.16061,20.05080503064115
40.7,12.36162,20.10834777601338
40.7,12.56263,20.16436181118441
40.7,12.76364,20.21711866248569
40.7,12.96465,20.269876133364704
40.7,13.16566,20.319495934458043
40.7,13.36667,20.36844656736777
40.7,13.56768,20.416357969723066
40.7,13.76869,20.46223108126518
40.7,13.9697,20.508104598014512
40.7,14.17071,20.551799580607902
40.7,14.37172,20.595105064632715
40.7,14.57273,20.63764102817383
40.7,14.77374,20.678768095291513
40.7,14.97475,20.71990544646314
40.7,15.17576,20.759373771592866
40.7,15.37677,20.798612421532358
40.7,15.57778,20.837221389848352
40.7,15.77879,20.874781118137918
40.7,15.9798,20.91234105580991
40.7,16.18081,20.94853168175311
40.7,16.38182,20.984582531698003
40.7,16.58283,21.02006361100737
40.7,16.78384,21.05472524287704
40.7,16.98485,21.089377035350658
40.7,17.18586,21.12283934230493
40.7,17.38687,21.15621181252493
40.7,17.58788,21.189064459445987
40.7,17.78889,21.22122752530958
40.7,17.9899,21.253390716932
40.7,18.19091,21.28447430981927
40.7,18.39192,21.315508025670137
40.7,18.59293,21.3460518851318
40.7,18.79394,21.37600606857599
40.7,18.99495,21.405960352568794
40.7,19.19596,21.43491496243997
40.7,19.39697,21.463849667110036
40.7,19.59798,21.49231448138761
40.7,19.79899,21.51624025188531
40.7,20.0,21.54011609004935
41.0,0.1,3.1807192046979713
41.0,0.3010101,4.355626717179881
41.0,0.5020202,4.919942532555678
41.0,0.7030303,5.334523167048909
41.0,0.9040404,5.706914497966291
41.0,1.105051,6.014998891847256
41.0,1.306061,6.367855412886539
41.0,1.507071,6.729132317101293
41.0,1.708081,7.059316306788513
41.0,1.909091,7.379762382783197
41.0,2.110101,7.699321720372181
41.0,2.311111,8.016990812687363
41.0,2.512121,8.334198087807867
41.0,2.713131,8.656222700561127
41.0,2.914141,8.978983342478202
41.0,3.115152,9.304094416493617
41.0,3.316162,9.630891187050915
41.0,3.517172,9.958118006646577
41.0,3.718182,10.29878361792347
41.0,3.919192,10.640843600560682
41.0,4.120202,10.992340106453033
41.0,4.321212,11.349959154333854
41.0,4.522222,11.706991826870489
41.0,4.723232,12.076759942347172
41.0,4.924242,12.449471268105075
41.0,5.125253,12.828247099276503
41.0,5.326263,13.21015336998927
41.0,5.527273,13.588404191847816
41.0,5.728283,13.967119734576608
41.0,5.929293,14.349957551192983
41.0,6.130303,14.724176187254361
41.0,6.331313,15.09294193591121
41.0,6.532323,15.453107405580818
41.0,6.733333,15.790777058987686
41.0,6.934343,16.132237364911145
41.0,7.135354,16.44707845947378
41.0,7.336364,16.748357237618563
41.0,7.537374,17.038470740664263
41.0,7.738384,17.293232780415902
41.0,7.939394,17.550112594619392
41.0,8.140404,17.775938177899388
41.0,8.341414,17.988045583945382
41.0,8.542424,18.190706173368326
41.0,8.743434,18.363103251266374
41.0,8.944444,18.536214890238227
41.0,9.145455,18.685992543493157
41.0,9.346465,18.826769198671126
41.0,9.547475,18.961344499014736
41.0,9.748485,19.076962518915416
41.0,9.949495,19.19269288116153
41.0,10.15051,19.294164087779276
41.0,10.35152,19.390850561611302
41.0,10.55253,19.483812125973074
41.0,10.75354,19.566271338933024
41.0,10.95455,19.648691710495157
41.0,11.15556,19.722858592563874
41.0,11.35657,19.794628343196894
41.0,11.55758,19.86413108791887
41.0,11.75859,19.92786812983266
41.0,11.9596,19.9915657565347
41.0,12.16061,20.050347225351054
41.0,12.36162,20.10791027957225
41.0,12.56263,20.16399517102129
41.0,12.76364,20.216772469719427
41.0,12.96465,20.269530082017873
41.0,13.16566,20.319150012481355
41.0,13.36667,20.36811087020101
41.0,13.56768,20.416042915626463
41.0,13.76869,20.46190634711215
41.0,13.9697,20.50777996054226
41.0,14.17071,20.55147503282721
41.0,14.37172,20.594780688681805
41.0,14.57273,20.63729715691606
41.0,14.77374,20.67841445899055
41.0,14.97475,20.719551878551393
41.0,15.17576,20.759020267871428
41.0,15.37677,20.79825905295323
41.0,15.57778,20.836828422904563
41.0,15.77879,20.874368325324912
41.0,15.9798,20.911928312529152
41.0,16.18081,20.948128985218688
41.0,16.38182,20.984159943495875
41.0,16.58283,21.01961134236222
41.0,16.78384,21.054253103170282
41.0,16.98485,21.088904932040986
41.0,17.18586,21.122367273491093
41.0,17.38687,21.155729829451072
41.0,17.58788,21.188552728415264
41.0,17.78889,21.220705887962577
41.0,17.9899,21.252869106561327
41.0,18.19091,21.283952725249947
41.0,18.39192,21.314976509050688
41.0,18.59293,21.345490564729985
41.0,18.79394,21.375434815567807
41.0,18.99495,21.4053891198279
41.0,19.19596,21.434353748928718
41.0,19.39697,21.463278507215307
41.0,19.59798,21.491723473820695
41.0,19.79899,21.51766893329815
41.0,20.0,21.541544789609716
41.3,0.1,3.2241732830326923
41.3,0.3010101,4.4117812044623115
41.3,0.5020202,4.978736623636838
41.3,0.7030303,5.393330488857585
41.3,0.9040404,5.769984034780867
41.3,1.105051,6.121059041915169
41.3,1.306061,6.45607241953463
41.3,1.507071,6.791119449530055
41.3,1.708081,7.1147469451270355
41.3,1.909091,7.4345751705375225
41.3,2.110101,7.753453603020014
41.3,2.311111,8.070614024774558
41.3,2.512121,8.387781864024229
41.3,2.713131,8.709805361204284
41.3,2.914141,9.032011874490824
41.3,3.115152,9.356376077831108
41.3,3.316162,9.682355794266844
41.3,3.517172,10.009589450025771
41.3,3.718182,10.350120715788094
41.3,3.919192,10.690653087072238
41.3,4.120202,11.040132225113613
41.3,4.321212,11.395624016048515
41.3,4.522222,11.75267015940991
41.3,4.723232,12.122052119001484
41.3,4.924242,12.491456217886483
41.3,5.125253,12.866385458570445
41.3,5.326263,13.244665356587655
41.3,5.527273,13.622919681192219
41.3,5.728283,14.000959196002345
41.3,5.929293,14.379011603331953
41.3,6.130303,14.748335808724766
41.3,6.331313,15.112946996008887
41.3,6.532323,15.47310561268798
41.3,6.733333,15.810029069325845
41.3,6.934343,16.14697572591211
41.3,7.135354,16.45788328279984
41.3,7.336364,16.756177630629978
41.3,7.537374,17.046283395688135
41.3,7.738384,17.30055826429025
41.3,7.939394,17.554833506169555
41.3,8.140404,17.778743898753124
41.3,8.341414,17.989555099367927
41.3,8.542424,18.19221703318083
41.3,8.743434,18.364425810888864
41.3,8.944444,18.536640772789564
41.3,9.145455,18.68586118738864
41.3,9.346465,18.826309937401508
41.3,9.547475,18.960885988859438
41.3,9.748485,19.076474969261017
41.3,9.949495,19.192057164238502
41.3,10.15051,19.29347989884074
41.3,10.35152,19.390157524277576
41.3,10.55253,19.483119517382015
41.3,10.75354,19.565589303150375
41.3,10.95455,19.648060742019105
41.3,11.15556,19.722288538348813
41.3,11.35657,19.794098975508707
41.3,11.55758,19.86360197989256
41.3,11.75859,19.927359391205623
41.3,11.9596,19.991107705397347
41.3,12.16061,20.049939779251062
41.3,12.36162,20.10752328455058
41.3,12.56263,20.16361834113089
41.3,12.76364,20.21640589993411
41.3,12.96465,20.269183995288685
41.3,13.16566,20.318824360977082
41.3,13.36667,20.36779553600902
41.3,13.56768,20.41571769284757
41.3,13.76869,20.46159131886463
41.3,13.9697,20.507465293796844
41.3,14.17071,20.55116069647631
41.3,14.37172,20.594456585946766
41.3,14.57273,20.63697313198158
41.3,14.77374,20.678090585471725
41.3,14.97475,20.719208284589183
41.3,15.17576,20.75866693063466
41.3,15.37677,20.797885891967326
41.3,15.57778,20.836455317933666
41.3,15.77879,20.873995340609685
41.3,15.9798,20.91152554721284
41.3,16.18081,20.94770642080854
41.3,16.38182,20.98372751199409
41.3,16.58283,21.019178951440246
41.3,16.78384,21.05381080815803
41.3,16.98485,21.08844280845195
41.3,17.18586,21.121895306309916
41.3,17.38687,21.155237962201152
41.3,17.58788,21.18806089159338
41.3,17.78889,21.22020412760097
41.3,17.9899,21.25234747904818
41.3,18.19091,21.28342121780612
41.3,18.39192,21.31443507588068
41.3,18.59293,21.344949154384956
41.3,18.79394,21.374893465554837
41.3,18.99495,21.404827871676748
41.3,19.19596,21.433772592671552
41.3,19.39697,21.462697405906766
41.3,19.59798,21.4911423897341
41.3,19.79899,21.519087543914132
41.3,20.0,21.54704277774142
41.599999999999994,0.1,3.2667442132563145
41.599999999999994,0.3010101,4.467096369679035
41.599999999999994,0.5020202,5.036900001174499
41.599999999999994,0.7030303,5.45136803322531
41.599999999999994,0.9040404,5.82221683985079
41.599999999999994,1.105051,6.136259569450005
41.599999999999994,1.306061,6.512456119619521
41.599999999999994,1.507071,6.8461551343240945
41.599999999999994,1.708081,7.169442876994123
41.599999999999994,1.909091,7.488588421673272
41.599999999999994,2.110101,7.806702213255884
41.599999999999994,2.311111,8.123271280264545
41.599999999999994,2.512121,8.440392604135106
41.599999999999994,2.713131,8.762411900350411
41.599999999999994,2.914141,9.083992533929738
41.599999999999994,3.115152,9.407555075574258
41.599999999999994,3.316162,9.732673906024019
41.599999999999994,3.517172,10.059902334718004
41.599999999999994,3.718182,10.400297219845907
41.599999999999994,3.919192,10.739312237202629
41.599999999999994,4.120202,11.086764336754952
41.599999999999994,4.321212,11.440149181339377
41.599999999999994,4.522222,11.797198746743161
41.599999999999994,4.723232,12.166214534010606
41.599999999999994,4.924242,12.532361712767731
41.599999999999994,5.125253,12.903524633581549
41.599999999999994,5.326263,13.278268362966564
41.599999999999994,5.527273,13.656526142868964
41.599999999999994,5.728283,14.033919602561792
41.599999999999994,5.929293,14.407326783031936
41.599999999999994,6.130303,14.771916639173314
41.599999999999994,6.331313,15.132473297351009
41.599999999999994,6.532323,15.492635010088986
41.599999999999994,6.733333,15.828842215149502
41.599999999999994,6.934343,16.161405148260233
41.599999999999994,7.135354,16.468499057495535
41.599999999999994,7.336364,16.763888877646405
41.599999999999994,7.537374,17.0540068729871
41.599999999999994,7.738384,17.30779452679805
41.599999999999994,7.939394,17.559545066670395
41.599999999999994,8.140404,17.781570148375344
41.599999999999994,8.341414,17.991105051236065
41.599999999999994,8.542424,18.193768318058684
41.599999999999994,8.743434,18.36578876930386
41.599999999999994,8.944444,18.5371069735642
41.599999999999994,9.145455,18.685780090293765
41.599999999999994,9.346465,18.825900895585363
41.599999999999994,9.547475,18.96047769295045
41.599999999999994,9.748485,19.076027622273262
41.599999999999994,9.949495,19.191461613840115
41.599999999999994,10.15051,19.292835847065966
41.599999999999994,10.35152,19.38949460391207
41.599999999999994,10.55253,19.482457024427912
41.599999999999994,10.75354,19.564937375477577
41.599999999999994,10.95455,19.647459861273916
41.599999999999994,11.15556,19.721728553658888
41.599999999999994,11.35657,19.793589666389085
41.599999999999994,11.55758,19.863092929466617
41.599999999999994,11.75859,19.92686070778292
41.599999999999994,11.9596,19.990679694163816
41.599999999999994,12.16061,20.04954236164901
41.599999999999994,12.36162,20.107166309874426
41.599999999999994,12.56263,20.163251531847532
41.599999999999994,12.76364,20.21604934833351
41.599999999999994,12.96465,20.26885791711541
41.599999999999994,13.16566,20.318518709353196
41.599999999999994,13.36667,20.367500196626928
41.599999999999994,13.56768,20.41542246537191
41.599999999999994,13.76869,20.4612962837611
41.599999999999994,13.9697,20.5071706133854
41.599999999999994,14.17071,20.550856340269156
41.599999999999994,14.37172,20.59415245986306
41.599999999999994,14.57273,20.636669084528023
41.599999999999994,14.77374,20.677776688347354
41.599999999999994,14.97475,20.718884662475656
41.599999999999994,15.17576,20.75832356191135
41.599999999999994,15.37677,20.797532696786664
41.599999999999994,15.57778,20.836102179621246
41.599999999999994,15.77879,20.873632321779205
41.599999999999994,15.9798,20.911152744551316
41.599999999999994,16.18081,20.94730381698167
41.599999999999994,16.38182,20.983315039587648
41.599999999999994,16.58283,21.018766521461693
41.599999999999994,16.78384,21.05338847388806
41.599999999999994,16.98485,21.08800064376852
41.599999999999994,17.18586,21.121433296377713
41.599999999999994,17.38687,21.154766051738516
41.599999999999994,17.58788,21.187589012440142
41.599999999999994,17.78889,21.219722324895752
41.599999999999994,17.9899,21.251855808332177
41.599999999999994,18.19091,21.282909666769083
41.599999999999994,18.39192,21.313913599308577
41.599999999999994,18.59293,21.34442770141234
41.599999999999994,18.79394,21.374362073585086
41.599999999999994,18.99495,21.40428658187632
41.599999999999994,19.19596,21.433221395640015
41.599999999999994,19.39697,21.46213626474461
41.599999999999994,19.59798,21.490581266554056
41.599999999999994,19.79899,21.516516812774274
41.599999999999994,20.0,21.54037280741667
41.900000000000006,0.1,3.308258713070487
41.900000000000006,0.3010101,4.522129944196261
41.900000000000006,0.5020202,5.0936371337970785
41.900000000000006,0.7030303,5.508856569992312
41.900000000000006,0.9040404,5.884573407699626
41.900000000000006,1.105051,6.209688601309098
41.900000000000006,1.306061,6.543342329584553
41.900000000000006,1.507071,6.89445223445978
41.900000000000006,1.708081,7.222808953813535
41.900000000000006,1.909091,7.541773964867956
41.900000000000006,2.110101,7.859886498467905
41.900000000000006,2.311111,8.176454140866438
41.900000000000006,2.512121,8.49273110901284
41.900000000000006,2.713131,8.813776759545872
41.900000000000006,2.914141,9.135360041810477
41.900000000000006,3.115152,9.458924994980219
41.900000000000006,3.316162,9.783970616140268
41.900000000000006,3.517172,10.109596512569604
41.900000000000006,3.718182,10.447954208143807
41.900000000000006,3.919192,10.786962424890717
41.900000000000006,4.120202,11.13442804494649
41.900000000000006,4.321212,11.48756645149669
41.900000000000006,4.522222,11.840648522210339
41.900000000000006,4.723232,12.205547665900939
41.900000000000006,4.924242,12.571698271214997
41.900000000000006,5.125253,12.942874817961748
41.900000000000006,5.326263,13.317082217953176
41.900000000000006,5.527273,13.688604226847913
41.900000000000006,5.728283,14.060373068812565
41.900000000000006,5.929293,14.433783545203577
41.900000000000006,6.130303,14.798376801050606
41.900000000000006,6.331313,15.158197218020762
41.900000000000006,6.532323,15.510636531891445
41.900000000000006,6.733333,15.841760825623748
41.900000000000006,6.934343,16.174326442240385
41.900000000000006,7.135354,16.48143297807682
41.900000000000006,7.336364,16.776186015179636
41.900000000000006,7.537374,17.060772274897534
41.900000000000006,7.738384,17.311735773544463
41.900000000000006,7.939394,17.56347807545847
41.900000000000006,8.140404,17.785514790324346
41.900000000000006,8.341414,17.994721826693144
41.900000000000006,8.542424,18.194960870283644
41.900000000000006,8.743434,18.366024774774313
41.900000000000006,8.944444,18.537343993040935
41.900000000000006,9.145455,18.68601802177218
41.900000000000006,9.346465,18.826040058299522
41.900000000000006,9.547475,18.960010154526895
41.900000000000006,9.748485,19.075401929156666
41.900000000000006,9.949495,19.190826495639957
41.900000000000006,10.15051,19.29220123888031
41.900000000000006,10.35152,19.38886070873209
41.900000000000006,10.55253,19.481825007985737
41.900000000000006,10.75354,19.56434639365302
41.900000000000006,10.95455,19.64685921844653
41.900000000000006,11.15556,19.721138212134083
41.900000000000006,11.35657,19.79300976964841
41.900000000000006,11.55758,19.862614209297742
41.900000000000006,11.75859,19.92644262749717
41.900000000000006,11.9596,19.990251824937328
41.900000000000006,12.16061,20.049124682025816
41.900000000000006,12.36162,20.106758931405096
41.900000000000006,12.56263,20.162914970946122
41.900000000000006,12.76364,20.215733218986703
41.900000000000006,12.96465,20.268541926084662
41.900000000000006,13.16566,20.31820284544129
41.900000000000006,13.36667,20.36718455103745
41.900000000000006,13.56768,20.415127434175094
41.900000000000006,13.76869,20.461011561966142
41.900000000000006,13.9697,20.506885986601606
41.900000000000006,14.17071,20.550571801594533
41.900000000000006,14.37172,20.593858089500838
41.900000000000006,14.57273,20.63635519753303
41.900000000000006,14.77374,20.677463029608234
41.900000000000006,14.97475,20.71856107154458
41.900000000000006,15.17576,20.758000034447832
41.900000000000006,15.37677,20.797209301921256
41.900000000000006,15.57778,20.835739172521038
41.900000000000006,15.77879,20.873259485379027
41.900000000000006,15.9798,20.910769957657717
41.900000000000006,16.18081,20.94693107618959
41.900000000000006,16.38182,20.98293240528228
41.900000000000006,16.58283,21.018344197549172
41.900000000000006,16.78384,21.052956276586325
41.900000000000006,16.98485,21.087568483419357
41.900000000000006,17.18586,21.12099117086975
41.900000000000006,17.38687,21.154324011299664
41.900000000000006,17.58788,21.187107217917678
41.900000000000006,17.78889,21.219230623332628
41.900000000000006,17.9899,21.25136413428875
41.900000000000006,18.19091,21.28241801912263
41.900000000000006,18.39192,21.313412019624426
41.900000000000006,18.59293,21.343896313910907
41.900000000000006,18.79394,21.37382075380377
41.900000000000006,18.99495,21.403745283073853
41.900000000000006,19.19596,21.432680116893184
41.900000000000006,19.39697,21.461585040436066
41.900000000000006,19.59798,21.490010191311825
41.900000000000006,19.79899,21.513906131891645
41.900000000000006,20.0,21.53777213531692
42.2,0.1,3.347942783935982
42.2,0.3010101,4.576464561119223
42.2,0.5020202,5.150598383445268
42.2,0.7030303,5.566020747248966
42.2,0.9040404,5.940979136380748
42.2,1.105051,6.2653972061440575
42.2,1.306061,6.597706580093907
42.2,1.507071,6.948416990289347
42.2,1.708081,7.276517517987301
42.2,1.909091,7.594554966998847
42.2,2.110101,7.912513347214154
42.2,2.311111,8.228491071112895
42.2,2.512121,8.544395094664049
42.2,2.713131,8.865105734784773
42.2,2.914141,9.18603130977615
42.2,3.115152,9.50952453414148
42.2,3.316162,9.833593290054944
42.2,3.517172,10.158811519929134
42.2,3.718182,10.496262468434326
42.2,3.919192,10.833873431539903
42.2,4.120202,11.181102477556166
42.2,4.321212,11.53191405084312
42.2,4.522222,11.884079252077619
42.2,4.723232,12.24702206818742
42.2,4.924242,12.610365954495151
42.2,5.125253,12.98104614329379
42.2,5.326263,13.351287606406675
42.2,5.527273,13.721363099540456
42.2,5.728283,14.090246537170259
42.2,5.929293,14.459801575668148
42.2,6.130303,14.823698587683346
42.2,6.331313,15.178874862029101
42.2,6.532323,15.529738001976606
42.2,6.733333,15.858047605942044
42.2,6.934343,16.1870887105042
42.2,7.135354,16.49358850249628
42.2,7.336364,16.78489758656786
42.2,7.537374,17.06839709726286
42.2,7.738384,17.31766493426507
42.2,7.939394,17.567421659554146
42.2,8.140404,17.78913055628611
42.2,8.341414,17.99676178194918
42.2,8.542424,18.19655288065914
42.2,8.743434,18.366979449939755
42.2,8.944444,18.537621312933787
42.2,9.145455,18.686196608661657
42.2,9.346465,18.825791027416
42.2,9.547475,18.9596422539494
42.2,9.748485,19.074915528996485
42.2,9.949495,19.190221544645336
42.2,10.15051,19.291597018104483
42.2,10.35152,19.388227823330613
42.2,10.55253,19.481192744690993
42.2,10.75354,19.56374501728841
42.2,10.95455,19.646278672227318
42.2,11.15556,19.72057811689832
42.2,11.35657,19.79251048887075
42.2,11.55758,19.862125295466075
42.2,11.75859,19.925994290411502
42.2,11.9596,19.98984400832543
42.2,12.16061,20.04872716912121
42.2,12.36162,20.106401966274593
42.2,12.56263,20.16256823747575
42.2,12.76364,20.21540689694977
42.2,12.96465,20.268245958956076
42.2,13.16566,20.317907097939
42.2,13.36667,20.366899203359534
42.2,13.56768,20.414852241780086
42.2,13.76869,20.460726681858773
42.2,13.9697,20.50660136464945
42.2,14.17071,20.550287347211825
42.2,14.37172,20.593573941343216
42.2,14.57273,20.636071157406363
42.2,14.77374,20.677159236715568
42.2,14.97475,20.718257472709645
42.2,15.17576,20.75768656786926
42.2,15.37677,20.79687607559729
42.2,15.57778,20.83540602330269
42.2,15.77879,20.87290653423063
42.2,15.9798,20.910417154232142
42.2,16.18081,20.946558379181585
42.2,16.38182,20.98253989816232
42.2,16.58283,21.017951744806226
42.2,16.78384,21.052543983433214
42.2,16.98485,21.08714630235072
42.2,17.18586,21.12055907494005
42.2,17.38687,21.153872064210574
42.2,17.58788,21.18665530942373
42.2,17.78889,21.21875884143554
42.2,17.9899,21.250882436906622
42.2,18.19091,21.281926389514286
42.2,18.39192,21.312900505162972
42.2,18.59293,21.34338482667302
42.2,18.79394,21.37329936558303
42.2,18.99495,21.403213957682222
42.2,19.19596,21.432138844723642
42.2,19.39697,21.461033855500972
42.2,19.59798,21.48945902566604
42.2,19.79899,21.51738435499431
42.2,20.0,21.543290069628277
42.5,0.1,3.386633075311246
42.5,0.3010101,4.629924910715915
42.5,0.5020202,5.207663083877487
42.5,0.7030303,5.622439825795025
42.5,0.9040404,5.992226895370315
42.5,1.105051,6.2967894095343295
42.5,1.306061,6.662531055411261
42.5,1.507071,7.008705681554247
42.5,1.708081,7.329980462843441
42.5,1.909091,7.647706738237876
42.5,2.110101,7.964088323205638
42.5,2.311111,8.279540638719938
42.5,2.512121,8.595443166436073
42.5,2.713131,8.916156346829034
42.5,2.914141,9.23664972030869
42.5,3.115152,9.558454640827465
42.5,3.316162,9.882094857034739
42.5,3.517172,10.207317596990979
42.5,3.718182,10.544771950214013
42.5,3.919192,10.881305859382124
42.5,4.120202,11.224747786396346
42.5,4.321212,11.574642697872145
42.5,4.522222,11.9268111061173
42.5,4.723232,12.289757577344053
42.5,4.924242,12.650784950048514
42.5,5.125253,13.0146894591453
42.5,5.326263,13.383494619534654
42.5,5.527273,13.753573353011683
42.5,5.728283,14.122460313268563
42.5,5.929293,14.48852992220434
42.5,6.130303,14.844064434820615
42.5,6.331313,15.197684684984699
42.5,6.532323,15.548550714423982
42.5,6.733333,15.87686328565586
42.5,6.934343,16.202429951311238
42.5,7.135354,16.50222871966005
42.5,7.336364,16.792461156207594
42.5,7.537374,17.075962753787977
42.5,7.738384,17.325232581334838
42.5,7.939394,17.572833994873168
42.5,8.140404,17.791199647779393
42.5,8.341414,17.998372994308223
42.5,8.542424,18.198165352594124
42.5,8.743434,18.368593059739233
42.5,8.944444,18.538407889141983
42.5,9.145455,18.685967084892923
42.5,9.346465,18.825452669545697
42.5,9.547475,18.959304606189274
42.5,9.748485,19.07457851239631
42.5,9.949495,19.18972623421474
42.5,10.15051,19.29098384665234
42.5,10.35152,19.38761529519585
42.5,10.55253,19.480570626884013
42.5,10.75354,19.56312326448503
42.5,10.95455,19.64569794635144
42.5,11.15556,19.720088658729047
42.5,11.35657,19.792021409198245
42.5,11.55758,19.86164646476414
42.5,11.75859,19.925515685169522
42.5,11.9596,19.98942608458418
42.5,12.16061,20.048380079995738
42.5,12.36162,20.106065116050278
42.5,12.56263,20.16223154913149
42.5,12.76364,20.215070355826622
42.5,12.96465,20.267939914670585
42.5,13.16566,20.31763165483343
42.5,13.36667,20.366633920110452
42.5,13.56768,20.414577067990663
42.5,13.76869,20.4604616105553
42.5,13.9697,20.50633667968163
42.5,14.17071,20.550013120411574
42.5,14.37172,20.59329982620522
42.5,14.57273,20.635797119441804
42.5,14.77374,20.67688527191442
42.5,14.97475,20.717963821103012
42.5,15.17576,20.75737327463595
42.5,15.37677,20.796552861759757
42.5,15.57778,20.835092864979107
42.5,15.77879,20.872593430296124
42.5,15.9798,20.91007430669641
42.5,16.18081,20.94618581343848
42.5,16.38182,20.982157389001678
42.5,16.58283,21.017569277415298
42.5,16.78384,21.052161556385986
42.5,16.98485,21.086734085310727
42.5,17.18586,21.12011707642812
42.5,17.38687,21.153430105978387
42.5,17.58788,21.186213382690127
42.5,17.78889,21.218316945294482
42.5,17.9899,21.250410709747527
42.5,18.19091,21.281424828948378
42.5,18.39192,21.31240897309168
42.5,18.59293,21.342893318669624
42.5,18.79394,21.37280788105088
42.5,18.99495,21.40270260671011
42.5,19.19596,21.431607617833237
42.5,19.39697,21.460492649067753
42.5,19.59798,21.488917837910325
42.5,19.79899,21.51684318555031
42.5,20.0,21.540699322651854
42.8,0.1,3.4259601893662923
42.8,0.3010101,4.682178109103665
42.8,0.5020202,5.263279012152667
42.8,0.7030303,5.678503415506898
42.8,0.9040404,6.052849916928484
42.8,1.105051,6.399932154012915
42.8,1.306061,6.730911721480742
42.8,1.507071,7.061926053390934
42.8,1.708081,7.382463498873036
42.8,1.909091,7.699516847784519
42.8,2.110101,8.01589602438736
42.8,2.311111,8.331051685176789
42.8,2.512121,8.646213081185511
42.8,2.713131,8.966172536747024
42.8,2.914141,9.28631376789754
42.8,3.115152,9.608120821354133
42.8,3.316162,9.931174394595716
42.8,3.517172,10.25533517867605
42.8,3.718182,10.59122263982521
42.8,3.919192,10.927129410679317
42.8,4.120202,11.270564622689232
42.8,4.321212,11.619082848160186
42.8,4.522222,11.968844304851988
42.8,4.723232,12.328664576843641
42.8,4.924242,12.688495252609972
42.8,5.125253,13.05240316796811
42.8,5.326263,13.418782248771025
42.8,5.527273,13.784915083069667
42.8,5.728283,14.14941719435474
42.8,5.929293,14.513920496892856
42.8,6.130303,14.869468181404208
42.8,6.331313,15.220143317042401
42.8,6.532323,15.566564977273156
42.8,6.733333,15.890763839140625
42.8,6.934343,16.21496414333496
42.8,7.135354,16.514765363384406
42.8,7.336364,16.802732552055886
42.8,7.537374,17.08305965193073
42.8,7.738384,17.329904631792495
42.8,7.939394,17.576758688842457
42.8,8.140404,17.79513587577902
42.8,8.341414,18.001222521854842
42.8,8.542424,18.199598610889208
42.8,8.743434,18.369159457367513
42.8,8.944444,18.53871582372481
42.8,9.145455,18.686285883137483
42.8,9.346465,18.825453375635146
42.8,9.547475,18.95893742569391
42.8,9.748485,19.074043067841384
42.8,9.949495,19.18915162699304
42.8,10.15051,19.290409728897142
42.8,10.35152,19.38702227028892
42.8,10.55253,19.47996879898041
42.8,10.75354,19.56255244546534
42.8,10.95455,19.64514760506731
42.8,11.15556,19.71952860771414
42.8,11.35657,19.791512036237965
42.8,11.55758,19.861187830351128
42.8,11.75859,19.925107695967284
42.8,11.9596,19.989028388026703
42.8,12.16061,20.047992567119692
42.8,12.36162,20.10570806687552
42.8,12.56263,20.16191500244062
42.8,12.76364,20.214784262883633
42.8,12.96465,20.267654013119106
42.8,13.16566,20.317345875676402
42.8,13.36667,20.366358485111174
42.8,13.56768,20.41431200287388
42.8,13.76869,20.460196885990065
42.8,13.9697,20.506082085660868
42.8,14.17071,20.549758612569782
42.8,14.37172,20.59303558659712
42.8,14.57273,20.63552316595646
42.8,14.77374,20.676601584936492
42.8,14.97475,20.717680226405204
42.8,15.17576,20.757089742383144
42.8,15.37677,20.796259545142973
42.8,15.57778,20.834769773748803
42.8,15.77879,20.872250550454755
42.8,15.9798,20.909731492516222
42.8,16.18081,20.94584304558489
42.8,16.38182,20.98180479542118
42.8,16.58283,21.017186862251517
42.8,16.78384,21.051759308400364
42.8,16.98485,21.08633188430458
42.8,17.18586,21.119714910290988
42.8,17.38687,21.153008079558425
42.8,17.58788,21.185771495749147
42.8,17.78889,21.217855188638502
42.8,17.9899,21.249948986524277
42.8,18.19091,21.280963132343775
42.8,18.39192,21.311927386802054
42.8,18.59293,21.342391839751777
42.8,18.79394,21.372286502191955
42.8,18.99495,21.402181251662437
42.8,19.19596,21.431086283394002
42.8,19.39697,21.45997139987578
42.8,19.59798,21.4863870011042
42.8,19.79899,21.510233088649844
42.8,20.0,21.53406923004704
43.099999999999994,0.1,3.4631349247512806
43.099999999999994,0.3010101,4.733605477615897
43.099999999999994,0.5020202,5.318230263543711
43.099999999999994,0.7030303,5.733744476886076
43.099999999999994,0.9040404,6.102719976816239
43.099999999999994,1.105051,6.4060917247664895
43.099999999999994,1.306061,6.752836993791823
43.099999999999994,1.507071,7.1082892962576345
43.099999999999994,1.708081,7.434165464567314
43.099999999999994,1.909091,7.750516901684663
43.099999999999994,2.110101,8.066893593195815
43.099999999999994,2.311111,8.38172557315189
43.099999999999994,2.512121,8.696083910532494
43.099999999999994,2.713131,9.01524170534792
43.099999999999994,2.914141,9.335003757610613
43.099999999999994,3.115152,9.65681384845498
43.099999999999994,3.316162,9.97925879210652
43.099999999999994,3.517172,10.302313717348712
43.099999999999994,3.718182,10.636644442125437
43.099999999999994,3.919192,10.971904106331769
43.099999999999994,4.120202,11.315352513756727
43.099999999999994,4.321212,11.662484145393277
43.099999999999994,4.522222,12.009888829047203
43.099999999999994,4.723232,12.366633064845187
43.099999999999994,4.924242,12.725297055830175
43.099999999999994,5.125253,13.089198310727973
43.099999999999994,5.326263,13.453211380487717
43.099999999999994,5.527273,13.815498452421416
43.099999999999994,5.728283,14.17572583057766
43.099999999999994,5.929293,14.538722818523798
43.099999999999994,6.130303,14.894263611526993
43.099999999999994,6.331313,15.242083613119371
43.099999999999994,6.532323,15.584200889880531
43.099999999999994,6.733333,15.904395927518223
43.099999999999994,6.934343,16.227279794304074
43.099999999999994,7.135354,16.527083410402263
43.099999999999994,7.336364,16.81283521840027
43.099999999999994,7.537374,17.09006766250926
43.099999999999994,7.738384,17.334557630095976
43.099999999999994,7.939394,17.58068426181279
43.099999999999994,8.140404,17.79906295316998
43.099999999999994,8.341414,18.00407280136498
43.099999999999994,8.542424,18.20106250381636
43.099999999999994,8.743434,18.3697563888096
43.099999999999994,8.944444,18.539074253156773
43.099999999999994,9.145455,18.686635162393518
43.099999999999994,9.346465,18.82549450187278
43.099999999999994,9.547475,18.958610592451464
43.099999999999994,9.748485,19.073547912953053
43.099999999999994,9.949495,19.188607291700126
43.099999999999994,10.15051,19.28986587591379
43.099999999999994,10.35152,19.386459479079058
43.099999999999994,10.55253,19.479387165385774
43.099999999999994,10.75354,19.562011787131528
43.099999999999994,10.95455,19.64460741418886
43.099999999999994,11.15556,19.7189887059042
43.099999999999994,11.35657,19.791012792485272
43.099999999999994,11.55758,19.860739299795174
43.099999999999994,11.75859,19.924709790361067
43.099999999999994,11.9596,19.98864076915913
43.099999999999994,12.16061,20.047605131409075
43.099999999999994,12.36162,20.10536108200425
43.099999999999994,12.56263,20.161608505141512
43.099999999999994,12.76364,20.214498207000474
43.099999999999994,12.96465,20.26737814492542
43.099999999999994,13.16566,20.31707013116987
43.099999999999994,13.36667,20.366093075344413
43.099999999999994,13.56768,20.414066952004404
43.099999999999994,13.76869,20.459952167975498
43.099999999999994,13.9697,20.50583749768236
43.099999999999994,14.17071,20.549514111124257
43.099999999999994,14.37172,20.592791348331136
43.099999999999994,14.57273,20.635269206539938
43.099999999999994,14.77374,20.67633788741114
43.099999999999994,14.97475,20.717406620997483
43.099999999999994,15.17576,20.756816199381714
43.099999999999994,15.37677,20.79597621435609
43.099999999999994,15.57778,20.83446666527501
43.099999999999994,15.77879,20.871927649616786
43.099999999999994,15.9798,20.909408657754128
43.099999999999994,16.18081,20.94552025770873
43.099999999999994,16.38182,20.981462180132073
43.099999999999994,16.58283,21.016824423935784
43.099999999999994,16.78384,21.051377035317874
43.099999999999994,16.98485,21.08594965847604
43.099999999999994,17.18586,21.11933271997672
43.099999999999994,17.38687,21.152596027860632
43.099999999999994,17.58788,21.18533958226556
43.099999999999994,17.78889,21.21741340413992
43.099999999999994,17.9899,21.249497235976182
43.099999999999994,18.19091,21.28052140889801
43.099999999999994,18.39192,21.311465772665542
43.099999999999994,18.59293,21.34191033191105
43.099999999999994,18.79394,21.371795093179234
43.099999999999994,18.99495,21.40167986707605
43.099999999999994,19.19596,21.4305849199057
43.099999999999994,19.39697,21.45945012174476
43.099999999999994,19.59798,21.4878454755004
43.099999999999994,19.79899,21.515740979664923
43.099999999999994,20.0,21.53960714649815
43.400000000000006,0.1,3.502090831091425
43.400000000000006,0.3010101,4.784838485725448
43.400000000000006,0.5020202,5.371736423545502
43.400000000000006,0.7030303,5.788539814001873
43.400000000000006,0.9040404,6.162459348148576
43.400000000000006,1.105051,6.484257082354627
43.400000000000006,1.306061,6.813928157154497
43.400000000000006,1.507071,7.167254834499759
43.400000000000006,1.708081,7.486383079883263
43.400000000000006,1.909091,7.802410351983021
43.400000000000006,2.110101,8.117034522575002
43.400000000000006,2.311111,8.431281036491368
43.400000000000006,2.512121,8.745638667720813
43.400000000000006,2.713131,9.064797718454631
43.400000000000006,2.914141,9.38409041601582
43.400000000000006,3.115152,9.704047565509535
43.400000000000006,3.316162,10.02605275463878
43.400000000000006,3.517172,10.349113927673791
43.400000000000006,3.718182,10.6834377783454
43.400000000000006,3.919192,11.017620341590337
43.400000000000006,4.120202,11.357302322882253
43.400000000000006,4.321212,11.703537139690221
43.400000000000006,4.522222,12.050944796081389
43.400000000000006,4.723232,12.407692438544892
43.400000000000006,4.924242,12.764089932420887
43.400000000000006,5.125253,13.121516155064565
43.400000000000006,5.326263,13.48412276438902
43.400000000000006,5.527273,13.846412856471279
43.400000000000006,5.728283,14.206643516441096
43.400000000000006,5.929293,14.566285055305993
43.400000000000006,6.130303,14.913923557472229
43.400000000000006,6.331313,15.260237331234723
43.400000000000006,6.532323,15.602357282238
43.400000000000006,6.733333,15.922555064255217
43.400000000000006,6.934343,16.24210424550438
43.400000000000006,7.135354,16.535556397109428
43.400000000000006,7.336364,16.820261355875115
43.400000000000006,7.537374,17.097495733717476
43.400000000000006,7.738384,17.3419775535036
43.400000000000006,7.939394,17.58602860293148
43.400000000000006,8.140404,17.801173616359495
43.400000000000006,8.341414,18.005735468816006
43.400000000000006,8.542424,18.2027263495968
43.400000000000006,8.743434,18.371421300459176
43.400000000000006,8.944444,18.539911962046464
43.400000000000006,9.145455,18.686476506156186
43.400000000000006,9.346465,18.825216951820245
43.400000000000006,9.547475,18.958333715110466
43.400000000000006,9.748485,19.07326163319441
43.400000000000006,9.949495,19.18816261894517
43.400000000000006,10.15051,19.28929319634866
43.400000000000006,10.35152,19.385867414386475
43.400000000000006,10.55253,19.47880549261605
43.400000000000006,10.75354,19.561430463252062
43.400000000000006,10.95455,19.64405706017726
43.400000000000006,11.15556,19.718519530657552
43.400000000000006,11.35657,19.790553980639878
43.400000000000006,11.55758,19.86029072763149
43.400000000000006,11.75859,19.924261436004386
43.400000000000006,11.9596,19.98824305789336
43.400000000000006,12.16061,20.04728820026986
43.400000000000006,12.36162,20.105044382334622
43.400000000000006,12.56263,20.16129196085899
43.400000000000006,12.76364,20.214191805685093
43.400000000000006,12.96465,20.267102214555123
43.400000000000006,13.16566,20.31682476721876
43.400000000000006,13.36667,20.365847866581483
43.400000000000006,13.56768,20.41382184961263
43.400000000000006,13.76869,20.45970716488107
43.400000000000006,13.9697,20.505592863380592
43.400000000000006,14.17071,20.549269913187317
43.400000000000006,14.37172,20.59254725878148
43.400000000000006,14.57273,20.63502519307261
43.400000000000006,14.77374,20.67608394564008
43.400000000000006,14.97475,20.71715298028674
43.400000000000006,15.17576,20.756532903670877
43.400000000000006,15.37677,20.795682996310326
43.400000000000006,15.57778,20.83418350236192
43.400000000000006,15.77879,20.871644539684414
43.400000000000006,15.9798,20.9090957974854
43.400000000000006,16.18081,20.94516767130935
43.400000000000006,16.38182,20.981109649597784
43.400000000000006,16.58283,21.016481934143407
43.400000000000006,16.78384,21.051024585967717
43.400000000000006,16.98485,21.08556741488995
43.400000000000006,17.18586,21.11892069008173
43.400000000000006,17.38687,21.152184038024572
43.400000000000006,17.58788,21.1849276238542
43.400000000000006,17.78889,21.21700147627516
43.400000000000006,17.9899,21.249055473658018
43.400000000000006,18.19091,21.280049809530038
43.400000000000006,18.39192,21.310994202029686
43.400000000000006,18.59293,21.341438785538017
43.400000000000006,18.79394,21.371323570489086
43.400000000000006,18.99495,21.401188474838428
43.400000000000006,19.19596,21.430073650053934
43.400000000000006,19.39697,21.45893887263736
43.400000000000006,19.59798,21.48732424547989
43.400000000000006,19.79899,21.5152297682964
43.400000000000006,20.0,21.54109570839182
43.7,0.1,3.537988501358672
43.7,0.3010101,4.8353966459650914
43.7,0.5020202,5.425496523950479
43.7,0.7030303,5.842719835152384
43.7,0.9040404,6.216370916943699
43.7,1.105051,6.544897242586408
43.7,1.306061,6.890523838259034
43.7,1.507071,7.218976686535811
43.7,1.708081,7.537815015137259
43.7,1.909091,7.852788907702746
43.7,2.110101,8.167238773444218
43.7,2.311111,8.480733465082462
43.7,2.512121,8.7946130458554
43.7,2.713131,9.113354854480255
43.7,2.914141,9.43183687080381
43.7,3.115152,9.751714863034524
43.7,3.316162,10.072632279279516
43.7,3.517172,10.395245576680816
43.7,3.718182,10.728642632364208
43.7,3.919192,11.061408148373099
43.7,4.120202,11.400863196899781
43.7,4.321212,11.744841554626946
43.7,4.522222,12.091352271125569
43.7,4.723232,12.44626366001568
43.7,4.924242,12.800004734335959
43.7,5.125253,13.156974280445127
43.7,5.326263,13.51589529839165
43.7,5.527273,13.876838786622896
43.7,5.728283,14.234424008276644
43.7,5.929293,14.590520199900153
43.7,6.130303,14.937522073005473
43.7,6.331313,15.279591556120133
43.7,6.532323,15.620255086664049
43.7,6.733333,15.93787775698568
43.7,6.934343,16.254212006061543
43.7,7.135354,16.547097019910677
43.7,7.336364,16.828637444175808
43.7,7.537374,17.104864759807587
43.7,7.738384,17.347760465379178
43.7,7.939394,17.589945473139526
43.7,8.140404,17.804792413607178
43.7,8.341414,18.007858012685624
43.7,8.542424,18.204410749081607
43.7,8.743434,18.3724780874439
43.7,8.944444,18.54031111274408
43.7,9.145455,18.68676678774077
43.7,9.346465,18.825069360579434
43.7,9.547475,18.958077150382977
43.7,9.748485,19.072886413323566
43.7,9.949495,19.187648695838487
43.7,10.15051,19.288769933712494
43.7,10.35152,19.38531534643746
43.7,10.55253,19.478233996919194
43.7,10.75354,19.56087976544627
43.7,10.95455,19.643527108574908
43.7,11.15556,19.71800998966594
43.7,11.35657,19.790095168600324
43.7,11.55758,19.859842256668806
43.7,11.75859,19.923853484329555
43.7,11.9596,19.987875576862816
43.7,12.16061,20.046930997243557
43.7,12.36162,20.104737674075707
43.7,12.56263,20.160985470527127
43.7,12.76364,20.213905689583846
43.7,12.96465,20.26683642370167
43.7,13.16566,20.316569178303688
43.7,13.36667,20.36561264164144
43.7,13.56768,20.41358677264545
43.7,13.76869,20.459472375586802
43.7,13.9697,20.505368312308978
43.7,14.17071,20.549035518880434
43.7,14.37172,20.592313149136437
43.7,14.57273,20.63479118756296
43.7,14.77374,20.67584017168576
43.7,14.97475,20.7168993881304
43.7,15.17576,20.756269437482178
43.7,15.37677,20.795409756922965
43.7,15.57778,20.833900337240152
43.7,15.77879,20.871351563531547
43.7,15.9798,20.908782962056314
43.7,16.18081,20.944854937906765
43.7,16.38182,20.980777098412506
43.7,16.58283,21.016139437576214
43.7,16.78384,21.050672243127934
43.7,16.98485,21.085205180831668
43.7,17.18586,21.118538538709274
43.7,17.38687,21.15179203042458
43.7,17.58788,21.184535655171615
43.7,17.78889,21.216579630058096
43.7,17.9899,21.248633709449486
43.7,18.19091,21.279608111470996
43.7,18.39192,21.310532615433157
43.7,18.59293,21.340987226856743
43.7,18.79394,21.37084210769157
43.7,18.99495,21.400707073261685
43.7,19.19596,21.429582300906812
43.7,19.39697,21.458427608763415
43.7,19.59798,21.486823001866007
43.7,19.79899,21.51067923979452
43.7,20.0,21.53449553574769
44.0,0.1,3.5743145008660653
44.0,0.3010101,4.885099396626444
44.0,0.5020202,5.479309285613956
44.0,0.7030303,5.896379848738194
44.0,0.9040404,6.26505492869154
44.0,1.105051,6.566879223540211
44.0,1.306061,6.9113935153478
44.0,1.507071,7.264128177381508
44.0,1.708081,7.5877292596092
44.0,1.909091,7.902479484828663
44.0,2.110101,8.21692675426152
44.0,2.311111,8.530419543645351
44.0,2.512121,8.843085288679728
44.0,2.713131,9.160495017775805
44.0,2.914141,9.478979043289247
44.0,3.115152,9.798858790979402
44.0,3.316162,10.119693432650605
44.0,3.517172,10.440478940912953
44.0,3.718182,10.77179944324706
44.0,3.919192,11.104557565175334
44.0,4.120202,11.444015549033619
44.0,4.321212,11.787757041787131
44.0,4.522222,12.130501504606109
44.0,4.723232,12.48162722747412
44.0,4.924242,12.835371205173157
44.0,5.125253,13.192343843802693
44.0,5.326263,13.550798173941507
44.0,5.527273,13.90568702145907
44.0,5.728283,14.25830803194666
44.0,5.929293,14.614406995673637
44.0,6.130303,14.961411733877814
44.0,6.331313,15.30283450850319
44.0,6.532323,15.636695488878049
44.0,6.733333,15.949854588592839
44.0,6.934343,16.266181081517654
44.0,7.135354,16.55907829696215
44.0,7.336364,16.84005145162839
44.0,7.537374,17.111335989843262
44.0,7.738384,17.351676677849028
44.0,7.939394,17.593863175638578
44.0,8.140404,17.80871150671976
44.0,8.341414,18.011468911076854
44.0,8.542424,18.205746568535726
44.0,8.743434,18.37289682553596
44.0,8.944444,18.540720732186728
44.0,9.145455,18.687177201540813
44.0,9.346465,18.825380828354856
44.0,9.547475,18.95775141459243
44.0,9.748485,19.07238223678256
44.0,9.949495,19.187145031535877
44.0,10.15051,19.288266725446316
44.0,10.35152,19.384802755575368
44.0,10.55253,19.477692999397256
44.0,10.75354,19.56035964885715
44.0,10.95455,19.643017299661853
44.0,11.15556,19.717490456538503
44.0,11.35657,19.789596023229596
44.0,11.55758,19.859424109242084
44.0,11.75859,19.923485883938174
44.0,11.9596,19.987518171502884
44.0,12.16061,20.046563769402653
44.0,12.36162,20.104380711285113
44.0,12.56263,20.16070921215441
44.0,12.76364,20.21364980691172
44.0,12.96465,20.266580671699344
44.0,13.16566,20.316313545572257
44.0,13.36667,20.36536720444138
44.0,13.56768,20.413361872909448
44.0,13.76869,20.459257749487456
44.0,13.9697,20.505143776880697
44.0,14.17071,20.548821068176697
44.0,14.37172,20.5920888516113
44.0,14.57273,20.634557325434912
44.0,14.77374,20.675606517989017
44.0,14.97475,20.716655800814216
44.0,15.17576,20.756035911603774
44.0,15.37677,20.79516635355334
44.0,15.57778,20.83362729063129
44.0,15.77879,20.871058675821406
44.0,15.9798,20.908490122526164
44.0,16.18081,20.94456214497447
44.0,16.38182,20.98047440691269
44.0,16.58283,21.015797039996748
44.0,16.78384,21.050309967010904
44.0,16.98485,21.084842941429926
44.0,17.18586,21.11818633423373
44.0,17.38687,21.151419907933576
44.0,17.58788,21.184123765952634
44.0,17.78889,21.216157829712092
44.0,17.9899,21.248211937335086
44.0,18.19091,21.279186366419374
44.0,18.39192,21.310100935575502
44.0,18.59293,21.340515726840234
44.0,18.79394,21.37036067080483
44.0,18.99495,21.40022565852101
44.0,19.19596,21.429100907446323
44.0,19.39697,21.457946263969262
44.0,19.59798,21.48630179205362
44.0,19.79899,21.512177752447037
44.0,20.0,21.536004067904187
44.3,0.1,3.6086297229951088
44.3,0.3010101,4.933573740350202
44.3,0.5020202,5.531660049776836
44.3,0.7030303,5.949531463976368
44.3,0.9040404,6.323047556240906
44.3,1.105051,6.667037503364643
44.3,1.306061,6.994235623300998
44.3,1.507071,7.321470052612144
44.3,1.708081,7.638697287004229
44.3,1.909091,7.95259713092808
44.3,2.110101,8.266033002647156
44.3,2.311111,8.578621689103803
44.3,2.512121,8.891218369481807
44.3,2.713131,9.208622074168417
44.3,2.914141,9.526205399140888
44.3,3.115152,9.845065632823943
44.3,3.316162,10.164876469700069
44.3,3.517172,10.485673955117239
44.3,3.718182,10.816847333397563
44.3,3.919192,11.148028457150566
44.3,4.120202,11.485519849148812
44.3,4.321212,11.827254807415377
44.3,4.522222,12.17000200364974
44.3,4.723232,12.520780997743694
44.3,4.924242,12.871578788244548
44.3,5.125253,13.225195744257272
44.3,5.326263,13.580524324407387
44.3,5.527273,13.93542595132827
44.3,5.728283,14.287480314802218
44.3,5.929293,14.639544276992794
44.3,6.130303,14.982444513119404
44.3,6.331313,15.320382379243163
44.3,6.532323,15.654245812589462
44.3,6.733333,15.966787983089898
44.3,6.934343,16.279330028139118
44.3,7.135354,16.56891268802879
44.3,7.336364,16.847350449404534
44.3,7.537374,17.11863676328935
44.3,7.738384,17.35853970685761
44.3,7.939394,17.598460596384783
44.3,8.140404,17.811602787647253
44.3,8.341414,18.013183233637314
44.3,8.542424,18.207451981838098
44.3,8.743434,18.37441361631562
44.3,8.944444,18.54138019048005
44.3,9.145455,18.687288880916746
44.3,9.346465,18.825154201063707
44.3,9.547475,18.95752541839272
44.3,9.748485,19.072107036438304
44.3,9.949495,19.186691310081777
44.3,10.15051,19.287744238270648
44.3,10.35152,19.38425120786658
44.3,10.55253,19.477141825496982
44.3,10.75354,19.559818954725394
44.3,10.95455,19.64249747431577
44.3,11.15556,19.717021372770013
44.3,11.35657,19.78915750429211
44.3,11.55758,19.85898582155094
44.3,11.75859,19.92306791060007
44.3,11.9596,19.987140758384548
44.3,12.16061,20.046246853985306
44.3,12.36162,20.10408417289326
44.3,12.56263,20.160412824120645
44.3,12.76364,20.213373644279187
44.3,12.96465,20.26632491145057
44.3,13.16566,20.316078149719427
44.3,13.36667,20.365142078309823
44.3,13.56768,20.413136850268046
44.3,13.76869,20.45903289714386
44.3,13.9697,20.50492923235134
44.3,14.17071,20.5485968085865
44.3,14.37172,20.591874796917903
44.3,14.57273,20.63433334521318
44.3,14.77374,20.675382674170574
44.3,14.97475,20.716422203687657
44.3,15.17576,20.75578254236701
44.3,15.37677,20.794903142948552
44.3,15.57778,20.833364134212
44.3,15.77879,20.870785629965276
44.3,15.9798,20.908207274622693
44.3,16.18081,20.944259482236387
44.3,16.38182,20.980161868607222
44.3,16.58283,21.01548454217713
44.3,16.78384,21.049987560489196
44.3,16.98485,21.084490695821174
44.3,17.18586,21.117814234706476
44.3,17.38687,21.15103790290493
44.3,17.58788,21.18374179200557
44.3,17.78889,21.215765928654392
44.3,17.9899,21.24780016061184
44.3,18.19091,21.278754701923894
44.3,18.39192,21.30965934190876
44.3,18.59293,21.340074157392312
44.3,18.79394,21.369909158060825
44.3,18.99495,21.39975423850506
44.3,19.19596,21.428609566768433
44.3,19.39697,21.457444973057633
44.3,19.59798,21.48581052050326
44.3,19.79899,21.51368620899898
44.3,20.0,21.54155196584284
44.599999999999994,0.1,3.6422672970558443
44.599999999999994,0.3010101,4.981247773661678
44.599999999999994,0.5020202,5.583337405401104
44.599999999999994,0.7030303,6.001840812695865
44.599999999999994,0.9040404,6.370379597678233
44.599999999999994,1.105051,6.6785152394075835
44.599999999999994,1.306061,7.04589884106118
44.599999999999994,1.507071,7.371978050125892
44.599999999999994,1.708081,7.688912520530268
44.599999999999994,1.909091,8.001959048900307
44.599999999999994,2.110101,8.314369611397195
44.599999999999994,2.311111,8.626019326099875
44.599999999999994,2.512121,8.938540866434868
44.599999999999994,2.713131,9.255936453726767
44.599999999999994,2.914141,9.572582228339549
44.599999999999994,3.115152,9.890391079049225
44.599999999999994,3.316162,10.209161211875111
44.599999999999994,3.517172,10.529950601416726
44.599999999999994,3.718182,10.860986772451083
44.599999999999994,3.919192,11.190590953800765
44.599999999999994,4.120202,11.526125845309645
44.599999999999994,4.321212,11.865884350514309
44.599999999999994,4.522222,12.20863420560158
44.599999999999994,4.723232,12.559086416921211
44.599999999999994,4.924242,12.906988216617346
44.599999999999994,5.125253,13.257329668792305
44.599999999999994,5.326263,13.609612637619763
44.599999999999994,5.527273,13.964506977057484
44.599999999999994,5.728283,14.316004632528095
44.599999999999994,5.929293,14.664143657038517
44.599999999999994,6.130303,15.003059417543964
44.599999999999994,6.331313,15.337612377948902
44.599999999999994,6.532323,15.671478190859158
44.599999999999994,6.733333,15.983413358104139
44.599999999999994,6.934343,16.29227089878906
44.599999999999994,7.135354,16.578608859938306
44.599999999999994,7.336364,16.85457107226655
44.599999999999994,7.537374,17.12585910037659
44.599999999999994,7.738384,17.36534420949336
44.599999999999994,7.939394,17.60303928501785
44.599999999999994,8.140404,17.814485158471303
44.599999999999994,8.341414,18.014908505877102
44.599999999999994,8.542424,18.20918831019355
44.599999999999994,8.743434,18.37596126877986
44.599999999999994,8.944444,18.54207037820421
44.599999999999994,9.145455,18.687421167252673
44.599999999999994,9.346465,18.824948088576672
44.599999999999994,9.547475,18.957319921032845
44.599999999999994,9.748485,19.07186230041051
44.599999999999994,9.949495,19.18626796374588
44.599999999999994,10.15051,19.287232060627858
44.599999999999994,10.35152,19.38370992416868
44.599999999999994,10.55253,19.476600907434914
44.599999999999994,10.75354,19.559288502594
44.599999999999994,10.95455,19.64198784683571
44.599999999999994,11.15556,19.71655244823976
44.599999999999994,11.35657,19.788729116407744
44.599999999999994,11.55758,19.85855766269269
44.599999999999994,11.75859,19.922650056873376
44.599999999999994,11.9596,19.98678343625055
44.599999999999994,12.16061,20.0459200097647
44.599999999999994,12.36162,20.103797693162328
44.599999999999994,12.56263,20.160126495622222
44.599999999999994,12.76364,20.21308753595149
44.599999999999994,12.96465,20.266079193815404
44.599999999999994,13.16566,20.315852784680846
44.599999999999994,13.36667,20.36492697402612
44.599999999999994,13.56768,20.41292184960753
44.599999999999994,13.76869,20.458828063942615
44.599999999999994,13.9697,20.504724695690623
44.599999999999994,14.17071,20.548392553252437
44.599999999999994,14.37172,20.59166074441357
44.599999999999994,14.57273,20.63412936610931
44.599999999999994,14.77374,20.675168831139057
44.599999999999994,14.97475,20.716208605308363
44.599999999999994,15.17576,20.755549168112765
44.599999999999994,15.37677,20.794659924440207
44.599999999999994,15.57778,20.833120970300335
44.599999999999994,15.77879,20.870542575680656
44.599999999999994,15.9798,20.90794441563314
44.599999999999994,16.18081,20.943976809187355
44.599999999999994,16.38182,20.979859320068112
44.599999999999994,16.58283,21.015182034856462
44.599999999999994,16.78384,21.04968514514499
44.599999999999994,16.98485,21.08416844292261
44.599999999999994,17.18586,21.11746212752025
44.599999999999994,17.38687,21.150675890081445
44.599999999999994,17.58788,21.18337981052273
44.599999999999994,17.78889,21.215394019807412
44.599999999999994,17.9899,21.247398375471477
44.599999999999994,18.19091,21.27834302927037
44.599999999999994,18.39192,21.30922774046879
44.599999999999994,18.59293,21.339642580389
44.599999999999994,18.79394,21.369467637158316
44.599999999999994,18.99495,21.399292808759906
44.599999999999994,19.19596,21.428128210352792
44.599999999999994,19.39697,21.45695366342313
44.599999999999994,19.59798,21.485319230659012
44.599999999999994,19.79899,21.511185265426096
44.599999999999994,20.0,21.534981690740054
44.900000000000006,0.1,3.676490423434523
44.900000000000006,0.3010101,5.028793996236129
44.900000000000006,0.5020202,5.633566080854798
44.900000000000006,0.7030303,6.053806824869634
44.900000000000006,0.9040404,6.427358596469133
44.900000000000006,1.105051,6.7467163353287445
44.900000000000006,1.306061,7.072748414363592
44.900000000000006,1.507071,7.415909423052613
44.900000000000006,1.708081,7.737571066761447
44.900000000000006,1.909091,8.050391910180787
44.900000000000006,2.110101,8.362799771618857
44.900000000000006,2.311111,8.67444839639458
44.900000000000006,2.512121,8.985672395052818
44.900000000000006,2.713131,9.301640229656517
44.900000000000006,2.914141,9.618286755042712
44.900000000000006,3.115152,9.936097085665446
44.900000000000006,3.316162,10.254777186665619
44.900000000000006,3.517172,10.573679105013376
44.900000000000006,3.718182,10.902618804962101
44.900000000000006,3.919192,11.232225328130262
44.900000000000006,4.120202,11.567762888633851
44.900000000000006,4.321212,11.907294290106408
44.900000000000006,4.522222,12.246368238321164
44.900000000000006,4.723232,12.593165059660828
44.900000000000006,4.924242,12.94106952338013
44.900000000000006,5.125253,13.291413818937324
44.900000000000006,5.326263,13.643229895826776
44.900000000000006,5.527273,13.992330047654523
44.900000000000006,5.728283,14.339073584486911
44.900000000000006,5.929293,14.68720514176678
44.900000000000006,6.130303,15.026133515731402
44.900000000000006,6.331313,15.360069538623659
44.900000000000006,6.532323,15.687452887971546
44.900000000000006,6.733333,15.995094305632923
44.900000000000006,6.934343,16.303963870041667
44.900000000000006,7.135354,16.590303825692303
44.900000000000006,7.336364,16.865718546254843
44.900000000000006,7.537374,17.13224329253095
44.900000000000006,7.738384,17.369242967548182
44.900000000000006,7.939394,17.60694939811117
44.900000000000006,8.140404,17.81839653899949
44.900000000000006,8.341414,18.018511548783238
44.900000000000006,8.542424,18.210565820349437
44.900000000000006,8.743434,18.37642145195236
44.900000000000006,8.944444,18.54253137226576
44.900000000000006,9.145455,18.687882894611846
44.900000000000006,9.346465,18.82531079073657
44.900000000000006,9.547475,18.95703509114925
44.900000000000006,9.748485,19.071388873520796
44.900000000000006,9.949495,19.185795019359507
44.900000000000006,10.15051,19.28675954445833
44.900000000000006,10.35152,19.38322798742897
44.900000000000006,10.55253,19.476080399213206
44.900000000000006,10.75354,19.558778804824716
44.900000000000006,10.95455,19.641478444294044
44.900000000000006,11.15556,19.716053307155764
44.900000000000006,11.35657,19.78824034156456
44.900000000000006,11.55758,19.858159771728896
44.900000000000006,11.75859,19.922292669057335
44.900000000000006,11.9596,19.986426237884885
44.900000000000006,12.16061,20.045572981551487
44.900000000000006,12.36162,20.10346092001068
44.900000000000006,12.56263,20.15986037607343
44.900000000000006,12.76364,20.212851775043653
44.900000000000006,12.96465,20.265843559749243
44.900000000000006,13.16566,20.315607266506117
44.900000000000006,13.36667,20.3646916437222
44.900000000000006,13.56768,20.412717013984114
44.900000000000006,13.76869,20.458623488028646
44.900000000000006,13.9697,20.504530209208234
44.900000000000006,14.17071,20.548198148471347
44.900000000000006,14.37172,20.591466489184388
44.900000000000006,14.57273,20.633925535514287
44.900000000000006,14.77374,20.674955205423952
44.900000000000006,14.97475,20.71599504320426
44.900000000000006,15.17576,20.755335666662937
44.900000000000006,15.37677,20.79444654218282
44.900000000000006,15.57778,20.832877929693705
44.900000000000006,15.77879,20.870279689531845
44.900000000000006,15.9798,20.907681577754204
44.900000000000006,16.18081,20.94371401601952
44.900000000000006,16.38182,20.97958662774109
44.900000000000006,16.58283,21.014869641521994
44.900000000000006,16.78384,21.049352873778357
44.900000000000006,16.98485,21.08383620742299
44.900000000000006,17.18586,21.11713992622655
44.900000000000006,17.38687,21.150333769684146
44.900000000000006,17.58788,21.1829979202007
44.900000000000006,17.78889,21.215002217165022
44.900000000000006,17.9899,21.24700660058128
44.900000000000006,18.19091,21.277941281107225
44.900000000000006,18.39192,21.308826057059104
44.900000000000006,18.59293,21.33920107604126
44.900000000000006,18.79394,21.36901619454116
44.900000000000006,18.99495,21.39883138812731
44.900000000000006,19.19596,21.42767681078713
44.900000000000006,19.39697,21.456492309407444
44.900000000000006,19.59798,21.48481798434918
44.900000000000006,19.79899,21.50865436648095
44.900000000000006,20.0,21.532450803176555
45.2,0.1,3.708967163078913
45.2,0.3010101,5.075681778426067
45.2,0.5020202,5.684078760032845
45.2,0.7030303,6.104913797118104
45.2,0.9040404,6.478647769464359
45.2,1.105051,6.797608056270579
45.2,1.306061,7.122554191192906
45.2,1.507071,7.465391464921993
45.2,1.708081,7.786759222730099
45.2,1.909091,8.098514933561466
45.2,2.110101,8.410745301396453
45.2,2.311111,8.721539363934957
45.2,2.512121,9.032224372376533
45.2,2.713131,9.34772185968464
45.2,2.914141,9.663447939673928
45.2,3.115152,9.981171709726206
45.2,3.316162,10.298695217286074
45.2,3.517172,10.617109093059188
45.2,3.718182,10.945121833601352
45.2,3.919192,11.273291377979836
45.2,4.120202,11.608611644735634
45.2,4.321212,11.94597676192198
45.2,4.522222,12.284193598920382
45.2,4.723232,12.629254196891134
45.2,4.924242,12.97466251105075
45.2,5.125253,13.324579841777178
45.2,5.326263,13.672970635397798
45.2,5.527273,14.020814037021426
45.2,5.728283,14.365112070195414
45.2,5.929293,14.709978378446337
45.2,6.130303,15.048319809325246
45.2,6.331313,15.378341537270085
45.2,6.532323,15.704398183960896
45.2,6.733333,16.009654127795326
45.2,6.934343,16.315538461704424
45.2,7.135354,16.601360900836546
45.2,7.336364,16.873810456546092
45.2,7.537374,17.13939773270517
45.2,7.738384,17.374900699917195
45.2,7.939394,17.61084050355678
45.2,8.140404,17.82199930193066
45.2,8.341414,18.0206875017862
45.2,8.542424,18.212313351151927
45.2,8.743434,18.377561002650552
45.2,8.944444,18.543002932993886
45.2,9.145455,18.688255424925796
45.2,9.346465,18.825235069777023
45.2,9.547475,18.956850239573264
45.2,9.748485,19.071065131273272
45.2,9.949495,19.185322348230862
45.2,10.15051,19.286287454730758
45.2,10.35152,19.382706904571787
45.2,10.55253,19.4755498153461
45.2,10.75354,19.558268907388864
45.2,10.95455,19.640979192369283
45.2,11.15556,19.71556441796558
45.2,11.35657,19.787802061462546
45.2,11.55758,19.85772179280371
45.2,11.75859,19.921905131903554
45.2,11.9596,19.98607910418074
45.2,12.16061,20.045236104449188
45.2,12.36162,20.103174484410484
45.2,12.56263,20.159574141704557
45.2,12.76364,20.212595881660764
45.2,12.96465,20.26560796526456
45.2,13.16566,20.315381856766425
45.2,13.36667,20.364486556279353
45.2,13.56768,20.412512063013416
45.2,13.76869,20.458428795371677
45.2,13.9697,20.50433573236731
45.2,14.17071,20.548003822701485
45.2,14.37172,20.59127243490633
45.2,14.57273,20.63373158045824
45.2,14.77374,20.67476147427441
45.2,14.97475,20.71579148959792
45.2,15.17576,20.75513223138812
45.2,15.37677,20.7942133189693
45.2,15.57778,20.832644776736714
45.2,15.77879,20.87003671464205
45.2,15.9798,20.9074287360837
45.2,16.18081,20.943451277627943
45.2,16.38182,20.9793140740308
45.2,16.58283,21.01459714046193
45.2,16.78384,21.049050531297326
45.2,16.98485,21.083523976373183
45.2,17.18586,21.11680777622226
45.2,17.38687,21.1499917603607
45.2,17.58788,21.182645948454095
45.2,17.78889,21.214630364801096
45.2,17.9899,21.246624828534213
45.2,18.19091,21.277549576437305
45.2,18.39192,21.30841446683779
45.2,18.59293,21.33877951314336
45.2,18.79394,21.368574723348466
45.2,18.99495,21.398379976116022
45.2,19.19596,21.42721544116948
45.2,19.39697,21.45601100436184
45.2,19.59798,21.484336699472376
45.2,19.79899,21.512192526137703
45.2,20.0,21.5380187012564
45.5,0.1,3.7428604671437053
45.5,0.3010101,5.121716435573553
45.5,0.5020202,5.734601813958025
45.5,0.7030303,6.155705143224677
45.5,0.9040404,6.524634878033445
45.5,1.105051,6.824585833423211
45.5,1.306061,7.182224975541098
45.5,1.507071,7.520932348924657
45.5,1.708081,7.835731971593329
45.5,1.909091,8.147162728889489
45.5,2.110101,8.457520910466325
45.5,2.311111,8.767596080628772
45.5,2.512121,9.07827890544002
45.5,2.713131,9.393778014407843
45.5,2.914141,9.708922784964741
45.5,3.115152,10.024548666437717
45.5,3.316162,10.341575214881937
45.5,3.517172,10.66000072451185
45.5,3.718182,10.98800593548162
45.5,3.919192,11.315088405243259
45.5,4.120202,11.646773172493043
45.5,4.321212,11.983281318125371
45.5,4.522222,12.321500574515843
45.5,4.723232,12.66656399984556
45.5,4.924242,13.009916041369774
45.5,5.125253,13.353929585777166
45.5,5.326263,13.701083807021343
45.5,5.527273,14.04893968138651
45.5,5.728283,14.393240419243726
45.5,5.929293,14.735151536537302
45.5,6.130303,15.066421454361704
45.5,6.331313,15.395126687353317
45.5,6.532323,15.721175458491958
45.5,6.733333,16.026443585307245
45.5,6.934343,16.329352843562347
45.5,7.135354,16.60941280996955
45.5,7.336364,16.88092488753498
45.5,7.537374,17.14651368382679
45.5,7.738384,17.38201811192184
45.5,7.939394,17.61604132821671
45.5,8.140404,17.82418512505083
45.5,8.341414,18.022444900071132
45.5,8.542424,18.214071701257463
45.5,8.743434,18.379320220814776
45.5,8.944444,18.54395433816284
45.5,9.145455,18.68818956940208
45.5,9.346465,18.82505006863349
45.5,9.547475,18.956655807132215
45.5,9.748485,19.07087120520599
45.5,9.949495,19.184949587661453
45.5,10.15051,19.285766207824643
45.5,10.35152,19.382176164755258
45.5,10.55253,19.475019422564095
45.5,10.75354,19.557738823592555
45.5,10.95455,19.640469887754218
45.5,11.15556,19.715116010100036
45.5,11.35657,19.78736395392414
45.5,11.55758,19.857293905443104
45.5,11.75859,19.921477443198068
45.5,11.9596,19.985701905442774
45.5,12.16061,20.0449495544642
45.5,12.36162,20.102898142040765
45.5,12.56263,20.15929794499297
45.5,12.76364,20.21231981959854
45.5,12.96465,20.26536232286969
45.5,13.16566,20.315176683776766
45.5,13.36667,20.364281521539628
45.5,13.56768,20.412307129519796
45.5,13.76869,20.458223955637262
45.5,13.9697,20.504151198943774
45.5,14.17071,20.547829694866316
45.5,14.37172,20.591098411405092
45.5,14.57273,20.63355762942796
45.5,14.77374,20.67457759195077
45.5,14.97475,20.715597903002685
45.5,15.17576,20.754908953819523
45.5,15.37677,20.794000113386588
45.5,15.57778,20.832431625113582
45.5,15.77879,20.86981361384352
45.5,15.9798,20.907195858810223
45.5,16.18081,20.943188681890245
45.5,16.38182,20.979041534094137
45.5,16.58283,21.01432464055599
45.5,16.78384,21.048788069973387
45.5,16.98485,21.083231737280816
45.5,17.18586,21.11647574424252
45.5,17.38687,21.149649767046256
45.5,17.58788,21.182303985584102
45.5,17.78889,21.214288431570072
45.5,17.9899,21.24625305447484
45.5,18.19091,21.27714798238315
45.5,18.39192,21.30800290151638
45.5,18.59293,21.338377971220137
45.5,18.79394,21.368173204464103
45.5,18.99495,21.39793859304322
45.5,19.19596,21.426734143646623
45.5,19.39697,21.455519727195796
45.5,19.59798,21.483855441392734
45.5,19.79899,21.511701286941168
45.5,20.0,21.53549780759694
45.8,0.1,3.773794615671883
45.8,0.3010101,5.166496007917925
45.8,0.5020202,5.783642141047362
45.8,0.7030303,6.205845552028184
45.8,0.9040404,6.579885112476018
45.8,1.105051,6.921760438473307
45.8,1.306061,7.245691956558023
45.8,1.507071,7.569659058738874
45.8,1.708081,7.883688285360798
45.8,1.909091,8.194415637595096
45.8,2.110101,8.504770972222575
45.8,2.311111,8.81444451735092
45.8,2.512121,9.124124317952568
45.8,2.713131,9.438617106094643
45.8,2.914141,9.75329345616104
45.8,3.115152,10.068927547504364
45.8,3.316162,10.385266229460637
45.8,3.517172,10.702474129571
45.8,3.718182,11.028902721169763
45.8,3.919192,11.355347695150328
45.8,4.120202,11.687024881762909
45.8,4.321212,12.022236317148604
45.8,4.522222,12.35823917511369
45.8,4.723232,12.700526902346942
45.8,4.924242,13.042821978371437
45.8,5.125253,13.386838129941507
45.8,5.326263,13.731906390657183
45.8,5.527273,14.076367015771224
45.8,5.728283,14.416943404109944
45.8,5.929293,14.757527891581455
45.8,6.130303,15.08880016969115
45.8,6.331313,15.415020118627666
45.8,6.532323,15.737314561140817
45.8,6.733333,16.03904833428361
45.8,6.934343,16.340790551514186
45.8,7.135354,16.620852275461484
45.8,7.336364,16.89038797639673
45.8,7.537374,17.153200964544755
45.8,7.738384,17.38655907731877
45.8,7.939394,17.619924206658844
45.8,8.140404,17.828069138128242
45.8,8.341414,18.02533132515773
45.8,8.542424,18.215660852308584
45.8,8.743434,18.380051660836656
45.8,8.944444,18.544446922799168
45.8,9.145455,18.688672822714974
45.8,9.346465,18.825214630120815
45.8,9.547475,18.956431793480323
45.8,9.748485,19.070458346081793
45.8,9.949495,19.184487352641796
45.8,10.15051,19.285304376848742
45.8,10.35152,19.38168514355711
45.8,10.55253,19.47449928329868
45.8,10.75354,19.557229448176432
45.8,10.95455,19.639970899471923
45.8,11.15556,19.714617272250866
45.8,11.35657,19.786895700072307
45.8,11.55758,19.856876168515743
45.8,11.75859,19.921110163893715
45.8,11.9596,19.985354864648638
45.8,12.16061,20.04459267968648
45.8,12.36162,20.102581651391706
45.8,12.56263,20.159031871570374
45.8,12.76364,20.212084134067425
45.8,12.96465,20.26513680723335
45.8,13.16566,20.314951280557118
45.8,13.36667,20.36406638569697
45.8,13.56768,20.41211228123789
45.8,13.76869,20.458039376233963
45.8,13.9697,20.503966733845875
45.8,14.17071,20.547645311037776
45.8,14.37172,20.590924276920944
45.8,14.57273,20.633383763132333
45.8,14.77374,20.674393981082922
45.8,14.97475,20.715404379253645
45.8,15.17576,20.75472548849601
45.8,15.37677,20.79379683135979
45.8,15.57778,20.83220853517913
45.8,15.77879,20.86959070651825
45.8,15.9798,20.906963012541755
45.8,16.18081,20.942955879831008
45.8,16.38182,20.97879891288987
45.8,16.58283,21.014062207623542
45.8,16.78384,21.04849581720079
45.8,16.98485,21.08293953053104
45.8,17.18586,21.116183570684324
45.8,17.38687,21.149327724275935
45.8,17.58788,21.181962073757223
45.8,17.78889,21.213926642600455
45.8,17.9899,21.245881297763567
45.8,18.19091,21.27677625144187
45.8,18.39192,21.30762129481962
45.8,18.59293,21.337966482403864
45.8,18.79394,21.36773182134502
45.8,18.99495,21.39749723303961
45.8,19.19596,21.42628280382182
45.8,19.39697,21.455058445963992
45.8,19.59798,21.48138450599917
45.8,19.79899,21.505150985799123
45.8,20.0,21.528917512943
46.099999999999994,0.1,3.805247452429615
46.099999999999994,0.3010101,5.2104595132009095
46.099999999999994,0.5020202,5.831973805305865
46.099999999999994,0.7030303,6.2550930605743265
46.099999999999994,0.9040404,6.624520665815702
46.099999999999994,1.105051,6.923909095785827
46.099999999999994,1.306061,7.263556978649939
46.099999999999994,1.507071,7.6116692638538614
46.099999999999994,1.708081,7.931061653682272
46.099999999999994,1.909091,8.241175039121606
46.099999999999994,2.110101,8.551527390963996
46.099999999999994,2.311111,8.860761709693277
46.099999999999994,2.512121,9.169353652233248
46.099999999999994,2.713131,9.482817334678886
46.099999999999994,2.914141,9.797007315871282
46.099999999999994,3.115152,10.112637540617063
46.099999999999994,3.316162,10.428288508700497
46.099999999999994,3.517172,10.744249091594016
46.099999999999994,3.718182,11.069101046362183
46.099999999999994,3.919192,11.394898482037489
46.099999999999994,4.120202,11.7265880121902
46.099999999999994,4.321212,12.060512705077441
46.099999999999994,4.522222,12.394319179450422
46.099999999999994,4.723232,12.733891373112519
46.099999999999994,4.924242,13.075149510149489
46.099999999999994,5.125253,13.41916821223443
46.099999999999994,5.326263,13.762190580094979
46.099999999999994,5.527273,14.103356131430022
46.099999999999994,5.728283,14.440308550614224
46.099999999999994,5.929293,14.779606488584527
46.099999999999994,6.130303,15.110881049244576
46.099999999999994,6.331313,15.434686118820892
46.099999999999994,6.532323,15.753296815914148
46.099999999999994,6.733333,16.051526498731402
46.099999999999994,6.934343,16.35211166878552
46.099999999999994,7.135354,16.632165020137716
46.099999999999994,7.336364,16.899744005046756
46.099999999999994,7.537374,17.159820731163293
46.099999999999994,7.738384,17.391041912864818
46.099999999999994,7.939394,17.623758731906918
46.099999999999994,8.140404,17.831904735212344
46.099999999999994,8.341414,18.028199168618492
46.099999999999994,8.542424,18.21725123958962
46.099999999999994,8.743434,18.380764213341187
46.099999999999994,8.944444,18.544910559423855
46.099999999999994,9.145455,18.689147087718162
46.099999999999994,9.346465,18.825349999858798
46.099999999999994,9.547475,18.95617833682147
46.099999999999994,9.748485,19.07001582229016
46.099999999999994,9.949495,19.18400539234073
46.099999999999994,10.15051,19.284812814167225
46.099999999999994,10.35152,19.38118436161918
46.099999999999994,10.55253,19.473979361398854
46.099999999999994,10.75354,19.55672029983496
46.099999999999994,10.95455,19.639462137339272
46.099999999999994,11.15556,19.71409875520823
46.099999999999994,11.35657,19.786417596843414
46.099999999999994,11.55758,19.856438500674766
46.099999999999994,11.75859,19.920742878042592
46.099999999999994,11.9596,19.98499780544308
46.099999999999994,12.16061,20.04423578699935
46.099999999999994,12.36162,20.10227515998742
46.099999999999994,12.56263,20.15877582305351
46.099999999999994,12.76364,20.211848504690078
46.099999999999994,12.96465,20.264911352208365
46.099999999999994,13.16566,20.31471593755439
46.099999999999994,13.36667,20.36385127705535
46.099999999999994,13.56768,20.411917420563373
46.099999999999994,13.76869,20.457864746244205
46.099999999999994,13.9697,20.50379221534709
46.099999999999994,14.17071,20.54747087468465
46.099999999999994,14.37172,20.59076011187074
46.099999999999994,14.57273,20.63322989287185
46.099999999999994,14.77374,20.674220394912854
46.099999999999994,14.97475,20.715240883159844
46.099999999999994,15.17576,20.754552050957216
46.099999999999994,15.37677,20.79360355435498
46.099999999999994,15.57778,20.83200542551782
46.099999999999994,15.77879,20.86937775531465
46.099999999999994,15.9798,20.906750120736323
46.099999999999994,16.18081,20.942743033416455
46.099999999999994,16.38182,20.978576269871557
46.099999999999994,16.58283,21.013829778219083
46.099999999999994,16.78384,21.048233594687545
46.099999999999994,16.98485,21.082667355970983
46.099999999999994,17.18586,21.115911428934595
46.099999999999994,17.38687,21.149035701467856
46.099999999999994,17.58788,21.18164017101942
46.099999999999994,17.78889,21.213584853598523
46.099999999999994,17.9899,21.245539540511334
46.099999999999994,18.19091,21.27643452008324
46.099999999999994,18.39192,21.3072597162312
46.099999999999994,18.59293,21.337575049370987
46.099999999999994,18.79394,21.3673005195196
46.099999999999994,18.99495,21.397065953930365
46.099999999999994,19.19596,21.42585154369796
46.099999999999994,19.39697,21.454577225754953
46.099999999999994,19.59798,21.48285298365131
46.099999999999994,19.79899,21.510668816404003
46.099999999999994,20.0,21.534455368913168
46.400000000000006,0.1,3.8348172026130176
46.400000000000006,0.3010101,5.254286426544609
46.400000000000006,0.5020202,5.87879377316861
46.400000000000006,0.7030303,6.304069969295039
46.400000000000006,0.9040404,6.6785916011099165
46.400000000000006,1.105051,6.996499897648198
46.400000000000006,1.306061,7.3195485300126375
46.400000000000006,1.507071,7.665854011841153
46.400000000000006,1.708081,7.978771736177595
46.400000000000006,1.909091,8.288600127140672
46.400000000000006,2.110101,8.597234423335292
46.400000000000006,2.311111,8.905684197983371
46.400000000000006,2.512121,9.214273730729781
46.400000000000006,2.713131,9.527737758529558
46.400000000000006,2.914141,9.841329293672423
46.400000000000006,3.115152,10.154780861192107
46.400000000000006,3.316162,10.4699137698931
46.400000000000006,3.517172,10.785885738768398
46.400000000000006,3.718182,11.11073988397908
46.400000000000006,3.919192,11.435450049126114
46.400000000000006,4.120202,11.763554100931195
46.400000000000006,4.321212,12.096641608369136
46.400000000000006,4.522222,12.43045028913868
46.400000000000006,4.723232,12.77002507654502
46.400000000000006,4.924242,13.10927690722925
46.400000000000006,5.125253,13.44769243728685
46.400000000000006,5.326263,13.789508080925792
46.400000000000006,5.527273,14.130675888854407
46.400000000000006,5.728283,14.467630777757424
46.400000000000006,5.929293,14.804083759994393
46.400000000000006,6.130303,15.128679165881792
46.400000000000006,6.331313,15.451197687975618
46.400000000000006,6.532323,15.769810200915192
46.400000000000006,6.733333,16.068041762162757
46.400000000000006,6.934343,16.365692067174976
46.400000000000006,7.135354,16.640072316796648
46.400000000000006,7.336364,16.906733473542893
46.400000000000006,7.537374,17.166801485360327
46.400000000000006,7.738384,17.398023908806135
46.400000000000006,7.939394,17.62885322503221
46.400000000000006,8.140404,17.834113078671542
46.400000000000006,8.341414,18.02999892673648
46.400000000000006,8.542424,18.21905184001286
46.400000000000006,8.743434,18.382565583780213
46.400000000000006,8.944444,18.54588397401501
46.400000000000006,9.145455,18.689052514731557
46.400000000000006,9.346465,18.82513616685464
46.400000000000006,9.547475,18.955965026522197
46.400000000000006,9.748485,19.069802979100224
46.400000000000006,9.949495,19.183603360741213
46.400000000000006,10.15051,19.284312021066704
46.400000000000006,10.35152,19.38067405217117
46.400000000000006,10.55253,19.47346938387926
46.400000000000006,10.75354,19.55621061845119
46.400000000000006,10.95455,19.638943270770692
46.400000000000006,11.15556,19.71363058441731
46.400000000000006,11.35657,19.785949702037055
46.400000000000006,11.55758,19.85598082067288
46.400000000000006,11.75859,19.92028539251501
46.400000000000006,11.9596,19.98461067090073
46.400000000000006,12.16061,20.043969304758352
46.400000000000006,12.36162,20.10202888762498
46.400000000000006,12.56263,20.158529693513742
46.400000000000006,12.76364,20.211602506238954
46.400000000000006,12.96465,20.264675839093997
46.400000000000006,13.16566,20.314510812239163
46.400000000000006,13.36667,20.363646281553056
46.400000000000006,13.56768,20.41170252525543
46.400000000000006,13.76869,20.457659944457074
46.400000000000006,13.9697,20.503617639138646
46.400000000000006,14.17071,20.547336751552127
46.400000000000006,14.37172,20.590626095006623
46.400000000000006,14.57273,20.633085947053512
46.400000000000006,14.77374,20.674086515897713
46.400000000000006,14.97475,20.715077362847378
46.400000000000006,15.17576,20.754348783840214
46.400000000000006,15.37677,20.79340035580872
46.400000000000006,15.57778,20.831802279640236
46.400000000000006,15.77879,20.869174659388634
46.400000000000006,15.9798,20.906537189608958
46.400000000000006,16.18081,20.942530440057087
46.400000000000006,16.38182,20.97837373315299
46.400000000000006,16.58283,21.01361728038549
46.400000000000006,16.78384,21.04802113429581
46.400000000000006,16.98485,21.08240518235127
46.400000000000006,17.18586,21.115599432616296
46.400000000000006,17.38687,21.148713741861258
46.400000000000006,17.58788,21.181318240754727
46.400000000000006,17.78889,21.21326295199827
46.400000000000006,17.9899,21.245207770824972
46.400000000000006,18.19091,21.276083012366293
46.400000000000006,18.39192,21.306898236559746
46.400000000000006,18.59293,21.337213591222774
46.400000000000006,18.79394,21.36693908252342
46.400000000000006,18.99495,21.39663473323242
46.400000000000006,19.19596,21.425350390490216
46.400000000000006,19.39697,21.454076090252613
46.400000000000006,19.59798,21.482351865312488
46.400000000000006,19.79899,21.510157715280567
46.400000000000006,20.0,21.535903887840412
46.7,0.1,3.863871757176118
46.7,0.3010101,5.297397090885959
46.7,0.5020202,5.925877686013081
46.7,0.7030303,6.351904193540705
46.7,0.9040404,6.727031037293836
46.7,1.105051,7.05178137860758
46.7,1.306061,7.390697590099884
46.7,1.507071,7.7129053713051885
46.7,1.708081,8.025609277534302
46.7,1.909091,8.334668915828573
46.7,2.110101,8.643175190711498
46.7,2.311111,8.950666992102537
46.7,2.512121,9.258648052874726
46.7,2.713131,9.571608066783341
46.7,2.914141,9.884218315449916
46.7,3.115152,10.197584920461889
46.7,3.316162,10.511500457279137
46.7,3.517172,10.826964246066291
46.7,3.718182,11.150891051423047
46.7,3.919192,11.474173920123192
46.7,4.120202,11.802070287228167
46.7,4.321212,12.133081421740556
46.7,4.522222,12.466082755636716
46.7,4.723232,12.804031120426286
46.7,4.924242,13.14095669447725
46.7,5.125253,13.478974998271292
46.7,5.326263,13.817645987250367
46.7,5.527273,14.157657069266525
46.7,5.728283,14.492386825326442
46.7,5.929293,14.8258551519093
46.7,6.130303,15.149913610282317
46.7,6.331313,15.468860357098757
46.7,6.532323,15.786256669766797
46.7,6.733333,16.08218322387121
46.7,6.934343,16.37693894336972
46.7,7.135354,16.65081084775667
46.7,7.336364,16.914564936804407
46.7,7.537374,17.173714639506812
46.7,7.738384,17.403508638612983
46.7,7.939394,17.63266951302131
46.7,8.140404,17.837660699127493
46.7,8.341414,18.032209129972976
46.7,8.542424,18.22088332917658
46.7,8.743434,18.383748938727027
46.7,8.944444,18.546369181773233
46.7,9.145455,18.68942833444481
46.7,9.346465,18.825022720772573
46.7,9.547475,18.955732138661965
46.7,9.748485,19.069440612389265
46.7,9.949495,19.18311150540394
46.7,10.15051,19.28382070630619
46.7,10.35152,19.38018368374445
46.7,10.55253,19.472979485699152
46.7,10.75354,19.555711492454844
46.7,10.95455,19.638434864284775
46.7,11.15556,19.71312242870208
46.7,11.35657,19.78547183098703
46.7,11.55758,19.85549317764333
46.7,11.75859,19.919857977273644
46.7,11.9596,19.984243478076955
46.7,12.16061,20.04363239757455
46.7,12.36162,20.10177252230392
46.7,12.56263,20.158293545514454
46.7,12.76364,20.21137680922908
46.7,12.96465,20.26446052507739
46.7,13.16566,20.31428562845701
46.7,13.36667,20.363421268804778
46.7,13.56768,20.411487623987806
46.7,13.76869,20.45746518275088
46.7,13.9697,20.503453004779153
46.7,14.17071,20.547182304154024
46.7,14.37172,20.59051202050668
46.7,14.57273,20.63298198509283
46.7,14.77374,20.67395287132025
46.7,14.97475,20.714923959353523
46.7,15.17576,20.75418545880997
46.7,15.37677,20.793207143319705
46.7,15.57778,20.831599126910344
46.7,15.77879,20.86897160106714
46.7,15.9798,20.906344209487408
46.7,16.18081,20.942347599345773
46.7,16.38182,20.9781911673539
46.7,16.58283,21.01343477459044
46.7,16.78384,21.047798875542423
46.7,16.98485,21.082153087840606
46.7,17.18586,21.115327393558132
46.7,17.38687,21.14841178944534
46.7,17.58788,21.18100632143355
46.7,17.78889,21.212951112573396
46.7,17.9899,21.24488598884652
46.7,18.19091,21.275761347362376
46.7,18.39192,21.30657679574116
46.7,18.59293,21.336892179383035
46.7,18.79394,21.366557877159792
46.7,18.99495,21.396223645511874
46.7,19.19596,21.42489933888031
46.7,19.39697,21.453555095731613
46.7,19.59798,21.48183088652323
46.7,19.79899,21.505537266912306
46.7,20.0,21.529203703550483
47.0,0.1,3.8929951717570472
47.0,0.3010101,5.339566721085813
47.0,0.5020202,5.972850262363593
47.0,0.7030303,6.399480169600845
47.0,0.9040404,6.769923530036875
47.0,1.105051,7.068852210603291
47.0,1.306061,7.407188967281433
47.0,1.507071,7.753773396309409
47.0,1.708081,8.073137458451681
47.0,1.909091,8.382451527807833
47.0,2.110101,8.690954380584225
47.0,2.311111,8.998446303834271
47.0,2.512121,9.303517472024545
47.0,2.713131,9.614845107779049
47.0,2.914141,9.927455540617853
47.0,3.115152,10.240819026815666
47.0,3.316162,10.55463605877066
47.0,3.517172,10.86798374659367
47.0,3.718182,11.189853581899614
47.0,3.919192,11.513128264578695
47.0,4.120202,11.84103676329322
47.0,4.321212,12.171820311353972
47.0,4.522222,12.5012757934075
47.0,4.723232,12.835908250098125
47.0,4.924242,13.17284605132767
47.0,5.125253,13.510856754755226
47.0,5.326263,13.849130561986282
47.0,5.527273,14.183949119997694
47.0,5.728283,14.51442713443938
47.0,5.929293,14.847897454959737
47.0,6.130303,15.171947965532615
47.0,6.331313,15.490378183187246
47.0,6.532323,15.801998746876343
47.0,6.733333,16.09333415495301
47.0,6.934343,16.388091018973675
47.0,7.135354,16.661974076032486
47.0,7.336364,16.92519923573146
47.0,7.537374,17.179760331703005
47.0,7.738384,17.40703441566138
47.0,7.939394,17.636186326833734
47.0,8.140404,17.84117847832885
47.0,8.341414,18.035558250215928
47.0,8.542424,18.22244644161494
47.0,8.743434,18.38402482457448
47.0,8.944444,18.54663563452079
47.0,9.145455,18.689705307408186
47.0,9.346465,18.825220077571036
47.0,9.547475,18.95530954248881
47.0,9.748485,19.06876792307173
47.0,9.949495,19.182439275666155
47.0,10.15051,19.283148882296924
47.0,10.35152,19.379572478261323
47.0,10.55253,19.472519983743503
47.0,10.75354,19.55510309745434
47.0,10.95455,19.637826722036735
47.0,11.15556,19.712514516298448
47.0,11.35657,19.784874086538274
47.0,11.55758,19.85500547377291
47.0,11.75859,19.919440283766143
47.0,11.9596,19.983815984211915
47.0,12.16061,20.04321508037414
47.0,12.36162,20.10141555887958
47.0,12.56263,20.158097644278588
47.0,12.76364,20.211131511259772
47.0,12.96465,20.264215341143732
47.0,13.16566,20.314040550722897
47.0,13.36667,20.36317626868404
47.0,13.56768,20.411262680811713
47.0,13.76869,20.457290264142472
47.0,13.9697,20.50327818247194
47.0,14.17071,20.547007567577968
47.0,14.37172,20.590377524913755
47.0,14.57273,20.632888252205934
47.0,14.77374,20.673799511839484
47.0,14.97475,20.71476065668156
47.0,15.17576,20.754032210804578
47.0,15.37677,20.79302392982865
47.0,15.57778,20.83138595431343
47.0,15.77879,20.868778441259654
47.0,15.9798,20.906151101236848
47.0,16.18081,20.942154537899853
47.0,16.38182,20.978018289195738
47.0,16.58283,21.013252482317633
47.0,16.78384,21.047566830159543
47.0,16.98485,21.081921072651504
47.0,17.18586,21.11509540840518
47.0,17.38687,21.148139824227027
47.0,17.58788,21.18069441425641
47.0,17.78889,21.212649224441925
47.0,17.9899,21.24458412902401
47.0,18.19091,21.27545951356918
47.0,18.39192,21.306295124015072
47.0,18.59293,21.33655102768808
47.0,18.79394,21.366166918841678
47.0,18.99495,21.395832700779344
47.0,19.19596,21.424508408101335
47.0,19.39697,21.45309423435663
47.0,19.59798,21.48114987151083
47.0,19.79899,21.506805756147674
47.0,20.0,21.53047221353982
47.3,0.1,3.9215184810778307
47.3,0.3010101,5.380341479639898
47.3,0.5020202,6.01816231545426
47.3,0.7030303,6.446156864748192
47.3,0.9040404,6.822026169722661
47.3,1.105051,7.162995940762924
47.3,1.306061,7.4849057877961895
47.3,1.507071,7.806848259456141
47.3,1.708081,8.120050283551885
47.3,1.909091,8.430350954915976
47.3,2.110101,8.73871083266829
47.3,2.311111,9.043568679688946
47.3,2.512121,9.348433651766138
47.3,2.713131,9.659756391069507
47.3,2.914141,9.971316084053482
47.3,3.115152,10.28345536315241
47.3,3.316162,10.596025512862122
47.3,3.517172,10.909384339534968
47.3,3.718182,11.23110620495296
47.3,3.919192,11.552833339028933
47.3,4.120202,11.878824925239387
47.3,4.321212,12.207671727630252
47.3,4.522222,12.537129252540357
47.3,4.723232,12.871464266263388
47.3,4.924242,13.205805382550642
47.3,5.125253,13.54091074010584
47.3,5.326263,13.87648943248851
47.3,5.527273,14.211320110789943
47.3,5.728283,14.541301178997642
47.3,5.929293,14.871288754826713
47.3,6.130303,15.191969181762898
47.3,6.331313,15.507598862058446
47.3,6.532323,15.819220808835302
47.3,6.733333,16.10987881570353
47.3,6.934343,16.40054360847443
47.3,7.135354,16.67114958915121
47.3,7.336364,16.93202547257232
47.3,7.537374,17.18658757568646
47.3,7.738384,17.413422374163886
47.3,7.939394,17.640263888959552
47.3,8.140404,17.84396805264124
47.3,8.341414,18.03769026790666
47.3,8.542424,18.224569196958303
47.3,8.743434,18.38586870734253
47.3,8.944444,18.5471621822882
47.3,9.145455,18.689612534902917
47.3,9.346465,18.82485741477986
47.3,9.547475,18.954947366633938
47.3,9.748485,19.06834600764384
47.3,9.949495,19.181747086242932
47.3,10.15051,19.282577625770383
47.3,10.35152,19.379202258592954
47.3,10.55253,19.4721500887439
47.3,10.75354,19.554683735959316
47.3,10.95455,19.63720853610048
47.3,11.15556,19.711906607917268
47.3,11.35657,19.78430626598166
47.3,11.55758,19.854437872036357
47.3,11.75859,19.91889279858569
47.3,11.9596,19.98334842732884
47.3,12.16061,20.042918138819353
47.3,12.36162,20.10126919311518
47.3,12.56263,20.157961419559964
47.3,12.76364,20.2109656028786
47.3,12.96465,20.26397013743726
47.3,13.16566,20.31377548586025
47.3,13.36667,20.36290125483637
47.3,13.56768,20.410997769279653
47.3,13.76869,20.457045407748826
47.3,13.9697,20.503083304195176
47.3,14.17071,20.54691313870931
47.3,14.37172,20.590353455965015
47.3,14.57273,20.632864251396278
47.3,14.77374,20.673735732496283
47.3,14.97475,20.714617360756286
47.3,15.17576,20.753818975319902
47.3,15.37677,20.792780717243012
47.3,15.57778,20.831142795405896
47.3,15.77879,20.868555306052713
47.3,15.9798,20.905957947703246
47.3,16.18081,20.942021730691383
47.3,16.38182,20.977925722145258
47.3,16.58283,21.013159951752
47.3,16.78384,21.0474344735998
47.3,16.98485,21.081699077099117
47.3,17.18586,21.11480344513219
47.3,17.38687,21.147817877483103
47.3,17.58788,21.1803624970254
47.3,17.78889,21.21232732590717
47.3,17.9899,21.244292237008224
47.3,18.19091,21.275207932577242
47.3,18.39192,21.306063725792765
47.3,18.59293,21.336319647910415
47.3,18.79394,21.36588570677653
47.3,18.99495,21.395451820520982
47.3,19.19596,21.423987662130973
47.3,19.39697,21.452493558853774
47.3,19.59798,21.48055920660353
47.3,19.79899,21.508144604383137
47.3,20.0,21.53573008542376
47.599999999999994,0.1,3.949252784339649
47.599999999999994,0.3010101,5.4201795083919295
47.599999999999994,0.5020202,6.062667654398
47.599999999999994,0.7030303,6.49190748421807
47.599999999999994,0.9040404,6.86347853569046
47.599999999999994,1.105051,7.169482035355696
47.599999999999994,1.306061,7.530568774738391
47.599999999999994,1.507071,7.850927158262484
47.599999999999994,1.708081,8.163725623545732
47.599999999999994,1.909091,8.471669300477856
47.599999999999994,2.110101,8.778374836770233
47.599999999999994,2.311111,9.083937101659318
47.599999999999994,2.512121,9.388857372665267
47.599999999999994,2.713131,9.700169869809898
47.599999999999994,2.914141,10.010757716520626
47.599999999999994,3.115152,10.32195601394902
47.599999999999994,3.316162,10.63368579148009
47.599999999999994,3.517172,10.947045639475984
47.599999999999994,3.718182,11.26862971579192
47.599999999999994,3.919192,11.5887725401041
47.599999999999994,4.120202,11.913038271201815
47.599999999999994,4.321212,12.240248005606873
47.599999999999994,4.522222,12.569707411732534
47.599999999999994,4.723232,12.90377486276322
47.599999999999994,4.924242,13.235739578769136
47.599999999999994,5.125253,13.568199512228084
47.599999999999994,5.326263,13.901342807902022
47.599999999999994,5.527273,14.236175466898182
47.599999999999994,5.728283,14.565769749292338
47.599999999999994,5.929293,14.893016652080062
47.599999999999994,6.130303,15.210673154000268
47.599999999999994,6.331313,15.52360898660198
47.599999999999994,6.532323,15.835231657957431
47.599999999999994,6.733333,16.12535204512613
47.599999999999994,6.934343,16.412786846057084
47.599999999999994,7.135354,16.68000197937763
47.599999999999994,7.336364,16.938043423917854
47.599999999999994,7.537374,17.192596050967406
47.599999999999994,7.738384,17.41918985841374
47.599999999999994,7.939394,17.644724409631014
47.599999999999994,8.140404,17.84707849544979
47.599999999999994,8.341414,18.039712911247847
47.599999999999994,8.542424,18.226592554059025
47.599999999999994,8.743434,18.38773336871898
47.599999999999994,8.944444,18.548330360875486
47.599999999999994,9.145455,18.6898606510762
47.599999999999994,9.346465,18.824344668673124
47.599999999999994,9.547475,18.95442511508946
47.599999999999994,9.748485,19.06787374654933
47.599999999999994,9.949495,19.181483480484523
47.599999999999994,10.15051,19.282364953472925
47.599999999999994,10.35152,19.37898087969692
47.599999999999994,10.55253,19.471929073636023
47.599999999999994,10.75354,19.55444341153898
47.599999999999994,10.95455,19.63693986203045
47.599999999999994,11.15556,19.71142823930252
47.599999999999994,11.35657,19.78364792121125
47.599999999999994,11.55758,19.853779760699
47.599999999999994,11.75859,19.918314765390004
47.599999999999994,11.9596,19.983050163626434
47.599999999999994,12.16061,20.042810634240908
47.599999999999994,12.36162,20.10127241398267
47.599999999999994,12.56263,20.15796479252886
47.599999999999994,12.76364,20.210949351438313
47.599999999999994,12.96465,20.263884756346062
47.599999999999994,13.16566,20.313540246883022
47.599999999999994,13.36667,20.362566048772138
47.599999999999994,13.56768,20.41065267101031
47.599999999999994,13.76869,20.45676034754851
47.599999999999994,13.9697,20.502978170022114
47.599999999999994,14.17071,20.546938521498237
47.599999999999994,14.37172,20.590459256138057
47.599999999999994,14.57273,20.63297012183609
47.599999999999994,14.77374,20.673801849492634
47.599999999999994,14.97475,20.714564023016713
47.599999999999994,15.17576,20.753615682217045
47.599999999999994,15.37677,20.79248743059768
47.599999999999994,15.57778,20.830839564339016
47.599999999999994,15.77879,20.868302086554117
47.599999999999994,15.9798,20.905824677805885
47.599999999999994,16.18081,20.941988834174477
47.599999999999994,16.38182,20.977953086051116
47.599999999999994,16.58283,21.01318735343435
47.599999999999994,16.78384,21.047412059482966
47.599999999999994,16.98485,21.08155704698266
47.599999999999994,17.18586,21.1145114287845
47.599999999999994,17.38687,21.147445865992687
47.599999999999994,17.58788,21.17999051607307
47.599999999999994,17.78889,21.212005352726475
47.599999999999994,17.9899,21.244070245097866
47.599999999999994,18.19091,21.27506627657869
47.599999999999994,18.39192,21.30597226774811
47.599999999999994,18.59293,21.336228209182817
47.599999999999994,18.79394,21.365744507931453
47.599999999999994,18.99495,21.395181104870268
47.599999999999994,19.19596,21.423527514333152
47.599999999999994,19.39697,21.451943699154583
47.599999999999994,19.59798,21.479999344723105
47.599999999999994,19.79899,21.505585026797213
47.599999999999994,20.0,21.529111072710958
47.900000000000006,0.1,3.9760730834598
47.900000000000006,0.3010101,5.45982010994144
47.900000000000006,0.5020202,6.1055456123072585
47.900000000000006,0.7030303,6.53701727865219
47.900000000000006,0.9040404,6.913674175496108
47.900000000000006,1.105051,7.230662306934493
47.900000000000006,1.306061,7.550984213248752
47.900000000000006,1.507071,7.88779523120004
47.900000000000006,1.708081,8.20418882234457
47.900000000000006,1.909091,8.51151209589988
47.900000000000006,2.110101,8.81821208443056
47.900000000000006,2.311111,9.12376959258951
47.900000000000006,2.512121,9.42921588653835
47.900000000000006,2.713131,9.743521446671918
47.900000000000006,2.914141,10.05410264704528
47.900000000000006,3.115152,10.365301747868454
47.900000000000006,3.316162,10.676952503475755
47.900000000000006,3.517172,10.985732502347885
47.900000000000006,3.718182,11.308093600373702
47.900000000000006,3.919192,11.628248148161337
47.900000000000006,4.120202,11.952506006894355
47.900000000000006,4.321212,12.279528175256429
47.900000000000006,4.522222,12.602961703250953
47.900000000000006,4.723232,12.936045619119001
47.900000000000006,4.924242,13.26800262501571
47.900000000000006,5.125253,13.600475008002629
47.900000000000006,5.326263,13.933261160319658
47.900000000000006,5.527273,14.261498770757086
47.900000000000006,5.728283,14.588940823491136
47.900000000000006,5.929293,14.916189556281665
47.900000000000006,6.130303,15.233837857724707
47.900000000000006,6.331313,15.54628818319754
47.900000000000006,6.532323,15.851479485200626
47.900000000000006,6.733333,16.136186158888293
47.900000000000006,6.934343,16.423621544441914
47.900000000000006,7.135354,16.690837328815444
47.900000000000006,7.336364,16.948248383551935
47.900000000000006,7.537374,17.197159721122937
47.900000000000006,7.738384,17.421486682950995
47.900000000000006,7.939394,17.6470222884694
47.900000000000006,8.140404,17.84937730041107
47.900000000000006,8.341414,18.041732939112503
47.900000000000006,8.542424,18.228426092880618
47.900000000000006,8.743434,18.38736955752872
47.900000000000006,8.944444,18.54795708121577
47.900000000000006,9.145455,18.6894878886784
47.900000000000006,9.346465,18.82374201710881
47.900000000000006,9.547475,18.95334214518095
47.900000000000006,9.748485,19.066510040348806
47.900000000000006,9.949495,19.1801102987409
47.900000000000006,10.15051,19.281002208092932
47.900000000000006,10.35152,19.377618843078253
47.900000000000006,10.55253,19.47161887671998
47.900000000000006,10.75354,19.55356443236365
47.900000000000006,10.95455,19.636061141740804
47.900000000000006,11.15556,19.710549767796035
47.900000000000006,11.35657,19.782699610017314
47.900000000000006,11.55758,19.852961763548123
47.900000000000006,11.75859,19.917626743824982
47.900000000000006,11.9596,19.98236236108725
47.900000000000006,12.16061,20.042123010472494
47.900000000000006,12.36162,20.100635203849
47.900000000000006,12.56263,20.157878656396758
47.900000000000006,12.76364,20.21060377992031
47.900000000000006,12.96465,20.26353929742847
47.900000000000006,13.16566,20.313204901771808
47.900000000000006,13.36667,20.36217077845716
47.900000000000006,13.56768,20.41025771204146
47.900000000000006,13.76869,20.45648539152638
47.900000000000006,13.9697,20.50270331421998
47.900000000000006,14.17071,20.546673747352695
47.900000000000006,14.37172,20.590234747518412
47.900000000000006,14.57273,20.632956275840783
47.900000000000006,14.77374,20.67361832756372
47.900000000000006,14.97475,20.71438055509561
47.900000000000006,15.17576,20.75343227330056
47.900000000000006,15.37677,20.79224405022367
47.900000000000006,15.57778,20.830536418751116
47.900000000000006,15.77879,20.86806893475401
47.900000000000006,15.9798,20.905601579467174
47.900000000000006,16.18081,20.941765779095924
47.900000000000006,16.38182,20.977770222912234
47.900000000000006,16.58283,21.01308491834493
47.900000000000006,16.78384,21.047179841540427
47.900000000000006,16.98485,21.081324858549042
47.900000000000006,17.18586,21.114289273393194
47.900000000000006,17.38687,21.147153724274165
47.900000000000006,17.58788,21.179638539628343
47.900000000000006,17.78889,21.211713377331773
47.900000000000006,17.9899,21.24377830017166
47.900000000000006,18.19091,21.27478435573594
47.900000000000006,18.39192,21.305730519030213
47.900000000000006,18.59293,21.336016962855798
47.900000000000006,18.79394,21.36544352816592
47.900000000000006,18.99495,21.39489013656882
47.900000000000006,19.19596,21.42323655825265
47.900000000000006,19.39697,21.451553022161185
47.900000000000006,19.59798,21.479689045139146
47.900000000000006,19.79899,21.503255016960125
47.900000000000006,20.0,21.526781062814642
48.2,0.1,4.0014135414116705
48.2,0.3010101,5.498543101961535
48.2,0.5020202,6.148234172145256
48.2,0.7030303,6.580430798680371
48.2,0.9040404,6.957358953492944
48.2,1.105051,7.273848382020211
48.2,1.306061,7.592239469757676
48.2,1.507071,7.928477976800796
48.2,1.708081,8.244868530435467
48.2,1.909091,8.55219842616105
48.2,2.110101,8.858894224006722
48.2,2.311111,9.164201355459594
48.2,2.512121,9.469491518005617
48.2,2.713131,9.787751288693443
48.2,2.914141,10.106064831396047
48.2,3.115152,10.416645128981456
48.2,3.316162,10.72014089011418
48.2,3.517172,11.025523505630108
48.2,3.718182,11.351034765749567
48.2,3.919192,11.67603322002911
48.2,4.120202,11.999396426292808
48.2,4.321212,12.317447529007287
48.2,4.522222,12.637363135056395
48.2,4.723232,12.972238302453551
48.2,4.924242,13.306762052925817
48.2,5.125253,13.638259988705022
48.2,5.326263,13.963278442030933
48.2,5.527273,14.28867519986574
48.2,5.728283,14.616458134458712
48.2,5.929293,14.944167180778498
48.2,6.130303,15.261231665800201
48.2,6.331313,15.569809385539848
48.2,6.532323,15.873680293965782
48.2,6.733333,16.153012933833043
48.2,6.934343,16.433733274903247
48.2,7.135354,16.700292477847054
48.2,7.336364,16.953975229724144
48.2,7.537374,17.201700647398035
48.2,7.738384,17.42335577573027
48.2,7.939394,17.64577930447486
48.2,8.140404,17.849055688752895
48.2,8.341414,18.045944218285992
48.2,8.542424,18.233958703674684
48.2,8.743434,18.388801980360086
48.2,8.944444,18.54491927018685
48.2,9.145455,18.686741118485873
48.2,9.346465,18.822237396578466
48.2,9.547475,18.952178481029033
48.2,9.748485,19.064097444718232
48.2,9.949495,19.176438729784252
48.2,10.15051,19.27817120186623
48.2,10.35152,19.378168884588636
48.2,10.55253,19.4729893938435
48.2,10.75354,19.553164944307042
48.2,10.95455,19.633961671554435
48.2,11.15556,19.708630741722736
48.2,11.35657,19.781431455248345
48.2,11.55758,19.851823968027695
48.2,11.75859,19.916259476900105
48.2,11.9596,19.980775570121235
48.2,12.16061,20.041026543067805
48.2,12.36162,20.101149422072336
48.2,12.56263,20.158693100812595
48.2,12.76364,20.21052801759638
48.2,12.96465,20.26272339178459
48.2,13.16566,20.312399317767117
48.2,13.36667,20.3614159103531
48.2,13.56768,20.40951304023617
48.2,13.76869,20.455790921246198
48.2,13.9697,20.50204901760802
48.2,14.17071,20.546319669829458
48.2,14.37172,20.590761145964244
48.2,14.57273,20.633612788617825
48.2,14.77374,20.673664609550485
48.2,14.97475,20.71397669154759
48.2,15.17576,20.752968668324968
48.2,15.37677,20.791641012639268
48.2,15.57778,20.82991348921786
48.2,15.77879,20.867566096278072
48.2,15.9798,20.90516881733371
48.2,16.18081,20.94157316655942
48.2,16.38182,20.978187918512265
48.2,16.58283,21.013552669548023
48.2,16.78384,21.047137389861394
48.2,16.98485,21.080962294497922
48.2,17.18586,21.113846916364388
48.2,17.38687,21.146541791157585
48.2,17.58788,21.179026660283473
48.2,17.78889,21.211221503183125
48.2,17.9899,21.24335644140251
48.2,18.19091,21.274582602659205
48.2,18.39192,21.30603896769284
48.2,18.59293,21.336345437031753
48.2,18.79394,21.365322017378528
48.2,18.99495,21.39452864197784
48.2,19.19596,21.422815400873265
48.2,19.39697,21.451012538917336
48.2,19.59798,21.479148578731557
48.2,19.79899,21.507223513124817
48.2,20.0,21.533039062255106
11.3,0.1,0.679565117199324
11.3,0.3010101,1.3739946630968856
11.3,0.5020202,1.5294738109588502
11.3,0.7030303,1.1284241390488192
11.3,1.306061,2.1497199729421155
11.3,1.507071,3.418099449559104
11.3,1.708081,3.309938979711658
11.3,1.909091,3.1066444624634424
11.3,2.110101,2.8807995251701395
11.3,2.311111,2.6618032123759474
11.3,2.512121,2.460648628710798
11.3,2.713131,2.2854544835634862
11.3,2.914141,2.144078696183587
11.3,3.115152,2.0408770906146794
11.3,3.316162,1.991693150835722
11.3,3.517172,2.006350530567153
11.3,3.718182,2.1092691888196975
11.3,3.919192,2.2994005367408974
11.3,4.120202,2.552450311651899
11.3,4.321212,2.841707168023366
11.3,4.522222,3.141129085058076
11.3,4.723232,3.443371371436919
11.3,4.924242,3.7516384262531552
11.3,5.125253,4.0922314363576096
11.3,5.326263,4.5705894568224545
11.3,5.527273,5.177986217115553
11.3,5.728283,5.991899213069475
11.3,5.929293,7.030309375627719
11.3,6.130303,8.233642093014009
11.3,6.331313,9.557537666104109
11.3,6.532323,10.948153449200873
11.3,6.733333,12.334875765550832
11.3,6.934343,13.617518707911687
11.3,7.135354,14.753846710950812
11.3,7.336364,15.720301384012368
11.3,7.537374,16.50945081716804
11.3,7.738384,17.123606959649262
11.3,7.939394,17.58524923989075
11.3,8.140404,17.958534149822395
11.3,8.341414,18.26245769870398
11.3,8.542424,18.512866864855333
11.3,8.743434,18.72113938868366
11.3,8.944444,18.893264659183757
11.3,9.145455,19.044828744104823
11.3,9.346465,19.17960985838202
11.3,9.547475,19.300736438384774
11.3,9.748485,19.41061713989968
11.3,9.949495,19.509281595862035
11.3,10.15051,19.59863892203416
11.3,10.35152,19.684914256769492
11.3,10.55253,19.76797746342984
11.3,10.75354,19.841961244501068
11.3,10.95455,19.91595959071658
11.3,11.15556,19.98325612164984
11.3,11.35657,20.04859741109766
11.3,11.55758,20.112023322272133
11.3,11.75859,20.170644945285343
11.3,11.9596,20.22927932287956
11.3,12.16061,20.283578511324762
11.3,12.36162,20.33678038314018
11.3,12.56263,20.388594952453044
11.3,12.76364,20.437322615438017
11.3,12.96465,20.486051825603624
11.3,13.16566,20.53172357313658
11.3,13.36667,20.57673669035014
11.3,13.56768,20.62071118539729
11.3,13.76869,20.662627098635067
11.3,13.9697,20.70455379872616
11.3,14.17071,20.74428156306451
11.3,14.37172,20.783629939374347
11.3,14.57273,20.82219889865554
11.3,14.77374,20.859378354664702
11.3,14.97475,20.89656817747643
11.3,15.17576,20.932148285496087
11.3,15.37677,20.967508633164286
11.3,15.57778,21.002259159437028
11.3,15.77879,21.036039768405185
11.3,15.9798,21.06983053475976
11.3,16.18081,21.102381249606214
11.3,16.38182,21.134802043592977
11.3,16.58283,21.166712839229444
11.3,16.78384,21.197913567826678
11.3,16.98485,21.22911435709385
11.3,17.18586,21.25929498369305
11.3,17.38687,21.289405628619704
11.3,17.58788,21.319066212188687
11.3,17.78889,21.348176695213787
11.3,17.9899,21.37727719791003
11.3,18.19091,21.40550752681632
11.3,18.39192,21.43368785587239
11.3,18.59293,21.461468112466775
11.3,18.79394,21.488778279306242
11.3,18.99495,21.516098450970745
11.3,19.19596,21.542628475806453
11.3,19.39697,21.569128499160062
11.3,19.59798,21.595248469820078
11.3,19.79899,21.620968384423062
11.3,20.0,21.646678300750228
11.600000000000001,0.1,1.090120041106916
11.600000000000001,0.3010101,1.8077827811173979
11.600000000000001,0.5020202,1.9335729520792952
11.600000000000001,0.7030303,1.1915005745572593
11.600000000000001,1.306061,2.518293356910386
11.600000000000001,1.507071,3.3309016617441487
11.600000000000001,1.708081,3.2171425060715757
11.600000000000001,1.909091,3.0197767330334613
11.600000000000001,2.110101,2.80261366296193
11.600000000000001,2.311111,2.591996172814193
11.600000000000001,2.512121,2.3998349150792793
11.600000000000001,2.713131,2.2356458205590037
11.600000000000001,2.914141,2.1066236231527666
11.600000000000001,3.115152,2.015968768434883
11.600000000000001,3.316162,1.9773673646530918
11.600000000000001,3.517172,1.9973270911410825
11.600000000000001,3.718182,2.099188668544466
11.600000000000001,3.919192,2.282464996940144
11.600000000000001,4.120202,2.525685396576779
11.600000000000001,4.321212,2.8077370368372283
11.600000000000001,4.522222,3.1062412861881636
11.600000000000001,4.723232,3.413819437624542
11.600000000000001,4.924242,3.7349198115438114
11.600000000000001,5.125253,4.091892650241292
11.600000000000001,5.326263,4.582872522930252
11.600000000000001,5.527273,5.197239528449435
11.600000000000001,5.728283,6.021898516167571
11.600000000000001,5.929293,7.070830680278419
11.600000000000001,6.130303,8.279408428714772
11.600000000000001,6.331313,9.604638105166345
11.600000000000001,6.532323,10.993595630794072
11.600000000000001,6.733333,12.372316451906574
11.600000000000001,6.934343,13.640917616449645
11.600000000000001,7.135354,14.766495582738001
11.600000000000001,7.336364,15.719808639376478
11.600000000000001,7.537374,16.50304534901901
11.600000000000001,7.738384,17.113720852243958
11.600000000000001,7.939394,17.57394605420018
11.600000000000001,8.140404,17.94693148733115
11.600000000000001,8.341414,18.250883256510622
11.600000000000001,8.542424,18.501491795295863
11.600000000000001,8.743434,18.710053476207086
11.600000000000001,8.944444,18.88247862703118
11.600000000000001,9.145455,19.034264070784136
11.600000000000001,9.346465,19.169356463081744
11.600000000000001,9.547475,19.29066591264468
11.600000000000001,9.748485,19.400799925471816
11.600000000000001,9.949495,19.489329068645866
11.600000000000001,10.15051,19.58576348162768
11.600000000000001,10.35152,19.675730399612952
11.600000000000001,10.55253,19.75902889250624
11.600000000000001,10.75354,19.833088700185872
11.600000000000001,10.95455,19.90733309606504
11.600000000000001,11.15556,19.974915999384965
11.600000000000001,11.35657,20.040463797921806
11.600000000000001,11.55758,20.103886387515363
11.600000000000001,11.75859,20.162614942998033
11.600000000000001,11.9596,20.22160620489139
11.600000000000001,12.16061,20.276312507136808
11.600000000000001,12.36162,20.329811663874864
11.600000000000001,12.56263,20.381623791850714
11.600000000000001,12.76364,20.430499176786793
11.600000000000001,12.96465,20.479705992458737
11.600000000000001,13.16566,20.52584561438677
11.600000000000001,13.36667,20.571186800934633
11.600000000000001,13.56768,20.615159635695584
11.600000000000001,13.76869,20.657234009768985
11.600000000000001,13.9697,20.699629099480592
11.600000000000001,14.17071,20.73979550947654
11.600000000000001,14.37172,20.77942267170824
11.600000000000001,14.57273,20.8179905808399
11.600000000000001,14.77374,20.855319094461276
11.600000000000001,14.97475,20.892897982079653
11.600000000000001,15.17576,20.928837349697698
11.600000000000001,15.37677,20.964417018364372
11.600000000000001,15.57778,20.99916691955584
11.600000000000001,15.77879,21.033067009163048
11.600000000000001,15.9798,21.067167321038838
11.600000000000001,16.18081,21.099987711604108
11.600000000000001,16.38182,21.132568178009713
11.600000000000001,16.58283,21.16447862540822
11.600000000000001,16.78384,21.195779111576403
11.600000000000001,16.98485,21.227209752123223
11.600000000000001,17.18586,21.257600310556775
11.600000000000001,17.38687,21.28782084150862
11.600000000000001,17.58788,21.317481250520522
11.600000000000001,17.78889,21.34667166334352
11.600000000000001,17.9899,21.375952197207745
11.600000000000001,18.19091,21.404332604318274
11.600000000000001,18.39192,21.43259294163248
11.600000000000001,18.59293,21.460373129552774
11.600000000000001,18.79394,21.487753328659984
11.600000000000001,18.99495,21.515203630084446
11.600000000000001,19.19596,21.54184381508387
11.600000000000001,19.39697,21.56840391455843
11.600000000000001,19.59798,21.594523877192643
11.600000000000001,19.79899,21.618443874554124
11.600000000000001,20.0,21.64049395752635
11.9,0.1,0.4346907807969477
11.9,0.3010101,1.040859305202652
11.9,0.5020202,1.2085048513268666
11.9,0.7030303,0.8158388073127205
11.9,1.306061,2.527659532541707
11.9,1.507071,3.260372343457006
11.9,1.708081,3.1416164652184264
11.9,1.909091,2.9513709943965147
11.9,2.110101,2.742158669221052
11.9,2.311111,2.5375425054440925
11.9,2.512121,2.3511349967028683
11.9,2.713131,2.1936519909486596
11.9,2.914141,2.0716388525516196
11.9,3.115152,1.9894251573773254
11.9,3.316162,1.959689338654766
11.9,3.517172,1.9874181499957833
11.9,3.718182,2.0912765206492208
11.9,3.919192,2.268165874674378
11.9,4.120202,2.4992560965479638
11.9,4.321212,2.769713032511098
11.9,4.522222,3.0623966221493486
11.9,4.723232,3.3744993843101665
11.9,4.924242,3.7118224390799885
11.9,5.125253,4.093362311950845
11.9,5.326263,4.573014598112565
11.9,5.527273,5.2360143540893525
11.9,5.728283,6.071232220452291
11.9,5.929293,7.124173808740791
11.9,6.130303,8.335910250266998
11.9,6.331313,9.661087926200027
11.9,6.532323,11.04120105912214
11.9,6.733333,12.410265526935342
11.9,6.934343,13.669673690082027
11.9,7.135354,14.775792866171015
11.9,7.336364,15.724571763066335
11.9,7.537374,16.497715432157513
11.9,7.738384,17.104814353162762
11.9,7.939394,17.564027782964075
11.9,8.140404,17.935947997670908
11.9,8.341414,18.239838457072015
11.9,8.542424,18.49060182543261
11.9,8.743434,18.699371655841873
11.9,8.944444,18.871986494388345
11.9,9.145455,19.024150640991376
11.9,9.346465,19.159335601057467
11.9,9.547475,19.28101650721936
11.9,9.748485,19.391353853332955
11.9,9.949495,19.48701022484435
11.9,10.15051,19.57323047457579
11.9,10.35152,19.66166379634676
11.9,10.55253,19.7504224710065
11.9,10.75354,19.824718311582664
11.9,10.95455,19.89896885712586
11.9,11.15556,19.966548241446997
11.9,11.35657,20.03217262217584
11.9,11.55758,20.096111774029378
11.9,11.75859,20.15516723740058
11.9,11.9596,20.21415555958475
11.9,12.16061,20.268859206219837
11.9,12.36162,20.32248572858067
11.9,12.56263,20.375045031317825
11.9,12.76364,20.424318022508267
11.9,12.96465,20.473512699446534
11.9,13.16566,20.519660428973225
11.9,13.36667,20.56514970937296
11.9,13.56768,20.60995044155481
11.9,13.76869,20.652413169115743
11.9,13.9697,20.694796806874383
11.9,14.17071,20.7349719587487
11.9,14.37172,20.77474786345267
11.9,14.57273,20.814064455830028
11.9,14.77374,20.851701965355
11.9,14.97475,20.889279922884903
11.9,15.17576,20.92521850025014
11.9,15.37677,20.960927409450637
11.9,15.57778,20.99628663371919
11.9,15.77879,21.030416175967428
11.9,15.9798,21.064505919499997
11.9,16.18081,21.097335837793317
11.9,16.38182,21.130015889159456
11.9,16.58283,21.162406097863766
11.9,16.78384,21.19385632751742
11.9,16.98485,21.225286637766605
11.9,17.18586,21.255686930589896
11.9,17.38687,21.28598727040703
11.9,17.58788,21.316017710679677
11.9,17.78889,21.34531803967417
11.9,17.9899,21.37459839542398
11.9,18.19091,21.40297866744376
11.9,18.39192,21.43130895290966
11.9,18.59293,21.459369323791748
11.9,18.79394,21.486819535550282
11.9,18.99495,21.514269753645895
11.9,19.19596,21.54090988270351
11.9,19.39697,21.567530014888778
11.9,19.59798,21.5938702314866
11.9,19.79899,21.615960287415138
11.9,20.0,21.638010344389432
12.200000000000001,0.1,0.8485085781267917
12.200000000000001,0.3010101,1.4382574613124233
12.200000000000001,0.5020202,1.5138543856979274
12.200000000000001,0.7030303,1.4145027712063623
12.200000000000001,0.9040404,0.0634726662962753
12.200000000000001,1.306061,2.72665752540487
12.200000000000001,1.507071,3.1816443476579876
12.200000000000001,1.708081,3.0797435483867335
12.200000000000001,1.909091,2.9007691293281517
12.200000000000001,2.110101,2.6989025453737328
12.200000000000001,2.311111,2.499910785362426
12.200000000000001,2.512121,2.3175058656293888
12.200000000000001,2.713131,2.1631512222768152
12.200000000000001,2.914141,2.0445126887684046
12.200000000000001,3.115152,1.9661930788958137
12.200000000000001,3.316162,1.9421782677711417
12.200000000000001,3.517172,1.9757620354061618
12.200000000000001,3.718182,2.0799332749349384
12.200000000000001,3.919192,2.2480490065550423
12.200000000000001,4.120202,2.466140917400699
12.200000000000001,4.321212,2.7234371673174604
12.200000000000001,4.522222,3.0084566075756127
12.200000000000001,4.723232,3.325688505361097
12.200000000000001,4.924242,3.684614055297171
12.200000000000001,5.125253,4.096080617397822
12.200000000000001,5.326263,4.610672287860383
12.200000000000001,5.527273,5.289951783072396
12.200000000000001,5.728283,6.137655400460337
12.200000000000001,5.929293,7.19668433284336
12.200000000000001,6.130303,8.407444667544071
12.200000000000001,6.331313,9.722274050504337
12.200000000000001,6.532323,11.097148418692496
12.200000000000001,6.733333,12.452931116506361
12.200000000000001,6.934343,13.693283872603352
12.200000000000001,7.135354,14.795673069393937
12.200000000000001,7.336364,15.726369936177498
12.200000000000001,7.537374,16.495097405422435
12.200000000000001,7.738384,17.097404684796203
12.200000000000001,7.939394,17.554080725378395
12.200000000000001,8.140404,17.92581751776253
12.200000000000001,8.341414,18.229237591829545
12.200000000000001,8.542424,18.47998857678939
12.200000000000001,8.743434,18.688953481729655
12.200000000000001,8.944444,18.861885002426064
12.200000000000001,9.145455,19.01414081629644
12.200000000000001,9.346465,19.149774817388415
12.200000000000001,9.547475,19.271568789624194
12.200000000000001,9.748485,19.38222874663301
12.200000000000001,9.949495,19.47819891739008
12.200000000000001,10.15051,19.564664079927944
12.200000000000001,10.35152,19.653342305914332
12.200000000000001,10.55253,19.742086579395046
12.200000000000001,10.75354,19.816568496483754
12.200000000000001,10.95455,19.890995198554126
12.200000000000001,11.15556,19.958641200926238
12.200000000000001,11.35657,20.02451221293002
12.200000000000001,11.55758,20.088498230437075
12.200000000000001,11.75859,20.1477807365419
12.200000000000001,11.9596,20.20697616173762
12.200000000000001,12.16061,20.261797222017112
12.200000000000001,12.36162,20.315781098459386
12.200000000000001,12.56263,20.36840803564334
12.200000000000001,12.76364,20.418008711790492
12.200000000000001,12.96465,20.46748117074465
12.200000000000001,13.16566,20.513757003797167
12.200000000000001,13.36667,20.559674280596056
12.200000000000001,13.56768,20.604553321104802
12.200000000000001,13.76869,20.6473643808595
12.200000000000001,13.9697,20.690026461499563
12.200000000000001,14.17071,20.730340330912075
12.200000000000001,14.37172,20.770514879171945
12.200000000000001,14.57273,20.809890343123342
12.200000000000001,14.77374,20.847836772422518
12.200000000000001,14.97475,20.885643737823756
12.200000000000001,15.17576,20.92171151297493
12.200000000000001,15.37677,20.957749599965506
12.200000000000001,15.57778,20.99314811117075
12.200000000000001,15.77879,21.02753702313067
12.200000000000001,15.9798,21.0618061871169
12.200000000000001,16.18081,21.094735642008352
12.200000000000001,16.38182,21.12767525149626
12.200000000000001,16.58283,21.16008502852986
12.200000000000001,16.78384,21.191744937753093
12.200000000000001,16.98485,21.223314942213744
12.200000000000001,17.18586,21.253784996387424
12.200000000000001,17.38687,21.284295142509244
12.200000000000001,17.58788,21.314335333095173
12.200000000000001,17.78889,21.34379554139158
12.200000000000001,17.9899,21.373165762605296
12.200000000000001,18.19091,21.401615938773396
12.200000000000001,18.39192,21.430096182564462
12.200000000000001,18.59293,21.4581664180329
12.200000000000001,18.79394,21.48574663032817
12.200000000000001,18.99495,21.513266815382718
12.200000000000001,19.19596,21.539956933016697
12.200000000000001,19.39697,21.566687106424368
12.200000000000001,19.59798,21.593027256336562
12.200000000000001,19.79899,21.61894737766312
12.200000000000001,20.0,21.6429374569236
48.5,0.1,4.026082245028754
48.5,0.3010101,5.536319086784874
48.5,0.5020202,6.1907436466271895
48.5,0.7030303,6.623506999192189
48.5,0.9040404,6.995819613870136
48.5,1.105051,7.339633394031452
48.5,1.306061,7.656970016768888
48.5,1.507071,7.975384996446094
48.5,1.708081,8.285506005269667
48.5,1.909091,8.579853812851134
48.5,2.110101,8.859466303084895
48.5,2.311111,9.164695665847558
48.5,2.512121,9.482338717298616
48.5,2.713131,9.80800855161182
48.5,2.914141,10.141139181416786
48.5,3.115152,10.457300581018668
48.5,3.316162,10.760787595924269
48.5,3.517172,11.073768678187644
48.5,3.718182,11.396909019788522
48.5,3.919192,11.722427963025982
48.5,4.120202,12.043478839713075
48.5,4.321212,12.3615420116816
48.5,4.522222,12.689818311897957
48.5,4.723232,13.024687967127727
48.5,4.924242,13.349848637012167
48.5,5.125253,13.672666526302578
48.5,5.326263,13.99768836777511
48.5,5.527273,14.31637036871412
48.5,5.728283,14.639541012344079
48.5,5.929293,14.967322126677217
48.5,6.130303,15.282660888350614
48.5,6.331313,15.591230191874743
48.5,6.532323,15.880551479630936
48.5,6.733333,16.159897312803345
48.5,6.934343,16.44336186320484
48.5,7.135354,16.70743568133225
48.5,7.336364,16.961109125786148
48.5,7.537374,17.200019552680082
48.5,7.738384,17.424927836740558
48.5,7.939394,17.646601465040764
48.5,8.140404,17.85095854450442
48.5,8.341414,18.04784776861146
48.5,8.542424,18.214945833300003
48.5,8.743434,18.369789556172595
48.5,8.944444,18.537871108862994
48.5,9.145455,18.683811931148405
48.5,9.346465,18.81931896340565
48.5,9.547475,18.946635600274057
48.5,9.748485,19.06180556979097
48.5,9.949495,19.17372748673041
48.5,10.15051,19.276720859984728
48.5,10.35152,19.376728870881507
48.5,10.55253,19.461682244672037
48.5,10.75354,19.541847991452347
48.5,10.95455,19.629851915056374
48.5,11.15556,19.706620669198717
48.5,11.35657,19.779421671478406
48.5,11.55758,19.849556383962774
48.5,11.75859,19.915032196585262
48.5,11.9596,19.979458605075536
48.5,12.16061,20.040450088375596
48.5,12.36162,20.100573107659404
48.5,12.56263,20.153997552431914
48.5,12.76364,20.20583258196556
48.5,12.96465,20.26123720857457
48.5,13.16566,20.31152334356014
48.5,13.36667,20.36054005842564
48.5,13.56768,20.40865834539209
48.5,13.76869,20.455206448922606
48.5,13.9697,20.501484680217363
48.5,14.17071,20.546195628637985
48.5,14.37172,20.59063716902275
48.5,14.57273,20.63129890308193
48.5,14.77374,20.67135078551634
48.5,14.97475,20.71334266492876
48.5,15.17576,20.752454901928953
48.5,15.37677,20.79112730819771
48.5,15.57778,20.82941054207481
48.5,15.77879,20.867123284628583
48.5,15.9798,20.904776072050165
48.5,16.18081,20.94150060015173
48.5,16.38182,20.97811538612922
48.5,16.58283,21.011970080427755
48.5,16.78384,21.045554836561287
48.5,16.98485,21.080499607865896
48.5,17.18586,21.11337444026751
48.5,17.38687,21.146069351171118
48.5,17.58788,21.178544696168323
48.5,17.78889,21.210759603364444
48.5,17.9899,21.242954560294805
48.5,18.19091,21.2744408335576
48.5,18.39192,21.30588721984793
48.5,18.59293,21.334963771540846
48.5,18.79394,21.363950371259065
48.5,18.99495,21.39409674198161
48.5,19.19596,21.422343845807475
48.5,19.39697,21.450541000181865
48.5,19.59798,21.478797560090992
48.5,19.79899,21.506882530353355
48.5,20.0,21.53495758466606
48.8,0.1,4.051542895911482
48.8,0.3010101,5.57305762092686
48.8,0.5020202,6.232125455369897
48.8,0.7030303,6.665966029440665
48.8,0.9040404,7.0432165444858486
48.8,1.105051,7.382057332252578
48.8,1.306061,7.699157143469685
48.8,1.507071,8.016283481385463
48.8,1.708081,8.295207456097874
48.8,1.909091,8.56089939448555
48.8,2.110101,8.849742527284965
48.8,2.311111,9.182852448993692
48.8,2.512121,9.515969280278716
48.8,2.713131,9.849094220120469
48.8,2.914141,10.18222657326829
48.8,3.115152,10.49837782828958
48.8,3.316162,10.807230810982343
48.8,3.517172,11.126986699771702
48.8,3.718182,11.446746014417108
48.8,3.919192,11.771357195168047
48.8,4.120202,12.092410411269164
48.8,4.321212,12.4164265207158
48.8,4.522222,12.749555921377032
48.8,4.723232,13.06870846938158
48.8,4.924242,13.387876521578352
48.8,5.125253,13.710688574102283
48.8,5.326263,14.031913958876675
48.8,5.527273,14.346938003618993
48.8,5.728283,14.661954442092265
48.8,5.929293,14.988365190365714
48.8,6.130303,15.303696081452241
48.8,6.331313,15.600441637029432
48.8,6.532323,15.880775826085268
48.8,6.733333,16.166289955926786
48.8,6.934343,16.451806529879292
48.8,7.135354,16.715880888033432
48.8,7.336364,16.960268665638047
48.8,7.537374,17.19233548054535
48.8,7.738384,17.42441965872675
48.8,7.939394,17.646684523632526
48.8,8.140404,17.85104231494916
48.8,8.341414,18.0288150010406
48.8,8.542424,18.187543310182708
48.8,8.743434,18.36079887313448
48.8,8.944444,18.53405898964571
48.8,9.145455,18.680000699945925
48.8,9.346465,18.810152884152945
48.8,9.547475,18.934502406902887
48.8,9.748485,19.058844351174454
48.8,9.949495,19.170866711385276
48.8,10.15051,19.27386044287963
48.8,10.35152,19.363851446315437
48.8,10.55253,19.446685210210845
48.8,10.75354,19.537047271654018
48.8,10.95455,19.627410674903967
48.8,11.15556,19.704179760647875
48.8,11.35657,19.775173013044032
48.8,11.55758,19.844568721952918
48.8,11.75859,19.91375509649567
48.8,11.9596,19.978181699439013
48.8,12.16061,20.039173340047025
48.8,12.36162,20.09469722100653
48.8,12.56263,20.147891735137303
48.8,12.76364,20.204095971221527
48.8,12.96465,20.260290583341277
48.8,13.16566,20.310576856264802
48.8,13.36667,20.35896460470266
48.8,13.56768,20.40690324739308
48.8,13.76869,20.454692045096532
48.8,13.9697,20.50097036671431
48.8,14.17071,20.545681386512005
48.8,14.37172,20.58746302885536
48.8,14.57273,20.628324774028233
48.8,14.77374,20.67059655543927
48.8,14.97475,20.712878483910814
48.8,15.17576,20.752000789608555
48.8,15.37677,20.790393762611593
48.8,15.57778,20.828627140606987
48.8,15.77879,20.866770515731787
48.8,15.9798,20.904423350776415
48.8,16.18081,20.941147915858963
48.8,16.38182,20.97577261686442
48.8,16.58283,21.009967303603403
48.8,16.78384,21.045032029107926
48.8,16.98485,21.08009683514574
48.8,17.18586,21.11297170774045
48.8,17.38687,21.14550691912288
48.8,17.58788,21.177962322359175
48.8,17.78889,21.21036768473221
48.8,17.9899,21.242562671840837
48.8,18.19091,21.274048967978217
48.8,18.39192,21.30375546465125
48.8,18.59293,21.333301909472336
48.8,18.79394,21.363488249019316
48.8,18.99495,21.393674638607237
48.8,19.19596,21.421921764596135
48.8,19.39697,21.45015847397651
48.8,19.59798,21.478425057012945
48.8,19.79899,21.50664128955755
48.8,20.0,21.534716368059765
49.099999999999994,0.1,4.075831768868914
49.099999999999994,0.3010101,5.6095902652387934
49.099999999999994,0.5020202,6.27315100853233
49.099999999999994,0.7030303,6.708378215790524
49.099999999999994,0.9040404,7.0817606709690155
49.099999999999994,1.105051,7.425894825937676
49.099999999999994,1.306061,7.743522224057025
49.099999999999994,1.507071,8.063547658631402
49.099999999999994,1.708081,8.380438803979859
49.099999999999994,1.909091,8.680649996158696
49.099999999999994,2.110101,8.960319849290588
49.099999999999994,2.311111,9.265702370255335
49.099999999999994,2.512121,9.571321914760004
49.099999999999994,2.713131,9.89018532891423
49.099999999999994,2.914141,10.223319241704672
49.099999999999994,3.115152,10.540689024258002
49.099999999999994,3.316162,10.860452918643427
49.099999999999994,3.517172,11.180210435058147
49.099999999999994,3.718182,11.499971273229571
49.099999999999994,3.919192,11.820279493151915
49.099999999999994,4.120202,12.14303670981841
49.099999999999994,4.321212,12.468418675523106
49.099999999999994,4.522222,12.787579932029486
49.099999999999994,4.723232,13.10673688046986
49.099999999999994,4.924242,13.425899110554198
49.099999999999994,5.125253,13.747458365651841
49.099999999999994,5.326263,14.062482455560419
49.099999999999994,5.527273,14.377498984473233
49.099999999999994,5.728283,14.692517791732902
49.099999999999994,5.929293,15.009409460108827
49.099999999999994,6.130303,15.32033278611643
49.099999999999994,6.331313,15.603697926450135
49.099999999999994,6.532323,15.889209857785877
49.099999999999994,6.733333,16.174724352716797
49.099999999999994,6.934343,16.46024127621164
49.099999999999994,7.135354,16.72051352073444
49.099999999999994,7.336364,16.95258372224898
49.099999999999994,7.537374,17.18465156913994
49.099999999999994,7.738384,17.416726757473246
49.099999999999994,7.939394,17.646777674505437
49.099999999999994,8.140404,17.842687484152936
49.099999999999994,8.341414,18.01047749454519
49.099999999999994,8.542424,18.183729403913016
49.099999999999994,8.743434,18.356985979729586
49.099999999999994,8.944444,18.5302470921599
49.099999999999994,9.145455,18.67367178507591
49.099999999999994,9.346465,18.798009312048997
49.099999999999994,9.547475,18.922359304272913
49.099999999999994,9.748485,19.046711714004743
49.099999999999994,9.949495,19.168006010763943
49.099999999999994,10.15051,19.266021461841238
49.099999999999994,10.35152,19.353872222606256
49.099999999999994,10.55253,19.444233312825002
49.099999999999994,10.75354,19.534595760200222
49.099999999999994,10.95455,19.624959545995797
49.099999999999994,11.15556,19.700789991636046
49.099999999999994,11.35657,19.770195209165962
49.099999999999994,11.55758,19.839591119147123
49.099999999999994,11.75859,19.908987714085974
49.099999999999994,11.9596,19.97691484812371
49.099999999999994,12.16061,20.035407039839974
49.099999999999994,12.36162,20.090750857435292
49.099999999999994,12.56263,20.146944867536202
49.099999999999994,12.76364,20.203139256389825
49.099999999999994,12.96465,20.25934402068969
49.099999999999994,13.16566,20.309270942269748
49.099999999999994,13.36667,20.357209451047286
49.099999999999994,13.56768,20.405148190278535
49.099999999999994,13.76869,20.45308715781461
49.099999999999994,13.9697,20.5004560849761
49.099999999999994,14.17071,20.543627196655912
49.099999999999994,14.37172,20.58557877944607
49.099999999999994,14.57273,20.627860485351867
49.099999999999994,14.77374,20.67014233806044
49.099999999999994,14.97475,20.712414337547933
49.099999999999994,15.17576,20.75137701245386
49.099999999999994,15.37677,20.789610334405072
49.099999999999994,15.57778,20.82784376439433
49.099999999999994,15.77879,20.866077301735228
49.099999999999994,15.9798,20.904070646669464
49.099999999999994,16.18081,20.939575174358964
49.099999999999994,16.38182,20.97449978529141
49.099999999999994,16.58283,21.009564470490513
49.099999999999994,16.78384,21.044639236395458
49.099999999999994,16.98485,21.079704082750116
49.099999999999994,17.18586,21.11246916009174
49.099999999999994,17.38687,21.14492452846734
49.099999999999994,17.58788,21.177379964750195
49.099999999999994,17.78889,21.209835468669315
49.099999999999994,17.9899,21.242180794182588
49.099999999999994,18.19091,21.272547169970363
49.099999999999994,18.39192,21.302683449603453
49.099999999999994,18.59293,21.332869766502807
49.099999999999994,18.79394,21.363056133504582
49.099999999999994,18.99495,21.393252550368423
49.099999999999994,19.19596,21.42152939251431
49.099999999999994,19.39697,21.449785961020986
49.099999999999994,19.59798,21.478042576971987
49.099999999999994,19.79899,21.50630924008483
49.099999999999994,20.0,21.534475157235867
49.400000000000006,0.1,4.101854502985518
49.400000000000006,0.3010101,5.64638942734455
49.400000000000006,0.5020202,6.313070133049438
49.400000000000006,0.7030303,6.751432048122841
49.400000000000006,0.9040404,7.1301182290838945
49.400000000000006,1.105051,7.470699514685323
49.400000000000006,1.306061,7.791116049239169
49.400000000000006,1.507071,8.111145507240858
49.400000000000006,1.708081,8.428033980362066
49.400000000000006,1.909091,8.74387249076571
49.400000000000006,2.110101,9.048530348808216
49.400000000000006,2.311111,9.352375548373681
49.400000000000006,2.512121,9.657737535168337
49.400000000000006,2.713131,9.963400872733429
49.400000000000006,2.914141,10.266814539587665
49.400000000000006,3.115152,10.558155562792294
49.400000000000006,3.316162,10.877920307705354
49.400000000000006,3.517172,11.197678620352352
49.400000000000006,3.718182,11.517440205460243
49.400000000000006,3.919192,11.868866787230022
49.400000000000006,4.120202,12.18235133733209
49.400000000000006,4.321212,12.501510715626047
49.400000000000006,4.522222,12.820666006292383
49.400000000000006,4.723232,13.139826774118635
49.400000000000006,4.924242,13.459002627414993
49.400000000000006,5.125253,13.775587547222882
49.400000000000006,5.326263,14.090604001591414
49.400000000000006,5.527273,14.405622784832163
49.400000000000006,5.728283,14.720643745582665
49.400000000000006,5.929293,15.031568215060341
49.400000000000006,6.130303,15.326073374215985
49.400000000000006,6.331313,15.611582727063603
49.400000000000006,6.532323,15.897094782620155
49.400000000000006,6.733333,16.182609396160288
49.400000000000006,6.934343,16.468126432969655
49.400000000000006,7.135354,16.71765137381692
49.400000000000006,7.336364,16.94971206930436
49.400000000000006,7.537374,17.181780399823584
49.400000000000006,7.738384,17.413866056312713
49.400000000000006,7.939394,17.64446534324873
49.400000000000006,8.140404,17.83500621158099
49.400000000000006,8.341414,18.008254306717188
49.400000000000006,8.542424,18.18150718603135
49.400000000000006,8.743434,18.354774713435383
49.400000000000006,8.944444,18.528036759781862
49.400000000000006,9.145455,18.66589683790684
49.400000000000006,9.346465,18.790244882601172
49.400000000000006,9.547475,18.914595387270186
49.400000000000006,9.748485,19.038948303738913
49.400000000000006,9.949495,19.162394139852324
49.400000000000006,10.15051,19.261840899847535
49.400000000000006,10.35152,19.352200976806436
49.400000000000006,10.55253,19.44256242678588
49.400000000000006,10.75354,19.532925230709328
49.400000000000006,10.95455,19.62328936988332
49.400000000000006,11.15556,19.697431946384793
49.400000000000006,11.35657,19.766827369991656
49.400000000000006,11.55758,19.836223484472146
49.400000000000006,11.75859,19.905620282582674
49.400000000000006,11.9596,19.974658074146895
49.400000000000006,12.16061,20.033920765945435
49.400000000000006,12.36162,20.090114534181783
49.400000000000006,12.56263,20.14631868340536
49.400000000000006,12.76364,20.20251321023837
49.400000000000006,12.96465,20.258718112348664
49.400000000000006,13.16566,20.308105928012687
49.400000000000006,13.36667,20.35604453018747
49.400000000000006,13.56768,20.40398336239026
49.400000000000006,13.76869,20.451932422336352
49.400000000000006,13.9697,20.49968186046137
49.400000000000006,14.17071,20.543003273043617
49.400000000000006,14.37172,20.585284895329178
49.400000000000006,14.57273,20.62756666506583
49.400000000000006,14.77374,20.66984858235034
49.400000000000006,14.97475,20.71212064550005
49.400000000000006,15.17576,20.750863773495915
49.400000000000006,15.37677,20.789097144350507
49.400000000000006,15.57778,20.827330622973264
49.400000000000006,15.77879,20.865564208863653
49.400000000000006,15.9798,20.90366796752806
49.400000000000006,16.18081,20.93915259659789
49.400000000000006,16.38182,20.974217237005526
49.400000000000006,16.58283,21.00928195846093
49.400000000000006,16.78384,21.044346760507306
49.400000000000006,16.98485,21.079421642747224
49.400000000000006,17.18586,21.112066945289218
49.400000000000006,17.38687,21.144522344102473
49.400000000000006,17.58788,21.17697781077179
49.400000000000006,17.78889,21.209433345024664
49.400000000000006,17.9899,21.241768966148427
49.400000000000006,18.19091,21.27215522862551
49.400000000000006,18.39192,21.302341519831582
49.400000000000006,18.59293,21.33252786135999
49.400000000000006,18.79394,21.36272425285512
49.400000000000006,18.99495,21.392910694279312
49.400000000000006,19.19596,21.42121724183771
49.400000000000006,19.39697,21.449483838358965
49.400000000000006,19.59798,21.477740482244943
49.400000000000006,19.79899,21.50599717331516
49.400000000000006,20.0,21.534154069902662
49.7,0.1,4.126200579370804
49.7,0.3010101,5.683182446232231
49.7,0.5020202,6.354491153886253
49.7,0.7030303,6.793872175062951
49.7,0.9040404,7.174618090923492
49.7,1.105051,7.515665630654159
49.7,1.306061,7.8369156805134335
49.7,1.507071,8.157920189537773
49.7,1.708081,8.473030378090291
49.7,1.909091,8.782113463755639
49.7,2.110101,9.085789744015113
49.7,2.311111,9.379237931880038
49.7,2.512121,9.677682129689428
49.7,2.713131,9.960218864785482
49.7,2.914141,10.215902366829422
49.7,3.115152,10.504114806425466
49.7,3.316162,10.858485486622312
49.7,3.517172,11.2454164544533
49.7,3.718182,11.588544732644754
49.7,3.919192,11.90096377414793
49.7,4.120202,12.213857524979034
49.7,4.321212,12.527061813252693
49.7,4.522222,12.84388942943954
49.7,4.723232,13.163063051026523
49.7,4.924242,13.482231620270975
49.7,5.125253,13.798818824676502
49.7,5.326263,14.11383728367051
49.7,5.527273,14.428857978366956
49.7,5.728283,14.72591720794851
49.7,5.929293,15.012781614167174
49.7,6.130303,15.309867151812329
49.7,6.331313,15.612498787431916
49.7,6.532323,15.903851396965777
49.7,6.733333,16.189365638508956
49.7,6.934343,16.474892315513117
49.7,7.135354,16.724406706804
49.7,7.336364,16.95646677113347
49.7,7.537374,17.188544480535132
49.7,7.738384,17.41540696737724
49.7,7.939394,17.639932246944355
49.7,8.140404,17.831212564153898
49.7,8.341414,18.008155891148824
49.7,8.542424,18.182478072012458
49.7,8.743434,18.35574643220287
49.7,8.944444,18.529009295528695
49.7,9.145455,18.666870037693414
49.7,9.346465,18.79121868612992
49.7,9.547475,18.915569787431053
49.7,9.748485,19.037185010313795
49.7,9.949495,19.157833035062705
49.7,10.15051,19.258020342201437
49.7,10.35152,19.351351491717736
49.7,10.55253,19.442433421777192
49.7,10.75354,19.532796523961856
49.7,10.95455,19.623160958658882
49.7,11.15556,19.697303766674068
49.7,11.35657,19.766699403872504
49.7,11.55758,19.836095729750497
49.7,11.75859,19.904533597848832
49.7,11.9596,19.972722316954393
49.7,12.16061,20.032375239512042
49.7,12.36162,20.089889459601743
49.7,12.56263,20.146333783152173
49.7,12.76364,20.202528421279162
49.7,12.96465,20.258733433486004
49.7,13.16566,20.308121339888682
49.7,13.36667,20.356060028390782
49.7,13.56768,20.404008945824394
49.7,13.76869,20.45149846123178
49.7,13.9697,20.498918257037445
49.7,14.17071,20.542429850350373
49.7,14.37172,20.5852518685753
49.7,14.57273,20.62760373605348
49.7,14.77374,20.66988570231292
49.7,14.97475,20.712157814924907
49.7,15.17576,20.750900986304238
49.7,15.37677,20.789134399465368
49.7,15.57778,20.82736792033153
49.7,15.77879,20.865301698077147
49.7,15.9798,20.90320559579712
49.7,16.18081,20.938800361560034
49.7,16.38182,20.974145288586964
49.7,16.58283,21.009240060589892
49.7,16.78384,21.044304890071942
49.7,16.98485,21.079369799735208
49.7,17.18586,21.112025127591448
49.7,17.38687,21.14448055157631
49.7,17.58788,21.176936043340213
49.7,17.78889,21.2091416443109
49.7,17.9899,21.241327313867245
49.7,18.19091,21.271793640646067
49.7,18.39192,21.302180047106507
49.7,18.59293,21.33237641125379
49.7,18.79394,21.362562821652595
49.7,18.99495,21.39274928182126
49.7,19.19596,21.42105584773273
49.7,19.39697,21.44932246251619
49.7,19.59798,21.47757912468564
49.7,19.79899,21.505616152362663
49.7,20.0,21.533653221862707
50.0,0.1,4.151041462095356
50.0,0.3010101,5.719709341274132
50.0,0.5020202,6.396077361869115
50.0,0.7030303,6.837014156685158
50.0,0.9040404,7.213557233497471
50.0,1.105051,7.5595243366933085
50.0,1.306061,7.8807681452445175
50.0,1.507071,8.201242047556876
50.0,1.708081,8.511299949750766
50.0,1.909091,8.819861170714155
50.0,2.110101,9.123489286663963
50.0,2.311111,9.41693681556732
50.0,2.512121,9.713939702470585
50.0,2.713131,10.033939744175452
50.0,2.914141,10.290372654191845
50.0,3.115152,10.614861549518304
50.0,3.316162,10.99579267586962
50.0,3.517172,11.30821510129849
50.0,3.718182,11.620641590880336
50.0,3.919192,11.933061827900653
50.0,4.120202,12.24595760132746
50.0,4.321212,12.559164382072668
50.0,4.522222,12.872378190957074
50.0,4.723232,13.18629147420237
50.0,4.924242,13.505462697241532
50.0,5.125253,13.822052130843788
50.0,5.326263,14.133393899100659
50.0,5.527273,14.42026653130477
50.0,5.728283,14.707130631312518
50.0,5.929293,14.993996109785725
50.0,6.130303,15.2910825612332
50.0,6.331313,15.593715012736212
50.0,6.532323,15.896338077720475
50.0,6.733333,16.196131938012762
50.0,6.934343,16.481648255638362
50.0,7.135354,16.731162097194435
50.0,7.336364,16.961857908473657
50.0,7.537374,17.186366039460033
50.0,7.738384,17.41088325321177
50.0,7.939394,17.63539920372187
50.0,8.140404,17.82669009359113
50.0,8.341414,18.003623949504107
50.0,8.542424,18.180563057887024
50.0,8.743434,18.35671830206088
50.0,8.944444,18.529981981921043
50.0,9.145455,18.66785338745225
50.0,9.346465,18.791343216254266
50.0,9.547475,18.911977289933258
50.0,9.748485,19.032623569982945
50.0,9.949495,19.153272013399516
50.0,10.15051,19.25345967368409
50.0,10.35152,19.346801152515624
50.0,10.55253,19.440133957435695
50.0,10.75354,19.532677883930536
50.0,10.95455,19.623042613865202
50.0,11.15556,19.697175654127186
50.0,11.35657,19.76623182517816
50.0,11.55758,19.834419465486228
50.0,11.75859,19.902597726513715
50.0,11.9596,19.970776600373718
50.0,12.16061,20.030429649412962
50.0,12.36162,20.087943989281502
50.0,12.56263,20.145458695561416
50.0,12.76364,20.202553665047503
50.0,12.96465,20.25874878685697
50.0,13.16566,20.308146784334653
50.0,13.36667,20.355905709408052
50.0,13.56768,20.403325155170958
50.0,13.76869,20.450734811894197
50.0,13.9697,20.49814467691746
50.0,14.17071,20.541656328293147
50.0,14.37172,20.584478402434165
50.0,14.57273,20.627300613184264
50.0,14.77374,20.669922839409445
50.0,14.97475,20.71220500105038
50.0,15.17576,20.750938215842268
50.0,15.37677,20.78905173724861
50.0,15.57778,20.82694546937839
50.0,15.77879,20.864849302949843
50.0,15.9798,20.902743237619553
50.0,16.18081,20.93834803545231
50.0,16.38182,20.973682994043884
50.0,16.58283,21.00902802635348
50.0,16.78384,21.044253029149345
50.0,16.98485,21.07931796613594
50.0,17.18586,21.111973319375803
50.0,17.38687,21.14430878822265
50.0,17.58788,21.176504349577485
50.0,17.78889,21.208689977067333
50.0,17.9899,21.240885670201617
50.0,18.19091,21.271352017405963
50.0,18.39192,21.301728444135925
50.0,18.59293,21.33210491864971
50.0,18.79394,21.362401397552375
50.0,18.99495,21.392587876492282
50.0,19.19596,21.420894460747682
50.0,19.39697,21.44905125235883
50.0,19.59798,21.47708825512837
50.0,19.79899,21.505125296633466
50.0,20.0,21.533162376655334
50.3,0.1,4.174417631267121
50.3,0.3010101,5.754973469151017
50.3,0.5020202,6.435905631323912
50.3,0.7030303,6.878426669771962
50.3,0.9040404,7.26082674512782
50.3,1.105051,7.602667626178044
50.3,1.306061,7.922761139730055
50.3,1.507071,8.24288319013202
50.3,1.708081,8.552872775485957
50.3,1.909091,8.859496762259196
50.3,2.110101,9.162815093413847
50.3,2.311111,9.460185911965116
50.3,2.512121,9.75756559813953
50.3,2.713131,10.078014509186769
50.3,2.914141,10.39928118612321
50.3,3.115152,10.715478660638691
50.3,3.316162,11.02788807515449
50.3,3.517172,11.340311817571408
50.3,3.718182,11.652739542323086
50.3,3.919192,11.965160939902185
50.3,4.120202,12.278058700530872
50.3,4.321212,12.591267933497797
50.3,4.522222,12.904484060126917
50.3,4.723232,13.217716586442252
50.3,4.924242,13.530945071810029
50.3,5.125253,13.827743952241924
50.3,5.326263,14.11460621198302
50.3,5.527273,14.401479980416566
50.3,5.728283,14.688345174067692
50.3,5.929293,14.975211706042517
50.3,6.130303,15.272299052129899
50.3,6.331313,15.574932300470406
50.3,6.532323,15.877556132569003
50.3,6.733333,16.1801905095858
50.3,6.934343,16.48281540587911
50.3,7.135354,16.73283346258077
50.3,7.336364,16.957322863350388
50.3,7.537374,17.181831694876195
50.3,7.738384,17.406349593499044
50.3,7.939394,17.63087621279163
50.3,8.140404,17.822157676694186
50.3,8.341414,17.9990920604843
50.3,8.542424,18.176031687776607
50.3,8.743434,18.352986406328018
50.3,8.944444,18.529936070476364
50.3,9.145455,18.66613875066886
50.3,9.346465,18.78678100823451
50.3,9.547475,18.90741550996396
50.3,9.748485,19.028062213176916
50.3,9.949495,19.148711074933875
50.3,10.15051,19.248909087744533
50.3,10.35152,19.3422408963205
50.3,10.55253,19.43557402778463
50.3,10.75354,19.52890846316976
50.3,10.95455,19.622244183869345
50.3,11.15556,19.6961085096434
50.3,11.35657,19.764295681149118
50.3,11.55758,19.832473478819765
50.3,11.75859,19.90065189463789
50.3,11.9596,19.968830922945433
50.3,12.16061,20.028494099423824
50.3,12.36162,20.085998558558416
50.3,12.56263,20.14351338387864
50.3,12.76364,20.20101857200563
50.3,12.96465,20.258534119507914
50.3,13.16566,20.307722640311688
50.3,13.36667,20.355141944291773
50.3,13.56768,20.402551460391162
50.3,13.76869,20.44996118592813
50.3,13.9697,20.49738112035108
50.3,14.17071,20.540892829232472
50.3,14.37172,20.58371495925599
50.3,14.57273,20.62652722578741
50.3,14.77374,20.66934962748441
50.3,14.97475,20.712172163977254
50.3,15.17576,20.750685614656113
50.3,15.37677,20.788589281847557
50.3,15.57778,20.82648305106097
50.3,15.77879,20.864386921584735
50.3,15.9798,20.90228089307385
50.3,16.18081,20.937885722968588
50.3,16.38182,20.973220713088494
50.3,16.58283,21.00856577673825
50.3,16.78384,21.043910913734948
50.3,16.98485,21.079246123701765
50.3,17.18586,21.11168156295301
50.3,17.38687,21.143867081919932
50.3,17.58788,21.17606266709701
50.3,17.78889,21.20824831833779
50.3,17.9899,21.240444035152933
50.3,18.19091,21.27091040277047
50.3,18.39192,21.301286849688086
50.3,18.59293,21.331663344333418
50.3,18.79394,21.362039886538838
50.3,18.99495,21.39242647596568
50.3,19.19596,21.420513403955674
50.3,19.39697,21.44855037846765
50.3,19.59798,21.476597391747855
50.3,19.79899,21.504634443797954
50.3,20.0,21.532671534337656
50.599999999999994,0.1,4.197376526372238
50.599999999999994,0.3010101,5.789692174322957
50.599999999999994,0.5020202,6.475232880292095
50.599999999999994,0.7030303,6.9191842184174535
50.599999999999994,0.9040404,7.297601573055296
50.599999999999994,1.105051,7.644254703715904
50.599999999999994,1.306061,7.962895253497663
50.599999999999994,1.507071,8.282585015362484
50.599999999999994,1.708081,8.592635387827437
50.599999999999994,1.909091,8.865701671556726
50.599999999999994,2.110101,9.202578408695997
50.599999999999994,2.311111,9.499948544065138
50.599999999999994,2.512121,9.81331788832915
50.599999999999994,2.713131,10.134584974553356
50.599999999999994,2.914141,10.440128299856688
50.599999999999994,3.115152,10.747959709928638
50.599999999999994,3.316162,11.05810415782448
50.599999999999994,3.517172,11.370528809805121
50.599999999999994,3.718182,11.682957385176067
50.599999999999994,3.919192,11.995389577380852
50.599999999999994,4.120202,12.308278766021921
50.599999999999994,4.321212,12.621489782316175
50.599999999999994,4.522222,12.934707589783672
50.599999999999994,4.723232,13.247383656045248
50.599999999999994,4.924242,13.555839907388524
50.599999999999994,5.125253,13.815911631883468
50.599999999999994,5.326263,14.05405181854261
50.599999999999994,5.527273,14.340916526595342
50.599999999999994,5.728283,14.627782623840636
50.599999999999994,5.929293,14.914660030315547
50.599999999999994,6.130303,15.243531666436269
50.599999999999994,6.331313,15.587560244054234
50.599999999999994,6.532323,15.890184771306048
50.599999999999994,6.733333,16.192819820404942
50.599999999999994,6.934343,16.495445362076723
50.599999999999994,7.135354,16.74546557859864
50.599999999999994,7.336364,16.969957811086516
50.599999999999994,7.537374,17.194469393525665
50.599999999999994,7.738384,17.419236855488712
50.599999999999994,7.939394,17.64510082693248
50.599999999999994,8.140404,17.831411282155077
50.599999999999994,8.341414,18.00223946254038
50.599999999999994,8.542424,18.179181030088746
50.599999999999994,8.743434,18.356137650637777
50.599999999999994,8.944444,18.533089180622753
50.599999999999994,9.145455,18.669293287740757
50.599999999999994,9.346465,18.789936800837772
50.599999999999994,9.547475,18.910572542595357
50.599999999999994,9.748485,19.03027162081843
50.599999999999994,9.949495,19.146966253500683
50.599999999999994,10.15051,19.2477917081914
50.599999999999994,10.35152,19.34273938119035
50.599999999999994,10.55253,19.43607288793806
50.599999999999994,10.75354,19.529407694986393
50.599999999999994,10.95455,19.622743783780866
50.599999999999994,11.15556,19.69661839221552
50.599999999999994,11.35657,19.764795821012225
50.599999999999994,11.55758,19.832973873944805
50.599999999999994,11.75859,19.900542683476324
50.599999999999994,11.9596,19.966602427701826
50.599999999999994,12.16061,20.027486910203763
50.599999999999994,12.36162,20.086432395889368
50.599999999999994,12.56263,20.143937358566465
50.599999999999994,12.76364,20.20145268291359
50.599999999999994,12.96465,20.25896836602929
50.599999999999994,13.16566,20.308156996772514
50.599999999999994,13.36667,20.35556640501468
50.599999999999994,13.56768,20.40298602458879
50.599999999999994,13.76869,20.449985884405983
50.599999999999994,13.9697,20.496186010301358
50.599999999999994,14.17071,20.540478344435826
50.599999999999994,14.37172,20.584030940253324
50.599999999999994,14.57273,20.626853272373637
50.599999999999994,14.77374,20.669665739671036
50.599999999999994,14.97475,20.712488341282366
50.599999999999994,15.17576,20.75100184989214
50.599999999999994,15.37677,20.78890557375929
50.599999999999994,15.57778,20.82679939949048
50.599999999999994,15.77879,20.864393336704985
50.599999999999994,15.9798,20.901497390044057
50.599999999999994,16.18081,20.937602623320842
50.599999999999994,16.38182,20.973337885140747
50.599999999999994,16.58283,21.00867298811839
50.599999999999994,16.78384,21.044018164170875
50.599999999999994,16.98485,21.079363413065302
50.599999999999994,17.18586,21.111788889846466
50.599999999999994,17.38687,21.14397444603213
50.599999999999994,17.58788,21.17617006831525
50.599999999999994,17.78889,21.20809574523647
50.599999999999994,17.9899,21.239701473925717
50.599999999999994,18.19091,21.270577913071445
50.599999999999994,18.39192,21.301204414268643
50.599999999999994,18.59293,21.331590939826256
50.599999999999994,18.79394,21.36196751288783
50.599999999999994,18.99495,21.39234413321832
50.599999999999994,19.19596,21.420441089206367
50.599999999999994,19.39697,21.4484780916381
50.599999999999994,19.59798,21.4765151328246
50.599999999999994,19.79899,21.50432230067342
50.599999999999994,20.0,21.531899594387554
50.900000000000006,0.1,4.221025765459887
50.900000000000006,0.3010101,5.824609988729849
50.900000000000006,0.5020202,6.513557839945034
50.900000000000006,0.7030303,6.960368454943961
50.900000000000006,0.9040404,7.344111222639745
50.900000000000006,1.105051,7.6860437467039695
50.900000000000006,1.306061,8.00468396005938
50.900000000000006,1.507071,8.323028154238886
50.900000000000006,1.708081,8.621409420796464
50.900000000000006,1.909091,8.885486060371623
50.900000000000006,2.110101,9.242342309364751
50.900000000000006,2.311111,9.548630766407822
50.900000000000006,2.512121,9.863306606609548
50.900000000000006,2.713131,10.168763600032445
50.900000000000006,2.914141,10.474216812819414
50.900000000000006,3.115152,10.781863170039777
50.900000000000006,3.316162,11.09181003212136
50.900000000000006,3.517172,11.401770468981358
50.900000000000006,3.718182,11.713175843258481
50.900000000000006,3.919192,12.025608812532433
50.900000000000006,4.120202,12.338499402568527
50.900000000000006,4.321212,12.651712181587643
50.900000000000006,4.522222,12.962032182178131
50.900000000000006,4.723232,13.270484266491268
50.900000000000006,4.924242,13.578941061443915
50.900000000000006,5.125253,13.83901327263637
50.900000000000006,5.326263,14.069819018579398
50.900000000000006,5.527273,14.300637255487384
50.900000000000006,5.728283,14.567220969748412
50.900000000000006,5.929293,14.854099242064898
50.900000000000006,6.130303,15.18297163689228
50.900000000000006,6.331313,15.534641751171998
50.900000000000006,6.532323,15.886302447593263
50.900000000000006,6.733333,16.20545000686431
50.900000000000006,6.934343,16.508076178434575
50.900000000000006,7.135354,16.75809853868783
50.900000000000006,7.336364,16.9825935875616
50.900000000000006,7.537374,17.208016378459536
50.900000000000006,7.738384,17.43387425184713
50.900000000000006,7.939394,17.65974243215767
50.900000000000006,8.140404,17.8460559760901
50.900000000000006,8.341414,18.015289686747685
50.900000000000006,8.542424,18.184537291999938
50.900000000000006,8.743434,18.359279619549095
50.900000000000006,8.944444,18.53624300625849
50.900000000000006,9.145455,18.672448535600537
50.900000000000006,9.346465,18.793083300602785
50.900000000000006,9.547475,18.910833841418516
50.900000000000006,9.748485,19.027537537969806
50.900000000000006,9.949495,19.144233016476043
50.900000000000006,10.15051,19.245059134302778
50.900000000000006,10.35152,19.340559241411004
50.900000000000006,10.55253,19.436070237742264
50.900000000000006,10.75354,19.529917034534154
50.900000000000006,10.95455,19.623253490909796
50.900000000000006,11.15556,19.697118382087428
50.900000000000006,11.35657,19.7653060673375
50.900000000000006,11.55758,19.83181475777592
50.900000000000006,11.75859,19.897884144800297
50.900000000000006,11.9596,19.963944115718153
50.900000000000006,12.16061,20.024828776427526
50.900000000000006,12.36162,20.08440481240478
50.900000000000006,12.56263,20.143981159576708
50.900000000000006,12.76364,20.201886845916302
50.900000000000006,12.96465,20.259392664646033
50.900000000000006,13.16566,20.30858140519229
50.900000000000006,13.36667,20.356000917274663
50.900000000000006,13.56768,20.402400717237903
50.900000000000006,13.76869,20.448610737822122
50.900000000000006,13.9697,20.494820961712968
50.900000000000006,14.17071,20.539113375004472
50.900000000000006,14.37172,20.58305626424708
50.900000000000006,14.57273,20.627009270167697
50.900000000000006,14.77374,20.66998188382981
50.900000000000006,14.97475,20.712804550480115
50.900000000000006,15.17576,20.75132811685485
50.900000000000006,15.37677,20.78922189749421
50.900000000000006,15.57778,20.82641580325528
50.900000000000006,15.77879,20.863529812021994
50.900000000000006,15.9798,20.900633920364456
50.900000000000006,16.18081,20.936739198706167
50.900000000000006,16.38182,20.972734661903257
50.900000000000006,16.58283,21.00873018824763
50.900000000000006,16.78384,21.044125435765334
50.900000000000006,16.98485,21.079470723593445
50.900000000000006,17.18586,21.111896237788674
50.900000000000006,17.38687,21.144091831083667
50.900000000000006,17.58788,21.175727466545467
50.900000000000006,17.78889,21.207333166633436
50.900000000000006,17.9899,21.238928932885223
50.900000000000006,18.19091,21.2698054038564
50.900000000000006,18.39192,21.30065195579629
50.900000000000006,18.59293,21.331488554327386
50.900000000000006,18.79394,21.36188515969103
50.900000000000006,18.99495,21.392261810795816
50.900000000000006,19.19596,21.420358794817
50.900000000000006,19.39697,21.44839582514104
50.900000000000006,19.59798,21.475983070799636
50.900000000000006,19.79899,21.503550353415335
50.900000000000006,20.0,21.53112767003115
51.2,0.1,4.243755879900769
51.2,0.3010101,5.859382481901336
51.2,0.5020202,6.5530189688429195
51.2,0.7030303,7.0007081567055796
51.2,0.9040404,7.385755673273868
51.2,1.105051,7.7278256263929155
51.2,1.306061,8.045502029587313
51.2,1.507071,8.362694664273633
51.2,1.708081,8.67205237460153
51.2,1.909091,8.978485713999099
51.2,2.110101,9.283952785184523
51.2,2.311111,9.591953432833927
51.2,2.512121,9.897401389094444
51.2,2.713131,10.2028539720201
51.2,2.914141,10.508306781189015
51.2,3.115152,10.815767904827606
51.2,3.316162,11.125715935504383
51.2,3.517172,11.435667467234166
51.2,3.718182,11.74563222269516
51.2,3.919192,12.055828638448494
51.2,4.120202,12.368242461548451
51.2,4.321212,12.676684705191509
51.2,4.522222,12.985132340442028
51.2,4.723232,13.293574997693835
51.2,4.924242,13.602032329764368
51.2,5.125253,13.862105025653605
51.2,5.326263,14.092921220351974
51.2,5.527273,14.323729890665314
51.2,5.728283,14.554550915759526
51.2,5.929293,14.793539350684968
51.2,6.130303,15.12241248909031
51.2,6.331313,15.474083272647116
51.2,6.532323,15.825744610785637
51.2,6.733333,16.177416464787413
51.2,6.934343,16.520707851449902
51.2,7.135354,16.77095910551923
51.2,7.336364,16.996799660626667
51.2,7.537374,17.22265123851469
51.2,7.738384,17.448503410541115
51.2,7.939394,17.674375768805348
51.2,8.140404,17.860692378263543
51.2,8.341414,18.029938661313707
51.2,8.542424,18.199178789263634
51.2,8.743434,18.36843265579727
51.2,8.944444,18.53939754900176
51.2,9.145455,18.67470565357621
51.2,9.346465,18.79140656288726
51.2,9.547475,18.908099310883422
51.2,9.748485,19.024793861560866
51.2,9.949495,19.14150018330218
51.2,10.15051,19.242326962325738
51.2,10.35152,19.337827666439377
51.2,10.55253,19.43333925402969
51.2,10.75354,19.528841711195145
51.2,10.95455,19.623753305765796
51.2,11.15556,19.69703861937094
51.2,11.35657,19.7630970536862
51.2,11.55758,19.829156080707097
51.2,11.75859,19.895215695181573
51.2,11.9596,19.961285891097816
51.2,12.16061,20.022160730598998
51.2,12.36162,20.081746931710278
51.2,12.56263,20.14132344326728
51.2,12.76364,20.200910261627783
51.2,12.96465,20.259827015043346
51.2,13.16566,20.308615896255606
51.2,13.36667,20.35482560489106
51.2,13.56768,20.401035519168424
51.2,13.76869,20.447245638730976
51.2,13.9697,20.49344596179303
51.2,14.17071,20.53773845314473
51.2,14.37172,20.581691417242233
51.2,14.57273,20.62564449767513
51.2,14.77374,20.66958769380763
51.2,14.97475,20.713120791574724
51.2,15.17576,20.751344426059173
51.2,15.37677,20.78844828990328
51.2,15.57778,20.825552254094653
51.2,15.77879,20.862666318008916
51.2,15.9798,20.899770481295263
51.2,16.18081,20.935875804700927
51.2,16.38182,20.971871311764367
51.2,16.58283,21.007866881743094
51.2,16.78384,21.043862514399436
51.2,16.98485,21.079578055162656
51.2,17.18586,21.111753595615497
51.2,17.38687,21.143359200419077
51.2,17.58788,21.17495487187364
51.2,17.78889,21.20656060953224
51.2,17.9899,21.238156413244052
51.2,18.19091,21.269042916018236
51.2,18.39192,21.29987949947781
51.2,18.59293,21.33071612937137
51.2,18.79394,21.361562805434858
51.2,18.99495,21.392179508698014
51.2,19.19596,21.42005660770453
51.2,19.39697,21.447633844845026
51.2,19.59798,21.475211116215313
51.2,19.79899,21.502788421715984
51.2,20.0,21.530365761150325
51.5,0.1,4.267826092456433
51.5,0.3010101,5.894108054260448
51.5,0.5020202,6.592542344403533
51.5,0.7030303,7.041883458320118
51.5,0.9040404,7.423061241914632
51.5,1.105051,7.769303573144925
51.5,1.306061,8.086023128540594
51.5,1.507071,8.403211838132775
51.5,1.708081,8.712528192745285
51.5,1.909091,9.005613339233472
51.5,2.110101,9.306854288260777
51.5,2.311111,9.625363724139739
51.5,2.512121,9.930808824463954
51.5,2.713131,10.23625958293992
51.5,2.914141,10.541711595652252
51.5,3.115152,10.846830861722799
51.5,3.316162,11.156790048802574
51.5,3.517172,11.466752669316424
51.5,3.718182,11.77671844800088
51.5,3.919192,12.08593634449564
51.5,4.120202,12.392736529823395
51.5,4.321212,12.700029999010859
51.5,4.522222,13.008478069055034
51.5,4.723232,13.316921132145472
51.5,4.924242,13.625378843665189
51.5,5.125253,13.885451889111684
51.5,5.326263,14.116268412936918
51.5,5.527273,14.347077397762753
51.5,5.728283,14.577898723664015
51.5,5.929293,14.82196050044745
51.5,6.130303,15.138360670662307
51.5,6.331313,15.490031819794954
51.5,6.532323,15.841693508291609
51.5,6.733333,16.19336569540623
51.5,6.934343,16.489776866738815
51.5,7.135354,16.758756485242
51.5,7.336364,16.998476679460676
51.5,7.537374,17.224331188636892
51.5,7.738384,17.45019621419042
51.5,7.939394,17.67606135371138
51.5,8.140404,17.862380004022054
51.5,8.341414,18.031627999621808
51.5,8.542424,18.200879809520796
51.5,8.743434,18.370125326721883
51.5,8.944444,18.51942401427258
51.5,9.145455,18.662288217347538
51.5,9.346465,18.786228300625734
51.5,9.547475,18.902921671078683
51.5,9.748485,19.019626836730904
51.5,9.949495,19.136323767110152
51.5,10.15051,19.237151024467018
51.5,10.35152,19.332662160917778
51.5,10.55253,19.42816417739569
51.5,10.75354,19.523667059212904
51.5,10.95455,19.60831399564317
51.5,11.15556,19.69051185870306
51.5,11.35657,19.760180397132608
51.5,11.55758,19.82624959610871
51.5,11.75859,19.892309381057686
51.5,11.9596,19.958369746600788
51.5,12.16061,20.019254719597708
51.5,12.36162,20.078831045122712
51.5,12.56263,20.138417679487087
51.5,12.76364,20.19799462143512
51.5,12.96465,20.252443158231152
51.5,13.16566,20.30601179641243
51.5,13.36667,20.353491412713836
51.5,13.56768,20.399701406780736
51.5,13.76869,20.44590160488847
51.5,13.9697,20.492112006406884
51.5,14.17071,20.53640456057008
51.5,14.37172,20.580357584204013
51.5,14.57273,20.624310723922985
51.5,14.77374,20.668253979200742
51.5,14.97475,20.709357780063314
51.5,15.17576,20.750091479443608
51.5,15.37677,20.787635371244875
51.5,15.57778,20.82474938048065
51.5,15.77879,20.861853489519415
51.5,15.9798,20.898957697677158
51.5,16.18081,20.935063057902887
51.5,16.38182,20.97105860069944
51.5,16.58283,21.007054206377177
51.5,16.78384,21.043049874527906
51.5,16.98485,21.077055682481095
51.5,17.18586,21.11089139246186
51.5,17.38687,21.142647037448032
51.5,17.58788,21.174242740115496
51.5,17.78889,21.205848508898054
51.5,17.9899,21.23745434357363
51.5,18.19091,21.268330872786542
51.5,18.39192,21.29916748229903
51.5,18.59293,21.330014138108442
51.5,18.79394,21.360850840141413
51.5,18.99495,21.39011791801885
51.5,19.19596,21.41931494011771
51.5,19.39697,21.4469321925745
51.5,19.59798,21.474499483385312
51.5,19.79899,21.502076808155167
51.5,20.0,21.52965416684306
51.8,0.1,4.289959874092677
51.8,0.3010101,5.9278145445746
51.8,0.5020202,6.6308550400398785
51.8,0.7030303,7.081928144529156
51.8,0.9040404,7.468660389520576
51.8,1.105051,7.811018274293518
51.8,1.306061,8.127641046103513
51.8,1.507071,8.444293128505418
51.8,1.708081,8.718494168162396
51.8,1.909091,8.97798879434423
51.8,2.110101,9.28167378752713
51.8,2.311111,9.658439469450299
51.8,2.512121,9.96388355332522
51.8,2.713131,10.269335340404744
51.8,2.914141,10.571284051049005
51.8,3.115152,10.876529373211715
51.8,3.316162,11.186489615752311
51.8,3.517172,11.496347443879795
51.8,3.718182,11.805043158897927
51.8,3.919192,12.113741086607382
51.8,4.120202,12.420541495014373
51.8,4.321212,12.726076532057364
51.8,4.522222,13.03194659288114
51.8,4.723232,13.340399976840251
51.8,4.924242,13.648847988450871
51.8,5.125253,13.9089313155916
51.8,5.326263,14.139738109179495
51.8,5.527273,14.373346937724335
51.8,5.728283,14.624755640929635
51.8,5.929293,14.87616683766309
51.8,6.130303,15.192567311118589
51.8,6.331313,15.544228676969274
51.8,6.532323,15.882603032545614
51.8,6.733333,16.151588915552303
51.8,6.934343,16.420569498518265
51.8,7.135354,16.6895645504774
51.8,7.336364,16.95856385852035
51.8,7.537374,17.21954347731629
51.8,7.738384,17.445400643194418
51.8,7.939394,17.671277869505566
51.8,8.140404,17.857598052753335
51.8,8.341414,18.02684733716686
51.8,8.542424,18.190233472555754
51.8,8.743434,18.331714073017785
51.8,8.944444,18.473197185470404
51.8,9.145455,18.6160513712199
51.8,9.346465,18.759447578258584
51.8,9.547475,18.89653745689338
51.8,9.748485,19.013233119356002
51.8,9.949495,19.129930540698627
51.8,10.15051,19.230768184919096
51.8,10.35152,19.326269673098096
51.8,10.55253,19.418083176409073
51.8,10.75354,19.499470644673988
51.8,10.95455,19.580848775656154
51.8,11.15556,19.663046719449216
51.8,11.35657,19.745465090313687
51.8,11.55758,19.82320420698891
51.8,11.75859,19.889264134659893
51.8,11.9596,19.95532464143205
51.8,12.16061,20.016209725395566
51.8,12.36162,20.07578615461619
51.8,12.56263,20.133423401603743
51.8,12.76364,20.186732041805037
51.8,12.96465,20.240040928875228
51.8,13.16566,20.29361960031452
51.8,13.36667,20.34724842997345
51.8,13.56768,20.398377839667404
51.8,13.76869,20.444588107051104
51.8,13.9697,20.49079857716297
51.8,14.17071,20.53509118582085
51.8,14.37172,20.579034261508614
51.8,14.57273,20.621807636557058
51.8,14.77374,20.662481442051213
51.8,14.97475,20.703155349591704
51.8,15.17576,20.743889083743237
51.8,15.37677,20.78463288555118
51.8,15.57778,20.823966847924197
51.8,15.77879,20.861070996925143
51.8,15.9798,20.898185244823424
51.8,16.18081,20.934290637698112
51.8,16.38182,20.97028621224192
51.8,16.58283,21.005381884893737
51.8,16.78384,21.039217669371173
51.8,16.98485,21.073043514876016
51.8,17.18586,21.10687925374596
51.8,17.38687,21.140715042785015
51.8,17.58788,21.17357084241555
51.8,17.78889,21.20517663909637
51.8,17.9899,21.236772501657182
51.8,18.19091,21.26764905446752
51.8,18.39192,21.29849568726688
51.8,18.59293,21.328582526668768
51.8,18.79394,21.357789592654335
51.8,18.99495,21.38700669646927
51.8,19.19596,21.416213733134473
51.8,19.39697,21.44542080638328
51.8,19.59798,21.473828013668662
51.8,19.79899,21.501405355936555
51.8,20.0,21.52898273211091
52.099999999999994,0.1,4.312734661282053
52.099999999999994,0.3010101,5.96109227719781
52.099999999999994,0.5020202,6.6686947253038165
52.099999999999994,0.7030303,7.121202352975073
52.099999999999994,0.9040404,7.503939061924688
52.099999999999994,1.105051,7.851367975371366
52.099999999999994,1.306061,8.168101077148695
52.099999999999994,1.507071,8.485362963376888
52.099999999999994,1.708081,8.793143687194066
52.099999999999994,1.909091,9.08367049599325
52.099999999999994,2.110101,9.35612119511428
52.099999999999994,2.311111,9.652412471501766
52.099999999999994,2.512121,9.996960476426096
52.099999999999994,2.713131,10.300111789275723
52.099999999999994,2.914141,10.600590475197036
52.099999999999994,3.115152,10.90622978692349
52.099999999999994,3.316162,11.215459436872708
52.099999999999994,3.517172,11.524152596784647
52.099999999999994,3.718182,11.8328381574388
52.099999999999994,3.919192,12.141535931461503
52.099999999999994,4.120202,12.44834655725474
52.099999999999994,4.321212,12.753882035760109
52.099999999999994,4.522222,13.059432706276699
52.099999999999994,4.723232,13.364978216488673
52.099999999999994,4.924242,13.672327189546294
52.099999999999994,5.125253,13.932400797911916
52.099999999999994,5.326263,14.176145874235518
52.099999999999994,5.527273,14.427552455834459
52.099999999999994,5.728283,14.67896163714977
52.099999999999994,5.929293,14.930363289845824
52.099999999999994,6.130303,15.246774057452434
52.099999999999994,6.331313,15.544414447062715
52.099999999999994,6.532323,15.813401262551064
52.099999999999994,6.733333,16.082392844477415
52.099999999999994,6.934343,16.351378957103606
52.099999999999994,7.135354,16.620379377096288
52.099999999999994,7.336364,16.88938390234811
52.099999999999994,7.537374,17.158382339241374
52.099999999999994,7.738384,17.42739450379153
52.099999999999994,7.939394,17.666494847674308
52.099999999999994,8.140404,17.852816559797542
52.099999999999994,8.341414,18.00251781068176
52.099999999999994,8.542424,18.14399636621502
52.099999999999994,8.743434,18.285477492198947
52.099999999999994,8.944444,18.426961130364568
52.099999999999994,9.145455,18.569825290952505
52.099999999999994,9.346465,18.71321127411833
52.099999999999994,9.547475,18.85660978347911
52.099999999999994,9.748485,19.000000763400767
52.099999999999994,9.949495,19.123537454216944
52.099999999999994,10.15051,19.224375485890242
52.099999999999994,10.35152,19.30923069322459
52.099999999999994,10.55253,19.390617702877215
52.099999999999994,10.75354,19.472005381853897
52.099999999999994,10.95455,19.55338372202665
52.099999999999994,11.15556,19.63558174678066
52.099999999999994,11.35657,19.718000160698665
52.099999999999994,11.55758,19.8004292417034
52.099999999999994,11.75859,19.88284898191096
52.099999999999994,11.9596,19.952289570815882
52.099999999999994,12.16061,20.013164766437004
52.099999999999994,12.36162,20.067712635946748
52.099999999999994,12.56263,20.121021088466385
52.099999999999994,12.76364,20.17432978909627
52.099999999999994,12.96465,20.22764873628665
52.099999999999994,13.16566,20.281217440134732
52.099999999999994,13.36667,20.33485629716437
52.099999999999994,13.56768,20.38848541041448
52.099999999999994,13.76869,20.442114778760295
52.099999999999994,13.9697,20.489475171086823
52.099999999999994,14.17071,20.53376783443091
52.099999999999994,14.37172,20.57492139987855
52.099999999999994,14.57273,20.615595144066642
52.099999999999994,14.77374,20.656268990774464
52.099999999999994,14.97475,20.696942939305714
52.099999999999994,15.17576,20.73767670820181
52.099999999999994,15.37677,20.778420543766863
52.099999999999994,15.57778,20.8191644861715
52.099999999999994,15.77879,20.859908534794663
52.099999999999994,15.9798,20.897402808118613
52.099999999999994,16.18081,20.93350823360485
52.099999999999994,16.38182,20.96754391796866
52.099999999999994,16.58283,21.00136967210194
52.099999999999994,16.78384,21.03520548730963
52.099999999999994,16.98485,21.069031363456617
52.099999999999994,17.18586,21.102867131239634
52.099999999999994,17.38687,21.136702948939437
52.099999999999994,17.58788,21.170538830178714
52.099999999999994,17.78889,21.204374774578806
52.099999999999994,17.9899,21.23610067144875
52.099999999999994,18.19091,21.26697724787962
52.099999999999994,18.39192,21.29626423724623
52.099999999999994,18.59293,21.32547128080033
52.099999999999994,18.79394,21.354688362301246
52.099999999999994,18.99495,21.38389548171454
52.099999999999994,19.19596,21.41310253306739
52.099999999999994,19.39697,21.44230962091368
52.099999999999994,19.59798,21.47151674786091
52.099999999999994,19.79899,21.5007239137494
52.099999999999994,20.0,21.52831130637636
52.400000000000006,0.1,4.334419981909747
52.400000000000006,0.3010101,5.994561481871908
52.400000000000006,0.5020202,6.705246398658328
52.400000000000006,0.7030303,7.1608960011095775
52.400000000000006,0.9040404,7.5489102552412035
52.400000000000006,1.105051,7.892140788483806
52.400000000000006,1.306061,8.209572911823207
52.400000000000006,1.507071,8.526836517697722
52.400000000000006,1.708081,8.834600038849393
52.400000000000006,1.909091,9.139175612610309
52.400000000000006,2.110101,9.43423284397146
52.400000000000006,2.311111,9.728884602870846
52.400000000000006,2.512121,10.025158608819991
52.400000000000006,2.713131,10.32545532398774
52.400000000000006,2.914141,10.623541113779712
52.400000000000006,3.115152,10.905183613591594
52.400000000000006,3.316162,11.213873862652914
52.400000000000006,3.517172,11.522566730798722
52.400000000000006,3.718182,11.831262013023162
52.400000000000006,3.919192,12.168921654542382
52.400000000000006,4.120202,12.476111526686614
52.400000000000006,4.321212,12.78164776850516
52.400000000000006,4.522222,13.087189155637752
52.400000000000006,4.723232,13.392735339726853
52.400000000000006,4.924242,13.69789690084872
52.400000000000006,5.125253,13.955165994686599
52.400000000000006,5.326263,14.206570284114715
52.400000000000006,5.527273,14.457977290979308
52.400000000000006,5.728283,14.709386877646018
52.400000000000006,5.929293,14.96078891703039
52.400000000000006,6.130303,15.258726538229112
52.400000000000006,6.331313,15.527711672880038
52.400000000000006,6.532323,15.79670171439664
52.400000000000006,6.733333,16.065686420248806
52.400000000000006,6.934343,16.334685556509672
52.400000000000006,7.135354,16.60367890844285
52.400000000000006,7.336364,16.872686275252125
52.400000000000006,7.537374,17.14169746752053
52.400000000000006,7.738384,17.41070230744018
52.400000000000006,7.939394,17.66863088588996
52.400000000000006,8.140404,17.84603553971891
52.400000000000006,8.341414,17.987512106449795
52.400000000000006,8.542424,18.128981298379202
52.400000000000006,8.743434,18.27046305141259
52.400000000000006,8.944444,18.411947308098267
52.400000000000006,9.145455,18.55481191160868
52.400000000000006,9.346465,18.69819826759527
52.400000000000006,9.547475,18.841597146121952
52.400000000000006,9.748485,18.98498849077104
52.400000000000006,9.949495,19.120534577511812
52.400000000000006,10.15051,19.218197845235327
52.400000000000006,10.35152,19.299584354924807
52.400000000000006,10.55253,19.38096154226435
52.400000000000006,10.75354,19.462349396779395
52.400000000000006,10.95455,19.543737911125177
52.400000000000006,11.15556,19.62592607072625
52.400000000000006,11.35657,19.708354607877443
52.400000000000006,11.55758,19.79077381183615
52.400000000000006,11.75859,19.873203673898658
52.400000000000006,11.9596,19.95038443144738
52.400000000000006,12.16061,20.010060525549537
52.400000000000006,12.36162,20.063368804742687
52.400000000000006,12.56263,20.116677333662867
52.400000000000006,12.76364,20.169996110746016
52.400000000000006,12.96465,20.22330513435069
52.400000000000006,13.16566,20.276883908017364
52.400000000000006,13.36667,20.330512833551875
52.400000000000006,13.56768,20.384142014875096
52.400000000000006,13.76869,20.437771450975763
52.400000000000006,13.9697,20.48862167393349
52.400000000000006,14.17071,20.532084889799364
52.400000000000006,14.37172,20.57275857365056
52.400000000000006,14.57273,20.613432360379505
52.400000000000006,14.77374,20.654106249471088
52.400000000000006,14.97475,20.69478024023042
52.400000000000006,15.17576,20.735524050627973
52.400000000000006,15.37677,20.77626792757641
52.400000000000006,15.57778,20.817011911218394
52.400000000000006,15.77879,20.85775600091887
52.400000000000006,15.9798,20.89688037348421
52.400000000000006,16.18081,20.93226604961787
52.400000000000006,16.38182,20.966091770931737
52.400000000000006,16.58283,20.999917553607144
52.400000000000006,16.78384,21.03375339727037
52.400000000000006,16.98485,21.067579301784715
52.400000000000006,17.18586,21.10141509816259
52.400000000000006,17.38687,21.13525094443223
52.400000000000006,17.58788,21.16908685407952
52.400000000000006,17.78889,21.202922826839394
52.400000000000006,17.9899,21.235598886993603
52.400000000000006,18.19091,21.265835743256464
52.400000000000006,18.39192,21.295042766174237
52.400000000000006,18.59293,21.324259827184235
52.400000000000006,18.79394,21.353466926217738
52.400000000000006,18.99495,21.382684062998827
52.400000000000006,19.19596,21.411891131964403
52.400000000000006,19.39697,21.441098237383372
52.400000000000006,19.59798,21.470305381858026
52.400000000000006,19.79899,21.49951256522885
52.400000000000006,20.0,21.527749915083962
52.7,0.1,4.356072657893263
52.7,0.3010101,6.027921076418548
52.7,0.5020202,6.743174785050463
52.7,0.7030303,7.199843975612117
52.7,0.9040404,7.589689757909024
52.7,1.105051,7.933238066237632
52.7,1.306061,8.251070395386881
52.7,1.507071,8.568802293791663
52.7,1.708081,8.875489682087444
52.7,1.909091,9.175796909393869
52.7,2.110101,9.4702944386317
52.7,2.311111,9.753812056278885
52.7,2.512121,10.042675774098948
52.7,2.713131,10.318496783072035
52.7,2.914141,10.566185386762388
52.7,3.115152,10.844839095955104
52.7,3.316162,11.184411880686223
52.7,3.517172,11.553029867788403
52.7,3.718182,11.88697089105017
52.7,3.919192,12.196605693485024
52.7,4.120202,12.503786474160723
52.7,4.321212,12.809324116217121
52.7,4.522222,13.114876829512866
52.7,4.723232,13.41840898695245
52.7,4.924242,13.720678108703131
52.7,5.125253,13.974588797818853
52.7,5.326263,14.199250742505669
52.7,5.527273,14.440850593258322
52.7,5.728283,14.692250450330153
52.7,5.929293,14.943662751055816
52.7,6.130303,15.25224906368809
52.7,6.331313,15.591858684738565
52.7,6.532323,15.884975460998335
52.7,6.733333,16.153968258771183
52.7,6.934343,16.422955527671064
52.7,7.135354,16.691957048188623
52.7,7.336364,16.96096262174063
52.7,7.537374,17.22996205793845
52.7,7.738384,17.46002927131897
52.7,7.939394,17.672487488797632
52.7,8.140404,17.855751654156066
52.7,8.341414,18.02642190172842
52.7,8.542424,18.176409945162465
52.7,8.743434,18.317892522868092
52.7,8.944444,18.459377584163725
52.7,9.145455,18.602233560000947
52.7,9.346465,18.745631482120217
52.7,9.547475,18.889021897414604
52.7,9.748485,19.008861813754596
52.7,9.949495,19.120375730555587
52.7,10.15051,19.222439342132922
52.7,10.35152,19.321336470073796
52.7,10.55253,19.406943877424162
52.7,10.75354,19.48833183653284
52.7,10.95455,19.569710454630425
52.7,11.15556,19.651898859300395
52.7,11.35657,19.73432768048215
52.7,11.55758,19.81675716503585
52.7,11.75859,19.88521794870197
52.7,11.9596,19.949949461289798
52.7,12.16061,20.012085258308698
52.7,12.36162,20.073582318925844
52.7,12.56263,20.128450708514844
52.7,12.76364,20.181769594326692
52.7,12.96465,20.23507872647138
52.7,13.16566,20.288657644173703
52.7,13.36667,20.342286720142322
52.7,13.56768,20.395916051981178
52.7,13.76869,20.44282693878789
52.7,13.9697,20.488438258797057
52.7,14.17071,20.53334150162561
52.7,14.37172,20.578125162632027
52.7,14.57273,20.61937898468485
52.7,14.77374,20.660052918562016
52.7,14.97475,20.700726953896567
52.7,15.17576,20.741460819665306
52.7,15.37677,20.78220475320514
52.7,15.57778,20.822948793186807
52.7,15.77879,20.860073337644153
52.7,15.9798,20.896748021492137
52.7,16.18081,20.933153815686815
52.7,16.38182,20.969529780509138
52.7,16.58283,21.003585606699826
52.7,16.78384,21.037411474347703
52.7,16.98485,21.071247402604484
52.7,17.18586,21.105073227051978
52.7,17.38687,21.138909101483907
52.7,17.58788,21.172745039230932
52.7,17.78889,21.20415109112854
52.7,17.9899,21.23539720705383
52.7,18.19091,21.266474006698047
52.7,18.39192,21.297540881473427
52.7,18.59293,21.326827957067444
52.7,18.79394,21.356035077356232
52.7,18.99495,21.385252235330864
52.7,19.19596,21.414459327815113
52.7,19.39697,21.44366645674562
52.7,19.59798,21.472873624663187
52.7,19.79899,21.500161086355167
52.7,20.0,21.527428582892348
53.0,0.1,4.378011534679994
53.0,0.3010101,6.06102147336957
53.0,0.5020202,6.7813599314284225
53.0,0.7030303,7.2395940385874304
53.0,0.9040404,7.625249811586947
53.0,1.105051,7.973916249568913
53.0,1.306061,8.291743115193908
53.0,1.507071,8.609902856264673
53.0,1.708081,8.913536616834795
53.0,1.909091,9.213490578429917
53.0,2.110101,9.507940596477592
53.0,2.311111,9.791459710934099
53.0,2.512121,10.074420400780017
53.0,2.713131,10.372147555163284
53.0,2.914141,10.620426311832981
53.0,3.115152,10.931522750763355
53.0,3.316162,11.295392312410357
53.0,3.517172,11.605022673471272
53.0,3.718182,11.914645380254507
53.0,3.919192,12.224280246508664
53.0,4.120202,12.531461914974965
53.0,4.321212,12.836661806584724
53.0,4.522222,13.138923698422087
53.0,4.723232,13.441189703815304
53.0,4.924242,13.74345955134363
53.0,5.125253,13.9973709062392
53.0,5.326263,14.222033479457682
53.0,5.527273,14.44669820565393
53.0,5.728283,14.67512408011211
53.0,5.929293,14.9265366415812
53.0,6.130303,15.235123243646557
53.0,6.331313,15.574733159839013
53.0,6.532323,15.914345344485426
53.0,6.733333,16.242240974990946
53.0,6.934343,16.511236378771155
53.0,7.135354,16.780236075388025
53.0,7.336364,17.038999563712075
53.0,7.537374,17.25143304174981
53.0,7.738384,17.463884732452133
53.0,7.939394,17.676334343536226
53.0,8.140404,17.859599525031328
53.0,8.341414,18.030270621491596
53.0,8.542424,18.200944846592982
53.0,8.743434,18.36531339200429
53.0,8.944444,18.506799243071075
53.0,9.145455,18.649666571967387
53.0,9.346465,18.78568839585282
53.0,9.547475,18.897199868237337
53.0,9.748485,19.008712728104864
53.0,9.949495,19.12022695274334
53.0,10.15051,19.222290795009776
53.0,10.35152,19.321178127192407
53.0,10.55253,19.42007607387402
53.0,10.75354,19.514304501757017
53.0,10.95455,19.595693220564268
53.0,11.15556,19.67788186941091
53.0,11.35657,19.755321214154687
53.0,11.55758,19.820051770303557
53.0,11.75859,19.88478287611259
53.0,11.9596,19.949514526872655
53.0,12.16061,20.01166043267192
53.0,12.36162,20.073147594081078
53.0,12.56263,20.134635050445734
53.0,12.76364,20.193543187711672
53.0,12.96465,20.24685242691166
53.0,13.16566,20.30043148820636
53.0,13.36667,20.35140124521078
53.0,13.56768,20.39702227473253
53.0,13.76869,20.442633482612564
53.0,13.9697,20.488254867957014
53.0,14.17071,20.53315816301605
53.0,14.37172,20.57793187382997
53.0,14.57273,20.62271568632367
53.0,14.77374,20.665989623916378
53.0,14.97475,20.70666370372666
53.0,15.17576,20.747397624667496
53.0,15.37677,20.7865817896288
53.0,15.57778,20.823256332294072
53.0,15.77879,20.859930964259952
53.0,15.9798,20.896605684981168
53.0,16.18081,20.933011509030447
53.0,16.38182,20.969387502872262
53.0,16.58283,21.00576355108804
53.0,16.78384,21.041079566294158
53.0,16.98485,21.074905518413427
53.0,17.18586,21.108741370711076
53.0,17.38687,21.141457297073483
53.0,17.58788,21.172703316410065
53.0,17.78889,21.20394939658428
53.0,17.9899,21.235195537291666
53.0,18.19091,21.266272357812504
53.0,18.39192,21.297339253162157
53.0,18.59293,21.32840618994106
53.0,18.79394,21.35860324392794
53.0,18.99495,21.387820423069947
53.0,19.19596,21.417027539046227
53.0,19.39697,21.445294817670433
53.0,19.59798,21.472562265809987
53.0,19.79899,21.499839746194596
53.0,20.0,21.52710725880517
53.3,0.1,4.399534967425558
53.3,0.3010101,6.092875295897025
53.3,0.5020202,6.817836472813766
53.3,0.7030303,7.277805907947685
53.3,0.9040404,7.669611040555125
53.3,1.105051,8.014445990136942
53.3,1.306061,8.332692818068601
53.3,1.507071,8.650970607447396
53.3,1.708081,8.95451057478938
53.3,1.909091,9.253146523376328
53.3,2.110101,9.546157449840878
53.3,2.311111,9.829058133901464
53.3,2.512121,10.111963066930286
53.3,2.713131,10.40998202641417
53.3,2.914141,10.708547061396095
53.3,3.115152,11.013449297529418
53.3,3.316162,11.3230671983531
53.3,3.517172,11.6326976264845
53.3,3.718182,11.942330387280583
53.3,3.919192,12.251955307964648
53.3,4.120202,12.557182876583743
53.3,4.321212,12.859441204490443
53.3,4.522222,13.161703896993787
53.3,4.723232,13.463970660137756
53.3,4.924242,13.766251224175424
53.3,5.125253,14.020163242112709
53.3,5.326263,14.244816439781916
53.3,5.527273,14.469481766145586
53.3,5.728283,14.694149125043058
53.3,5.929293,14.918818424648562
53.3,6.130303,15.21799748142286
53.3,6.331313,15.55760769212812
53.3,6.532323,15.897220161147738
53.3,6.733333,16.236834746757943
53.3,6.934343,16.576451318900308
53.3,7.135354,16.830415939986754
53.3,7.336364,17.04284239243878
53.3,7.537374,17.2552873322879
53.3,7.738384,17.46773045014616
53.3,7.939394,17.680181449276972
53.3,8.140404,17.86344764390924
53.3,8.341414,18.03411958656195
53.3,8.542424,18.20479464130342
53.3,8.743434,18.37547271948532
53.3,8.944444,18.546153739472746
53.3,9.145455,18.674018380940566
53.3,9.346465,18.785528757001394
53.3,9.547475,18.897040543302925
53.3,9.748485,19.00855371339888
53.3,9.949495,19.120068244663944
53.3,10.15051,19.222132317239296
53.3,10.35152,19.32102985277422
53.3,10.55253,19.419918001261102
53.3,10.75354,19.518816752882145
53.3,10.95455,19.617706098992713
53.3,11.15556,19.69016575727013
53.3,11.35657,19.75489589783083
53.3,11.55758,19.819616593409485
53.3,11.75859,19.88434783818088
53.3,11.9596,19.94907962701328
53.3,12.16061,20.01122564167657
53.3,12.36162,20.07271290473498
53.3,12.56263,20.134210460876943
53.3,12.76364,20.19569830880528
53.3,12.96465,20.2571864446559
53.3,13.16566,20.305596765596643
53.3,13.36667,20.351217681622646
53.3,13.56768,20.396828776963545
53.3,13.76869,20.442450050672427
53.3,13.9697,20.488061501586007
53.3,14.17071,20.53297484869792
53.3,14.37172,20.57774860912309
53.3,14.57273,20.622522471158938
53.3,14.77374,20.667306434089532
53.3,14.97475,20.712080497373645
53.3,15.17576,20.74977486721231
53.3,15.37677,20.786449357418103
53.3,15.57778,20.823123937267354
53.3,15.77879,20.85979860621351
53.3,15.9798,20.89647336386067
53.3,16.18081,20.932879217740208
53.3,16.38182,20.969255240497784
53.3,16.58283,21.005631317607573
53.3,16.78384,21.042007448710013
53.3,16.98485,21.07838363356523
53.3,17.18586,21.11000957968105
53.3,17.38687,21.14125556293214
53.3,17.58788,21.17250160721732
53.3,17.78889,21.2037477122676
53.3,17.9899,21.234993877778646
53.3,18.19091,21.26607071909099
53.3,18.39192,21.297137635001256
53.3,18.59293,21.328204592280496
53.3,18.79394,21.359271590748957
53.3,18.99495,21.390338630226424
53.3,19.19596,21.41770602150278
53.3,19.39697,21.44497345340788
53.3,19.59798,21.472240917659484
53.3,19.79899,21.499508414199056
53.3,20.0,21.526775942872003
53.599999999999994,0.1,4.420498915865304
53.599999999999994,0.3010101,6.124031777628663
53.599999999999994,0.5020202,6.8536976545453046
53.599999999999994,0.7030303,7.3154030719270615
53.599999999999994,0.9040404,7.703388678580647
53.599999999999994,1.105051,8.052233846776183
53.599999999999994,1.306061,8.367559427433212
53.599999999999994,1.507071,8.684957262078644
53.599999999999994,1.708081,8.988578478315917
53.599999999999994,1.909091,9.283473430632942
53.599999999999994,2.110101,9.574190656061562
53.599999999999994,2.311111,9.858966275272113
53.599999999999994,2.512121,10.142049495910381
53.599999999999994,2.713131,10.439779478713307
53.599999999999994,2.914141,10.69084738666655
53.599999999999994,3.115152,10.972379276677696
53.599999999999994,3.316162,11.281996393177078
53.599999999999994,3.517172,11.62262658251009
53.599999999999994,3.718182,11.983957421529595
53.599999999999994,3.919192,12.283512835579936
53.599999999999994,4.120202,12.582395156851975
53.599999999999994,4.321212,12.881233934321141
53.599999999999994,4.522222,13.18349761129087
53.599999999999994,4.723232,13.485765308195168
53.599999999999994,4.924242,13.788036760650463
53.599999999999994,5.125253,14.041949587315656
53.599999999999994,5.326263,14.26661354076381
53.599999999999994,5.527273,14.491279597769887
53.599999999999994,5.728283,14.71872773915745
53.599999999999994,5.929293,14.963148330056034
53.599999999999994,6.130303,15.2692684251007
53.599999999999994,6.331313,15.60887947677235
53.599999999999994,6.532323,15.948492743682694
53.599999999999994,6.733333,16.274958399999814
53.599999999999994,6.934343,16.535218968793863
53.599999999999994,7.135354,16.795494184064864
53.599999999999994,7.336364,17.047114804771592
53.599999999999994,7.537374,17.2595612262806
53.599999999999994,7.738384,17.472005789007266
53.599999999999994,7.939394,17.684458196411477
53.599999999999994,8.140404,17.867725454762844
53.599999999999994,8.341414,18.0383983069339
53.599999999999994,8.542424,18.209074253414272
53.599999999999994,8.743434,18.372865667500747
53.599999999999994,8.944444,18.511668380888768
53.599999999999994,9.145455,18.651702262484303
53.599999999999994,9.346465,18.785498991963113
53.599999999999994,9.547475,18.897011087421145
53.599999999999994,9.748485,19.008524564648038
53.599999999999994,9.949495,19.12003939790492
53.599999999999994,10.15051,19.22210370568592
53.599999999999994,10.35152,19.32100145257516
53.599999999999994,10.55253,19.419889810250798
53.599999999999994,10.75354,19.514069017790845
53.599999999999994,10.95455,19.59526949124427
53.599999999999994,11.15556,19.677209921405254
53.599999999999994,11.35657,19.754460595880637
53.599999999999994,11.55758,19.819191428841673
53.599999999999994,11.75859,19.883922810311805
53.599999999999994,11.9596,19.948654734959934
53.599999999999994,12.16061,20.0107908592906
53.599999999999994,12.36162,20.07228822408203
53.599999999999994,12.56263,20.13377588275027
53.599999999999994,12.76364,20.192734361299106
53.599999999999994,12.96465,20.24621423122721
53.599999999999994,13.16566,20.29994392762822
53.599999999999994,13.36667,20.351024143917847
53.599999999999994,13.56768,20.396635304489127
53.599999999999994,13.76869,20.442256642690808
53.599999999999994,13.9697,20.487878157759116
53.599999999999994,14.17071,20.53278155707591
53.599999999999994,14.37172,20.57755536726124
53.599999999999994,14.57273,20.622339278785347
53.599999999999994,14.77374,20.665623464047652
53.599999999999994,14.97475,20.70632804016333
53.599999999999994,15.17576,20.747102454423516
53.599999999999994,15.37677,20.78631694654423
53.599999999999994,15.57778,20.8229915628785
53.599999999999994,15.77879,20.85966626825497
53.599999999999994,15.9798,20.896341062169967
53.599999999999994,16.18081,20.932746945746565
53.599999999999994,16.38182,20.969122997379472
53.599999999999994,16.58283,21.005499103226004
53.599999999999994,16.78384,21.040785286393394
53.599999999999994,16.98485,21.07457155541359
53.599999999999994,17.18586,21.10836772149946
53.599999999999994,17.38687,21.141053844456795
53.599999999999994,17.58788,21.17229991331045
53.599999999999994,17.78889,21.203546042893095
53.599999999999994,17.9899,21.234792232900965
53.599999999999994,18.19091,21.265869094937813
53.599999999999994,18.39192,21.296936031319156
53.599999999999994,18.59293,21.328003009010608
53.599999999999994,18.79394,21.35816015284267
53.599999999999994,18.99495,21.38729747560625
53.599999999999994,19.19596,21.416424734087283
53.599999999999994,19.39697,21.44465210093487
53.599999999999994,19.59798,21.471919581147333
53.599999999999994,19.79899,21.49918709354376
53.599999999999994,20.0,21.526454638065236
53.900000000000006,0.1,4.440844102304882
53.900000000000006,0.3010101,6.155222455050823
53.900000000000006,0.5020202,6.888168766264714
53.900000000000006,0.7030303,7.3525541011220295
53.900000000000006,0.9040404,7.745592945035801
53.900000000000006,1.105051,8.089901399296595
53.900000000000006,1.306061,8.405224135602232
53.900000000000006,1.507071,8.720164660027384
53.900000000000006,1.708081,9.01883600219951
53.900000000000006,1.909091,9.312726069989608
53.900000000000006,2.110101,9.603466278820628
53.900000000000006,2.311111,9.888240187630068
53.900000000000006,2.512121,10.174416880945556
53.900000000000006,2.713131,10.45594629423662
53.900000000000006,2.914141,10.706593865728179
53.900000000000006,3.115152,11.016566423546715
53.900000000000006,3.316162,11.384026066959295
53.900000000000006,3.517172,11.711911700150193
53.900000000000006,3.718182,12.011464482471945
53.900000000000006,3.919192,12.311021511776975
53.900000000000006,4.120202,12.609905470361582
53.900000000000006,4.321212,12.90833810152989
53.900000000000006,4.522222,13.20677381813087
53.900000000000006,4.723232,13.507560293014338
53.900000000000006,4.924242,13.80983262210851
53.900000000000006,5.125253,14.06374624742048
53.900000000000006,5.326263,14.2884109509201
53.900000000000006,5.527273,14.525578067835802
53.900000000000006,5.728283,14.769997438371567
53.900000000000006,5.929293,15.014428782671859
53.900000000000006,6.130303,15.32054969904177
53.900000000000006,6.331313,15.660161579037416
53.900000000000006,6.532323,15.947546880896432
53.900000000000006,6.733333,16.20780655980815
53.900000000000006,6.934343,16.46808100709681
53.900000000000006,7.135354,16.728359999919185
53.900000000000006,7.336364,16.988643331922546
53.900000000000006,7.537374,17.2489308054169
53.900000000000006,7.738384,17.476281400425652
53.900000000000006,7.939394,17.688735213208606
53.900000000000006,8.140404,17.872013530422187
53.900000000000006,8.341414,18.04268729020809
53.900000000000006,8.542424,18.190772629078666
53.900000000000006,8.743434,18.32957365490813
53.900000000000006,8.944444,18.468366683828112
53.900000000000006,9.145455,18.608400400138798
53.900000000000006,9.346465,18.74889566899765
53.900000000000006,9.547475,18.88940294896799
53.900000000000006,9.748485,19.00849548966385
53.900000000000006,9.949495,19.12001062601386
53.900000000000006,10.15051,19.222075167849603
53.900000000000006,10.35152,19.32096312596661
53.900000000000006,10.55253,19.40643243070713
53.900000000000006,10.75354,19.48763255465869
53.900000000000006,10.95455,19.568823255030637
53.900000000000006,11.15556,19.650763794832464
53.900000000000006,11.35657,19.73292470342758
53.900000000000006,11.55758,19.815086188732625
53.900000000000006,11.75859,19.883497818773694
53.900000000000006,11.9596,19.948219879298268
53.900000000000006,12.16061,20.010366112852935
53.900000000000006,12.36162,20.07185358013878
53.900000000000006,12.56263,20.12686272017808
53.900000000000006,12.76364,20.18034241786634
53.900000000000006,12.96465,20.23382234044239
53.900000000000006,13.16566,20.28755206398024
53.900000000000006,13.36667,20.341341931489705
53.900000000000006,13.56768,20.39513203247041
53.900000000000006,13.76869,20.442063259474274
53.900000000000006,13.9697,20.48768483874452
53.900000000000006,14.17071,20.53258829010598
53.900000000000006,14.37172,20.577362149998766
53.900000000000006,14.57273,20.618646520027305
53.900000000000006,14.77374,20.659351046826746
53.900000000000006,14.97475,20.700065661922693
53.900000000000006,15.17576,20.74084010961529
53.900000000000006,15.37677,20.78161461360857
53.900000000000006,15.57778,20.822399210218393
53.900000000000006,15.77879,20.859523945973805
53.900000000000006,15.9798,20.896198776087672
53.900000000000006,16.18081,20.932604689332585
53.900000000000006,16.38182,20.96898076985116
53.900000000000006,16.58283,21.002996955499615
53.900000000000006,16.78384,21.036783199713305
53.900000000000006,16.98485,21.07056949715549
53.900000000000006,17.18586,21.104365690192754
53.900000000000006,17.38687,21.138151926278795
53.900000000000006,17.58788,21.171948217920054
53.900000000000006,17.78889,21.203344383819722
53.900000000000006,17.9899,21.234590598238327
53.900000000000006,18.19091,21.26566748102072
53.900000000000006,18.39192,21.296734437858213
53.900000000000006,18.59293,21.325941694357642
53.900000000000006,18.79394,21.355068996841204
53.900000000000006,18.99495,21.384206334120044
53.900000000000006,19.19596,21.413333606358858
53.900000000000006,19.39697,21.44245091229807
53.900000000000006,19.59798,21.47157825427123
53.900000000000006,19.79899,21.49886578101992
53.900000000000006,20.0,21.52613334138075
54.2,0.1,4.460091272804799
54.2,0.3010101,6.185844471974045
54.2,0.5020202,6.9226842831121145
54.2,0.7030303,7.388063023003718
54.2,0.9040404,7.782181897679561
54.2,1.105051,8.126500623198739
54.2,1.306061,8.440622060617468
54.2,1.507071,8.754153172983349
54.2,1.708081,9.052598382359763
54.2,1.909091,9.34599231204547
54.2,2.110101,9.636568092678026
54.2,2.311111,9.924228285365993
54.2,2.512121,10.21233090016039
54.2,2.713131,10.521942301473917
54.2,2.914141,10.829767503879447
54.2,3.115152,11.14031323390248
54.2,3.316162,11.439858361426376
54.2,3.517172,11.739408333330276
54.2,3.718182,12.038972782077744
54.2,3.919192,12.338531389362625
54.2,4.120202,12.63741694971764
54.2,4.321212,12.935841173591028
54.2,4.522222,13.234278402917946
54.2,4.723232,13.532718438769118
54.2,4.924242,13.831618808403544
54.2,5.125253,14.088013282379416
54.2,5.326263,14.332439234171918
54.2,5.527273,14.576857337979314
54.2,5.728283,14.821277484319486
54.2,5.929293,15.06569957696809
54.2,6.130303,15.35987211913932
54.2,6.331313,15.6201357194375
54.2,6.532323,15.88039446589611
54.2,6.733333,16.140668107551836
54.2,6.934343,16.40094641107216
54.2,7.135354,16.66122916057839
54.2,7.336364,16.921516149598887
54.2,7.537374,17.181807185489145
54.2,7.738384,17.44209208768514
54.2,7.939394,17.693012497328237
54.2,8.140404,17.86988450980017
54.2,8.341414,18.008671701841354
54.2,8.542424,18.147470990118407
54.2,8.743434,18.286272327395967
54.2,8.944444,18.42507566736693
54.2,9.145455,18.56509921374715
54.2,9.346465,18.705604137464146
54.2,9.547475,18.84610108108682
54.2,9.748485,18.986609999973208
54.2,9.949495,19.11998192748847
54.2,10.15051,19.21759696101519
54.2,10.35152,19.298796141333195
54.2,10.55253,19.3799859108885
54.2,10.75354,19.46118626254012
54.2,10.95455,19.542387189932377
54.2,11.15556,19.624327838327247
54.2,11.35657,19.706488822218535
54.2,11.55758,19.788640383136414
54.2,11.75859,19.870802514765906
54.2,11.9596,19.94779505912402
54.2,12.16061,20.007521935722984
54.2,12.36162,20.061001232332657
54.2,12.56263,20.11448075731913
54.2,12.76364,20.167950508442143
54.2,12.96465,20.22143048311789
54.2,13.16566,20.27517023360872
54.2,13.36667,20.32896012279207
54.2,13.56768,20.38274024564511
54.2,13.76869,20.43653059949473
54.2,13.9697,20.487491544441582
54.2,14.17071,20.530965218835764
54.2,14.37172,20.571669606717848
54.2,14.57273,20.612384083816604
54.2,14.77374,20.653088649804797
54.2,14.97475,20.69379330405756
54.2,15.17576,20.734567785199463
54.2,15.37677,20.775352321667658
54.2,15.57778,20.816136950744333
54.2,15.77879,20.85691167196852
54.2,15.9798,20.896066505531092
54.2,16.18081,20.931432471169117
54.2,16.38182,20.965218636766494
54.2,16.58283,20.998994856140378
54.2,16.78384,21.032781128843183
54.2,16.98485,21.066567454693224
54.2,17.18586,21.100363674703058
54.2,17.38687,21.134149937497877
54.2,17.58788,21.16794625581146
54.2,17.78889,21.20174262940878
54.2,17.9899,21.234388973861734
54.2,18.19091,21.264596001261985
54.2,18.39192,21.293723248196496
54.2,18.59293,21.322850530266827
54.2,18.79394,21.351977847295114
54.2,18.99495,21.38111519908461
54.2,19.19596,21.41023248512894
54.2,19.39697,21.439359804717295
54.2,19.59798,21.468487160360674
54.2,19.79899,21.49761455191286
54.2,20.0,21.525812052818264
54.5,0.1,4.479032786217985
54.5,0.3010101,6.215825182123173
54.5,0.5020202,6.957522613636057
54.5,0.7030303,7.423840833286623
54.5,0.9040404,7.813522413375761
54.5,1.105051,8.162110021929523
54.5,1.306061,8.474446715817086
54.5,1.507071,8.787977772981385
54.5,1.708081,9.086450555070819
54.5,1.909091,9.367341351731307
54.5,2.110101,9.632871738207331
54.5,2.311111,9.920931602857971
54.5,2.512121,10.229606024427865
54.5,2.713131,10.54321909937662
54.5,2.914141,10.860185390984
54.5,3.115152,11.16714079661665
54.5,3.316162,11.466669167132347
54.5,3.517172,11.76622019003812
54.5,3.718182,12.065775633558852
54.5,3.919192,12.36533517259131
54.5,4.120202,12.664221710580579
54.5,4.321212,12.962656916746182
54.5,4.522222,13.261095081608891
54.5,4.723232,13.559536008048932
54.5,4.924242,13.855650559206946
54.5,5.125253,14.102796098534553
54.5,5.326263,14.337534010077519
54.5,5.527273,14.581962626710883
54.5,5.728283,14.82638327282062
54.5,5.929293,15.07080584522688
54.5,6.130303,15.369945560386665
54.5,6.331313,15.653984061065852
54.5,6.532323,15.914253399372004
54.5,6.733333,16.174517605561235
54.5,6.934343,16.434796446465924
54.5,7.135354,16.695079705024224
54.5,7.336364,16.955367180263103
54.5,7.537374,17.215658679712
54.5,7.738384,17.475954023543746
54.5,7.939394,17.698700988780047
54.5,8.140404,17.877020784760955
54.5,8.341414,18.02397737165024
54.5,8.542424,18.16277705604819
54.5,8.743434,18.301578781736776
54.5,8.944444,18.440382502609214
54.5,9.145455,18.580406585534703
54.5,9.346465,18.720912095818253
54.5,9.547475,18.86140961648508
54.5,9.748485,19.00191910227781
54.5,9.949495,19.12022426685074
54.5,10.15051,19.221560506695283
54.5,10.35152,19.306949913129998
54.5,10.55253,19.38813980504323
54.5,10.75354,19.46934027711349
54.5,10.95455,19.550541323019168
54.5,11.15556,19.632482136339377
54.5,11.35657,19.714643296363455
54.5,11.55758,19.79679503172316
54.5,11.75859,19.878957335538992
54.5,11.9596,19.94744027498569
54.5,12.16061,20.00973692671917
54.5,12.36162,20.06481599308933
54.5,12.56263,20.11829561091904
54.5,12.76364,20.171775454224196
54.5,12.96465,20.225245520825656
54.5,13.16566,20.27898537737985
54.5,13.36667,20.33277537437456
54.5,13.56768,20.386555604375243
54.5,13.76869,20.44034606501326
54.5,13.9697,20.487338267477575
54.5,14.17071,20.53232221450803
54.5,14.37172,20.57363662080566
54.5,14.57273,20.61434113874506
54.5,14.77374,20.65505574520826
54.5,14.97475,20.69576043986465
54.5,15.17576,20.736534966095267
54.5,15.37677,20.77730954824439
54.5,15.57778,20.818094222725446
54.5,15.77879,20.858878989085515
54.5,15.9798,20.89597425924313
54.5,16.18081,20.932350455108704
54.5,16.38182,20.96637665956643
54.5,16.58283,21.000162903473658
54.5,16.78384,21.033949200703905
54.5,16.98485,21.06772555103191
54.5,17.18586,21.101521797533973
54.5,17.38687,21.135318086876453
54.5,17.58788,21.16910443174468
54.5,17.78889,21.20290083170894
54.5,17.9899,21.234237392143392
54.5,18.19091,21.26524456476717
54.5,18.39192,21.29446182693895
54.5,18.59293,21.32359912534715
54.5,18.79394,21.352726458724913
54.5,18.99495,21.381853826871644
54.5,19.19596,21.41098113023307
54.5,19.39697,21.44010846717221
54.5,19.59798,21.469225840168
54.5,19.79899,21.498353248973565
54.5,20.0,21.52554084451899
54.8,0.1,4.498719232219429
54.8,0.3010101,6.245016771977602
54.8,0.5020202,6.991368819729213
54.8,0.7030303,7.45907525829069
54.8,0.9040404,7.85412388203392
54.8,1.105051,8.197919703914241
54.8,1.306061,8.509993696865536
54.8,1.507071,8.82208811020323
54.8,1.708081,9.090506259603659
54.8,1.909091,9.343795773048713
54.8,2.110101,9.618941038109517
54.8,2.311111,9.93587482768534
54.8,2.512121,10.252820533079005
54.8,2.713131,10.569766444257723
54.8,2.914141,10.886718930631428
54.8,3.115152,11.193673174729824
54.8,3.316162,11.493175593713728
54.8,3.517172,11.792684559630645
54.8,3.718182,12.092240655823346
54.8,3.919192,12.391800811044552
54.8,4.120202,12.690688012252952
54.8,4.321212,12.989123905868038
54.8,4.522222,13.287142907446874
54.8,4.723232,13.581826121772405
54.8,4.924242,13.87651186723227
54.8,5.125253,14.123657983432507
54.8,5.326263,14.342048781142855
54.8,5.527273,14.563970896973892
54.8,5.728283,14.808401903293811
54.8,5.929293,15.052824827798826
54.8,6.130303,15.35196500056408
54.8,6.331313,15.680790218819656
54.8,6.532323,15.998592169536982
54.8,6.733333,16.258865250498115
54.8,6.934343,16.519142977604396
54.8,7.135354,16.77942513729213
54.8,7.336364,17.039711525120293
54.8,7.537374,17.289925496082414
54.8,7.738384,17.496076754833478
54.8,7.939394,17.702224500968214
54.8,8.140404,17.88055496997118
54.8,8.341414,18.04686979471831
54.8,8.542424,18.20738753349652
54.8,8.743434,18.346189679620963
54.8,8.944444,18.484983810180843
54.8,9.145455,18.625018773155688
54.8,9.346465,18.765525330556855
54.8,9.547475,18.898975153469806
54.8,9.748485,19.009620657609478
54.8,9.949495,19.12027744112048
54.8,10.15051,19.22161385856289
54.8,10.35152,19.319823717682763
54.8,10.55253,19.413594002995936
54.8,10.75354,19.494794541076335
54.8,10.95455,19.575995651714557
54.8,11.15556,19.65793665591994
54.8,11.35657,19.740088041155254
54.8,11.55758,19.817320028749545
54.8,11.75859,19.882252617093222
54.8,11.9596,19.94718570972486
54.8,12.16061,20.00948246469885
54.8,12.36162,20.07112032459027
54.8,12.56263,20.130208958814926
54.8,12.76364,20.183688913324204
54.8,12.96465,20.237169091313856
54.8,13.16566,20.29089909203063
54.8,13.36667,20.34468924006889
54.8,13.56768,20.395770240404566
54.8,13.76869,20.44150263845033
54.8,13.9697,20.487245182914315
54.8,14.17071,20.532219176590917
54.8,14.37172,20.577073496868085
54.8,14.57273,20.62041796149891
54.8,14.77374,20.661132609154368
54.8,14.97475,20.701837344813608
54.8,15.17576,20.7426119218628
54.8,15.37677,20.783396555957225
54.8,15.57778,20.822581464329183
54.8,15.77879,20.859246741567148
54.8,15.9798,20.895912093970075
54.8,16.18081,20.93227831707556
54.8,16.38182,20.968614679309326
54.8,16.58283,21.00390103130904
54.8,16.78384,21.03768735106165
54.8,16.98485,21.071473723799087
54.8,17.18586,21.10526999655057
54.8,17.38687,21.139056312393915
54.8,17.58788,21.171712733146688
54.8,17.78889,21.202909270263774
54.8,17.9899,21.234095858769862
54.8,18.19091,21.265113049600934
54.8,18.39192,21.296120305137574
54.8,18.59293,21.326257607344917
54.8,18.79394,21.355384957957405
54.8,18.99495,21.38451234328794
54.8,19.19596,21.413639665812852
54.8,19.39697,21.44276702191149
54.8,19.59798,21.47094448913793
54.8,19.79899,21.49812206827349
54.8,20.0,21.525299679209674
55.099999999999994,0.1,4.517498797508568
55.099999999999994,0.3010101,6.274133221292063
55.099999999999994,0.5020202,7.0248667086111425
55.099999999999994,0.7030303,7.494172735033775
55.099999999999994,0.9040404,7.885507064114389
55.099999999999994,1.105051,8.234494887028745
55.099999999999994,1.306061,8.547038896918183
55.099999999999994,1.507071,8.861711755427716
55.099999999999994,1.708081,9.166307784863609
55.099999999999994,1.909091,9.452572712649479
55.099999999999994,2.110101,9.718148789143655
55.099999999999994,2.311111,10.006326310582685
55.099999999999994,2.512121,10.294370017121736
55.099999999999994,2.713131,10.596309180618235
55.099999999999994,2.914141,10.913267719828468
55.099999999999994,3.115152,11.220220664274922
55.099999999999994,3.316162,11.51971361735787
55.099999999999994,3.517172,11.819219281975768
55.099999999999994,3.718182,12.118717464471025
55.099999999999994,3.919192,12.418256811229833
55.099999999999994,4.120202,12.717144666239836
55.099999999999994,4.321212,13.013322244413898
55.099999999999994,4.522222,13.307993354760226
55.099999999999994,4.723232,13.602677138518123
55.099999999999994,4.924242,13.897363423758517
55.099999999999994,5.125253,14.144510110776732
55.099999999999994,5.326263,14.362911490655849
55.099999999999994,5.527273,14.581304637816938
55.099999999999994,5.728283,14.799699474239675
55.099999999999994,5.929293,15.034843914395559
55.099999999999994,6.130303,15.333984543810118
55.099999999999994,6.331313,15.662810264414599
55.099999999999994,6.532323,15.991639000714116
55.099999999999994,6.733333,16.320470571798488
55.099999999999994,6.934343,16.60348988507281
55.099999999999994,7.135354,16.863770949790876
55.099999999999994,7.336364,17.087311674189312
55.099999999999994,7.537374,17.293457217230518
55.099999999999994,7.738384,17.499599457446234
55.099999999999994,7.939394,17.70574816236987
55.099999999999994,8.140404,17.88407930314988
55.099999999999994,8.341414,18.05040467231235
55.099999999999994,8.542424,18.216722334086178
55.099999999999994,8.743434,18.38305222441371
55.099999999999994,8.944444,18.52959603978886
55.099999999999994,9.145455,18.66963187378947
55.099999999999994,9.346465,18.788383434010235
55.099999999999994,9.547475,18.899027884026186
55.099999999999994,9.748485,19.00968363464489
55.099999999999994,9.949495,19.12033066234531
55.099999999999994,10.15051,19.221667257137067
55.099999999999994,10.35152,19.319877270479108
55.099999999999994,10.55253,19.418097816746684
55.099999999999994,10.75354,19.516308888343364
55.099999999999994,10.95455,19.60144016324479
55.099999999999994,11.15556,19.683381357062412
55.099999999999994,11.35657,19.752123028759712
55.099999999999994,11.55758,19.817065238483437
55.099999999999994,11.75859,19.88199795620019
55.099999999999994,11.9596,19.946931177361705
55.099999999999994,12.16061,20.00922803549091
55.099999999999994,12.36162,20.070865991743183
55.099999999999994,12.56263,20.132494234736388
55.099999999999994,12.76364,20.19413276103139
55.099999999999994,12.96465,20.2490827772451
55.099999999999994,13.16566,20.30282292163992
55.099999999999994,13.36667,20.349934757109313
55.099999999999994,13.56768,20.395667064663794
55.099999999999994,13.76869,20.441409519355556
55.099999999999994,13.9697,20.48714212042343
55.099999999999994,14.17071,20.532126160497263
55.099999999999994,14.37172,20.576970525476728
55.099999999999994,14.57273,20.621814981008672
55.099999999999994,14.77374,20.666669526487645
55.099999999999994,14.97475,20.707914284494695
55.099999999999994,15.17576,20.748688912269298
55.099999999999994,15.37677,20.785844013241125
55.099999999999994,15.57778,20.8225092478816
55.099999999999994,15.77879,20.859174557970086
55.099999999999994,15.9798,20.895839943110417
55.099999999999994,16.18081,20.93221619327829
55.099999999999994,16.38182,20.968552581983502
55.099999999999994,16.58283,21.004889019258265
55.099999999999994,16.78384,21.041225504889105
55.099999999999994,16.98485,21.0752219113158
55.099999999999994,17.18586,21.109008210349693
55.099999999999994,17.38687,21.140384657991547
55.099999999999994,17.58788,21.171581165407332
55.099999999999994,17.78889,21.202767724412077
55.099999999999994,17.9899,21.233964334620406
55.099999999999994,18.19091,21.264981543705073
55.099999999999994,18.39192,21.295978817316605
55.099999999999994,18.59293,21.326986125860493
55.099999999999994,18.79394,21.357983469261185
55.099999999999994,18.99495,21.387170870975954
55.099999999999994,19.19596,21.4162982126446
55.099999999999994,19.39697,21.443515739456675
55.099999999999994,19.59798,21.47069330140403
55.099999999999994,19.79899,21.497880895158136
55.099999999999994,20.0,21.525058520662636
55.400000000000006,0.1,4.537630479640497
55.400000000000006,0.3010101,6.303478395190867
55.400000000000006,0.5020202,7.057134704267717
55.400000000000006,0.7030303,7.529727930864376
55.400000000000006,0.9040404,7.9263959458656315
55.400000000000006,1.105051,8.271822135383173
55.400000000000006,1.306061,8.586820769696638
55.400000000000006,1.507071,8.901496224043916
55.400000000000006,1.708081,9.206074771005333
55.400000000000006,1.909091,9.507269474734583
55.400000000000006,2.110101,9.797438054051238
55.400000000000006,2.311111,10.084272611871336
55.400000000000006,2.512121,10.372416949928075
55.400000000000006,2.713131,10.660495776711008
55.400000000000006,2.914141,10.94641754071703
55.400000000000006,3.115152,11.2198165792081
55.400000000000006,3.316162,11.519309513716232
55.400000000000006,3.517172,11.818815160927526
55.400000000000006,3.718182,12.118313326829758
55.400000000000006,3.919192,12.447184192769457
55.400000000000006,4.120202,12.739201810302223
55.400000000000006,4.321212,13.033880715113604
55.400000000000006,4.522222,13.32856244743463
55.400000000000006,4.723232,13.623246820334982
55.400000000000006,4.924242,13.917933669465823
55.400000000000006,5.125253,14.165080949562581
55.400000000000006,5.326263,14.383472940641203
55.400000000000006,5.527273,14.601866675256462
55.400000000000006,5.728283,14.820272076673824
55.400000000000006,5.929293,15.041458545607282
55.400000000000006,6.130303,15.33816963542575
55.400000000000006,6.331313,15.666996071001108
55.400000000000006,6.532323,15.99582549065828
55.400000000000006,6.733333,16.324657715471034
55.400000000000006,6.934343,16.640466584704356
55.400000000000006,7.135354,16.884842910598543
55.400000000000006,7.336364,17.0909725389518
55.400000000000006,7.537374,17.29711908239525
55.400000000000006,7.738384,17.503262300291887
55.400000000000006,7.939394,17.709411956676384
55.400000000000006,8.140404,17.887743775183175
55.400000000000006,8.341414,18.05406970174812
55.400000000000006,8.542424,18.220387909295564
55.400000000000006,8.743434,18.386718334198616
55.400000000000006,8.944444,18.546442232447646
55.400000000000006,9.145455,18.67783255718094
55.400000000000006,9.346465,18.788475934235596
55.400000000000006,9.547475,18.899120632363147
55.400000000000006,9.748485,19.009776626659864
55.400000000000006,9.949495,19.120423896699275
55.400000000000006,10.15051,19.221770669251086
55.400000000000006,10.35152,19.319980838479857
55.400000000000006,10.55253,19.418191539270524
55.400000000000006,10.75354,19.51641276273369
55.400000000000006,10.95455,19.609944532781267
55.400000000000006,11.15556,19.686946315974197
55.400000000000006,11.35657,19.751878142556798
55.400000000000006,11.55758,19.816810481129327
55.400000000000006,11.75859,19.881743327830904
55.400000000000006,11.9596,19.946676676566828
55.400000000000006,12.16061,20.00897363732318
55.400000000000006,12.36162,20.070611690733873
55.400000000000006,12.56263,20.132250029620117
55.400000000000006,12.76364,20.193878650994296
55.400000000000006,12.96465,20.25292816899999
55.400000000000006,13.16566,20.304099330414203
55.400000000000006,13.36667,20.349831546574933
55.400000000000006,13.56768,20.39556391073344
55.400000000000006,13.76869,20.44130642177825
55.400000000000006,13.9697,20.487039078952435
55.400000000000006,14.17071,20.532023165462032
55.400000000000006,14.37172,20.57686757501299
55.400000000000006,14.57273,20.621722074830178
55.400000000000006,14.77374,20.666566664589627
55.400000000000006,14.97475,20.709881523087716
55.400000000000006,15.17576,20.74911658781377
55.400000000000006,15.37677,20.78578177947794
55.400000000000006,15.57778,20.822447046875507
55.400000000000006,15.77879,20.85911238960473
55.400000000000006,15.9798,20.895777807272935
55.400000000000006,16.18081,20.932144084601383
55.400000000000006,16.38182,20.968480499702803
55.400000000000006,16.58283,21.004826963212896
55.400000000000006,16.78384,21.041163475060124
55.400000000000006,16.98485,21.076400083720287
55.400000000000006,17.18586,21.109056601318297
55.400000000000006,17.38687,21.140253078852957
55.400000000000006,17.58788,21.171439608141686
55.400000000000006,17.78889,21.20263618876233
55.400000000000006,17.9899,21.233832820620194
55.400000000000006,18.19091,21.264840047978506
55.400000000000006,18.39192,21.295847339551564
55.400000000000006,18.59293,21.3268446660826
55.400000000000006,18.79394,21.357852027278184
55.400000000000006,18.99495,21.387939497456244
55.400000000000006,19.19596,21.416097000023953
55.400000000000006,19.39697,21.44327454460535
55.400000000000006,19.59798,21.47045212115643
55.400000000000006,19.79899,21.497629729523968
55.400000000000006,20.0,21.524817369512956
55.7,0.1,4.556419193241697
55.7,0.3010101,6.3327602031724535
55.7,0.5020202,7.090877042616846
55.7,0.7030303,7.5645065650365435
55.7,0.9040404,7.9632268834747375
55.7,1.105051,8.309110254095096
55.7,1.306061,8.624794735187674
55.7,1.507071,8.940275937511997
55.7,1.708081,9.243411981606162
55.7,1.909091,9.538953530194673
55.7,2.110101,9.828341035011503
55.7,2.311111,10.106092028844866
55.7,2.512121,10.388207853736269
55.7,2.713131,10.654351115091208
55.7,2.914141,10.894981147342435
55.7,3.115152,11.165501313693285
55.7,3.316162,11.49709560104425
55.7,3.517172,11.858845437700754
55.7,3.718182,12.180080787987745
55.7,3.919192,12.472918825881552
55.7,4.120202,12.764556996123108
55.7,4.321212,13.055376334737165
55.7,4.522222,13.348538619609128
55.7,4.723232,13.643223637611053
55.7,4.924242,13.937911097649017
55.7,5.125253,14.18505902692894
55.7,5.326263,14.403461676973487
55.7,5.527273,14.621856052994648
55.7,5.728283,14.852459709242375
55.7,5.929293,15.089973810834818
55.7,6.130303,15.386685953931677
55.7,6.331313,15.715513516027094
55.7,6.532323,16.044354006041544
55.7,6.733333,16.32257376963796
55.7,6.934343,16.57511566486379
55.7,7.135354,16.82766171351236
55.7,7.336364,17.08021173262708
55.7,7.537374,17.30105108635834
55.7,7.738384,17.50719527225915
55.7,7.939394,17.71334587268327
55.7,8.140404,17.891678382431028
55.7,8.341414,18.05800488797859
55.7,8.542424,18.224323662551676
55.7,8.743434,18.36934915583941
55.7,8.944444,18.505828207129625
55.7,9.145455,18.64338794511149
55.7,9.346465,18.78137903745989
55.7,9.547475,18.89930336889419
55.7,9.748485,19.009959603991877
55.7,9.949495,19.120607110568617
55.7,10.15051,19.221944062982768
55.7,10.35152,19.320164391382175
55.7,10.55253,19.418375249967383
55.7,10.75354,19.503436732201823
55.7,10.95455,19.58441877910889
55.7,11.15556,19.666100797105255
55.7,11.35657,19.747973193238167
55.7,11.55758,19.816565757917097
55.7,11.75859,19.88149873064689
55.7,11.9596,19.946442205567926
55.7,12.16061,20.008739269650405
55.7,12.36162,20.07036742045887
55.7,12.56263,20.13200585549693
55.7,12.76364,20.187086162697224
55.7,12.96465,20.240667042391067
55.7,13.16566,20.294497750371924
55.7,13.36667,20.348378590036585
55.7,13.56768,20.39547077850261
55.7,13.76869,20.441203345253022
55.7,13.9697,20.486946057674967
55.7,14.17071,20.53192019066971
55.7,14.37172,20.57677464476903
55.7,14.57273,20.62161918912083
55.7,14.77374,20.662904244181046
55.7,14.97475,20.70363944312582
55.7,15.17576,20.744434486638763
55.7,15.37677,20.785239577779542
55.7,15.57778,20.82238486250091
55.7,15.77879,20.85904023755149
55.7,15.9798,20.895705687349476
55.7,16.18081,20.93208199160905
55.7,16.38182,20.968418433063498
55.7,16.58283,21.004754922905818
55.7,16.78384,21.038721567147338
55.7,16.98485,21.072458267448894
55.7,17.18586,21.106204866882926
55.7,17.38687,21.139951502677263
55.7,17.58788,21.17130806228973
55.7,17.78889,21.20250466444292
55.7,17.9899,21.23369131775886
55.7,18.19091,21.2647085632143
55.7,18.39192,21.295715872720358
55.7,18.59293,21.326713217131406
55.7,18.79394,21.355840748906694
55.7,18.99495,21.38489831756662
55.7,19.19596,21.413955822940146
55.7,19.39697,21.44300335852829
55.7,19.59798,21.47021094918243
55.7,19.79899,21.49738857198795
55.7,20.0,21.52457622637888
56.0,0.1,4.575525869162892
56.0,0.3010101,6.361791743565188
56.0,0.5020202,7.124820536484813
56.0,0.7030303,7.599962650360966
56.0,0.9040404,7.994488269591883
56.0,1.105051,8.345273963302311
56.0,1.306061,8.660955247154307
56.0,1.507071,8.975875544703477
56.0,1.708081,9.274197731611569
56.0,1.909091,9.56915397506999
56.0,2.110101,9.858488133202098
56.0,2.311111,10.136238205449052
56.0,2.512121,10.417788489643396
56.0,2.713131,10.71846054712834
56.0,2.914141,10.959790848735203
56.0,3.115152,11.26393294159902
56.0,3.316162,11.620146197166497
56.0,3.517172,11.912979567951835
56.0,3.718182,12.205815507182189
56.0,3.919192,12.498653830735973
56.0,4.120202,12.790292572800942
56.0,4.321212,13.08111265202009
56.0,4.522222,13.371935432159239
56.0,4.723232,13.66321078081364
56.0,4.924242,13.95789884484916
56.0,5.125253,14.205047414296587
56.0,5.326263,14.425940209893215
56.0,5.527273,14.663461458905202
56.0,5.728283,14.900974598168071
56.0,5.929293,15.138499536370235
56.0,6.130303,15.435212718768472
56.0,6.331313,15.752155683228121
56.0,6.532323,16.00469164631714
56.0,6.733333,16.25723209549697
56.0,6.934343,16.50977682231786
56.0,7.135354,16.7623256347321
56.0,7.336364,17.014878351972577
56.0,7.537374,17.267434800392355
56.0,7.738384,17.511128393944688
56.0,7.939394,17.71728993679893
56.0,8.140404,17.895613136503766
56.0,8.341414,18.055791652320238
56.0,8.542424,18.19225765520658
56.0,8.743434,18.328735373013444
56.0,8.944444,18.465204769390727
56.0,9.145455,18.602774436298514
56.0,9.346465,18.740755306073837
56.0,9.547475,18.87874788080415
56.0,9.748485,19.010142629621043
56.0,9.949495,19.120790373183972
56.0,10.15051,19.222127504955193
56.0,10.35152,19.315928031137716
56.0,10.55253,19.39691920924678
56.0,10.75354,19.477910927815557
56.0,10.95455,19.558893179696963
56.0,11.15556,19.64057529777972
56.0,11.35657,19.72244776344761
56.0,11.55758,19.804320765092704
56.0,11.75859,19.881264167528872
56.0,11.9596,19.94619776773339
56.0,12.16061,20.008494935574674
56.0,12.36162,20.067663805277974
56.0,12.56263,20.121244315172742
56.0,12.76364,20.174825028675162
56.0,12.96465,20.22840594403305
56.0,13.16566,20.282236664120497
56.0,13.36667,20.336127510827847
56.0,13.56768,20.39000856827089
56.0,13.76869,20.441110291019893
56.0,13.9697,20.486843058845086
56.0,14.17071,20.53182723807837
56.0,14.37172,20.575201914411917
56.0,14.57273,20.615936992529793
56.0,14.77374,20.656662148151202
56.0,14.97475,20.697397380639742
56.0,15.17576,20.738192452502055
56.0,15.37677,20.77899757126562
56.0,15.57778,20.819792770850988
56.0,15.77879,20.8589780999637
56.0,15.9798,20.895643581907
56.0,16.18081,20.932009913218828
56.0,16.38182,20.96729642883889
56.0,16.58283,21.001033061351563
56.0,16.78384,21.034769740062536
56.0,16.98485,21.068506464676787
56.0,17.18586,21.102253087096553
56.0,17.38687,21.135999745709185
56.0,17.58788,21.169746452419147
56.0,17.78889,21.202373149435935
56.0,17.9899,21.233559824206324
56.0,18.19091,21.264577087803694
56.0,18.39192,21.29468448881153
56.0,18.59293,21.32375200944074
56.0,18.79394,21.35280956146122
56.0,18.99495,21.38186714472392
56.0,19.19596,21.4109146642189
56.0,19.39697,21.43997221372089
56.0,19.59798,21.46901979572777
56.0,19.79899,21.497147421214823
56.0,20.0,21.52432509007418
56.3,0.1,4.593423361285103
56.3,0.3010101,6.389629827585318
56.3,0.5020202,7.156954606415512
56.3,0.7030303,7.633691525148845
56.3,0.9040404,8.034085181069765
56.3,1.105051,8.3807175599844
56.3,1.306061,8.695275844115516
56.3,1.507071,9.009855772249026
56.3,1.708081,9.308073775149344
56.3,1.909091,9.60085122838247
56.3,2.110101,9.889755618192712
56.3,2.311111,10.171699625785623
56.3,2.512121,10.453639705565227
56.3,2.713131,10.75468990525168
56.3,2.914141,11.056408828580334
56.3,3.115152,11.35303974440336
56.3,3.316162,11.64588068498387
56.3,3.517172,11.938714372384961
56.3,3.718182,12.23155060404219
56.3,3.919192,12.524399203390123
56.3,4.120202,12.81602850822618
56.3,4.321212,13.106849317182162
56.3,4.522222,13.397672790176687
56.3,4.723232,13.688498755736846
56.3,4.924242,13.979337055281029
56.3,5.125253,14.236943623791925
56.3,5.326263,14.474463817551685
56.3,5.527273,14.711975959928157
56.3,5.728283,14.949499955656542
56.3,5.929293,15.187015721568528
56.3,6.130303,15.434275951988788
56.3,6.331313,15.686810257736411
56.3,6.532323,15.939349191551406
56.3,6.733333,16.191892534265058
56.3,6.934343,16.44444008406282
56.3,7.135354,16.69699165121619
56.3,7.336364,16.9495370544493
56.3,7.537374,17.20209612466405
56.3,7.738384,17.454658704383142
56.3,7.939394,17.707224641367528
56.3,8.140404,17.878703183747856
56.3,8.341414,18.015167777048738
56.3,8.542424,18.151644123132336
56.3,8.743434,18.288112184545653
56.3,8.944444,18.424591922393407
56.3,9.145455,18.56215151504068
56.3,9.346465,18.700142155483714
56.3,9.547475,18.838124509352102
56.3,9.748485,18.976118539400108
56.3,9.949495,19.114104208410744
56.3,10.15051,19.209411128283058
56.3,10.35152,19.29040196766299
56.3,10.55253,19.371393352650475
56.3,10.75354,19.45238527775091
56.3,10.95455,19.533367735775236
56.3,11.15556,19.61504995353752
56.3,11.35657,19.696922487675952
56.3,11.55758,19.778795558513984
56.3,11.75859,19.860679158663437
56.3,11.9596,19.94255328138546
56.3,12.16061,20.001822286305107
56.3,12.36162,20.055402627076628
56.3,12.56263,20.108983173030598
56.3,12.76364,20.162563922537043
56.3,12.96465,20.21615487394227
56.3,13.16566,20.269985606079576
56.3,13.36667,20.32386645994371
56.3,13.56768,20.377747524516423
56.3,13.76869,20.431628798223105
56.3,13.9697,20.48551027932318
56.3,14.17071,20.52822473430955
56.3,14.37172,20.56895976841147
56.3,14.57273,20.609684880368906
56.3,14.77374,20.65042006954215
56.3,14.97475,20.69115533556241
56.3,15.17576,20.731950435840936
56.3,15.37677,20.77274558224812
56.3,15.57778,20.81355080923312
56.3,15.77879,20.854356116444734
56.3,15.9798,20.895161503450744
56.3,16.18081,20.929607955760716
56.3,16.38182,20.963344566397552
56.3,16.58283,20.99709122328282
56.3,16.78384,21.030827926329376
56.3,16.98485,21.064564675246405
56.3,17.18586,21.09831132067584
56.3,17.38687,21.132058002095523
56.3,17.58788,21.16580473151465
56.3,17.78889,21.19955150877255
56.3,17.9899,21.233298333606687
56.3,18.19091,21.262595775317173
56.3,18.39192,21.291653279204077
56.3,18.59293,21.320710814521302
56.3,18.79394,21.34976838117317
56.3,18.99495,21.378825979063237
56.3,19.19596,21.40787351256081
56.3,19.39697,21.43693107608099
56.3,19.59798,21.465978672011033
56.3,19.79899,21.495036300187156
56.3,20.0,21.524083960509575
56.599999999999994,0.1,4.610999487866547
56.599999999999994,0.3010101,6.41696392477524
56.599999999999994,0.5020202,7.188611440709171
56.599999999999994,0.7030303,7.666758142483427
56.599999999999994,0.9040404,8.063156709955587
56.599999999999994,1.105051,8.414625707525921
56.599999999999994,1.306061,8.727772855909398
56.599999999999994,1.507071,9.041932942079189
56.599999999999994,1.708081,9.34024891189197
56.599999999999994,1.909091,9.600908881917976
56.599999999999994,2.110101,9.922074550245586
56.599999999999994,2.311111,10.204017457086142
56.599999999999994,2.512121,10.499198141352542
56.599999999999994,2.713131,10.800923995873514
56.599999999999994,2.914141,11.0893749159238
56.599999999999994,3.115152,11.379318393268154
56.599999999999994,3.316162,11.670747588048723
56.599999999999994,3.517172,11.963581723034077
56.599999999999994,3.718182,12.256418379329883
56.599999999999994,3.919192,12.549257376901357
56.599999999999994,4.120202,12.840897403910347
56.599999999999994,4.321212,13.131719128183752
56.599999999999994,4.522222,13.422543471880218
56.599999999999994,4.723232,13.712940727645647
56.599999999999994,4.924242,14.000003673176991
56.599999999999994,5.125253,14.24046636840419
56.599999999999994,5.326263,14.456042527313226
56.599999999999994,5.527273,14.693555026645098
56.599999999999994,5.728283,14.931079370262816
56.599999999999994,5.929293,15.16860547271924
56.599999999999994,6.130303,15.458907230236838
56.599999999999994,6.331313,15.767508273825191
56.599999999999994,6.532323,16.020046468561155
56.599999999999994,6.733333,16.272589073271124
56.599999999999994,6.934343,16.52513588829349
56.599999999999994,7.135354,16.777686721062235
56.599999999999994,7.336364,17.03024139405593
56.599999999999994,7.537374,17.28279974001041
56.599999999999994,7.738384,17.525456825220466
56.599999999999994,7.939394,17.726148271464286
56.599999999999994,8.140404,17.900319374017613
56.599999999999994,8.341414,18.05762353274249
56.599999999999994,8.542424,18.194100121671372
56.599999999999994,8.743434,18.3305684192043
56.599999999999994,8.944444,18.467048384941194
56.599999999999994,9.145455,18.604608616410395
56.599999999999994,9.346465,18.742600042749004
56.599999999999994,9.547475,18.88058316636395
56.599999999999994,9.748485,19.011738591169216
56.599999999999994,9.949495,19.121417401322535
56.599999999999994,10.15051,19.222125284503075
56.599999999999994,10.35152,19.315536359337358
56.599999999999994,10.55253,19.396517813614214
56.599999999999994,10.75354,19.477509806498976
56.599999999999994,10.95455,19.558502330861508
56.599999999999994,11.15556,19.64017472904876
56.599999999999994,11.35657,19.722057474497404
56.599999999999994,11.55758,19.803930754391583
56.599999999999994,11.75859,19.88086464565378
56.599999999999994,11.9596,19.945799222672274
56.599999999999994,12.16061,20.00821712680227
56.599999999999994,12.36162,20.06747649996437
56.599999999999994,12.56263,20.121067146445075
56.599999999999994,12.76364,20.17464799589267
56.599999999999994,12.96465,20.228229046674024
56.599999999999994,13.16566,20.282059908356157
56.599999999999994,13.36667,20.33594089747154
56.599999999999994,13.56768,20.389822096548787
56.599999999999994,13.76869,20.440934095540232
56.599999999999994,13.9697,20.486697389620307
56.599999999999994,14.17071,20.531782003913865
56.599999999999994,14.37172,20.575226970240337
56.599999999999994,14.57273,20.615952116846262
56.599999999999994,14.77374,20.656687340506856
56.599999999999994,14.97475,20.697412640942336
56.599999999999994,15.17576,20.73820778433736
56.599999999999994,15.37677,20.77901297483183
56.599999999999994,15.57778,20.819818245829037
56.599999999999994,15.77879,20.858973745259085
56.599999999999994,15.9798,20.895569545517805
56.599999999999994,16.18081,20.93193611754844
56.599999999999994,16.38182,20.967212787362463
56.599999999999994,16.58283,21.00094946479438
56.599999999999994,16.78384,21.034686188280666
56.599999999999994,16.98485,21.068432957464772
56.599999999999994,17.18586,21.10217962666787
56.599999999999994,17.38687,21.1359263321015
56.599999999999994,17.58788,21.169673085482962
56.599999999999994,17.78889,21.20224994574623
56.599999999999994,17.9899,21.233346925395743
56.599999999999994,18.19091,21.264324428122826
56.599999999999994,18.39192,21.294411968479487
56.599999999999994,18.59293,21.32346951827949
56.599999999999994,18.79394,21.352527099338538
56.599999999999994,18.99495,21.381584711561278
56.599999999999994,19.19596,21.41064226113264
56.599999999999994,19.39697,21.439689840758867
56.599999999999994,19.59798,21.468747452714393
56.599999999999994,19.79899,21.496825141154492
56.599999999999994,20.0,21.52390290556846
56.900000000000006,0.1,4.629168875167591
56.900000000000006,0.3010101,6.4444988259089975
56.900000000000006,0.5020202,7.2192413173063255
56.900000000000006,0.7030303,7.700241372154574
56.900000000000006,0.9040404,8.101993584062221
56.900000000000006,1.105051,8.448799669748787
56.900000000000006,1.306061,8.761945432133388
56.900000000000006,1.507071,9.074841339805372
56.900000000000006,1.708081,9.361984051219471
56.900000000000006,1.909091,9.614039243228069
56.900000000000006,2.110101,9.954392711787051
56.900000000000006,2.311111,10.24371359037161
56.900000000000006,2.512121,10.5398788428702
56.900000000000006,2.713131,10.82826573133344
56.900000000000006,2.914141,11.116646248117034
56.900000000000006,3.115152,11.406463054078158
56.900000000000006,3.316162,11.697763548516539
56.900000000000006,3.517172,11.989076335689818
56.900000000000006,3.718182,12.281286680044603
56.900000000000006,3.919192,12.574126062155717
56.900000000000006,4.120202,12.86576679855421
56.900000000000006,4.321212,13.156589423655058
56.900000000000006,4.522222,13.445127107010622
56.900000000000006,4.723232,13.732198586525726
56.900000000000006,4.924242,14.019262080274466
56.900000000000006,5.125253,14.25972536921998
56.900000000000006,5.326263,14.47200295651581
56.900000000000006,5.527273,14.68427204699479
56.900000000000006,5.728283,14.912658893779835
56.900000000000006,5.929293,15.150185334494113
56.900000000000006,6.130303,15.440487545074985
56.900000000000006,6.331313,15.759434038140686
56.900000000000006,6.532323,16.078383546468945
56.900000000000006,6.733333,16.35328585083942
56.900000000000006,6.934343,16.605831933390576
56.900000000000006,7.135354,16.858382036402467
56.900000000000006,7.336364,17.11093598305618
56.900000000000006,7.537374,17.32804578879671
56.900000000000006,7.738384,17.528732596944955
56.900000000000006,7.939394,17.729424803033403
56.900000000000006,8.140404,17.903596426389498
56.900000000000006,8.341414,18.066310829299276
56.900000000000006,8.542424,18.229037022273058
56.900000000000006,8.743434,18.37302537418367
56.900000000000006,8.944444,18.509495561825652
56.900000000000006,9.145455,18.647066425217634
56.900000000000006,9.346465,18.785058627896458
56.900000000000006,9.547475,18.902274451736012
56.900000000000006,9.748485,19.011942270836492
56.900000000000006,9.949495,19.12162130365005
56.900000000000006,10.15051,19.222329348802987
56.900000000000006,10.35152,19.320020616635222
56.900000000000006,10.55253,19.417712391197547
56.900000000000006,10.75354,19.502644504440195
56.900000000000006,10.95455,19.58363709448742
56.900000000000006,11.15556,19.665309671749192
56.900000000000006,11.35657,19.747182628194576
56.900000000000006,11.55758,19.81577633146415
56.900000000000006,11.75859,19.880710563326076
56.900000000000006,11.9596,19.945645252964937
56.900000000000006,12.16061,20.0080632466728
56.900000000000006,12.36162,20.06984224048135
56.900000000000006,12.56263,20.13162149474348
56.900000000000006,12.76364,20.18672217260483
56.900000000000006,12.96465,20.240303322332153
56.900000000000006,13.16566,20.29413431313195
56.900000000000006,13.36667,20.348015437113432
56.900000000000006,13.56768,20.395128223447205
56.900000000000006,13.76869,20.44089143549107
56.900000000000006,13.9697,20.48666477683787
56.900000000000006,14.17071,20.53173943006167
56.900000000000006,14.37172,20.57669437695518
56.900000000000006,14.57273,20.62164940345618
56.900000000000006,14.77374,20.66295464071397
56.900000000000006,14.97475,20.703679975399613
56.900000000000006,15.17576,20.74447516183322
56.900000000000006,15.37677,20.785280396453164
56.900000000000006,15.57778,20.822366046959882
56.900000000000006,15.77879,20.85896180906711
56.900000000000006,15.9798,20.895557637808846
56.900000000000006,16.18081,20.931924233546766
56.900000000000006,16.38182,20.968260952445537
56.900000000000006,16.58283,21.004597714887147
56.900000000000006,16.78384,21.038554464141075
56.900000000000006,16.98485,21.07229125368986
56.900000000000006,17.18586,21.10603794667021
56.900000000000006,17.38687,21.139784676084297
56.900000000000006,17.58788,21.171061578542943
56.900000000000006,17.78889,21.20216853359411
56.900000000000006,17.9899,21.233265532257043
56.900000000000006,18.19091,21.264233051014077
56.900000000000006,18.39192,21.295200625336413
56.900000000000006,18.59293,21.326168229557087
56.900000000000006,18.79394,21.355295826417308
56.900000000000006,18.99495,21.38435345298933
56.900000000000006,19.19596,21.41340101865308
56.900000000000006,19.39697,21.44245861433584
56.900000000000006,19.59798,21.46955633100979
56.900000000000006,19.79899,21.496634078908404
56.900000000000006,20.0,21.523711856620782
57.2,0.1,4.6467299620302205
57.2,0.3010101,6.4719600678254405
57.2,0.5020202,7.251138852185406
57.2,0.7030303,7.732999173757267
57.2,0.9040404,8.136072083912106
57.2,1.105051,8.483099229829795
57.2,1.306061,8.795436108376341
57.2,1.507071,9.10736053763177
57.2,1.708081,9.405059264421284
57.2,1.909091,9.697441703640255
57.2,2.110101,9.988240806917426
57.2,2.311111,10.278770125497127
57.2,2.512121,10.567152434594643
57.2,2.713131,10.855538702679564
57.2,2.914141,11.143918622288114
57.2,3.115152,11.433608624657351
57.2,3.316162,11.724919729957358
57.2,3.517172,12.016223094684229
57.2,3.718182,12.307538558717392
57.2,3.919192,12.59899525776523
57.2,4.120202,12.890257122254253
57.2,4.321212,13.177314795828227
57.2,4.522222,13.464384724480421
57.2,4.723232,13.751456770004035
57.2,4.924242,14.038520803829035
57.2,5.125253,14.278984681145404
57.2,5.326263,14.491262875572987
57.2,5.527273,14.703532555192686
57.2,5.728283,14.915813651306676
57.2,5.929293,15.131765304678643
57.2,6.130303,15.422067967363352
57.2,6.331313,15.741014963713486
57.2,6.532323,16.059964957452536
57.2,6.733333,16.37891777610708
57.2,6.934343,16.68652821709167
57.2,7.135354,16.929952630819486
57.2,7.336364,17.130628880910077
57.2,7.537374,17.331320896861474
57.2,7.738384,17.532008481903656
57.2,7.939394,17.732701446317602
57.2,8.140404,17.9068735892409
57.2,8.341414,18.069588406997426
57.2,8.542424,18.23231500711043
57.2,8.743434,18.39503334305845
57.2,8.944444,18.551953449100647
57.2,9.145455,18.68312557966618
57.2,9.346465,18.792801136589738
57.2,9.547475,18.902467948111852
57.2,9.748485,19.012145991946824
57.2,9.949495,19.121825247178162
57.2,10.15051,19.222533454758665
57.2,10.35152,19.320224862584478
57.2,10.55253,19.41791677639424
57.2,10.75354,19.51560918731677
57.2,10.95455,19.608762026174762
57.2,11.15556,19.68575486248583
57.2,11.35657,19.750688281035725
57.2,11.55758,19.815622164596224
57.2,11.75859,19.880556509175584
57.2,11.9596,19.945491310279056
57.2,12.16061,20.007909394528347
57.2,12.36162,20.069688471956823
57.2,12.56263,20.13145781011872
57.2,12.76364,20.193237406009995
57.2,12.96465,20.252387700631946
57.2,13.16566,20.303559405404847
57.2,13.36667,20.349322403912797
57.2,13.56768,20.395095533244334
57.2,13.76869,20.440858792782873
57.2,13.9697,20.486622181540614
57.2,14.17071,20.53169687356644
57.2,14.37172,20.576651857663464
57.2,14.57273,20.621606921122428
57.2,14.77374,20.66656206350795
57.2,14.97475,20.70994733907478
57.2,15.17576,20.749162714162583
57.2,15.37677,20.785758370704695
57.2,15.57778,20.82235409448757
57.2,15.77879,20.858949885156335
57.2,15.9798,20.895555742290306
57.2,16.18081,20.931912361783542
57.2,16.38182,20.96824910376459
57.2,16.58283,21.00458588920908
57.2,16.78384,21.040922717891394
57.2,16.98485,21.076159563824927
57.2,17.18586,21.10877633865902
57.2,17.38687,21.13987322524755
57.2,17.58788,21.17098015569656
57.2,17.78889,21.20207712986062
57.2,17.9899,21.23318414746999
57.2,18.19091,21.26415168222298
57.2,18.39192,21.29511927233973
57.2,18.59293,21.326086892309057
57.2,18.79394,21.35704454205006
57.2,18.99495,21.387112203409963
57.2,19.19596,21.415219828696834
57.2,19.39697,21.44229753008011
57.2,19.59798,21.469375261410544
57.2,19.79899,21.496453022605195
57.2,20.0,21.523530813551346
57.5,0.1,4.665379374030539
57.5,0.3010101,6.499547881437175
57.5,0.5020202,7.283254330447985
57.5,0.7030303,7.766709752977137
57.5,0.9040404,8.165932086416541
57.5,1.105051,8.517354542074274
57.5,1.306061,8.829234671719705
57.5,1.507071,9.141157084555516
57.5,1.708081,9.438782070901206
57.5,1.909091,9.71868805428051
57.5,2.110101,10.006223721726986
57.5,2.311111,10.307304709526948
57.5,2.512121,10.595685800497602
57.5,2.713131,10.884070898597846
57.5,2.914141,11.172459693568936
57.5,3.115152,11.459784080283262
57.5,3.316162,11.751095661983014
57.5,3.517172,12.04240947780695
57.5,3.718182,12.333725367713312
57.5,3.919192,12.623934399379477
57.5,4.120202,12.910171038982783
57.5,4.321212,13.196055818910187
57.5,4.522222,13.483116257930575
57.5,4.723232,13.770188789928818
57.5,4.924242,14.057263284835559
57.5,5.125253,14.297717671434924
57.5,5.326263,14.509996399823034
57.5,5.527273,14.722266593069953
57.5,5.728283,14.934548189420074
57.5,5.929293,15.158817575786683
57.5,6.130303,15.446791023545325
57.5,6.331313,15.765738901229996
57.5,6.532323,16.084689738083163
57.5,6.733333,16.403643360231214
57.5,6.934343,16.673532314670698
57.5,7.135354,16.9190561814147
57.5,7.336364,17.134163262968986
57.5,7.537374,17.334846071139598
57.5,7.738384,17.535544427977424
57.5,7.939394,17.736238146221254
57.5,8.140404,17.910410821062673
57.5,8.341414,18.07312607426911
57.5,8.542424,18.23585310173352
57.5,8.743434,18.39857185714555
57.5,8.944444,18.540954489597894
57.5,9.145455,18.676328734766862
57.5,9.346465,18.793084410501596
57.5,9.547475,18.90276144559616
57.5,9.748485,19.01242971165073
57.5,9.949495,19.122109185547327
57.5,10.15051,19.222817555525253
57.5,10.35152,19.320509107677633
57.5,10.55253,19.41820116305819
57.5,10.75354,19.515893715382234
57.5,10.95455,19.600557005568035
57.5,11.15556,19.68194043630007
57.5,11.35657,19.750554025548844
57.5,11.55758,19.815488021234827
57.5,11.75859,19.88042247722557
57.5,11.9596,19.94534738914955
57.5,12.16061,20.007765563645492
57.5,12.36162,20.069544725815955
57.5,12.56263,20.131324148278285
57.5,12.76364,20.193103827892287
57.5,12.96465,20.24822525381162
57.5,13.16566,20.302126866127328
57.5,13.36667,20.349289683218952
57.5,13.56768,20.39505285976101
57.5,13.76869,20.440816166183307
57.5,13.9697,20.486579601626968
57.5,14.17071,20.531664332315255
57.5,14.37172,20.576619353630566
57.5,14.57273,20.621574454140696
57.5,14.77374,20.66652963342133
57.5,14.97475,20.707825230477823
57.5,15.17576,20.748640736326735
57.5,15.37677,20.785746404452226
57.5,15.57778,20.822342156538216
57.5,15.77879,20.858947975339397
57.5,15.9798,20.8955438606862
57.5,16.18081,20.931900503750718
57.5,16.38182,20.968237268767485
57.5,16.58283,21.004574077168446
57.5,16.78384,21.04091092876342
57.5,16.98485,21.07480794930418
57.5,17.18586,21.108504884004535
57.5,17.38687,21.139791793804218
57.5,17.58788,21.17089874313202
57.5,17.78889,21.201995736185612
57.5,17.9899,21.233102772596464
57.5,18.19091,21.264070323285438
57.5,18.39192,21.29503792914414
57.5,18.59293,21.326005564809453
57.5,18.79394,21.35696323020042
57.5,18.99495,21.386011014211377
57.5,19.19596,21.414998739181943
57.5,19.39697,21.442106454577406
57.5,19.59798,21.469184199117535
57.5,19.79899,21.496261973517946
57.5,20.0,21.52333977760753
57.8,0.1,4.682556297826603
57.8,0.3010101,6.52627240707111
57.8,0.5020202,7.314192722748903
57.8,0.7030303,7.79939867911163
57.8,0.9040404,8.204283931094599
57.8,1.105051,8.551832855381235
57.8,1.306061,8.863706468410433
57.8,1.507071,9.175600565108684
57.8,1.708081,9.440416793791965
57.8,1.909091,9.688922944877383
57.8,2.110101,9.978742941862677
57.8,2.311111,10.336461480659471
57.8,2.512121,10.624841120045904
57.8,2.713131,10.913224832644136
57.8,2.914141,11.19812466241383
57.8,3.115152,11.485505677783769
57.8,3.316162,11.77681759344686
57.8,3.517172,12.067964747999712
57.8,3.718182,12.357406288310557
57.8,3.919192,12.646849700741724
57.8,4.120202,12.933086450051524
57.8,4.321212,13.217176417011766
57.8,4.522222,13.501589836427883
57.8,4.723232,13.788662810424945
57.8,4.924242,14.075727727984956
57.8,5.125253,14.31619258248072
57.8,5.326263,14.528471803462764
57.8,5.527273,14.743271688353484
57.8,5.728283,14.974188153164317
57.8,5.929293,15.205106272957549
57.8,6.130303,15.493080697205215
57.8,6.331313,15.812029633573406
57.8,6.532323,16.119177179791766
57.8,6.733333,16.364705762332424
57.8,6.934343,16.61023815737864
57.8,7.135354,16.855774198323935
57.8,7.336364,17.101313728113794
57.8,7.537374,17.338511333604746
57.8,7.738384,17.539200460362004
57.8,7.939394,17.739894929427386
57.8,8.140404,17.914068144019183
57.8,8.341414,18.076793841959706
57.8,8.542424,18.233542030952893
57.8,8.743434,18.367954500054218
57.8,8.944444,18.502358412671803
57.8,9.145455,18.637742685278873
57.8,9.346465,18.773488048252354
57.8,9.547475,18.90308496682754
57.8,9.748485,19.012763451133228
57.8,9.949495,19.122433141975165
57.8,10.15051,19.223141675594988
57.8,10.35152,19.320833372803865
57.8,10.55253,19.414095664144302
57.8,10.75354,19.494848711995946
57.8,10.95455,19.575592252884704
57.8,11.15556,19.656975764241157
57.8,11.35657,19.73854962386644
57.8,11.55758,19.815353904415204
57.8,11.75859,19.880288471613746
57.8,11.9596,19.945223493355005
57.8,12.16061,20.007631757786747
57.8,12.36162,20.06941100536759
57.8,12.56263,20.12866110215529
57.8,12.76364,20.182322710829975
57.8,12.96465,20.23597450038233
57.8,13.16566,20.289876118188133
57.8,13.36667,20.343827850398977
57.8,13.56768,20.395020203499808
57.8,13.76869,20.440783556474887
57.8,13.9697,20.486547038263552
57.8,14.17071,20.531621807752277
57.8,14.37172,20.57657686624983
57.8,14.57273,20.620012148185342
57.8,14.77374,20.660767756959725
57.8,14.97475,20.701513434627774
57.8,15.17576,20.742328964668932
57.8,15.37677,20.783144536168706
57.8,15.57778,20.82234023202193
57.8,15.77879,20.858936078909043
57.8,15.9798,20.895531992171293
57.8,16.18081,20.931898658727537
57.8,16.38182,20.968225446813317
57.8,16.58283,21.003472335453342
57.8,16.78384,21.037169347140484
57.8,16.98485,21.070856399232017
57.8,17.18586,21.104553353163993
57.8,17.38687,21.13825033831071
57.8,17.58788,21.17081733998368
57.8,17.78889,21.20191435175463
57.8,17.9899,21.233021406893783
57.8,18.19091,21.263988973482487
57.8,18.39192,21.294956595049946
57.8,18.59293,21.325004289461674
57.8,18.79394,21.3539920623677
57.8,18.99495,21.382979863123786
57.8,19.19596,21.411967601621964
57.8,19.39697,21.440945366910373
57.8,19.59798,21.469003143454703
57.8,19.79899,21.49608093094046
57.8,20.0,21.523158748140645
58.099999999999994,0.1,4.700219961630749
58.099999999999994,0.3010101,6.552618935290324
58.099999999999994,0.5020202,7.344714582636363
58.099999999999994,0.7030303,7.831366081453775
58.099999999999994,0.9040404,8.232316214184307
58.099999999999994,1.105051,8.584955883810832
58.099999999999994,1.306061,8.896993271024703
58.099999999999994,1.507071,9.20979074411269
58.099999999999994,1.708081,9.50718986352145
58.099999999999994,1.909091,9.785767178941398
58.099999999999994,2.110101,10.045896969185286
58.099999999999994,2.311111,10.327432779144168
58.099999999999994,2.512121,10.653999046477466
58.099999999999994,2.713131,10.940095470024565
58.099999999999994,2.914141,11.223502827610895
58.099999999999994,3.115152,11.511218797579778
58.099999999999994,3.316162,11.801451203859642
58.099999999999994,3.517172,12.090890534323822
58.099999999999994,3.718182,12.380331878886897
58.099999999999994,3.919192,12.6697750977776
58.099999999999994,4.120202,12.956011952585069
58.099999999999994,4.321212,13.240092209632474
58.099999999999994,4.522222,13.524184988310063
58.099999999999994,4.723232,13.808270135607696
58.099999999999994,4.924242,14.094202394232882
58.099999999999994,5.125253,14.33466771292113
58.099999999999994,5.326263,14.558653724263577
58.099999999999994,5.527273,14.78955926657521
58.099999999999994,5.728283,15.02047651147503
58.099999999999994,5.929293,15.251395382712065
58.099999999999994,6.130303,15.539380769038686
58.099999999999994,6.331313,15.81036313678005
58.099999999999994,6.532323,16.05588005841685
58.099999999999994,6.733333,16.30141091396407
58.099999999999994,6.934343,16.546945529144363
58.099999999999994,7.135354,16.79248373904107
58.099999999999994,7.336364,17.03802538824178
58.099999999999994,7.537374,17.283570330163528
58.099999999999994,7.738384,17.529118426421867
58.099999999999994,7.939394,17.743561825841592
58.099999999999994,8.140404,17.917735577951415
58.099999999999994,8.341414,18.0605343237387
58.099999999999994,8.542424,18.194945708987596
58.099999999999994,8.743434,18.32935856694745
58.099999999999994,8.944444,18.463772863787902
58.099999999999994,9.145455,18.599157159632146
58.099999999999994,9.346465,18.7349024122721
58.099999999999994,9.547475,18.870649146814557
58.099999999999994,9.748485,19.006407331261688
58.099999999999994,9.949495,19.122767140651636
58.099999999999994,10.15051,19.22346583857442
58.099999999999994,10.35152,19.308387967050475
58.099999999999994,10.55253,19.389140693471038
58.099999999999994,10.75354,19.46988391828532
58.099999999999994,10.95455,19.55063763493031
58.099999999999994,11.15556,19.632021226579173
58.099999999999994,11.35657,19.7135851390347
58.099999999999994,11.55758,19.79515954697822
58.099999999999994,11.75859,19.876724444619008
58.099999999999994,11.9596,19.945089625302025
58.099999999999994,12.16061,20.00749798046991
58.099999999999994,12.36162,20.062748864984613
58.099999999999994,12.56263,20.116410319100517
58.099999999999994,12.76364,20.170071955396256
58.099999999999994,12.96465,20.223733772421646
58.099999999999994,13.16566,20.27762539581259
58.099999999999994,13.36667,20.33157712882328
58.099999999999994,13.56768,20.385519050903508
58.099999999999994,13.76869,20.43947116035197
58.099999999999994,13.9697,20.48651449262749
58.099999999999994,14.17071,20.53158930074664
58.099999999999994,14.37172,20.57295474049348
58.099999999999994,14.57273,20.6137003092611
58.099999999999994,14.77374,20.654445947154088
58.099999999999994,14.97475,20.695201653718204
58.099999999999994,15.17576,20.73601720793793
58.099999999999994,15.37677,20.776832802868014
58.099999999999994,15.57778,20.817658469966695
58.099999999999994,15.77879,20.85848420888512
58.099999999999994,15.9798,20.89552013602686
58.099999999999994,16.18081,20.931886826120927
58.099999999999994,16.38182,20.965823763696143
58.099999999999994,16.58283,20.999520755388954
58.099999999999994,16.78384,21.033207787622622
58.099999999999994,16.98485,21.066894860208283
58.099999999999994,17.18586,21.1005918333592
58.099999999999994,17.38687,21.134298837485883
58.099999999999994,17.58788,21.167995884006697
58.099999999999994,17.78889,21.201692972596785
58.099999999999994,17.9899,21.232940049587377
58.099999999999994,18.19091,21.263907632063706
58.099999999999994,18.39192,21.292985358709192
58.099999999999994,18.59293,21.321973117665706
58.099999999999994,18.79394,21.35096090452103
58.099999999999994,18.99495,21.379958719176848
58.099999999999994,19.19596,21.408936471243578
58.099999999999994,19.39697,21.43792424999656
58.099999999999994,19.59798,21.466902057701652
58.099999999999994,19.79899,21.495889894185133
58.099999999999994,20.0,21.522967724656603
12.5,0.1,0.22401685318388437
12.5,0.3010101,0.9637817467627824
12.5,0.5020202,1.0663307914062548
12.5,0.7030303,0.8439942347463482
12.5,1.306061,2.4329531407637046
12.5,1.507071,3.1572193696287023
12.5,1.708081,3.0416494612657066
12.5,1.909091,2.867621699277329
12.5,2.110101,2.6723413739367956
12.5,2.311111,2.477974505097365
12.5,2.512121,2.2986536740774826
12.5,2.713131,2.145886203010912
12.5,2.914141,2.0275416890118882
12.5,3.115152,1.9501404411136398
12.5,3.316162,1.9276664966630406
12.5,3.517172,1.961662300859704
12.5,3.718182,2.0611409918295864
12.5,3.919192,2.2187227926651625
12.5,4.120202,2.422277512952113
12.5,4.321212,2.6674065425866993
12.5,4.522222,2.9474902464873978
12.5,4.723232,3.273047732285665
12.5,4.924242,3.6558042804954423
12.5,5.125253,4.103371593541102
12.5,5.326263,4.674899996034124
12.5,5.527273,5.361772581253939
12.5,5.728283,6.22265608489655
12.5,5.929293,7.282091897386062
12.5,6.130303,8.486561742038031
12.5,6.331313,9.7974843133098
12.5,6.532323,11.155319365135625
12.5,6.733333,12.497239026605206
12.5,6.934343,13.727062176930632
12.5,7.135354,14.808687536668362
12.5,7.336364,15.7345399439808
12.5,7.537374,16.49248890012436
12.5,7.738384,17.090559826253212
12.5,7.939394,17.545737451587836
12.5,8.140404,17.91579084884901
12.5,8.341414,18.2189864038687
12.5,8.542424,18.469657112271808
12.5,8.743434,18.678757465385985
12.5,8.944444,18.851887167808414
12.5,9.145455,19.004550091800485
12.5,9.346465,19.1402963269124
12.5,9.547475,19.26250111693937
12.5,9.748485,19.373394236965787
12.5,9.949495,19.462567133373113
12.5,10.15051,19.552672870796567
12.5,10.35152,19.65018646006433
12.5,10.55253,19.73410096998811
12.5,10.75354,19.808579311354624
12.5,10.95455,19.883242079535265
12.5,11.15556,19.951284472524982
12.5,11.35657,20.01720236453045
12.5,11.55758,20.08118542829963
12.5,11.75859,20.140465230528854
12.5,11.9596,20.199957793236848
12.5,12.16061,20.255306080717308
12.5,12.36162,20.30935760243947
12.5,12.56263,20.361972326158998
12.5,12.76364,20.411570986365767
12.5,12.96465,20.46146117127527
12.5,13.16566,20.508404781175187
12.5,13.36667,20.554380349756883
12.5,13.56768,20.599257813457854
12.5,13.76869,20.642057451223117
12.5,13.9697,20.68519783939645
12.5,14.17071,20.72614011898447
12.5,14.37172,20.76637350645429
12.5,14.57273,20.805747909711304
12.5,14.77374,20.843693389337965
12.5,14.97475,20.88192922090724
12.5,15.17576,20.918525992378214
12.5,15.37677,20.954593332079206
12.5,15.57778,20.989991161590705
12.5,15.77879,21.02437946625347
12.5,15.9798,21.05901794623337
12.5,16.18081,21.092356839950455
12.5,16.38182,21.125315988369145
12.5,16.58283,21.15773534412956
12.5,16.78384,21.189384880192843
12.5,16.98485,21.221244522458488
12.5,17.18586,21.25203431259297
12.5,17.38687,21.2825541862443
12.5,17.58788,21.31260412808859
12.5,17.78889,21.34205411827158
12.5,17.9899,21.37166419119111
12.5,18.19091,21.40034428780333
12.5,18.39192,21.42883437966673
12.5,18.59293,21.456904477998076
12.5,18.79394,21.484484572423288
12.5,18.99495,21.51218474164798
12.5,19.19596,21.539054882272332
12.5,19.39697,21.565794978597072
12.5,19.59798,21.592125060859427
12.5,19.79899,21.61804512564712
12.5,20.0,21.640295235677193
12.8,0.1,1.234951180099204
12.8,0.3010101,1.536291357594108
12.8,0.5020202,1.6561037075833038
12.8,0.7030303,0.6313537501587998
12.8,0.9040404,0.02899479368996434
12.8,1.306061,2.0087813423952854
12.8,1.507071,3.1188232668259155
12.8,1.708081,3.0154831089987866
12.8,1.909091,2.847973518552168
12.8,2.110101,2.6585114947390562
12.8,2.311111,2.469472678591304
12.8,2.512121,2.2933820257375164
12.8,2.713131,2.141745444469637
12.8,2.914141,2.0224121463441205
12.8,3.115152,1.9428067710498556
12.8,3.316162,1.9166998107034665
12.8,3.517172,1.94503667681485
12.8,3.718182,2.035496903382033
12.8,3.919192,2.180723567951203
12.8,4.120202,2.3708149029479015
12.8,4.321212,2.607188520394126
12.8,4.522222,2.8873635106141697
12.8,4.723232,3.2242049730970805
12.8,4.924242,3.63267696460294
12.8,5.125253,4.119996394353533
12.8,5.326263,4.733886986953431
12.8,5.527273,5.445550094308509
12.8,5.728283,6.319562830890162
12.8,5.929293,7.381232753545289
12.8,6.130303,8.580220634355449
12.8,6.331313,9.876792653401354
12.8,6.532323,11.221827295723566
12.8,6.733333,12.547853795572669
12.8,6.934343,13.75989114669327
12.8,7.135354,14.829379964653413
12.8,7.336364,15.740906897605463
12.8,7.537374,16.49183967158354
12.8,7.738384,17.085018824540544
12.8,7.939394,17.53747176806165
12.8,8.140404,17.90639346641883
12.8,8.341414,18.208895673949538
12.8,8.542424,18.459448915249478
12.8,8.743434,18.668682953058955
12.8,8.944444,18.842088895988436
12.8,9.145455,18.995001126509056
12.8,9.346465,19.131146929576026
12.8,9.547475,19.253603873637836
12.8,9.748485,19.364789848611355
12.8,9.949495,19.464704000060053
12.8,10.15051,19.555115206511054
12.8,10.35152,19.64237613417918
12.8,10.55253,19.726356577057484
12.8,10.75354,19.801060944518866
12.8,10.95455,19.875770157412404
12.8,11.15556,19.943809405272088
12.8,11.35657,20.009894083731133
12.8,11.55758,20.074104033226266
12.8,11.75859,20.133641001013583
12.8,11.9596,20.193180911798887
12.8,12.16061,20.248526823971325
12.8,12.36162,20.30281587635731
12.8,12.56263,20.355758189535724
12.8,12.76364,20.405704607551
12.8,12.96465,20.45566279657428
12.8,13.16566,20.50259465959277
12.8,13.36667,20.54888831730725
12.8,13.56768,20.59414393514968
12.8,13.76869,20.637331891465358
12.8,13.9697,20.680520855637663
12.8,14.17071,20.721461915748833
12.8,14.37172,20.762003934879576
12.8,14.57273,20.801737043654917
12.8,14.77374,20.840021373014118
12.8,14.97475,20.878306244302024
12.8,15.17576,20.914902202315172
12.8,15.37677,20.951248639759086
12.8,15.57778,20.986945637029432
12.8,15.77879,21.021603217164333
12.8,15.9798,21.056271076024736
12.8,16.18081,21.089609445886012
12.8,16.38182,21.122798043211187
12.8,16.58283,21.155446905729004
12.8,16.78384,21.1873160214632
12.8,16.98485,21.219195274832906
12.8,17.18586,21.249984738623215
12.8,17.38687,21.28068430517058
12.8,17.58788,21.31090398330284
12.8,17.78889,21.340533756221852
12.8,17.9899,21.370153593717017
12.8,18.19091,21.39883349557346
12.8,18.39192,21.42746344108552
12.8,18.59293,21.45566342251318
12.8,18.79394,21.48337342776515
12.8,18.99495,21.51108346094145
12.8,19.19596,21.537953493198167
12.8,19.39697,21.564803542433413
12.8,19.59798,21.58940358994918
12.8,19.79899,21.611633627523823
12.8,20.0,21.6338536729008
13.100000000000001,0.1,0.5967520718845933
13.100000000000001,0.3010101,1.0503463239880586
13.100000000000001,0.5020202,1.231213170121974
13.100000000000001,0.7030303,0.8829588942638001
13.100000000000001,1.306061,2.377927298556814
13.100000000000001,1.507071,3.0871527746333207
13.100000000000001,1.708081,2.987925228336273
13.100000000000001,1.909091,2.8295686636993973
13.100000000000001,2.110101,2.6488658934208758
13.100000000000001,2.311111,2.466744453165213
13.100000000000001,2.512121,2.295420579033889
13.100000000000001,2.713131,2.1463711384456596
13.100000000000001,2.914141,2.0266272619262753
13.100000000000001,3.115152,1.942785352782464
13.100000000000001,3.316162,1.908884412141978
13.100000000000001,3.517172,1.9273015615369509
13.100000000000001,3.718182,2.0061111317742646
13.100000000000001,3.919192,2.138607123492779
13.100000000000001,4.120202,2.318651440788487
13.100000000000001,4.321212,2.552252865889165
13.100000000000001,4.522222,2.8379707571997295
13.100000000000001,4.723232,3.190074856165165
13.100000000000001,4.924242,3.626233886599103
13.100000000000001,5.125253,4.151942824891403
13.100000000000001,5.326263,4.807094373966926
13.100000000000001,5.527273,5.543327161573961
13.100000000000001,5.728283,6.431593827690923
13.100000000000001,5.929293,7.49562086644871
13.100000000000001,6.130303,8.688242900853368
13.100000000000001,6.331313,9.9668386759977
13.100000000000001,6.532323,11.297316504964082
13.100000000000001,6.733333,12.604907873615977
13.100000000000001,6.934343,13.796667526404546
13.100000000000001,7.135354,14.853149413064727
13.100000000000001,7.336364,15.748955871814005
13.100000000000001,7.537374,16.492446740218654
13.100000000000001,7.738384,17.08022783643025
13.100000000000001,7.939394,17.52954076613472
13.100000000000001,8.140404,17.897228725719767
13.100000000000001,8.341414,18.198884863900954
13.100000000000001,8.542424,18.449309935413652
13.100000000000001,8.743434,18.658687069537084
13.100000000000001,8.944444,18.83242905032554
13.100000000000001,9.145455,18.985620704114194
13.100000000000001,9.346465,19.122206268611087
13.100000000000001,9.547475,19.24493560007309
13.100000000000001,9.748485,19.356454651552557
13.100000000000001,9.949495,19.446166626487663
13.100000000000001,10.15051,19.53509380238662
13.100000000000001,10.35152,19.62962060151354
13.100000000000001,10.55253,19.719030418850195
13.100000000000001,10.75354,19.79397090645212
13.100000000000001,10.95455,19.868726785975813
13.100000000000001,11.15556,19.936763122521533
13.100000000000001,11.35657,20.002994754855713
13.100000000000001,11.55758,20.06741174678531
13.100000000000001,11.75859,20.12716604821034
13.100000000000001,11.9596,20.186753500718478
13.100000000000001,12.16061,20.242097220361373
13.100000000000001,12.36162,20.296603973477602
13.100000000000001,12.56263,20.349824038148192
13.100000000000001,12.76364,20.400078364984743
13.100000000000001,12.96465,20.450084703694696
13.100000000000001,13.16566,20.497014949964893
13.100000000000001,13.36667,20.543586815273322
13.100000000000001,13.56768,20.58917068953974
13.100000000000001,13.76869,20.63270704520795
13.100000000000001,13.9697,20.675944678297416
13.100000000000001,14.17071,20.71688460332531
13.100000000000001,14.37172,20.757715303411985
13.100000000000001,14.57273,20.79777714940013
13.100000000000001,14.77374,20.83638034412836
13.100000000000001,14.97475,20.874714308430786
13.100000000000001,15.17576,20.91129950440024
13.100000000000001,15.37677,20.94790503794169
13.100000000000001,15.57778,20.983881187268036
13.100000000000001,15.77879,21.018808018684073
13.100000000000001,15.9798,21.053495285161734
13.100000000000001,16.18081,21.086833161049096
13.100000000000001,16.38182,21.120231176437127
13.100000000000001,16.58283,21.153109505558064
13.100000000000001,16.78384,21.185198157521764
13.100000000000001,16.98485,21.21708703687889
13.100000000000001,17.18586,21.247876190983348
13.100000000000001,17.38687,21.278745406213027
13.100000000000001,17.58788,21.309144771385096
13.100000000000001,17.78889,21.338934277496733
13.100000000000001,17.9899,21.36856388714605
13.100000000000001,18.19091,21.39724360304016
13.100000000000001,18.39192,21.426013354567807
13.100000000000001,18.59293,21.454353170227886
13.100000000000001,18.79394,21.482193039285683
13.100000000000001,18.99495,21.50991294072917
13.100000000000001,19.19596,21.53678286910478
13.100000000000001,19.39697,21.563742828378626
13.100000000000001,19.59798,21.590292809219534
13.100000000000001,19.79899,21.616412805414114
13.100000000000001,20.0,21.638662793517312
58.400000000000006,0.1,4.7169919149667345
58.400000000000006,0.3010101,6.579108692808758
58.400000000000006,0.5020202,7.37388355154671
58.400000000000006,0.7030303,7.8636554705025405
58.400000000000006,0.9040404,8.269888941148862
58.400000000000006,1.105051,8.618477445469303
58.400000000000006,1.306061,8.93149074077147
58.400000000000006,1.507071,9.244288786557357
58.400000000000006,1.708081,9.541657794086857
58.400000000000006,1.909091,9.833850107084466
58.400000000000006,2.110101,10.116679740864782
58.400000000000006,2.311111,10.396774079513046
58.400000000000006,2.512121,10.678284137659261
58.400000000000006,2.713131,10.961620943205752
58.400000000000006,2.914141,11.242805351701758
58.400000000000006,3.115152,11.507738590779617
58.400000000000006,3.316162,11.79717525285869
58.400000000000006,3.517172,12.08661410410255
58.400000000000006,3.718182,12.376054994135542
58.400000000000006,3.919192,12.692263373504055
58.400000000000006,4.120202,12.978661962041537
58.400000000000006,4.321212,13.262752649714555
58.400000000000006,4.522222,13.54683584105038
58.400000000000006,4.723232,13.83092137726492
58.400000000000006,4.924242,14.11464898585462
58.400000000000006,5.125253,14.352361373459356
58.400000000000006,5.326263,14.583275784061033
58.400000000000006,5.527273,14.814181958416489
58.400000000000006,5.728283,15.04509981319066
58.400000000000006,5.929293,15.276019273242364
58.400000000000006,6.130303,15.54845023484483
58.400000000000006,6.331313,15.793974464162101
58.400000000000006,6.532323,16.039502774920656
58.400000000000006,6.733333,16.28503498250112
58.400000000000006,6.934343,16.530570913287082
58.400000000000006,7.135354,16.776110403787442
58.400000000000006,7.336364,17.021653299954213
58.400000000000006,7.537374,17.267189457032195
58.400000000000006,7.738384,17.512738736773013
58.400000000000006,7.939394,17.748527301848203
58.400000000000006,8.140404,17.913896385979363
58.400000000000006,8.341414,18.048306577763245
58.400000000000006,8.542424,18.182718270042052
58.400000000000006,8.743434,18.31713143151503
58.400000000000006,8.944444,18.451546028404383
58.400000000000006,9.145455,18.586930502681895
58.400000000000006,9.346465,18.722675887329707
58.400000000000006,9.547475,18.85842275294036
58.400000000000006,9.748485,18.994181068209667
58.400000000000006,9.949495,19.12328108601147
58.400000000000006,10.15051,19.21919042921995
58.400000000000006,10.35152,19.299942794650747
58.400000000000006,10.55253,19.380685663792267
58.400000000000006,10.75354,19.46143902997079
58.400000000000006,10.95455,19.542192887225674
58.400000000000006,11.15556,19.623566589944126
58.400000000000006,11.35657,19.705140604074693
58.400000000000006,11.55758,19.786705113382915
58.400000000000006,11.75859,19.868280111464934
58.400000000000006,11.9596,19.944925744913203
58.400000000000006,12.16061,20.00493524572717
58.400000000000006,12.36162,20.058596563541517
58.400000000000006,12.56263,20.112258064587532
58.400000000000006,12.76364,20.165919747601134
58.400000000000006,12.96465,20.219581611133524
58.400000000000006,13.16566,20.273473275309495
58.400000000000006,13.36667,20.327425047811598
58.400000000000006,13.56768,20.381377009114868
58.400000000000006,13.76869,20.43531915781117
58.400000000000006,13.9697,20.486462003186034
58.400000000000006,14.17071,20.530107155508745
58.400000000000006,14.37172,20.5708626840897
58.400000000000006,14.57273,20.611608282173663
58.400000000000006,14.77374,20.65236394923367
58.400000000000006,14.97475,20.693109685057333
58.400000000000006,15.17576,20.733925267834955
58.400000000000006,15.37677,20.774740891193577
58.400000000000006,15.57778,20.815566586617017
58.400000000000006,15.77879,20.856392353794092
58.400000000000006,15.9798,20.89551831717612
58.400000000000006,16.18081,20.930805185032433
58.400000000000006,16.38182,20.964502155878915
58.400000000000006,16.58283,20.99818916747211
58.400000000000006,16.78384,21.031876219515997
58.400000000000006,16.98485,21.065563311816145
58.400000000000006,17.18586,21.099270304858095
58.400000000000006,17.38687,21.132967328953512
58.400000000000006,17.58788,21.166664395291725
58.400000000000006,17.78889,21.20036150367206
58.400000000000006,17.9899,21.23286871596059
58.400000000000006,18.19091,21.26290644635129
58.400000000000006,18.39192,21.291904190667452
58.400000000000006,18.59293,21.320891963073798
58.400000000000006,18.79394,21.349879763374055
58.400000000000006,18.99495,21.378867591455105
58.400000000000006,19.19596,21.407845357127634
58.400000000000006,19.39697,21.436833149428953
58.400000000000006,19.59798,21.465810970705473
58.400000000000006,19.79899,21.49479882069651
58.400000000000006,20.0,21.522786725271217
58.7,0.1,4.733698182423577
58.7,0.3010101,6.605445898933929
58.7,0.5020202,7.404409886320351
58.7,0.7030303,7.895146252967878
58.7,0.9040404,8.303156865588624
58.7,1.105051,8.652107229690296
58.7,1.306061,8.965589580270414
58.7,1.507071,9.278939409146748
58.7,1.708081,9.575513005324238
58.7,1.909091,9.86435983826105
58.7,2.110101,10.146796731849676
58.7,2.311111,10.417134419304432
58.7,2.512121,10.6921635435936
58.7,2.713131,10.95268701524286
58.7,2.914141,11.186848603798127
58.7,3.115152,11.449072007931143
58.7,3.316162,11.767092669606095
58.7,3.517172,12.111990936780991
58.7,3.718182,12.42452526542637
58.7,3.919192,12.714382069756784
58.7,4.120202,13.000781037999035
58.7,4.321212,13.28486244463525
58.7,4.522222,13.568956316481717
58.7,4.723232,13.851181855137202
58.7,4.924242,14.132249111324606
58.7,5.125253,14.366903003708755
58.7,5.326263,14.573485137657828
58.7,5.527273,14.79547421667462
58.7,5.728283,15.02639235950402
58.7,5.929293,15.25731210087161
58.7,6.130303,15.539457248253317
58.7,6.331313,15.84940643408449
58.7,6.532323,16.116942689899616
58.7,6.733333,16.362474418477284
58.7,6.934343,16.60800986705099
58.7,7.135354,16.853548873020166
58.7,7.336364,17.09909128316074
58.7,7.537374,17.34462695342487
58.7,7.738384,17.555872166906703
58.7,7.939394,17.751605534138285
58.7,8.140404,17.922015140006295
58.7,8.341414,18.081496098386403
58.7,8.542424,18.22321810541753
58.7,8.743434,18.357631401861155
58.7,8.944444,18.492046129413943
58.7,9.145455,18.62742109402445
58.7,9.346465,18.76317709759875
58.7,9.547475,18.89892457108039
58.7,9.748485,19.014734306692596
58.7,9.949495,19.123485504423606
58.7,10.15051,19.22349499115614
58.7,10.35152,19.320577451350218
58.7,10.55253,19.40526039426363
58.7,10.75354,19.486013831203582
58.7,10.95455,19.566767758027307
58.7,11.15556,19.648141632777282
58.7,11.35657,19.729715847069386
58.7,11.55758,19.811280554267277
58.7,11.75859,19.879766146385286
58.7,11.9596,19.94476226232251
58.7,12.16061,20.00724144222029
58.7,12.36162,20.06909154029736
58.7,12.56263,20.124312882833948
58.7,12.76364,20.177974650598696
58.7,12.96465,20.23163659832509
58.7,13.16566,20.28552837400133
58.7,13.36667,20.33948026323758
58.7,13.56768,20.39342234063472
58.7,13.76869,20.440575848950274
58.7,13.9697,20.486409720096276
58.7,14.17071,20.531574852671923
58.7,14.37172,20.5766102634785
58.7,14.57273,20.617965870604365
58.7,14.77374,20.658711567317315
58.7,14.97475,20.69946733250293
58.7,15.17576,20.740272952804936
58.7,15.37677,20.781098614493718
58.7,15.57778,20.821924348150485
58.7,15.77879,20.858950433789452
58.7,15.9798,20.89551661525565
58.7,16.18081,20.931863512055617
58.7,16.38182,20.96818052245057
58.7,16.58283,21.002107554211186
58.7,16.78384,21.0358046244479
58.7,16.98485,21.069491734971013
58.7,17.18586,21.103188749474803
58.7,17.38687,21.13688579516136
58.7,17.58788,21.170592882961603
58.7,17.78889,21.201770143424028
58.7,17.9899,21.232797450251248
58.7,18.19091,21.263705224950975
58.7,18.39192,21.29461304875635
58.7,18.59293,21.323680836129196
58.7,18.79394,21.352668648708963
58.7,18.99495,21.381656489032608
58.7,19.19596,21.410644268436588
58.7,19.39697,21.43962207455704
58.7,19.59798,21.46860990949703
58.7,19.79899,21.49562782462756
58.7,20.0,21.52261576765861
59.0,0.1,4.7505847596059665
59.0,0.3010101,6.631578746052061
59.0,0.5020202,7.435301622110527
59.0,0.7030303,7.927441520388333
59.0,0.9040404,8.331248198785179
59.0,1.105051,8.685494078151377
59.0,1.306061,8.998972561777911
59.0,1.507071,9.31303360539097
59.0,1.708081,9.60741610178552
59.0,1.909091,9.895996580019384
59.0,2.110101,10.178379294735306
59.0,2.311111,10.44871722602629
59.0,2.512121,10.718624286023012
59.0,2.713131,10.999544784251988
59.0,2.914141,11.234256528860659
59.0,3.115152,11.526474593996525
59.0,3.316162,11.86694647718149
59.0,3.517172,12.156789555434171
59.0,3.718182,12.446644467553265
59.0,3.919192,12.736491092534099
59.0,4.120202,13.022900427312585
59.0,4.321212,13.30666243856622
59.0,4.522222,13.587715962879152
59.0,4.723232,13.868781707986395
59.0,4.924242,14.14983954395394
59.0,5.125253,14.384494002883688
59.0,5.326263,14.591086689637443
59.0,5.527273,14.797670683330168
59.0,5.728283,15.007684994588537
59.0,5.929293,15.238605016586028
59.0,6.130303,15.52075054833574
59.0,6.331313,15.830690170137743
59.0,6.532323,16.140642683606867
59.0,6.733333,16.43991402762529
59.0,6.934343,16.685448995914303
59.0,7.135354,16.930987519271547
59.0,7.336364,17.16750558811903
59.0,7.537374,17.36323038087759
59.0,7.738384,17.558949856923885
59.0,7.939394,17.754673862751137
59.0,8.140404,17.925093899670035
59.0,8.341414,18.08457519858669
59.0,8.542424,18.244057952775282
59.0,8.743434,18.398121966041202
59.0,8.944444,18.532536818563432
59.0,9.145455,18.667922267288787
59.0,9.346465,18.797429165966197
59.0,9.547475,18.906188285984445
59.0,9.748485,19.01493855713405
59.0,9.949495,19.123699959956372
59.0,10.15051,19.223709596284678
59.0,10.35152,19.320782187116674
59.0,10.55253,19.417855256320276
59.0,10.75354,19.510588790650836
59.0,10.95455,19.5913427862084
59.0,11.15556,19.672726831755767
59.0,11.35657,19.749621395577993
59.0,11.55758,19.81461678583537
59.0,11.75859,19.879602589858507
59.0,11.9596,19.944588802924628
59.0,12.16061,20.00706806047192
59.0,12.36162,20.06891823083774
59.0,12.56263,20.130768630867163
59.0,12.76364,20.19001964119798
59.0,12.96465,20.24368167278238
59.0,13.16566,20.29758355952971
59.0,13.36667,20.34884607114521
59.0,13.56768,20.394679745356413
59.0,13.76869,20.440523539025932
59.0,13.9697,20.486367451398433
59.0,14.17071,20.5315226175143
59.0,14.37172,20.576568060241385
59.0,14.57273,20.621603574184512
59.0,14.77374,20.66506921050684
59.0,14.97475,20.705815005097733
59.0,15.17576,20.746630662664167
59.0,15.37677,20.785826485367977
59.0,15.57778,20.822382571022736
59.0,15.77879,20.858948717313172
59.0,15.9798,20.895504923982916
59.0,16.18081,20.93185184158557
59.0,16.38182,20.968178872214732
59.0,16.58283,21.00449594196872
59.0,16.78384,21.039723042367775
59.0,16.98485,21.073420170993632
59.0,17.18586,21.107117206873333
59.0,17.38687,21.139654335131713
59.0,17.58788,21.17068158272647
59.0,17.78889,21.20169886843504
59.0,17.9899,21.232726191923355
59.0,18.19091,21.263643980650905
59.0,18.39192,21.294541818373194
59.0,18.59293,21.325449681971712
59.0,18.79394,21.35546754144344
59.0,18.99495,21.384455393967773
59.0,19.19596,21.413433187179074
59.0,19.39697,21.4414610323766
59.0,19.59798,21.468458932618564
59.0,19.79899,21.495446860359667
59.0,20.0,21.522444815357673
59.3,0.1,4.76711483461609
59.3,0.3010101,6.6566221169330095
59.3,0.5020202,7.464546434543184
59.3,0.7030303,7.95839657681745
59.3,0.9040404,8.368437940944775
59.3,1.105051,8.718872287832767
59.3,1.306061,9.033140199154643
59.3,1.507071,9.34743104026568
59.3,1.708081,9.64168925034696
59.3,1.909091,9.929278602599165
59.3,2.110101,10.210529129545902
59.3,2.311111,10.480376345379163
59.3,2.512121,10.750237169636105
59.3,2.713131,11.031369096674894
59.3,2.914141,11.312917948857896
59.3,3.115152,11.599215505988653
59.3,3.316162,11.88906640073928
59.3,3.517172,12.178909277899383
59.3,3.718182,12.46876399659636
59.3,3.919192,12.758610433948032
59.3,4.120202,13.04319956692485
59.3,4.321212,13.324261379607826
59.3,4.522222,13.605315527760729
59.3,4.723232,13.886371871394145
59.3,4.924242,14.167440277189574
59.3,5.125253,14.402095296404093
59.3,5.326263,14.608678535590382
59.3,5.527273,14.815273061206266
59.3,5.728283,15.021858823635815
59.3,5.929293,15.228455770577737
59.3,6.130303,15.502043936147874
59.3,6.331313,15.811983989724466
59.3,6.532323,16.121936923049322
59.3,6.733333,16.431892573984193
59.3,6.934343,16.741840792300398
59.3,7.135354,16.974871426956717
59.3,7.336364,17.170582056454265
59.3,7.537374,17.366297516532654
59.3,7.738384,17.562027643133003
59.3,7.939394,17.75775228492284
59.3,8.140404,17.928162752705443
59.3,8.341414,18.08764439295606
59.3,8.542424,18.247137480202493
59.3,8.743434,18.40662197921811
59.3,8.944444,18.566107851627898
59.3,9.145455,18.68888487776706
59.3,9.346465,18.797633038716707
59.3,9.547475,18.90639236791006
59.3,9.748485,19.015142845826592
59.3,9.949495,19.123904452398396
59.3,10.15051,19.223914238765467
59.3,10.35152,19.3209869598442
59.3,10.55253,19.41807015780582
59.3,10.75354,19.515143826519402
59.3,10.95455,19.61221795881933
59.3,11.15556,19.684462593981806
59.3,11.35657,19.749457666432754
59.3,11.55758,19.81444315556236
59.3,11.75859,19.879429057127027
59.3,11.9596,19.944415366586917
59.3,12.16061,20.006894701711058
59.3,12.36162,20.06874494430256
59.3,12.56263,20.130595416102746
59.3,12.76364,20.19244611501828
59.3,12.96465,20.25429703900061
59.3,13.16566,20.302950097046143
59.3,13.36667,20.348793692653675
59.3,13.56768,20.394637408432278
59.3,13.76869,20.440471243571128
59.3,13.9697,20.486315197184144
59.3,14.17071,20.53148039667947
59.3,14.37172,20.576515871461424
59.3,14.57273,20.621551417235935
59.3,14.77374,20.666597033468115
59.3,14.97475,20.711632719852073
59.3,15.17576,20.74925867893005
59.3,15.37677,20.78582472895171
59.3,15.57778,20.82238083990304
59.3,15.77879,20.858947011366457
59.3,15.9798,20.895503243156412
59.3,16.18081,20.931850181580927
59.3,16.38182,20.968177232490277
59.3,16.58283,21.00449432245311
59.3,16.78384,21.040821451147615
59.3,16.98485,21.07713861849058
59.3,17.18586,21.108565807744043
59.3,17.38687,21.139583034024277
59.3,17.58788,21.170610298430837
59.3,17.78889,21.20163760078734
59.3,17.9899,21.232654941008416
59.3,18.19091,21.26357274377206
59.3,18.39192,21.29448059530422
59.3,18.59293,21.325388472721418
59.3,18.79394,21.35628637598625
59.3,18.99495,21.38719430483564
59.3,19.19596,21.414292164494398
59.3,19.39697,21.441290049294352
59.3,19.59798,21.46827796163898
59.3,19.79899,21.4952759013698
59.3,20.0,21.52227386836884
59.599999999999994,0.1,4.7832011542623025
59.599999999999994,0.3010101,6.681089874425571
59.599999999999994,0.5020202,7.493345322359802
59.599999999999994,0.7030303,7.988953799572115
59.599999999999994,0.9040404,8.395332568998107
59.599999999999994,1.105051,8.750139103153966
59.599999999999994,1.306061,9.06211533873042
59.599999999999994,1.507071,9.375715435761487
59.599999999999994,1.708081,9.670089489485935
59.599999999999994,1.909091,9.954247964802706
59.599999999999994,2.110101,10.23320374037266
59.599999999999994,2.311111,10.504178169910146
59.599999999999994,2.512121,10.774140083965209
59.599999999999994,2.713131,11.05506404995239
59.599999999999994,2.914141,11.291567662657727
59.599999999999994,3.115152,11.555810321591483
59.599999999999994,3.316162,11.845651795437458
59.599999999999994,3.517172,12.16529465501318
59.599999999999994,3.718182,12.50484510943107
59.599999999999994,3.919192,12.785304818192877
59.599999999999994,4.120202,13.063762206733394
59.599999999999994,4.321212,13.341297039301473
59.599999999999994,4.522222,13.622351895678191
59.599999999999994,4.723232,13.903408916197442
59.599999999999994,4.924242,14.184477969600339
59.599999999999994,5.125253,14.419133618448514
59.599999999999994,5.326263,14.625717472247405
59.599999999999994,5.527273,14.832312593911553
59.599999999999994,5.728283,15.041468856298621
59.599999999999994,5.929293,15.266315870872193
59.599999999999994,6.130303,15.546324782798672
59.599999999999994,6.331313,15.856275879306589
59.599999999999994,6.532323,16.166219809316345
59.599999999999994,6.733333,16.464433167922873
59.599999999999994,6.934343,16.703583217240496
59.599999999999994,7.135354,16.94272648016434
59.599999999999994,7.336364,17.174018433274217
59.599999999999994,7.537374,17.369734562169658
59.599999999999994,7.738384,17.565465341809432
59.599999999999994,7.939394,17.761190621333796
59.599999999999994,8.140404,17.931601542451958
59.599999999999994,8.341414,18.091083553855846
59.599999999999994,8.542424,18.250577007203383
59.599999999999994,8.743434,18.404222187456146
59.599999999999994,8.944444,18.536719838178126
59.599999999999994,9.145455,18.670057961460422
59.599999999999994,9.346465,18.797956909512703
59.599999999999994,9.547475,18.90671644308092
59.599999999999994,9.748485,19.015467123011863
59.599999999999994,9.949495,19.124228929284318
59.599999999999994,10.15051,19.224238866983626
59.599999999999994,10.35152,19.321311721828966
59.599999999999994,10.55253,19.418395053441255
59.599999999999994,10.75354,19.511049011020877
59.599999999999994,10.95455,19.591553855865016
59.599999999999994,11.15556,19.672628741809888
59.599999999999994,11.35657,19.749303947023034
59.599999999999994,11.55758,19.814289532450346
59.599999999999994,11.75859,19.87928553008935
59.599999999999994,11.9596,19.944271935691898
59.599999999999994,12.16061,20.006751348610752
59.599999999999994,12.36162,20.0686016644604
59.599999999999994,12.56263,20.130452209116736
59.599999999999994,12.76364,20.189733486888247
59.599999999999994,12.96465,20.24347604159636
59.599999999999994,13.16566,20.29744844803938
59.599999999999994,13.36667,20.348751326427998
59.599999999999994,13.56768,20.394585083085033
59.599999999999994,13.76869,20.440428958827013
59.599999999999994,13.9697,20.486272952859125
59.599999999999994,14.17071,20.531428185922884
59.599999999999994,14.37172,20.576473692698247
59.599999999999994,14.57273,20.621509270413355
59.599999999999994,14.77374,20.664985039660984
59.599999999999994,14.97475,20.705761082938928
59.599999999999994,15.17576,20.7466069913275
59.599999999999994,15.37677,20.785822985926355
59.599999999999994,15.57778,20.82237912171783
59.599999999999994,15.77879,20.858945317934694
59.599999999999994,15.9798,20.895501574426344
59.599999999999994,16.18081,20.931848533583075
59.599999999999994,16.38182,20.968165604784076
59.599999999999994,16.58283,21.004492714847594
59.599999999999994,16.78384,21.03969992368602
59.599999999999994,16.98485,21.073347253139588
59.599999999999994,17.18586,21.10700448876325
59.599999999999994,17.38687,21.139521742985618
59.599999999999994,17.58788,21.17053902395651
59.599999999999994,17.78889,21.20156634277648
59.599999999999994,17.9899,21.232593699394652
59.599999999999994,18.19091,21.263501516132667
59.599999999999994,18.39192,21.294409381453487
59.599999999999994,18.59293,21.325317272649475
59.599999999999994,18.79394,21.35529521446255
59.599999999999994,18.99495,21.384213209762127
59.599999999999994,19.19596,21.413131144535665
59.599999999999994,19.39697,21.441119073508872
59.599999999999994,19.59798,21.46810699775354
59.599999999999994,19.79899,21.4951049493274
59.599999999999994,20.0,21.52210292819626
59.900000000000006,0.1,4.798767373823986
59.900000000000006,0.3010101,6.705615439133529
59.900000000000006,0.5020202,7.520789464218515
59.900000000000006,0.7030303,8.019247462853414
59.900000000000006,0.9040404,8.430770539472686
59.900000000000006,1.105051,8.78110402809104
59.900000000000006,1.306061,9.09307772717999
59.900000000000006,1.507071,9.404675950719746
59.900000000000006,1.708081,9.695064995036475
59.900000000000006,1.909091,9.978302501734508
59.900000000000006,2.110101,10.257295237647796
59.900000000000006,2.311111,10.528257756706392
59.900000000000006,2.512121,10.801178104568544
59.900000000000006,2.713131,11.066590234973418
59.900000000000006,2.914141,11.302704449506354
59.900000000000006,3.115152,11.594327673104152
59.900000000000006,3.316162,11.939749628931141
59.900000000000006,3.517172,12.247299987305572
59.900000000000006,3.718182,12.527758454659493
59.900000000000006,3.919192,12.808219129535027
59.900000000000006,4.120202,13.086677513592479
59.900000000000006,4.321212,13.36379475623515
59.900000000000006,4.522222,13.640913646304243
59.900000000000006,4.723232,13.920446335834303
59.900000000000006,4.924242,14.20151602787196
59.900000000000006,5.125253,14.436172298920537
59.900000000000006,5.326263,14.642756760844872
59.900000000000006,5.527273,14.860912106761402
59.900000000000006,5.728283,15.085758527158658
59.900000000000006,5.929293,15.310606193614307
59.900000000000006,6.130303,15.59061602279889
59.900000000000006,6.331313,15.900558150457453
59.900000000000006,6.532323,16.163900096109053
59.900000000000006,6.733333,16.403038631934052
59.900000000000006,6.934343,16.64219048153672
59.900000000000006,7.135354,16.881335505394286
59.900000000000006,7.336364,17.12049356926043
59.900000000000006,7.537374,17.35964454864281
59.900000000000006,7.738384,17.56890313810615
59.900000000000006,7.939394,17.764629053161116
59.900000000000006,8.140404,17.93504042654926
59.900000000000006,8.341414,18.094522809863392
59.900000000000006,8.542424,18.234887821469606
59.900000000000006,8.743434,18.367374619448427
59.900000000000006,8.944444,18.499862667515192
59.900000000000006,9.145455,18.633200871807826
59.900000000000006,9.346465,18.766869972458093
59.900000000000006,9.547475,18.90053036563791
59.900000000000006,9.748485,19.015791438780905
59.900000000000006,9.949495,19.124553444527802
59.900000000000006,10.15051,19.2245635333547
59.900000000000006,10.35152,19.32163652238914
59.900000000000006,10.55253,19.406130459747928
59.900000000000006,10.75354,19.486635003817977
59.900000000000006,10.95455,19.56712999749801
59.900000000000006,11.15556,19.648204945526256
59.900000000000006,11.35657,19.72946020665341
59.900000000000006,11.55758,19.81071592196925
59.900000000000006,11.75859,19.879132027412044
59.900000000000006,11.9596,19.944128528292058
59.900000000000006,12.16061,20.00660801908404
59.900000000000006,12.36162,20.068458408160957
59.900000000000006,12.56263,20.123740345474683
59.900000000000006,12.76364,20.177482763644207
59.900000000000006,12.96465,20.231225343869024
59.900000000000006,13.16566,20.28519775543921
59.900000000000006,13.36667,20.339210266653453
59.900000000000006,13.56768,20.39323294737255
59.900000000000006,13.76869,20.440386688759276
59.900000000000006,13.9697,20.486230723270758
59.900000000000006,14.17071,20.531385989701583
59.900000000000006,14.37172,20.576421528605657
59.900000000000006,14.57273,20.617807424824818
59.900000000000006,14.77374,20.65858343129321
59.900000000000006,14.97475,20.699359500197428
59.900000000000006,15.17576,20.740205429779937
59.900000000000006,15.37677,20.781051396172646
59.900000000000006,15.57778,20.821897428200504
59.900000000000006,15.77879,20.858933635268823
59.900000000000006,15.9798,20.895499916308474
59.900000000000006,16.18081,20.931846896213923
59.900000000000006,16.38182,20.968163987592522
59.900000000000006,16.58283,21.002061249551343
59.900000000000006,16.78384,21.035698560817984
59.900000000000006,16.98485,21.069345907844294
59.900000000000006,17.18586,21.103003159852957
59.900000000000006,17.38687,21.136660438992596
59.900000000000006,17.58788,21.17031775575554
59.900000000000006,17.78889,21.201495092232644
59.900000000000006,17.9899,21.232522465255666
59.900000000000006,18.19091,21.263440295891588
59.900000000000006,18.39192,21.294338175067686
59.900000000000006,18.59293,21.323346131279788
59.900000000000006,18.79394,21.35226411469787
59.900000000000006,18.99495,21.381182122931566
59.900000000000006,19.19596,21.410090070349074
59.900000000000006,19.39697,21.439008041504866
59.900000000000006,19.59798,21.467926038565242
59.900000000000006,19.79899,21.494934002650115
59.900000000000006,20.0,21.52193199332644
60.2,0.1,4.813394411166908
60.2,0.3010101,6.72963300703472
60.2,0.5020202,7.5483854089730205
60.2,0.7030303,8.047845664256478
60.2,0.9040404,8.460510611433337
60.2,1.105051,8.810811896571169
60.2,1.306061,9.121623065318957
60.2,1.507071,9.431857687846504
60.2,1.708081,9.72226119744632
60.2,1.909091,10.006017190468382
60.2,2.110101,10.284985232901603
60.2,2.311111,10.559981063392103
60.2,2.512121,10.83557745875857
60.2,2.713131,11.12733725394747
60.2,2.914141,11.417253363169708
60.2,3.115152,11.70931157012103
60.2,3.316162,11.989766232787472
60.2,3.517172,12.270223375377814
60.2,3.718182,12.550682831643153
60.2,3.919192,12.831144448282904
60.2,4.120202,13.109603801382303
60.2,4.321212,13.386722016730007
60.2,4.522222,13.663831839939713
60.2,4.723232,13.940953169915309
60.2,4.924242,14.218554450689743
60.2,5.125253,14.455501254137143
60.2,5.326263,14.680345721595835
60.2,5.527273,14.905191527921112
60.2,5.728283,15.13003861340822
60.2,5.929293,15.354886921881977
60.2,6.130303,15.624224602630386
60.2,6.331313,15.863367973958448
60.2,6.532323,16.10250492618687
60.2,6.733333,16.341645298935962
60.2,6.934343,16.58079894476489
60.2,7.135354,16.819945725336982
60.2,7.336364,17.05910550764462
60.2,7.537374,17.298258168258556
60.2,7.738384,17.53741358887027
60.2,7.939394,17.76806758214322
60.2,8.140404,17.933059797720627
60.2,8.341414,18.065544419650163
60.2,8.542424,18.198030342444987
60.2,8.743434,18.33052753923706
60.2,8.944444,18.463015981647008
60.2,9.145455,18.596354264552296
60.2,9.346465,18.73001332495755
60.2,9.547475,18.863673681441647
60.2,9.748485,18.99734530569953
60.2,9.949495,19.12486799769616
60.2,10.15051,19.220718404917815
60.2,10.35152,19.301212183882697
60.2,10.55253,19.381716422762665
60.2,10.75354,19.462211116215045
60.2,10.95455,19.542706258443634
60.2,11.15556,19.623791268063332
60.2,11.35657,19.70503656662298
60.2,11.55758,19.786292318401944
60.2,11.75859,19.867548519027856
60.2,11.9596,19.943975144612157
60.2,12.16061,20.00401522434633
60.2,12.36162,20.057757340042937
60.2,12.56263,20.11149962042417
60.2,12.76364,20.165242064113592
60.2,12.96465,20.218984669815143
60.2,13.16566,20.27294708651285
60.2,13.36667,20.32696959849249
60.2,13.56768,20.38098228017044
60.2,13.76869,20.434995130194313
60.2,13.9697,20.48617850845506
60.2,14.17071,20.529843928013268
60.2,14.37172,20.570619834474574
60.2,14.57273,20.61139580399661
60.2,14.77374,20.652181836128317
60.2,14.97475,20.69295793064965
60.2,15.17576,20.73379388144474
60.2,15.37677,20.77464986821762
60.2,15.57778,20.815495920635243
60.2,15.77879,20.85635203810798
60.2,15.9798,20.895498268872146
60.2,16.18081,20.930765328610693
60.2,16.38182,20.964412585381584
60.2,16.58283,20.99805987826593
60.2,16.78384,21.031707207090413
60.2,16.98485,21.0653545716828
60.2,17.18586,21.099011840102495
60.2,17.38687,21.132669135485465
60.2,17.58788,21.16632646851073
60.2,17.78889,21.199973838985077
60.2,17.9899,21.232461238524934
60.2,18.19091,21.262469107613608
60.2,18.39192,21.29138705405948
60.2,18.59293,21.3203050254917
60.2,18.79394,21.349223021839283
60.2,18.99495,21.378151042958855
60.2,19.19596,21.407059002972055
60.2,19.39697,21.435976986685993
60.2,19.59798,21.464884996313934
60.2,19.79899,21.49380303169829
60.2,20.0,21.521761063814246
60.5,0.1,4.827778109584888
60.5,0.3010101,6.753062160546402
60.5,0.5020202,7.576397984696502
60.5,0.7030303,8.076508493109957
60.5,0.9040404,8.48457518917954
60.5,1.105051,8.84001915903399
60.5,1.306061,9.150299623295824
60.5,1.507071,9.460533466185726
60.5,1.708081,9.750977032646261
60.5,1.909091,10.02298883943357
60.5,2.110101,10.316955285664118
60.5,2.311111,10.592533433569578
60.5,2.512121,10.875453764732892
60.5,2.713131,11.167905087788364
60.5,2.914141,11.453402202076346
60.5,3.115152,11.732548440533149
60.5,3.316162,12.012455128995033
60.5,3.517172,12.292912949802954
60.5,3.718182,12.57337305141228
60.5,3.919192,12.853835283004726
60.5,4.120202,13.13229527897105
60.5,4.321212,13.409414150668445
60.5,4.522222,13.686534596851128
60.5,4.723232,13.963656526698685
60.5,4.924242,14.238332738488442
60.5,5.125253,14.46663848443747
60.5,5.326263,14.682684812012937
60.5,5.527273,14.907531000424246
60.5,5.728283,15.13237845644527
60.5,5.929293,15.3572271231011
60.5,6.130303,15.631858444303369
60.5,6.331313,15.892679288889614
60.5,6.532323,16.131816662481604
60.5,6.733333,16.37096743869019
60.5,6.934343,16.610111471909956
60.5,7.135354,16.849268622204313
60.5,7.336364,17.088418759850978
60.5,7.537374,17.32757176056267
60.5,7.738384,17.566737506986858
60.5,7.939394,17.772555360184924
60.5,8.140404,17.939471522740703
60.5,8.341414,18.079076740750644
60.5,8.542424,18.211562846072923
60.5,8.743434,18.344060221804863
60.5,8.944444,18.476548839677292
60.5,9.145455,18.609887403053524
60.5,9.346465,18.74354678011245
60.5,9.547475,18.877217447594788
60.5,9.748485,19.01087937804911
60.5,9.949495,19.125342645860897
60.5,10.15051,19.224643573775694
60.5,10.35152,19.30905739881691
60.5,10.55253,19.38956173550152
60.5,10.75354,19.470056526339167
60.5,10.95455,19.550551764380863
60.5,11.15556,19.631636902495273
60.5,11.35657,19.712882337570814
60.5,11.55758,19.794138225616777
60.5,11.75859,19.875394560349577
60.5,11.9596,19.943791832415517
60.5,12.16061,20.00633205462816
60.5,12.36162,20.06167400662724
60.5,12.56263,20.115416344176126
60.5,12.76364,20.169158844743333
60.5,12.96465,20.222901506988993
60.5,13.16566,20.276863990056743
60.5,13.36667,20.330886570088754
60.5,13.56768,20.38489931950938
60.5,13.76869,20.43892223671803
60.5,13.9697,20.486116378476176
60.5,14.17071,20.531351889045833
60.5,14.37172,20.572767797808048
60.5,14.57273,20.613543793824775
60.5,14.77374,20.654319852416027
60.5,14.97475,20.69510597313944
60.5,15.17576,20.73594195361526
60.5,15.37677,20.77678797051771
60.5,15.57778,20.817644052805715
60.5,15.77879,20.858490200189465
60.5,15.9798,20.895496681978102
60.5,16.18081,20.931823846653227
60.5,16.38182,20.96572111987799
60.5,16.58283,20.999368429678583
60.5,16.78384,21.03301577536295
60.5,16.98485,21.066663156759144
60.5,17.18586,21.100320443579783
60.5,17.38687,21.13397775740256
60.5,17.58788,21.167635108775528
60.5,17.78889,21.201292497550007
60.5,17.9899,21.232400056136818
60.5,18.19091,21.263248045049053
60.5,18.39192,21.292256006399835
60.5,18.59293,21.32117398930233
60.5,18.79394,21.35009199708777
60.5,18.99495,21.379010029655507
60.5,19.19596,21.40792800184022
60.5,19.39697,21.436845997784356
60.5,19.59798,21.465754019578995
60.5,19.79899,21.49467206706972
60.5,20.0,21.521600170010018
60.8,0.1,4.84277743186817
60.8,0.3010101,6.77578270399693
60.8,0.5020202,7.603255970244488
60.8,0.7030303,8.104777148072579
60.8,0.9040404,8.518600889052994
60.8,1.105051,8.86933269215404
60.8,1.306061,9.17962679794496
60.8,1.507071,9.489937266311617
60.8,1.708081,9.75254222506555
60.8,1.909091,9.998620634624395
60.8,2.110101,10.348587031277473
60.8,2.311111,10.626505639397323
60.8,2.512121,10.918943902028543
60.8,2.713131,11.198811977628777
60.8,2.914141,11.477906987605744
60.8,3.115152,11.757046034311294
60.8,3.316162,12.036218449292795
60.8,3.517172,12.315500602204903
60.8,3.718182,12.595961177536257
60.8,3.919192,12.87642385692852
60.8,4.120202,13.154884336689783
60.8,4.321212,13.43200370281648
60.8,4.522222,13.708685147778278
60.8,4.723232,13.981852207173818
60.8,4.924242,14.255020518125512
60.8,5.125253,14.483326623272779
60.8,5.326263,14.68449574058639
60.8,5.527273,14.888885422031725
60.8,5.728283,15.113733104176703
60.8,5.929293,15.33858199311515
60.8,6.130303,15.613223646686189
60.8,6.331313,15.914887830890757
60.8,6.532323,16.20649156070722
60.8,6.733333,16.445632027385372
60.8,6.934343,16.684785744046444
60.8,7.135354,16.92393257419287
60.8,7.336364,17.16309238752021
60.8,7.537374,17.393302011468357
60.8,7.738384,17.58438174107215
60.8,7.939394,17.775465285974764
60.8,8.140404,17.942381804779988
60.8,8.341414,18.098868246497858
60.8,8.542424,18.250295595430302
60.8,8.743434,18.382783037331414
60.8,8.944444,18.515281718762793
60.8,9.145455,18.648620660005054
60.8,9.346465,18.78228052927208
60.8,9.547475,18.909841719695745
60.8,9.748485,19.017694181473612
60.8,9.949495,19.125547690783527
60.8,10.15051,19.224848753069736
60.8,10.35152,19.321272531496994
60.8,10.55253,19.413536806983956
60.8,10.75354,19.4940316672209
60.8,10.95455,19.574536973969835
60.8,11.15556,19.655612273409897
60.8,11.35657,19.736867894802906
60.8,11.55758,19.813484155827815
60.8,11.75859,19.87855128271742
60.8,11.9596,19.943618775405398
60.8,12.16061,20.006149064916112
60.8,12.36162,20.068060187530335
60.8,12.56263,20.12742184729949
60.8,12.76364,20.181164420198172
60.8,12.96465,20.23489715439822
60.8,13.16566,20.288869734038798
60.8,13.36667,20.342892415604297
60.8,13.56768,20.39418570002482
60.8,13.76869,20.440119968915663
60.8,13.9697,20.486054347162028
60.8,14.17071,20.531299887539657
60.8,14.37172,20.576415683996718
60.8,14.57273,20.619961603812758
60.8,14.77374,20.66073768908197
60.8,14.97475,20.701523836361957
60.8,15.17576,20.74235985069869
60.8,15.37677,20.783205902453098
60.8,15.57778,20.822392138380646
60.8,15.77879,20.8589386205561
60.8,15.9798,20.895485157137156
60.8,16.18081,20.931812340306237
60.8,16.38182,20.96811962605339
60.8,16.58283,21.003336949283007
60.8,16.78384,21.036984311432054
60.8,16.98485,21.070631709233623
60.8,17.18586,21.104279015436482
60.8,17.38687,21.137936348762526
60.8,17.58788,21.170413781876256
60.8,17.78889,21.20138132967688
60.8,17.9899,21.232338910881726
60.8,18.19091,21.26318691225271
60.8,18.39192,21.294034957254055
60.8,18.59293,21.32399299100226
60.8,18.79394,21.352911009456296
60.8,18.99495,21.381829052660827
60.8,19.19596,21.410747036860496
60.8,19.39697,21.43966504479163
60.8,19.59798,21.46760309326059
60.8,19.79899,21.494521182308308
60.8,20.0,21.521439296287227
61.099999999999994,0.1,4.857342769413972
61.099999999999994,0.3010101,6.798506385860995
61.099999999999994,0.5020202,7.6303372083808245
61.099999999999994,0.7030303,8.133683859108526
61.099999999999994,0.9040404,8.544274970691045
61.099999999999994,1.105051,8.899742524573863
61.099999999999994,1.306061,9.209986843938324
61.099999999999994,1.507071,9.520012984971094
61.099999999999994,1.708081,9.812430137391667
61.099999999999994,1.909091,10.087074921812688
61.099999999999994,2.110101,10.38020886874845
61.099999999999994,2.311111,10.6651351329598
61.099999999999994,2.512121,10.944220934092307
61.099999999999994,2.713131,11.223320612568216
61.099999999999994,2.914141,11.502413887006483
61.099999999999994,3.115152,11.781545524816977
61.099999999999994,3.316162,12.060718286902503
61.099999999999994,3.517172,12.33989297274909
61.099999999999994,3.718182,12.619069454677263
61.099999999999994,3.919192,12.899012814973077
61.099999999999994,4.120202,13.177473765712703
61.099999999999994,4.321212,13.452206493928957
61.099999999999994,4.522222,13.725372538505859
61.099999999999994,4.723232,13.99853989573239
61.099999999999994,4.924242,14.271708493059041
61.099999999999994,5.125253,14.500014953502243
61.099999999999994,5.326263,14.701184464324928
61.099999999999994,5.527273,14.902365019800031
61.099999999999994,5.728283,15.103536581354069
61.099999999999994,5.929293,15.319946936006291
61.099999999999994,6.130303,15.594588922316774
61.099999999999994,6.331313,15.896243494396929
61.099999999999994,6.532323,16.19791071892703
61.099999999999994,6.733333,16.49957045418073
61.099999999999994,6.934343,16.75945015590519
61.099999999999994,7.135354,16.998606665554092
61.099999999999994,7.336364,17.205134610158904
61.099999999999994,7.537374,17.396210948872138
61.099999999999994,7.738384,17.58729121735716
61.099999999999994,7.939394,17.778375290742378
61.099999999999994,8.140404,17.945292163241735
61.099999999999994,8.341414,18.10177888465874
61.099999999999994,8.542424,18.25826681171566
61.099999999999994,8.743434,18.414755914500226
61.099999999999994,8.944444,18.554005088844384
61.099999999999994,9.145455,18.687344404337498
61.099999999999994,9.346465,18.802194845907
61.099999999999994,9.547475,18.910046428771754
61.099999999999994,9.748485,19.017899075700598
61.099999999999994,9.949495,19.125752768711095
61.099999999999994,10.15051,19.22505396518123
61.099999999999994,10.35152,19.321477860190953
61.099999999999994,10.55253,19.41790220369251
61.099999999999994,10.75354,19.514336988875183
61.099999999999994,10.95455,19.59851232926664
61.099999999999994,11.15556,19.679597788720372
61.099999999999994,11.35657,19.748244105805107
61.099999999999994,11.55758,19.813300948922418
61.099999999999994,11.75859,19.878368161013633
61.099999999999994,11.9596,19.94343573809563
61.099999999999994,12.16061,20.005976094562158
61.099999999999994,12.36162,20.06787727985666
61.099999999999994,12.56263,20.129778668188617
61.099999999999994,12.76364,20.19169025765076
61.099999999999994,12.96465,20.24690287662955
61.099999999999994,13.16566,20.300875552672448
61.099999999999994,13.36667,20.34818941139429
61.099999999999994,13.56768,20.39412360737016
61.099999999999994,13.76869,20.440067913182233
61.099999999999994,13.9697,20.486002328308693
61.099999999999994,14.17071,20.53123789862443
61.099999999999994,14.37172,20.576363723527162
61.099999999999994,14.57273,20.62147961378331
61.099999999999994,14.77374,20.666595568888468
61.099999999999994,14.97475,20.707941722421467
61.099999999999994,15.17576,20.748777770590863
61.099999999999994,15.37677,20.78584412794782
61.099999999999994,15.57778,20.822390577975316
61.099999999999994,15.77879,20.85893708254692
61.099999999999994,15.9798,20.895483641445132
61.099999999999994,16.18081,20.93181084316186
61.099999999999994,16.38182,20.968118146909173
61.099999999999994,16.58283,21.004425485871383
61.099999999999994,16.78384,21.040732859799714
61.099999999999994,16.98485,21.074590273593927
61.099999999999994,17.18586,21.10824759904744
61.099999999999994,17.38687,21.139395084461913
61.099999999999994,17.58788,21.17035261365326
61.099999999999994,17.78889,21.201320176256225
61.099999999999994,17.9899,21.232277772250658
61.099999999999994,18.19091,21.263125786040064
61.099999999999994,18.39192,21.293973843273676
61.099999999999994,18.59293,21.32482192332226
61.099999999999994,18.79394,21.35567002602775
61.099999999999994,18.99495,21.38464808204643
61.099999999999994,19.19596,21.413566078249282
61.099999999999994,19.39697,21.440524127555822
61.099999999999994,19.59798,21.467442202556093
61.099999999999994,19.79899,21.494360302527145
61.099999999999994,20.0,21.52127842734784
61.400000000000006,0.1,4.873105765927863
61.400000000000006,0.3010101,6.821859552124456
61.400000000000006,0.5020202,7.6568326854776885
61.400000000000006,0.7030303,8.16315176393419
61.400000000000006,0.9040404,8.578645080746561
61.400000000000006,1.105051,8.930014659710054
61.400000000000006,1.306061,9.240156460519353
61.400000000000006,1.507071,9.550181671031936
61.400000000000006,1.708081,9.842688924723412
61.400000000000006,1.909091,10.128645620104814
61.400000000000006,2.110101,10.4115177256268
61.400000000000006,2.311111,10.690607433958412
61.400000000000006,2.512121,10.969701421338316
61.400000000000006,2.713131,11.248789370373014
61.400000000000006,2.914141,11.527890991138852
61.400000000000006,3.115152,11.805438051393839
61.400000000000006,3.316162,12.084621149251676
61.400000000000006,3.517172,12.3637961525737
61.400000000000006,3.718182,12.642972933957749
61.400000000000006,3.919192,12.92195518047854
61.400000000000006,4.120202,13.195490713598645
61.400000000000006,4.321212,13.46865565256275
61.400000000000006,4.522222,13.741821974125072
61.400000000000006,4.723232,14.014989596008093
61.400000000000006,4.924242,14.288158446434846
61.400000000000006,5.125253,14.516465226307858
61.400000000000006,5.326263,14.717645091227224
61.400000000000006,5.527273,14.918815991950618
61.400000000000006,5.728283,15.119997886684343
61.400000000000006,5.929293,15.323779784302506
61.400000000000006,6.130303,15.596391121351223
61.400000000000006,6.331313,15.898056238382921
61.400000000000006,6.532323,16.19971399115479
61.400000000000006,6.733333,16.501384231370498
61.400000000000006,6.934343,16.79134415672962
61.400000000000006,7.135354,17.01709014410266
61.400000000000006,7.336364,17.208162985971317
61.400000000000006,7.537374,17.3992298793288
61.400000000000006,7.738384,17.590310690125143
61.400000000000006,7.939394,17.781395292583206
61.400000000000006,8.140404,17.948312526986907
61.400000000000006,8.341414,18.104799536211807
61.400000000000006,8.542424,18.26128774756365
61.400000000000006,8.743434,18.41778712853342
61.400000000000006,8.944444,18.568567702372242
61.400000000000006,9.145455,18.694588700123237
61.400000000000006,9.346465,18.80243938778713
61.400000000000006,9.547475,18.910291156508066
61.400000000000006,9.748485,19.018143987180608
61.400000000000006,9.949495,19.12598786202847
61.400000000000006,10.15051,19.225289193266214
61.400000000000006,10.35152,19.321723206523533
61.400000000000006,10.55253,19.41814766786096
61.400000000000006,10.75354,19.514572569279288
61.400000000000006,10.95455,19.60661809639569
61.400000000000006,11.15556,19.683004270702103
61.400000000000006,11.35657,19.748070826851844
61.400000000000006,11.55758,19.81313775491548
61.400000000000006,11.75859,19.87819505156089
61.400000000000006,11.9596,19.943262712573045
61.400000000000006,12.16061,20.00580313638944
61.400000000000006,12.36162,20.06770438452286
61.400000000000006,12.56263,20.129615835207098
61.400000000000006,12.76364,20.19151748684614
61.400000000000006,12.96465,20.250819768919687
61.400000000000006,13.16566,20.302203170488433
61.400000000000006,13.36667,20.348137292885394
61.400000000000006,13.56768,20.394071525831894
61.400000000000006,13.76869,20.440005868495074
61.400000000000006,13.9697,20.485950320099718
61.400000000000006,14.17071,20.53118592025912
61.400000000000006,14.37172,20.576301773782127
61.400000000000006,14.57273,20.621417692494465
61.400000000000006,14.77374,20.666533675888957
61.400000000000006,14.97475,20.710049840732225
61.400000000000006,15.17576,20.74929613733754
61.400000000000006,15.37677,20.785842554872293
61.400000000000006,15.57778,20.822389027231434
61.400000000000006,15.77879,20.85893555405575
61.400000000000006,15.9798,20.895472135153604
61.400000000000006,16.18081,20.93180935529182
61.400000000000006,16.38182,20.96811667708546
61.400000000000006,16.58283,21.004424033964487
61.400000000000006,16.78384,21.040721425866664
61.400000000000006,16.98485,21.07588891370457
61.400000000000006,17.18586,21.108376398300422
61.400000000000006,17.38687,21.13933390871852
61.400000000000006,17.58788,21.17029145266837
61.400000000000006,17.78889,21.201259029987
61.400000000000006,17.9899,21.232216640623232
61.400000000000006,18.19091,21.2630746667575
61.400000000000006,18.39192,21.29392273625663
61.400000000000006,18.59293,21.324770828476247
61.400000000000006,18.79394,21.355618943376076
61.400000000000006,18.99495,21.38551709515471
61.400000000000006,19.19596,21.413445170482532
61.400000000000006,19.39697,21.44036323128767
61.400000000000006,19.59798,21.467281317158637
61.400000000000006,19.79899,21.49419942797274
61.400000000000006,20.0,21.521117563610296
61.7,0.1,4.887621202606001
61.7,0.3010101,6.8452293857485795
61.7,0.5020202,7.683558493065964
61.7,0.7030303,8.191044244770666
61.7,0.9040404,8.60843079793179
61.7,1.105051,8.959977739149148
61.7,1.306061,9.270365057504552
61.7,1.507071,9.580684359339415
61.7,1.708081,9.862029492513908
61.7,1.909091,10.105525646695781
61.7,2.110101,10.388238752876013
61.7,2.311111,10.71797754363223
61.7,2.512121,10.997059967726095
61.7,2.713131,11.276156419138001
61.7,2.914141,11.55234573742035
61.7,3.115152,11.828164511156377
61.7,3.316162,12.107347987803388
61.7,3.517172,12.386523349292695
61.7,3.718182,12.664443598137133
61.7,3.919192,12.941491728975532
61.7,4.120202,13.214786298219494
61.7,4.321212,13.485572239417364
61.7,4.522222,13.757805243345974
61.7,4.723232,14.03097306652662
61.7,4.924242,14.304142109182566
61.7,5.125253,14.532449141654375
61.7,5.326263,14.733629291819113
61.7,5.527273,14.934810468111827
61.7,5.728283,15.147408389648469
61.7,5.929293,15.366485122893629
61.7,6.130303,15.639097238107087
61.7,6.331313,15.94076321962564
61.7,6.532323,16.242421795447683
61.7,6.733333,16.49863238821869
61.7,6.934343,16.73178052365309
61.7,7.135354,16.964931484557667
61.7,7.336364,17.198085156031404
61.7,7.537374,17.402478719470942
61.7,7.738384,17.593560075818885
61.7,7.939394,17.784645210536137
61.7,8.140404,17.951562823289766
61.7,8.341414,18.10805014142236
61.7,8.542424,18.264538656168252
61.7,8.743434,18.402618602280107
61.7,8.944444,18.533299758490468
61.7,9.145455,18.66471122455575
61.7,9.346465,18.796403543523436
61.7,9.547475,18.910605890943806
61.7,9.748485,19.018458902622225
61.7,9.949495,19.12631295622841
61.7,10.15051,19.225604423113047
61.7,10.35152,19.32203855798836
61.7,10.55253,19.41846313854754
61.7,10.75354,19.502528725519145
61.7,10.95455,19.582774900771312
61.7,11.15556,19.663551089268086
61.7,11.35657,19.74448758086777
61.7,11.55758,19.812984567006975
61.7,11.75859,19.878041947349175
61.7,11.9596,19.943109691666894
61.7,12.16061,20.00565018321098
61.7,12.36162,20.067551494881037
61.7,12.56263,20.12945300882148
61.7,12.76364,20.18478583696641
61.7,12.96465,20.238609070808735
61.7,13.16566,20.292642160921226
61.7,13.36667,20.346735342678148
61.7,13.56768,20.394019454189834
61.7,13.76869,20.439953833194707
61.7,13.9697,20.485898320944617
61.7,14.17071,20.53113395093994
61.7,14.37172,20.576249833079714
61.7,14.57273,20.621365780246236
61.7,14.77374,20.662762067107906
61.7,14.97475,20.70357845453817
61.7,15.17576,20.744454714808846
61.7,15.37677,20.785331008706624
61.7,15.57778,20.822377486589602
61.7,15.77879,20.85892403543156
61.7,15.9798,20.895470638377027
61.7,16.18081,20.93180787694344
61.7,16.38182,20.968115216721344
61.7,16.58283,21.004412591576674
61.7,16.78384,21.0382601347554
61.7,16.98485,21.0718677225781
61.7,17.18586,21.105485219982672
61.7,17.38687,21.13910274116531
61.7,17.58788,21.170240299465878
61.7,17.78889,21.201197891383774
61.7,17.9899,21.232155516529016
61.7,18.19091,21.26301355500184
61.7,18.39192,21.29386163666196
61.7,18.59293,21.32470974106582
61.7,18.79394,21.353627897387433
61.7,18.99495,21.382486077022307
61.7,19.19596,21.411324197843772
61.7,19.39697,21.44017233991956
61.7,19.59798,21.46712043759134
61.7,19.79899,21.494038559122735
61.7,20.0,21.520956705504183
62.0,0.1,4.902515701688478
62.0,0.3010101,6.868170435573123
62.0,0.5020202,7.710765030066403
62.0,0.7030303,8.219323542927576
62.0,0.9040404,8.632047585944797
62.0,1.105051,8.989215631036611
62.0,1.306061,9.299602076257479
62.0,1.507071,9.610763398973065
62.0,1.708081,9.903796857749807
62.0,1.909091,10.156436445747401
62.0,2.110101,10.410725549696494
62.0,2.311111,10.718604499063948
62.0,2.512121,11.024430839832972
62.0,2.713131,11.30217982549228
62.0,2.914141,11.574798419886111
62.0,3.115152,11.850892584954074
62.0,3.316162,12.129899520418379
62.0,3.517172,12.406934016110801
62.0,3.718182,12.683980313617965
62.0,3.919192,12.961018299532988
62.0,4.120202,13.23432282459906
62.0,4.321212,13.505108790774074
62.0,4.522222,13.775896432601412
62.0,4.723232,14.046966655400702
62.0,4.924242,14.320135887606941
62.0,5.125253,14.548443170322393
62.0,5.326263,14.751952700407823
62.0,5.527273,14.971027428453203
62.0,5.728283,15.190113470825281
62.0,5.929293,15.40919077057815
62.0,6.130303,15.68180365683899
62.0,6.331313,15.972787976098894
62.0,6.532323,16.205931580606077
62.0,6.733333,16.43907822950753
62.0,6.934343,16.67222779506136
62.0,7.135354,16.90538015660392
62.0,7.336364,17.13853520002544
62.0,7.537374,17.371692817352596
62.0,7.738384,17.596809542521314
62.0,7.939394,17.787895209315472
62.0,8.140404,17.95481319865696
62.0,8.341414,18.105980937593355
62.0,8.542424,18.236660269609718
62.0,8.743434,18.3673407180928
62.0,8.944444,18.49802225859661
62.0,9.145455,18.629433830237467
62.0,9.346465,18.761136152488376
62.0,9.547475,18.892829613522085
62.0,9.748485,19.018773850779922
62.0,9.949495,19.12662808316209
62.0,10.15051,19.225929686358537
62.0,10.35152,19.318204144351732
62.0,10.55253,19.398449619985982
62.0,10.75354,19.47868551047775
62.0,10.95455,19.558931809844452
62.0,11.15556,19.639708044400844
62.0,11.35657,19.72064455997859
62.0,11.55758,19.801581490659732
62.0,11.75859,19.877888863304587
62.0,11.9596,19.9429566908699
62.0,12.16061,20.005497250073322
62.0,12.36162,20.06491906107475
62.0,12.56263,20.118742025267835
62.0,12.76364,20.17256513699494
62.0,12.96465,20.226398394885937
62.0,13.16566,20.280431490360037
62.0,13.36667,20.33451467365133
62.0,13.56768,20.38860801010855
62.0,13.76869,20.439901810622814
62.0,13.9697,20.485846334523636
62.0,14.17071,20.531081994326975
62.0,14.37172,20.57466802102305
62.0,14.57273,20.615474316905466
62.0,14.77374,20.65629066990357
62.0,14.97475,20.697107079753387
62.0,15.17576,20.737973358316818
62.0,15.37677,20.7788596697334
62.0,15.57778,20.819746040988132
62.0,15.77879,20.858922526106245
62.0,15.9798,20.895469150943157
62.0,16.18081,20.931796407977163
62.0,16.38182,20.96701382601162
62.0,16.58283,21.000621365070003
62.0,16.78384,21.03422893625311
62.0,16.98485,21.067836539342704
62.0,17.18586,21.10145405097614
62.0,17.38687,21.13508158624796
62.0,17.58788,21.16869915518234
62.0,17.78889,21.201136759396906
62.0,17.9899,21.232104399027083
62.0,18.19091,21.26295244987337
62.0,18.39192,21.292890557677143
62.0,18.59293,21.321738704605234
62.0,18.79394,21.350596873836057
62.0,18.99495,21.37944506536145
62.0,19.19596,21.40829319772652
62.0,19.39697,21.437141351352004
62.0,19.59798,21.465979528237984
62.0,19.79899,21.49387769510708
62.0,20.0,21.52079585220014
62.3,0.1,4.916686605966409
62.3,0.3010101,6.890289795340885
62.3,0.5020202,7.736722131765529
62.3,0.7030303,8.246759307263904
62.3,0.9040404,8.665408293093826
62.3,1.105051,9.018244516448194
62.3,1.306061,9.32970869766938
62.3,1.507071,9.641193357527449
62.3,1.708081,9.934117073831263
62.3,1.909091,10.220863993489038
62.3,2.110101,10.503183812771077
62.3,2.311111,10.777568524637275
62.3,2.512121,11.051955848891938
62.3,2.713131,11.324635861505826
62.3,2.914141,11.59724255535455
62.3,3.115152,11.872394157832115
62.3,3.316162,12.149436562104988
62.3,3.517172,12.426470902349797
62.3,3.718182,12.703517048392213
62.3,3.919192,12.980554886783578
62.3,4.120202,13.253859370038493
62.3,4.321212,13.52464536073737
62.3,4.522222,13.795433023752349
62.3,4.723232,14.066222263914902
62.3,4.924242,14.337012989093045
62.3,5.125253,14.575582936522315
62.3,5.326263,14.794656915808767
62.3,5.527273,15.013732244925947
62.3,5.728283,15.232818867396283
62.3,5.929293,15.451896727307593
62.3,6.130303,15.680089843600237
62.3,6.331313,15.913231789904053
62.3,6.532323,16.146376883656185
62.3,6.733333,16.379524990464567
62.3,6.934343,16.612665984015702
62.3,7.135354,16.845819743351036
62.3,7.336364,17.07897615574385
62.3,7.537374,17.31213511401153
62.3,7.738384,17.545296516657896
62.3,7.939394,17.77846026752082
62.3,8.140404,17.94003414007447
62.3,8.341414,18.07071272489574
62.3,8.542424,18.20139244710491
62.3,8.743434,18.332073281567475
62.3,8.944444,18.462755203951065
62.3,9.145455,18.594166879891436
62.3,9.346465,18.725859202081068
62.3,9.547475,18.857552664948674
62.3,9.748485,18.98925724391006
62.3,9.949495,19.120952917606335
62.3,10.15051,19.214125602351075
62.3,10.35152,19.294360783827383
62.3,10.55253,19.37460638506498
62.3,10.75354,19.454842400630046
62.3,10.95455,19.53508882508703
62.3,11.15556,19.615865105365785
62.3,11.35657,19.69680164350375
62.3,11.55758,19.777738597883303
62.3,11.75859,19.858675962753647
62.3,11.9596,19.939613733358875
62.3,12.16061,19.99888549507149
62.3,12.36162,20.052708334870765
62.3,12.56263,20.106531323259407
62.3,12.76364,20.16035445909825
62.3,12.96465,20.21417774119861
62.3,13.16566,20.26822084189526
62.3,13.36667,20.3223040266139
62.3,13.56768,20.37638736462339
62.3,13.76869,20.430480854664154
62.3,13.9697,20.484564495740777
62.3,14.17071,20.527380329310144
62.3,14.37172,20.568186590285976
62.3,14.57273,20.609002908648144
62.3,14.77374,20.64980928419611
62.3,14.97475,20.690625716455088
62.3,15.17576,20.731502013168715
62.3,15.37677,20.772388342158003
62.3,15.57778,20.813264731029715
62.3,15.77879,20.854151179240414
62.3,15.9798,20.89502768659462
62.3,16.18081,20.92937508241322
62.3,16.38182,20.962982604645926
62.3,16.58283,20.99659015908241
62.3,16.78384,21.030207745549617
62.3,16.98485,21.063815363933468
62.3,17.18586,21.09743288978955
62.3,17.38687,21.131050439209837
62.3,17.58788,21.16466802223538
62.3,17.78889,21.19828563867646
62.3,17.9899,21.231913288390334
62.3,18.19091,21.26100138040578
62.3,18.39192,21.28984951683051
62.3,18.59293,21.318707675619383
62.3,18.79394,21.347555856764732
62.3,18.99495,21.37640406013416
62.3,19.19596,21.405252204076767
62.3,19.39697,21.434100369245673
62.3,19.59798,21.462948557610428
62.3,19.79899,21.491786769140802
62.3,20.0,21.52063500367145
62.599999999999994,0.1,4.930759788199831
62.599999999999994,0.3010101,6.912247538230103
62.599999999999994,0.5020202,7.762742561687813
62.599999999999994,0.7030303,8.274595316953448
62.599999999999994,0.9040404,8.689852654393471
62.599999999999994,1.105051,9.048102168232173
62.599999999999994,1.306061,9.360556049097493
62.599999999999994,1.507071,9.67233511286083
62.599999999999994,1.708081,9.96537193227537
62.599999999999994,1.909091,10.249891513330864
62.599999999999994,2.110101,10.526615245979505
62.599999999999994,2.311111,10.789916880447688
62.599999999999994,2.512121,11.063231941674717
62.599999999999994,2.713131,11.335938381626452
62.599999999999994,2.914141,11.561775748067282
62.599999999999994,3.115152,11.814219303089402
62.599999999999994,3.316162,12.091250349019463
62.599999999999994,3.517172,12.396736675835955
62.599999999999994,3.718182,12.722123270322523
62.599999999999994,3.919192,12.999767827448006
62.599999999999994,4.120202,13.27331529918567
62.599999999999994,4.321212,13.544101760452424
62.599999999999994,4.522222,13.81488987323324
62.599999999999994,4.723232,14.08534936342151
62.599999999999994,4.924242,14.353308936807348
62.599999999999994,5.125253,14.576572867609878
62.599999999999994,5.326263,14.77580280698926
62.599999999999994,5.527273,14.994878351260573
62.599999999999994,5.728283,15.213955182546329
62.599999999999994,5.929293,15.433043247770684
62.599999999999994,6.130303,15.70070755533527
62.599999999999994,6.331313,15.985253516631797
62.599999999999994,6.532323,16.218398409912563
62.599999999999994,6.733333,16.451546308741076
62.599999999999994,6.934343,16.684697087120956
62.599999999999994,7.135354,16.91785062601111
62.599999999999994,7.336364,17.151006812809193
62.599999999999994,7.537374,17.384165540984778
62.599999999999994,7.738384,17.6084542299688
62.599999999999994,7.939394,17.795205314910422
62.599999999999994,8.140404,17.958887114023142
62.599999999999994,8.341414,18.107857412613228
62.599999999999994,8.542424,18.238537156025057
62.599999999999994,8.743434,18.369218009138095
62.599999999999994,8.944444,18.499899947730196
62.599999999999994,9.145455,18.63131191574908
62.599999999999994,9.346465,18.76301462893638
62.599999999999994,9.547475,18.894708475354015
62.599999999999994,9.748485,19.020433283500374
62.599999999999994,9.949495,19.127388645831747
62.599999999999994,10.15051,19.22599104779421
62.599999999999994,10.35152,19.317796062776946
62.599999999999994,10.55253,19.39804173171201
62.599999999999994,10.75354,19.47827781448712
62.599999999999994,10.95455,19.55852430511445
62.599999999999994,11.15556,19.639300734813773
62.599999999999994,11.35657,19.720237445380665
62.599999999999994,11.55758,19.801174569928225
62.599999999999994,11.75859,19.877502306124775
62.599999999999994,11.9596,19.942620891859526
62.599999999999994,12.16061,20.0052220618529
62.599999999999994,12.36162,20.064684290527655
62.599999999999994,12.56263,20.118507341701363
62.599999999999994,12.76364,20.1723305398974
62.599999999999994,12.96465,20.226153883942057
62.599999999999994,13.16566,20.280197069277943
62.599999999999994,13.36667,20.334280342965908
62.599999999999994,13.56768,20.388373769378454
62.599999999999994,13.76869,20.43969772203358
62.599999999999994,13.9697,20.485722513666147
62.599999999999994,14.17071,20.531048376078196
62.599999999999994,14.37172,20.57467454113744
62.599999999999994,14.57273,20.615490883989594
62.599999999999994,14.77374,20.656297283912817
62.599999999999994,14.97475,20.697113740434116
62.599999999999994,15.17576,20.737990068192882
62.599999999999994,15.37677,20.778866429136865
62.599999999999994,15.57778,20.81975284966154
62.599999999999994,15.77879,20.85892944875207
62.599999999999994,15.9798,20.89546628475007
62.599999999999994,16.18081,20.931793705684083
62.599999999999994,16.38182,20.967001228959365
62.599999999999994,16.58283,21.000608798253417
62.599999999999994,16.78384,21.034216399511042
62.599999999999994,16.98485,21.067824032612215
62.599999999999994,17.18586,21.101451575825454
62.599999999999994,17.38687,21.135069142813112
62.599999999999994,17.58788,21.16868674334384
62.599999999999994,17.78889,21.201104438077014
62.599999999999994,17.9899,21.232002240272685
62.599999999999994,18.19091,21.262800420452905
62.599999999999994,18.39192,21.292698606463105
62.599999999999994,18.59293,21.321556774690062
62.599999999999994,18.79394,21.350404965244575
62.599999999999994,18.99495,21.379253177994816
62.599999999999994,19.19596,21.4081013325681
62.599999999999994,19.39697,21.436949508368393
62.599999999999994,19.59798,21.465797707333046
62.599999999999994,19.79899,21.493655938553285
62.599999999999994,20.0,21.52049420196862
62.900000000000006,0.1,4.945281077697814
62.900000000000006,0.3010101,6.934630116136446
62.900000000000006,0.5020202,7.787898700735283
62.900000000000006,0.7030303,8.30303279407782
62.900000000000006,0.9040404,8.723611572673217
62.900000000000006,1.105051,9.077754218606884
62.900000000000006,1.306061,9.39020718176269
62.900000000000006,1.507071,9.702929354131932
62.900000000000006,1.708081,9.993808898890782
62.900000000000006,1.909091,10.277734883822509
62.900000000000006,2.110101,10.554518348013547
62.900000000000006,2.311111,10.817820299921573
62.900000000000006,2.512121,11.080766862974654
62.900000000000006,2.713131,11.330268167651198
62.900000000000006,2.914141,11.555693980845618
62.900000000000006,3.115152,11.834277811022002
62.900000000000006,3.316162,12.164391001794186
62.900000000000006,3.517172,12.463926862518372
62.900000000000006,3.718182,12.741579494486889
62.900000000000006,3.919192,13.019223802205671
62.900000000000006,4.120202,13.292771462114562
62.900000000000006,4.321212,13.56355838792883
62.900000000000006,4.522222,13.832626022407581
62.900000000000006,4.723232,14.100584572559631
62.900000000000006,4.924242,14.368534542910917
62.900000000000006,5.125253,14.591808890896802
62.900000000000006,5.326263,14.788040099198213
62.900000000000006,5.527273,14.984282284172286
62.900000000000006,5.728283,15.195101565369015
62.900000000000006,5.929293,15.414179834517633
62.900000000000006,6.130303,15.68185443563447
62.900000000000006,6.331313,15.975883301719046
62.900000000000006,6.532323,16.269924613536173
62.900000000000006,6.733333,16.523577745356867
62.900000000000006,6.934343,16.756728309344705
62.900000000000006,7.135354,16.98987162852529
62.900000000000006,7.336364,17.223027589973523
62.900000000000006,7.537374,17.4244668783789
62.900000000000006,7.738384,17.61120513050428
62.900000000000006,7.939394,17.797956658032565
62.900000000000006,8.140404,17.961638752289115
62.900000000000006,8.341414,18.11535970622448
62.900000000000006,8.542424,18.26909167433615
62.900000000000006,8.743434,18.406373153173874
62.900000000000006,8.944444,18.53705510570645
62.900000000000006,9.145455,18.66846736102804
62.900000000000006,9.346465,18.800160461276665
62.900000000000006,9.547475,18.913704187697007
62.900000000000006,9.748485,19.020648739044493
62.900000000000006,9.949495,19.127594265653848
62.900000000000006,10.15051,19.226196787294494
62.900000000000006,10.35152,19.322001824326346
62.900000000000006,10.55253,19.41780727985736
62.900000000000006,10.75354,19.501723362310198
62.900000000000006,10.95455,19.581959918550297
62.900000000000006,11.15556,19.66274649663042
62.900000000000006,11.35657,19.743683378526743
62.900000000000006,11.55758,19.812221217470796
62.900000000000006,11.75859,19.87733954746538
62.900000000000006,11.9596,19.942458206846368
62.900000000000006,12.16061,20.005049435312998
62.900000000000006,12.36162,20.06701142533102
62.900000000000006,12.56263,20.128973596898803
62.900000000000006,12.76364,20.18431668567336
62.900000000000006,12.96465,20.238140091419154
62.900000000000006,13.16566,20.292173361205744
62.900000000000006,13.36667,20.346266723540257
62.900000000000006,13.56768,20.393621158434616
62.900000000000006,13.76869,20.439645882031098
62.900000000000006,13.9697,20.485670706597606
62.900000000000006,14.17071,20.530996595731878
62.900000000000006,14.37172,20.576182720094298
62.900000000000006,14.57273,20.62137890499959
62.900000000000006,14.77374,20.662785304704315
62.900000000000006,14.97475,20.703601785431175
62.900000000000006,15.17576,20.744478144174693
62.900000000000006,15.37677,20.78535453694959
62.900000000000006,15.57778,20.822401258768934
62.900000000000006,15.77879,20.858928065681834
62.900000000000006,15.9798,20.895464921439014
62.900000000000006,16.18081,20.931792358831
62.900000000000006,16.38182,20.968089888582387
62.900000000000006,16.58283,21.004397450137052
62.900000000000006,16.78384,21.038235064209882
62.900000000000006,16.98485,21.071842712037366
62.900000000000006,17.18586,21.105460272680766
62.900000000000006,17.38687,21.139077857180215
62.900000000000006,17.58788,21.170155603988512
62.900000000000006,17.78889,21.20105338966518
62.900000000000006,17.9899,21.231951204926816
62.900000000000006,18.19091,21.262749396148156
62.900000000000006,18.39192,21.29353762638002
62.900000000000006,18.59293,21.324335876862733
62.900000000000006,18.79394,21.353254079332828
62.900000000000006,18.99495,21.382102301453813
62.900000000000006,19.19596,21.41095046664678
62.900000000000006,19.39697,21.43979865306844
62.900000000000006,19.59798,21.46666688071983
62.900000000000006,19.79899,21.49350513136874
62.900000000000006,20.0,21.5203434045786
63.2,0.1,4.958905857853394
63.2,0.3010101,6.956757577219288
63.2,0.5020202,7.81357341368675
63.2,0.7030303,8.329814610779277
63.2,0.9040404,8.7525885907651
63.2,1.105051,9.107277275046396
63.2,1.306061,9.420467320329266
63.2,1.507071,9.734052121338806
63.2,1.708081,10.02444100566114
63.2,1.909091,10.307041990692174
63.2,2.110101,10.583427346701802
63.2,2.311111,10.845993947727724
63.2,2.512121,11.108457037391988
63.2,2.713131,11.379261018621836
63.2,2.914141,11.648351148294347
63.2,3.115152,11.928094380028396
63.2,3.316162,12.205743025751225
63.2,3.517172,12.483383596371317
63.2,3.718182,12.761035962820412
63.2,3.919192,13.038680015188216
63.2,4.120202,13.31194771198592
63.2,4.321212,13.579893609292325
63.2,4.522222,13.84785108089147
63.2,4.723232,14.115810038120388
63.2,4.924242,14.383770397950322
63.2,5.125253,14.60703516025395
63.2,5.326263,14.803276791410754
63.2,5.527273,14.999509388888956
63.2,5.728283,15.195752914878423
63.2,5.929293,15.3953264887361
63.2,6.130303,15.662991384424986
63.2,6.331313,15.957030586051966
63.2,6.532323,16.25107222368213
63.2,6.733333,16.54510616803278
63.2,6.934343,16.82874964971574
63.2,7.135354,17.0537402069977
63.2,7.336364,17.24047205910055
63.2,7.537374,17.427217392439715
63.2,7.738384,17.61395609719122
63.2,7.939394,17.800708066442358
63.2,8.140404,17.964390453515996
63.2,8.341414,18.118111637206034
63.2,8.542424,18.271843829504732
63.2,8.743434,18.42556700730103
63.2,8.944444,18.574200674482427
63.2,9.145455,18.70002305764379
63.2,9.346465,18.806965779082425
63.2,9.547475,18.913909506204373
63.2,9.748485,19.020864222526544
63.2,9.949495,19.127809912468354
63.2,10.15051,19.22641255365218
63.2,10.35152,19.32221769558535
63.2,10.55253,19.418023253844286
63.2,10.75354,19.513819223557963
63.2,10.95455,19.605405664775567
63.2,11.15556,19.68181259289867
63.2,11.35657,19.746930329529388
63.2,11.55758,19.812048401474527
63.2,11.75859,19.877166805529072
63.2,11.9596,19.942295538388063
63.2,12.16061,20.00488682517022
63.2,12.36162,20.06684886943202
63.2,12.56263,20.1288110949111
63.2,12.76364,20.190773499896853
63.2,12.96465,20.250116363689774
63.2,13.16566,20.301520088281404
63.2,13.36667,20.34754464112641
63.2,13.56768,20.393569296196723
63.2,13.76869,20.439594052812694
63.2,13.9697,20.48561891032217
63.2,14.17071,20.53094482615498
63.2,14.37172,20.57613097602403
63.2,14.57273,20.62132718632173
63.2,14.77374,20.666523456720217
63.2,14.97475,20.710089851426517
63.2,15.17576,20.74932635817167
63.2,15.37677,20.785863086401537
63.2,15.57778,20.822399863981456
63.2,15.77879,20.85893669065122
63.2,15.9798,20.895463566208115
63.2,16.18081,20.931791019978704
63.2,16.38182,20.96808856575262
63.2,16.58283,21.00439614321072
63.2,16.78384,21.040693752354766
63.2,16.98485,21.075861402190977
63.2,17.18586,21.108319039872065
63.2,17.38687,21.13920677917907
63.2,17.58788,21.17010454827523
63.2,17.78889,21.201002347077015
63.2,17.9899,21.231900175425793
63.2,18.19091,21.262698377708812
63.2,18.39192,21.293496618765303
63.2,18.59293,21.32428488015152
63.2,18.79394,21.35508316169954
63.2,18.99495,21.3849514305086
63.2,19.19596,21.412839615081534
63.2,19.39697,21.439677830163316
63.2,19.59798,21.466526067969465
63.2,19.79899,21.493364328432722
63.2,20.0,21.520202611459137
63.5,0.1,4.973124603204961
63.5,0.3010101,6.978267355915809
63.5,0.5020202,7.839656012094533
63.5,0.7030303,8.357210779885698
63.5,0.9040404,8.775700139168547
63.5,1.105051,9.135620503762427
63.5,1.306061,9.447527053920618
63.5,1.507071,9.761105584660474
63.5,1.708081,10.051530724170467
63.5,1.909091,10.332912193161711
63.5,2.110101,10.606334169089973
63.5,2.311111,10.869556638521622
63.5,2.512121,11.132030092341779
63.5,2.713131,11.402776026960781
63.5,2.914141,11.65143105840823
63.5,3.115152,11.906105664110985
63.5,3.316162,12.183754845869512
63.5,3.517172,12.461405929553322
63.5,3.718182,12.767681602161963
63.5,3.919192,13.06148111459649
63.5,4.120202,13.328177695697587
63.5,4.321212,13.59485800811651
63.5,4.522222,13.862815913696107
63.5,4.723232,14.130775288232305
63.5,4.924242,14.39872604794122
63.5,5.125253,14.622001230335211
63.5,5.326263,14.818233291746429
63.5,5.527273,15.014476306895975
63.5,5.728283,15.210720240946808
63.5,5.929293,15.418224464757833
63.5,6.130303,15.684021655434513
63.5,6.331313,15.978061525026986
63.5,6.532323,16.272103803333636
63.5,6.733333,16.56613836375255
63.5,6.934343,16.815837010753675
63.5,7.135354,17.043534049257325
63.5,7.336364,17.243442002719007
63.5,7.537374,17.430177803858374
63.5,7.738384,17.616926965081056
63.5,7.939394,17.803669380622104
63.5,8.140404,17.967352076763834
63.5,8.341414,18.12108350761009
63.5,8.542424,18.27480594335926
63.5,8.743434,18.428539359804777
63.5,8.944444,18.56448328993255
63.5,9.145455,18.69408747089768
63.5,9.346465,18.80725093067342
63.5,9.547475,18.914204822656785
63.5,9.748485,19.021149702379585
63.5,9.949495,19.12809555365943
63.5,10.15051,19.226698315874067
63.5,10.35152,19.32250356473743
63.5,10.55253,19.41830922886901
63.5,10.75354,19.514115303257814
63.5,10.95455,19.597752371269515
63.5,11.15556,19.67822968001008
63.5,11.35657,19.74677744025536
63.5,11.55758,19.811905586079686
63.5,11.75859,19.87702406370575
63.5,11.9596,19.942142869766222
63.5,12.16061,20.004734215320674
63.5,12.36162,20.066696314520463
63.5,12.56263,20.12865859460066
63.5,12.76364,20.19062105389003
63.5,12.96465,20.245984636279882
63.5,13.16566,20.30008831126699
63.5,13.36667,20.347492753525223
63.5,13.56768,20.393517441447237
63.5,13.76869,20.439542230727767
63.5,13.9697,20.485567120717494
63.5,14.17071,20.530893063260883
63.5,14.37172,20.57608923865105
63.5,14.57273,20.621285474428834
63.5,14.77374,20.666471770259353
63.5,14.97475,20.707888398471535
63.5,15.17576,20.74879495215752
63.5,15.37677,20.78586168009748
63.5,15.57778,20.822398477326555
63.5,15.77879,20.858935323544106
63.5,15.9798,20.895472218559828
63.5,16.18081,20.931789688787315
63.5,16.38182,20.968097250448547
63.5,16.58283,21.00439484390575
63.5,16.78384,21.040692468910677
63.5,16.98485,21.074490254691003
63.5,17.18586,21.108077966241087
63.5,17.38687,21.13916571714117
63.5,17.58788,21.17006349925417
63.5,17.78889,21.200951311049188
63.5,17.9899,21.231849152367424
63.5,18.19091,21.262647365608768
63.5,18.39192,21.293445617548358
63.5,18.59293,21.324243889718428
63.5,18.79394,21.355032182097624
63.5,18.99495,21.383880512417008
63.5,19.19596,21.412658786533978
63.5,19.39697,21.43953701279024
63.5,19.59798,21.46637526037983
63.5,19.79899,21.493213530592747
63.5,20.0,21.520051823370334
63.8,0.1,4.985964673916155
63.8,0.3010101,6.998889309544118
63.8,0.5020202,7.8644358888374715
63.8,0.7030303,8.383515046300834
63.8,0.9040404,8.807926110845596
63.8,1.105051,9.163565997405524
63.8,1.306061,9.475100312774627
63.8,1.507071,9.786647935560298
63.8,1.708081,10.073785981130648
63.8,1.909091,10.352474228253064
63.8,2.110101,10.626025039413614
63.8,2.311111,10.889740271416937
63.8,2.512121,11.153453880884987
63.8,2.713131,11.383555677883113
63.8,2.914141,11.611295664892328
63.8,3.115152,11.888854424619268
63.8,3.316162,12.21793124339698
63.8,3.517172,12.541935322019315
63.8,3.718182,12.811501747565178
63.8,3.919192,13.081079829319457
63.8,4.120202,13.347777019533188
63.8,4.321212,13.61253384221604
63.8,4.522222,13.877640775473303
63.8,4.723232,14.14560056589317
63.8,4.924242,14.41356172503601
63.8,5.125253,14.636827331941655
63.8,5.326263,14.833069824554803
63.8,5.527273,15.031683125045458
63.8,5.728283,15.245436529765458
63.8,5.929293,15.459200901553642
63.8,6.130303,15.724998817871919
63.8,6.331313,16.01902951388475
63.8,6.532323,16.302400600940455
63.8,6.733333,16.530093829670303
63.8,6.934343,16.75778960081914
63.8,7.135354,16.98547781466205
63.8,7.336364,17.213178371301037
63.8,7.537374,17.433258196647092
63.8,7.738384,17.61999781732782
63.8,7.939394,17.806750682188326
63.8,8.140404,17.970433692735384
63.8,8.341414,18.124155380307478
63.8,8.542424,18.272657959994053
63.8,8.743434,18.401641118595318
63.8,8.944444,18.530625242384634
63.8,9.145455,18.660229549006964
63.8,9.346465,18.790084580552254
63.8,9.547475,18.914530152685295
63.8,9.748485,19.021475195146166
63.8,9.949495,19.128421206112254
63.8,10.15051,19.22702409001357
63.8,10.35152,19.3228294470455
63.8,10.55253,19.41449543262202
63.8,10.75354,19.49448241311329
63.8,10.95455,19.57446976766787
63.8,11.15556,19.65495711037054
63.8,11.35657,19.735574725058836
63.8,11.55758,19.811762779937496
63.8,11.75859,19.876881330849354
63.8,11.9596,19.942000209771155
63.8,12.16061,20.004601614148783
63.8,12.36162,20.06655376870976
63.8,12.56263,20.12600647760864
63.8,12.76364,20.179910162340576
63.8,12.96465,20.233803980232693
63.8,13.16566,20.287917660312797
63.8,13.36667,20.34206142270325
63.8,13.56768,20.3934755959086
63.8,13.76869,20.43950041768344
63.8,13.9697,20.48552533998849
63.8,14.17071,20.530841309306634
63.8,14.37172,20.57603751031971
63.8,14.57273,20.619663887709628
63.8,14.77374,20.66051052470622
63.8,14.97475,20.701357213831006
63.8,15.17576,20.74226378291922
63.8,15.37677,20.783180382318903
63.8,15.57778,20.82239709882328
63.8,15.77879,20.858933964531484
63.8,15.9798,20.895470878935953
63.8,16.18081,20.931798365422672
63.8,16.38182,20.968095943122417
63.8,16.58283,21.003273611358374
63.8,16.78384,21.036851393266332
63.8,16.98485,21.070429203855436
63.8,17.18586,21.10401692783895
63.8,17.38687,21.137604672754282
63.8,17.58788,21.170012456582942
63.8,17.78889,21.200910281264328
63.8,17.9899,21.2318081354461
63.8,18.19091,21.262606359648675
63.8,18.39192,21.29339462243114
63.8,18.59293,21.323262913930737
63.8,18.79394,21.352051235477546
63.8,18.99495,21.380839577112173
63.8,19.19596,21.409617861731395
63.8,19.39697,21.438396165469157
63.8,19.59798,21.466234457530344
63.8,19.79899,21.493072737445882
63.8,20.0,21.519911039901597
64.1,0.1,4.9988344115359205
64.1,0.3010101,7.019170984976267
64.1,0.5020202,7.888503465516622
64.1,0.7030303,8.409186236413039
64.1,0.9040404,8.829716144330824
64.1,1.105051,9.190131614912598
64.1,1.306061,9.501439235277287
64.1,1.507071,9.81174759096113
64.1,1.708081,10.097552599898805
64.1,1.909091,10.375436992761921
64.1,2.110101,10.648856253141854
64.1,2.311111,10.914018764813637
64.1,2.512121,11.181490968113643
64.1,2.713131,11.46150686401453
64.1,2.914141,11.714772947877345
64.1,3.115152,11.997272036917487
64.1,3.316162,12.291958243135694
64.1,3.517172,12.561533540622406
64.1,3.718182,12.831100574635391
64.1,3.919192,13.10067923596228
64.1,4.120202,13.367377016892268
64.1,4.321212,13.632134431954215
64.1,4.522222,13.896892981897503
64.1,4.723232,14.161652603070753
64.1,4.924242,14.428387663437908
64.1,5.125253,14.65165368653756
64.1,5.326263,14.858895964834616
64.1,5.527273,15.072658878990554
64.1,5.728283,15.286412786390773
64.1,5.929293,15.500167647590375
64.1,6.130303,15.765966280538533
64.1,6.331313,16.01665971808093
64.1,6.532323,16.244351540129877
64.1,6.733333,16.472035990248113
64.1,6.934343,16.699732957780146
64.1,7.135354,16.92742234415496
64.1,7.336364,17.155124051108302
64.1,7.537374,17.38281798743279
64.1,7.738384,17.61052406763413
64.1,7.939394,17.80982204984485
64.1,8.140404,17.97350537486548
64.1,8.341414,18.10982703605516
64.1,8.542424,18.238799582064175
64.1,8.743434,18.367783111610567
64.1,8.944444,18.49675760319212
64.1,9.145455,18.626372032841406
64.1,9.346465,18.75622709641896
64.1,9.547475,18.886073171903586
64.1,9.748485,19.015930238142904
64.1,9.949495,19.12874688700771
64.1,10.15051,19.22734989303316
64.1,10.35152,19.311236003171345
64.1,10.55253,19.391222711393755
64.1,10.75354,19.47120979736823
64.1,10.95455,19.551197257542302
64.1,11.15556,19.631674634903256
64.1,11.35657,19.71229226338708
64.1,11.55758,19.79292027279451
64.1,11.75859,19.873548658617395
64.1,11.9596,19.941857566756617
64.1,12.16061,20.004459030109526
64.1,12.36162,20.059932223850783
64.1,12.56263,20.113835797021075
64.1,12.76364,20.167739504297906
64.1,12.96465,20.22163334469455
64.1,13.16566,20.275747029986505
64.1,13.36667,20.32989079388319
64.1,13.56768,20.38403469725322
64.1,13.76869,20.438188738915354
64.1,13.9697,20.48547357034191
64.1,14.17071,20.530799566270776
64.1,14.37172,20.572276069929107
64.1,14.57273,20.61312267405721
64.1,14.77374,20.6539693304919
64.1,14.97475,20.694816038994855
64.1,15.17576,20.735732623484324
64.1,15.37677,20.776649237709908
64.1,15.57778,20.817555906828183
64.1,15.77879,20.858472630370816
64.1,15.9798,20.895479547403564
64.1,16.18081,20.931797050271516
64.1,16.38182,20.96563477398505
64.1,16.58283,20.99921254051114
64.1,16.78384,21.032790335818667
64.1,16.98485,21.066368159830798
64.1,17.18586,21.099955896181168
64.1,17.38687,21.133543653411802
64.1,17.58788,21.16713144087262
64.1,17.78889,21.20071925847854
64.1,17.9899,21.231757124454187
64.1,18.19091,21.262555359608616
64.1,18.39192,21.291433650775893
64.1,18.59293,21.32022196297678
64.1,18.79394,21.349010295294136
64.1,18.99495,21.377798647646355
64.1,19.19596,21.406576942816532
64.1,19.39697,21.435355257048457
64.1,19.59798,21.46413359225566
64.1,19.79899,21.492921948320706
64.1,20.0,21.519770260756186
64.4,0.1,5.010955108590393
64.4,0.3010101,7.039341979078672
64.4,0.5020202,7.910957699078303
64.4,0.7030303,8.434556908672311
64.4,0.9040404,8.860349019521044
64.4,1.105051,9.216049866718997
64.4,1.306061,9.525892595718148
64.4,1.507071,9.836199429009353
64.4,1.708081,10.121956477229057
64.4,1.909091,10.39947260016609
64.4,2.110101,10.655043833569458
64.4,2.311111,10.922480940885377
64.4,2.512121,11.195754468160837
64.4,2.713131,11.476412086029297
64.4,2.914141,11.762745835969534
64.4,3.115152,12.041910256453134
64.4,3.316162,12.311474217255508
64.4,3.517172,12.581050002865036
64.4,3.718182,12.85062750224951
64.4,3.919192,13.120196609380116
64.4,4.120202,13.38689484888502
64.4,4.321212,13.651652725216174
64.4,4.522222,13.91641171728576
64.4,4.723232,14.181171762602089
64.4,4.924242,14.44554279730629
64.4,5.125253,14.66620345908814
64.4,5.326263,14.87995574415444
64.4,5.527273,15.093709053410395
64.4,5.728283,15.307473342017403
64.4,5.929293,15.521228573354113
64.4,6.130303,15.773516702369328
64.4,6.331313,16.001206582509226
64.4,6.532323,16.228889184634788
64.4,6.733333,16.456584392463895
64.4,6.934343,16.68427210244726
64.4,7.135354,16.911972211485825
64.4,7.336364,17.13966462400357
64.4,7.537374,17.367369250355928
64.4,7.738384,17.595066003635317
64.4,7.939394,17.813962679309242
64.4,8.140404,17.970178314275397
64.4,8.341414,18.09916010695504
64.4,8.542424,18.228132900441025
64.4,8.743434,18.357116673823743
64.4,8.944444,18.486091407131784
64.4,9.145455,18.615705995782346
64.4,9.346465,18.745561186435555
64.4,9.547475,18.875407387809073
64.4,9.748485,19.005264578768077
64.4,9.949495,19.129262499582378
64.4,10.15051,19.22336629017397
64.4,10.35152,19.303352708355714
64.4,10.55253,19.383339508929964
64.4,10.75354,19.463326687196393
64.4,10.95455,19.543314238504493
64.4,11.15556,19.623791684037254
64.4,11.35657,19.704419374111428
64.4,11.55758,19.785047444887496
64.4,11.75859,19.865665891838727
64.4,11.9596,19.941704917366078
64.4,12.16061,20.0019071065795
64.4,12.36162,20.055810577816686
64.4,12.56263,20.109704184229145
64.4,12.76364,20.16360792450337
64.4,12.96465,20.217511797660446
64.4,13.16566,20.27161551122311
64.4,13.36667,20.32575930222311
64.4,13.56768,20.37991323250357
64.4,13.76869,20.434057301149803
64.4,13.9697,20.485421831621032
64.4,14.17071,20.529258054708063
64.4,14.37172,20.570104626679782
64.4,14.57273,20.61095125119689
64.4,14.77374,20.651797928016723
64.4,14.97475,20.692644656759434
64.4,15.17576,20.733551261033586
64.4,15.37677,20.774467894843045
64.4,15.57778,20.815384583418282
64.4,15.77879,20.856301326436956
64.4,15.9798,20.895478241093578
64.4,16.18081,20.930705886619037
64.4,16.38182,20.964283637587638
64.4,16.58283,20.997861417497486
64.4,16.78384,21.031439226177792
64.4,16.98485,21.06501706346158
64.4,17.18586,21.098604813301606
64.4,17.38687,21.13219258393751
64.4,17.58788,21.165780384821844
64.4,17.78889,21.199358215793826
64.4,17.9899,21.231716134154873
64.4,18.19091,21.2615844363872
64.4,18.39192,21.290372738404326
64.4,18.59293,21.31915106063097
64.4,18.79394,21.347939402909283
64.4,18.99495,21.37672776519664
64.4,19.19596,21.405506070534013
64.4,19.39697,21.434294394878798
64.4,19.59798,21.463072740182348
64.4,19.79899,21.49185110637732
64.4,20.0,21.51962949965955
64.7,0.1,5.02312162177029
64.7,0.3010101,7.0592903075568465
64.7,0.5020202,7.934671432022803
64.7,0.7030303,8.459125534078636
64.7,0.9040404,8.886010868029102
64.7,1.105051,9.241778507448448
64.7,1.306061,9.550728075383338
64.7,1.507071,9.859988900347066
64.7,1.708081,10.135720596870462
64.7,1.909091,10.374969924710257
64.7,2.110101,10.623970804742612
64.7,2.311111,10.907069838583931
64.7,2.512121,11.19849731752862
64.7,2.713131,11.489940655412306
64.7,2.914141,11.781379420369094
64.7,3.115152,12.060575796554167
64.7,3.316162,12.330636538815776
64.7,3.517172,12.600411861807029
64.7,3.718182,12.869979572808338
64.7,3.919192,13.139558877196144
64.7,4.120202,13.40625733275069
64.7,4.321212,13.671015430298944
64.7,4.522222,13.93577463362982
64.7,4.723232,14.198524846740222
64.7,4.924242,14.460016033945793
64.7,5.125253,14.677877348740806
64.7,5.326263,14.869352983788135
64.7,5.527273,15.074937565593027
64.7,5.728283,15.28869200591422
64.7,5.929293,15.502447383984478
64.7,6.130303,15.763687870074847
64.7,6.331313,16.050671828691048
64.7,6.532323,16.29862901300526
64.7,6.733333,16.52632406164412
64.7,6.934343,16.754011604331343
64.7,7.135354,16.981711541702825
64.7,7.336364,17.209403778678077
64.7,7.537374,17.43710822340939
64.7,7.738384,17.633837051094215
64.7,7.939394,17.816565075640817
64.7,8.140404,17.977241430170523
64.7,8.341414,18.128405681071715
64.7,8.542424,18.26385916262198
64.7,8.743434,18.39283292898067
64.7,8.944444,18.521817652998234
64.7,9.145455,18.65142247405857
64.7,9.346465,18.78127798386634
64.7,9.547475,18.911134497902907
64.7,9.748485,19.02341122137444
64.7,9.949495,19.129478577809643
64.7,10.15051,19.227412375257448
64.7,10.35152,19.322618491732516
64.7,10.55253,19.406275268744306
64.7,10.75354,19.48625251015877
64.7,10.95455,19.566240123521446
64.7,11.15556,19.64672770605794
64.7,11.35657,19.727345553771777
64.7,11.55758,19.8079737803879
64.7,11.75859,19.876392933280748
64.7,11.9596,19.941552539948646
64.7,12.16061,20.00420452277827
64.7,12.36162,20.066217207043326
64.7,12.56263,20.121670710114962
64.7,12.76364,20.17556450428717
64.7,12.96465,20.229468430849117
64.7,13.16566,20.28357221854871
64.7,13.36667,20.337716087727625
64.7,13.56768,20.391870095654223
64.7,13.76869,20.43926503255473
64.7,13.9697,20.485370218369535
64.7,14.17071,20.53076639372965
64.7,14.37172,20.57603278769278
64.7,14.57273,20.61750940658745
64.7,14.77374,20.658356105518813
64.7,14.97475,20.69920285633876
64.7,15.17576,20.74010948887961
64.7,15.37677,20.781026151773517
64.7,15.57778,20.821942869301633
64.7,15.77879,20.858949905236386
64.7,15.9798,20.895477018849984
64.7,16.18081,20.931804664913198
64.7,16.38182,20.968102395344903
64.7,16.58283,21.00193018535817
64.7,16.78384,21.03550800720122
64.7,16.98485,21.069085857630057
64.7,17.18586,21.102663623065453
64.7,17.38687,21.13625140943022
64.7,17.58788,21.169839225987158
64.7,17.78889,21.200847193423275
64.7,17.9899,21.231675195387606
64.7,18.19091,21.262423537933742
64.7,18.39192,21.293171915699016
64.7,18.59293,21.32204024891299
64.7,18.79394,21.350818599573984
64.7,18.99495,21.379606970180916
64.7,19.19596,21.408385284975083
64.7,19.39697,21.4371736187781
64.7,19.59798,21.465951973537507
64.7,19.79899,21.492730361459
64.7,20.0,21.51948877001807
65.0,0.1,5.035651943410495
65.0,0.3010101,7.079224507829035
65.0,0.5020202,7.958982689354175
65.0,0.7030303,8.484351271983835
65.0,0.9040404,8.906828578895368
65.0,1.105051,9.267977929599024
65.0,1.306061,9.576927826595535
65.0,1.507071,9.887674669065573
65.0,1.708081,10.17910646750215
65.0,1.909091,10.427945953403908
65.0,2.110101,10.67679181049093
65.0,2.311111,10.941941271996578
65.0,2.512121,11.217140933770064
65.0,2.713131,11.50858087086593
65.0,2.914141,11.800016394405972
65.0,3.115152,12.079211070300564
65.0,3.316162,12.349271201191103
65.0,3.517172,12.619322833885018
65.0,3.718182,12.889341804303452
65.0,3.919192,13.158921305780549
65.0,4.120202,13.425609971773813
65.0,4.321212,13.690028279693852
65.0,4.522222,13.951517629424583
65.0,4.723232,14.213008023937814
65.0,4.924242,14.474499406609702
65.0,5.125253,14.692360971325563
65.0,5.326263,14.883836885898582
65.0,5.527273,15.075313612288776
65.0,5.728283,15.2699207203623
65.0,5.929293,15.483676244848576
65.0,6.130303,15.74490696302425
65.0,6.331313,16.031901192484664
65.0,6.532323,16.318897593981205
65.0,6.733333,16.596063838943664
65.0,6.934343,16.823751216256
65.0,7.135354,17.05145098187127
65.0,7.336364,17.271010861302823
65.0,7.537374,17.453723541525527
65.0,7.738384,17.636449125257503
65.0,7.939394,17.819167525597543
65.0,8.140404,17.979854128530942
65.0,8.341414,18.131018572815762
65.0,8.542424,18.282183887215854
65.0,8.743434,18.428559540979148
65.0,8.944444,18.55753425375802
65.0,9.145455,18.687149303412426
65.0,9.346465,18.81150487768634
65.0,9.547475,18.917560572587934
65.0,9.748485,19.023627177961714
65.0,9.949495,19.129694679517165
65.0,10.15051,19.227628584325853
65.0,10.35152,19.322834794048177
65.0,10.55253,19.418031390840785
65.0,10.75354,19.509188455123272
65.0,10.95455,19.589176129847008
65.0,11.15556,19.669653848834706
65.0,11.35657,19.74592206060928
65.0,11.55758,19.81108113246239
65.0,11.75859,19.876240505390008
65.0,11.9596,19.94140017649137
65.0,12.16061,20.0040422103109
65.0,12.36162,20.06605494186005
65.0,12.56263,20.12807783649485
65.0,12.76364,20.187521140367938
65.0,12.96465,20.241425120200827
65.0,13.16566,20.295528981800057
65.0,13.36667,20.347003250704347
65.0,13.56768,20.39310827771563
65.0,13.76869,20.439213399136953
65.0,13.9697,20.48531861433579
65.0,14.17071,20.530714813529755
65.0,14.37172,20.57598123030541
65.0,14.57273,20.6212577033265
65.0,14.77374,20.66490430231203
65.0,14.97475,20.705751075120727
65.0,15.17576,20.746657735905742
65.0,15.37677,20.785904543354558
65.0,15.57778,20.822431585624575
65.0,15.77879,20.858958672418616
65.0,15.9798,20.89548580350363
65.0,16.18081,20.931803464146245
65.0,16.38182,20.968101208734836
65.0,16.58283,21.004408982118832
65.0,16.78384,21.039566797952077
65.0,16.98485,21.073144661474597
65.0,17.18586,21.106732442423915
65.0,17.38687,21.13913030091265
65.0,17.58788,21.169968261210325
65.0,17.78889,21.200806248196503
65.0,17.9899,21.231644261754187
65.0,18.19091,21.262392614126668
65.0,18.39192,21.293131001606593
65.0,18.59293,21.323879407361762
65.0,18.79394,21.353707801157626
65.0,18.99495,21.382486180112267
65.0,19.19596,21.41127450431894
65.0,19.39697,21.439072853573176
65.0,19.59798,21.46584122986286
65.0,19.79899,21.492599626790067
65.0,20.0,21.519358044192586
65.3,0.1,5.048274311431865
65.3,0.3010101,7.098529919932978
65.3,0.5020202,7.981999436151643
65.3,0.7030303,8.50895754084778
65.3,0.9040404,8.937603414881579
65.3,1.105051,9.2947740008269
65.3,1.306061,9.606264526165225
65.3,1.507071,9.917771054795315
65.3,1.708081,10.209093858463863
65.3,1.909091,10.493692667888254
65.3,2.110101,10.771887628110578
65.3,2.311111,11.038608581652477
65.3,2.512121,11.30532219971117
65.3,2.713131,11.568193598668042
65.3,2.914141,11.830918967666307
65.3,3.115152,12.09784964502858
65.3,3.316162,12.367909094273994
65.3,3.517172,12.637960073571804
65.3,3.718182,12.908022483835179
65.3,3.919192,13.178086240482438
65.3,4.120202,13.44302272167936
65.3,4.321212,13.704511183208718
65.3,4.522222,13.966000742545507
65.3,4.723232,14.227491337896128
65.3,4.924242,14.488982913168382
65.3,5.125253,14.706844725330134
65.3,5.326263,14.898320917201564
65.3,5.527273,15.089787913801175
65.3,5.728283,15.281265683429424
65.3,5.929293,15.472744198102347
65.3,6.130303,15.726136106130673
65.3,6.331313,16.013130607919702
65.3,6.532323,16.300127274668984
65.3,6.733333,16.587115992414276
65.3,6.934343,16.874116656492603
65.3,7.135354,17.090892134967966
65.3,7.336364,17.27361221628461
65.3,7.537374,17.456335287694667
65.3,7.738384,17.639051255689893
65.3,7.939394,17.821780030448718
65.3,8.140404,17.98245688180756
65.3,8.341414,18.133621518932678
65.3,8.542424,18.28478702286068
65.3,8.743434,18.43595337226953
65.3,8.944444,18.587120545849622
65.3,9.145455,18.705655644599606
65.3,9.346465,18.811720562408926
65.3,9.547475,18.917786405969718
65.3,9.748485,19.02385315856285
65.3,9.949495,19.12991080584546
65.3,10.15051,19.22784481675216
65.3,10.35152,19.323051120175126
65.3,10.55253,19.418257809040313
65.3,10.75354,19.513454878383754
65.3,10.95455,19.60866232280326
65.3,11.15556,19.68061068325066
65.3,11.35657,19.74576951669752
65.3,11.55758,19.810928653779715
65.3,11.75859,19.876078091615735
65.3,11.9596,19.941237827087654
65.3,12.16061,20.003889911663823
65.3,12.36162,20.065902690458717
65.3,12.56263,20.127915632137785
65.3,12.76364,20.189938735128298
65.3,12.96465,20.2519519981068
65.3,13.16566,20.30085660568695
65.3,13.36667,20.34696156740557
65.3,13.56768,20.393056624114998
65.3,13.76869,20.439161775031614
65.3,13.9697,20.485267019583098
65.3,14.17071,20.530663242596447
65.3,14.37172,20.57592968212685
65.3,14.57273,20.621206177769
65.3,14.77374,20.66648272928915
65.3,14.97475,20.711749336342574
65.3,15.17576,20.749376267297443
65.3,15.37677,20.785903282449908
65.3,15.57778,20.82243034230051
65.3,15.77879,20.858957446613573
65.3,15.9798,20.895484595156358
65.3,16.18081,20.93181227026625
65.3,16.38182,20.968110029000872
65.3,16.58283,21.004407816529124
65.3,16.78384,21.040705632701982
65.3,16.98485,21.07700347737146
65.3,17.18586,21.108251392234845
65.3,17.38687,21.13908933745606
65.3,17.58788,21.169927309476417
65.3,17.78889,21.20076530812245
65.3,17.9899,21.231603333306175
65.3,18.19091,21.26235169549643
65.3,18.39192,21.293090092672532
65.3,18.59293,21.32383850806896
65.3,18.79394,21.354576941707947
65.3,18.99495,21.385325393384637
65.3,19.19596,21.412183740440657
65.3,19.39697,21.43894210501346
65.3,19.59798,21.46570049024446
65.3,19.79899,21.492468895973616
65.3,20.0,21.519227322215176
65.6,0.1,5.061028768869233
65.6,0.3010101,7.11783544406912
65.6,0.5020202,8.005295136195526
65.6,0.7030303,8.534178116875026
65.6,0.9040404,8.959555844257459
65.6,1.105051,9.322295556502745
65.6,1.306061,9.635089793254545
65.6,1.507071,9.946983106756662
65.6,1.708081,10.238424715239848
65.6,1.909091,10.520077276619835
65.6,2.110101,10.79302913382551
65.6,2.311111,11.051215820125705
65.6,2.512121,11.31710984006551
65.6,2.713131,11.580050401136182
65.6,2.914141,11.80026094599651
65.6,3.115152,12.04638529679662
65.6,3.316162,12.316444146773321
65.6,3.517172,12.615409481700471
65.6,3.718182,12.934006219338201
65.6,3.919192,13.198506518901876
65.6,4.120202,13.459516657493173
65.6,4.321212,13.718493840362003
65.6,4.522222,13.979983607786325
65.6,4.723232,14.241474402566109
65.6,4.924242,14.502966167874124
65.6,5.125253,14.720828229625312
65.6,5.326263,14.912304700959519
65.6,5.527273,15.103771967985086
65.6,5.728283,15.297669559444978
65.6,5.929293,15.506355283245192
65.6,6.130303,15.765806713762855
65.6,6.331313,16.052791909846153
65.6,6.532323,16.33978923957616
65.6,6.733333,16.616096842020482
65.6,6.934343,16.83863774896178
65.6,7.135354,17.06118081596165
65.6,7.336364,17.276523382795304
65.6,7.537374,17.45924685429621
65.6,7.738384,17.64196321278425
65.6,7.939394,17.8246923704161
65.6,8.140404,17.98536949037878
65.6,8.341414,18.136534345845917
65.6,8.542424,18.28770006437809
65.6,8.743434,18.433726397934162
65.6,8.944444,18.561112752800238
65.6,9.145455,18.68901940182882
65.6,9.346465,18.812046224364327
65.6,9.547475,18.918112214187705
65.6,9.748485,19.02417911200985
65.6,9.949495,19.130246903314873
65.6,10.15051,19.22817102354583
65.6,10.35152,19.3233774235105
65.6,10.55253,19.418584208524177
65.6,10.75354,19.509661588440164
65.6,10.95455,19.589399913519163
65.6,11.15556,19.669588270481622
65.6,11.35657,19.745636963155945
65.6,11.55758,19.810796164920788
65.6,11.75859,19.87595566690578
65.6,11.9596,19.941105466272827
65.6,12.16061,20.003757602416382
65.6,12.36162,20.065770429478757
65.6,12.56263,20.12779341909572
65.6,12.76364,20.187256892274938
65.6,12.96465,20.241231196212183
65.6,13.16566,20.295395385024054
65.6,13.36667,20.34690988803793
65.6,13.56768,20.393014973828677
65.6,13.76869,20.439120153759365
65.6,13.9697,20.4852154272658
65.6,14.17071,20.530621674088085
65.6,14.37172,20.575888136521176
65.6,14.57273,20.621164655000992
65.6,14.77374,20.664821343532555
65.6,14.97475,20.70570827961323
65.6,15.17576,20.746645106231664
65.6,15.37677,20.785912028054153
65.6,15.57778,20.82243910519088
65.6,15.77879,20.858966226729507
65.6,15.9798,20.89549339243761
65.6,16.18081,20.931811082073533
65.6,16.38182,20.968118854894062
65.6,16.58283,21.00441665650764
65.6,16.78384,21.039564542240708
65.6,16.98485,21.07311253228619
65.6,17.18586,21.10667044049817
65.6,17.38687,21.139058380225734
65.6,17.58788,21.169886363759485
65.6,17.78889,21.20072437390056
65.6,17.9899,21.231562410517714
65.6,18.19091,21.26231078246994
65.6,18.39192,21.29305918925524
65.6,18.59293,21.323797614308216
65.6,18.79394,21.35359606320912
65.6,18.99495,21.382324536710364
65.6,19.19596,21.41104295548888
65.6,19.39697,21.438811361485246
65.6,19.59798,21.465569755477492
65.6,19.79899,21.4923281699784
65.6,20.0,21.519096604906316
65.9,0.1,5.073691353681145
65.9,0.3010101,7.137632549189722
65.9,0.5020202,8.02773999202384
65.9,0.7030303,8.559958105763716
65.9,0.9040404,8.990720824950383
65.9,1.105051,9.34930744983924
65.9,1.306061,9.662100893217621
65.9,1.507071,9.974852203710672
65.9,1.708081,10.261934537234547
65.9,1.909091,10.542804443586746
65.9,2.110101,10.815815550335733
65.9,2.311111,11.074001854830238
65.9,2.512121,11.333781731255758
65.9,2.713131,11.581852730003613
65.9,2.914141,11.801692896524841
65.9,3.115152,12.074410917418923
65.9,3.316162,12.3983873433027
65.9,3.517172,12.687692211887505
65.9,3.718182,12.952181263729408
65.9,3.919192,13.216681496408162
65.9,4.120202,13.477701723056848
65.9,4.321212,13.736378917552019
65.9,4.522222,13.995057241727977
65.9,4.723232,14.255457608920722
65.9,4.924242,14.516949563851053
65.9,5.125253,14.734811870155788
65.9,5.326263,14.926288618686842
65.9,5.527273,15.12865413500539
65.9,5.728283,15.337339381285489
65.9,5.929293,15.546025523728478
65.9,6.130303,15.805467560154444
65.9,6.331313,16.092463441640344
65.9,6.532323,16.33702445997326
65.9,6.733333,16.559564128752726
65.9,6.934343,16.782106027343236
65.9,7.135354,17.00465006818919
65.9,7.336364,17.22719616918136
65.9,7.537374,17.449744249702203
65.9,7.738384,17.644875226661178
65.9,7.939394,17.827604765664884
65.9,8.140404,17.988282154406594
65.9,8.341414,18.1394472269341
65.9,8.542424,18.273762478710115
65.9,8.743434,18.401138319179594
65.9,8.944444,18.528525015840266
65.9,9.145455,18.65643179293144
65.9,9.346465,18.784549187509327
65.9,9.547475,18.912677486185434
65.9,9.748485,19.024505090854237
65.9,9.949495,19.1305730250294
65.9,10.15051,19.22849725430378
65.9,10.35152,19.323703751259174
65.9,10.55253,19.407171273301003
65.9,10.75354,19.486909347504866
65.9,10.95455,19.566647763042493
65.9,11.15556,19.646826145935293
65.9,11.35657,19.72714477163831
65.9,11.55758,19.807463746319662
65.9,11.75859,19.875823256719976
65.9,11.9596,19.940983119829454
65.9,12.16061,20.00362530758578
65.9,12.36162,20.06564818279407
65.9,12.56263,20.12115206113894
65.9,12.76364,20.175126264211457
65.9,12.96465,20.229090589054525
65.9,13.16566,20.28325478268561
65.9,13.36667,20.33745905042779
65.9,13.56768,20.391663445771016
65.9,13.76869,20.43906854205705
65.9,13.9697,20.48517384436194
65.9,14.17071,20.530570115102083
65.9,14.37172,20.575846600353337
65.9,14.57273,20.61734341227842
65.9,14.77374,20.658230317208012
65.9,14.97475,20.69911727003833
65.9,15.17576,20.740054109640898
65.9,15.37677,20.781000976758623
65.9,15.57778,20.821957894319254
65.9,15.77879,20.858975013897687
65.9,15.9798,20.895502196758773
65.9,16.18081,20.93181990085964
65.9,16.38182,20.968117687849332
65.9,16.58283,21.001915625361846
65.9,16.78384,21.035463601188994
65.9,16.98485,21.069011603021174
65.9,17.18586,21.102569522089528
65.9,17.38687,21.13612745982898
65.9,17.58788,21.169685425020663
65.9,17.78889,21.200693444804916
65.9,17.9899,21.231521492887705
65.9,18.19091,21.262269874594402
65.9,18.39192,21.293018291020015
65.9,18.59293,21.321826737331296
65.9,18.79394,21.350545202409148
65.9,18.99495,21.37926368565196
65.9,19.19596,21.407982113922216
65.9,19.39697,21.43670055941516
65.9,19.59798,21.465419023965094
65.9,19.79899,21.492197447822235
65.9,20.0,21.518965891463576
66.2,0.1,5.085655287866317
66.2,0.3010101,7.157185439942977
66.2,0.5020202,8.050611407780274
66.2,0.7030303,8.583897981922892
66.2,0.9040404,9.01665181856047
66.2,1.105051,9.375671808458927
66.2,1.306061,9.68829511609517
66.2,1.507071,10.000842652779548
66.2,1.708081,10.286709745705078
66.2,1.909091,10.563623685476712
66.2,2.110101,10.835795992336134
66.2,2.311111,11.097283823053735
66.2,2.512121,11.359263432302829
66.2,2.713131,11.632384734900603
66.2,2.914141,11.903556687939643
66.2,3.115152,12.17687334788913
66.2,3.316162,12.44136973242184
66.2,3.517172,12.705867454562197
66.2,3.718182,12.970366435045365
66.2,3.919192,13.234866595844213
66.2,4.120202,13.495886908819623
66.2,4.321212,13.754564288807284
66.2,4.522222,14.013232789702979
66.2,4.723232,14.271912348962617
66.2,4.924242,14.530933098191044
66.2,5.125253,14.750955229566816
66.2,5.326263,14.959639024979595
66.2,5.527273,15.168323778783513
66.2,5.728283,15.377009451956953
66.2,5.929293,15.58568600821889
66.2,6.130303,15.83541701918924
66.2,6.331313,16.057952996372236
66.2,6.532323,16.280491372989292
66.2,6.733333,16.50303205196457
66.2,6.934343,16.725574941413928
66.2,7.135354,16.94811995425286
66.2,7.336364,17.170667007909724
66.2,7.537374,17.39321602406566
66.2,7.738384,17.61576692833203
66.2,7.939394,17.830517216926303
66.2,8.140404,17.98641469439966
66.2,8.341414,18.113799117319218
66.2,8.542424,18.241174430238438
66.2,8.743434,18.368550614352987
66.2,8.944444,18.495937652107138
66.2,9.145455,18.623844553823165
66.2,9.346465,18.751961993810486
66.2,9.547475,18.880090337588886
66.2,9.748485,19.00820956790376
66.2,9.949495,19.130899171401705
66.2,10.15051,19.224943735766832
66.2,10.35152,19.304681206310786
66.2,10.55253,19.384409026788976
66.2,10.75354,19.46414719171262
66.2,10.95455,19.543885697523468
66.2,11.15556,19.624074105819716
66.2,11.35657,19.704392738493542
66.2,11.55758,19.784711720496627
66.2,11.75859,19.86503104763629
66.2,11.9596,19.940850787859134
66.2,12.16061,20.001073352523832
66.2,12.36162,20.055047330188252
66.2,12.56263,20.109011431554705
66.2,12.76364,20.16298565546787
66.2,12.96465,20.216960001027854
66.2,13.16566,20.271124199435654
66.2,13.36667,20.325328468565242
66.2,13.56768,20.379532865402943
66.2,13.76869,20.43373738889453
66.2,13.9697,20.48513227087051
66.2,14.17071,20.52898867875965
66.2,14.37172,20.56986550398965
66.2,14.57273,20.610752377545367
66.2,14.77374,20.6516392992702
66.2,14.97475,20.692516268900373
66.2,15.17576,20.733463121489283
66.2,15.37677,20.774410001020623
66.2,15.57778,20.815356931078423
66.2,15.77879,20.85631391125219
66.2,15.9798,20.895501008168168
66.2,16.18081,20.93071878137481
66.2,16.38182,20.964266716757276
66.2,16.58283,20.997814678361866
66.2,16.78384,21.031362666033523
66.2,16.98485,21.06492067960427
66.2,17.18586,21.098468609566577
66.2,17.38687,21.132026558054623
66.2,17.58788,21.16558453396613
66.2,17.78889,21.199142537170175
66.2,17.9899,21.23149058043372
66.2,18.19091,21.261318977382427
66.2,18.39192,21.290047415591033
66.2,18.59293,21.318765872152575
66.2,18.79394,21.347494346894205
66.2,18.99495,21.376212839786973
66.2,19.19596,21.404931277545707
66.2,19.39697,21.433649732500275
66.2,19.59798,21.462368206514554
66.2,19.79899,21.491086699461267
66.2,20.0,21.51882518191788
66.5,0.1,5.097309520117915
66.5,0.3010101,7.176202839492916
66.5,0.5020202,8.07395933231162
66.5,0.7030303,8.608269288767541
66.5,0.9040404,9.036593828801061
66.5,1.105051,9.400657225698563
66.5,1.306061,9.711492196554277
66.5,1.507071,10.024041920663217
66.5,1.708081,10.309957409528547
66.5,1.909091,10.574555712685681
66.5,2.110101,10.820611930337751
66.5,2.311111,11.08256486911948
66.5,2.512121,11.355213917112197
66.5,2.713131,11.634680534623906
66.5,2.914141,11.920479375677823
66.5,3.115152,12.194417081988458
66.5,3.316162,12.459162953377867
66.5,3.517172,12.723660631896479
66.5,3.718182,12.98815956746502
66.5,3.919192,13.25265968614364
66.5,4.120202,13.513670126869748
66.5,4.321212,13.772347739680976
66.5,4.522222,14.031026462587473
66.5,4.723232,14.289706234058634
66.5,4.924242,14.546686848980661
66.5,5.125253,14.759689657683653
66.5,5.326263,14.960325327926105
66.5,5.527273,15.169010314124103
66.5,5.728283,15.377696213344015
66.5,5.929293,15.586382988912648
66.5,6.130303,15.84154701994906
66.5,6.331313,16.084147559292013
66.5,6.532323,16.30668619629192
66.5,6.733333,16.529227123983095
66.5,6.934343,16.751770252075037
66.5,7.135354,16.97431549402216
66.5,7.336364,17.196862767748513
66.5,7.537374,17.419411995399685
66.5,7.738384,17.641963103021748
66.5,7.939394,17.834279409430067
66.5,8.140404,17.99214925008353
66.5,8.341414,18.125864515096474
66.5,8.542424,18.2532499298641
66.5,8.743434,18.380626214791675
66.5,8.944444,18.508003350269185
66.5,9.145455,18.63592041929213
66.5,9.346465,18.764038050936886
66.5,9.547475,18.89215658339081
66.5,9.748485,19.02027599966939
66.5,9.949495,19.131365362494773
66.5,10.15051,19.228650366995048
66.5,10.35152,19.312047810991714
66.5,10.55253,19.391785700221323
66.5,10.75354,19.47151393421703
66.5,10.95455,19.551252508070817
66.5,11.15556,19.631441007873782
66.5,11.35657,19.711759738212468
66.5,11.55758,19.792078816957712
66.5,11.75859,19.87239823992924
66.5,11.9596,19.940698523852305
66.5,12.16061,20.003391157923893
66.5,12.36162,20.058945028660528
66.5,12.56263,20.11291916838128
66.5,12.76364,20.166893430502
66.5,12.96465,20.22085781407796
66.5,13.16566,20.27502205777071
66.5,13.36667,20.329226373476082
66.5,13.56768,20.383430816616166
66.5,13.76869,20.437635386140865
66.5,13.9697,20.485070765846686
66.5,14.17071,20.530537198553528
66.5,14.37172,20.57207401237093
66.5,14.57273,20.612950905142473
66.5,14.77374,20.653837845907393
66.5,14.97475,20.694724834440738
66.5,15.17576,20.73566170862278
66.5,15.37677,20.77661860999879
66.5,15.57778,20.81756556180021
66.5,15.77879,20.858512563739165
66.5,15.9798,20.89550987127761
66.5,16.18081,20.931827700496058
66.5,16.38182,20.96564564382856
66.5,16.58283,20.999193617240927
66.5,16.78384,21.03274161665169
66.5,16.98485,21.066289641994697
66.5,17.18586,21.099847584842582
66.5,17.38687,21.133405546316702
66.5,17.58788,21.166963535171316
66.5,17.78889,21.200521551275727
66.5,17.9899,21.231459706629973
66.5,18.19091,21.262158179715087
66.5,18.39192,21.29096662890019
66.5,18.59293,21.31969509364316
66.5,18.79394,21.34841357661413
66.5,18.99495,21.37714207764428
66.5,19.19596,21.405860524204204
66.5,19.39697,21.434568987984594
66.5,19.59798,21.46328747076698
66.5,19.79899,21.49200597245826
66.5,20.0,21.518704502467955
66.8,0.1,5.109345862259194
66.8,0.3010101,7.194573733862649
66.8,0.5020202,8.096154362635298
66.8,0.7030303,8.631841833139328
66.8,0.9040404,9.065929244945233
66.8,1.105051,9.425451609723627
66.8,1.306061,9.735906027235533
66.8,1.507071,10.04637322795404
66.8,1.708081,10.302579192637463
66.8,1.909091,10.539997067485164
66.8,2.110101,10.794022941913665
66.8,2.311111,11.079808652764253
66.8,2.512121,11.36558856059257
66.8,2.713131,11.651382355152881
66.8,2.914141,11.937169758755852
66.8,3.115152,12.211106457958389
66.8,3.316162,12.476204780557913
66.8,3.517172,12.741252879021761
66.8,3.718182,13.005751783036018
66.8,3.919192,13.270251868543015
66.8,4.120202,13.531262455611127
66.8,4.321212,13.789940322140112
66.8,4.522222,14.048319265456067
66.8,4.723232,14.304249039774652
66.8,4.924242,14.560189770461406
66.8,5.125253,14.773192829826831
66.8,5.326263,14.960231463776843
66.8,5.527273,15.150210249900608
66.8,5.728283,15.358886276996902
66.8,5.929293,15.567573176299287
66.8,6.130303,15.822747402075409
66.8,6.331313,16.10314611461773
66.8,6.532323,16.374234843275246
66.8,6.733333,16.596775640275002
66.8,6.934343,16.819318631306583
66.8,7.135354,17.041863731394358
66.8,7.336364,17.264410858968404
66.8,7.537374,17.478858036665248
66.8,7.738384,17.657799170579377
66.8,7.939394,17.836742773921312
66.8,8.140404,17.994622826115894
66.8,8.341414,18.143389961054023
66.8,8.542424,18.287657338042585
66.8,8.743434,18.41503360005888
66.8,8.944444,18.542410711380352
66.8,9.145455,18.670327967413336
66.8,9.346465,18.79844586241905
66.8,9.547475,18.921154348867883
66.8,9.748485,19.02636270572025
66.8,9.949495,19.131581886522515
66.8,10.15051,19.228856985843425
66.8,10.35152,19.32348421705758
66.8,10.55253,19.41421189828868
66.8,10.75354,19.493950189437186
66.8,10.95455,19.57368881972674
66.8,11.15556,19.653867443644952
66.8,11.35657,19.73418631650886
66.8,11.55758,19.810175734217033
66.8,11.75859,19.875355944744026
66.8,11.9596,19.94054642728141
66.8,12.16061,20.00323910593407
66.8,12.36162,20.065302430609687
66.8,12.56263,20.12484612311201
66.8,12.76364,20.178810432057993
66.8,12.96465,20.232784862020345
66.8,13.16566,20.286949171002462
66.8,13.36667,20.341153555741617
66.8,13.56768,20.39265834869065
66.8,13.76869,20.438833796578646
66.8,13.9697,20.48500933190093
66.8,14.17071,20.530485785856836
66.8,14.37172,20.575832442889304
66.8,14.57273,20.619559225626915
66.8,14.77374,20.66044618651949
66.8,14.97475,20.701323195107605
66.8,15.17576,20.742270095079878
66.8,15.37677,20.783217023044674
66.8,15.57778,20.822454114078752
66.8,15.77879,20.858981427352102
66.8,15.9798,20.89550878106288
66.8,16.18081,20.931836623124063
66.8,16.38182,20.968134542414674
66.8,16.58283,21.003302504322107
66.8,16.78384,21.036850515492866
66.8,16.98485,21.07040855245375
66.8,17.18586,21.103956509323208
66.8,17.38687,21.137514484886314
66.8,17.58788,21.16986254035984
66.8,17.78889,21.200640688654772
66.8,17.9899,21.23141886104525
66.8,18.19091,21.262117342900947
66.8,18.39192,21.292815856730986
66.8,18.59293,21.322604360424496
66.8,18.79394,21.351322850831743
66.8,18.99495,21.380051359301866
66.8,19.19596,21.408769814312894
66.8,19.39697,21.43748828651491
66.8,19.59798,21.465206782290963
66.8,19.79899,21.491895301606622
66.8,20.0,21.518573839639064
67.1,0.1,5.120739551113225
67.1,0.3010101,7.212976765921454
67.1,0.5020202,8.11809207753452
67.1,0.7030303,8.655407084482183
67.1,0.9040404,9.085795436891354
67.1,1.105051,9.45065114031728
67.1,1.306061,9.761427241818893
67.1,1.507071,10.073659282863835
67.1,1.708081,10.362901986306502
67.1,1.909091,10.630643220498573
67.1,2.110101,10.876574014335054
67.1,2.311111,11.138183372294945
67.1,2.512121,11.396627749260013
67.1,2.713131,11.668075608046491
67.1,2.914141,11.95387154247691
67.1,3.115152,12.22780720595927
67.1,3.316162,12.492904802797769
67.1,3.517172,12.757994130795586
67.1,3.718182,13.02309508152019
67.1,3.919192,13.287844219002999
67.1,4.120202,13.548854946231424
67.1,4.321212,13.805882943187894
67.1,4.522222,14.061821925395744
67.1,4.723232,14.317751910000382
67.1,4.924242,14.573692842712989
67.1,5.125253,14.786696150112604
67.1,5.326263,14.973735058191105
67.1,5.527273,15.160774669678485
67.1,5.728283,15.347814960003584
67.1,5.929293,15.548773408809026
67.1,6.130303,15.803947829670253
67.1,6.331313,16.084336771135117
67.1,6.532323,16.364737646935477
67.1,6.733333,16.645140357882855
67.1,6.934343,16.88687710927204
67.1,7.135354,17.109422067362672
67.1,7.336364,17.302381877159988
67.1,7.537374,17.48132079888999
67.1,7.738384,17.660272260005183
67.1,7.939394,17.83921618475679
67.1,8.140404,17.997086448584604
67.1,8.341414,18.145863746213703
67.1,8.542424,18.29464180196403
67.1,8.743434,18.443420596769553
67.1,8.944444,18.57681837900524
67.1,9.145455,18.70473581925492
67.1,9.346465,18.81616298300937
67.1,9.547475,18.921370633921793
67.1,9.748485,19.02657912129655
67.1,9.949495,19.1317884307809
67.1,10.15051,19.22907362506221
67.1,10.35152,19.323690938979528
67.1,10.55253,19.418318608517154
67.1,10.75354,19.51293662939289
67.1,10.95455,19.596115241092008
67.1,11.15556,19.6763039881573
67.1,11.35657,19.744833543001103
67.1,11.55758,19.810023535943323
67.1,11.75859,19.875203803411754
67.1,11.9596,19.940394342521454
67.1,12.16061,20.00308706571297
67.1,12.36162,20.065150431738413
67.1,12.56263,20.12721394555767
67.1,12.76364,20.18926760584671
67.1,12.96465,20.244711958852413
67.1,13.16566,20.298866333026695
67.1,13.36667,20.34642148376113
67.1,13.56768,20.39259687004346
67.1,13.76869,20.438782344243627
67.1,13.9697,20.484957905817755
67.1,14.17071,20.530424381130175
67.1,14.37172,20.57577105850554
67.1,14.57273,20.621117788369858
67.1,14.77374,20.666464570344267
67.1,14.97475,20.70793157320941
67.1,15.17576,20.74886849899574
67.1,15.37677,20.78593571055098
67.1,15.57778,20.822452998822644
67.1,15.77879,20.85898032763903
67.1,15.9798,20.895507696838113
67.1,16.18081,20.931835551778708
67.1,16.38182,20.968143483603463
67.1,16.58283,21.00444144172987
67.1,16.78384,21.040749425993386
67.1,16.98485,21.07451747160679
67.1,17.18586,21.10807544233881
67.1,17.38687,21.139043544013195
67.1,17.58788,21.169831678491725
67.1,17.78889,21.200609837180675
67.1,17.9899,21.231388019961635
67.1,18.19091,21.26208651055464
67.1,18.39192,21.292785033041504
67.1,18.59293,21.323483572126264
67.1,18.79394,21.354172127745933
67.1,18.99495,21.382960645320757
67.1,19.19596,21.411679108775594
67.1,19.39697,21.43839759837344
67.1,19.59798,21.465086106950498
67.1,19.79899,21.491764634269845
67.1,20.0,21.518453180225844
67.4,0.1,5.133036179048798
67.4,0.3010101,7.23156313632321
67.4,0.5020202,8.138785779375144
67.4,0.7030303,8.679459813152816
67.4,0.9040404,9.115305417382638
67.4,1.105051,9.476407626920937
67.4,1.306061,9.788890520522362
67.4,1.507071,10.10111782587193
67.4,1.708081,10.39032131114519
67.4,1.909091,10.67178957172192
67.4,2.110101,10.941619198842455
67.4,2.311111,11.202221568217533
67.4,2.512121,11.463813487180959
67.4,2.713131,11.722132921020503
67.4,2.914141,11.97840735589636
67.4,3.115152,12.221767345160853
67.4,3.316162,12.486864239455144
67.4,3.517172,12.751962891707944
67.4,3.718182,13.017063196899834
67.4,3.919192,13.307515439219555
67.4,4.120202,13.563317376524555
67.4,4.321212,13.819255526633953
67.4,4.522222,14.075194725914743
67.4,4.723232,14.331124918891698
67.4,4.924242,14.587066051806936
67.4,5.125253,14.800069605515654
67.4,5.326263,14.987108783732669
67.4,5.527273,15.174148660378156
67.4,5.728283,15.361189207681855
67.4,5.929293,15.55069015522492
67.4,6.130303,15.804185640706137
67.4,6.331313,16.084574940890423
67.4,6.532323,16.36497616309955
67.4,6.733333,16.64537920875668
67.4,6.934343,16.919500739976506
67.4,7.135354,17.126007621637054
67.4,7.336364,17.304944269028184
67.4,7.537374,17.483893527951594
67.4,7.738384,17.662835319758237
67.4,7.939394,17.841789566817088
67.4,8.140404,17.999660048253663
67.4,8.341414,18.148427518191575
67.4,8.542424,18.297205742349405
67.4,8.743434,18.44598470274309
67.4,8.944444,18.589694080791592
67.4,9.145455,18.711202206367265
67.4,9.346465,18.816409139708803
67.4,9.547475,18.92161692154159
67.4,9.748485,19.026825538982695
67.4,9.949495,19.132044977491375
67.4,10.15051,19.22932026676835
67.4,10.35152,19.32394766435632
67.4,10.55253,19.41856541732882
67.4,10.75354,19.51318352036854
67.4,10.95455,19.60370217008899
67.4,11.15556,19.679501518035025
67.4,11.35657,19.744691291341503
67.4,11.55758,19.809881341434004
67.4,11.75859,19.87506166568539
67.4,11.9596,19.940252261215733
67.4,12.16061,20.002945029165232
67.4,12.36162,20.06499843692318
67.4,12.56263,20.127061992092006
67.4,12.76364,20.189125693473244
67.4,12.96465,20.24860981954628
67.4,13.16566,20.3001946601791
67.4,13.36667,20.3463699844282
67.4,13.56768,20.392545397067465
67.4,13.76869,20.438730897460616
67.4,13.9697,20.484906485153182
67.4,14.17071,20.530372981775074
67.4,14.37172,20.57571967956885
67.4,14.57273,20.621066429728483
67.4,14.77374,20.66641323187556
67.4,14.97475,20.710110197004248
67.4,15.17576,20.749407322329212
67.4,15.37677,20.785934585333802
67.4,15.57778,20.822461889061884
67.4,15.77879,20.858989233331222
67.4,15.9798,20.895516617959757
67.4,16.18081,20.93183448577872
67.4,16.38182,20.96814243014495
67.4,16.58283,21.004440400798625
67.4,16.78384,21.040748397487658
67.4,16.98485,21.075876471912988
67.4,17.18586,21.10823455584556
67.4,17.38687,21.139012676478742
67.4,17.58788,21.169790821358397
67.4,17.78889,21.20056899037822
67.4,17.9899,21.231347183433584
67.4,18.19091,21.262055682761183
67.4,18.39192,21.292744213920457
67.4,18.59293,21.32344276159189
67.4,18.79394,21.354141325791115
67.4,18.99495,21.38387991067412
67.4,19.19596,21.411588421049238
67.4,19.39697,21.43827691879322
67.4,19.59798,21.464965435299593
67.4,19.79899,21.491643970553238
67.4,20.0,21.51833252444823
67.7,0.1,5.144615123328497
67.7,0.3010101,7.2501455825443895
67.7,0.5020202,8.161123832410848
67.7,0.7030303,8.70276799809625
67.7,0.9040404,9.140600999153369
67.7,1.105051,9.502188642691594
67.7,1.306061,9.815194854769477
67.7,1.507071,10.12804279813829
67.7,1.708081,10.416355163008816
67.7,1.909091,10.693960936928718
67.7,2.110101,10.96334982565052
67.7,2.311111,11.217218934332578
67.7,2.512121,11.474322084893108
67.7,2.713131,11.71323091748183
67.7,2.914141,11.929314384412509
67.7,3.115152,12.170274209448237
67.7,3.316162,12.463082631249126
67.7,3.517172,12.781935334108773
67.7,3.718182,13.065824790034211
67.7,3.919192,13.325207364259546
67.7,4.120202,13.580699478597928
67.7,4.321212,13.833578137782883
67.7,4.522222,14.088317647209646
67.7,4.723232,14.344248048004287
67.7,4.924242,14.600189380618193
67.7,5.125253,14.81319317987812
67.7,5.326263,15.000232628511718
67.7,5.527273,15.187272768300426
67.7,5.728283,15.38508246538386
67.7,5.929293,15.589002266827027
67.7,6.130303,15.842498287551733
67.7,6.331313,16.122898200453395
67.7,6.532323,16.40329001099115
67.7,6.733333,16.65933077817081
67.7,6.934343,16.90298790503474
67.7,7.135354,17.11177016391974
67.7,7.336364,17.303619720623153
67.7,7.537374,17.486656143601177
67.7,7.738384,17.66559827199443
67.7,7.939394,17.84454284955812
67.7,8.140404,18.00241356143071
67.7,8.341414,18.151191217327575
67.7,8.542424,18.299969625290153
67.7,8.743434,18.43239784725208
67.7,8.944444,18.558266458715387
67.7,9.145455,18.684575261388197
67.7,9.346465,18.811064665074067
67.7,9.547475,18.921933195390583
67.7,9.748485,19.02715194188029
67.7,9.949495,19.132361507794243
67.7,10.15051,19.229646894593063
67.7,10.35152,19.324264378698157
67.7,10.55253,19.418882216942677
67.7,10.75354,19.50195099907656
67.7,10.95455,19.581440280733815
67.7,11.15556,19.66133957132837
67.7,11.35657,19.741359096152223
67.7,11.55758,19.809749142869453
67.7,11.75859,19.87493952352491
67.7,11.9596,19.94012017527758
67.7,12.16061,20.00281298845076
67.7,12.36162,20.064876438415688
67.7,12.56263,20.126940035658766
67.7,12.76364,20.182464502180856
67.7,12.96465,20.23650924882325
67.7,13.16566,20.290723885575453
67.7,13.36667,20.344978592757986
67.7,13.56768,20.392503927577245
67.7,13.76869,20.438679454045573
67.7,13.9697,20.48485506758674
67.7,14.17071,20.530331585501607
67.7,14.37172,20.575678303746685
67.7,14.57273,20.621015074356613
67.7,14.77374,20.662542158283493
67.7,14.97475,20.703459328107638
67.7,15.17576,20.744436394482857
67.7,15.37677,20.7854234865327
67.7,15.57778,20.82246078448532
67.7,15.77879,20.858988144033756
67.7,15.9798,20.89551554388741
67.7,16.18081,20.931843424531706
67.7,16.38182,20.96814138144872
67.7,16.58283,21.004449364551416
67.7,16.78384,21.03820748649114
67.7,16.98485,21.071735642737057
67.7,17.18586,21.105263721070543
67.7,17.38687,21.13880181622893
67.7,17.58788,21.169759969052343
67.7,17.78889,21.2005381482884
67.7,17.9899,21.23131635153006
67.7,18.19091,21.262014859601734
67.7,18.39192,21.29271339930698
67.7,18.59293,21.32341195558687
67.7,18.79394,21.35215053704492
67.7,18.99495,21.38080913539551
67.7,19.19596,21.409467681072716
67.7,19.39697,21.43812624243077
67.7,19.59798,21.46483476766612
67.7,19.79899,21.491523310773847
67.7,20.0,21.518201872514407
68.0,0.1,5.156422977777792
68.0,0.3010101,7.268673582280695
68.0,0.5020202,8.183962808040478
68.0,0.7030303,8.726884831420165
68.0,0.9040404,9.16041189948901
68.0,1.105051,9.527200212697439
68.0,1.306061,9.840204833061852
68.0,1.507071,10.152765016483464
68.0,1.708081,10.436871848775489
68.0,1.909091,10.713819863152862
68.0,2.110101,10.983137611238694
68.0,2.311111,11.237006171212663
68.0,2.512121,11.495198418343447
68.0,2.713131,11.764021149282515
68.0,2.914141,11.980705310284312
68.0,3.115152,12.250677747355498
68.0,3.316162,12.564745429886246
68.0,3.517172,12.824125569271402
68.0,3.718182,13.08350693845878
68.0,3.919192,13.342889466969778
68.0,4.120202,13.598381727096845
68.0,4.321212,13.851260652385703
68.0,4.522222,14.104140543002298
68.0,4.723232,14.357371329648313
68.0,4.924242,14.613312858925346
68.0,5.125253,14.82631690115482
68.0,5.326263,15.01556638067484
68.0,5.527273,15.219475024812288
68.0,5.728283,15.423394439689822
68.0,5.929293,15.62731459466759
68.0,6.130303,15.880811144615922
68.0,6.331313,16.15548847910634
68.0,6.532323,16.399151267761507
68.0,6.733333,16.642817260268533
68.0,6.934343,16.886476318328445
68.0,7.135354,17.095259948686785
68.0,7.336364,17.28711060109386
68.0,7.537374,17.478962304543376
68.0,7.738384,17.66836127134908
68.0,7.939394,17.847306177794106
68.0,8.140404,18.005177119659262
68.0,8.341414,18.14923470720784
68.0,8.542424,18.275102089196263
68.0,8.743434,18.400970249726914
68.0,8.944444,18.52683917361091
68.0,9.145455,18.653148099612583
68.0,9.346465,18.779627555921994
68.0,9.547475,18.906117825100658
68.0,9.748485,19.027468365672043
68.0,9.949495,19.132678059817415
68.0,10.15051,19.229963543095216
68.0,10.35152,19.320711326382686
68.0,10.55253,19.40020005964699
68.0,10.75354,19.479689108183415
68.0,10.95455,19.55917846814813
68.0,11.15556,19.63907777838855
68.0,11.35657,19.71909730608342
68.0,11.55758,19.79911715413949
68.0,11.75859,19.874807393758445
68.0,11.9596,19.939998101513176
68.0,12.16061,20.00269095986934
68.0,12.36162,20.062294735169004
68.0,12.56263,20.116329276300487
68.0,12.76364,20.17036393021537
68.0,12.96465,20.22439869601161
68.0,13.16566,20.27862333695648
68.0,13.36667,20.332878045304685
68.0,13.56768,20.387132871158812
68.0,13.76869,20.438628018712212
68.0,13.9697,20.484813658028973
68.0,14.17071,20.530280197340225
68.0,14.37172,20.574047046554174
68.0,14.57273,20.614964142158
68.0,14.77374,20.655891282172274
68.0,14.97475,20.69680846650783
68.0,15.17576,20.73778554386767
68.0,15.37677,20.778772646373703
68.0,15.57778,20.819759795607055
68.0,15.77879,20.858997060806363
68.0,15.9798,20.895524475845967
68.0,16.18081,20.93184236936522
68.0,16.38182,20.96702038972331
68.0,16.58283,21.00053850898222
68.0,16.78384,21.034066651980986
68.0,16.98485,21.067594818648452
68.0,17.18586,21.101122906530055
68.0,17.38687,21.134661011142754
68.0,17.58788,21.16818914084713
68.0,17.78889,21.20050731072829
68.0,17.9899,21.23128552417682
68.0,18.19091,21.261984040924542
68.0,18.39192,21.29175259334832
68.0,18.59293,21.320411167235836
68.0,18.79394,21.349079757728116
68.0,18.99495,21.377738364773645
68.0,19.19596,21.406396918979926
68.0,19.39697,21.435055488843634
68.0,19.59798,21.46371407607455
68.0,19.79899,21.491402654413406
68.0,20.0,21.518081223990546
13.4,0.1,0.3213900594159975
13.4,0.3010101,0.8714285146315517
13.4,0.5020202,0.9450437409033033
13.4,0.7030303,0.8015024587204861
13.4,1.306061,2.437804494403749
13.4,1.507071,3.0494657172393342
13.4,1.708081,2.9629731691431505
13.4,1.909091,2.81389250562229
13.4,2.110101,2.6419384948226035
13.4,2.311111,2.467135393147308
13.4,2.512121,2.302106055008739
13.4,2.713131,2.157122306261487
13.4,2.914141,2.037673155937208
13.4,3.115152,1.9501458499942161
13.4,3.316162,1.907809074243303
13.4,3.517172,1.9139372317078944
13.4,3.718182,1.9784773771822792
13.4,3.919192,2.0999665246698784
13.4,4.120202,2.2740239090286174
13.4,4.321212,2.509807168136171
13.4,4.522222,2.805526134493365
13.4,4.723232,3.178271900096886
13.4,4.924242,3.6428769774359684
13.4,5.125253,4.201758895396667
13.4,5.326263,4.8441723774398415
13.4,5.527273,5.653248882171706
13.4,5.728283,6.556295517853697
13.4,5.929293,7.6202998914330715
13.4,6.130303,8.80114124404766
13.4,6.331313,10.073841572658782
13.4,6.532323,11.377022202343891
13.4,6.733333,12.664032409211298
13.4,6.934343,13.842175124864937
13.4,7.135354,14.87256052905878
13.4,7.336364,15.762688542822186
13.4,7.537374,16.49299113626986
13.4,7.738384,17.075330177113553
13.4,7.939394,17.522545737934223
13.4,8.140404,17.887657982957393
13.4,8.341414,18.188997308531356
13.4,8.542424,18.439217530739086
13.4,8.743434,18.648748667962973
13.4,8.944444,18.82276849288603
13.4,9.145455,18.976536963117372
13.4,9.346465,19.113275119386667
13.4,9.547475,19.236535746940245
13.4,9.748485,19.348338442047716
13.4,9.949495,19.445295922984233
13.4,10.15051,19.532591483403927
13.4,10.35152,19.6238481246155
13.4,10.55253,19.711765249387245
13.4,10.75354,19.786702497568587
13.4,10.95455,19.86170456576745
13.4,11.15556,19.930087360977538
13.4,11.35657,19.996366186374967
13.4,11.55758,20.0607805433847
13.4,11.75859,20.120532432308444
13.4,11.9596,20.180347268986427
13.4,12.16061,20.236108463074455
13.4,12.36162,20.290663099600135
13.4,12.56263,20.343871175234387
13.4,12.76364,20.39413367884021
13.4,12.96465,20.444477946841406
13.4,13.16566,20.4919361437436
13.4,13.36667,20.538556429124398
13.4,13.56768,20.584148842713702
13.4,13.76869,20.627673867652575
13.4,13.9697,20.671309877480393
13.4,14.17071,20.712788221738883
13.4,14.37172,20.75366779941908
13.4,14.57273,20.793728619482987
13.4,14.77374,20.832330883960083
13.4,14.97475,20.87104366381947
13.4,15.17576,20.9080977455861
13.4,15.37677,20.944742517302846
13.4,15.57778,20.980717972180965
13.4,15.77879,21.015644175434016
13.4,15.9798,21.050670636611468
13.4,16.18081,21.08437778469163
13.4,16.38182,21.117805299629712
13.4,16.58283,21.150673171702163
13.4,16.78384,21.182761410879753
13.4,16.98485,21.214929775907358
13.4,17.18586,21.246008485786962
13.4,17.38687,21.276887380894486
13.4,17.58788,21.307296453082245
13.4,17.78889,21.337075695261433
13.4,17.9899,21.366934998669333
13.4,18.19091,21.395844464418545
13.4,18.39192,21.42461401702763
13.4,18.59293,21.452963650966105
13.4,18.79394,21.48080335721535
13.4,18.99495,21.508703094644193
13.4,19.19596,21.535742900047868
13.4,19.39697,21.562702740919484
13.4,19.59798,21.589252613369514
13.4,19.79899,21.61537251182414
13.4,20.0,21.639642434995103
13.700000000000001,0.1,0.4467154910174588
13.700000000000001,0.3010101,0.9498844335533857
13.700000000000001,0.5020202,1.0544816108131436
13.700000000000001,0.7030303,0.9055127758663049
13.700000000000001,1.306061,2.3261645488092606
13.700000000000001,1.507071,3.0057732514364854
13.700000000000001,1.708081,2.9377489884595143
13.700000000000001,1.909091,2.79843812898634
13.700000000000001,2.110101,2.6337257795814213
13.700000000000001,2.311111,2.466603301755573
13.700000000000001,2.512121,2.308917496858008
13.700000000000001,2.713131,2.169213745676233
13.700000000000001,2.914141,2.0518132446475765
13.700000000000001,3.115152,1.9623204210481506
13.700000000000001,3.316162,1.9129958651565044
13.700000000000001,3.517172,1.9074411974016745
13.700000000000001,3.718182,1.9590320283380165
13.700000000000001,3.919192,2.0713615888738106
13.700000000000001,4.120202,2.243269861149354
13.700000000000001,4.321212,2.484924521644897
13.700000000000001,4.522222,2.7951260706003245
13.700000000000001,4.723232,3.191106320938035
13.700000000000001,4.924242,3.684514404509829
13.700000000000001,5.125253,4.270850177632198
13.700000000000001,5.326263,4.94495845949372
13.700000000000001,5.527273,5.770047576200106
13.700000000000001,5.728283,6.687286348893983
13.700000000000001,5.929293,7.753270135417659
13.700000000000001,6.130303,8.930973953004367
13.700000000000001,6.331313,10.177191281245431
13.700000000000001,6.532323,11.468721961747297
13.700000000000001,6.733333,12.73056596045154
13.700000000000001,6.934343,13.879548184566467
13.700000000000001,7.135354,14.90508614605859
13.700000000000001,7.336364,15.77167415784137
13.700000000000001,7.537374,16.49617831736265
13.700000000000001,7.738384,17.07137578346258
13.700000000000001,7.939394,17.514210654093336
13.700000000000001,8.140404,17.878904348060725
13.700000000000001,8.341414,18.17895971912829
13.700000000000001,8.542424,18.429044571093005
13.700000000000001,8.743434,18.638827471821827
13.700000000000001,8.944444,18.813362594243777
13.700000000000001,9.145455,18.96729309344227
13.700000000000001,9.346465,19.104740411988114
13.700000000000001,9.547475,19.228184771653968
13.700000000000001,9.748485,19.34042088076804
13.700000000000001,9.949495,19.437742867606868
13.700000000000001,10.15051,19.53221450060823
13.700000000000001,10.35152,19.620191459811572
13.700000000000001,10.55253,19.704759172800145
13.700000000000001,10.75354,19.779862836065917
13.700000000000001,10.95455,19.855041420475214
13.700000000000001,11.15556,19.923471382808636
13.700000000000001,11.35657,19.989937256591563
13.700000000000001,11.55758,20.054389044793254
13.700000000000001,11.75859,20.11428846523435
13.700000000000001,11.9596,20.174240885857
13.700000000000001,12.16061,20.23006995709058
13.700000000000001,12.36162,20.28485240565747
13.700000000000001,12.56263,20.33810855508254
13.700000000000001,12.76364,20.388589134729298
13.700000000000001,12.96465,20.439111539750307
13.700000000000001,13.16566,20.486668106548812
13.700000000000001,13.36667,20.533586655706216
13.700000000000001,13.56768,20.579227636989028
13.700000000000001,13.76869,20.62301115966793
13.700000000000001,13.9697,20.66685574674634
13.700000000000001,14.17071,20.708442881002725
13.700000000000001,14.37172,20.749621136970436
13.700000000000001,14.57273,20.789720939821656
13.700000000000001,14.77374,20.828582095115756
13.700000000000001,14.97475,20.867483847457603
13.700000000000001,15.17576,20.904637071465487
13.700000000000001,15.37677,20.94155089995199
13.700000000000001,15.57778,20.977555663669254
13.700000000000001,15.77879,21.012711092568516
13.700000000000001,15.9798,21.047886848415917
13.700000000000001,16.18081,21.08168341159249
13.700000000000001,16.38182,21.115330288678198
13.700000000000001,16.58283,21.148227706672877
13.700000000000001,16.78384,21.18049542954246
13.700000000000001,16.98485,21.21278332880066
13.700000000000001,17.18586,21.24393165288135
13.700000000000001,17.38687,21.274990135497607
13.700000000000001,17.58788,21.30540891796981
13.700000000000001,17.78889,21.335337830367624
13.700000000000001,17.9899,21.365286836469014
13.700000000000001,18.19091,21.394256056562057
13.700000000000001,18.39192,21.423165354510218
13.700000000000001,18.59293,21.451514809779482
13.700000000000001,18.79394,21.47947431579356
13.700000000000001,18.99495,21.50744387047227
13.700000000000001,19.19596,21.534533526005482
13.700000000000001,19.39697,21.561603218697854
13.700000000000001,19.59798,21.588162985274035
13.700000000000001,19.79899,21.610592798159097
13.700000000000001,20.0,21.632992630127895
14.0,0.1,0.17105338586232458
14.0,0.3010101,0.6512187028856504
14.0,0.5020202,0.7733142789935473
14.0,0.7030303,0.6246301762365633
14.0,1.306061,2.2517058467511357
14.0,1.507071,2.975366605063905
14.0,1.708081,2.914719577936809
14.0,1.909091,2.7807032622945314
14.0,2.110101,2.622861604976761
14.0,2.311111,2.462573896555769
14.0,2.512121,2.3119855182928064
14.0,2.713131,2.1783397060115597
14.0,2.914141,2.064630992285446
14.0,3.115152,1.975526779229806
14.0,3.316162,1.922008851194946
14.0,3.517172,1.9086235310421826
14.0,3.718182,1.9507239771987486
14.0,3.919192,2.0573934747261897
14.0,4.120202,2.229852063869207
14.0,4.321212,2.480764345720926
14.0,4.522222,2.8075735578320904
14.0,4.723232,3.227604526808237
14.0,4.924242,3.746404629562359
14.0,5.125253,4.357626385038464
14.0,5.326263,5.086895260388557
14.0,5.527273,5.89873713659504
14.0,5.728283,6.828043748220558
14.0,5.929293,7.893593062991624
14.0,6.130303,9.05834547345381
14.0,6.331313,10.297977914421539
14.0,6.532323,11.559499160995303
14.0,6.733333,12.797959081868902
14.0,6.934343,13.931342087734102
14.0,7.135354,14.928021646600941
14.0,7.336364,15.788099015108175
14.0,7.537374,16.497927511992575
14.0,7.738384,17.066944735243048
14.0,7.939394,17.50740887514617
14.0,8.140404,17.86928381210216
14.0,8.341414,18.16898235043068
14.0,8.542424,18.418922910104676
14.0,8.743434,18.628950874574265
14.0,8.944444,18.803834921445088
14.0,9.145455,18.9584735195364
14.0,9.346465,19.09611421402784
14.0,9.547475,19.220160895545174
14.0,9.748485,19.332701383111875
14.0,9.949495,19.423169110630596
14.0,10.15051,19.512682772842386
14.0,10.35152,19.60798494540295
14.0,10.55253,19.69809148803043
14.0,10.75354,19.77342164567011
14.0,10.95455,19.848587371871606
14.0,11.15556,19.917024738568557
14.0,11.35657,19.98353802455782
14.0,11.55758,20.048306926923782
14.0,11.75859,20.108383984948983
14.0,11.9596,20.16833425960097
14.0,12.16061,20.224161376934475
14.0,12.36162,20.279001876300406
14.0,12.56263,20.332675857270374
14.0,12.76364,20.38336461021027
14.0,12.96465,20.433885387429303
14.0,13.16566,20.481440484314177
14.0,13.36667,20.528457529660923
14.0,13.56768,20.57460670267673
14.0,13.76869,20.618628801078
14.0,13.9697,20.662472190995075
14.0,14.17071,20.70405825746747
14.0,14.37172,20.745345386143875
14.0,14.57273,20.785983748917786
14.0,14.77374,20.825043854498826
14.0,14.97475,20.86394475883578
14.0,15.17576,20.901107234983144
14.0,15.37677,20.938110252188622
14.0,15.57778,20.974603952204276
14.0,15.77879,21.00991864804284
14.0,15.9798,21.04509382059118
14.0,16.18081,21.078899874368542
14.0,16.38182,21.1126261875903
14.0,16.58283,21.145922866911075
14.0,16.78384,21.178320097959638
14.0,16.98485,21.210607604717847
14.0,17.18586,21.24175558947742
14.0,17.38687,21.27289369117104
14.0,17.58788,21.303621984727442
14.0,17.78889,21.33366057733191
14.0,17.9899,21.363599324675167
14.0,18.19091,21.39256832377247
14.0,18.39192,21.421547371542555
14.0,18.59293,21.450146517686967
14.0,18.79394,21.478175822092783
14.0,18.99495,21.506145210131475
14.0,19.19596,21.533234725172925
14.0,19.39697,21.56035425913122
14.0,19.59798,21.587113840734172
14.0,19.79899,21.61150352217414
14.0,20.0,21.63389326393672
68.3,0.1,5.167513001644757
68.3,0.3010101,7.286329787081025
68.3,0.5020202,8.205079976889193
68.3,0.7030303,8.749562162192898
68.3,0.9040404,9.189185894660506
68.3,1.105051,9.551735034399995
68.3,1.306061,9.864086195464916
68.3,1.507071,10.176444789353022
68.3,1.708081,10.46038820613752
68.3,1.909091,10.734857058640497
68.3,2.110101,11.00366968813026
68.3,2.311111,11.26232260577814
68.3,2.512121,11.520980863306713
68.3,2.713131,11.790003968324132
68.3,2.914141,12.059398914317836
68.3,3.115152,12.323049079313709
68.3,3.316162,12.582427859732867
68.3,3.517172,12.841807949229247
68.3,3.718182,13.10119926688255
68.3,3.919192,13.360581745077834
68.3,4.120202,13.6160741473127
68.3,4.321212,13.868953334904777
68.3,4.522222,14.121823477947155
68.3,4.723232,14.374704526947308
68.3,4.924242,14.62758643329981
68.3,5.125253,14.849959615527235
68.3,5.326263,15.053877842229706
68.3,5.527273,15.25779685760734
68.3,5.728283,15.461716632645372
68.3,5.929293,15.665627136098825
68.3,6.130303,15.895310707985212
68.3,6.331313,16.13897223111609
68.3,6.532323,16.382637047560642
68.3,6.733333,16.626305010636795
68.3,6.934343,16.869965985317
68.3,7.135354,17.078750972748857
68.3,7.336364,17.270602709201853
68.3,7.537374,17.46245547468187
68.3,7.738384,17.654319235346893
68.3,7.939394,17.846173958958616
68.3,8.140404,17.9919399123738
68.3,8.341414,18.117806818327647
68.3,8.542424,18.24366451770559
68.3,8.743434,18.36953299235542
68.3,8.944444,18.495402227387554
68.3,9.145455,18.621721274638617
68.3,9.346465,18.748200781286688
68.3,9.547475,18.87468110165146
68.3,9.748485,19.00117221871657
68.3,9.949495,19.127654116463024
68.3,10.15051,19.218950862618684
68.3,10.35152,19.298439355604913
68.3,10.55253,19.377928167594472
68.3,10.75354,19.45742729445184
68.3,10.95455,19.536916732582068
68.3,11.15556,19.61681606220567
68.3,11.35657,19.696835592471604
68.3,11.55758,19.77685544342707
68.3,11.75859,19.85687561111131
68.3,11.9596,19.936896091797035
68.3,12.16061,19.99614969637812
68.3,12.36162,20.05018414296705
68.3,12.56263,20.10422870313972
68.3,12.76364,20.15826337614526
68.3,12.96465,20.212298160993495
68.3,13.16566,20.266512806231496
68.3,13.36667,20.32076751569793
68.3,13.56768,20.375032342633897
68.3,13.76869,20.4292872862696
68.3,13.9697,20.48354234554107
68.3,14.17071,20.52647908316512
68.3,14.37172,20.56739614864243
68.3,14.57273,20.608313258806486
68.3,14.77374,20.64924041337087
68.3,14.97475,20.69015761221269
68.3,15.17576,20.73113470058088
68.3,15.37677,20.772121813503468
68.3,15.57778,20.813108973159483
68.3,15.77879,20.854096179241644
68.3,15.9798,20.895073431491806
68.3,16.18081,20.92935143359225
68.3,16.38182,20.962879539386893
68.3,16.58283,20.996397669120274
68.3,16.78384,21.029925822565176
68.3,16.98485,21.063453999650182
68.3,17.18586,21.096982097075887
68.3,17.38687,21.13051021117616
68.3,17.58788,21.164048350267112
68.3,17.78889,21.19757651430529
68.3,17.9899,21.23111470309887
68.3,18.19091,21.260023235260878
68.3,18.39192,21.288681801249293
68.3,18.59293,21.31735038383673
68.3,18.79394,21.346008983074128
68.3,18.99495,21.37467759877863
68.3,19.19596,21.40333616151148
68.3,19.39697,21.43198473990768
68.3,19.59798,21.460643335620084
68.3,19.79899,21.48930194865839
68.3,20.0,21.517960578929603
14.3,0.1,0.4592439315730115
14.3,0.3010101,1.2621827670191712
14.3,0.5020202,1.401705744159317
14.3,0.7030303,0.5758566711277557
14.3,0.9040404,0.006338340523526403
14.3,1.306061,1.8614510958667558
14.3,1.507071,2.936728854701399
14.3,1.708081,2.887932414030197
14.3,1.909091,2.760722829086394
14.3,2.110101,2.6088950760472995
14.3,2.311111,2.455278198748156
14.3,2.512121,2.31057446953609
14.3,2.713131,2.1821363769466853
14.3,2.914141,2.072864358627565
14.3,3.115152,1.9864141474982226
14.3,3.316162,1.9320655549178216
14.3,3.517172,1.9153317787790616
14.3,3.718182,1.9531726281419284
14.3,3.919192,2.0575922777961293
14.3,4.120202,2.23375633355634
14.3,4.321212,2.4969125181950687
14.3,4.522222,2.8416955564768727
14.3,4.723232,3.283060035789108
14.3,4.924242,3.825072641704839
14.3,5.125253,4.458667647657833
14.3,5.326263,5.208631820559734
14.3,5.527273,6.033469251323368
14.3,5.728283,6.972340351383409
14.3,5.929293,8.038639669812417
14.3,6.130303,9.195796908233
14.3,6.331313,10.414280658849982
14.3,6.532323,11.657277222474079
14.3,6.733333,12.871609110249718
14.3,6.934343,13.979145088521774
14.3,7.135354,14.959253485400081
14.3,7.336364,15.800237986638011
14.3,7.537374,16.50080127358553
14.3,7.738384,17.06308474744001
14.3,7.939394,17.49970081184424
14.3,8.140404,17.860049202099276
14.3,8.341414,18.158840901702828
14.3,8.542424,18.40873457201373
14.3,8.743434,18.619097911868113
14.3,8.944444,18.794520540606754
14.3,9.145455,18.949580772247547
14.3,9.346465,19.087833495205278
14.3,9.547475,19.212254289704365
14.3,9.748485,19.325189436248372
14.3,9.949495,19.426567004664
14.3,10.15051,19.518144949111424
14.3,10.35152,19.606464079918325
14.3,10.55253,19.691414249495736
14.3,10.75354,19.766811367317946
14.3,10.95455,19.842203693504086
14.3,11.15556,19.9108181540643
14.3,11.35657,19.977458792590305
14.3,11.55758,20.0422353607984
14.3,11.75859,20.102360225827884
14.3,11.9596,20.162488198706754
14.3,12.16061,20.21851322124015
14.3,12.36162,20.27350175478831
14.3,12.56263,20.327173965775863
14.3,12.76364,20.377931027862576
14.3,12.96465,20.428700006474934
14.3,13.16566,20.476513428932464
14.3,13.36667,20.523698929112626
14.3,13.56768,20.56984677332602
14.3,13.76869,20.613967568415777
14.3,13.9697,20.658089521047096
14.3,14.17071,20.699954269439957
14.3,14.37172,20.741420219206994
14.3,14.57273,20.782057617776186
14.3,14.77374,20.821226754089714
14.3,14.97475,20.860396565291
14.3,15.17576,20.897808060409822
14.3,15.37677,20.934980221897558
14.3,15.57778,20.97146324361225
14.3,15.77879,21.006877244737808
14.3,15.9798,21.042281628613804
14.3,16.18081,21.076296987772032
14.3,16.38182,21.11016270473645
14.3,16.58283,21.143448917495373
14.3,16.78384,21.17592566499893
14.3,16.98485,21.20840262539806
14.3,17.18586,21.23973013596072
14.3,17.38687,21.27095783421518
14.3,17.58788,21.301695812411566
14.3,17.78889,21.331794076449437
14.3,17.9899,21.36189245686316
14.3,18.19091,21.390991142062507
14.3,18.39192,21.420049923581082
14.3,18.59293,21.448648860228086
14.3,18.79394,21.476737946756433
14.3,18.99495,21.504817095609774
14.3,19.19596,21.53201641075671
14.3,19.39697,21.55919577397072
14.3,19.59798,21.58595521818966
14.3,19.79899,21.61226473663497
14.3,20.0,21.638584288384184
14.600000000000001,0.1,0.21992716788543631
14.600000000000001,0.3010101,0.6565456091458879
14.600000000000001,0.5020202,0.8432479367777961
14.600000000000001,0.7030303,0.6149355053411235
14.600000000000001,1.306061,2.187817438333478
14.600000000000001,1.507071,2.8977757086129152
14.600000000000001,1.708081,2.8525800866522077
14.600000000000001,1.909091,2.7332456474751243
14.600000000000001,2.110101,2.588974162956823
14.600000000000001,2.311111,2.441527481171305
14.600000000000001,2.512121,2.302050276053802
14.600000000000001,2.713131,2.1782219593242047
14.600000000000001,2.914141,2.0735490178541696
14.600000000000001,3.115152,1.9909056826024987
14.600000000000001,3.316162,1.9392764417491515
14.600000000000001,3.517172,1.9240520756685264
14.600000000000001,3.718182,1.962937653844391
14.600000000000001,3.919192,2.0704221726807175
14.600000000000001,4.120202,2.254324000792358
14.600000000000001,4.321212,2.531784711988735
14.600000000000001,4.522222,2.8949253461842743
14.600000000000001,4.723232,3.3564915271725897
14.600000000000001,4.924242,3.919025957157099
14.600000000000001,5.125253,4.5711502816116125
14.600000000000001,5.326263,5.338467711878788
14.600000000000001,5.527273,6.1745641338133535
14.600000000000001,5.728283,7.121298667093598
14.600000000000001,5.929293,8.187046128234496
14.600000000000001,6.130303,9.336335150843503
14.600000000000001,6.331313,10.533286025959804
14.600000000000001,6.532323,11.75756312495411
14.600000000000001,6.733333,12.94727459726174
14.600000000000001,6.934343,14.028228184198946
14.600000000000001,7.135354,14.991449552877032
14.600000000000001,7.336364,15.812681307639492
14.600000000000001,7.537374,16.5037767622566
14.600000000000001,7.738384,17.059216178072802
14.600000000000001,7.939394,17.491895719842066
14.600000000000001,8.140404,17.850709003027788
14.600000000000001,8.341414,18.148676678430952
14.600000000000001,8.542424,18.398564993650957
14.600000000000001,8.743434,18.60933570386427
14.600000000000001,8.944444,18.78533875219608
14.600000000000001,9.145455,18.94087165446463
14.600000000000001,9.346465,19.0797779286302
14.600000000000001,9.547475,19.204573557888356
14.600000000000001,9.748485,19.317904113474206
14.600000000000001,9.949495,19.408944031088836
14.600000000000001,10.15051,19.507736415240192
14.600000000000001,10.35152,19.59985662777694
14.600000000000001,10.55253,19.685053471994188
14.600000000000001,10.75354,19.76049785474828
14.600000000000001,10.95455,19.836127187378146
14.600000000000001,11.15556,19.904919071173257
14.600000000000001,11.35657,19.97168733503203
14.600000000000001,11.55758,20.036461766419784
14.600000000000001,11.75859,20.096634635547726
14.600000000000001,11.9596,20.156920534951293
14.600000000000001,12.16061,20.213123669836563
14.600000000000001,12.36162,20.268230419144132
14.600000000000001,12.56263,20.32190100124803
14.600000000000001,12.76364,20.37273651605808
14.600000000000001,12.96465,20.423703862716916
14.600000000000001,13.16566,20.471755759893455
14.600000000000001,13.36667,20.519099843332913
14.600000000000001,13.56768,20.56524645812626
14.600000000000001,13.76869,20.60945604943367
14.600000000000001,13.9697,20.653826675867585
14.600000000000001,14.17071,20.69595019829622
14.600000000000001,14.37172,20.73757504892094
14.600000000000001,14.57273,20.778211549885565
14.600000000000001,14.77374,20.817469778604966
14.600000000000001,14.97475,20.856898556176414
14.600000000000001,15.17576,20.89454911556918
14.600000000000001,15.37677,20.931870463947224
14.600000000000001,15.57778,20.968352850419087
14.600000000000001,15.77879,21.00384619061142
14.600000000000001,15.9798,21.039479808890977
14.600000000000001,16.18081,21.073704487144756
14.600000000000001,16.38182,21.10767962628977
14.600000000000001,16.58283,21.14097539961162
14.600000000000001,16.78384,21.173521678688633
14.600000000000001,16.98485,21.20618809328511
14.600000000000001,17.18586,21.237675125204497
14.600000000000001,17.38687,21.269002424574957
14.600000000000001,17.58788,21.299740104128798
14.600000000000001,17.78889,21.329898043342318
14.600000000000001,17.9899,21.360146045565976
14.600000000000001,18.19091,21.389384403716452
14.600000000000001,18.39192,21.418502916459794
14.600000000000001,18.59293,21.447111653474934
14.600000000000001,18.79394,21.475250519957637
14.600000000000001,18.99495,21.5034494143661
14.600000000000001,19.19596,21.53075851364341
14.600000000000001,19.39697,21.557987700555678
14.600000000000001,19.59798,21.58474701274161
14.600000000000001,19.79899,21.609216432027246
14.600000000000001,20.0,21.631775904661158
14.9,0.1,0.5102927369478327
14.9,0.3010101,0.9600583297804933
14.9,0.5020202,1.0871852005466558
14.9,0.7030303,1.027833822096437
14.9,0.9040404,0.12459516644093872
14.9,1.105051,0.22078015231941253
14.9,1.306061,2.3994617765761554
14.9,1.507071,2.845043087241983
14.9,1.708081,2.817773671959381
14.9,1.909091,2.7066826105420776
14.9,2.110101,2.5687388290438986
14.9,2.311111,2.4258600321599566
14.9,2.512121,2.290461255925901
14.9,2.713131,2.1702887998490943
14.9,2.914141,2.0691507371258098
14.9,3.115152,1.9905058106144746
14.9,3.316162,1.9432636506447067
14.9,3.517172,1.9331186117717676
14.9,3.718182,1.9782640577480826
14.9,3.919192,2.09372593537064
14.9,4.120202,2.2888183869122067
14.9,4.321212,2.5812369949553737
14.9,4.522222,2.9627088766008014
14.9,4.723232,3.4446585443893567
14.9,4.924242,4.024407478160167
14.9,5.125253,4.691113926667126
14.9,5.326263,5.425998073029551
14.9,5.527273,6.319922974596096
14.9,5.728283,7.273385555466182
14.9,5.929293,8.337392688433274
14.9,6.130303,9.471843813150958
14.9,6.331313,10.662035746275647
14.9,6.532323,11.854794233326698
14.9,6.733333,13.019545009594573
14.9,6.934343,14.08371264221058
14.9,7.135354,15.015540423496068
14.9,7.336364,15.82983456830441
14.9,7.537374,16.50540260906786
14.9,7.738384,17.054442344227944
14.9,7.939394,17.484705252567533
14.9,8.140404,17.840817424135576
14.9,8.341414,18.138491919452765
14.9,8.542424,18.38855387832036
14.9,8.743434,18.599734508172848
14.9,8.944444,18.77620026615714
14.9,9.145455,18.932596385701455
14.9,9.346465,19.07172777965605
14.9,9.547475,19.197188877342892
14.9,9.748485,19.310835501496395
14.9,9.949495,19.409211006823565
14.9,10.15051,19.497607039421453
14.9,10.35152,19.58815615969173
14.9,10.55253,19.678912120427658
14.9,10.75354,19.754573607334322
14.9,10.95455,19.83019043934317
14.9,11.15556,19.898990060114507
14.9,11.35657,19.965796084687515
14.9,11.55758,20.03086820573329
14.9,11.75859,20.091179061995586
14.9,11.9596,20.151473078095012
14.9,12.16061,20.207664496853162
14.9,12.36162,20.262839540738735
14.9,12.56263,20.316838336511154
14.9,12.76364,20.367842265836558
14.9,12.96465,20.418818165218774
14.9,13.16566,20.466868747790933
14.9,13.36667,20.5142814890043
14.9,13.56768,20.560866560578212
14.9,13.76869,20.605274871209247
14.9,13.9697,20.649644406444
14.9,14.17071,20.69176694750787
14.9,14.37172,20.733490757945834
14.9,14.57273,20.774575952969148
14.9,14.77374,20.814033193040054
14.9,14.97475,20.85345117333671
14.9,15.17576,20.891111022046374
14.9,15.37677,20.928511591888075
14.9,15.57778,20.96542294386374
14.9,15.77879,21.001075559317925
14.9,15.9798,21.036708609622
14.9,16.18081,21.070932785442853
14.9,16.38182,21.10498735915303
14.9,16.58283,21.138642356039043
14.9,16.78384,21.1713181232785
14.9,16.98485,21.203974140442554
14.9,17.18586,21.235470823160924
14.9,17.38687,21.26686772101305
14.9,17.58788,21.297894838751883
14.9,17.78889,21.328152425933606
14.9,17.9899,21.358390153883725
14.9,18.19091,21.38762827293346
14.9,18.39192,21.416816506132935
14.9,18.59293,21.44566484693026
14.9,18.79394,21.473863477548736
14.9,18.99495,21.50207218533818
14.9,19.19596,21.529381123836224
14.9,19.39697,21.55666012112677
14.9,19.59798,21.58361915730495
14.9,19.79899,21.606218489193235
14.9,20.0,21.628777852361427
15.200000000000001,0.1,0.2057084086668498
15.200000000000001,0.3010101,0.6270319757500811
15.200000000000001,0.5020202,0.8021665584358748
15.200000000000001,0.7030303,0.6432819426666414
15.200000000000001,1.306061,2.121767485801089
15.200000000000001,1.507071,2.829596780480928
15.200000000000001,1.708081,2.7924300803414677
15.200000000000001,1.909091,2.6844505529890013
15.200000000000001,2.110101,2.5500570946943912
15.200000000000001,2.311111,2.4105824520105554
15.200000000000001,2.512121,2.277983804470598
15.200000000000001,2.713131,2.1602867585337484
15.200000000000001,2.914141,2.0622652899339866
15.200000000000001,3.115152,1.9873354863434256
15.200000000000001,3.316162,1.9457167299762013
15.200000000000001,3.517172,1.9436765978284583
15.200000000000001,3.718182,1.9995188662320829
15.200000000000001,3.919192,2.1281226469533268
15.200000000000001,4.120202,2.3365358838473913
15.200000000000001,4.321212,2.6448880542871076
15.200000000000001,4.522222,3.044988494456806
15.200000000000001,4.723232,3.5445205168665113
15.200000000000001,4.924242,4.138924995094039
15.200000000000001,5.125253,4.816983410893062
15.200000000000001,5.326263,5.565190312948218
15.200000000000001,5.527273,6.465949849308073
15.200000000000001,5.728283,7.424802719016688
15.200000000000001,5.929293,8.48487246468933
15.200000000000001,6.130303,9.615832560894976
15.200000000000001,6.331313,10.777088587473202
15.200000000000001,6.532323,11.957282094971719
15.200000000000001,6.733333,13.093913147577846
15.200000000000001,6.934343,14.124964389315254
15.200000000000001,7.135354,15.051360725599405
15.200000000000001,7.336364,15.83947240484448
15.200000000000001,7.537374,16.508666454414808
15.200000000000001,7.738384,17.05000446605848
15.200000000000001,7.939394,17.47579437983293
15.200000000000001,8.140404,17.83157437308901
15.200000000000001,8.341414,18.128399237680004
15.200000000000001,8.542424,18.378482309559427
15.200000000000001,8.743434,18.590274320038656
15.200000000000001,8.944444,18.767563745095742
15.200000000000001,9.145455,18.924185280990844
15.200000000000001,9.346465,19.064212503318664
15.200000000000001,9.547475,19.189879893867708
15.200000000000001,9.748485,19.30399330869534
15.200000000000001,9.949495,19.402695985143218
15.200000000000001,10.15051,19.49132920855468
15.200000000000001,10.35152,19.58210546043539
15.200000000000001,10.55253,19.672858568299088
15.200000000000001,10.75354,19.748677539923705
15.200000000000001,10.95455,19.824451901102208
15.200000000000001,11.15556,19.89328938919508
15.200000000000001,11.35657,19.960263317801807
15.200000000000001,11.55758,20.02536346568329
15.200000000000001,11.75859,20.085802494910816
15.200000000000001,11.9596,20.14619470618589
15.200000000000001,12.16061,20.202434490548782
15.200000000000001,12.36162,20.25776790997273
15.200000000000001,12.56263,20.311805186579882
15.200000000000001,12.76364,20.36296765013875
15.200000000000001,12.96465,20.414062113707686
15.200000000000001,13.16566,20.462171405115413
15.200000000000001,13.36667,20.50981279695481
15.200000000000001,13.56768,20.556426688886877
15.200000000000001,13.76869,20.601023785467977
15.200000000000001,13.9697,20.64554216297406
15.200000000000001,14.17071,20.687743695019815
15.200000000000001,14.37172,20.729706393488392
15.200000000000001,14.57273,20.77083069635136
15.200000000000001,14.77374,20.810476961520777
15.200000000000001,14.97475,20.850044042190433
15.200000000000001,15.17576,20.887783127980516
15.200000000000001,15.37677,20.92541282592688
15.200000000000001,15.57778,20.962353526221573
15.200000000000001,15.77879,20.998195393085208
15.200000000000001,15.9798,21.03394777466842
15.200000000000001,16.18081,21.068241390172346
15.200000000000001,16.38182,21.102495309611207
15.200000000000001,16.58283,21.13616984285608
15.200000000000001,16.78384,21.16900505444668
15.200000000000001,16.98485,21.201760590261827
15.200000000000001,17.18586,21.23331687003865
15.200000000000001,17.38687,21.264873291663502
15.200000000000001,17.58788,21.295920085492472
15.200000000000001,17.78889,21.326307269574237
15.200000000000001,17.9899,21.35662465875755
15.200000000000001,18.19091,21.385922492247506
15.200000000000001,18.39192,21.415230385133306
15.200000000000001,18.59293,21.44408850293113
15.200000000000001,18.79394,21.472406844275728
15.200000000000001,18.99495,21.500665317201047
15.200000000000001,19.19596,21.528024056088242
15.200000000000001,19.39697,21.555412813281215
15.200000000000001,19.59798,21.58237169740639
15.200000000000001,19.79899,21.608870701324374
15.200000000000001,20.0,21.633409859467868
15.5,0.1,0.8492323842531854
15.5,0.3010101,0.9906139020960336
15.5,0.5020202,1.0922080228246873
15.5,0.7030303,0.8049872576581384
15.5,1.306061,2.0788232661057098
15.5,1.507071,2.8021991406421294
15.5,1.708081,2.7694454184885675
15.5,1.909091,2.665100798687379
15.5,2.110101,2.5344812430644295
15.5,2.311111,2.397772541879492
15.5,2.512121,2.2674506654906184
15.5,2.713131,2.1520729648263055
15.5,2.914141,2.056885159100247
15.5,3.115152,1.986526828675388
15.5,3.316162,1.9519103120676151
15.5,3.517172,1.9601736253424737
15.5,3.718182,2.0303604942283133
15.5,3.919192,2.174467632837966
15.5,4.120202,2.399750837059984
15.5,4.321212,2.7251040592668514
15.5,4.522222,3.14157626631231
15.5,4.723232,3.65525352381076
15.5,4.924242,4.260279941714137
15.5,5.125253,4.947577040902198
15.5,5.326263,5.745548713218138
15.5,5.527273,6.61392751279484
15.5,5.728283,7.576364460102204
15.5,5.929293,8.633139933155002
15.5,6.130303,9.74729895468564
15.5,6.331313,10.901472494650536
15.5,6.532323,12.050589729845408
15.5,6.733333,13.163043840252652
15.5,6.934343,14.177848388931519
15.5,7.135354,15.073755091605221
15.5,7.336364,15.855204111410018
15.5,7.537374,16.50938959140201
15.5,7.738384,17.044676222085112
15.5,7.939394,17.4683179179084
15.5,8.140404,17.82172747101018
15.5,8.341414,18.118364263005674
15.5,8.542424,18.368788431183134
15.5,8.743434,18.581064879095393
15.5,8.944444,18.758860056636085
15.5,9.145455,18.916378030613068
15.5,9.346465,19.056631868374637
15.5,9.547475,19.18295666837132
15.5,9.748485,19.29737737536623
15.5,9.949495,19.389109215117887
15.5,10.15051,19.481463518212976
15.5,10.35152,19.581273416139307
15.5,10.55253,19.667002435505054
15.5,10.75354,19.74282919801522
15.5,10.95455,19.81881142202449
15.5,11.15556,19.88793700020521
15.5,11.35657,19.954939048470212
15.5,11.55758,20.02003735813815
15.5,11.75859,20.080474707386745
15.5,11.9596,20.141015301515083
15.5,12.16061,20.197523571092283
15.5,12.36162,20.252885519055894
15.5,12.56263,20.306911373084557
15.5,12.76364,20.358072523825697
15.5,12.96465,20.40936563652244
15.5,13.16566,20.45780358215567
15.5,13.36667,20.505473815362432
15.5,13.56768,20.552086609900137
15.5,13.76869,20.59668269416251
15.5,13.9697,20.641459898522992
15.5,14.17071,20.68403023429503
15.5,14.37172,20.72601204509386
15.5,14.57273,20.76713552384745
15.5,14.77374,20.806791030120547
15.5,14.97475,20.84662712482968
15.5,15.17576,20.884725217292445
15.5,15.37677,20.92237425880475
15.5,15.57778,20.959304357441262
15.5,15.77879,20.995145670264655
15.5,15.9798,21.031167264200416
15.5,16.18081,21.06576010536238
15.5,16.38182,21.10003355292173
15.5,16.58283,21.13369765563293
15.5,16.78384,21.166532470254072
15.5,16.98485,21.19951740049375
15.5,17.18586,21.231323100725522
15.5,17.38687,21.262889189722667
15.5,17.58788,21.29392567986576
15.5,17.78889,21.32431258343009
15.5,17.9899,21.354829517599
15.5,18.19091,21.38431692632939
15.5,18.39192,21.413634588414435
15.5,18.59293,21.442492494626027
15.5,18.79394,21.470810640221345
15.5,18.99495,21.49922877359872
15.5,19.19596,21.526737199298108
15.5,19.39697,21.554125799484645
15.5,19.59798,21.581084537698832
15.5,19.79899,21.607583405151424
15.5,20.0,21.630322404157514
15.8,0.1,0.3936050968192262
15.8,0.3010101,0.8391319407056559
15.8,0.5020202,0.9541666600285368
15.8,0.7030303,0.6815179607533541
15.8,1.306061,1.7447008622109883
15.8,1.507071,2.7818306061688114
15.8,1.708081,2.751468777073782
15.8,1.909091,2.6507641783680866
15.8,2.110101,2.523524877957618
15.8,2.311111,2.3899777979253907
15.8,2.512121,2.2621047755278822
15.8,2.713131,2.1493302465049964
15.8,2.914141,2.0577423229360035
15.8,3.115152,1.993205584239691
15.8,3.316162,1.9680392816151593
15.8,3.517172,1.9889847119107478
15.8,3.718182,2.0747797834891406
15.8,3.919192,2.2369021732852863
15.8,4.120202,2.4808351763588368
15.8,4.321212,2.823231119661873
15.8,4.522222,3.2531073081563666
15.8,4.723232,3.7763604074914516
15.8,4.924242,4.389000617130765
15.8,5.125253,5.083024574593015
15.8,5.326263,5.888777686744427
15.8,5.527273,6.761626290789257
15.8,5.728283,7.725600397310229
15.8,5.929293,8.777033673099334
15.8,6.130303,9.881140854072841
15.8,6.331313,11.01288831911945
15.8,6.532323,12.143731749335739
15.8,6.733333,13.2328675699355
15.8,6.934343,14.222257143191902
15.8,7.135354,15.102137258269202
15.8,7.336364,15.864964220061836
15.8,7.537374,16.510537535334535
15.8,7.738384,17.03970921194938
15.8,7.939394,17.460044101916495
15.8,8.140404,17.812354496363938
15.8,8.341414,18.1085934988584
15.8,8.542424,18.359243239892095
15.8,8.743434,18.572096335384874
15.8,8.944444,18.75056896922204
15.8,9.145455,18.908594517910156
15.8,9.346465,19.049516361751916
15.8,9.547475,19.176208918199766
15.8,9.748485,19.290987560541495
15.8,9.949495,19.393690024985304
15.8,10.15051,19.486293603238614
15.8,10.35152,19.575528731458522
15.8,10.55253,19.661315406215568
15.8,10.75354,19.737330179223747
15.8,10.95455,19.813350323225333
15.8,11.15556,19.882483992906845
15.8,11.35657,19.949594306561522
15.8,11.55758,20.01484095874672
15.8,11.75859,20.07540676772024
15.8,11.9596,20.13598575930667
15.8,12.16061,20.1924825523607
15.8,12.36162,20.24796309566328
15.8,12.56263,20.302147583732012
15.8,12.76364,20.353477437395075
15.8,12.96465,20.404799279162177
15.8,13.16566,20.453236071570505
15.8,13.36667,20.50106511376176
15.8,13.56768,20.547866734788805
15.8,13.76869,20.592671697808964
15.8,13.9697,20.637477905122612
15.8,14.17071,20.680047356938577
15.8,14.37172,20.72221816472912
15.8,14.57273,20.763560655549874
15.8,14.77374,20.80342522861369
15.8,14.97475,20.843290565854073
15.8,15.17576,20.88137799956947
15.8,15.37677,20.919216231601848
15.8,15.57778,20.95635553955913
15.8,15.77879,20.99238611501003
15.8,15.9798,21.028427151503077
15.8,16.18081,21.063019512372854
15.8,16.38182,21.097462332505668
15.8,16.58283,21.131305829107777
15.8,16.78384,21.164300082731128
15.8,16.98485,21.197304611802323
15.8,17.18586,21.229099967102787
15.8,17.38687,21.26080558259191
15.8,17.58788,21.291991620402726
15.8,17.78889,21.322518106540077
15.8,17.9899,21.353034756383373
15.8,18.19091,21.382531919999217
15.8,18.39192,21.411959229370517
15.8,18.59293,21.440926801925407
15.8,18.79394,21.4693546392142
15.8,18.99495,21.497782573515526
15.8,19.19596,21.525290826517253
15.8,19.39697,21.552779160380275
15.8,19.59798,21.577937747563514
15.8,19.79899,21.60065657404181
15.8,20.0,21.623365443866955
16.1,0.1,0.054402415533955154
16.1,0.3010101,0.5070378630136677
16.1,0.5020202,0.6537680185696114
16.1,0.7030303,0.5682483344215372
16.1,1.306061,2.0402605868635506
16.1,1.507071,2.76038878227707
16.1,1.708081,2.7306912223123145
16.1,1.909091,2.636237326740569
16.1,2.110101,2.5145683651905606
16.1,2.311111,2.3855563407816
16.1,2.512121,2.261569108494565
16.1,2.713131,2.152993480594767
16.1,2.914141,2.067189338262325
16.1,3.115152,2.0112283248766643
16.1,3.316162,1.9990978345610615
16.1,3.517172,2.035753325327915
16.1,3.718182,2.139317836259553
16.1,3.919192,2.3207059125733247
16.1,4.120202,2.582793555475534
16.1,4.321212,2.9396522738876434
16.1,4.522222,3.3796403970948186
16.1,4.723232,3.909371486236585
16.1,4.924242,4.526465660176868
16.1,5.125253,5.224152449279477
16.1,5.326263,6.033662872805461
16.1,5.527273,6.908816771207481
16.1,5.728283,7.872001217253416
16.1,5.929293,8.915521981707233
16.1,6.130303,10.008908820234854
16.1,6.331313,11.118138874415687
16.1,6.532323,12.231126406879854
16.1,6.733333,13.297797367698564
16.1,6.934343,14.263208756775601
16.1,7.135354,15.127859922399402
16.1,7.336364,15.873570969015786
16.1,7.537374,16.51100113882221
16.1,7.738384,17.034497856257225
16.1,7.939394,17.4518948019176
16.1,8.140404,17.803200444203735
16.1,8.341414,18.09916786201814
16.1,8.542424,18.350075620277654
16.1,8.743434,18.56349793245806
16.1,8.944444,18.742640008280212
16.1,9.145455,18.901144158214237
16.1,9.346465,19.042695295071862
16.1,9.547475,19.169746230118303
16.1,9.748485,19.284873393613378
16.1,9.949495,19.37704211249438
16.1,10.15051,19.468026003536107
16.1,10.35152,19.564637056647474
16.1,10.55253,19.65592378150484
16.1,10.75354,19.732117133848618
16.1,10.95455,19.80817550556328
16.1,11.15556,19.877297482638753
16.1,11.35657,19.944526422007282
16.1,11.55758,20.009901787533014
16.1,11.75859,20.070596367477552
16.1,11.9596,20.13119394436888
16.1,12.16061,20.187689402898275
16.1,12.36162,20.243278765084174
16.1,12.56263,20.297592115304052
16.1,12.76364,20.349070870457503
16.1,12.96465,20.400421566245353
16.1,13.16566,20.44885730324006
16.1,13.36667,20.49682530444773
16.1,13.56768,20.543805902014057
16.1,13.76869,20.58878987604518
16.1,13.9697,20.63362517009201
16.1,14.17071,20.67619380659608
16.1,14.37172,20.71853371181591
16.1,14.57273,20.76007531138886
16.1,14.77374,20.80013903544781
16.1,14.97475,20.840023671052457
16.1,15.17576,20.87812049246787
16.1,15.37677,20.916117977330828
16.1,15.57778,20.95344655221465
16.1,15.77879,20.989666439191275
16.1,15.9798,21.02572695449769
16.1,16.18081,21.060318866216836
16.1,16.38182,21.094911094232263
16.1,16.58283,21.128924015828975
16.1,16.78384,21.162077734161272
16.1,16.98485,21.19509188534794
16.1,17.18586,21.226886916299517
16.1,17.38687,21.258732075661815
16.1,17.58788,21.29005767555887
16.1,17.78889,21.32070375569101
16.1,17.9899,21.351240136111947
16.1,18.19091,21.380727068016135
16.1,18.39192,21.41026403187858
16.1,18.59293,21.439351276608832
16.1,18.79394,21.46787881040425
16.1,18.99495,21.496306555019014
16.1,19.19596,21.523814643683263
16.1,19.39697,21.551392721756248
16.1,19.59798,21.578540972792773
16.1,19.79899,21.605219390994822
16.1,20.0,21.627948155170294
16.4,0.1,0.17560356172317348
16.4,0.3010101,0.7021477537580938
16.4,0.5020202,0.8843039005150723
16.4,0.7030303,0.8203262088707776
16.4,0.9040404,0.29593587981696795
16.4,1.306061,1.970661357323021
16.4,1.507071,2.734588322355816
16.4,1.708081,2.7161584969805306
16.4,1.909091,2.627009848618988
16.4,2.110101,2.510526287712724
16.4,2.311111,2.386312280927012
16.4,2.512121,2.2675986152795296
16.4,2.713131,2.1655053125003656
16.4,2.914141,2.0876660527983644
16.4,3.115152,2.0432576507283375
16.4,3.316162,2.0461800004426722
16.4,3.517172,2.10137527137374
16.4,3.718182,2.225850519742782
16.4,3.919192,2.4255836420924646
16.4,4.120202,2.703293244804308
16.4,4.321212,3.071090205731501
16.4,4.522222,3.518471925961381
16.4,4.723232,4.0523677853545506
16.4,4.924242,4.671320911209428
16.4,5.125253,5.3700064537500385
16.4,5.326263,6.136039379337607
16.4,5.527273,7.054862692090173
16.4,5.728283,8.014997283179241
16.4,5.929293,9.05254162142011
16.4,6.130303,10.12490281597324
16.4,6.331313,11.226770358660742
16.4,6.532323,12.310577269068613
16.4,6.733333,13.355529277747715
16.4,6.934343,14.30669844920697
16.4,7.135354,15.145336131321233
16.4,7.336364,15.885281536583037
16.4,7.537374,16.51022132253914
16.4,7.738384,17.028750522161147
16.4,7.939394,17.44445511914
16.4,8.140404,17.79412265381067
16.4,8.341414,18.08998845413194
16.4,8.542424,18.34137946134045
16.4,8.743434,18.5553023023317
16.4,8.944444,18.734914091246015
16.4,9.145455,18.894229479673896
16.4,9.346465,19.035988859530423
16.4,9.547475,19.16359963876223
16.4,9.748485,19.278985476408344
16.4,9.949495,19.37851090600387
16.4,10.15051,19.46776689067452
16.4,10.35152,19.560972387330864
16.4,10.55253,19.650590944852045
16.4,10.75354,19.72678252316342
16.4,10.95455,19.803019647335596
16.4,11.15556,19.87238079277827
16.4,11.35657,19.939638215360002
16.4,11.55758,20.005012048821026
16.4,11.75859,20.0657052262714
16.4,11.9596,20.12643169408061
16.4,12.16061,20.18313623402637
16.4,12.36162,20.238744360866264
16.4,12.56263,20.293066494096248
16.4,12.76364,20.344544124156233
16.4,12.96465,20.396053798435158
16.4,13.16566,20.44475856326924
16.4,13.36667,20.492745560599634
16.4,13.56768,20.53972519625759
16.4,13.76869,20.58471827972613
16.4,13.9697,20.629762618599894
16.4,14.17071,20.672640292040665
16.4,14.37172,20.715009403957556
16.4,14.57273,20.756550262048414
16.4,14.77374,20.796613299854418
16.4,14.97475,20.836737082223262
16.4,15.17576,20.875133040759074
16.4,15.37677,20.91315992080633
16.4,15.57778,20.95048793903145
16.4,15.77879,20.98670731048399
16.4,15.9798,21.022997107373318
16.4,16.18081,21.057868305098282
16.4,16.38182,21.092470085341038
16.4,16.58283,21.126482597084742
16.4,16.78384,21.15963593515543
16.4,16.98485,21.192859507620117
16.4,17.18586,21.22488397633539
16.4,17.38687,21.256728810479782
16.4,17.58788,21.28805411235971
16.4,17.78889,21.318709915250086
16.4,17.9899,21.349415841470908
16.4,18.19091,21.37908234359591
16.4,18.39192,21.408639074166775
16.4,18.59293,21.43771610392914
16.4,18.79394,21.46624343713036
16.4,18.99495,21.494820832056035
16.4,19.19596,21.522478603861398
16.4,19.39697,21.550056516092607
16.4,19.59798,21.577194612035967
16.4,19.79899,21.603882884314316
16.4,20.0,21.628661314729932
16.700000000000003,0.1,0.1729856985658063
16.700000000000003,0.3010101,0.465760110612043
16.700000000000003,0.5020202,0.6531396310479605
16.700000000000003,0.7030303,0.5595202387022801
16.700000000000003,1.306061,2.004347525100805
16.700000000000003,1.507071,2.726610119560525
16.700000000000003,1.708081,2.707513065167842
16.700000000000003,1.909091,2.6218584105868707
16.700000000000003,2.110101,2.509520590223904
16.700000000000003,2.311111,2.39082100970092
16.700000000000003,2.512121,2.2787902695745736
16.700000000000003,2.713131,2.1851387583899315
16.700000000000003,2.914141,2.118694048020799
16.700000000000003,3.115152,2.087223705650368
16.700000000000003,3.316162,2.1077372010573794
16.700000000000003,3.517172,2.184350918449201
16.700000000000003,3.718182,2.3300903211161934
16.700000000000003,3.919192,2.547911203996889
16.700000000000003,4.120202,2.8379800037043803
16.700000000000003,4.321212,3.214228844087963
16.700000000000003,4.522222,3.666922678249028
16.700000000000003,4.723232,4.202787368413097
16.700000000000003,4.924242,4.821676532689928
16.700000000000003,5.125253,5.519463732580319
16.700000000000003,5.326263,6.283476549499402
16.700000000000003,5.527273,7.2008347814695615
16.700000000000003,5.728283,8.155383164682123
16.700000000000003,5.929293,9.178991225809884
16.700000000000003,6.130303,10.247160420680084
16.700000000000003,6.331313,11.318554216305655
16.700000000000003,6.532323,12.390590184128564
16.700000000000003,6.733333,13.412048461958156
16.700000000000003,6.934343,14.336606356921466
16.700000000000003,7.135354,15.170997234542046
16.700000000000003,7.336364,15.890535180528017
16.700000000000003,7.537374,16.510610152364464
16.700000000000003,7.738384,17.023519900224656
16.700000000000003,7.939394,17.43620999782518
16.700000000000003,8.140404,17.785717951534572
16.700000000000003,8.341414,18.081382234873782
16.700000000000003,8.542424,18.332903805618347
16.700000000000003,8.743434,18.547470136606822
16.700000000000003,8.944444,18.727804415291594
16.700000000000003,9.145455,18.887298477745123
16.700000000000003,9.346465,19.02979933133405
16.700000000000003,9.547475,19.157578704750637
16.700000000000003,9.748485,19.27331401179066
16.700000000000003,9.949495,19.37307882842772
16.700000000000003,10.15051,19.469631369388743
16.700000000000003,10.35152,19.559312654689652
16.700000000000003,10.55253,19.64546513828185
16.700000000000003,10.75354,19.7217656602611
16.700000000000003,10.95455,19.79812166846093
16.700000000000003,11.15556,19.867521483175818
16.700000000000003,11.35657,19.934897993780048
16.700000000000003,11.55758,20.000290523732648
16.700000000000003,11.75859,20.061072710573413
16.700000000000003,11.9596,20.12187813814942
16.700000000000003,12.16061,20.178611564236206
16.700000000000003,12.36162,20.234338781484343
16.700000000000003,12.56263,20.288679824887456
16.700000000000003,12.76364,20.34025653155649
16.700000000000003,12.96465,20.391865256075402
16.700000000000003,13.16566,20.440609078195582
16.700000000000003,13.36667,20.488755194172338
16.700000000000003,13.56768,20.535753932678624
16.700000000000003,13.76869,20.580886160195522
16.700000000000003,13.9697,20.62603965192331
16.700000000000003,14.17071,20.66898653850104
16.700000000000003,14.37172,20.711524833709742
16.700000000000003,14.57273,20.753084977653458
16.700000000000003,14.77374,20.793307260418842
16.700000000000003,14.97475,20.833550325429915
16.700000000000003,15.17576,20.872015647327746
16.700000000000003,15.37677,20.910221822413295
16.700000000000003,15.57778,20.947569293689707
16.700000000000003,15.77879,20.983938034876267
16.700000000000003,15.9798,21.020337255495388
16.700000000000003,16.18081,21.05526795370812
16.700000000000003,16.38182,21.090029159124562
16.700000000000003,16.58283,21.124051264582548
16.700000000000003,16.78384,21.157354097714197
16.700000000000003,16.98485,21.19065722479321
16.700000000000003,17.18586,21.22274130964584
16.700000000000003,17.38687,21.254725692233446
16.700000000000003,17.58788,21.286060698395865
16.700000000000003,17.78889,21.31682610723943
16.700000000000003,17.9899,21.347601697419222
16.700000000000003,18.19091,21.377327908919874
16.700000000000003,18.39192,21.406984293763113
16.700000000000003,18.59293,21.436071111206893
16.700000000000003,18.79394,21.4646981449889
16.700000000000003,18.99495,21.493335291826277
16.700000000000003,19.19596,21.521032847950003
16.700000000000003,19.39697,21.54871050371135
16.700000000000003,19.59798,21.57584844773789
16.700000000000003,19.79899,21.59874678360233
16.700000000000003,20.0,21.62161517442384
17.0,0.1,0.37166891348623765
17.0,0.3010101,0.9450812904482767
17.0,0.5020202,1.1152855547664438
17.0,0.7030303,0.3665336497639212
17.0,0.9040404,0.027955089331464386
17.0,1.306061,1.9901090857256092
17.0,1.507071,2.7083292135124313
17.0,1.708081,2.6971168350970145
17.0,1.909091,2.616427598767939
17.0,2.110101,2.509776875336652
17.0,2.311111,2.397258651511486
17.0,2.512121,2.2930914290438844
17.0,2.713131,2.2098971254826387
17.0,2.914141,2.156201993571351
17.0,3.115152,2.141622271802445
17.0,3.316162,2.181995427218639
17.0,3.517172,2.280370922851782
17.0,3.718182,2.4467130125581367
17.0,3.919192,2.6801035204533386
17.0,4.120202,2.9818403142263366
17.0,4.321212,3.364922680172665
17.0,4.522222,3.8211520645200783
17.0,4.723232,4.357687298773469
17.0,4.924242,4.975374734138329
17.0,5.125253,5.670968609631657
17.0,5.326263,6.476888280406771
17.0,5.527273,7.343821850536479
17.0,5.728283,8.290792405428816
17.0,5.929293,9.306305917499763
17.0,6.130303,10.351261510394616
17.0,6.331313,11.415109043685067
17.0,6.532323,12.459323866545398
17.0,6.733333,13.461113462218025
17.0,6.934343,14.373375291014499
17.0,7.135354,15.184927976778624
17.0,7.336364,15.89976582799141
17.0,7.537374,16.509194039207387
17.0,7.738384,17.0179810086148
17.0,7.939394,17.429318081095946
17.0,8.140404,17.77748815879936
17.0,8.341414,18.07309453139052
17.0,8.542424,18.32507404339472
17.0,8.743434,18.54006333945451
17.0,8.944444,18.72078873868037
17.0,9.145455,18.880975287446812
17.0,9.346465,19.023635051052366
17.0,9.547475,19.15190485105813
17.0,9.748485,19.267859312757412
17.0,9.949495,19.360535251266253
17.0,10.15051,19.451865719624685
17.0,10.35152,19.548923577582634
17.0,10.55253,19.640606981923725
17.0,10.75354,19.717056889229564
17.0,10.95455,19.793401396607074
17.0,11.15556,19.862799854578245
17.0,11.35657,19.930205250657274
17.0,11.55758,19.995807507553796
17.0,11.75859,20.05666894350381
17.0,11.9596,20.117473157446252
17.0,12.16061,20.174215474372737
17.0,12.36162,20.22996172565975
17.0,12.56263,20.284502218728367
17.0,12.76364,20.336188135535487
17.0,12.96465,20.387785872531822
17.0,13.16566,20.436538792200885
17.0,13.36667,20.484724069913156
17.0,13.56768,20.532002078520318
17.0,13.76869,20.577253538549293
17.0,13.9697,20.62240624156239
17.0,14.17071,20.665342409616187
17.0,14.37172,20.70794999230661
17.0,14.57273,20.74982933484269
17.0,14.77374,20.79018093358184
17.0,14.97475,20.830423385459156
17.0,15.17576,20.868878152830494
17.0,15.37677,20.907153742663272
17.0,15.57778,20.944820451430196
17.0,15.77879,20.981308627252147
17.0,15.9798,21.017697383213626
17.0,16.18081,21.052627663126216
17.0,16.38182,21.08745840278103
17.0,16.58283,21.121769845534942
17.0,16.78384,21.155162234805253
17.0,16.98485,21.188465015534756
17.0,17.18586,21.220548789874332
17.0,17.38687,21.25259280962671
17.0,17.58788,21.284177269438867
17.0,17.78889,21.31501234046259
17.0,17.9899,21.345787675205116
17.0,18.19091,21.3755136584825
17.0,18.39192,21.405229763815008
17.0,18.59293,21.43451614433528
17.0,18.79394,21.46321292443084
17.0,18.99495,21.491839884398278
17.0,19.19596,21.51953727436034
17.0,19.39697,21.547254715519365
17.0,19.59798,21.574572313151695
17.0,19.79899,21.59945032039309
17.0,20.0,21.622318599870724
17.3,0.1,0.24524893943763448
17.3,0.3010101,0.5052775652412048
17.3,0.5020202,0.7085153660893628
17.3,0.7030303,0.5615153947454509
17.3,1.306061,1.6864150028451874
17.3,1.507071,2.694043249202463
17.3,1.708081,2.687624225868344
17.3,1.909091,2.6119096620868083
17.3,2.110101,2.510936723476441
17.3,2.311111,2.405824118474844
17.3,2.512121,2.3101789500350893
17.3,2.713131,2.2379329398806815
17.3,2.914141,2.1993087850695807
17.3,3.115152,2.204167710351249
17.3,3.316162,2.26710988642978
17.3,3.517172,2.386367578022372
17.3,3.718182,2.5701787652826926
17.3,3.919192,2.8181986396197685
17.3,4.120202,3.130582899069245
17.3,4.321212,3.519579899285388
17.3,4.522222,3.9782279456547105
17.3,4.723232,4.514708104628811
17.3,4.924242,5.1305374195766715
17.3,5.125253,5.822940138823467
17.3,5.326263,6.623711696659113
17.3,5.527273,7.485463473474923
17.3,5.728283,8.423724621562517
17.3,5.929293,9.424976627464126
17.3,6.130303,10.456500934237457
17.3,6.331313,11.49746971655698
17.3,6.532323,12.525636508980227
17.3,6.733333,13.508912807910782
17.3,6.934343,14.402437815853867
17.3,7.135354,15.202759907822847
17.3,7.336364,15.904731548407735
17.3,7.537374,16.508349326957987
17.3,7.738384,17.013099055811526
17.3,7.939394,17.42237921650664
17.3,8.140404,17.769917949082146
17.3,8.341414,18.065414560946575
17.3,8.542424,18.317608919509357
17.3,8.743434,18.533032423106278
17.3,8.944444,18.71423043096549
17.3,9.145455,18.874757644438514
17.3,9.346465,19.01786831865307
17.3,9.547475,19.14637761894692
17.3,9.748485,19.26259155023169
17.3,9.949495,19.366248851573328
17.3,10.15051,19.459556954108898
17.3,10.35152,19.549416362496284
17.3,10.55253,19.6357871121667
17.3,10.75354,19.712265900427248
17.3,10.95455,19.788749933804016
17.3,11.15556,19.858267866054423
17.3,11.35657,19.92574249475192
17.3,11.55758,19.99134351207151
17.3,11.75859,20.05223396734434
17.3,11.9596,20.113127547236175
17.3,12.16061,20.169969207515724
17.3,12.36162,20.225784667407282
17.3,12.56263,20.280324144223567
17.3,12.76364,20.332039197678082
17.3,12.96465,20.383756229297447
17.3,13.16566,20.432638431464575
17.3,13.36667,20.480912941950347
17.3,13.56768,20.528180123539965
17.3,13.76869,20.573490830366904
17.3,13.9697,20.618792809714545
17.3,14.17071,20.66188826105384
17.3,14.37172,20.704595143151327
17.3,14.57273,20.7464738306615
17.3,14.77374,20.78688479241661
17.3,14.97475,20.827296565712675
17.3,15.17576,20.865920681166287
17.3,15.37677,20.904285674267864
17.3,15.57778,20.941961878187488
17.3,15.77879,20.97850953444573
17.3,15.9798,21.015057702905168
17.3,16.18081,21.050137431309068
17.3,16.38182,21.0850576889879
17.3,16.58283,21.119378750390045
17.3,16.78384,21.15282072739475
17.3,16.98485,21.186273025801277
17.3,17.18586,21.218486354313153
17.3,17.38687,21.250599998214525
17.3,17.58788,21.282184173608538
17.3,17.78889,21.313078922972217
17.3,17.9899,21.343973873977692
17.3,18.19091,21.37379950516102
17.3,18.39192,21.403575322852625
17.3,18.59293,21.43287149287954
17.3,18.79394,21.46160802299377
17.3,18.99495,21.490344679977536
17.3,19.19596,21.51813179358126
17.3,19.39697,21.54588901656445
17.3,19.59798,21.573206458883085
17.3,19.79899,21.600054113267106
17.3,20.0,21.626891849556262
17.6,0.1,0.3576166149983666
17.6,0.3010101,0.6811130048835363
17.6,0.5020202,0.8386512644432307
17.6,0.7030303,0.8790016595533878
17.6,1.306061,1.8790015826759436
17.6,1.507071,2.664275180461314
17.6,1.708081,2.671055856150228
17.6,1.909091,2.6031677576586327
17.6,2.110101,2.5096333805761466
17.6,2.311111,2.4130631350272527
17.6,2.512121,2.3273126328544533
17.6,2.713131,2.2676532368716766
17.6,2.914141,2.246451143050881
17.6,3.115152,2.2730040622090386
17.6,3.316162,2.3592286177176294
17.6,3.517172,2.498802804258849
17.6,3.718182,2.6989227208551307
17.6,3.919192,2.960156942522366
17.6,4.120202,3.2818395632177464
17.6,4.321212,3.6758892903593687
17.6,4.522222,4.1364142267863855
17.6,4.723232,4.672381170311467
17.6,4.924242,5.285808600043047
17.6,5.125253,5.974201135149026
17.6,5.326263,6.768413194561109
17.6,5.527273,7.6241341514583
17.6,5.728283,8.552255303765683
17.6,5.929293,9.537713479856311
17.6,6.130303,10.555563951312408
17.6,6.331313,11.574101660221224
17.6,6.532323,12.586710374424442
17.6,6.733333,13.552586664079932
17.6,6.934343,14.428921716832543
17.6,7.135354,15.218691438869634
17.6,7.336364,15.90918013078055
17.6,7.537374,16.507421890440835
17.6,7.738384,17.00853849352397
17.6,7.939394,17.415964687439075
17.6,8.140404,17.762913206041237
17.6,8.341414,18.058271178787017
17.6,8.542424,18.310650725092984
17.6,8.743434,18.526428470134956
17.6,8.944444,18.708028990710563
17.6,9.145455,18.86884694752121
17.6,9.346465,19.012338409352836
17.6,9.547475,19.14108731749051
17.6,9.748485,19.257530740984063
17.6,9.949495,19.350525643807256
17.6,10.15051,19.451139526961473
17.6,10.35152,19.5447327212446
17.6,10.55253,19.6312331063719
17.6,10.75354,19.707751009131243
17.6,10.95455,19.7843648923094
17.6,11.15556,19.853982600458554
17.6,11.35657,19.921526709473582
17.6,11.55758,19.987126640306826
17.6,11.75859,20.048036287699183
17.6,11.9596,20.10901948839943
17.6,12.16061,20.165940721220757
17.6,12.36162,20.22181557434801
17.6,12.56263,20.27635413912624
17.6,12.76364,20.328098454308844
17.6,12.96465,20.3799149609187
17.6,13.16566,20.42890660640124
17.6,13.36667,20.4772504774593
17.6,13.56768,20.524526907352943
17.6,13.76869,20.56987695210244
17.6,13.9697,20.615308334864054
17.6,14.17071,20.65855318229477
17.6,14.37172,20.701349452284788
17.6,14.57273,20.74322753836624
17.6,14.77374,20.78368792724253
17.6,14.97475,20.82424910930942
17.6,15.17576,20.863032648363163
17.6,15.37677,20.901497103545694
17.6,15.57778,20.93916283971436
17.6,15.77879,20.975770020379542
17.6,15.9798,21.01246765840509
17.6,16.18081,21.047696883798178
17.6,16.38182,21.08269669780651
17.6,16.58283,21.117017403365352
17.6,16.78384,21.150518997331964
17.6,16.98485,21.184100849100982
17.6,17.18586,21.2164437611571
17.6,17.38687,21.248627053029836
17.6,17.58788,21.280210961582164
17.6,17.78889,21.31115540788894
17.6,17.9899,21.342159995645297
17.6,18.19091,21.372095290431858
17.6,18.39192,21.401920834489903
17.6,18.59293,21.431216806250703
17.6,18.79394,21.459993097578128
17.6,18.99495,21.48882946196721
17.6,19.19596,21.51669629881825
17.6,19.39697,21.544503307886163
17.6,19.59798,21.571820603837022
17.6,19.79899,21.59676824947054
17.6,20.0,21.619766098807585
17.9,0.1,0.2650071422698568
17.9,0.3010101,0.5133501002096247
17.9,0.5020202,0.7175862809404573
17.9,0.7030303,0.7367995695161593
17.9,1.306061,1.907449891361675
17.9,1.507071,2.658631128968266
17.9,1.708081,2.662084970124422
17.9,1.909091,2.597431539979712
17.9,2.110101,2.5099252753157915
17.9,2.311111,2.4213831498183125
17.9,2.512121,2.346862875767901
17.9,2.713131,2.3028846350435486
17.9,2.914141,2.300364533853649
17.9,3.115152,2.3492131767925244
17.9,3.316162,2.45702351704843
17.9,3.517172,2.6165047590263413
17.9,3.718182,2.8329019764568826
17.9,3.919192,3.1053691926362097
17.9,4.120202,3.434888798501831
17.9,4.321212,3.833064575931097
17.9,4.522222,4.295118982696432
17.9,4.723232,4.830020814942761
17.9,4.924242,5.440439912413903
17.9,5.125253,6.124348611839581
17.9,5.326263,6.871308836534338
17.9,5.527273,7.758420231209486
17.9,5.728283,8.67454752131049
17.9,5.929293,9.65008911153568
17.9,6.130303,10.642379615424503
17.9,6.331313,11.653493121405438
17.9,6.532323,12.641420513992573
17.9,6.733333,13.59068627187112
17.9,6.934343,14.45701335244665
17.9,7.135354,15.229114960298807
17.9,7.336364,15.915795078374494
17.9,7.537374,16.506074237159485
17.9,7.738384,17.004058545838596
17.9,7.939394,17.41042655039822
17.9,8.140404,17.756283036409478
17.9,8.341414,18.05157432858918
17.9,8.542424,18.304162679715052
17.9,8.743434,18.520193590604375
17.9,8.944444,18.702035275129195
17.9,9.145455,18.86329517650574
17.9,9.346465,19.00690585227417
17.9,9.547475,19.136004862115982
17.9,9.748485,19.252627557973547
17.9,9.949495,19.352989566866302
17.9,10.15051,19.44286209392815
17.9,10.35152,19.53479690833863
17.9,10.55253,19.62683866414506
17.9,10.75354,19.70347648502041
17.9,10.95455,19.780089200343614
17.9,11.15556,19.849705852541312
17.9,11.35657,19.917279172546365
17.9,11.55758,19.98302949947285
17.9,11.75859,20.04401879427433
17.9,11.9596,20.104991011502104
17.9,12.16061,20.161911346470585
17.9,12.36162,20.217815468936667
17.9,12.56263,20.272503993533842
17.9,12.76364,20.32433779202049
17.9,12.96465,20.37614347298824
17.9,13.16566,20.425134361347986
17.9,13.36667,20.473527559082054
17.9,13.56768,20.521003622762283
17.9,13.76869,20.566463083306825
17.9,13.9697,20.61189378702832
17.9,14.17071,20.655138013821926
17.9,14.37172,20.697983684128236
17.9,14.57273,20.7401212220494
17.9,14.77374,20.78070104363498
17.9,14.97475,20.821261683645385
17.9,15.17576,20.860044729746836
17.9,15.37677,20.89855867186666
17.9,15.57778,20.93650381097166
17.9,15.77879,20.97322049535463
17.9,15.9798,21.009917712018183
17.9,16.18081,21.045146555818565
17.9,16.38182,21.08020594727179
17.9,16.58283,21.114776091528313
17.9,16.78384,21.14836727918246
17.9,16.98485,21.181948809257943
17.9,17.18586,21.214291430826066
17.9,17.38687,21.2465243833213
17.9,17.58788,21.27832780136205
17.9,17.78889,21.309341927246443
17.9,17.9899,21.340356272052443
17.9,18.19091,21.37029134795528
17.9,18.39192,21.400166622455224
17.9,18.59293,21.429652179442723
17.9,18.79394,21.45847822204371
17.9,18.99495,21.487304404251752
17.9,19.19596,21.515181077068046
17.9,19.39697,21.54302786876363
17.9,19.59798,21.570504820871708
17.9,19.79899,21.59354247647807
17.9,20.0,21.616540202656722
18.200000000000003,0.1,0.5116739764106629
18.200000000000003,0.3010101,0.6497208153962593
18.200000000000003,0.5020202,0.8170545312686847
18.200000000000003,0.7030303,0.6624323319285828
18.200000000000003,1.306061,1.90262168036849
18.200000000000003,1.507071,2.6481118214358568
18.200000000000003,1.708081,2.654103898890329
18.200000000000003,1.909091,2.5930590845436154
18.200000000000003,2.110101,2.5108311934009038
18.200000000000003,2.311111,2.431167153532955
18.200000000000003,2.512121,2.369663023634943
18.200000000000003,2.713131,2.3432604942857487
18.200000000000003,2.914141,2.362742990504919
18.200000000000003,3.115152,2.432315335831217
18.200000000000003,3.316162,2.561045224952317
18.200000000000003,3.517172,2.7395496698328796
18.200000000000003,3.718182,2.9704160983649
18.200000000000003,3.919192,3.2533262717769413
18.200000000000003,4.120202,3.589153563114331
18.200000000000003,4.321212,3.990853382931599
18.200000000000003,4.522222,4.454064940911027
18.200000000000003,4.723232,4.987483789078923
18.200000000000003,4.924242,5.594185951653295
18.200000000000003,5.125253,6.273228562075374
18.200000000000003,5.326263,7.011008512167955
18.200000000000003,5.527273,7.892436478633349
18.200000000000003,5.728283,8.795084164653405
18.200000000000003,5.929293,9.748961809317791
18.200000000000003,6.130303,10.7369046826281
18.200000000000003,6.331313,11.719037888795883
18.200000000000003,6.532323,12.69698719657985
18.200000000000003,6.733333,13.628381789521942
18.200000000000003,6.934343,14.475971044568487
18.200000000000003,7.135354,15.245306895516697
18.200000000000003,7.336364,15.91875217321187
18.200000000000003,7.537374,16.505934779402676
18.200000000000003,7.738384,17.000350938145424
18.200000000000003,7.939394,17.404708481733866
18.200000000000003,8.140404,17.75042818804038
18.200000000000003,8.341414,18.04536294384223
18.200000000000003,8.542424,18.297963318567305
18.200000000000003,8.743434,18.51423809737271
18.200000000000003,8.944444,18.6964119024981
18.200000000000003,9.145455,18.857760933781982
18.200000000000003,9.346465,19.001782200912107
18.200000000000003,9.547475,19.130980229610167
18.200000000000003,9.748485,19.24784234648428
18.200000000000003,9.949495,19.3484138676944
18.200000000000003,10.15051,19.43842616988335
18.200000000000003,10.35152,19.53051065008362
18.200000000000003,10.55253,19.62255123393876
18.200000000000003,10.75354,19.699278916919727
18.200000000000003,10.95455,19.775981389298998
18.200000000000003,11.15556,19.845627342150994
18.200000000000003,11.35657,19.913280620779318
18.200000000000003,11.55758,19.979050203210925
18.200000000000003,11.75859,20.040099217086432
18.200000000000003,11.9596,20.101121049669324
18.200000000000003,12.16061,20.158060731752986
18.200000000000003,12.36162,20.21403459634803
18.200000000000003,12.56263,20.26874242379026
18.200000000000003,12.76364,20.32063581003104
18.200000000000003,12.96465,20.37250100004254
18.200000000000003,13.16566,20.421521275215625
18.200000000000003,13.36667,20.47000405150607
18.200000000000003,13.56768,20.51749948383202
18.200000000000003,13.76869,20.563058450445936
18.200000000000003,13.9697,20.608568622719833
18.200000000000003,14.17071,20.65185229234142
18.200000000000003,14.37172,20.694827462150606
18.200000000000003,14.57273,20.73698445834467
18.200000000000003,14.77374,20.77768376983132
18.200000000000003,14.97475,20.818323900489272
18.200000000000003,15.17576,20.85715646348197
18.200000000000003,15.37677,20.895819905724768
18.200000000000003,15.57778,20.933774602033495
18.200000000000003,15.77879,20.970610812169415
18.200000000000003,15.9798,21.007397582376093
18.200000000000003,16.18081,21.042676023985177
18.200000000000003,16.38182,21.077874965568927
18.200000000000003,16.58283,21.112454761728443
18.200000000000003,16.78384,21.146165537450777
18.200000000000003,16.98485,21.179816698742787
18.200000000000003,17.18586,21.212208994456724
18.200000000000003,17.38687,21.24456156533223
18.200000000000003,17.58788,21.276374716558923
18.200000000000003,17.78889,21.30748849808636
18.200000000000003,17.9899,21.33855254846701
18.200000000000003,18.19091,21.368537364389784
18.200000000000003,18.39192,21.398512325628435
18.200000000000003,18.59293,21.427997681175253
18.200000000000003,18.79394,21.456913441789354
18.200000000000003,18.99495,21.485789393455892
18.200000000000003,19.19596,21.513695862577382
18.200000000000003,19.39697,21.541622406048617
18.200000000000003,19.59798,21.56909920691978
18.200000000000003,19.79899,21.596096257709103
18.200000000000003,20.0,21.62110363995686
8.0,6.7,11.519374168641178
8.0,6.834343,12.556990760209317
8.0,6.968687,13.589018366463476
8.0,7.10303,14.498889694914933
8.0,7.237374,15.37724640671234
8.0,7.371717,16.03593151395513
8.0,7.506061,16.657614853207086
8.0,7.640404,17.084751138302114
8.0,7.774747,17.487475445942533
8.0,7.909091,17.781507661223188
8.0,8.043434,18.04967112402308
8.0,8.177778,18.262968461796593
8.0,8.312121,18.451427335141318
8.0,8.446465,18.614249538734146
8.0,8.580808,18.757280072700496
8.0,8.715152,18.887044429903113
8.0,8.849495,18.999532864699777
8.0,8.983838,19.10695139368371
8.0,9.118182,19.20023155084487
8.0,9.252525,19.29104798353339
8.0,9.386869,19.370233629150484
8.0,9.521212,19.448184509862468
8.0,9.655556,19.518381820999252
8.0,9.789899,19.586063386594606
8.0,9.924242,19.640671394347518
8.0,10.05859,19.694791995693706
8.0,10.19293,19.75252479191076
8.0,10.32727,19.811810469105435
8.0,10.46162,19.87108921711242
8.0,10.59596,19.921630861071755
8.0,10.7303,19.968504379049246
8.0,10.86465,20.014759450982346
8.0,10.99899,20.061016263708698
8.0,11.13333,20.10119341490576
8.0,11.26768,20.14132174910743
8.0,11.40202,20.182131689320425
8.0,11.53636,20.22183241910645
8.0,11.67071,20.257982525241573
8.0,11.80505,20.29338255035561
8.0,11.93939,20.328573031188892
8.0,12.07374,20.361702487216117
8.0,12.20808,20.393140982307376
8.0,12.34242,20.42486036391638
8.0,12.47677,20.457201298984522
8.0,12.61111,20.487130211980244
8.0,12.74545,20.51628827094525
8.0,12.8798,20.544945328248133
8.0,13.01414,20.57336228156159
8.0,13.14848,20.59987690043463
8.0,13.28283,20.62638160097973
8.0,13.41717,20.653468130475204
8.0,13.55152,20.679964112672238
8.0,13.68586,20.70536867195436
8.0,13.8202,20.73028147654193
8.0,13.95455,20.755144098555366
8.0,14.08889,20.77914543727097
8.0,14.22323,20.80271611794062
8.0,14.35758,20.826477654442627
8.0,14.49192,20.85050033944881
8.0,14.62626,20.873471466873102
8.0,14.76061,20.896201655156407
8.0,14.89495,20.918740820317154
8.0,15.02929,20.94108972991496
8.0,15.16364,20.96276770773945
8.0,15.29798,20.98444569822259
8.0,15.43232,21.00641540345543
8.0,15.56667,21.028004623072597
8.0,15.70101,21.049183313312035
8.0,15.83535,21.07012043104124
8.0,15.9697,21.091067570079115
8.0,16.10404,21.111504202598258
8.0,16.23838,21.131790710777945
8.0,16.37273,21.152188023645618
8.0,16.50707,21.172635977163655
8.0,16.64141,21.192493368258585
8.0,16.77576,21.21226004524775
8.0,16.9101,21.23195618959921
8.0,17.04444,21.251472254481357
8.0,17.17879,21.270618124137556
8.0,17.31313,21.28978415069096
8.0,17.44747,21.309061248871913
8.0,17.58182,21.328008168819878
8.0,17.71616,21.34673486234791
8.0,17.85051,21.36537068596638
8.0,17.98485,21.38400655855742
8.0,18.11919,21.402212343767513
8.0,18.25354,21.42035816364815
8.0,18.38788,21.43856462274446
8.0,18.52222,21.45672140092098
8.0,18.65657,21.474468076556025
8.0,18.79091,21.492174246570066
8.0,18.92525,21.509860208923104
8.0,19.0596,21.527346217581346
8.0,19.19394,21.54458227089616
8.0,19.32828,21.56182852172976
8.0,19.46263,21.579115355559843
8.0,19.59697,21.596062184966673
8.0,19.73131,21.612309027686738
8.0,19.86566,21.62664588062199
8.0,20.0,21.640992771632853
7.700000000000001,0.1,1.6397308656397396
7.700000000000001,0.3010101,5.173111403272775
7.700000000000001,0.5020202,5.5152129900979645
7.700000000000001,0.7030303,5.348350898440507
7.700000000000001,0.9040404,4.988353861571393
7.700000000000001,1.105051,4.584916328881731
7.700000000000001,1.306061,4.277214887139715
7.700000000000001,1.507071,4.193434229983207
7.700000000000001,1.708081,4.339543930077202
7.700000000000001,1.909091,4.522278394507762
7.700000000000001,2.110101,4.576809584061428
7.700000000000001,2.311111,4.363842191904887
7.700000000000001,2.512121,3.962259813533028
7.700000000000001,2.713131,3.475864352389237
7.700000000000001,2.914141,3.037047409619086
7.700000000000001,3.115152,2.715308341149362
7.700000000000001,3.316162,2.5933179291166693
7.700000000000001,3.517172,2.660899192974901
7.700000000000001,3.718182,2.8564776007163086
7.700000000000001,3.919192,3.045647847899688
7.700000000000001,4.120202,3.216918973201087
7.700000000000001,4.321212,3.441670764195638
7.700000000000001,4.522222,3.7479054085467856
7.700000000000001,4.723232,4.161095167389787
7.700000000000001,4.924242,4.655580851676457
7.700000000000001,5.125253,5.249387566708357
7.700000000000001,5.326263,5.8002780572774135
7.700000000000001,5.527273,6.337091481580759
7.700000000000001,5.728283,6.803715082873084
7.700000000000001,5.929293,7.300633109811
7.700000000000001,6.130303,7.944020532667713
7.700000000000001,6.331313,8.905486025513012
7.700000000000001,6.532323,10.1615466675734
7.700000000000001,6.733333,11.698119933871345
7.700000000000001,6.934343,13.278367097069335
7.700000000000001,7.135354,14.720894728973988
7.700000000000001,7.336364,15.893913833735423
7.700000000000001,7.537374,16.799274536675536
7.700000000000001,7.738384,17.440282450118566
7.700000000000001,7.939394,17.889257170993353
7.700000000000001,8.140404,18.23934547190752
7.700000000000001,8.341414,18.52115320167184
7.700000000000001,8.542424,18.749823873365827
7.700000000000001,8.743434,18.941440433780354
7.700000000000001,8.944444,19.101266332036975
7.700000000000001,9.145455,19.24214304630401
7.700000000000001,9.346465,19.369187596657806
7.700000000000001,9.547475,19.48318602236222
7.700000000000001,9.748485,19.58728641415115
7.700000000000001,9.949495,19.677226937291802
7.700000000000001,10.15051,19.766214699367364
7.700000000000001,10.35152,19.84744870200898
7.700000000000001,10.55253,19.923566754943057
7.700000000000001,10.75354,19.992789336949055
7.700000000000001,10.95455,20.062646877368252
7.700000000000001,11.15556,20.123122853262387
7.700000000000001,11.35657,20.183162397374097
7.700000000000001,11.55758,20.239661693413304
7.700000000000001,11.75859,20.291949599716148
7.700000000000001,11.9596,20.3446096440998
7.700000000000001,12.16061,20.392776416662215
7.700000000000001,12.36162,20.43982288511397
7.700000000000001,12.56263,20.484425214793983
7.700000000000001,12.76364,20.52706670615431
7.700000000000001,12.96465,20.569939319477072
7.700000000000001,13.16566,20.61016829086398
7.700000000000001,13.36667,20.649836596510415
7.700000000000001,13.56768,20.68786025079942
7.700000000000001,13.76869,20.724904008993175
7.700000000000001,13.9697,20.76209847552988
7.700000000000001,14.17071,20.797650143911667
7.700000000000001,14.37172,20.832911329705006
7.700000000000001,14.57273,20.867078384879328
7.700000000000001,14.77374,20.900716511475956
7.700000000000001,14.97475,20.934445137707396
7.700000000000001,15.17576,20.9670420341495
7.700000000000001,15.37677,20.999468708927115
7.700000000000001,15.57778,21.031132103055885
7.700000000000001,15.77879,21.062427041054278
7.700000000000001,15.9798,21.09375235181335
7.700000000000001,16.18081,21.124206710236766
7.700000000000001,16.38182,21.154561024997395
7.700000000000001,16.58283,21.184322842710078
7.700000000000001,16.78384,21.213776324750494
7.700000000000001,16.98485,21.24324009220507
7.700000000000001,17.18586,21.271953418043694
7.700000000000001,17.38687,21.300606800896833
7.700000000000001,17.58788,21.32876833067193
7.700000000000001,17.78889,21.356651450921735
7.700000000000001,17.9899,21.384534791582936
7.700000000000001,18.19091,21.41171800896662
7.700000000000001,18.39192,21.43888133147863
7.700000000000001,18.59293,21.465613293938333
7.700000000000001,18.79394,21.492066685800747
7.700000000000001,18.99495,21.518530248224327
7.700000000000001,19.19596,21.54433390607317
7.700000000000001,19.39697,21.570117684393253
7.700000000000001,19.59798,21.595520457037317
7.700000000000001,19.79899,21.617005376911923
7.700000000000001,20.0,21.63846040294921
7.4,0.3010101,5.65152805894201
7.4,0.5020202,5.7585830135587255
7.4,0.7030303,5.507187152926387
7.4,0.9040404,5.1002755831341595
7.4,1.105051,4.661438733219697
7.4,1.306061,4.332825364838824
7.4,1.507071,4.243699063698037
7.4,1.708081,4.434350575638153
7.4,1.909091,4.71625532694397
7.4,2.110101,4.885987874122868
7.4,2.311111,4.773595136861851
7.4,2.512121,4.416187291473252
7.4,2.713131,3.906721305278068
7.4,2.914141,3.4157175351520945
7.4,3.115152,3.0448144379498285
7.4,3.316162,2.876652897046665
7.4,3.517172,2.8966487760291373
7.4,3.718182,3.024371681457094
7.4,3.919192,3.127141920991238
7.4,4.120202,3.2284015863907403
7.4,4.321212,3.402603561240874
7.4,4.522222,3.678896241193166
7.4,4.723232,4.061451176727477
7.4,4.924242,4.6614254031981455
7.4,5.125253,5.2590116066926385
7.4,5.326263,5.887905733776814
7.4,5.527273,6.447199552001834
7.4,5.728283,6.911038598968817
7.4,5.929293,7.341705161825911
7.4,6.130303,7.966454713223175
7.4,6.331313,8.828598829155785
7.4,6.532323,10.062206125713923
7.4,6.733333,11.614761462244461
7.4,6.934343,13.252206683510764
7.4,7.135354,14.706445516451494
7.4,7.336364,15.929691138031304
7.4,7.537374,16.844133495829347
7.4,7.738384,17.486980061603212
7.4,7.939394,17.93163201436027
7.4,8.140404,18.280317653639965
7.4,8.341414,18.55550728923243
7.4,8.542424,18.782449365767455
7.4,8.743434,18.970754506819507
7.4,8.944444,19.127777172743087
7.4,9.145455,19.268050149142226
7.4,9.346465,19.39267913500018
7.4,9.547475,19.506131653132307
7.4,9.748485,19.609025287111237
7.4,9.949495,19.698106595360695
7.4,10.15051,19.783175767798692
7.4,10.35152,19.870530813044844
7.4,10.55253,19.94276487937396
7.4,10.75354,20.01443071918558
7.4,10.95455,20.078820397251793
7.4,11.15556,20.13878262887818
7.4,11.35657,20.196907804917068
7.4,11.55758,20.252992704467076
7.4,11.75859,20.3039625564841
7.4,11.9596,20.355434711035088
7.4,12.16061,20.40315382624478
7.4,12.36162,20.448678996722123
7.4,12.56263,20.492992765933785
7.4,12.76364,20.534632603840006
7.4,12.96465,20.576664157595033
7.4,13.16566,20.616553016580355
7.4,13.36667,20.655177865488547
7.4,13.56768,20.69303127161489
7.4,13.76869,20.729361734232707
7.4,13.9697,20.76599380038357
7.4,14.17071,20.801294167173655
7.4,14.37172,20.835871208519855
7.4,14.57273,20.869927342349243
7.4,14.77374,20.90310186789986
7.4,14.97475,20.936477895606274
7.4,15.17576,20.96890312660889
7.4,15.37677,21.000905926047082
7.4,15.57778,21.03250828374674
7.4,15.77879,21.063489910234487
7.4,15.9798,21.094602894378657
7.4,16.18081,21.12494560023379
7.4,16.38182,21.15501660398606
7.4,16.58283,21.184757479729637
7.4,16.78384,21.213998126667924
7.4,16.98485,21.24332996378949
7.4,17.18586,21.271971807880632
7.4,17.38687,21.30044248910463
7.4,17.58788,21.32859323553365
7.4,17.78889,21.356334021559228
7.4,17.9899,21.384135825097715
7.4,18.19091,21.411277778588413
7.4,18.39192,21.438318951393544
7.4,18.59293,21.46505029067477
7.4,18.79394,21.491421794370172
7.4,18.99495,21.517834156425504
7.4,19.19596,21.543606754902598
7.4,19.39697,21.56932881953974
7.4,19.59798,21.594731111590566
7.4,19.79899,21.619783629627676
7.4,20.0,21.643047330217144
7.1000000000000005,0.3010101,5.626928186842245
7.1000000000000005,0.5020202,5.863174969925228
7.1000000000000005,0.7030303,5.614760753062476
7.1000000000000005,0.9040404,5.189796894398841
7.1000000000000005,1.105051,4.727241198656406
7.1000000000000005,1.306061,4.37870754843246
7.1000000000000005,1.507071,4.283304813641632
7.1000000000000005,1.708081,4.510809752028468
7.1000000000000005,1.909091,4.8763340930582615
7.1000000000000005,2.110101,5.173767753413895
7.1000000000000005,2.311111,5.183341229366792
7.1000000000000005,2.512121,4.892914768095504
7.1000000000000005,2.713131,4.378275775033798
7.1000000000000005,2.914141,3.8485962032899073
7.1000000000000005,3.115152,3.4328495033392445
7.1000000000000005,3.316162,3.2310196721574136
7.1000000000000005,3.517172,3.2113602586159655
7.1000000000000005,3.718182,3.24978060829442
7.1000000000000005,3.919192,3.2408444912666146
7.1000000000000005,4.120202,3.2456578088386414
7.1000000000000005,4.321212,3.3541643606183373
7.1000000000000005,4.522222,3.603825276769835
7.1000000000000005,4.723232,4.052111081816683
7.1000000000000005,4.924242,4.638265918724184
7.1000000000000005,5.125253,5.302053681053569
7.1000000000000005,5.326263,5.951688166738572
7.1000000000000005,5.527273,6.559310185764201
7.1000000000000005,5.728283,7.024313880828772
7.1000000000000005,5.929293,7.421130161485317
7.1000000000000005,6.130303,7.942248887989677
7.1000000000000005,6.331313,8.775257622627912
7.1000000000000005,6.532323,9.962421848728063
7.1000000000000005,6.733333,11.527675028793436
7.1000000000000005,6.934343,13.19837723711473
7.1000000000000005,7.135354,14.7201181567263
7.1000000000000005,7.336364,15.958035449706694
7.1000000000000005,7.537374,16.892774040111867
7.1000000000000005,7.738384,17.536864523049605
7.1000000000000005,7.939394,17.97853514489547
7.1000000000000005,8.140404,18.32074375949659
7.1000000000000005,8.341414,18.594162258179992
7.1000000000000005,8.542424,18.816009375596796
7.1000000000000005,8.743434,19.001696819804177
7.1000000000000005,8.944444,19.156969239392733
7.1000000000000005,9.145455,19.29445999393901
7.1000000000000005,9.346465,19.418435752138745
7.1000000000000005,9.547475,19.53012363327441
7.1000000000000005,9.748485,19.632281950061365
7.1000000000000005,9.949495,19.72457446976294
7.1000000000000005,10.15051,19.80950055608002
7.1000000000000005,10.35152,19.888902453048484
7.1000000000000005,10.55253,19.96236864941804
7.1000000000000005,10.75354,20.03198900152353
7.1000000000000005,10.95455,20.087653663796242
7.1000000000000005,11.15556,20.145852889016577
7.1000000000000005,11.35657,20.20780562314498
7.1000000000000005,11.55758,20.26660730800987
7.1000000000000005,11.75859,20.31759168040111
7.1000000000000005,11.9596,20.36694448905221
7.1000000000000005,12.16061,20.411857929323855
7.1000000000000005,12.36162,20.457074479560806
7.1000000000000005,12.56263,20.501390547471036
7.1000000000000005,12.76364,20.54303199027548
7.1000000000000005,12.96465,20.583578589646695
7.1000000000000005,13.16566,20.621588896939603
7.1000000000000005,13.36667,20.66002331238615
7.1000000000000005,13.56768,20.69786715972942
7.1000000000000005,13.76869,20.73419768807209
7.1000000000000005,13.9697,20.7697831935944
7.1000000000000005,14.17071,20.803904935827095
7.1000000000000005,14.37172,20.838370877071213
7.1000000000000005,14.57273,20.872436603846708
7.1000000000000005,14.77374,20.905600552105962
7.1000000000000005,14.97475,20.938300348137513
7.1000000000000005,15.17576,20.970008226379328
7.1000000000000005,15.37677,21.00194985623954
7.1000000000000005,15.57778,21.03356152092081
7.1000000000000005,15.77879,21.06454238101016
7.1000000000000005,15.9798,21.095219991602804
7.1000000000000005,16.18081,21.125116799702013
7.1000000000000005,16.38182,21.155166771233375
7.1000000000000005,16.58283,21.184896916299827
7.1000000000000005,16.78384,21.214136803850444
7.1000000000000005,16.98485,21.243194212741464
7.1000000000000005,17.18586,21.27155147821767
7.1000000000000005,17.38687,21.300011319244053
7.1000000000000005,17.58788,21.328161398278464
7.1000000000000005,17.78889,21.35590150880665
7.1000000000000005,17.9899,21.38352976001328
7.1000000000000005,18.19091,21.41050822435221
7.1000000000000005,18.39192,21.43754873923595
7.1000000000000005,18.59293,21.464279507254325
7.1000000000000005,18.79394,21.490650440683435
7.1000000000000005,18.99495,21.516939988724666
7.1000000000000005,19.19596,21.54262993916866
7.1000000000000005,19.39697,21.5683515010303
7.1000000000000005,19.59798,21.59374332356966
7.1000000000000005,19.79899,21.61880537648311
7.1000000000000005,20.0,21.640197634608445
6.800000000000001,0.3010101,5.602500594848239
6.800000000000001,0.5020202,5.9185909080078645
6.800000000000001,0.7030303,5.686794944631833
6.800000000000001,0.9040404,5.257551757685724
6.800000000000001,1.105051,4.780229858730984
6.800000000000001,1.306061,4.4178272330887145
6.800000000000001,1.507071,4.319921008644576
6.800000000000001,1.708081,4.575855979223636
6.800000000000001,1.909091,5.0139242847029735
6.800000000000001,2.110101,5.433223796717788
6.800000000000001,2.311111,5.575867700725626
6.800000000000001,2.512121,5.362295654036466
6.800000000000001,2.713131,4.861541430280405
6.800000000000001,2.914141,4.31192291293898
6.800000000000001,3.115152,3.87015058089048
6.800000000000001,3.316162,3.6477762795898214
6.800000000000001,3.517172,3.5824664581298746
6.800000000000001,3.718182,3.511169851934742
6.800000000000001,3.919192,3.3603711313186957
6.800000000000001,4.120202,3.2539636766234437
6.800000000000001,4.321212,3.2967687022640764
6.800000000000001,4.522222,3.5495773386054603
6.800000000000001,4.723232,4.00315530856198
6.800000000000001,4.924242,4.622589615522304
6.800000000000001,5.125253,5.328347720073638
6.800000000000001,5.326263,6.041101265842357
6.800000000000001,5.527273,6.680520435314023
6.800000000000001,5.728283,7.146523207699828
6.800000000000001,5.929293,7.494263037374624
6.800000000000001,6.130303,7.956034337451159
6.800000000000001,6.331313,8.704954998326489
6.800000000000001,6.532323,9.857444547370719
6.800000000000001,6.733333,11.434079509315632
6.800000000000001,6.934343,13.155078120097587
6.800000000000001,7.135354,14.716800022555228
6.800000000000001,7.336364,15.996742494402751
6.800000000000001,7.537374,16.944581095037698
6.800000000000001,7.738384,17.589608457877016
6.800000000000001,7.939394,18.027026940600983
6.800000000000001,8.140404,18.365305684418935
6.800000000000001,8.341414,18.633238408611376
6.800000000000001,8.542424,18.851914576141567
6.800000000000001,8.743434,19.034487225354578
6.800000000000001,8.944444,19.187241500925634
6.800000000000001,9.145455,19.323091940758236
6.800000000000001,9.346465,19.4450453393828
6.800000000000001,9.547475,19.55552910079967
6.800000000000001,9.748485,19.65646110318156
6.800000000000001,9.949495,19.747846211132863
6.800000000000001,10.15051,19.831514325883095
6.800000000000001,10.35152,19.909035784282462
6.800000000000001,10.55253,19.981490451743007
6.800000000000001,10.75354,20.04942719517246
6.800000000000001,10.95455,20.11162173085248
6.800000000000001,11.15556,20.172793003128753
6.800000000000001,11.35657,20.228843725367703
6.800000000000001,11.55758,20.279804152516125
6.800000000000001,11.75859,20.32874925515366
6.800000000000001,11.9596,20.37768521267686
6.800000000000001,12.16061,20.42260093389835
6.800000000000001,12.36162,20.466514182138397
6.800000000000001,12.56263,20.509295342882144
6.800000000000001,12.76364,20.54960147415719
6.800000000000001,12.96465,20.58991768897678
6.800000000000001,13.16566,20.627918049758847
6.800000000000001,13.36667,20.665437180365302
6.800000000000001,13.56768,20.70225457136219
6.800000000000001,13.76869,20.73770851702422
6.800000000000001,13.9697,20.773152519904784
6.800000000000001,14.17071,20.80726339460291
6.800000000000001,14.37172,20.84114380595513
6.800000000000001,14.57273,20.874573371606385
6.800000000000001,14.77374,20.90720140052428
6.800000000000001,14.97475,20.93982958557499
6.800000000000001,15.17576,20.971536365187095
6.800000000000001,15.37677,21.00310311662784
6.800000000000001,15.57778,21.034319601061434
6.800000000000001,15.77879,21.064965570877423
6.800000000000001,15.9798,21.09561177020566
6.800000000000001,16.18081,21.12550752381586
6.800000000000001,16.38182,21.155323451261655
6.800000000000001,16.58283,21.184809452000557
6.800000000000001,16.78384,21.213845457722837
6.800000000000001,16.98485,21.24288172645822
6.800000000000001,17.18586,21.271248076091773
6.800000000000001,17.38687,21.299554677657422
6.800000000000001,17.58788,21.327561531900123
6.800000000000001,17.78889,21.355168634022565
6.800000000000001,17.9899,21.38278600071319
6.800000000000001,18.19091,21.409763707659504
6.800000000000001,18.39192,21.436711678282922
6.800000000000001,18.59293,21.463359973755388
6.800000000000001,18.79394,21.489648599891634
6.800000000000001,18.99495,21.515947475053615
6.800000000000001,19.19596,21.54162681673751
6.800000000000001,19.39697,21.567296401742404
6.800000000000001,19.59798,21.59087701275698
6.800000000000001,19.79899,21.61224863822296
6.800000000000001,20.0,21.633630429306567
6.500000000000001,0.3010101,5.613181894282663
6.500000000000001,0.5020202,5.9765444955241565
6.500000000000001,0.7030303,5.752009016093364
6.500000000000001,0.9040404,5.316464553614995
6.500000000000001,1.105051,4.826489687049288
6.500000000000001,1.306061,4.455210055569919
6.500000000000001,1.507071,4.35967705576787
6.500000000000001,1.708081,4.644458174406828
6.500000000000001,1.909091,5.148810964594125
6.500000000000001,2.110101,5.673430206981002
6.500000000000001,2.311111,5.934417853809396
6.500000000000001,2.512121,5.800600011234623
6.500000000000001,2.713131,5.329742549404971
6.500000000000001,2.914141,4.786261996902749
6.500000000000001,3.115152,4.3465051088989926
6.500000000000001,3.316162,4.1105304400556735
6.500000000000001,3.517172,3.971046858604679
6.500000000000001,3.718182,3.7515684252351376
6.500000000000001,3.919192,3.443961515361908
6.500000000000001,4.120202,3.23691486320578
6.500000000000001,4.321212,3.2763093736292994
6.500000000000001,4.522222,3.49460646082434
6.500000000000001,4.723232,3.953613143367875
6.500000000000001,4.924242,4.619814138007595
6.500000000000001,5.125253,5.37097243254771
6.500000000000001,5.326263,6.149638629644172
6.500000000000001,5.527273,6.820070880395014
6.500000000000001,5.728283,7.283566371077405
6.500000000000001,5.929293,7.577645827690872
6.500000000000001,6.130303,7.977546480875944
6.500000000000001,6.331313,8.634704320176516
6.500000000000001,6.532323,9.749542817361757
6.500000000000001,6.733333,11.335976530686363
6.500000000000001,6.934343,13.110432785025388
6.500000000000001,7.135354,14.714308679233364
6.500000000000001,7.336364,16.039475892190374
6.500000000000001,7.537374,17.00063375605629
6.500000000000001,7.738384,17.64587378497813
6.500000000000001,7.939394,18.078241279261732
6.500000000000001,8.140404,18.412306797367194
6.500000000000001,8.341414,18.674319498297503
6.500000000000001,8.542424,18.889708108148024
6.500000000000001,8.743434,19.069038557727108
6.500000000000001,8.944444,19.21913642648692
6.500000000000001,9.145455,19.35326792135677
6.500000000000001,9.346465,19.472949259406573
6.500000000000001,9.547475,19.582069517797976
6.500000000000001,9.748485,19.681295395500587
6.500000000000001,9.949495,19.770523255018404
6.500000000000001,10.15051,19.853273382728208
6.500000000000001,10.35152,19.929584174061933
6.500000000000001,10.55253,20.001297637388777
6.500000000000001,10.75354,20.068180183919836
6.500000000000001,10.95455,20.13019440673816
6.500000000000001,11.15556,20.188245341461027
6.500000000000001,11.35657,20.239844281762142
6.500000000000001,11.55758,20.28785717674698
6.500000000000001,11.75859,20.342727750671457
6.500000000000001,11.9596,20.389703766782816
6.500000000000001,12.16061,20.43386306210583
6.500000000000001,12.36162,20.477526712873004
6.500000000000001,12.56263,20.516917266161936
6.500000000000001,12.76364,20.555626743867812
6.500000000000001,12.96465,20.59565236593265
6.500000000000001,13.16566,20.633652756416947
6.500000000000001,13.36667,20.670213967272915
6.500000000000001,13.56768,20.705971897283227
6.500000000000001,13.76869,20.74051649750669
6.500000000000001,13.9697,20.775818534626453
6.500000000000001,14.17071,20.809938469514922
6.500000000000001,14.37172,20.843251546806087
6.500000000000001,14.57273,20.87606303241679
6.500000000000001,14.77374,20.90818347320509
6.500000000000001,14.97475,20.940749784703424
6.500000000000001,15.17576,20.972445402423702
6.500000000000001,15.37677,21.003666047132885
6.500000000000001,15.57778,21.03452608826805
6.500000000000001,15.77879,21.0648660581763
6.500000000000001,15.9798,21.09547069314897
6.500000000000001,16.18081,21.125365345091023
6.500000000000001,16.38182,21.15496640005698
6.500000000000001,16.58283,21.184247429604458
6.500000000000001,16.78384,21.2130988304615
6.500000000000001,16.98485,21.242123874707765
6.500000000000001,17.18586,21.270479278539586
6.500000000000001,17.38687,21.29866208913314
6.500000000000001,17.58788,21.326545186175714
6.500000000000001,17.78889,21.35405881379939
6.500000000000001,17.9899,21.381665253251757
6.500000000000001,18.19091,21.408642185997227
6.500000000000001,18.39192,21.435517253325727
6.500000000000001,18.59293,21.462092747681297
6.500000000000001,18.79394,21.488338785224744
6.500000000000001,18.99495,21.514636969259087
6.500000000000001,19.19596,21.540315690505903
6.500000000000001,19.39697,21.565943087873123
6.500000000000001,19.59798,21.59127094105602
6.500000000000001,19.79899,21.61626927818816
6.500000000000001,20.0,21.63766066196654
6.200000000000001,0.3010101,5.647331374459271
6.200000000000001,0.5020202,6.044024764836063
6.200000000000001,0.7030303,5.819278590976235
6.200000000000001,0.9040404,5.373707775849696
6.200000000000001,1.105051,4.870902719080821
6.200000000000001,1.306061,4.493895362042852
6.200000000000001,1.507071,4.405951045037382
6.200000000000001,1.708081,4.7280563071306005
6.200000000000001,1.909091,5.296438199262085
6.200000000000001,2.110101,5.911830557295393
6.200000000000001,2.311111,6.262834984804313
6.200000000000001,2.512121,6.202464408302814
6.200000000000001,2.713131,5.774611100908905
6.200000000000001,2.914141,5.256856544445208
6.200000000000001,3.115152,4.836818325079435
6.200000000000001,3.316162,4.574168769162219
6.200000000000001,3.517172,4.315404032874707
6.200000000000001,3.718182,3.9002760683140827
6.200000000000001,3.919192,3.4628294227258567
6.200000000000001,4.120202,3.187110536998491
6.200000000000001,4.321212,3.2032508225906544
6.200000000000001,4.522222,3.430713436124868
6.200000000000001,4.723232,3.9199861518513788
6.200000000000001,4.924242,4.618543323265763
6.200000000000001,5.125253,5.461798736732455
6.200000000000001,5.326263,6.264510290689624
6.200000000000001,5.527273,6.979894801874838
6.200000000000001,5.728283,7.433862543181725
6.200000000000001,5.929293,7.688283971462894
6.200000000000001,6.130303,7.967832277501507
6.200000000000001,6.331313,8.591836098353246
6.200000000000001,6.532323,9.640442387112131
6.200000000000001,6.733333,11.235239934551865
6.200000000000001,6.934343,13.049139850231334
6.200000000000001,7.135354,14.735682962039466
6.200000000000001,7.336364,16.077782771807737
6.200000000000001,7.537374,17.060416661314825
6.200000000000001,7.738384,17.70509249434467
6.200000000000001,7.939394,18.133293541049127
6.200000000000001,8.140404,18.458883922729967
6.200000000000001,8.341414,18.718846702501736
6.200000000000001,8.542424,18.92839968788429
6.200000000000001,8.743434,19.10480854982989
6.200000000000001,8.944444,19.25293059266178
6.200000000000001,9.145455,19.383811524827607
6.200000000000001,9.346465,19.502712257794897
6.200000000000001,9.547475,19.609346600972728
6.200000000000001,9.748485,19.70719626350664
6.200000000000001,9.949495,19.79504642675339
6.200000000000001,10.15051,19.875695189919423
6.200000000000001,10.35152,19.951486238332016
6.200000000000001,10.55253,20.02114262674872
6.200000000000001,10.75354,20.08691911461828
6.200000000000001,10.95455,20.14771733961056
6.200000000000001,11.15556,20.20370031806371
6.200000000000001,11.35657,20.256833696478925
6.200000000000001,11.55758,20.306804147502994
6.200000000000001,11.75859,20.35644938189519
6.200000000000001,11.9596,20.400480008487076
6.200000000000001,12.16061,20.443632696090678
6.200000000000001,12.36162,20.485347255704443
6.200000000000001,12.56263,20.52185431221203
6.200000000000001,12.76364,20.56056370787577
6.200000000000001,12.96465,20.60195339583648
6.200000000000001,13.16566,20.63758328042547
6.200000000000001,13.36667,20.673951805260923
6.200000000000001,13.56768,20.709698486924978
6.200000000000001,13.76869,20.744241488892428
6.200000000000001,13.9697,20.77849093488885
6.200000000000001,14.17071,20.811465325503697
6.200000000000001,14.37172,20.844675754157965
6.200000000000001,14.57273,20.877495624052838
6.200000000000001,14.77374,20.909604335682516
6.200000000000001,14.97475,20.941550546573303
6.200000000000001,15.17576,20.972604451780178
6.200000000000001,15.37677,21.00377290430567
6.200000000000001,15.57778,21.03463142202784
6.200000000000001,15.77879,21.06496983786135
6.200000000000001,15.9798,21.095196436327747
6.200000000000001,16.18081,21.124722381311884
6.200000000000001,16.38182,21.15429173754268
6.200000000000001,16.58283,21.183571476187094
6.200000000000001,16.78384,21.21242158593079
6.200000000000001,16.98485,21.24122039982707
6.200000000000001,17.18586,21.269369437733673
6.200000000000001,17.38687,21.297540975035005
6.200000000000001,17.58788,21.325423029903526
6.200000000000001,17.78889,21.352935625843596
6.200000000000001,17.9899,21.380417306823226
6.200000000000001,18.19091,21.407289626717887
6.200000000000001,18.39192,21.43416375748209
6.200000000000001,18.59293,21.4607384299709
6.200000000000001,18.79394,21.486983658979746
6.200000000000001,18.99495,21.5132082475078
6.200000000000001,19.19596,21.538843671840922
6.200000000000001,19.39697,21.564480383818644
6.200000000000001,19.59798,21.589797596521944
6.200000000000001,19.79899,21.614795304411164
6.200000000000001,20.0,21.637983571924963
5.9,0.3010101,5.69812396530094
5.9,0.5020202,6.118696344380911
5.9,0.7030303,5.8884801023386295
5.9,0.9040404,5.428884714428971
5.9,1.105051,4.914179366357462
5.9,1.306061,4.532774764543299
5.9,1.507071,4.459445169920217
5.9,1.708081,4.826976970345515
5.9,1.909091,5.467218152356747
5.9,2.110101,6.1559066201045285
5.9,2.311111,6.578149947650953
5.9,2.512121,6.572262477759583
5.9,2.713131,6.188078744869833
5.9,2.914141,5.707458715808307
5.9,3.115152,5.300595844953849
5.9,3.316162,4.970315158066841
5.9,3.517172,4.527955122115943
5.9,3.718182,3.9318346073629304
5.9,3.919192,3.410648304535746
5.9,4.120202,3.106953238594788
5.9,4.321212,3.125553466850876
5.9,4.522222,3.365678416521509
5.9,4.723232,3.8951376434642464
5.9,4.924242,4.675398575892739
5.9,5.125253,5.534847131394183
5.9,5.326263,6.43036169733392
5.9,5.527273,7.168963708256553
5.9,5.728283,7.601796599036944
5.9,5.929293,7.767653068301903
5.9,6.130303,8.02458975089404
5.9,6.331313,8.514560178104038
5.9,6.532323,9.526240014152918
5.9,6.733333,11.12837789486497
5.9,6.934343,13.01868608539604
5.9,7.135354,14.721751381240141
5.9,7.336364,16.131343681828206
5.9,7.537374,17.1246065735733
5.9,7.738384,17.76734405508409
5.9,7.939394,18.187338981665853
5.9,8.140404,18.51100991742573
5.9,8.341414,18.76224535210857
5.9,8.542424,18.969642132267435
5.9,8.743434,19.14203776899274
5.9,8.944444,19.2867410079828
5.9,9.145455,19.416843468278888
5.9,9.346465,19.532427389142164
5.9,9.547475,19.638258066099457
5.9,9.748485,19.734008016909765
5.9,9.949495,19.819756168323444
5.9,10.15051,19.899765463311372
5.9,10.35152,19.972957665826065
5.9,10.55253,20.042001171759175
5.9,10.75354,20.105656330913483
5.9,10.95455,20.164183224113742
5.9,11.15556,20.21964803785055
5.9,11.35657,20.27128915362487
5.9,11.55758,20.32100818495501
5.9,11.75859,20.367016389803617
5.9,11.9596,20.41050106323517
5.9,12.16061,20.452674757760985
5.9,12.36162,20.492529212643174
5.9,12.56263,20.53064905035701
5.9,12.76364,20.570621618079194
5.9,12.96465,20.60696989875339
5.9,13.16566,20.64220454839802
5.9,13.36667,20.677312339273307
5.9,13.56768,20.712846120069344
5.9,13.76869,20.74665735997525
5.9,13.9697,20.780327164956898
5.9,14.17071,20.813075740569566
5.9,14.37172,20.845674581379345
5.9,14.57273,20.878401390648293
5.9,14.77374,20.91011106100574
5.9,14.97475,20.941760195606236
5.9,15.17576,20.972679346798714
5.9,15.37677,21.00348905030554
5.9,15.57778,21.034295182619857
5.9,15.77879,21.06439657493992
5.9,15.9798,21.094457917973756
5.9,16.18081,21.12390010362687
5.9,16.38182,21.153272932804096
5.9,16.58283,21.182530890413783
5.9,16.78384,21.21124567853039
5.9,16.98485,21.239950674724625
5.9,17.18586,21.268066809060585
5.9,17.38687,21.296133546903683
5.9,17.58788,21.32400430450405
5.9,17.78889,21.351442911986855
5.9,17.9899,21.378881845598563
5.9,18.19091,21.405731950638593
5.9,18.39192,21.432552572577787
5.9,18.59293,21.459136310215683
5.9,18.79394,21.485348569274432
5.9,18.99495,21.51156119012291
5.9,19.19596,21.537194949005134
5.9,19.39697,21.562809128912537
5.9,19.59798,21.58812567038988
5.9,19.79899,21.609523320290617
5.9,20.0,21.6308712435405
5.6000000000000005,0.3010101,5.757227155031728
5.6000000000000005,0.5020202,6.195782435321991
5.6000000000000005,0.7030303,5.956339038615481
5.6000000000000005,0.9040404,5.481632081457273
5.6000000000000005,1.105051,4.952242009953206
5.6000000000000005,1.306061,4.569117627038822
5.6000000000000005,1.507071,4.516584034356035
5.6000000000000005,1.708081,4.938359220620562
5.6000000000000005,1.909091,5.648099334245755
5.6000000000000005,2.110101,6.4151984666686355
5.6000000000000005,2.311111,6.889373206775962
5.6000000000000005,2.512121,6.917847864795941
5.6000000000000005,2.713131,6.569391534180675
5.6000000000000005,2.914141,6.113179048663795
5.6000000000000005,3.115152,5.6845743940856295
5.6000000000000005,3.316162,5.216339356480367
5.6000000000000005,3.517172,4.5693389909086415
5.6000000000000005,3.718182,3.85366657359481
5.6000000000000005,3.919192,3.303760597549285
5.6000000000000005,4.120202,3.0009340356634984
5.6000000000000005,4.321212,3.0367099390965717
5.6000000000000005,4.522222,3.318258255305673
5.6000000000000005,4.723232,3.900608252596219
5.6000000000000005,4.924242,4.725424359822101
5.6000000000000005,5.125253,5.691129057719314
5.6000000000000005,5.326263,6.613372239899796
5.6000000000000005,5.527273,7.3821597161983865
5.6000000000000005,5.728283,7.779906227369434
5.6000000000000005,5.929293,7.8920078701141465
5.6000000000000005,6.130303,8.015067167147734
5.6000000000000005,6.331313,8.469367701704865
5.6000000000000005,6.532323,9.407877330128512
5.6000000000000005,6.733333,11.016121194549685
5.6000000000000005,6.934343,12.95305751917055
5.6000000000000005,7.135354,14.749282669938246
5.6000000000000005,7.336364,16.17811471454395
5.6000000000000005,7.537374,17.19213596026497
5.6000000000000005,7.738384,17.832080796480565
5.6000000000000005,7.939394,18.246695274204274
5.6000000000000005,8.140404,18.560680093214174
5.6000000000000005,8.341414,18.809615141641295
5.6000000000000005,8.542424,19.01089031370929
5.6000000000000005,8.743434,19.180240033181498
5.6000000000000005,8.944444,19.32287357785859
5.6000000000000005,9.145455,19.449538722947207
5.6000000000000005,9.346465,19.564269595729535
5.6000000000000005,9.547475,19.66737761730735
5.6000000000000005,9.748485,19.76159673323725
5.6000000000000005,9.949495,19.84589186139544
5.6000000000000005,10.15051,19.923370972467268
5.6000000000000005,10.35152,19.995819430530968
5.6000000000000005,10.55253,20.062317421853354
5.6000000000000005,10.75354,20.124541086936265
5.6000000000000005,10.95455,20.181493969772827
5.6000000000000005,11.15556,20.23456638524872
5.6000000000000005,11.35657,20.285415341938453
5.6000000000000005,11.55758,20.332740768380315
5.6000000000000005,11.75859,20.377751628393025
5.6000000000000005,11.9596,20.420175358870914
5.6000000000000005,12.16061,20.460752844500018
5.6000000000000005,12.36162,20.500349764388922
5.6000000000000005,12.56263,20.538452922428714
5.6000000000000005,12.76364,20.575798510172874
5.6000000000000005,12.96465,20.60702146013594
5.6000000000000005,13.16566,20.64192441375016
5.6000000000000005,13.36667,20.67902225627527
5.6000000000000005,13.56768,20.71470537059628
5.6000000000000005,13.76869,20.747873451483454
5.6000000000000005,13.9697,20.78153070917369
5.6000000000000005,14.17071,20.814286596438077
5.6000000000000005,14.37172,20.846668580960582
5.6000000000000005,14.57273,20.878393908396156
5.6000000000000005,14.77374,20.90977378045917
5.6000000000000005,14.97475,20.941420657396208
5.6000000000000005,15.17576,20.972337513301987
5.6000000000000005,15.37677,21.003031772974865
5.6000000000000005,15.57778,21.033282117570607
5.6000000000000005,15.77879,21.063216627199036
5.6000000000000005,15.9798,21.093276114714968
5.6000000000000005,16.18081,21.122716464497202
5.6000000000000005,16.38182,21.152025098848075
5.6000000000000005,16.58283,21.18098156534481
5.6000000000000005,16.78384,21.20962158936918
5.6000000000000005,16.98485,21.238325130230297
5.6000000000000005,17.18586,21.26643984554724
5.6000000000000005,17.38687,21.29447340991464
5.6000000000000005,17.58788,21.322205859638537
5.6000000000000005,17.78889,21.349611185251415
5.6000000000000005,17.9899,21.37704900167155
5.6000000000000005,18.19091,21.403898027008
5.6000000000000005,18.39192,21.430716259839265
5.6000000000000005,18.59293,21.457243983488883
5.6000000000000005,18.79394,21.483453972188055
5.6000000000000005,18.99495,21.509665742910357
5.6000000000000005,19.19596,21.535298688534134
5.6000000000000005,19.39697,21.560921055781748
5.6000000000000005,19.59798,21.586243227495586
5.6000000000000005,19.79899,21.609458272274402
5.6000000000000005,20.0,21.630815672180862
5.300000000000001,0.3010101,5.818565695949251
5.300000000000001,0.5020202,6.26959184425983
5.300000000000001,0.7030303,6.019693709669582
5.300000000000001,0.9040404,5.527011194937744
5.300000000000001,1.105051,4.981581331639214
5.300000000000001,1.306061,4.599080807075617
5.300000000000001,1.507071,4.5727531493466
5.300000000000001,1.708081,5.050184154734837
5.300000000000001,1.909091,5.8379991792744494
5.300000000000001,2.110101,6.68196143195001
5.300000000000001,2.311111,7.194467504597768
5.300000000000001,2.512121,7.242382492747948
5.300000000000001,2.713131,6.91532297067987
5.300000000000001,2.914141,6.4600183164635965
5.300000000000001,3.115152,5.952023515644574
5.300000000000001,3.316162,5.28412402439042
5.300000000000001,3.517172,4.4731431845331855
5.300000000000001,3.718182,3.7044343920574754
5.300000000000001,3.919192,3.1589185655369403
5.300000000000001,4.120202,2.8809793150436978
5.300000000000001,4.321212,2.959715193671675
5.300000000000001,4.522222,3.2851889816864435
5.300000000000001,4.723232,3.925449202126511
5.300000000000001,4.924242,4.833461303852042
5.300000000000001,5.125253,5.86365337552984
5.300000000000001,5.326263,6.851822606873866
5.300000000000001,5.527273,7.627658061738554
5.300000000000001,5.728283,7.974071693582661
5.300000000000001,5.929293,7.99280633255631
5.300000000000001,6.130303,8.03755690691591
5.300000000000001,6.331313,8.387593938395252
5.300000000000001,6.532323,9.280078081664078
5.300000000000001,6.733333,10.89702337321118
5.300000000000001,6.934343,12.904155968346023
5.300000000000001,7.135354,14.75532974609062
5.300000000000001,7.336364,16.23759135847832
5.300000000000001,7.537374,17.26407791969134
5.300000000000001,7.738384,17.899585119542664
5.300000000000001,7.939394,18.3059288088025
5.300000000000001,8.140404,18.614169889928284
5.300000000000001,8.341414,18.856196321731236
5.300000000000001,8.542424,19.053816107855432
5.300000000000001,8.743434,19.219683678202752
5.300000000000001,8.944444,19.359410303041646
5.300000000000001,9.145455,19.484107484647154
5.300000000000001,9.346465,19.596194183304135
5.300000000000001,9.547475,19.697639238394803
5.300000000000001,9.748485,19.78988130644185
5.300000000000001,9.949495,19.872186520248984
5.300000000000001,10.15051,19.948075436012257
5.300000000000001,10.35152,20.018166974981153
5.300000000000001,10.55253,20.08304020997506
5.300000000000001,10.75354,20.143234379076052
5.300000000000001,10.95455,20.19823588328234
5.300000000000001,11.15556,20.249767585387396
5.300000000000001,11.35657,20.29833972661087
5.300000000000001,11.55758,20.34425285766041
5.300000000000001,11.75859,20.387807966946976
5.300000000000001,11.9596,20.428985006189457
5.300000000000001,12.16061,20.468616720440426
5.300000000000001,12.36162,20.507112203182917
5.300000000000001,12.56263,20.54437213432798
5.300000000000001,12.76364,20.58016859948069
5.300000000000001,12.96465,20.61472731981072
5.300000000000001,13.16566,20.648922744987814
5.300000000000001,13.36667,20.683038075793284
5.300000000000001,13.56768,20.716751691914563
5.300000000000001,13.76869,20.749651363280257
5.300000000000001,13.9697,20.782552028355706
5.300000000000001,14.17071,20.814692280668368
5.300000000000001,14.37172,20.84670332759217
5.300000000000001,14.57273,20.8784253507425
5.300000000000001,14.77374,20.909648298048104
5.300000000000001,14.97475,20.94087228525851
5.300000000000001,15.17576,20.971467660509234
5.300000000000001,15.37677,21.001964098903958
5.300000000000001,15.57778,21.03221185270626
5.300000000000001,15.77879,21.06205107472397
5.300000000000001,15.9798,21.09190125462522
5.300000000000001,16.18081,21.12117335553804
5.300000000000001,16.38182,21.150386464901693
5.300000000000001,16.58283,21.17934096678944
5.300000000000001,16.78384,21.20793702545659
5.300000000000001,16.98485,21.23653391404793
5.300000000000001,17.18586,21.264562753807947
5.300000000000001,17.38687,21.292562448976533
5.300000000000001,17.58788,21.320283430711537
5.300000000000001,17.78889,21.347685802690595
5.300000000000001,17.9899,21.375078869244856
5.300000000000001,18.19091,21.401903698721686
5.300000000000001,18.39192,21.428709216782842
5.300000000000001,18.59293,21.455235848752174
5.300000000000001,18.79394,21.481443630380642
5.300000000000001,18.99495,21.50765198247684
5.300000000000001,19.19596,21.533301877148368
5.300000000000001,19.39697,21.55892231142685
5.300000000000001,19.59798,21.58425367477327
5.300000000000001,19.79899,21.609255953596737
5.300000000000001,20.0,21.634268695448093
5.000000000000001,0.3010101,5.873848730736646
5.000000000000001,0.5020202,6.333622999947898
5.000000000000001,0.7030303,6.071560284717652
5.000000000000001,0.9040404,5.55908951175836
5.000000000000001,1.105051,4.9956944898659845
5.000000000000001,1.306061,4.613827804602562
5.000000000000001,1.507071,4.616373573717343
5.000000000000001,1.708081,5.155355858340729
5.000000000000001,1.909091,6.02660381492815
5.000000000000001,2.110101,6.943302237735071
5.000000000000001,2.311111,7.481526849292081
5.000000000000001,2.512121,7.543756151993533
5.000000000000001,2.713131,7.229498117765694
5.000000000000001,2.914141,6.745451737204779
5.000000000000001,3.115152,6.102654882299752
5.000000000000001,3.316162,5.237004891474749
5.000000000000001,3.517172,4.3122188331509665
5.000000000000001,3.718182,3.5232244247127675
5.000000000000001,3.919192,3.00086886934038
5.000000000000001,4.120202,2.7628083645737886
5.000000000000001,4.321212,2.905379929594023
5.000000000000001,4.522222,3.287260297210201
5.000000000000001,4.723232,3.997254970353536
5.000000000000001,4.924242,5.001392639063564
5.000000000000001,5.125253,6.098162839884495
5.000000000000001,5.326263,7.136442559155888
5.000000000000001,5.527273,7.907588961084422
5.000000000000001,5.728283,8.178997377919174
5.000000000000001,5.929293,8.07954368950698
5.000000000000001,6.130303,8.040310586221537
5.000000000000001,6.331313,8.28295251023675
5.000000000000001,6.532323,9.131387408325422
5.000000000000001,6.733333,10.764933221853436
5.000000000000001,6.934343,12.853337538229479
5.000000000000001,7.135354,14.763107365320458
5.000000000000001,7.336364,16.302132612833145
5.000000000000001,7.537374,17.340413294589673
5.000000000000001,7.738384,17.96943140385609
5.000000000000001,7.939394,18.366486553239746
5.000000000000001,8.140404,18.66879627464517
5.000000000000001,8.341414,18.903842246674724
5.000000000000001,8.542424,19.09782980069211
5.000000000000001,8.743434,19.260197034052677
5.000000000000001,8.944444,19.396988564579846
5.000000000000001,9.145455,19.51968236629188
5.000000000000001,9.346465,19.62896538282489
5.000000000000001,9.547475,19.72866227727678
5.000000000000001,9.748485,19.818749904818866
5.000000000000001,9.949495,19.898867387588968
5.000000000000001,10.15051,19.973020587101537
5.000000000000001,10.35152,20.040424714118746
5.000000000000001,10.55253,20.103547524687606
5.000000000000001,10.75354,20.16151394601188
5.000000000000001,10.95455,20.21440615350442
5.000000000000001,11.15556,20.264321686397423
5.000000000000001,11.35657,20.310557207354847
5.000000000000001,11.55758,20.35503272485837
5.000000000000001,11.75859,20.396924488775326
5.000000000000001,11.9596,20.436709133819864
5.000000000000001,12.16061,20.475271648152958
5.000000000000001,12.36162,20.512200726181575
5.000000000000001,12.56263,20.548543673200914
5.000000000000001,12.76364,20.583641392817874
5.000000000000001,12.96465,20.613696821053118
5.000000000000001,13.16566,20.646996986093924
5.000000000000001,13.36667,20.682901592453078
5.000000000000001,13.56768,20.717800395836413
5.000000000000001,13.76869,20.750411540377677
5.000000000000001,13.9697,20.782465558130415
5.000000000000001,14.17071,20.81403724632763
5.000000000000001,14.37172,20.845715183976086
5.000000000000001,14.57273,20.877433759639846
5.000000000000001,14.77374,20.90851859222097
5.000000000000001,14.97475,20.939376808375503
5.000000000000001,15.17576,20.969718573741897
5.000000000000001,15.37677,21.00006596192133
5.000000000000001,15.57778,21.03031105723637
5.000000000000001,15.77879,21.06008435134816
5.000000000000001,15.9798,21.089763762009785
5.000000000000001,16.18081,21.118926427969306
5.000000000000001,16.38182,21.148073345548177
5.000000000000001,16.58283,21.177035850624694
5.000000000000001,16.78384,21.205597559102742
5.000000000000001,16.98485,21.234136947677264
5.000000000000001,17.18586,21.262139230030048
5.000000000000001,17.38687,21.29011469058358
5.000000000000001,17.58788,21.317844193847122
5.000000000000001,17.78889,21.345233380386517
5.000000000000001,17.9899,21.372621206599717
5.000000000000001,18.19091,21.399461453158093
5.000000000000001,18.39192,21.42627405792008
5.000000000000001,18.59293,21.452799597885676
5.000000000000001,18.79394,21.4790150393644
5.000000000000001,18.99495,21.505259700761307
5.000000000000001,19.19596,21.530926364780893
5.000000000000001,19.39697,21.55657477951182
5.000000000000001,19.59798,21.581895335043384
5.000000000000001,19.79899,21.605127305007944
5.000000000000001,20.0,21.62654019572719
4.700000000000001,0.3010101,5.914355778831809
4.700000000000001,0.5020202,6.382733768408031
4.700000000000001,0.7030303,6.105908683348225
4.700000000000001,0.9040404,5.573251806694468
4.700000000000001,1.105051,4.990049962908393
4.700000000000001,1.306061,4.605375630903609
4.700000000000001,1.507071,4.636437361178467
4.700000000000001,1.708081,5.2479781625309085
4.700000000000001,1.909091,6.2026328575269245
4.700000000000001,2.110101,7.185190674506686
4.700000000000001,2.311111,7.741944851796437
4.700000000000001,2.512121,7.820822989832053
4.700000000000001,2.713131,7.52184976769406
4.700000000000001,2.914141,6.991224875501428
4.700000000000001,3.115152,6.202171749708265
4.700000000000001,3.316162,5.176458354063829
4.700000000000001,3.517172,4.162068844635201
4.700000000000001,3.718182,3.36462531088756
4.700000000000001,3.919192,2.8670434206321134
4.700000000000001,4.120202,2.6716632030282694
4.700000000000001,4.321212,2.8544791836285444
4.700000000000001,4.522222,3.348603926051942
4.700000000000001,4.723232,4.145710897006308
4.700000000000001,4.924242,5.214446258964678
4.700000000000001,5.125253,6.427757527832078
4.700000000000001,5.326263,7.4882169842523805
4.700000000000001,5.527273,8.202193044677292
4.700000000000001,5.728283,8.359693722759705
4.700000000000001,5.929293,8.17887134931786
4.700000000000001,6.130303,7.961566771702028
4.700000000000001,6.331313,8.165171872185262
4.700000000000001,6.532323,8.952463862314316
4.700000000000001,6.733333,10.617403816203696
4.700000000000001,6.934343,12.770232274839252
4.700000000000001,7.135354,14.805303507908667
4.700000000000001,7.336364,16.36637751838483
4.700000000000001,7.537374,17.41971922752011
4.700000000000001,7.738384,18.04000667514788
4.700000000000001,7.939394,18.430340896316885
4.700000000000001,8.140404,18.72154018789091
4.700000000000001,8.341414,18.954217218862997
4.700000000000001,8.542424,19.14215112610719
4.700000000000001,8.743434,19.301440192433514
4.700000000000001,8.944444,19.436093063914786
4.700000000000001,9.145455,19.55504031359513
4.700000000000001,9.346465,19.663378185730277
4.700000000000001,9.547475,19.759774068613712
4.700000000000001,9.748485,19.84795242160948
4.700000000000001,9.949495,19.926198203291232
4.700000000000001,10.15051,19.996950585857935
4.700000000000001,10.35152,20.063408493529383
4.700000000000001,10.55253,20.123114640957525
4.700000000000001,10.75354,20.179240550626044
4.700000000000001,10.95455,20.230258660152895
4.700000000000001,11.15556,20.277203365872758
4.700000000000001,11.35657,20.322634866432104
4.700000000000001,11.55758,20.364478436119715
4.700000000000001,11.75859,20.405126890489488
4.700000000000001,11.9596,20.44363505638195
4.700000000000001,12.16061,20.480400360880004
4.700000000000001,12.36162,20.516834827834504
4.700000000000001,12.56263,20.551714106315252
4.700000000000001,12.76364,20.586214803720864
4.700000000000001,12.96465,20.619978730360035
4.700000000000001,13.16566,20.65311066976009
4.700000000000001,13.36667,20.686043192654086
4.700000000000001,13.56768,20.715733552222027
4.700000000000001,13.76869,20.747780981276644
4.700000000000001,13.9697,20.78194931592054
4.700000000000001,14.17071,20.81343900621721
4.700000000000001,14.37172,20.844926728024337
4.700000000000001,14.57273,20.875824839029573
4.700000000000001,14.77374,20.906645511528424
4.700000000000001,14.97475,20.93748987821603
4.700000000000001,15.17576,20.96782792677179
4.700000000000001,15.37677,20.998087785150226
4.700000000000001,15.57778,21.028010700979685
4.700000000000001,15.77879,21.05767487081851
4.700000000000001,15.9798,21.087351477103248
4.700000000000001,16.18081,21.11651145348684
4.700000000000001,16.38182,21.145612911665825
4.700000000000001,16.58283,21.174470208127794
4.700000000000001,16.78384,21.202995891582425
4.700000000000001,16.98485,21.231533248791507
4.700000000000001,17.18586,21.259533595353208
4.700000000000001,17.38687,21.287495109051928
4.700000000000001,17.58788,21.315234101228253
4.700000000000001,17.78889,21.342629293591823
4.700000000000001,17.9899,21.370015647966344
4.700000000000001,18.19091,21.396854498030862
4.700000000000001,18.39192,21.42366423902106
4.700000000000001,18.59293,21.450252458544817
4.700000000000001,18.79394,21.476495228707904
4.700000000000001,18.99495,21.502728818722165
4.700000000000001,19.19596,21.528404469618305
4.700000000000001,19.39697,21.554060792762655
4.700000000000001,19.59798,21.5794861794964
4.700000000000001,19.79899,21.60092789428514
4.700000000000001,20.0,21.62233007814839
4.4,0.3010101,5.931342635417643
4.4,0.5020202,6.408987811711584
4.4,0.7030303,6.1171305388316926
4.4,0.9040404,5.560901355910138
4.4,1.105051,4.958468922681816
4.4,1.306061,4.564934978512273
4.4,1.507071,4.619852593394982
4.4,1.708081,5.3051536932541525
4.4,1.909091,6.351683540684883
4.4,2.110101,7.387842806246088
4.4,2.311111,7.963645119537344
4.4,2.512121,8.067194641838155
4.4,2.713131,7.7987600472782885
4.4,2.914141,7.232724687152313
4.4,3.115152,6.333056218915213
4.4,3.316162,5.1779925533194335
4.4,3.517172,4.088508543835031
4.4,3.718182,3.2801853944607307
4.4,3.919192,2.8047107937361138
4.4,4.120202,2.647740312157422
4.4,4.321212,2.8998431029969223
4.4,4.522222,3.4460355028802137
4.4,4.723232,4.333016758111883
4.4,4.924242,5.5642845565435355
4.4,5.125253,6.8144514330716115
4.4,5.326263,7.990442236571097
4.4,5.527273,8.673745956935699
4.4,5.728283,8.519589352539363
4.4,5.929293,8.039668887602065
4.4,6.130303,7.785362590239927
4.4,6.331313,7.788399421726016
4.4,6.532323,8.533941089516413
4.4,6.733333,10.290517297564787
4.4,6.934343,12.702854585159585
4.4,7.135354,14.775939140644093
4.4,7.336364,16.456674189554384
4.4,7.537374,17.507540533937032
4.4,7.738384,18.114260063664556
4.4,7.939394,18.491077363723104
4.4,8.140404,18.780048406534615
4.4,8.341414,19.003103792393762
4.4,8.542424,19.18877346210425
4.4,8.743434,19.34378410643995
4.4,8.944444,19.474794485243287
4.4,9.145455,19.592781658762423
4.4,9.346465,19.696920600295222
4.4,9.547475,19.79223068878901
4.4,9.748485,19.87736713533678
4.4,9.949495,19.9524462064805
4.4,10.15051,20.022126139508543
4.4,10.35152,20.08433773048658
4.4,10.55253,20.143028130273898
4.4,10.75354,20.196046757483074
4.4,10.95455,20.244258218199896
4.4,11.15556,20.290231136292977
4.4,11.35657,20.33235174225206
4.4,11.55758,20.373516105133053
4.4,11.75859,20.412037517324737
4.4,11.9596,20.44889475465727
4.4,12.16061,20.485058504365046
4.4,12.36162,20.519694942154665
4.4,12.56263,20.55424877423461
4.4,12.76364,20.587810603610333
4.4,12.96465,20.62109190906297
4.4,13.16566,20.65366023632736
4.4,13.36667,20.685327936426532
4.4,13.56768,20.71634019616711
4.4,13.76869,20.74901222636164
4.4,13.9697,20.780561938086507
4.4,14.17071,20.81186119243837
4.4,14.37172,20.842820160298377
4.4,14.57273,20.87365105432838
4.4,14.77374,20.904223558002904
4.4,14.97475,20.934904174131624
4.4,15.17576,20.965183731777042
4.4,15.37677,20.995287764977757
4.4,15.57778,21.0251954886518
4.4,15.77879,21.05477764999653
4.4,15.9798,21.08440550192552
4.4,16.18081,21.113549484886807
4.4,16.38182,21.14261037598366
4.4,16.58283,21.17145428536077
4.4,16.78384,21.199981652737872
4.4,16.98485,21.228513185906554
4.4,17.18586,21.25651926306059
4.4,17.38687,21.28450359569934
4.4,17.58788,21.312240354228148
4.4,17.78889,21.339669755952443
4.4,17.9899,21.367072210572015
4.4,18.19091,21.393928004561676
4.4,18.39192,21.42079282182988
4.4,18.59293,21.447389552024593
4.4,18.79394,21.473678259511775
4.4,18.99495,21.499939213121092
4.4,19.19596,21.525642670371802
4.4,19.39697,21.551365601658652
4.4,19.59798,21.57678998255368
4.4,19.79899,21.601905786731773
4.4,20.0,21.625174794327126
4.1000000000000005,0.3010101,5.912216553673597
4.1000000000000005,0.5020202,6.403923877111449
4.1000000000000005,0.7030303,6.098026063862132
4.1000000000000005,0.9040404,5.519240566407495
4.1000000000000005,1.105051,4.891709785695087
4.1000000000000005,1.306061,4.4831816433168115
4.1000000000000005,1.507071,4.551705539857077
4.1000000000000005,1.708081,5.30806547529373
4.1000000000000005,1.909091,6.441746109802667
4.1000000000000005,2.110101,7.540050406568357
4.1000000000000005,2.311111,8.13707099737995
4.1000000000000005,2.512121,8.27671077966775
4.1000000000000005,2.713131,8.064512454812784
4.1000000000000005,2.914141,7.520400040878602
4.1000000000000005,3.115152,6.564939389536257
4.1000000000000005,3.316162,5.317556775274189
4.1000000000000005,3.517172,4.159213393678605
4.1000000000000005,3.718182,3.3267304762857806
4.1000000000000005,3.919192,2.8657848088440363
4.1000000000000005,4.120202,2.7548131040220443
4.1000000000000005,4.321212,3.029546655272343
4.1000000000000005,4.522222,3.6432454720317553
4.1000000000000005,4.723232,4.62741212517226
4.1000000000000005,4.924242,5.950400816803054
4.1000000000000005,5.125253,7.494999470599528
4.1000000000000005,5.326263,8.791748600861986
4.1000000000000005,5.527273,9.129936286994274
4.1000000000000005,5.728283,8.54650910132613
4.1000000000000005,5.929293,7.868304188926308
4.1000000000000005,6.130303,7.3222425680026975
4.1000000000000005,6.331313,7.166151480893181
4.1000000000000005,6.532323,7.96007174450665
4.1000000000000005,6.733333,9.845876411598079
4.1000000000000005,6.934343,12.464581184065052
4.1000000000000005,7.135354,15.007085953526135
4.1000000000000005,7.336364,16.6236520608071
4.1000000000000005,7.537374,17.6436580232311
4.1000000000000005,7.738384,18.203526415251293
4.1000000000000005,7.939394,18.58333007751446
4.1000000000000005,8.140404,18.8475658152566
4.1000000000000005,8.341414,19.057734655938116
4.1000000000000005,8.542424,19.235287076161953
4.1000000000000005,8.743434,19.387028873415623
4.1000000000000005,8.944444,19.515719461186098
4.1000000000000005,9.145455,19.629499670297903
4.1000000000000005,9.346465,19.732465423712302
4.1000000000000005,9.547475,19.823952567516603
4.1000000000000005,9.748485,19.90674450940092
4.1000000000000005,9.949495,19.979485930998198
4.1000000000000005,10.15051,20.045109885427536
4.1000000000000005,10.35152,20.106116279619226
4.1000000000000005,10.55253,20.16085547683399
4.1000000000000005,10.75354,20.2117391950483
4.1000000000000005,10.95455,20.25784242481137
4.1000000000000005,11.15556,20.300605078181672
4.1000000000000005,11.35657,20.341876684485356
4.1000000000000005,11.55758,20.380343605421682
4.1000000000000005,11.75859,20.417615248183658
4.1000000000000005,11.9596,20.45322015044568
4.1000000000000005,12.16061,20.487689056434697
4.1000000000000005,12.36162,20.521892046790356
4.1000000000000005,12.56263,20.555115054500884
4.1000000000000005,12.76364,20.588108178356677
4.1000000000000005,12.96465,20.62063097935703
4.1000000000000005,13.16566,20.652547715861953
4.1000000000000005,13.36667,20.684276899526296
4.1000000000000005,13.56768,20.71586868408311
4.1000000000000005,13.76869,20.747323149803254
4.1000000000000005,13.9697,20.774366313950267
4.1000000000000005,14.17071,20.80535023274131
4.1000000000000005,14.37172,20.83841529724401
4.1000000000000005,14.57273,20.8705894736286
4.1000000000000005,14.77374,20.90115653438118
4.1000000000000005,14.97475,20.931632546107235
4.1000000000000005,15.17576,20.961725475158005
4.1000000000000005,15.37677,20.991813885505213
4.1000000000000005,15.57778,21.021717733311014
4.1000000000000005,15.77879,21.051306160929872
4.1000000000000005,15.9798,21.080887141878996
4.1000000000000005,16.18081,21.11003401222628
4.1000000000000005,16.38182,21.139101295566903
4.1000000000000005,16.58283,21.167942507073473
4.1000000000000005,16.78384,21.196467276238348
4.1000000000000005,16.98485,21.225047227793333
4.1000000000000005,17.18586,21.25314206174364
4.1000000000000005,17.38687,21.28112404403171
4.1000000000000005,17.58788,21.308868914000996
4.1000000000000005,17.78889,21.33628649568868
4.1000000000000005,17.9899,21.363790940331633
4.1000000000000005,18.19091,21.390769270674998
4.1000000000000005,18.39192,21.417632537482184
4.1000000000000005,18.59293,21.4442279317717
4.1000000000000005,18.79394,21.470515349516887
4.1000000000000005,18.99495,21.49689071442481
4.1000000000000005,19.19596,21.522719195687035
4.1000000000000005,19.39697,21.548441089626376
4.1000000000000005,19.59798,21.57386451318952
4.1000000000000005,19.79899,21.598979389235875
4.1000000000000005,20.0,21.620536807374403
3.8000000000000007,0.3010101,5.844693308634964
3.8000000000000007,0.5020202,6.3583088563864125
3.8000000000000007,0.7030303,6.042656551447118
3.8000000000000007,0.9040404,5.440126739546427
3.8000000000000007,1.105051,4.784161337655201
3.8000000000000007,1.306061,4.349269995648747
3.8000000000000007,1.507071,4.419500664415708
3.8000000000000007,1.708081,5.233466547392913
3.8000000000000007,1.909091,6.459745115762225
3.8000000000000007,2.110101,7.626722590407507
3.8000000000000007,2.311111,8.254454257894894
3.8000000000000007,2.512121,8.437810111973322
3.8000000000000007,2.713131,8.301146093882974
3.8000000000000007,2.914141,7.852345764151636
3.8000000000000007,3.115152,6.952696279393484
3.8000000000000007,3.316162,5.663393798259944
3.8000000000000007,3.517172,4.439674211016889
3.8000000000000007,3.718182,3.5652751204358606
3.8000000000000007,3.919192,3.0993714335921445
3.8000000000000007,4.120202,3.024224500663471
3.8000000000000007,4.321212,3.3680619489446464
3.8000000000000007,4.522222,4.069603337410664
3.8000000000000007,4.723232,5.1616469907302225
3.8000000000000007,4.924242,6.616234619658649
3.8000000000000007,5.125253,8.252287623763786
3.8000000000000007,5.326263,9.344790635521946
3.8000000000000007,5.527273,9.295731254806734
3.8000000000000007,5.728283,8.442725457259453
3.8000000000000007,5.929293,7.645952989018332
3.8000000000000007,6.130303,7.021655833858376
3.8000000000000007,6.331313,6.776429144078927
3.8000000000000007,6.532323,7.560871783405732
3.8000000000000007,6.733333,9.53980217439117
3.8000000000000007,6.934343,12.344599122384503
3.8000000000000007,7.135354,15.071243918406447
3.8000000000000007,7.336364,16.80047354195677
3.8000000000000007,7.537374,17.74715759802184
3.8000000000000007,7.738384,18.294276352353894
3.8000000000000007,7.939394,18.647170886780998
3.8000000000000007,8.140404,18.91034684650166
3.8000000000000007,8.341414,19.110718309443016
3.8000000000000007,8.542424,19.285922806459613
3.8000000000000007,8.743434,19.433018690029392
3.8000000000000007,8.944444,19.557255600107737
3.8000000000000007,9.145455,19.668105381306177
3.8000000000000007,9.346465,19.767328759471447
3.8000000000000007,9.547475,19.8562795731548
3.8000000000000007,9.748485,19.935881066631477
3.8000000000000007,9.949495,20.005355309800116
3.8000000000000007,10.15051,20.068349346329864
3.8000000000000007,10.35152,20.12561390631361
3.8000000000000007,10.55253,20.177880248801458
3.8000000000000007,10.75354,20.225840112496694
3.8000000000000007,10.95455,20.269361699421903
3.8000000000000007,11.15556,20.310213508029165
3.8000000000000007,11.35657,20.34891872439154
3.8000000000000007,11.55758,20.385879974729285
3.8000000000000007,11.75859,20.42143968745219
3.8000000000000007,11.9596,20.45572954055601
3.8000000000000007,12.16061,20.489252823689245
3.8000000000000007,12.36162,20.522230892211905
3.8000000000000007,12.56263,20.554774678487753
3.8000000000000007,12.76364,20.586974871294835
3.8000000000000007,12.96465,20.618882013007394
3.8000000000000007,13.16566,20.650537568863623
3.8000000000000007,13.36667,20.68212954515161
3.8000000000000007,13.56768,20.71345802962963
3.8000000000000007,13.76869,20.74421426739091
3.8000000000000007,13.9697,20.77466363870876
3.8000000000000007,14.17071,20.805462173186434
3.8000000000000007,14.37172,20.83632532786809
3.8000000000000007,14.57273,20.867043819651148
3.8000000000000007,14.77374,20.897498726786832
3.8000000000000007,14.97475,20.927957004571972
3.8000000000000007,15.17576,20.95803461480013
3.8000000000000007,15.37677,20.988066044640814
3.8000000000000007,15.57778,21.01792292004021
3.8000000000000007,15.77879,21.047506440871217
3.8000000000000007,15.9798,21.07708247989973
3.8000000000000007,16.18081,21.10622577483297
3.8000000000000007,16.38182,21.13532180149964
3.8000000000000007,16.58283,21.164211948024743
3.8000000000000007,16.78384,21.192786844092062
3.8000000000000007,16.98485,21.221373622442204
3.8000000000000007,17.18586,21.24946601704743
3.8000000000000007,17.38687,21.277520355803002
3.8000000000000007,17.58788,21.305337868477288
3.8000000000000007,17.78889,21.33283884438901
3.8000000000000007,17.9899,21.3603512287154
3.8000000000000007,18.19091,21.38731787210919
3.8000000000000007,18.39192,21.41426589191139
3.8000000000000007,18.59293,21.4409563337835
3.8000000000000007,18.79394,21.46733927991119
3.8000000000000007,18.99495,21.493723284336856
3.8000000000000007,19.19596,21.51954058428938
3.8000000000000007,19.39697,21.545358860536073
3.8000000000000007,19.59798,21.569081006800292
3.8000000000000007,19.79899,21.590616928990375
3.8000000000000007,20.0,21.61215343465775
3.500000000000001,0.3010101,5.714447302064896
3.500000000000001,0.5020202,6.256573462909847
3.500000000000001,0.7030303,5.934281024314506
3.500000000000001,0.9040404,5.3094378325098415
3.500000000000001,1.105051,4.622967672718927
3.500000000000001,1.306061,4.146576249374543
3.500000000000001,1.507071,4.199045566219725
3.500000000000001,1.708081,5.058012145543148
3.500000000000001,1.909091,6.376778930381039
3.500000000000001,2.110101,7.6264868857712695
3.500000000000001,2.311111,8.297245821116762
3.500000000000001,2.512121,8.524255732874252
3.500000000000001,2.713131,8.471306476407463
3.500000000000001,2.914141,8.184215685490752
3.500000000000001,3.115152,7.504501488641051
3.500000000000001,3.316162,6.307501566096792
3.500000000000001,3.517172,5.037900778461347
3.500000000000001,3.718182,4.100205841657617
3.500000000000001,3.919192,3.5962813306636305
3.500000000000001,4.120202,3.527185174716094
3.500000000000001,4.321212,3.9281794524949594
3.500000000000001,4.522222,4.721834891337135
3.500000000000001,4.723232,5.9358945044243026
3.500000000000001,4.924242,7.519160124504404
3.500000000000001,5.125253,9.116277773246017
3.500000000000001,5.326263,9.753456586924486
3.500000000000001,5.527273,9.245007111549901
3.500000000000001,5.728283,8.167451062013505
3.500000000000001,5.929293,7.303134421283195
3.500000000000001,6.130303,6.618833401083115
3.500000000000001,6.331313,6.291506310346223
3.500000000000001,6.532323,7.097493165931455
3.500000000000001,6.733333,9.2010060472145
3.500000000000001,6.934343,12.22158595604646
3.500000000000001,7.135354,15.132790669459016
3.500000000000001,7.336364,16.893771621215716
3.500000000000001,7.537374,17.834511178158436
3.500000000000001,7.738384,18.36912734902091
3.500000000000001,7.939394,18.712724889305314
3.500000000000001,8.140404,18.96984556431996
3.500000000000001,8.341414,19.170856500564025
3.500000000000001,8.542424,19.337159113072435
3.500000000000001,8.743434,19.479802747748238
3.500000000000001,8.944444,19.603504050110093
3.500000000000001,9.145455,19.71251511032764
3.500000000000001,9.346465,19.803144928133776
3.500000000000001,9.547475,19.888587245024542
3.500000000000001,9.748485,19.96425350728205
3.500000000000001,9.949495,20.029960083497883
3.500000000000001,10.15051,20.09009264737863
3.500000000000001,10.35152,20.14315840848782
3.500000000000001,10.55253,20.192802474738283
3.500000000000001,10.75354,20.237662716386435
3.500000000000001,10.95455,20.27852031596555
3.500000000000001,11.15556,20.31744641764044
3.500000000000001,11.35657,20.353641953551424
3.500000000000001,11.55758,20.389125857353015
3.500000000000001,11.75859,20.42308894480116
3.500000000000001,11.9596,20.45614231182002
3.500000000000001,12.16061,20.488802311970343
3.500000000000001,12.36162,20.52073400592341
3.500000000000001,12.56263,20.552662894888673
3.500000000000001,12.76364,20.584223053001466
3.500000000000001,12.96465,20.615638752393224
3.500000000000001,13.16566,20.646950163204355
3.500000000000001,13.36667,20.678071117822476
3.500000000000001,13.56768,20.709132582049424
3.500000000000001,13.76869,20.739950407747273
3.500000000000001,13.9697,20.766772288173957
3.500000000000001,14.17071,20.80064741635128
3.500000000000001,14.37172,20.83152803267473
3.500000000000001,14.57273,20.86232521925052
3.500000000000001,14.77374,20.892630210958597
3.500000000000001,14.97475,20.92306102225734
3.500000000000001,15.17576,20.953143293477286
3.500000000000001,15.37677,20.983205590783932
3.500000000000001,15.57778,21.013123501762554
3.500000000000001,15.77879,21.042790695886715
3.500000000000001,15.9798,21.072381686890214
3.500000000000001,16.18081,21.101521447938385
3.500000000000001,16.38182,21.130715387424058
3.500000000000001,16.58283,21.159723684226115
3.500000000000001,16.78384,21.188428072446804
3.500000000000001,16.98485,21.21702167530636
3.500000000000001,17.18586,21.245111675302542
3.500000000000001,17.38687,21.273287945633164
3.500000000000001,17.58788,21.301227708439676
3.500000000000001,17.78889,21.328871761948946
3.500000000000001,17.9899,21.356382110719764
3.500000000000001,18.19091,21.38335710814343
3.500000000000001,18.39192,21.410429648896773
3.500000000000001,18.59293,21.437244917661005
3.500000000000001,18.79394,21.46376319386594
3.500000000000001,18.99495,21.49014587216352
3.500000000000001,19.19596,21.515972027376296
3.500000000000001,19.39697,21.541896477927207
3.500000000000001,19.59798,21.56753299725682
3.500000000000001,19.79899,21.592861594773268
3.500000000000001,20.0,21.614417483607657
3.200000000000001,0.3010101,5.507785241900033
3.200000000000001,0.5020202,6.088530959965311
3.200000000000001,0.7030303,5.759795079041796
3.200000000000001,0.9040404,5.116034198268398
3.200000000000001,1.105051,4.400153667159518
3.200000000000001,1.306061,3.872385755913165
3.200000000000001,1.507071,3.8767174313839017
3.200000000000001,1.708081,4.765181681139691
3.200000000000001,1.909091,6.173441932234142
3.200000000000001,2.110101,7.524892716968645
3.200000000000001,2.311111,8.253193903652638
3.200000000000001,2.512121,8.519786399978287
3.200000000000001,2.713131,8.547358897848973
3.200000000000001,2.914141,8.4454397448435
3.200000000000001,3.115152,8.107261842376316
3.200000000000001,3.316162,7.2271167629485165
3.200000000000001,3.517172,6.037584102393265
3.200000000000001,3.718182,5.020275681017751
3.200000000000001,3.919192,4.441047181113256
3.200000000000001,4.120202,4.33611103050575
3.200000000000001,4.321212,4.768244795461579
3.200000000000001,4.522222,5.648103059549553
3.200000000000001,4.723232,6.993348120468061
3.200000000000001,4.924242,8.612421094402547
3.200000000000001,5.125253,9.915638137710433
3.200000000000001,5.326263,9.936580967149467
3.200000000000001,5.527273,8.95562339649674
3.200000000000001,5.728283,7.709768268206967
3.200000000000001,5.929293,6.841595407160781
3.200000000000001,6.130303,6.103371734122378
3.200000000000001,6.331313,5.697944978619675
3.200000000000001,6.532323,6.544443416128804
3.200000000000001,6.733333,8.828475443133229
3.200000000000001,6.934343,12.113983672423599
3.200000000000001,7.135354,15.206270055171942
3.200000000000001,7.336364,16.996438501644537
3.200000000000001,7.537374,17.924785462733524
3.200000000000001,7.738384,18.44455832323167
3.200000000000001,7.939394,18.7785150860184
3.200000000000001,8.140404,19.028880720728758
3.200000000000001,8.341414,19.224494939622886
3.200000000000001,8.542424,19.387600431435864
3.200000000000001,8.743434,19.527517753530127
3.200000000000001,8.944444,19.646351608439822
3.200000000000001,9.145455,19.750818914967954
3.200000000000001,9.346465,19.842058199345193
3.200000000000001,9.547475,19.91530635653079
3.200000000000001,9.748485,19.991730197261028
3.200000000000001,9.949495,20.053991717232268
3.200000000000001,10.15051,20.1083123776117
3.200000000000001,10.35152,20.159887117793986
3.200000000000001,10.55253,20.204678535747142
3.200000000000001,10.75354,20.247074853932453
3.200000000000001,10.95455,20.285678201979906
3.200000000000001,11.15556,20.321339871043396
3.200000000000001,11.35657,20.356687033311143
3.200000000000001,11.55758,20.389763929462877
3.200000000000001,11.75859,20.422635297176566
3.200000000000001,11.9596,20.454685803293245
3.200000000000001,12.16061,20.486094145162312
3.200000000000001,12.36162,20.517687351077726
3.200000000000001,12.56263,20.54875716582434
3.200000000000001,12.76364,20.57995415224072
3.200000000000001,12.96465,20.611014039294137
3.200000000000001,13.16566,20.641971193470777
3.200000000000001,13.36667,20.672958417877766
3.200000000000001,13.56768,20.703834189766017
3.200000000000001,13.76869,20.734579033091016
3.200000000000001,13.9697,20.765389421666118
3.200000000000001,14.17071,20.79593843135138
3.200000000000001,14.37172,20.826729583731364
3.200000000000001,14.57273,20.854867612786727
3.200000000000001,14.77374,20.885175197896743
3.200000000000001,14.97475,20.917717452515916
3.200000000000001,15.17576,20.9479467326795
3.200000000000001,15.37677,20.978011787682153
3.200000000000001,15.57778,21.00792459412862
3.200000000000001,15.77879,21.037586964843854
3.200000000000001,15.9798,21.067347722431144
3.200000000000001,16.18081,21.096717309098988
3.200000000000001,16.38182,21.12591686105927
3.200000000000001,16.58283,21.154921816974657
3.200000000000001,16.78384,21.183623021827664
3.200000000000001,16.98485,21.21241332545947
3.200000000000001,17.18586,21.240750533078195
3.200000000000001,17.38687,21.268934040042286
3.200000000000001,17.58788,21.29687156294429
3.200000000000001,17.78889,21.324513474673257
3.200000000000001,17.9899,21.352234884241167
3.200000000000001,18.19091,21.3794416056683
3.200000000000001,18.39192,21.40652237273574
3.200000000000001,18.59293,21.433336110536505
3.200000000000001,18.79394,21.459842919039264
3.200000000000001,18.99495,21.48642945588379
3.200000000000001,19.19596,21.512460099457485
3.200000000000001,19.39697,21.5383933943856
3.200000000000001,19.59798,21.564028850458037
3.200000000000001,19.79899,21.589346424196357
3.200000000000001,20.0,21.612896249026342
2.9000000000000004,0.3010101,5.212781958355191
2.9000000000000004,0.5020202,5.835957283449467
2.9000000000000004,0.7030303,5.5000782376084425
2.9000000000000004,0.9040404,4.839666023526531
2.9000000000000004,1.105051,4.101936660551404
2.9000000000000004,1.306061,3.5117723214246466
2.9000000000000004,1.507071,3.4289975068654175
2.9000000000000004,1.708081,4.31110315319106
2.9000000000000004,1.909091,5.815180481104844
2.9000000000000004,2.110101,7.278286115678292
2.9000000000000004,2.311111,8.098807657393337
2.9000000000000004,2.512121,8.410841710661803
2.9000000000000004,2.713131,8.474343701623253
2.9000000000000004,2.914141,8.530714561163531
2.9000000000000004,3.115152,8.530402770162086
2.9000000000000004,3.316162,8.19537147921528
2.9000000000000004,3.517172,7.430582155406332
2.9000000000000004,3.718182,6.454548704013135
2.9000000000000004,3.919192,5.765904049687764
2.9000000000000004,4.120202,5.58034782254538
2.9000000000000004,4.321212,6.000101890067618
2.9000000000000004,4.522222,6.929824125862168
2.9000000000000004,4.723232,8.29954279406695
2.9000000000000004,4.924242,9.662908757264699
2.9000000000000004,5.125253,10.39800865298945
2.9000000000000004,5.326263,9.76881325681376
2.9000000000000004,5.527273,8.36300888826342
2.9000000000000004,5.728283,7.083472187680245
2.9000000000000004,5.929293,6.266752495317848
2.9000000000000004,6.130303,5.453050968931786
2.9000000000000004,6.331313,4.964820727517984
2.9000000000000004,6.532323,5.884654411699002
2.9000000000000004,6.733333,8.40371698390475
2.9000000000000004,6.934343,12.010491141713318
2.9000000000000004,7.135354,15.291880222386
2.9000000000000004,7.336364,17.107637826852436
2.9000000000000004,7.537374,18.019926256348857
2.9000000000000004,7.738384,18.52312845836225
2.9000000000000004,7.939394,18.846647837196883
2.9000000000000004,8.140404,19.090029102053922
2.9000000000000004,8.341414,19.281025026604542
2.9000000000000004,8.542424,19.43942036986914
2.9000000000000004,8.743434,19.574512477497166
2.9000000000000004,8.944444,19.689364277648114
2.9000000000000004,9.145455,19.789782082151877
2.9000000000000004,9.346465,19.877084958459907
2.9000000000000004,9.547475,19.952995570227483
2.9000000000000004,9.748485,20.013900428721033
2.9000000000000004,9.949495,20.076652372747827
2.9000000000000004,10.15051,20.1267490526872
2.9000000000000004,10.35152,20.17163146196307
2.9000000000000004,10.55253,20.21496014556909
2.9000000000000004,10.75354,20.25344068171809
2.9000000000000004,10.95455,20.28893890272072
2.9000000000000004,11.15556,20.3236389687178
2.9000000000000004,11.35657,20.35596744749935
2.9000000000000004,11.55758,20.388441845850437
2.9000000000000004,11.75859,20.419709939021285
2.9000000000000004,11.9596,20.450669823169303
2.9000000000000004,12.16061,20.48171472083632
2.9000000000000004,12.36162,20.51236174201374
2.9000000000000004,12.56263,20.54325519574032
2.9000000000000004,12.76364,20.573998458125264
2.9000000000000004,12.96465,20.604801117273507
2.9000000000000004,13.16566,20.635675276688715
2.9000000000000004,13.36667,20.666531726406348
2.9000000000000004,13.56768,20.69737701156684
2.9000000000000004,13.76869,20.72828501830108
2.9000000000000004,13.9697,20.759350284063142
2.9000000000000004,14.17071,20.78990244682162
2.9000000000000004,14.37172,20.820166857691852
2.9000000000000004,14.57273,20.849708762697215
2.9000000000000004,14.77374,20.880884074184625
2.9000000000000004,14.97475,20.911534889390424
2.9000000000000004,15.17576,20.941831263299843
2.9000000000000004,15.37677,20.972084077106654
2.9000000000000004,15.57778,21.00200995298747
2.9000000000000004,15.77879,21.031855818176194
2.9000000000000004,15.9798,21.061724263679125
2.9000000000000004,16.18081,21.091165490764915
2.9000000000000004,16.38182,21.120571134066463
2.9000000000000004,16.58283,21.149591889448462
2.9000000000000004,16.78384,21.17847242491649
2.9000000000000004,16.98485,21.207385089738576
2.9000000000000004,17.18586,21.23579673976823
2.9000000000000004,17.38687,21.264171311549784
2.9000000000000004,17.58788,21.292126219452967
2.9000000000000004,17.78889,21.319941082347942
2.9000000000000004,17.9899,21.34775764541622
2.9000000000000004,18.19091,21.375040603330405
2.9000000000000004,18.39192,21.402295520403964
2.9000000000000004,18.59293,21.429117597275265
2.9000000000000004,18.79394,21.455779652753098
2.9000000000000004,18.99495,21.482453045850313
2.9000000000000004,19.19596,21.508551088353933
2.9000000000000004,19.39697,21.534640463281715
2.9000000000000004,19.59798,21.56027484176193
2.9000000000000004,19.79899,21.582074190212523
2.9000000000000004,20.0,21.60383435551143
2.6000000000000005,0.3010101,4.817847014580979
2.6000000000000005,0.5020202,5.480876373232285
2.6000000000000005,0.7030303,5.13225603353719
2.6000000000000005,0.9040404,4.461134620349818
2.6000000000000005,1.105051,3.7088879446889806
2.6000000000000005,1.306061,3.0495681426990906
2.6000000000000005,1.507071,2.837611782236531
2.6000000000000005,1.708081,3.654932259148923
2.6000000000000005,1.909091,5.229927233270977
2.6000000000000005,2.110101,6.846208346158259
2.6000000000000005,2.311111,7.796621662909519
2.6000000000000005,2.512121,8.175346260326409
2.6000000000000005,2.713131,8.228730148314135
2.6000000000000005,2.914141,8.323019399528645
2.6000000000000005,3.115152,8.578009015399267
2.6000000000000005,3.316162,8.820552138255513
2.6000000000000005,3.517172,8.778410952911027
2.6000000000000005,3.718182,8.253896213074118
2.6000000000000005,3.919192,7.589197863536122
2.6000000000000005,4.120202,7.296474712467501
2.6000000000000005,4.321212,7.629461076542383
2.6000000000000005,4.522222,8.465032361349317
2.6000000000000005,4.723232,9.55167181323067
2.6000000000000005,4.924242,10.352369976508664
2.6000000000000005,5.125253,10.356217587985414
2.6000000000000005,5.326263,9.116080742370038
2.6000000000000005,5.527273,7.4747222858424
2.6000000000000005,5.728283,6.323415678614612
2.6000000000000005,5.929293,5.586934672317327
2.6000000000000005,6.130303,4.656138906206792
2.6000000000000005,6.331313,4.066951176063588
2.6000000000000005,6.532323,5.096707000909803
2.6000000000000005,6.733333,7.9132982135062315
2.6000000000000005,6.934343,11.883255489773408
2.6000000000000005,7.135354,15.382088118516666
2.6000000000000005,7.336364,17.22863118171689
2.6000000000000005,7.537374,18.122814367440746
2.6000000000000005,7.738384,18.60710541625198
2.6000000000000005,7.939394,18.919052829207843
2.6000000000000005,8.140404,19.154827811390007
2.6000000000000005,8.341414,19.33967721596202
2.6000000000000005,8.542424,19.49299312365469
2.6000000000000005,8.743434,19.62275533180715
2.6000000000000005,8.944444,19.732390643401917
2.6000000000000005,9.145455,19.82791969286267
2.6000000000000005,9.346465,19.90988197579927
2.6000000000000005,9.547475,19.980603945181347
2.6000000000000005,9.748485,20.04206199880944
2.6000000000000005,9.949495,20.094109371116623
2.6000000000000005,10.15051,20.14038430028665
2.6000000000000005,10.35152,20.182540229483823
2.6000000000000005,10.55253,20.220349462112384
2.6000000000000005,10.75354,20.256351711954014
2.6000000000000005,10.95455,20.289750114952394
2.6000000000000005,11.15556,20.321544540043064
2.6000000000000005,11.35657,20.3532058520466
2.6000000000000005,11.55758,20.383738751604817
2.6000000000000005,11.75859,20.41422820874207
2.6000000000000005,11.9596,20.444521058890228
2.6000000000000005,12.16061,20.474768914230033
2.6000000000000005,12.36162,20.50524528474589
2.6000000000000005,12.56263,20.535711100891355
2.6000000000000005,12.76364,20.566320194361246
2.6000000000000005,12.96465,20.597036405872476
2.6000000000000005,13.16566,20.627855396028608
2.6000000000000005,13.36667,20.658712742527932
2.6000000000000005,13.56768,20.689640712852835
2.6000000000000005,13.76869,20.720587709503942
2.6000000000000005,13.9697,20.751591006987777
2.6000000000000005,14.17071,20.78238166285559
2.6000000000000005,14.37172,20.8112299305684
2.6000000000000005,14.57273,20.840510707699817
2.6000000000000005,14.77374,20.87386110270189
2.6000000000000005,14.97475,20.904504877311524
2.6000000000000005,15.17576,20.934794653236573
2.6000000000000005,15.37677,20.965164989728997
2.6000000000000005,15.57778,20.995576913668454
2.6000000000000005,15.77879,21.025618212197124
2.6000000000000005,15.9798,21.055482115857913
2.6000000000000005,16.18081,21.084929146919762
2.6000000000000005,16.38182,21.11444642651627
2.6000000000000005,16.58283,21.143925482490374
2.6000000000000005,16.78384,21.172987353894573
2.6000000000000005,16.98485,21.201897066692133
2.6000000000000005,17.18586,21.230305984962488
2.6000000000000005,17.38687,21.258795054508326
2.6000000000000005,17.58788,21.28717606508012
2.6000000000000005,17.78889,21.315125627648804
2.6000000000000005,17.9899,21.34295022422893
2.6000000000000005,18.19091,21.370221362855585
2.6000000000000005,18.39192,21.39757258359833
2.6000000000000005,18.59293,21.424775554989072
2.6000000000000005,18.79394,21.4515542904667
2.6000000000000005,18.99495,21.47821634647072
2.6000000000000005,19.19596,21.504323149133352
2.6000000000000005,19.39697,21.5304999966621
2.6000000000000005,19.59798,21.55645824343154
2.6000000000000005,19.79899,21.580192958536138
2.6000000000000005,20.0,21.60195239609199
2.3000000000000007,0.3010101,4.331783149777381
2.3000000000000007,0.5020202,5.014414589203808
2.3000000000000007,0.7030303,4.6385548805561605
2.3000000000000007,0.9040404,3.9585382443387016
2.3000000000000007,1.105051,3.207164017187155
2.3000000000000007,1.306061,2.4680513468452494
2.3000000000000007,1.507071,2.095532678658047
2.3000000000000007,1.708081,2.7808120246598995
2.3000000000000007,1.909091,4.374570099075622
2.3000000000000007,2.110101,6.154849439741723
2.3000000000000007,2.311111,7.301289602884274
2.3000000000000007,2.512121,7.7761654740118535
2.3000000000000007,2.713131,7.810088622743343
2.3000000000000007,2.914141,7.83359624390653
2.3000000000000007,3.115152,8.132730095230631
2.3000000000000007,3.316162,8.82082322624099
2.3000000000000007,3.517172,9.435726157397003
2.3000000000000007,3.718182,9.555644048830748
2.3000000000000007,3.919192,9.263818843472041
2.3000000000000007,4.120202,8.986888486519986
2.3000000000000007,4.321212,9.160452471013878
2.3000000000000007,4.522222,9.69142802827663
2.3000000000000007,4.723232,10.261571633497486
2.3000000000000007,4.924242,10.411684072328704
2.3000000000000007,5.125253,9.738014787482966
2.3000000000000007,5.326263,8.037220769665296
2.3000000000000007,5.527273,6.363295547373074
2.3000000000000007,5.728283,5.4962505101424
2.3000000000000007,5.929293,4.834087496293483
2.3000000000000007,6.130303,3.722711036121208
2.3000000000000007,6.331313,3.004134825468892
2.3000000000000007,6.532323,4.190759533885505
2.3000000000000007,6.733333,7.335372285862715
2.3000000000000007,6.934343,11.701125218394791
2.3000000000000007,7.135354,15.477658958802504
2.3000000000000007,7.336364,17.36426256754566
2.3000000000000007,7.537374,18.234881690500615
2.3000000000000007,7.738384,18.698959915149
2.3000000000000007,7.939394,18.99771182736261
2.3000000000000007,8.140404,19.223571964747997
2.3000000000000007,8.341414,19.40088177992225
2.3000000000000007,8.542424,19.547610924045372
2.3000000000000007,8.743434,19.671516127727465
2.3000000000000007,8.944444,19.775273266167126
2.3000000000000007,9.145455,19.86440907628078
2.3000000000000007,9.346465,19.939983036450897
2.3000000000000007,9.547475,20.004575992809812
2.3000000000000007,9.748485,20.06050838724401
2.3000000000000007,9.949495,20.10848265389315
2.3000000000000007,10.15051,20.150487500606285
2.3000000000000007,10.35152,20.1871655974913
2.3000000000000007,10.55253,20.222125870237747
2.3000000000000007,10.75354,20.255128031032488
2.3000000000000007,10.95455,20.28627580579365
2.3000000000000007,11.15556,20.316633492049494
2.3000000000000007,11.35657,20.346532150132226
2.3000000000000007,11.55758,20.376222243820237
2.3000000000000007,11.75859,20.40587350109593
2.3000000000000007,11.9596,20.435660878045713
2.3000000000000007,12.16061,20.465647297226194
2.3000000000000007,12.36162,20.495838734112866
2.3000000000000007,12.56263,20.526232451781688
2.3000000000000007,12.76364,20.556815698360293
2.3000000000000007,12.96465,20.587589733482723
2.3000000000000007,13.16566,20.61848862896482
2.3000000000000007,13.36667,20.649488190119385
2.3000000000000007,13.56768,20.680546098837453
2.3000000000000007,13.76869,20.711640107210766
2.3000000000000007,13.9697,20.742739672855855
2.3000000000000007,14.17071,20.773752822088916
2.3000000000000007,14.37172,20.8046658966428
2.3000000000000007,14.57273,20.835489552868758
2.3000000000000007,14.77374,20.866262606331773
2.3000000000000007,14.97475,20.89704321241883
2.3000000000000007,15.17576,20.927628648579567
2.3000000000000007,15.37677,20.95819275226596
2.3000000000000007,15.57778,20.98859865177381
2.3000000000000007,15.77879,21.018748971163447
2.3000000000000007,15.9798,21.04891430150444
2.3000000000000007,16.18081,21.07864585842008
2.3000000000000007,16.38182,21.10833283530985
2.3000000000000007,16.58283,21.137808091588216
2.3000000000000007,16.78384,21.16698292029741
2.3000000000000007,16.98485,21.196161154280688
2.3000000000000007,17.18586,21.224830390096354
2.3000000000000007,17.38687,21.253463102119063
2.3000000000000007,17.58788,21.281841645634227
2.3000000000000007,17.78889,21.309896555664483
2.3000000000000007,17.9899,21.337953829885745
2.3000000000000007,18.19091,21.365448752246603
2.3000000000000007,18.39192,21.39292595083358
2.3000000000000007,18.59293,21.420117279411492
2.3000000000000007,18.79394,21.44698286820717
2.3000000000000007,18.99495,21.473860133415545
2.3000000000000007,19.19596,21.50014286601174
2.3000000000000007,19.39697,21.526417118837877
2.3000000000000007,19.59798,21.552374242897223
2.3000000000000007,19.79899,21.578024169340406
2.3000000000000007,20.0,21.60366531735343
2.000000000000001,0.3010101,3.7800258081452696
2.000000000000001,0.5020202,4.430990713363148
2.000000000000001,0.7030303,3.992993784213529
2.000000000000001,0.9040404,3.3080083604631625
2.000000000000001,1.105051,2.5887247653212113
2.000000000000001,1.306061,1.7780696004084204
2.000000000000001,1.507071,1.2457745725874725
2.000000000000001,1.708081,1.6895934489633682
2.000000000000001,1.909091,3.199274990004867
2.000000000000001,2.110101,5.091218083536493
2.000000000000001,2.311111,6.494482172483422
2.000000000000001,2.512121,7.120170092087197
2.000000000000001,2.713131,7.13428664452067
2.000000000000001,2.914141,7.044770962154812
2.000000000000001,3.115152,7.143569779306828
2.000000000000001,3.316162,7.98525161992646
2.000000000000001,3.517172,9.109861546345595
2.000000000000001,3.718182,9.639453748186131
2.000000000000001,3.919192,9.622064191757175
2.000000000000001,4.120202,9.470893886289844
2.000000000000001,4.321212,9.561383869720265
2.000000000000001,4.522222,9.78429389294498
2.000000000000001,4.723232,9.925532244313262
2.000000000000001,4.924242,9.642307271172479
2.000000000000001,5.125253,8.591015322918823
2.000000000000001,5.326263,6.59424186839617
2.000000000000001,5.527273,5.141242698975709
2.000000000000001,5.728283,4.711440171204958
2.000000000000001,5.929293,4.054981093885144
2.000000000000001,6.130303,2.7194471233256636
2.000000000000001,6.331313,1.8151810969695557
2.000000000000001,6.532323,3.1555746157155866
2.000000000000001,6.733333,6.663983399491275
2.000000000000001,6.934343,11.463357562271801
2.000000000000001,7.135354,15.584011448814794
2.000000000000001,7.336364,17.524744746741174
2.000000000000001,7.537374,18.362292075902623
2.000000000000001,7.738384,18.80106255795956
2.000000000000001,7.939394,19.08341497389161
2.000000000000001,8.140404,19.296787181641438
2.000000000000001,8.341414,19.46451906658377
2.000000000000001,8.542424,19.60287806295024
2.000000000000001,8.743434,19.71954973169891
2.000000000000001,8.944444,19.816124047547515
2.000000000000001,9.145455,19.897489086739732
2.000000000000001,9.346465,19.9656180272402
2.000000000000001,9.547475,20.023274542992834
2.000000000000001,9.748485,20.073394042993378
2.000000000000001,9.949495,20.11611521000955
2.000000000000001,10.15051,20.15350071513889
2.000000000000001,10.35152,20.187780568233233
2.000000000000001,10.55253,20.218475277298836
2.000000000000001,10.75354,20.248558849294138
2.000000000000001,10.95455,20.27785655992035
2.000000000000001,11.15556,20.307013975964853
2.000000000000001,11.35657,20.335778206183615
2.000000000000001,11.55758,20.3648507263973
2.000000000000001,11.75859,20.39408732588054
2.000000000000001,11.9596,20.423697508191907
2.000000000000001,12.16061,20.45360498244985
2.000000000000001,12.36162,20.483911534093696
2.000000000000001,12.56263,20.514378219488997
2.000000000000001,12.76364,20.54518007675222
2.000000000000001,12.96465,20.57617805479893
2.000000000000001,13.16566,20.607274252888
2.000000000000001,13.36667,20.63864272244074
2.000000000000001,13.56768,20.669918930327754
2.000000000000001,13.76869,20.70134829435768
2.000000000000001,13.9697,20.73270240115576
2.000000000000001,14.17071,20.763957372635303
2.000000000000001,14.37172,20.793651365130376
2.000000000000001,14.57273,20.823295116049415
2.000000000000001,14.77374,20.856733288912437
2.000000000000001,14.97475,20.88832444598386
2.000000000000001,15.17576,20.91935773234197
2.000000000000001,15.37677,20.950117944284393
2.000000000000001,15.57778,20.980518091236505
2.000000000000001,15.77879,21.010827160733946
2.000000000000001,15.9798,21.041402910988264
2.000000000000001,16.18081,21.071518795208267
2.000000000000001,16.38182,21.101435514324212
2.000000000000001,16.58283,21.130917193383937
2.000000000000001,16.78384,21.160235145443586
2.000000000000001,16.98485,21.18976201507797
2.000000000000001,17.18586,21.21875171684849
2.000000000000001,17.38687,21.247568229995778
2.000000000000001,17.58788,21.275944458536813
2.000000000000001,17.78889,21.304124863088578
2.000000000000001,17.9899,21.332474961397253
2.000000000000001,18.19091,21.36024381323218
2.000000000000001,18.39192,21.387847123255188
2.000000000000001,18.59293,21.41504691325483
2.000000000000001,18.79394,21.44202947572473
2.000000000000001,18.99495,21.46913209710397
2.000000000000001,19.19596,21.495640886318935
2.000000000000001,19.39697,21.522022646655618
2.000000000000001,19.59798,21.547988719150098
2.000000000000001,19.79899,21.571869687303916
2.000000000000001,20.0,21.593943814610313
1.700000000000001,0.3010101,3.172908261250276
1.700000000000001,0.5020202,3.7620696124141486
1.700000000000001,0.7030303,3.2116677454434055
1.700000000000001,0.9040404,2.5262673007857286
1.700000000000001,1.105051,1.8923554159719178
1.700000000000001,1.306061,1.0876087211291754
1.700000000000001,1.507071,0.7250040779439482
1.700000000000001,1.708081,0.7861777499584139
1.700000000000001,1.909091,1.8836645195933484
1.700000000000001,2.110101,3.681810517839559
1.700000000000001,2.311111,5.295987829181257
1.700000000000001,2.512121,6.139983318338658
1.700000000000001,2.713131,6.121883911115189
1.700000000000001,2.914141,5.913609249440228
1.700000000000001,3.115152,5.703881112809505
1.700000000000001,3.316162,6.375066724673793
1.700000000000001,3.517172,7.9334691938189215
1.700000000000001,3.718182,8.626219408278345
1.700000000000001,3.919192,8.32363201857841
1.700000000000001,4.120202,7.974842792649269
1.700000000000001,4.321212,8.175720984340721
1.700000000000001,4.522222,8.462328056043539
1.700000000000001,4.723232,8.560672628241141
1.700000000000001,4.924242,8.20840724530377
1.700000000000001,5.125253,7.005386414514905
1.700000000000001,5.326263,4.931625808032174
1.700000000000001,5.527273,4.1055193474117555
1.700000000000001,5.728283,4.138726071789169
1.700000000000001,5.929293,3.3641779827799896
1.700000000000001,6.130303,2.0671072115449403
1.700000000000001,6.331313,0.8929168322350016
1.700000000000001,6.532323,2.028706420737072
1.700000000000001,6.733333,5.928311070400937
1.700000000000001,6.934343,11.18536457312232
1.700000000000001,7.135354,15.711606897188322
1.700000000000001,7.336364,17.71966955499853
1.700000000000001,7.537374,18.510929779689086
1.700000000000001,7.738384,18.912686957310136
1.700000000000001,7.939394,19.174114376455925
1.700000000000001,8.140404,19.373465571853874
1.700000000000001,8.341414,19.52939785453876
1.700000000000001,8.542424,19.658046174734185
1.700000000000001,8.743434,19.764860776840962
1.700000000000001,8.944444,19.852146874013098
1.700000000000001,9.145455,19.925296663632597
1.700000000000001,9.346465,19.985130423974557
1.700000000000001,9.547475,20.035962207374197
1.700000000000001,9.748485,20.079473212135888
1.700000000000001,9.949495,20.11672652030766
1.700000000000001,10.15051,20.150247299655224
1.700000000000001,10.35152,20.180565003969406
1.700000000000001,10.55253,20.209173980748375
1.700000000000001,10.75354,20.236194731162577
1.700000000000001,10.95455,20.264911009722464
1.700000000000001,11.15556,20.292784378689714
1.700000000000001,11.35657,20.321220582039814
1.700000000000001,11.55758,20.34998960333687
1.700000000000001,11.75859,20.37913126643415
1.700000000000001,11.9596,20.40884296898023
1.700000000000001,12.16061,20.439118865426828
1.700000000000001,12.36162,20.46949062215213
1.700000000000001,12.56263,20.500535823684057
1.700000000000001,12.76364,20.53159134488147
1.700000000000001,12.96465,20.562971610775683
1.700000000000001,13.16566,20.59467093487969
1.700000000000001,13.36667,20.62618512807825
1.700000000000001,13.56768,20.658117059439775
1.700000000000001,13.76869,20.689801988268574
1.700000000000001,13.9697,20.721558964581664
1.700000000000001,14.17071,20.753345685901305
1.700000000000001,14.37172,20.78481622745191
1.700000000000001,14.57273,20.816620223718054
1.700000000000001,14.77374,20.847573326506005
1.700000000000001,14.97475,20.87762002533077
1.700000000000001,15.17576,20.91061246588465
1.700000000000001,15.37677,20.94149130248983
1.700000000000001,15.57778,20.97245655940007
1.700000000000001,15.77879,21.00307973748263
1.700000000000001,15.9798,21.0336404892378
1.700000000000001,16.18081,21.063761835663964
1.700000000000001,16.38182,21.09382973841794
1.700000000000001,16.58283,21.1240994867876
1.700000000000001,16.78384,21.153658562040263
1.700000000000001,16.98485,21.183192303751223
1.700000000000001,17.18586,21.21217914346754
1.700000000000001,17.38687,21.241130029731465
1.700000000000001,17.58788,21.270152598660584
1.700000000000001,17.78889,21.298517653526414
1.700000000000001,17.9899,21.326865721870504
1.700000000000001,18.19091,21.354622708456375
1.700000000000001,18.39192,21.382352294877563
1.700000000000001,18.59293,21.410083263287255
1.700000000000001,18.79394,21.437192521735486
1.700000000000001,18.99495,21.46430378626157
1.700000000000001,19.19596,21.490811327583852
1.700000000000001,19.39697,21.517290576581686
1.700000000000001,19.59798,21.54370079992474
1.700000000000001,19.79899,21.565802973924168
1.700000000000001,20.0,21.58787622197807
1.4000000000000004,0.3010101,2.5085967381116396
1.4000000000000004,0.5020202,3.039967501292945
1.4000000000000004,0.7030303,2.320773604862857
1.4000000000000004,0.9040404,1.6675944750158544
1.4000000000000004,1.105051,1.1954568354250898
1.4000000000000004,1.306061,0.7356114491984495
1.4000000000000004,1.507071,1.3716745943972752
1.4000000000000004,1.708081,1.6400520722343697
1.4000000000000004,1.909091,1.5645652944136816
1.4000000000000004,2.110101,2.429121201364098
1.4000000000000004,2.311111,3.8614891714096515
1.4000000000000004,2.512121,4.845805713899186
1.4000000000000004,2.713131,4.684830603368493
1.4000000000000004,2.914141,4.282230817986667
1.4000000000000004,3.115152,3.7687744856906007
1.4000000000000004,3.316162,4.061901805413538
1.4000000000000004,3.517172,6.11744082189617
1.4000000000000004,3.718182,6.799284767680642
1.4000000000000004,3.919192,5.474239124116648
1.4000000000000004,4.120202,4.490663014325418
1.4000000000000004,4.321212,4.893098964641293
1.4000000000000004,4.522222,5.754047883646806
1.4000000000000004,4.723232,6.337314644904544
1.4000000000000004,4.924242,6.101127039714155
1.4000000000000004,5.125253,4.992145113633016
1.4000000000000004,5.326263,3.454734094895017
1.4000000000000004,5.527273,3.722614332212855
1.4000000000000004,5.728283,3.8066570704186486
1.4000000000000004,5.929293,3.0078905158590343
1.4000000000000004,6.130303,2.3339145542877615
1.4000000000000004,6.331313,1.4289623609108988
1.4000000000000004,6.532323,0.9371680727759616
1.4000000000000004,6.733333,5.121736061883464
1.4000000000000004,6.934343,10.827412707605196
1.4000000000000004,7.135354,15.889616726031159
1.4000000000000004,7.336364,17.966149064701767
1.4000000000000004,7.537374,18.678394250731646
1.4000000000000004,7.738384,19.03263181649193
1.4000000000000004,7.939394,19.268262731694193
1.4000000000000004,8.140404,19.450179614797438
1.4000000000000004,8.341414,19.59383472869616
1.4000000000000004,8.542424,19.70940738745887
1.4000000000000004,8.743434,19.80425871148828
1.4000000000000004,8.944444,19.880586123004516
1.4000000000000004,9.145455,19.94392623888197
1.4000000000000004,9.346465,19.99640078351929
1.4000000000000004,9.547475,20.039501312117192
1.4000000000000004,9.748485,20.076552318182078
1.4000000000000004,9.949495,20.108768838225597
1.4000000000000004,10.15051,20.13834266201297
1.4000000000000004,10.35152,20.166239288277815
1.4000000000000004,10.55253,20.193396245510527
1.4000000000000004,10.75354,20.21820047224532
1.4000000000000004,10.95455,20.246490582510543
1.4000000000000004,11.15556,20.274206342858086
1.4000000000000004,11.35657,20.302612592735414
1.4000000000000004,11.55758,20.33137639578105
1.4000000000000004,11.75859,20.360993041451582
1.4000000000000004,11.9596,20.391245610932824
1.4000000000000004,12.16061,20.421767978032037
1.4000000000000004,12.36162,20.453104824508106
1.4000000000000004,12.56263,20.484315970871457
1.4000000000000004,12.76364,20.51616952192259
1.4000000000000004,12.96465,20.548212495523618
1.4000000000000004,13.16566,20.58019752518614
1.4000000000000004,13.36667,20.612653048800674
1.4000000000000004,13.56768,20.644727960941577
1.4000000000000004,13.76869,20.67715846882208
1.4000000000000004,13.9697,20.70947549056428
1.4000000000000004,14.17071,20.74159593653928
1.4000000000000004,14.37172,20.77407194954157
1.4000000000000004,14.57273,20.80602141090976
1.4000000000000004,14.77374,20.83763041837033
1.4000000000000004,14.97475,20.867208632719457
1.4000000000000004,15.17576,20.8982822023267
1.4000000000000004,15.37677,20.931727799126826
1.4000000000000004,15.57778,20.963310603522636
1.4000000000000004,15.77879,20.994416158528402
1.4000000000000004,15.9798,21.025303966094413
1.4000000000000004,16.18081,21.055616757083083
1.4000000000000004,16.38182,21.086160321379307
1.4000000000000004,16.58283,21.11647535578809
1.4000000000000004,16.78384,21.146423650515842
1.4000000000000004,16.98485,21.176209764598763
1.4000000000000004,17.18586,21.205351136157518
1.4000000000000004,17.38687,21.234683177098702
1.4000000000000004,17.58788,21.26373292861838
1.4000000000000004,17.78889,21.29242108424186
1.4000000000000004,17.9899,21.32095445298475
1.4000000000000004,18.19091,21.348847825507008
1.4000000000000004,18.39192,21.376881756454008
1.4000000000000004,18.59293,21.404620986059665
1.4000000000000004,18.79394,21.431995671626435
1.4000000000000004,18.99495,21.459253941374346
1.4000000000000004,19.19596,21.48586902081984
1.4000000000000004,19.39697,21.512604528503793
1.4000000000000004,19.59798,21.53900365066427
1.4000000000000004,19.79899,21.565066293057757
1.4000000000000004,20.0,21.589144657455286
1.1000000000000005,0.3010101,1.8389466152843024
1.1000000000000005,0.5020202,2.3170532576052176
1.1000000000000005,0.7030303,1.3946311023639548
1.1000000000000005,0.9040404,0.8730566414591359
1.1000000000000005,1.105051,0.799355903205856
1.1000000000000005,1.306061,1.074358300295544
1.1000000000000005,1.507071,2.2222544170930227
1.1000000000000005,1.708081,2.843515455285779
1.1000000000000005,1.909091,2.6807440783345373
1.1000000000000005,2.110101,2.5301570467576138
1.1000000000000005,2.311111,3.0118481848344234
1.1000000000000005,2.512121,3.6139555647312602
1.1000000000000005,2.713131,3.087264176628395
1.1000000000000005,2.914141,2.1525516059386915
1.1000000000000005,3.115152,1.2075062177470939
1.1000000000000005,3.316162,1.2607708821686279
1.1000000000000005,3.517172,3.950105113441484
1.1000000000000005,3.718182,4.2491070699967315
1.1000000000000005,3.919192,1.887286783135144
1.1000000000000005,4.120202,0.8269358010734089
1.1000000000000005,4.321212,0.9706254996513846
1.1000000000000005,4.522222,2.0737039676991027
1.1000000000000005,4.723232,3.2943101540528166
1.1000000000000005,4.924242,3.3284518838114874
1.1000000000000005,5.125253,2.9023567838427446
1.1000000000000005,5.326263,3.0464560854939378
1.1000000000000005,5.527273,3.827976744562072
1.1000000000000005,5.728283,3.5452564024383864
1.1000000000000005,5.929293,2.9919988241805657
1.1000000000000005,6.130303,2.9594491087148316
1.1000000000000005,6.331313,2.3015794614122234
1.1000000000000005,6.532323,0.04898283317917105
1.1000000000000005,6.733333,4.254296756589188
1.1000000000000005,6.934343,10.32464234593509
1.1000000000000005,7.135354,16.138073863857276
1.1000000000000005,7.336364,18.254035880934175
1.1000000000000005,7.537374,18.856140527979747
1.1000000000000005,7.738384,19.15494151937796
1.1000000000000005,7.939394,19.361617510338384
1.1000000000000005,8.140404,19.523920741456408
1.1000000000000005,8.341414,19.650574776074613
1.1000000000000005,8.542424,19.752025754839305
1.1000000000000005,8.743434,19.83305907775718
1.1000000000000005,8.944444,19.89742805321259
1.1000000000000005,9.145455,19.951149950714797
1.1000000000000005,9.346465,19.99480690587622
1.1000000000000005,9.547475,20.031323628830293
1.1000000000000005,9.748485,20.06272973752917
1.1000000000000005,9.949495,20.090917610554172
1.1000000000000005,10.15051,20.117832423755416
1.1000000000000005,10.35152,20.143893604029444
1.1000000000000005,10.55253,20.16986678887713
1.1000000000000005,10.75354,20.195261316869985
1.1000000000000005,10.95455,20.222521931941888
1.1000000000000005,11.15556,20.25101137653266
1.1000000000000005,11.35657,20.2796400130908
1.1000000000000005,11.55758,20.30936536529328
1.1000000000000005,11.75859,20.339572991786078
1.1000000000000005,11.9596,20.370586410901982
1.1000000000000005,12.16061,20.402267482330455
1.1000000000000005,12.36162,20.433965286273686
1.1000000000000005,12.56263,20.466369592528576
1.1000000000000005,12.76364,20.498814037896768
1.1000000000000005,12.96465,20.531577189948703
1.1000000000000005,13.16566,20.5645736406576
1.1000000000000005,13.36667,20.597314215440246
1.1000000000000005,13.56768,20.630383976193947
1.1000000000000005,13.76869,20.663239768757347
1.1000000000000005,13.9697,20.696148804290782
1.1000000000000005,14.17071,20.729025743520797
1.1000000000000005,14.37172,20.761653314715673
1.1000000000000005,14.57273,20.794253899227474
1.1000000000000005,14.77374,20.826317175790336
1.1000000000000005,14.97475,20.85419470739326
1.1000000000000005,15.17576,20.886305604889344
1.1000000000000005,15.37677,20.92052565239411
1.1000000000000005,15.57778,20.953546396238163
1.1000000000000005,15.77879,20.98464654234344
1.1000000000000005,15.9798,21.016323766001396
1.1000000000000005,16.18081,21.047505998580203
1.1000000000000005,16.38182,21.07810493941448
1.1000000000000005,16.58283,21.108406418795212
1.1000000000000005,16.78384,21.138361375007115
1.1000000000000005,16.98485,21.16877432235796
1.1000000000000005,17.18586,21.198593248111997
1.1000000000000005,17.38687,21.22795251723861
1.1000000000000005,17.58788,21.257000008844418
1.1000000000000005,17.78889,21.285686028462468
1.1000000000000005,17.9899,21.314730916649857
1.1000000000000005,18.19091,21.34313653591944
1.1000000000000005,18.39192,21.371188753968976
1.1000000000000005,18.59293,21.398916502273927
1.1000000000000005,18.79394,21.426299776838228
1.1000000000000005,18.99495,21.453972420811503
1.1000000000000005,19.19596,21.4809925014115
1.1000000000000005,19.39697,21.50772692418446
1.1000000000000005,19.59798,21.534135047489574
1.1000000000000005,19.79899,21.560196734427116
1.1000000000000005,20.0,21.582685037346263
0.8000000000000007,0.3010101,1.2725662622010203
0.8000000000000007,0.5020202,1.7697467039192092
0.8000000000000007,0.7030303,0.726763142154467
0.8000000000000007,0.9040404,0.8299999582230974
0.8000000000000007,1.105051,1.133088456724637
0.8000000000000007,1.306061,1.6718598853628734
0.8000000000000007,1.507071,2.872811481170674
0.8000000000000007,1.708081,3.5581266151329984
0.8000000000000007,1.909091,3.4699457922747667
0.8000000000000007,2.110101,3.11761475253714
0.8000000000000007,2.311111,2.992667671637003
0.8000000000000007,2.512121,3.1207445029118053
0.8000000000000007,2.713131,2.8427879702131915
0.8000000000000007,2.914141,2.1663571824404326
0.8000000000000007,3.115152,1.9337680788002605
0.8000000000000007,3.316162,1.8721060242382774
0.8000000000000007,3.517172,1.8309050385279366
0.8000000000000007,3.718182,1.4080651028088154
0.8000000000000007,3.919192,1.804857137901338
0.8000000000000007,4.120202,3.2028375092061427
0.8000000000000007,4.321212,2.862386470614793
0.8000000000000007,4.522222,1.767067602165667
0.8000000000000007,4.723232,1.441928810982172
0.8000000000000007,4.924242,1.9937756048261424
0.8000000000000007,5.125253,2.669786957120094
0.8000000000000007,5.326263,3.462445850582344
0.8000000000000007,5.527273,3.7033224906940325
0.8000000000000007,5.728283,3.307272335843246
0.8000000000000007,5.929293,2.9714899858651824
0.8000000000000007,6.130303,3.217891287492368
0.8000000000000007,6.331313,2.878933317482065
0.8000000000000007,6.532323,0.9804182465557648
0.8000000000000007,6.733333,3.409693799423221
0.8000000000000007,6.934343,9.605235770361798
0.8000000000000007,7.135354,16.535677534405426
0.8000000000000007,7.336364,18.558544587933763
0.8000000000000007,7.537374,19.023443919997714
0.8000000000000007,7.738384,19.271262741657868
0.8000000000000007,7.939394,19.448340520008625
0.8000000000000007,8.140404,19.58645695528994
0.8000000000000007,8.341414,19.69339931924431
0.8000000000000007,8.542424,19.778189524052298
0.8000000000000007,8.743434,19.845956021801822
0.8000000000000007,8.944444,19.89914815126661
0.8000000000000007,9.145455,19.942708290280333
0.8000000000000007,9.346465,19.978479094636974
0.8000000000000007,9.547475,20.009172791773857
0.8000000000000007,9.748485,20.03680980553522
0.8000000000000007,9.949495,20.062595175084507
0.8000000000000007,10.15051,20.08787303412604
0.8000000000000007,10.35152,20.113270223747598
0.8000000000000007,10.55253,20.139244404114795
0.8000000000000007,10.75354,20.166218055211647
0.8000000000000007,10.95455,20.1940926137565
0.8000000000000007,11.15556,20.22307253528369
0.8000000000000007,11.35657,20.252838533222008
0.8000000000000007,11.55758,20.283618638118668
0.8000000000000007,11.75859,20.31509123343607
0.8000000000000007,11.9596,20.347276872626914
0.8000000000000007,12.16061,20.37993492695787
0.8000000000000007,12.36162,20.4129455389344
0.8000000000000007,12.56263,20.446245367185153
0.8000000000000007,12.76364,20.479762516550586
0.8000000000000007,12.96465,20.513435889674792
0.8000000000000007,13.16566,20.54716733343331
0.8000000000000007,13.36667,20.580925064238393
0.8000000000000007,13.56768,20.61465231633659
0.8000000000000007,13.76869,20.648313032273414
0.8000000000000007,13.9697,20.681866276810915
0.8000000000000007,14.17071,20.715284105990943
0.8000000000000007,14.37172,20.74854889556441
0.8000000000000007,14.57273,20.78163754389887
0.8000000000000007,14.77374,20.814487384684806
0.8000000000000007,14.97475,20.847077604332696
0.8000000000000007,15.17576,20.879380866079956
0.8000000000000007,15.37677,20.911657404473505
0.8000000000000007,15.57778,20.943724886488194
0.8000000000000007,15.77879,20.975458146745982
0.8000000000000007,15.9798,21.0072093136422
0.8000000000000007,16.18081,21.038377180432903
0.8000000000000007,16.38182,21.069493517351003
0.8000000000000007,16.58283,21.100332826512716
0.8000000000000007,16.78384,21.130787132231642
0.8000000000000007,16.98485,21.161236492342915
0.8000000000000007,17.18586,21.191052694128143
0.8000000000000007,17.38687,21.22081400240557
0.8000000000000007,17.58788,21.250273944354102
0.8000000000000007,17.78889,21.279343301930457
0.8000000000000007,17.9899,21.308406013375205
0.8000000000000007,18.19091,21.336819874593022
0.8000000000000007,18.39192,21.36518693271976
0.8000000000000007,18.59293,21.393239869443903
0.8000000000000007,18.79394,21.420918857044448
0.8000000000000007,18.99495,21.44861013763
0.8000000000000007,19.19596,21.47562905189206
0.8000000000000007,19.39697,21.50263002455085
0.8000000000000007,19.59798,21.527418682751268
0.8000000000000007,19.79899,21.5498847871415
0.8000000000000007,20.0,21.572362074043067
0.5000000000000009,0.3010101,1.3302899627391647
0.5000000000000009,0.5020202,2.0656549610014565
0.5000000000000009,0.7030303,1.0708149493654446
0.5000000000000009,0.9040404,1.7802817377943179
0.5000000000000009,1.105051,2.3741772778912615
0.5000000000000009,1.306061,2.6884077358121403
0.5000000000000009,1.507071,3.321342533789311
0.5000000000000009,1.708081,3.5220640610301284
0.5000000000000009,1.909091,3.234854895650575
0.5000000000000009,2.110101,2.7469464350397534
0.5000000000000009,2.311111,2.562105006337955
0.5000000000000009,2.512121,2.8592516055948756
0.5000000000000009,2.713131,3.048045910425927
0.5000000000000009,2.914141,2.9088020540392585
0.5000000000000009,3.115152,2.6985090959011444
0.5000000000000009,3.316162,1.9108547553337616
0.5000000000000009,3.517172,0.8449850336033711
0.5000000000000009,3.718182,0.6682403792500047
0.5000000000000009,3.919192,1.6333490324891293
0.5000000000000009,4.120202,2.2925892348497667
0.5000000000000009,4.321212,2.3609193133255975
0.5000000000000009,4.522222,2.3065507733249144
0.5000000000000009,4.723232,2.546538138477068
0.5000000000000009,4.924242,2.7625729575000566
0.5000000000000009,5.125253,3.7763245049436045
0.5000000000000009,5.326263,3.7724030654253586
0.5000000000000009,5.527273,3.356573330776791
0.5000000000000009,5.728283,2.878088756747347
0.5000000000000009,5.929293,2.642424348945417
0.5000000000000009,6.130303,2.964033274037328
0.5000000000000009,6.331313,3.076900640658447
0.5000000000000009,6.532323,2.0973793175721416
0.5000000000000009,6.733333,2.7452442711457956
0.5000000000000009,6.934343,8.358961127837672
0.5000000000000009,7.135354,17.268845167138974
0.5000000000000009,7.336364,18.854573688954737
0.5000000000000009,7.537374,19.166936131631626
0.5000000000000009,7.738384,19.366583368182816
0.5000000000000009,7.939394,19.512432946089458
0.5000000000000009,8.140404,19.624074237585553
0.5000000000000009,8.341414,19.71020983866504
0.5000000000000009,8.542424,19.778578039117086
0.5000000000000009,8.743434,19.83405084477733
0.5000000000000009,8.944444,19.877580700919477
0.5000000000000009,9.145455,19.913283095451167
0.5000000000000009,9.346465,19.943660170710412
0.5000000000000009,9.547475,19.97100229198782
0.5000000000000009,9.748485,19.99677650523035
0.5000000000000009,9.949495,20.021918395557844
0.5000000000000009,10.15051,20.047501341768296
0.5000000000000009,10.35152,20.073919149137712
0.5000000000000009,10.55253,20.10142576798167
0.5000000000000009,10.75354,20.129880620987997
0.5000000000000009,10.95455,20.159150696599994
0.5000000000000009,11.15556,20.190081328301677
0.5000000000000009,11.35657,20.221801191842623
0.5000000000000009,11.55758,20.25396127374321
0.5000000000000009,11.75859,20.287248328764907
0.5000000000000009,11.9596,20.321003217013843
0.5000000000000009,12.16061,20.354842695260388
0.5000000000000009,12.36162,20.38963464457164
0.5000000000000009,12.56263,20.423983675389394
0.5000000000000009,12.76364,20.45882904868906
0.5000000000000009,12.96465,20.493596698059765
0.5000000000000009,13.16566,20.528175819235578
0.5000000000000009,13.36667,20.563155534413994
0.5000000000000009,13.56768,20.597622465720022
0.5000000000000009,13.76869,20.63224140181905
0.5000000000000009,13.9697,20.66654121211281
0.5000000000000009,14.17071,20.700541733644577
0.5000000000000009,14.37172,20.734666264317717
0.5000000000000009,14.57273,20.76828375534611
0.5000000000000009,14.77374,20.801860888722253
0.5000000000000009,14.97475,20.830813392177927
0.5000000000000009,15.17576,20.865069720160427
0.5000000000000009,15.37677,20.90075945436887
0.5000000000000009,15.57778,20.93310735386709
0.5000000000000009,15.77879,20.965575055375872
0.5000000000000009,15.9798,20.997400854922198
0.5000000000000009,16.18081,21.028564911986933
0.5000000000000009,16.38182,21.06025996072607
0.5000000000000009,16.58283,21.091708422276188
0.5000000000000009,16.78384,21.122713311994158
0.5000000000000009,16.98485,21.15320952772271
0.5000000000000009,17.18586,21.18302334838032
0.5000000000000009,17.38687,21.213237608082267
0.5000000000000009,17.58788,21.243150867829456
0.5000000000000009,17.78889,21.272644324887988
0.5000000000000009,17.9899,21.30173512521263
0.5000000000000009,18.19091,21.330137443851857
0.5000000000000009,18.39192,21.358859924998907
0.5000000000000009,18.59293,21.38726858326508
0.5000000000000009,18.79394,21.415283746144137
0.5000000000000009,18.99495,21.44297382850174
0.5000000000000009,19.19596,21.46999171554642
0.5000000000000009,19.39697,21.49727965641919
0.5000000000000009,19.59798,21.52422178113792
0.5000000000000009,19.79899,21.550788020369968
0.5000000000000009,20.0,21.573284910032765
0.20000000000000107,0.3010101,1.4595140174903425
0.20000000000000107,0.5020202,2.3896331564723736
0.20000000000000107,0.7030303,2.692951564403387
0.20000000000000107,0.9040404,3.6665520036919097
0.20000000000000107,1.105051,3.958563604585791
0.20000000000000107,1.306061,2.4275720191026773
0.20000000000000107,6.733333,0.9960676351988302
0.20000000000000107,6.934343,4.694008673107221
0.20000000000000107,7.135354,19.2349795469682
0.20000000000000107,7.336364,19.123032072833208
0.20000000000000107,7.537374,19.276290907706525
0.20000000000000107,7.738384,19.42138309301653
0.20000000000000107,7.939394,19.532924409627867
0.20000000000000107,8.140404,19.621308168029834
0.20000000000000107,8.341414,19.690196478038274
0.20000000000000107,8.542424,19.74657869354034
0.20000000000000107,8.743434,19.79241548324698
0.20000000000000107,8.944444,19.829603258952385
0.20000000000000107,9.145455,19.86164896883435
0.20000000000000107,9.346465,19.89019757112312
0.20000000000000107,9.547475,19.9170851634545
0.20000000000000107,9.748485,19.94346444659102
0.20000000000000107,9.949495,19.97018482868584
0.20000000000000107,10.15051,19.99776628132547
0.20000000000000107,10.35152,20.02680705047595
0.20000000000000107,10.55253,20.056735931143614
0.20000000000000107,10.75354,20.087780349609172
0.20000000000000107,10.95455,20.118603889685208
0.20000000000000107,11.15556,20.151709418791555
0.20000000000000107,11.35657,20.186306220734675
0.20000000000000107,11.55758,20.221768195930423
0.20000000000000107,11.75859,20.256591366536714
0.20000000000000107,11.9596,20.29204319382474
0.20000000000000107,12.16061,20.328384518088885
0.20000000000000107,12.36162,20.363804272594873
0.20000000000000107,12.56263,20.40043649895572
0.20000000000000107,12.76364,20.436271901544682
0.20000000000000107,12.96465,20.472229965484846
0.20000000000000107,13.16566,20.5084536037203
0.20000000000000107,13.36667,20.543862731348778
0.20000000000000107,13.56768,20.579876243603994
0.20000000000000107,13.76869,20.615135694596805
0.20000000000000107,13.9697,20.650284130618992
0.20000000000000107,14.17071,20.685381077279406
0.20000000000000107,14.37172,20.719799394436926
0.20000000000000107,14.57273,20.754508265626217
0.20000000000000107,14.77374,20.788509842188986
0.20000000000000107,14.97475,20.820461566936586
0.20000000000000107,15.17576,20.85306992166887
0.20000000000000107,15.37677,20.887305452755978
0.20000000000000107,15.57778,20.92197877856224
0.20000000000000107,15.77879,20.9544417015608
0.20000000000000107,15.9798,20.98724005393558
0.20000000000000107,16.18081,21.019497186176537
0.20000000000000107,16.38182,21.051258127257846
0.20000000000000107,16.58283,21.082703455259313
0.20000000000000107,16.78384,21.113705416622135
0.20000000000000107,16.98485,21.14497074004524
0.20000000000000107,17.18586,21.17557438753621
0.20000000000000107,17.38687,21.20581620501888
0.20000000000000107,17.58788,21.235727482610574
0.20000000000000107,17.78889,21.265219070686264
0.20000000000000107,17.9899,21.294912851486814
0.20000000000000107,18.19091,21.32390880429303
0.20000000000000107,18.39192,21.35265977952159
0.20000000000000107,18.59293,21.38105714061275
0.20000000000000107,18.79394,21.40907107209898
0.20000000000000107,18.99495,21.437246500202175
0.20000000000000107,19.19596,21.464720318095942
0.20000000000000107,19.39697,21.492017304370584
0.20000000000000107,19.59798,21.518958553563902
0.20000000000000107,19.79899,21.545533954308603
0.20000000000000107,20.0,21.57029434937402
