X_rel,z,U_mag
8.3,6.7,11.527206736475193
8.3,6.834343,12.56419400697037
8.3,6.968687,13.61039184893362
8.3,7.10303,14.57250141052741
8.3,7.237374,15.509079822939563
8.3,7.371717,16.241421769503237
8.3,7.506061,16.941743298075096
8.3,7.640404,17.412313796613518
8.3,7.774747,17.850685938399323
8.3,7.909091,18.146520426567275
8.3,8.043434,18.40910895172976
8.3,8.177778,18.602110459659194
8.3,8.312121,18.768843277187848
8.3,8.446465,18.905036946133635
8.3,8.580808,19.021821399150298
8.3,8.715152,19.125726452009896
8.3,8.849495,19.215072361853988
8.3,8.983838,19.29931882652483
8.3,9.118182,19.37218628932488
8.3,9.252525,19.443334225450748
8.3,9.386869,19.505553187720672
8.3,9.521212,19.566712598274755
8.3,9.655556,19.622182853671266
8.3,9.789899,19.67609356411179
8.3,9.924242,19.72631487836984
8.3,10.05859,19.77405662922152
8.3,10.19293,19.818598821917934
8.3,10.32727,19.863141289988103
8.3,10.46162,19.907684031504317
8.3,10.59596,19.94832719667915
8.3,10.7303,19.98741066085128
8.3,10.86465,20.02648435660205
8.3,10.99899,20.06555828252106
8.3,11.13333,20.10082230009078
8.3,11.26768,20.13605650732942
8.3,11.40202,20.17129090415143
8.3,11.53636,20.205715328431868
8.3,11.67071,20.237929476024032
8.3,11.80505,20.270143763004732
8.3,11.93939,20.30235818871045
8.3,12.07374,20.333292288547153
8.3,12.20808,20.36317611110776
8.3,12.34242,20.393060027467786
8.3,12.47677,20.422944037169163
8.3,12.61111,20.45130737086685
8.3,12.74545,20.479370605414978
8.3,12.8798,20.50742389857816
8.3,13.01414,20.535327152851075
8.3,13.14848,20.5618696256898
8.3,13.28283,20.588422132323764
8.3,13.41717,20.614974672784676
8.3,13.55152,20.64102688579069
8.3,13.68586,20.66629854031679
8.3,13.8202,20.691560212150915
8.3,13.95455,20.716831901042124
8.3,14.08889,20.741363007871072
8.3,14.22323,20.7655238176086
8.3,14.35758,20.78968463516679
8.3,14.49192,20.813845460566352
8.3,14.62626,20.837095521798275
8.3,14.76061,20.860285537989217
8.3,14.89495,20.88348555835031
8.3,15.02929,20.906485426754443
8.3,15.16364,20.92882473941145
8.3,15.29798,20.951164056707515
8.3,15.43232,20.97349337871691
8.3,15.56667,20.99545240455106
8.3,15.70101,21.017011132014762
8.3,15.83535,21.038579866968693
8.3,15.9697,21.060138609483793
8.3,16.10404,21.0811669742971
8.3,16.23838,21.10202523824519
8.3,16.37273,21.122883513855093
8.3,16.50707,21.14371178006476
8.3,16.64141,21.163929682400937
8.3,16.77576,21.184147600907384
8.3,16.9101,21.20435553561119
8.3,17.04444,21.224373383978012
8.3,17.17879,21.243991044166112
8.3,17.31313,21.263608724746152
8.3,17.44747,21.283216425735294
8.3,17.58182,21.302494005072546
8.3,17.71616,21.32154151672883
8.3,17.85051,21.340599052344782
8.3,17.98485,21.35964661198765
8.3,18.11919,21.378234045529403
8.3,18.25354,21.396751486907235
8.3,18.38788,21.41526895519908
8.3,18.52222,21.433706430328137
8.3,18.65657,21.451723832825046
8.3,18.79091,21.46974126447641
8.3,18.92525,21.487758725208895
8.3,19.0596,21.505556184176747
8.3,19.19394,21.52309363441502
8.3,19.32828,21.54062111510642
8.3,19.46263,21.558158626008346
8.3,19.59697,21.575346134992834
8.3,19.73131,21.592403662597345
8.3,19.86566,21.609451221313563
8.3,20.0,21.626508811033435
8.600000000000001,6.7,11.542524889567686
8.600000000000001,6.834343,12.560249284173063
8.600000000000001,6.968687,13.593575183282395
8.600000000000001,7.10303,14.544904648731965
8.600000000000001,7.237374,15.468608744555297
8.600000000000001,7.371717,16.195944647494656
8.600000000000001,7.506061,16.89409526438239
8.600000000000001,7.640404,17.367994005180634
8.600000000000001,7.774747,17.81188578914534
8.600000000000001,7.909091,18.113043000665236
8.600000000000001,8.043434,18.379815514866507
8.600000000000001,8.177778,18.576313346055805
8.600000000000001,8.312121,18.74814348819101
8.600000000000001,8.446465,18.88663524968328
8.600000000000001,8.580808,19.005198147882062
8.600000000000001,8.715152,19.110711916889557
8.600000000000001,8.849495,19.201816746450724
8.600000000000001,8.983838,19.286972035176177
8.600000000000001,9.118182,19.360468242375347
8.600000000000001,9.252525,19.43243507499719
8.600000000000001,9.386869,19.495202819658278
8.600000000000001,9.521212,19.5567409514829
8.600000000000001,9.655556,19.61251985516178
8.600000000000001,9.789899,19.66691943307275
8.600000000000001,9.924242,19.710819381952728
8.600000000000001,10.05859,19.757819745930156
8.600000000000001,10.19293,19.80958071748141
8.600000000000001,10.32727,19.85493229524231
8.600000000000001,10.46162,19.89992423703259
8.600000000000001,10.59596,19.940686200436904
8.600000000000001,10.7303,19.979838425842214
8.600000000000001,10.86465,20.01922140222122
8.600000000000001,10.99899,20.0586146724258
8.600000000000001,11.13333,20.09415808889156
8.600000000000001,11.26768,20.129681747892967
8.600000000000001,11.40202,20.16498514009641
8.600000000000001,11.53636,20.1993984498909
8.600000000000001,11.67071,20.231611598270113
8.600000000000001,11.80505,20.26407546988344
8.600000000000001,11.93939,20.29660968435203
8.600000000000001,12.07374,20.327863724541725
8.600000000000001,12.20808,20.35806761543903
8.600000000000001,12.34242,20.388171370564425
8.600000000000001,12.47677,20.418054649582583
8.600000000000001,12.61111,20.446427386296744
8.600000000000001,12.74545,20.474590361419704
8.600000000000001,12.8798,20.502944020597635
8.600000000000001,13.01414,20.53114768802499
8.600000000000001,13.14848,20.557980725460812
8.600000000000001,13.28283,20.584823821799695
8.600000000000001,13.41717,20.61140611902957
8.600000000000001,13.55152,20.637458014782357
8.600000000000001,13.68586,20.66272943201517
8.600000000000001,13.8202,20.688241763111588
8.600000000000001,13.95455,20.713774233490067
8.600000000000001,14.08889,20.73856620361432
8.600000000000001,14.22323,20.762977921353766
8.600000000000001,14.35758,20.787279219067486
8.600000000000001,14.49192,20.811439943315573
8.600000000000001,14.62626,20.834689991564066
8.600000000000001,14.76061,20.857980451243666
8.600000000000001,14.89495,20.881401466712834
8.600000000000001,15.02929,20.904622342380122
8.600000000000001,15.16364,20.92716269178521
8.600000000000001,15.29798,20.949693045028624
8.600000000000001,15.43232,20.97203244577751
8.600000000000001,15.56667,20.993981565442315
8.600000000000001,15.70101,21.015550423462653
8.600000000000001,15.83535,21.03729019541224
8.600000000000001,15.9697,21.05901997018347
8.600000000000001,16.10404,21.080199358014386
8.600000000000001,16.23838,21.101208636279523
8.600000000000001,16.37273,21.1221374550007
8.600000000000001,16.50707,21.14295587150932
8.600000000000001,16.64141,21.163173956870033
8.600000000000001,16.77576,21.183462501867794
8.600000000000001,16.9101,21.203801398660612
8.600000000000001,17.04444,21.223940190795872
8.600000000000001,17.17879,21.243658766826464
8.600000000000001,17.31313,21.263367282064195
8.600000000000001,17.44747,21.2829851626146
8.600000000000001,17.58182,21.30225293253237
8.600000000000001,17.71616,21.321320719901077
8.600000000000001,17.85051,21.340459097727543
8.600000000000001,17.98485,21.3595974882319
8.600000000000001,18.11919,21.378255710106448
8.600000000000001,18.25354,21.396853924328113
8.600000000000001,18.38788,21.415401775210746
8.600000000000001,18.52222,21.433839431818843
8.600000000000001,18.65657,21.45184702285809
8.600000000000001,18.79091,21.4699049908882
8.600000000000001,18.92525,21.487983145002968
8.600000000000001,19.0596,21.50584126893823
8.600000000000001,19.19394,21.5234193518721
8.600000000000001,19.32828,21.540997359425422
8.600000000000001,19.46263,21.558525036024914
8.600000000000001,19.59697,21.575712712553752
8.600000000000001,19.73131,21.592200563180153
8.600000000000001,19.86566,21.606808945092933
8.600000000000001,20.0,21.621407342730507
8.9,0.1,1.4995082651311
8.9,0.3010101,5.521429210991347
8.9,0.5020202,5.657660037448981
8.9,0.7030303,5.462925802073946
8.9,0.9040404,5.099690310531047
8.9,1.105051,4.699473298429143
8.9,1.306061,4.329829385957796
8.9,1.507071,3.938901107635739
8.9,1.708081,3.5279970618345806
8.9,1.909091,3.12860151543853
8.9,2.110101,2.76504909123223
8.9,2.311111,2.460528627318383
8.9,2.512121,2.215570848714205
8.9,2.713131,2.036187977878332
8.9,2.914141,1.9144875636959802
8.9,3.115152,1.8421274160425258
8.9,3.316162,1.8184120637026002
8.9,3.517172,1.832893513668449
8.9,3.718182,1.8867526043004021
8.9,3.919192,1.9784314485520245
8.9,4.120202,2.1081472462667135
8.9,4.321212,2.286048716343887
8.9,4.522222,2.5126397773408895
8.9,4.723232,2.800970620275705
8.9,4.924242,3.1621774396470044
8.9,5.125253,3.6037217210756225
8.9,5.326263,4.142914508933685
8.9,5.527273,4.834693835484468
8.9,5.728283,5.626393588835311
8.9,5.929293,6.577792975871783
8.9,6.130303,7.679561906985169
8.9,6.331313,8.924823482519319
8.9,6.532323,10.30257490889939
8.9,6.733333,11.800086882050655
8.9,6.934343,13.32233017487247
8.9,7.135354,14.731732500544929
8.9,7.336364,15.967953187327987
8.9,7.537374,16.95978585445319
8.9,7.738384,17.67482993107341
8.9,7.939394,18.146862230670475
8.9,8.140404,18.497731912596567
8.9,8.341414,18.756661249843322
8.9,8.542424,18.958755528928155
8.9,8.743434,19.119183023526094
8.9,8.944444,19.249282789769545
8.9,9.145455,19.364204343444914
8.9,9.346465,19.46588752961985
8.9,9.547475,19.55817234125971
8.9,9.748485,19.642208566543086
8.9,9.949495,19.715646240824295
8.9,10.15051,19.78251512266224
8.9,10.35152,19.85130492565432
8.9,10.55253,19.92080607418952
8.9,10.75354,19.979837928034563
8.9,10.95455,20.038770330401114
8.9,11.15556,20.093223348481818
8.9,11.35657,20.14637691902559
8.9,11.55758,20.198541491414147
8.9,11.75859,20.247295850035922
8.9,11.9596,20.295970482309194
8.9,12.16061,20.341864925153995
8.9,12.36162,20.387049532695844
8.9,12.56263,20.431714931418526
8.9,12.76364,20.474219401012608
8.9,12.96465,20.516653902217524
8.9,13.16566,20.557207790040756
8.9,13.36667,20.59736164416348
8.9,13.56768,20.637176203915484
8.9,13.76869,20.6754394540129
8.9,13.9697,20.713652606190138
8.9,14.17071,20.75042494617589
8.9,14.37172,20.78694717295675
8.9,14.57273,20.82322009315243
8.9,14.77374,20.858301569109077
8.9,14.97475,20.893342906819832
8.9,15.17576,20.927223474130656
8.9,15.37677,20.960933937413984
8.9,15.57778,20.994425107073123
8.9,15.77879,21.026974916757002
8.9,15.9798,21.059504609466494
8.9,16.18081,21.091043699696638
8.9,16.38182,21.122482730399256
8.9,16.58283,21.15369246449608
8.9,16.78384,21.18414103203221
8.9,16.98485,21.21456952920711
8.9,17.18586,21.24414761948084
8.9,17.38687,21.273655696218054
8.9,17.58788,21.302924446561523
8.9,17.78889,21.3315722493786
8.9,17.9899,21.36021002949563
8.9,18.19091,21.388077571690367
8.9,18.39192,21.41589513403966
8.9,18.59293,21.44346331704393
8.9,18.79394,21.47051074870208
8.9,18.99495,21.49755819584164
8.9,19.19596,21.523885537531847
8.9,19.39697,21.550192919447877
8.9,19.59798,21.57622087281998
8.9,19.79899,21.59810859736617
8.9,20.0,21.619956354647375
9.200000000000001,0.1,3.1725035460385445
9.200000000000001,0.3010101,5.363335001697876
9.200000000000001,0.5020202,5.4290671242531054
9.200000000000001,0.7030303,5.149862307669283
9.200000000000001,0.9040404,4.575485986905871
9.200000000000001,1.105051,4.1279039938356465
9.200000000000001,1.306061,4.141059645668796
9.200000000000001,1.507071,3.9533995058903066
9.200000000000001,1.708081,3.576757092225261
9.200000000000001,1.909091,3.1761941498463604
9.200000000000001,2.110101,2.8047903960369207
9.200000000000001,2.311111,2.490083032085728
9.200000000000001,2.512121,2.2350078374303135
9.200000000000001,2.713131,2.047053175618725
9.200000000000001,2.914141,1.9181100361217787
9.200000000000001,3.115152,1.8406855201168748
9.200000000000001,3.316162,1.812777901539049
9.200000000000001,3.517172,1.8238808516920486
9.200000000000001,3.718182,1.8756044796222513
9.200000000000001,3.919192,1.9659671262547391
9.200000000000001,4.120202,2.0950888511273145
9.200000000000001,4.321212,2.2729609239523487
9.200000000000001,4.522222,2.5002341169863285
9.200000000000001,4.723232,2.7905265419146534
9.200000000000001,4.924242,3.1560561562197194
9.200000000000001,5.125253,3.604108166135056
9.200000000000001,5.326263,4.152214195456884
9.200000000000001,5.527273,4.848812966148112
9.200000000000001,5.728283,5.649671453647022
9.200000000000001,5.929293,6.611964858152321
9.200000000000001,6.130303,7.714432173337833
9.200000000000001,6.331313,8.957365424193155
9.200000000000001,6.532323,10.331424066947438
9.200000000000001,6.733333,11.810875843176866
9.200000000000001,6.934343,13.303990094148665
9.200000000000001,7.135354,14.708448219271144
9.200000000000001,7.336364,15.92530432003802
9.200000000000001,7.537374,16.914660130706412
9.200000000000001,7.738384,17.635367731598247
9.200000000000001,7.939394,18.117126692546172
9.200000000000001,8.140404,18.47002682215814
9.200000000000001,8.341414,18.73758837248809
9.200000000000001,8.542424,18.94167750812014
9.200000000000001,8.743434,19.10524043694231
9.200000000000001,8.944444,19.237566237042287
9.200000000000001,9.145455,19.352904354981916
9.200000000000001,9.346465,19.456144123844158
9.200000000000001,9.547475,19.5487558025949
9.200000000000001,9.748485,19.63350904859731
9.200000000000001,9.949495,19.707534064009494
9.200000000000001,10.15051,19.774860504560543
9.200000000000001,10.35152,19.844107864799152
9.200000000000001,10.55253,19.91360625307509
9.200000000000001,10.75354,19.9729760265816
9.200000000000001,10.95455,20.032226526734764
9.200000000000001,11.15556,20.086787643151848
9.200000000000001,11.35657,20.14030972163586
9.200000000000001,11.55758,20.19255240693518
9.200000000000001,11.75859,20.241625497290535
9.200000000000001,11.9596,20.290578943463412
9.200000000000001,12.16061,20.33659219550878
9.200000000000001,12.36162,20.382186178212798
9.200000000000001,12.56263,20.426930349565385
9.200000000000001,12.76364,20.46975438040366
9.200000000000001,12.96465,20.5124584331799
9.200000000000001,13.16566,20.553141779989026
9.200000000000001,13.36667,20.593675750303007
9.200000000000001,13.56768,20.633549630339402
9.200000000000001,13.76869,20.67212309241584
9.200000000000001,13.9697,20.710566345788237
9.200000000000001,14.17071,20.74746864857805
9.200000000000001,14.37172,20.78433152710519
9.200000000000001,14.57273,20.820654168456375
9.200000000000001,14.77374,20.856006307433375
9.200000000000001,14.97475,20.891238104378147
9.200000000000001,15.17576,20.925228967493265
9.200000000000001,15.37677,20.95922037831205
9.200000000000001,15.57778,20.99275152281614
9.200000000000001,15.77879,21.025522224781376
9.200000000000001,15.9798,21.058192541555186
9.200000000000001,16.18081,21.08982210217696
9.200000000000001,16.38182,21.121482170935646
9.200000000000001,16.58283,21.152712014207392
9.200000000000001,16.78384,21.183331533870206
9.200000000000001,16.98485,21.213880684128192
9.200000000000001,17.18586,21.243519305390038
9.200000000000001,17.38687,21.273188379486413
9.200000000000001,17.58788,21.302467294330636
9.200000000000001,17.78889,21.331246005162043
9.200000000000001,17.9899,21.35996439168872
9.200000000000001,18.19091,21.387872456451742
9.200000000000001,18.39192,21.415810909734407
9.200000000000001,18.59293,21.443389267640345
9.200000000000001,18.79394,21.470527515432003
9.200000000000001,18.99495,21.49762549159848
9.200000000000001,19.19596,21.523993312032964
9.200000000000001,19.39697,21.550381456532687
9.200000000000001,19.59798,21.576409571441378
9.200000000000001,19.79899,21.602047656093767
9.200000000000001,20.0,21.625805676460594
18.5,0.1,1.6243891374527568
18.5,0.3010101,2.2687529248476435
18.5,0.5020202,2.4153769322518257
18.5,0.7030303,2.2620182896703667
18.5,1.306061,2.7545016119744012
18.5,1.507071,3.6519409238227305
18.5,1.708081,3.7153555224837285
18.5,1.909091,3.753771455860479
18.5,2.110101,3.7975342458986674
18.5,2.311111,3.8565767973960328
18.5,2.512121,3.9327667828241415
18.5,2.713131,4.02854620875243
18.5,2.914141,4.142334071515731
18.5,3.115152,4.273831407647785
18.5,3.316162,4.425270404430178
18.5,3.517172,4.595150157655441
18.5,3.718182,4.786458025184848
18.5,3.919192,5.000409770400914
18.5,4.120202,5.2390798073631935
18.5,4.321212,5.51084020766304
18.5,4.522222,5.8167051110588766
18.5,4.723232,6.165277213814829
18.5,4.924242,6.5626389615326906
18.5,5.125253,7.011060153726927
18.5,5.326263,7.538328629565516
18.5,5.527273,8.111534880564323
18.5,5.728283,8.75102023146634
18.5,5.929293,9.463581491432487
18.5,6.130303,10.229651612005476
18.5,6.331313,11.050844521877766
18.5,6.532323,11.907692194611258
18.5,6.733333,12.797160786706746
18.5,6.934343,13.693411889929278
18.5,7.135354,14.5630162416881
18.5,7.336364,15.393816512824694
18.5,7.537374,16.155278600401203
18.5,7.738384,16.826596831718437
18.5,7.939394,17.376129300462516
18.5,8.140404,17.831364512244843
18.5,8.341414,18.202633751242033
18.5,8.542424,18.502783511737647
18.5,8.743434,18.742589449665985
18.5,8.944444,18.93032737205591
18.5,9.145455,19.089693597414335
18.5,9.346465,19.225833778569115
18.5,9.547475,19.34455329783805
18.5,9.748485,19.449059442673757
18.5,9.949495,19.530772436951573
18.5,10.15051,19.61155726211212
18.5,10.35152,19.698448553053538
18.5,10.55253,19.77294794109568
18.5,10.75354,19.838019094060265
18.5,10.95455,19.903313172673737
18.5,11.15556,19.962655930130165
18.5,11.35657,20.02013256809018
18.5,11.55758,20.07605295672471
18.5,11.75859,20.128199185605965
18.5,11.9596,20.180417224076333
18.5,12.16061,20.229540206167346
18.5,12.36162,20.27783527113182
18.5,12.56263,20.325202629254303
18.5,12.76364,20.370533320506063
18.5,12.96465,20.41589520182704
18.5,13.16566,20.459300127410607
18.5,13.36667,20.502276287754015
18.5,13.56768,20.544593962992213
18.5,13.76869,20.58561369487267
18.5,13.9697,20.626644229643933
18.5,14.17071,20.66623677000661
18.5,14.37172,20.70557011341757
18.5,14.57273,20.744354520077206
18.5,14.77374,20.782190280004112
18.5,14.97475,20.820036576881904
18.5,15.17576,20.8566942738246
18.5,15.37677,20.893162533632722
18.5,15.57778,20.929131569153075
18.5,15.77879,20.96432153508996
18.5,15.9798,20.999541845472386
18.5,16.18081,21.033693170528544
18.5,16.38182,21.06768490872826
18.5,16.58283,21.10121722043823
18.5,16.78384,21.134070182442084
18.5,16.98485,21.16696335080944
18.5,17.18586,21.198857264982756
18.5,17.38687,21.230631487309065
18.5,17.58788,21.261936131205264
18.5,17.78889,21.292671227258243
18.5,17.9899,21.323446435352214
18.5,18.19091,21.353282190872562
18.5,18.39192,21.383018174894403
18.5,18.59293,21.41230446308597
18.5,18.79394,21.441091060423776
18.5,18.99495,21.469917712575352
18.5,19.19596,21.497864767274
18.5,19.39697,21.52573198500144
18.5,19.59798,21.55316940792512
18.5,19.79899,21.580167028920208
18.5,20.0,21.60328502153811
18.8,0.1,1.571643854305315
18.8,0.3010101,1.9765588611434473
18.8,0.5020202,2.1458252776331537
18.8,0.7030303,2.213283848709644
18.8,1.306061,2.506270514740173
18.8,1.507071,3.7257722387303263
18.8,1.708081,3.7639149775094216
18.8,1.909091,3.80290619110693
18.8,2.110101,3.853564268953889
18.8,2.311111,3.920832551804662
18.8,2.512121,4.00457679251603
18.8,2.713131,4.10715498896285
18.8,2.914141,4.227698715281794
18.8,3.115152,4.3655404932740725
18.8,3.316162,4.5227910690792275
18.8,3.517172,4.697688071618811
18.8,3.718182,4.89340937720351
18.8,3.919192,5.111691262705643
18.8,4.120202,5.354387616172341
18.8,4.321212,5.629553158307299
18.8,4.522222,5.937955659065076
18.8,4.723232,6.288102344931358
18.8,4.924242,6.686004910457923
18.8,5.125253,7.13353434738757
18.8,5.326263,7.657186061177724
18.8,5.527273,8.226655994768905
18.8,5.728283,8.859794055749335
18.8,5.929293,9.562277925503322
18.8,6.130303,10.319242736120218
18.8,6.331313,11.124455554450805
18.8,6.532323,11.969546000637683
18.8,6.733333,12.844229274629749
18.8,6.934343,13.723539609809984
18.8,7.135354,14.581379416651712
18.8,7.336364,15.396978145645376
18.8,7.537374,16.150459243593165
18.8,7.738384,16.815696877084672
18.8,7.939394,17.36247737451282
18.8,8.140404,17.817399268901376
18.8,8.341414,18.18991447872143
18.8,8.542424,18.4914105736158
18.8,8.743434,18.733022895461023
18.8,8.944444,18.922417694823235
18.8,9.145455,19.082861523807072
18.8,9.346465,19.22032935570614
18.8,9.547475,19.339757158163216
18.8,9.748485,19.44494175728921
18.8,9.949495,19.53658216581467
18.8,10.15051,19.617856557291
18.8,10.35152,19.69569806058226
18.8,10.55253,19.770276616728747
18.8,10.75354,19.835627058477595
18.8,10.95455,19.90098040391241
18.8,11.15556,19.960332492916027
18.8,11.35657,20.017928572373282
18.8,11.55758,20.073988454461492
18.8,11.75859,20.126224247774857
18.8,11.9596,20.178461738030066
18.8,12.16061,20.227584192830196
18.8,12.36162,20.27591885493747
18.8,12.56263,20.323325845007435
18.8,12.76364,20.3686861925473
18.8,12.96465,20.414047625658796
18.8,13.16566,20.45746211458585
18.8,13.36667,20.500447933160455
18.8,13.56768,20.54278528588792
18.8,13.76869,20.5838147019998
18.8,13.9697,20.624844853557597
18.8,14.17071,20.664437026958474
18.8,14.37172,20.70378005303782
18.8,14.57273,20.74258414989054
18.8,14.77374,20.780439602604517
18.8,14.97475,20.818285570057082
18.8,15.17576,20.85494295777096
18.8,15.37677,20.89143091430787
18.8,15.57778,20.927429648512163
18.8,15.77879,20.96265931622601
18.8,15.9798,20.997879347345908
18.8,16.18081,21.03203041569637
18.8,16.38182,21.066061867740657
18.8,16.58283,21.09962389460722
18.8,16.78384,21.132526577563098
18.8,16.98485,21.16542951535854
18.8,17.18586,21.197323220871347
18.8,17.38687,21.229137182565196
18.8,17.58788,21.260501569036304
18.8,17.78889,21.291286416185248
18.8,17.9899,21.32206143953767
18.8,18.19091,21.351897029264062
18.8,18.39192,21.38169278621415
18.8,18.59293,21.41103885444178
18.8,18.79394,21.439865242569663
18.8,18.99495,21.46870175048884
18.8,19.19596,21.496648675991086
18.8,19.39697,21.52457570762129
18.8,19.59798,21.550143142489098
18.8,19.79899,21.573240967519297
18.8,20.0,21.5963388515103
19.1,0.1,1.722850399930255
19.1,0.3010101,2.2481138176949487
19.1,0.5020202,2.454808635651513
19.1,0.7030303,2.4931509788520887
19.1,0.9040404,1.9669604645937981
19.1,1.105051,0.6560144393336254
19.1,1.306061,3.4342089845401502
19.1,1.507071,3.696374082436066
19.1,1.708081,3.773665788284319
19.1,1.909091,3.8355609208492765
19.1,2.110101,3.9013971503104448
19.1,2.311111,3.980373124967013
19.1,2.512121,4.073271157617959
19.1,2.713131,4.183406653568586
19.1,2.914141,4.311135120699084
19.1,3.115152,4.4555551970807095
19.1,3.316162,4.6187286309616695
19.1,3.517172,4.798694677032919
19.1,3.718182,4.9988494379846795
19.1,3.919192,5.221428212571414
19.1,4.120202,5.468095152747566
19.1,4.321212,5.74660259037038
19.1,4.522222,6.057481167820747
19.1,4.723232,6.40915475278629
19.1,4.924242,6.8075365281497895
19.1,5.125253,7.254096277151649
19.1,5.326263,7.774058958773237
19.1,5.527273,8.339798369175739
19.1,5.728283,8.966704688224208
19.1,5.929293,9.659406892340561
19.1,6.130303,10.407473161926555
19.1,6.331313,11.19727651741553
19.1,6.532323,12.030860033949164
19.1,6.733333,12.891168537423418
19.1,6.934343,13.754088705404493
19.1,7.135354,14.60037446734331
19.1,7.336364,15.401122149055217
19.1,7.537374,16.14666285451661
19.1,7.738384,16.80574062379127
19.1,7.939394,17.349549977643182
19.1,8.140404,17.804029164212867
19.1,8.341414,18.177531129246155
19.1,8.542424,18.480283978256704
19.1,8.743434,18.72361309440343
19.1,8.944444,18.914615109484483
19.1,9.145455,19.076136765071315
19.1,9.346465,19.214912528111448
19.1,9.547475,19.3350388011936
19.1,9.748485,19.440912048371324
19.1,9.949495,19.52356289142136
19.1,10.15051,19.60366767699544
19.1,10.35152,19.688160449879213
19.1,10.55253,19.767732881150337
19.1,10.75354,19.833372793596556
19.1,10.95455,19.898795520890356
19.1,11.15556,19.9581370303404
19.1,11.35657,20.015852684749945
19.1,11.55758,20.07205220040786
19.1,11.75859,20.124377684088802
19.1,11.9596,20.1766347048572
19.1,12.16061,20.225746694266952
19.1,12.36162,20.274121050474303
19.1,12.56263,20.32157777268406
19.1,12.76364,20.366957869094417
19.1,12.96465,20.412328909051183
19.1,13.16566,20.455733008583987
19.1,13.36667,20.49873855894578
19.1,13.56768,20.541075665319394
19.1,13.76869,20.582114837543752
19.1,13.9697,20.62314464844007
19.1,14.17071,20.662746488644018
19.1,14.37172,20.70209925625984
19.1,14.57273,20.740903103267247
19.1,14.77374,20.778768304732075
19.1,14.97475,20.81662397450199
19.1,15.17576,20.85328107935197
19.1,15.37677,20.889788779025803
19.1,15.57778,20.925807258473462
19.1,15.77879,20.961056671308693
19.1,15.9798,20.9962764469069
19.1,16.18081,21.030427278414678
19.1,16.38182,21.06448848009263
19.1,16.58283,21.098090257015375
19.1,16.78384,21.1310326929838
19.1,16.98485,21.163935417509947
19.1,17.18586,21.19582892911006
19.1,17.38687,21.227692656066203
19.1,17.58788,21.259096809517878
19.1,17.78889,21.289921429398504
19.1,17.9899,21.32070628028309
19.1,18.19091,21.35054171499708
19.1,18.39192,21.380377260391587
19.1,18.59293,21.409773120101264
19.1,18.79394,21.438659306017623
19.1,18.99495,21.46749567878548
19.1,19.19596,21.4954424833025
19.1,19.39697,21.523419329207588
19.1,19.59798,21.55095638924997
19.1,19.79899,21.578053659078186
19.1,20.0,21.60117146872673
19.4,0.1,0.5383801631641538
19.4,0.3010101,2.0745436458053983
19.4,0.5020202,2.23148965566904
19.4,0.7030303,2.294564913566568
19.4,0.9040404,2.2492379006486365
19.4,1.105051,2.379154075067752
19.4,1.306061,3.3018631409954926
19.4,1.507071,3.6678063031118042
19.4,1.708081,3.7838630754801454
19.4,1.909091,3.8670759358459845
19.4,2.110101,3.9480565259838407
19.4,2.311111,4.038376820730254
19.4,2.512121,4.140948031297089
19.4,2.713131,4.259420556750441
19.4,2.914141,4.394040079968042
19.4,3.115152,4.544718815239752
19.4,3.316162,4.713378139340148
19.4,3.517172,4.89847254051773
19.4,3.718182,5.103421501798036
19.4,3.919192,5.330082131227309
19.4,4.120202,5.580459617564352
19.4,4.321212,5.862041240030388
19.4,4.522222,6.175412006915682
19.4,4.723232,6.528724377344608
19.4,4.924242,6.927463773382135
19.4,5.125253,7.372837568849611
19.4,5.326263,7.862540449211466
19.4,5.527273,8.450462527739706
19.4,5.728283,9.070855350227452
19.4,5.929293,9.757714946388926
19.4,6.130303,10.489933131756773
19.4,6.331313,11.274736903738518
19.4,6.532323,12.089783536769175
19.4,6.733333,12.936027813282166
19.4,6.934343,13.788812277696902
19.4,7.135354,14.614552334307247
19.4,7.336364,15.410238356294247
19.4,7.537374,16.142751145752932
19.4,7.738384,16.795969377518812
19.4,7.939394,17.33790734202195
19.4,8.140404,17.79115519290098
19.4,8.341414,18.164914518375813
19.4,8.542424,18.469654124524048
19.4,8.743434,18.714430502233924
19.4,8.944444,18.906590245341253
19.4,9.145455,19.069979483586938
19.4,9.346465,19.209193825035854
19.4,9.547475,19.330528473926538
19.4,9.748485,19.43696054870434
19.4,9.949495,19.526342740503164
19.4,10.15051,19.60507901429097
19.4,10.35152,19.686744849568406
19.4,10.55253,19.765148443810393
19.4,10.75354,19.830797745891363
19.4,10.95455,19.89651000116041
19.4,11.15556,19.956191284581408
19.4,11.35657,20.013936435889732
19.4,11.55758,20.070135427434384
19.4,11.75859,20.12246043333334
19.4,11.9596,20.174807197384343
19.4,12.16061,20.224029092388953
19.4,12.36162,20.27240304188145
19.4,12.56263,20.319859335899277
19.4,12.76364,20.365239035210855
19.4,12.96465,20.410629873664618
19.4,13.16566,20.454063865512797
19.4,13.36667,20.49706906667441
19.4,13.56768,20.539405810308217
19.4,13.76869,20.58044464224192
19.4,13.9697,20.62148425156603
19.4,14.17071,20.661085932709323
19.4,14.37172,20.700438392842248
19.4,14.57273,20.739251929949084
19.4,14.77374,20.77711683854525
19.4,14.97475,20.814982287869817
19.4,15.17576,20.851669180664278
19.4,15.37677,20.88817661138859
19.4,15.57778,20.92419482770297
19.4,15.77879,20.959443990862127
19.4,15.9798,20.9946935275398
19.4,16.18081,21.028894113145974
19.4,16.38182,21.062965085108267
19.4,16.58283,21.096556642235907
19.4,16.78384,21.129498869419496
19.4,16.98485,21.1624513477612
19.4,17.18586,21.194414604236353
19.4,17.38687,21.226268141009157
19.4,17.58788,21.257682114780003
19.4,17.78889,21.288506564006045
19.4,17.9899,21.31935117529483
19.4,18.19091,21.349266365578746
19.4,18.39192,21.379101758322413
19.4,18.59293,21.40849747450408
19.4,18.79394,21.437383524013647
19.4,18.99495,21.46628967169368
19.4,19.19596,21.494316250530687
19.4,19.39697,21.522282977708503
19.4,19.59798,21.549829925058404
19.4,19.79899,21.576917087120467
19.4,20.0,21.602064504904963
19.700000000000003,0.1,0.7951259748067581
19.700000000000003,0.3010101,2.1668703439799453
19.700000000000003,0.5020202,2.385015601225202
19.700000000000003,0.7030303,2.5188796597884293
19.700000000000003,0.9040404,2.6281597689238945
19.700000000000003,1.105051,2.905247820682659
19.700000000000003,1.306061,3.444733253758591
19.700000000000003,1.507071,3.6993079732885663
19.700000000000003,1.708081,3.818643494378338
19.700000000000003,1.909091,3.909886905290031
19.700000000000003,2.110101,3.9995273926846098
19.700000000000003,2.311111,4.098091504945052
19.700000000000003,2.512121,4.209290696522188
19.700000000000003,2.713131,4.335393839928496
19.700000000000003,2.914141,4.476939906642184
19.700000000000003,3.115152,4.633121657484634
19.700000000000003,3.316162,4.8070045253021085
19.700000000000003,3.517172,4.997265823394201
19.700000000000003,3.718182,5.206859807110728
19.700000000000003,3.919192,5.437706489808893
19.700000000000003,4.120202,5.691386580080045
19.700000000000003,4.321212,5.975870655706751
19.700000000000003,4.522222,6.291787631760409
19.700000000000003,4.723232,6.646814899379862
19.700000000000003,4.924242,7.046700606654094
19.700000000000003,5.125253,7.489376119694142
19.700000000000003,5.326263,7.974559147555361
19.700000000000003,5.527273,8.560875974568756
19.700000000000003,5.728283,9.17455301916982
19.700000000000003,5.929293,9.849522959866599
19.700000000000003,6.130303,10.578979786134807
19.700000000000003,6.331313,11.344266587884054
19.700000000000003,6.532323,12.151982162546757
19.700000000000003,6.733333,12.98272108246487
19.700000000000003,6.934343,13.816044770537959
19.700000000000003,7.135354,14.638033784624467
19.700000000000003,7.336364,15.41439009879974
19.700000000000003,7.537374,16.14161237681197
19.700000000000003,7.738384,16.787582557008776
19.700000000000003,7.939394,17.32557130565408
19.700000000000003,8.140404,17.77877682345258
19.700000000000003,8.341414,18.153364144121852
19.700000000000003,8.542424,18.458691546786707
19.700000000000003,8.743434,18.705315271631143
19.700000000000003,8.944444,18.89934260616164
19.700000000000003,9.145455,19.063160404062586
19.700000000000003,9.346465,19.204102865318855
19.700000000000003,9.547475,19.32581640981723
19.700000000000003,9.748485,19.433067361848057
19.700000000000003,9.949495,19.523058699871285
19.700000000000003,10.15051,19.608346603657875
19.700000000000003,10.35152,19.687235952134635
19.700000000000003,10.55253,19.762662490957105
19.700000000000003,10.75354,19.82852139086488
19.700000000000003,10.95455,19.894453231238757
19.700000000000003,11.15556,19.954174083687775
19.700000000000003,11.35657,20.012078987165427
19.700000000000003,11.55758,20.068307554662233
19.700000000000003,11.75859,20.120702319169002
19.700000000000003,11.9596,20.173108810216057
19.700000000000003,12.16061,20.222340370866306
19.700000000000003,12.36162,20.270764148474996
19.700000000000003,12.56263,20.318220091688282
19.700000000000003,12.76364,20.363619590767655
19.700000000000003,12.96465,20.40902019464308
19.700000000000003,13.16566,20.452453899909656
19.700000000000003,13.36667,20.495468931250723
19.700000000000003,13.56768,20.537815367182354
19.700000000000003,13.76869,20.578854001829022
19.700000000000003,13.9697,20.619893382332272
19.700000000000003,14.17071,20.659494804638474
19.700000000000003,14.37172,20.69885707635571
19.700000000000003,14.57273,20.737670338829027
19.700000000000003,14.77374,20.775535040117294
19.700000000000003,14.97475,20.813400261674307
19.700000000000003,15.17576,20.850086915914535
19.700000000000003,15.37677,20.886614139325857
19.700000000000003,15.57778,20.922632113057357
19.700000000000003,15.77879,20.95789106066946
19.700000000000003,15.9798,20.99316037521343
19.700000000000003,16.18081,21.02737074204418
19.700000000000003,16.38182,21.061461497693134
19.700000000000003,16.58283,21.095062846236484
19.700000000000003,16.78384,21.128024858303775
19.700000000000003,16.98485,21.160997129110047
19.700000000000003,17.18586,21.192980189060812
19.700000000000003,17.38687,21.224873513591472
19.700000000000003,17.58788,21.25628731398998
19.700000000000003,17.78889,21.28715155834789
19.700000000000003,17.9899,21.318015984192325
19.700000000000003,18.19091,21.34795100199723
19.700000000000003,18.39192,21.377836196753247
19.700000000000003,18.59293,21.40723177350291
19.700000000000003,18.79394,21.43615763424898
19.700000000000003,18.99495,21.465093621822824
19.700000000000003,19.19596,21.493130049287522
19.700000000000003,19.39697,21.521156592744724
19.700000000000003,19.59798,21.54869343122644
19.700000000000003,19.79899,21.571910849735314
19.700000000000003,20.0,21.595088338803478
20.0,0.1,0.788691908488706
20.0,0.3010101,2.2710132434329555
20.0,0.5020202,2.5357474578840704
20.0,0.7030303,2.7077104274856763
20.0,0.9040404,2.873528164944548
20.0,1.105051,3.170083680310814
20.0,1.306061,3.544726289155259
20.0,1.507071,3.746676329387122
20.0,1.708081,3.8639776048234693
20.0,1.909091,3.959559324095827
20.0,2.110101,4.05527604317437
20.0,2.311111,4.160938309495737
20.0,2.512121,4.279025571509334
20.0,2.713131,4.411957731756436
20.0,2.914141,4.559522303546374
20.0,3.115152,4.721341665041557
20.0,3.316162,4.90026753811329
20.0,3.517172,5.095256292887579
20.0,3.718182,5.3093079807088035
20.0,3.919192,5.543946663690269
20.0,4.120202,5.801060426704521
20.0,4.321212,6.088347443385921
20.0,4.522222,6.40647602481714
20.0,4.723232,6.762921014623698
20.0,4.924242,7.163416296495189
20.0,5.125253,7.60079765509882
20.0,5.326263,8.119545189307171
20.0,5.527273,8.66890769821348
20.0,5.728283,9.275754570237558
20.0,5.929293,9.945092699255657
20.0,6.130303,10.659289084403516
20.0,6.331313,11.419877595720317
20.0,6.532323,12.20990877721904
20.0,6.733333,13.027334940542977
20.0,6.934343,13.851073895909655
20.0,7.135354,14.653338276012876
20.0,7.336364,15.424873843641954
20.0,7.537374,16.13930923103526
20.0,7.738384,16.779340993942302
20.0,7.939394,17.315219541341
20.0,8.140404,17.766765086255248
20.0,8.341414,18.141460574213347
20.0,8.542424,18.448475737954105
20.0,8.743434,18.696427392102738
20.0,8.944444,18.891542950310175
20.0,9.145455,19.057178837925726
20.0,9.346465,19.198540186218878
20.0,9.547475,19.321442470534446
20.0,9.748485,19.42925252759447
20.0,9.949495,19.51317105705755
20.0,10.15051,19.605400225236718
20.0,10.35152,19.684429031463004
20.0,10.55253,19.76039523501632
20.0,10.75354,19.826543877131616
20.0,10.95455,19.892465220127345
20.0,11.15556,19.952185625814554
20.0,11.35657,20.01014017868696
20.0,11.55758,20.066608797324914
20.0,11.75859,20.119083420911828
20.0,11.9596,20.171489508555844
20.0,12.16061,20.220720699206375
20.0,12.36162,20.269154197966767
20.0,12.56263,20.316670217211925
20.0,12.76364,20.362089577410035
20.0,12.96465,20.407489836779032
20.0,13.16566,20.450923224484676
20.0,13.36667,20.493938011175555
20.0,13.56768,20.536284461296514
20.0,13.76869,20.577322934310043
20.0,13.9697,20.618362016602024
20.0,14.17071,20.657973161565184
20.0,14.37172,20.697325207287843
20.0,14.57273,20.736138402779797
20.0,14.77374,20.774012920000292
20.0,14.97475,20.811877882532325
20.0,15.17576,20.848564295509366
20.0,15.37677,20.88509130689406
20.0,15.57778,20.921129138076317
20.0,15.77879,20.95640789091611
20.0,15.9798,20.99166698313153
20.0,16.18081,21.02587714317523
20.0,16.38182,21.05997770134753
20.0,16.58283,21.093628852781507
20.0,16.78384,21.126610673746814
20.0,16.98485,21.15958275734686
20.0,17.18586,21.19155564402511
20.0,17.38687,21.22346878876029
20.0,17.58788,21.254952363544234
20.0,17.78889,21.285836432519208
20.0,17.9899,21.316710704285132
20.0,18.19091,21.346635580232935
20.0,18.39192,21.37654061581263
20.0,18.59293,21.406015960369878
20.0,18.79394,21.434971668734388
20.0,18.99495,21.46389753225863
20.0,19.19596,21.49194384591603
20.0,19.39697,21.519980253965866
20.0,19.59798,21.54761687160252
20.0,19.79899,21.572823958967973
20.0,20.0,21.596001368644252
20.3,0.1,0.7415058778035889
20.3,0.3010101,2.3818433122432325
20.3,0.5020202,2.668068372481351
20.3,0.7030303,2.8610974255254162
20.3,0.9040404,3.058397528618504
20.3,1.105051,3.3457828063338764
20.3,1.306061,3.6260702226724906
20.3,1.507071,3.7967305253723076
20.3,1.708081,3.9125978484479336
20.3,1.909091,4.012265878227005
20.3,2.110101,4.114016240125454
20.3,2.311111,4.226143276980072
20.3,2.512121,4.350404809826911
20.3,2.713131,4.488929261132851
20.3,2.914141,4.642153422441872
20.3,3.115152,4.809469799943654
20.3,3.316162,4.993443726280447
20.3,3.517172,5.192809003069742
20.3,3.718182,5.410702212028012
20.3,3.919192,5.649079793642326
20.3,4.120202,5.90965846276575
20.3,4.321212,6.199855005073757
20.3,4.522222,6.520198844627372
20.3,4.723232,6.878318102798985
20.3,4.924242,7.28021751148395
20.3,5.125253,7.73848508004433
20.3,5.326263,8.234823893252546
20.3,5.527273,8.775981320265345
20.3,5.728283,9.37679047299717
20.3,5.929293,10.036876641671954
20.3,6.130303,10.742939157943685
20.3,6.331313,11.48941239047289
20.3,6.532323,12.26913931746385
20.3,6.733333,13.07362340174604
20.3,6.934343,13.882494557063108
20.3,7.135354,14.67427676179258
20.3,7.336364,15.431903128035923
20.3,7.537374,16.138730051811574
20.3,7.738384,16.77244417918118
20.3,7.939394,17.3047741026037
20.3,8.140404,17.755329172813774
20.3,8.341414,18.130343635001225
20.3,8.542424,18.43822717901057
20.3,8.743434,18.687607006006203
20.3,8.944444,18.884180862437308
20.3,9.145455,19.050805412511377
20.3,9.346465,19.193415472499886
20.3,9.547475,19.3170068113875
20.3,9.748485,19.4254960547644
20.3,9.949495,19.519572168244235
20.3,10.15051,19.60264312714306
20.3,10.35152,19.682061488508044
20.3,10.55253,19.758027172989948
20.3,10.75354,19.824245427208766
20.3,10.95455,19.890466562274963
20.3,11.15556,19.950376833931834
20.3,11.35657,20.008441180453556
20.3,11.55758,20.064909393729934
20.3,11.75859,20.1174037326982
20.3,11.9596,20.16988972790661
20.3,12.16061,20.21917084261632
20.3,12.36162,20.26763417649427
20.3,12.56263,20.3151498536174
20.3,12.76364,20.360568972133894
20.3,12.96465,20.4059891418491
20.3,13.16566,20.449432437670488
20.3,13.36667,20.492447056035726
20.3,13.56768,20.534793209981235
20.3,13.76869,20.575831461538293
20.3,13.9697,20.616870427116165
20.3,14.17071,20.656471445538493
20.3,14.37172,20.695823310558346
20.3,14.57273,20.73464624679999
20.3,14.77374,20.772510555595495
20.3,14.97475,20.810385368628104
20.3,15.17576,20.847071622632463
20.3,15.37677,20.88359844482256
20.3,15.57778,20.919646050675578
20.3,15.77879,20.954924605579286
20.3,15.9798,20.990203523931118
20.3,16.18081,21.024423503381943
20.3,16.38182,21.05853387287763
20.3,16.58283,21.0921848318708
20.3,16.78384,21.12517646841513
20.3,16.98485,21.158178366742604
20.3,17.18586,21.190181066047273
20.3,17.38687,21.222114032905434
20.3,17.58788,21.253597446835517
20.3,17.78889,21.284501348559843
20.3,17.9899,21.31540543752152
20.3,18.19091,21.345370132927147
20.3,18.39192,21.37529500920578
20.3,18.59293,21.404770222195076
20.3,18.79394,21.43374578319039
20.3,18.99495,21.462711476794944
20.3,19.19596,21.490797630117825
20.3,19.39697,21.518853903360284
20.3,19.59798,21.54649041489876
20.3,19.79899,21.57366715947904
20.3,20.0,21.600853998510114
20.6,0.1,0.7342317688300364
20.6,0.3010101,2.498261031377168
20.6,0.5020202,2.781779102272898
20.6,0.7030303,2.9898573168001925
20.6,0.9040404,3.206530202067675
20.6,1.105051,3.4698019579246733
20.6,1.306061,3.694443448879995
20.6,1.507071,3.846905374897742
20.6,1.708081,3.9622960793414723
20.6,1.909091,4.066394137055037
20.6,2.110101,4.174220906310551
20.6,2.311111,4.292629026500269
20.6,2.512121,4.422711199481981
20.6,2.713131,4.566510546429745
20.6,2.914141,4.725014841845289
20.6,3.115152,4.897493377609932
20.6,3.316162,5.0862184766861995
20.6,3.517172,5.28973990883333
20.6,3.718182,5.51131745202021
20.6,3.919192,5.753284099435735
20.6,4.120202,6.017235466709152
20.6,4.321212,6.310359772505222
20.6,4.522222,6.633175715206305
20.6,4.723232,6.994402023506092
20.6,4.924242,7.3913706387597315
20.6,5.125253,7.848689787028319
20.6,5.326263,8.342102336712914
20.6,5.527273,8.880474734954332
20.6,5.728283,9.47579246220982
20.6,5.929293,10.12704381244973
20.6,6.130303,10.825168570261669
20.6,6.331313,11.558037644350811
20.6,6.532323,12.327680977224592
20.6,6.733333,13.119613828703072
20.6,6.934343,13.914088025288466
20.6,7.135354,14.695598533600284
20.6,7.336364,15.439676147090568
20.6,7.537374,16.138985043268242
20.6,7.738384,16.766352045643522
20.6,7.939394,17.295003957308023
20.6,8.140404,17.744469042938356
20.6,8.341414,18.119563145535576
20.6,8.542424,18.428255434054897
20.6,8.743434,18.678963812640717
20.6,8.944444,18.87693627837133
20.6,9.145455,19.04452969157256
20.6,9.346465,19.18837870886956
20.6,9.547475,19.31264926519455
20.6,9.748485,19.42181785931049
20.6,9.949495,19.50667536983613
20.6,10.15051,19.596367412986993
20.6,10.35152,19.679411635644033
20.6,10.55253,19.755767049559303
20.6,10.75354,19.822065010970466
20.6,10.95455,19.88857607889285
20.6,11.15556,19.94867633805151
20.6,11.35657,20.006850578298124
20.6,11.55758,20.063318447315726
20.6,11.75859,20.115832568133854
20.6,11.9596,20.168408566854836
20.6,12.16061,20.217729691354382
20.6,12.36162,20.26623292993451
20.6,12.56263,20.313748309918584
20.6,12.76364,20.359167237344266
20.6,12.96465,20.404607388551995
20.6,13.16566,20.44804065727903
20.6,13.36667,20.491055160633685
20.6,13.56768,20.53340105191171
20.6,13.76869,20.574439122316992
20.6,13.9697,20.615468027004447
20.6,14.17071,20.655068971084116
20.6,14.37172,20.694420697931374
20.6,14.57273,20.733233400591093
20.6,14.77374,20.7711075331299
20.6,14.97475,20.80897224261031
20.6,15.17576,20.845658380194607
20.6,15.37677,20.882185046669758
20.6,15.57778,20.918222447550363
20.6,15.77879,20.953510830986602
20.6,15.9798,20.98879961249377
20.6,16.18081,21.02303944576356
20.6,16.38182,21.057149653085048
20.6,16.58283,21.090800435108346
20.6,16.78384,21.123801908519955
20.6,16.98485,21.15681365128235
20.6,17.18586,21.18885619050191
20.6,17.38687,21.22079899990349
20.6,17.58788,21.25227226475053
20.6,17.78889,21.283196016278932
20.6,17.9899,21.314129945976322
20.6,18.19091,21.344134483761888
20.6,18.39192,21.374069216932973
20.6,18.59293,21.403554306953033
20.6,18.79394,21.432539735833444
20.6,18.99495,21.46154528204939
20.6,19.19596,21.48967129586977
20.6,19.39697,21.51774744760583
20.6,19.59798,21.545383858918814
20.6,19.79899,21.570620737305557
20.6,20.0,21.593867928822952
20.9,0.1,0.5952387686452741
20.9,0.3010101,2.625883339618852
20.9,0.5020202,2.8891574441949017
20.9,0.7030303,3.099005334212532
20.9,0.9040404,3.3256814511634425
20.9,1.105051,3.5626088638113362
20.9,1.306061,3.7537546526828813
20.9,1.507071,3.8963898800476344
20.9,1.708081,4.01248452524136
20.9,1.909091,4.1217880437552825
20.9,2.110101,4.23538271821119
20.9,2.311111,4.359747059605374
20.9,2.512121,4.49547658159118
20.9,2.713131,4.6449173817522915
20.9,2.914141,4.80834614750488
20.9,3.115152,4.985508512520408
20.9,3.316162,5.178467930587765
20.9,3.517172,5.386045327586383
20.9,3.718182,5.611535278058895
20.9,3.919192,5.856867853373324
20.9,4.120202,6.123909082609881
20.9,4.321212,6.419505320418238
20.9,4.522222,6.744089978690215
20.9,4.723232,7.084574151155023
20.9,4.924242,7.50387435779598
20.9,5.125253,7.959356739353038
20.9,5.326263,8.449945278191517
20.9,5.527273,8.98289592264636
20.9,5.728283,9.57220042305712
20.9,5.929293,10.21816657221831
20.9,6.130303,10.902119951102499
20.9,6.331313,11.630581366615178
20.9,6.532323,12.38395353632975
20.9,6.733333,13.163605980458554
20.9,6.934343,13.949186987883216
20.9,7.135354,14.712454625324783
20.9,7.336364,15.451942683653908
20.9,7.537374,16.138925927523747
20.9,7.738384,16.76033589440252
20.9,7.939394,17.28662908387283
20.9,8.140404,17.733766168837445
20.9,8.341414,18.108829445799863
20.9,8.542424,18.418721032482022
20.9,8.743434,18.670548278479057
20.9,8.944444,18.869519659875007
20.9,9.145455,19.03880197322862
20.9,9.346465,19.183060260659413
20.9,9.547475,19.308490102418933
20.9,9.748485,19.418208156014366
20.9,9.949495,19.509947300050836
20.9,10.15051,19.590411250718606
20.9,10.35152,19.672116748978848
20.9,10.55253,19.753706510207465
20.9,10.75354,19.820284438475074
20.9,10.95455,19.886795138847223
20.9,11.15556,19.946885068683805
20.9,11.35657,20.005109086083493
20.9,11.55758,20.061817265741848
20.9,11.75859,20.11441139618563
20.9,11.9596,20.166987083344345
20.9,12.16061,20.21630792429935
20.9,12.36162,20.26481097850186
20.9,12.56263,20.312386624428935
20.9,12.76364,20.35781552201212
20.9,12.96465,20.403255399896324
20.9,13.16566,20.446688416256368
20.9,13.36667,20.489702747587188
20.9,13.56768,20.5320488041996
20.9,13.76869,20.57307679658247
20.9,13.9697,20.614105457074256
20.9,14.17071,20.653706175039954
20.9,14.37172,20.69305773346304
20.9,14.57273,20.731850494568363
20.9,14.77374,20.76971450829679
20.9,14.97475,20.807579000913623
20.9,15.17576,20.844274936099655
20.9,15.37677,20.880791436574835
20.9,15.57778,20.9168388002511
20.9,15.77879,20.95212703892895
20.9,15.9798,20.987415630001866
20.9,16.18081,21.021655285540493
20.9,16.38182,21.055775330915168
20.9,16.58283,21.08944600267031
20.9,16.78384,21.12246732158827
20.9,16.98485,21.155478900430456
20.9,17.18586,21.18751128721643
20.9,17.38687,21.219463943479635
20.9,17.58788,21.2509970519489
20.9,17.78889,21.28193065410643
20.9,17.9899,21.312874445811648
20.9,18.19091,21.34286885595544
20.9,18.39192,21.372823449847886
20.9,18.59293,21.4023683642476
20.9,18.79394,21.431383660513102
20.9,18.99495,21.46038909302555
20.9,19.19596,21.48851500227821
20.9,19.39697,21.51661103424725
20.9,19.59798,21.5443172681203
20.9,19.79899,21.567604298612913
20.9,20.0,21.590841405062886
21.200000000000003,0.1,1.5747397112388002
21.200000000000003,0.3010101,2.5914498444753633
21.200000000000003,0.5020202,2.92327075011201
21.200000000000003,0.7030303,3.171160549020148
21.200000000000003,0.9040404,3.410533959954688
21.200000000000003,1.105051,3.6329222714645173
21.200000000000003,1.306061,3.808135944890239
21.200000000000003,1.507071,3.944595814715033
21.200000000000003,1.708081,4.063178428426811
21.200000000000003,1.909091,4.1781780225498055
21.200000000000003,2.110101,4.29744987572749
21.200000000000003,2.311111,4.4273169705172934
21.200000000000003,2.512121,4.568866264478525
21.200000000000003,2.713131,4.7237348865431095
21.200000000000003,2.914141,4.892127568145521
21.200000000000003,3.115152,5.073383019085347
21.200000000000003,3.316162,5.270289295243784
21.200000000000003,3.517172,5.481897964245579
21.200000000000003,3.718182,5.711170503111735
21.200000000000003,3.919192,5.960071933356089
21.200000000000003,4.120202,6.230036986871038
21.200000000000003,4.321212,6.528572915795515
21.200000000000003,4.522222,6.854782026882405
21.200000000000003,4.723232,7.194609738987209
21.200000000000003,4.924242,7.6259698177067925
21.200000000000003,5.125253,8.070873747197028
21.200000000000003,5.326263,8.554281946085531
21.200000000000003,5.527273,9.085089660444659
21.200000000000003,5.728283,9.668146412848163
21.200000000000003,5.929293,10.3033188373351
21.200000000000003,6.130303,10.984817504647262
21.200000000000003,6.331313,11.695998601683993
21.200000000000003,6.532323,12.442952436233309
21.200000000000003,6.733333,13.209063516551014
21.200000000000003,6.934343,13.977577388820205
21.200000000000003,7.135354,14.73748577689602
21.200000000000003,7.336364,15.459436248170318
21.200000000000003,7.537374,16.141500954588217
21.200000000000003,7.738384,16.75560520376285
21.200000000000003,7.939394,17.277192122844944
21.200000000000003,8.140404,17.724048810467004
21.200000000000003,8.341414,18.098823199872978
21.200000000000003,8.542424,18.408994116504324
21.200000000000003,8.743434,18.662230517708434
21.200000000000003,8.944444,18.86279094453736
21.200000000000003,9.145455,19.032472566976146
21.200000000000003,9.346465,19.178330098724295
21.200000000000003,9.547475,19.304129419545397
21.200000000000003,9.748485,19.414657052388733
21.200000000000003,9.949495,19.507005933013954
21.200000000000003,10.15051,19.587869761663892
21.200000000000003,10.35152,19.669975113072265
21.200000000000003,10.55253,19.751554510212838
21.200000000000003,10.75354,19.818362424341885
21.200000000000003,10.95455,19.88508307876949
21.200000000000003,11.15556,19.945222829513817
21.200000000000003,11.35657,20.003596945284574
21.200000000000003,11.55758,20.06034492243532
21.200000000000003,11.75859,20.112999081369797
21.200000000000003,11.9596,20.165624748868474
21.200000000000003,12.16061,20.214965437176915
21.200000000000003,12.36162,20.263508569126067
21.200000000000003,12.56263,20.311084024994557
21.200000000000003,12.76364,20.356532926681105
21.200000000000003,12.96465,20.401972756217656
21.200000000000003,13.16566,20.445405626601588
21.200000000000003,13.36667,20.488419981878362
21.200000000000003,13.56768,20.53075585191178
21.200000000000003,13.76869,20.571783809570253
21.200000000000003,13.9697,20.61280238635258
21.200000000000003,14.17071,20.65240295803383
21.200000000000003,14.37172,20.69173448401604
21.200000000000003,14.57273,20.73053706392362
21.200000000000003,14.77374,20.768391003457346
21.200000000000003,14.97475,20.806245382791747
21.200000000000003,15.17576,20.842941170658946
21.200000000000003,15.37677,20.8794575899967
21.200000000000003,15.57778,20.91549478210802
21.200000000000003,15.77879,20.950782913748817
21.200000000000003,15.9798,20.986071372612873
21.200000000000003,16.18081,21.020320881783174
21.200000000000003,16.38182,21.054450811285676
21.200000000000003,16.58283,21.088121326177834
21.200000000000003,16.78384,21.121152515890234
21.200000000000003,16.98485,21.154173955473706
21.200000000000003,17.18586,21.186216201496563
21.200000000000003,17.38687,21.2181887226172
21.200000000000003,17.58788,21.24972169338697
21.200000000000003,17.78889,21.280685156160583
21.200000000000003,17.9899,21.311628812473373
21.200000000000003,18.19091,21.34165309159408
21.200000000000003,18.39192,21.371637544734423
21.200000000000003,18.59293,21.40118234267731
21.200000000000003,18.79394,21.430227497947303
21.200000000000003,18.99495,21.459252805241892
21.200000000000003,19.19596,21.48738859580335
21.200000000000003,19.39697,21.515524490140887
21.200000000000003,19.59798,21.543230628478845
21.200000000000003,19.79899,21.57047700605667
21.200000000000003,20.0,21.595733764900636
21.5,0.1,1.7300634411459588
21.5,0.3010101,2.580579816524218
21.5,0.5020202,2.960685513309856
21.5,0.7030303,3.2364347851329502
21.5,0.9040404,3.481832505836429
21.5,1.105051,3.692914676078544
21.5,1.306061,3.8579185089870798
21.5,1.507071,3.9931559361968874
21.5,1.708081,4.115153299820114
21.5,1.909091,4.2354893403943805
21.5,2.110101,4.360476525653
21.5,2.311111,4.496022163753549
21.5,2.512121,4.642889528467651
21.5,2.713131,4.802953459966406
21.5,2.914141,4.975781254109356
21.5,3.115152,5.161298568902153
21.5,3.316162,5.362027651768109
21.5,3.517172,5.577328868445312
21.5,3.718182,5.810301839014097
21.5,3.919192,6.06314420327451
21.5,4.120202,6.334839723569225
21.5,4.321212,6.633622978887157
21.5,4.522222,6.9661661181441215
21.5,4.723232,7.332083042147052
21.5,4.924242,7.737194735117964
21.5,5.125253,8.176408972450746
21.5,5.326263,8.658924628355669
21.5,5.527273,9.18429772420296
21.5,5.728283,9.761524786450494
21.5,5.929293,10.391664530904317
21.5,6.130303,11.059552993462958
21.5,6.331313,11.766597370084334
21.5,6.532323,12.49807191467568
21.5,6.733333,13.25257377714292
21.5,6.934343,14.012675383019525
21.5,7.135354,14.755071928841526
21.5,7.336364,15.47267351460821
21.5,7.537374,16.142723146998428
21.5,7.738384,16.75089099804896
21.5,7.939394,17.269979973641114
21.5,8.140404,17.71420959877162
21.5,8.341414,18.088813789792525
21.5,8.542424,18.399924807399703
21.5,8.743434,18.654130636465347
21.5,8.944444,18.855620394477427
21.5,9.145455,19.026911342425052
21.5,9.346465,19.173168395969284
21.5,9.547475,19.300107296092378
21.5,9.748485,19.411164613435478
21.5,9.949495,19.497291273261993
21.5,10.15051,19.58167054604037
21.5,10.35152,19.67217630014019
21.5,10.55253,19.749481338268538
21.5,10.75354,19.816278995541932
21.5,10.95455,19.883309805685204
21.5,11.15556,19.943780010366886
21.5,11.35657,20.002193960484608
21.5,11.55758,20.058941687452542
21.5,11.75859,20.1115956186933
21.5,11.9596,20.164311466369256
21.5,12.16061,20.213722537698853
21.5,12.36162,20.262275505854475
21.5,12.56263,20.30985073394786
21.5,12.76364,20.35529942568881
21.5,12.96465,20.400749387388174
21.5,13.16566,20.44419251319027
21.5,13.36667,20.487196700685296
21.5,13.56768,20.529542362151105
21.5,13.76869,20.57056012412003
21.5,13.9697,20.611568769578966
21.5,14.17071,20.651139473292183
21.5,14.37172,20.690470831266193
21.5,14.57273,20.7292732205538
21.5,14.77374,20.767126979365962
21.5,14.97475,20.804971363176016
21.5,15.17576,20.841647176958325
21.5,15.37677,20.878163434181527
21.5,15.57778,20.914210454130597
21.5,15.77879,20.949498421881835
21.5,15.9798,20.98477682784598
21.5,16.18081,21.01902628228323
21.5,16.38182,21.053156061018885
21.5,16.58283,21.08683642377484
21.5,16.78384,21.119867468339372
21.5,16.98485,21.152898810870024
21.5,17.18586,21.184970948467555
21.5,17.38687,21.216943335263977
21.5,17.58788,21.24847617497611
21.5,17.78889,21.27943951256321
21.5,17.9899,21.310413043075535
21.5,18.19091,21.340477184209174
21.5,18.39192,21.37046152242225
21.5,18.59293,21.400006210212045
21.5,18.79394,21.429051260159486
21.5,18.99495,21.458116424895994
21.5,19.19596,21.486302059702698
21.5,19.39697,21.514437859440626
21.5,19.59798,21.54214390723187
21.5,19.79899,21.56940019763945
21.5,20.0,21.59271707124437
21.8,0.1,1.8356055859958993
21.8,0.3010101,2.6365402935254645
21.8,0.5020202,3.0311030498501963
21.8,0.7030303,3.31265574463961
21.8,0.9040404,3.5525630468009703
21.8,1.105051,3.750187998287656
21.8,1.306061,3.908882343269008
21.8,1.507071,4.0438935412854455
21.8,1.708081,4.168929303868374
21.8,1.909091,4.2940898966278604
21.8,2.110101,4.424828681912432
21.8,2.311111,4.565953812055419
21.8,2.512121,4.7177726136213645
21.8,2.713131,4.882269772458241
21.8,2.914141,5.059450698413668
21.8,3.115152,5.249208977089302
21.8,3.316162,5.45383738605767
21.8,3.517172,5.672597479474195
21.8,3.718182,5.908727974903969
21.8,3.919192,6.164396298774288
21.8,4.120202,6.434815891886783
21.8,4.321212,6.753629339952406
21.8,4.522222,7.08368704373669
21.8,4.723232,7.44322554203643
21.8,4.924242,7.842785211627293
21.8,5.125253,8.281117607530557
21.8,5.326263,8.76048483688631
21.8,5.527273,9.282521526336504
21.8,5.728283,9.854420531872119
21.8,5.929293,10.47640621983681
21.8,6.130303,11.13709908426357
21.8,6.331313,11.831722897624093
21.8,6.532323,12.554186771246629
21.8,6.733333,13.297419999406186
21.8,6.934343,14.044486944443378
21.8,7.135354,14.777583545350435
21.8,7.336364,15.482577866792345
21.8,7.537374,16.14553070619344
21.8,7.738384,16.74741273487867
21.8,7.939394,17.262475347220764
21.8,8.140404,17.705206599372197
21.8,8.341414,18.079352116414746
21.8,8.542424,18.39088319542895
21.8,8.743434,18.64613872430237
21.8,8.944444,18.84883800814538
21.8,9.145455,19.021008515978973
21.8,9.346465,19.16842517406274
21.8,9.547475,19.296013765931768
21.8,9.748485,19.407730860070764
21.8,9.949495,19.504235436393625
21.8,10.15051,19.589115359825453
21.8,10.35152,19.670132813191262
21.8,10.55253,19.747507700497312
21.8,10.75354,19.814605542150282
21.8,10.95455,19.881706195578833
21.8,11.15556,19.942176172842313
21.8,11.35657,20.000720226204145
21.8,11.55758,20.057598134135894
21.8,11.75859,20.110332245145027
21.8,11.9596,20.16306794554829
21.8,12.16061,20.2124788081191
21.8,12.36162,20.261061855421406
21.8,12.56263,20.308667215128853
21.8,12.76364,20.354116022167794
21.8,12.96465,20.399575830519947
21.8,13.16566,20.443008761697847
21.8,13.36667,20.48601298211088
21.8,13.56768,20.52834870729143
21.8,13.76869,20.56935651491898
21.8,13.9697,20.610355002112307
21.8,14.17071,20.649935524278014
21.8,14.37172,20.68924686780404
21.8,14.57273,20.728029256722596
21.8,14.77374,20.76587299941875
21.8,14.97475,20.803717225289372
21.8,15.17576,20.840392872798052
21.8,15.37677,20.87689907241663
21.8,15.57778,20.91293603911509
21.8,15.77879,20.94822394126972
21.8,15.9798,20.98350219632505
21.8,16.18081,21.017751500538232
21.8,16.38182,21.05188118848127
21.8,16.58283,21.08557145935652
21.8,16.78384,21.118602403965507
21.8,16.98485,21.151643608252623
21.8,17.18586,21.18371561379646
21.8,17.38687,21.215697888116818
21.8,17.58788,21.24725061281653
21.8,17.78889,21.27823383121332
21.8,17.9899,21.309217240267735
21.8,18.19091,21.33927126837843
21.8,18.39192,21.36927548310907
21.8,18.59293,21.398850045300843
21.8,18.79394,21.427924968181607
21.8,18.99495,21.456990030256254
21.8,19.19596,21.485175570560013
21.8,19.39697,21.513341238607413
21.8,19.59798,21.539137433153588
21.8,19.79899,21.562434143268497
21.8,20.0,21.58573092840969
22.1,0.1,1.8984442658522507
22.1,0.3010101,2.709504764884807
22.1,0.5020202,3.1105221902325453
22.1,0.7030303,3.392758696546446
22.1,0.9040404,3.6224574801000524
22.1,1.105051,3.8083161544749777
22.1,1.306061,3.962248061231794
22.1,1.507071,4.0972436812250015
22.1,1.708081,4.2250860608379535
22.1,1.909091,4.354665162062742
22.1,2.110101,4.490636838768694
22.1,2.311111,4.636913835902289
22.1,2.512121,4.793337958396916
22.1,2.713131,4.962040894544026
22.1,2.914141,5.14337494108798
22.1,3.115152,5.337205817606688
22.1,3.316162,5.545702995673591
22.1,3.517172,5.76816539737374
22.1,3.718182,6.008975872106608
22.1,3.919192,6.266095811782812
22.1,4.120202,6.554851370068287
22.1,4.321212,6.860819495540031
22.1,4.522222,7.186893886820235
22.1,4.723232,7.547162544605315
22.1,4.924242,7.946752588391768
22.1,5.125253,8.384061168277166
22.1,5.326263,8.86010997280329
22.1,5.527273,9.378878957140506
22.1,5.728283,9.945573717342363
22.1,5.929293,10.559619243534316
22.1,6.130303,11.21327713362514
22.1,6.331313,11.895931672275756
22.1,6.532323,12.60958540615719
22.1,6.733333,13.34187060325966
22.1,6.934343,14.07630336374035
22.1,7.135354,14.800280323900187
22.1,7.336364,15.493037697876458
22.1,7.537374,16.148984050890586
22.1,7.738384,16.744620555004378
22.1,7.939394,17.255587178314716
22.1,8.140404,17.696750395301592
22.1,8.341414,18.0702377082734
22.1,8.542424,18.38212912139866
22.1,8.743434,18.63833464415411
22.1,8.944444,18.84219369188793
22.1,9.145455,19.01521391508394
22.1,9.346465,19.16376036532398
22.1,9.547475,19.29198876958022
22.1,9.748485,19.404365766468345
22.1,9.949495,19.491422291580612
22.1,10.15051,19.57505369934435
22.1,10.35152,19.663043032644456
22.1,10.55253,19.74564243871413
22.1,10.75354,19.813030563048812
22.1,10.95455,19.8802011253792
22.1,11.15556,19.940670927319427
22.1,11.35657,19.999335157651952
22.1,11.55758,20.056353320258005
22.1,11.75859,20.109167678726973
22.1,11.9596,20.16192327786381
22.1,12.16061,20.211333969209896
22.1,12.36162,20.25993715003514
22.1,12.56263,20.30757269549461
22.1,12.76364,20.35303167042459
22.1,12.96465,20.398481358936536
22.1,13.16566,20.441924123612328
22.1,13.36667,20.48491842026052
22.1,13.56768,20.52724425316823
22.1,13.76869,20.56823214940861
22.1,13.9697,20.60924050447356
22.1,14.17071,20.648810867874793
22.1,14.37172,20.688112232781425
22.1,14.57273,20.72687465859575
22.1,14.77374,20.7646984216353
22.1,14.97475,20.802542510644155
22.1,15.17576,20.839218009260577
22.1,15.37677,20.875714182200092
22.1,15.57778,20.91174112765023
22.1,15.77879,20.94701899474173
22.1,15.9798,20.98229711572791
22.1,16.18081,21.01654628384396
22.1,16.38182,21.050675907609865
22.1,16.58283,21.084356113582665
22.1,16.78384,21.11739698381038
22.1,16.98485,21.150438062957672
22.1,17.18586,21.18250994762439
22.1,17.38687,21.214502131826183
22.1,17.58788,21.246064763866205
22.1,17.78889,21.277067884467144
22.1,17.9899,21.308051182062677
22.1,18.19091,21.338105105741313
22.1,18.39192,21.368129216482448
22.1,18.59293,21.397723672927633
22.1,18.79394,21.426818488313618
22.1,18.99495,21.45589345493853
22.1,19.19596,21.484078907208175
22.1,19.39697,21.512264471243565
22.1,19.59798,21.540030287274192
22.1,19.79899,21.56733635127469
22.1,20.0,21.5906630841746
22.4,0.1,1.9442373919528269
22.4,0.3010101,2.7760692207831945
22.4,0.5020202,3.186238998182311
22.4,0.7030303,3.4685006988472638
22.4,0.9040404,3.689507988599862
22.4,1.105051,3.866582242267277
22.4,1.306061,4.017329955395245
22.4,1.507071,4.152496597196051
22.4,1.708081,4.283385676479242
22.4,1.909091,4.417019942208239
22.4,2.110101,4.557675628370406
22.4,2.311111,4.708427111121271
22.4,2.512121,4.869352605402882
22.4,2.713131,5.042481859358331
22.4,2.914141,5.227639209336185
22.4,3.115152,5.425243828704857
22.4,3.316162,5.637190347758179
22.4,3.517172,5.862980429267963
22.4,3.718182,6.093434025006117
22.4,3.919192,6.367248865554587
22.4,4.120202,6.656774215516771
22.4,4.321212,6.96162330118049
22.4,4.522222,7.289155817568563
22.4,4.723232,7.650228958654628
22.4,4.924242,8.049518024147217
22.4,5.125253,8.484600845370531
22.4,5.326263,8.959630103885331
22.4,5.527273,9.473068131831328
22.4,5.728283,10.034287379445296
22.4,5.929293,10.643600555983411
22.4,6.130303,11.284671999547923
22.4,6.331313,11.96345087113292
22.4,6.532323,12.662888165419862
22.4,6.733333,13.384465777218724
22.4,6.934343,14.111077168871224
22.4,7.135354,14.818883372653202
22.4,7.336364,15.507502648634883
22.4,7.537374,16.152004707154227
22.4,7.738384,16.74178564114734
22.4,7.939394,17.250115255992718
22.4,8.140404,17.68817266502263
22.4,8.341414,18.06138050787405
22.4,8.542424,18.373763157560152
22.4,8.743434,18.630748830463357
22.4,8.944444,18.83543774333191
22.4,9.145455,19.009917920069494
22.4,9.346465,19.158834185956728
22.4,9.547475,19.28815257669105
22.4,9.748485,19.401069513712518
22.4,9.949495,19.49514800984051
22.4,10.15051,19.584324140686512
22.4,10.35152,19.66587163144364
22.4,10.55253,19.743726566934907
22.4,10.75354,19.81111453715107
22.4,10.95455,19.878595414529997
22.4,11.15556,19.93940585687045
22.4,11.35657,19.99810001228689
22.4,11.55758,20.05511800667503
22.4,11.75859,20.107932210662273
22.4,11.9596,20.1607681042597
22.4,12.16061,20.210259310435706
22.4,12.36162,20.258872395084122
22.4,12.56263,20.306507774464492
22.4,12.76364,20.35196659474651
22.4,12.96465,20.397426506495638
22.4,13.16566,20.440859631086813
22.4,13.36667,20.483853812975088
22.4,13.56768,20.526169485509694
22.4,13.76869,20.567167230605836
22.4,13.9697,20.60814572959757
22.4,14.17071,20.647686312998147
22.4,14.37172,20.686987551988693
22.4,14.57273,20.725759825125554
22.4,14.77374,20.763573443074545
22.4,14.97475,20.80139760293657
22.4,15.17576,20.838043203122382
22.4,15.37677,20.874539246964954
22.4,15.57778,20.91056605045225
22.4,15.77879,20.945843782207007
22.4,15.9798,20.98111190788672
22.4,16.18081,21.015351085428854
22.4,16.38182,21.04948058403325
22.4,16.58283,21.083160661323724
22.4,16.78384,21.11621140841873
22.4,16.98485,21.149252440016863
22.4,17.18586,21.181334268998107
22.4,17.38687,21.213326338104004
22.4,17.58788,21.244888856588545
22.4,17.78889,21.275891868361743
22.4,17.9899,21.306895081980095
22.4,18.19091,21.336978911584904
22.4,18.39192,21.367002921109304
22.4,18.59293,21.396607279729004
22.4,18.79394,21.425692001443533
22.4,18.99495,21.45479686488691
22.4,19.19596,21.483022212517874
22.4,19.39697,21.511207690606536
22.4,19.59798,21.53897342391424
22.4,19.79899,21.566289408140356
22.4,20.0,21.591625780764996
22.700000000000003,0.1,1.9804240744233597
22.700000000000003,0.3010101,2.8349048869522604
22.700000000000003,0.5020202,3.254584571946752
22.700000000000003,0.7030303,3.536815320925266
22.700000000000003,0.9040404,3.752254470432737
22.700000000000003,1.105051,3.9242256166037746
22.700000000000003,1.306061,4.07293954468816
22.700000000000003,1.507071,4.209066562861985
22.700000000000003,1.708081,4.343131548997621
22.700000000000003,1.909091,4.48093529667052
22.700000000000003,2.110101,4.6255257993983205
22.700000000000003,2.311111,4.780559455734338
22.700000000000003,2.512121,4.945904454718341
22.700000000000003,2.713131,5.12323795226129
22.700000000000003,2.914141,5.312316750000679
22.700000000000003,3.115152,5.513201175135015
22.700000000000003,3.316162,5.728672094624638
22.700000000000003,3.517172,5.958535825620281
22.700000000000003,3.718182,6.189883417213118
22.700000000000003,3.919192,6.473346367815888
22.700000000000003,4.120202,6.7577487835439145
22.700000000000003,4.321212,7.062114312649594
22.700000000000003,4.522222,7.390459172903765
22.700000000000003,4.723232,7.751945576811454
22.700000000000003,4.924242,8.150445057735013
22.700000000000003,5.125253,8.585087202281683
22.700000000000003,5.326263,9.055712574699626
22.700000000000003,5.527273,9.566943925160492
22.700000000000003,5.728283,10.122506786558443
22.700000000000003,5.929293,10.722144690625907
22.700000000000003,6.130303,11.36105273752849
22.700000000000003,6.331313,12.02462768528293
22.700000000000003,6.532323,12.718459045796742
22.700000000000003,6.733333,13.428208431697058
22.700000000000003,6.934343,14.139844995294615
22.700000000000003,7.135354,14.844663123218666
22.700000000000003,7.336364,15.517476158606716
22.700000000000003,7.537374,16.157460937198444
22.700000000000003,7.738384,16.74010748095312
22.700000000000003,7.939394,17.24333255153353
22.700000000000003,8.140404,17.68093091527676
22.700000000000003,8.341414,18.0529320086326
22.700000000000003,8.542424,18.365345129206354
22.700000000000003,8.743434,18.62329134158262
22.700000000000003,8.944444,18.82926043350342
22.700000000000003,9.145455,19.00410049394381
22.700000000000003,9.346465,19.154466860235196
22.700000000000003,9.547475,19.284135174667686
22.700000000000003,9.748485,19.397812208142565
22.700000000000003,9.949495,19.492500863989584
22.700000000000003,10.15051,19.581806984682466
22.700000000000003,10.35152,19.663894794458177
22.700000000000003,10.55253,19.74187970285727
22.700000000000003,10.75354,19.809487928796564
22.700000000000003,10.95455,19.877179018347203
22.700000000000003,11.15556,19.938029467096253
22.700000000000003,11.35657,19.996893959930222
22.700000000000003,11.55758,20.05394191341131
22.700000000000003,11.75859,20.106816335786586
22.700000000000003,11.9596,20.15972238832504
22.700000000000003,12.16061,20.209223581500158
22.700000000000003,12.36162,20.25786691994647
22.700000000000003,12.56263,20.30550222930264
22.700000000000003,12.76364,20.350971200931845
22.700000000000003,12.96465,20.39644120097288
22.700000000000003,13.16566,20.439854291267554
22.700000000000003,13.36667,20.482848637359577
22.700000000000003,13.56768,20.52516421565015
22.700000000000003,13.76869,20.566142048219856
22.700000000000003,13.9697,20.607110574969848
22.700000000000003,14.17071,20.64665110336829
22.700000000000003,14.37172,20.68592242747349
22.700000000000003,14.57273,20.724684593065447
22.700000000000003,14.77374,20.762488240330363
22.700000000000003,14.97475,20.80029237853761
22.700000000000003,15.17576,20.836937907548158
22.700000000000003,15.37677,20.87341397171332
22.700000000000003,15.57778,20.909440660652585
22.700000000000003,15.77879,20.94470837433711
22.700000000000003,15.9798,20.97996644336064
22.700000000000003,16.18081,21.014205537083914
22.700000000000003,16.38182,21.048325004881594
22.700000000000003,16.58283,21.082014969784648
22.700000000000003,16.78384,21.115055662372914
22.700000000000003,16.98485,21.148096615099952
22.700000000000003,17.18586,21.180178353709266
22.700000000000003,17.38687,21.21219035703255
22.700000000000003,17.58788,21.243742771273247
22.700000000000003,17.78889,21.274755705029794
22.700000000000003,17.9899,21.305768829897005
22.700000000000003,18.19091,21.335862568801936
22.700000000000003,18.39192,21.36590649443101
22.700000000000003,18.59293,21.395500760759436
22.700000000000003,18.79394,21.424615396489173
22.700000000000003,18.99495,21.45372017277466
22.700000000000003,19.19596,21.481955436672543
22.700000000000003,19.39697,21.510170830241453
22.700000000000003,19.59798,21.53793648425935
22.700000000000003,19.79899,21.5613229845451
22.700000000000003,20.0,21.58466956682594
23.0,0.1,2.01594015488841
23.0,0.3010101,2.8878218210568645
23.0,0.5020202,3.315712725507474
23.0,0.7030303,3.598772706460489
23.0,0.9040404,3.810446042964405
23.0,1.105051,3.9797257864830153
23.0,1.306061,4.128320928691574
23.0,1.507071,4.266271441243888
23.0,1.708081,4.403767644972508
23.0,1.909091,4.545360131927424
23.0,2.110101,4.694259547741841
23.0,2.311111,4.853358675673217
23.0,2.512121,5.022831916068995
23.0,2.713131,5.204235228144952
23.0,2.914141,5.396919086458474
23.0,3.115152,5.601363625997426
23.0,3.316162,5.819870926892305
23.0,3.517172,6.048515326972306
23.0,3.718182,6.303936340876208
23.0,3.919192,6.57210627929995
23.0,4.120202,6.856071077990836
23.0,4.321212,7.161065429741842
23.0,4.522222,7.490668280482973
23.0,4.723232,7.852394172640473
23.0,4.924242,8.25038759217001
23.0,5.125253,8.682585032951373
23.0,5.326263,9.152159674068024
23.0,5.527273,9.658115034440424
23.0,5.728283,10.208366257765492
23.0,5.929293,10.803473158251004
23.0,6.130303,11.430316879126993
23.0,6.331313,12.09025704864205
23.0,6.532323,12.770533593777563
23.0,6.733333,13.470136457312151
23.0,6.934343,14.174382149885236
23.0,7.135354,14.86369987864343
23.0,7.336364,15.532615088427868
23.0,7.537374,16.16147577153574
23.0,7.738384,16.738367092727696
23.0,7.939394,17.238875596076372
23.0,8.140404,17.67315869831662
23.0,8.341414,18.04478072610095
23.0,8.542424,18.35744561228592
23.0,8.743434,18.616032361213684
23.0,8.944444,18.822751615942845
23.0,9.145455,18.99897192626247
23.0,9.346465,19.1496882859403
23.0,9.547475,19.280416785470866
23.0,9.748485,19.394623914385576
23.0,9.949495,19.48292065120934
23.0,10.15051,19.56746234171398
23.0,10.35152,19.656612253549948
23.0,10.55253,19.740232212706275
23.0,10.75354,19.80814082784914
23.0,10.95455,19.875821808413725
23.0,11.15556,19.9366821588865
23.0,11.35657,19.99558669338653
23.0,11.55758,20.052875368165072
23.0,11.75859,20.105830089868224
23.0,11.9596,20.158726018146595
23.0,12.16061,20.20822709711869
23.0,12.36162,20.25688044876825
23.0,12.56263,20.304566332533867
23.0,12.76364,20.350035495672163
23.0,12.96465,20.395505364687978
23.0,13.16566,20.43892833322511
23.0,13.36667,20.481902665412193
23.0,13.56768,20.524198662544283
23.0,13.76869,20.565156594353876
23.0,13.9697,20.606134989551542
23.0,14.17071,20.64566539579041
23.0,14.37172,20.68493668289302
23.0,14.57273,20.723659124923525
23.0,14.77374,20.761442799934315
23.0,14.97475,20.799246810694985
23.0,15.17576,20.83589221986791
23.0,15.37677,20.87235822809181
23.0,15.57778,20.908345071290555
23.0,15.77879,20.943602760295533
23.0,15.9798,20.97886070930138
23.0,16.18081,21.013099690520143
23.0,16.38182,21.04721908802864
23.0,16.58283,21.080889106215494
23.0,16.78384,21.113929740379838
23.0,16.98485,21.146970583459495
23.0,17.18586,21.179062219262555
23.0,17.38687,21.211064143787898
23.0,17.58788,21.242636536405982
23.0,17.78889,21.273659393831238
23.0,17.9899,21.304662421411884
23.0,18.19091,21.334756069420663
23.0,18.39192,21.364809912752815
23.0,18.59293,21.394434109427156
23.0,18.79394,21.423558662257243
23.0,18.99495,21.452673354360904
23.0,19.19596,21.48090854009341
23.0,19.39697,21.50912385175828
23.0,19.59798,21.5369394087096
23.0,19.79899,21.56231552769431
23.0,20.0,21.5856620558065
23.3,0.1,2.0527581539788975
23.3,0.3010101,2.9364383450508598
23.3,0.5020202,3.3711849183557994
23.3,0.7030303,3.6551348296137385
23.3,0.9040404,3.8649717612365277
23.3,1.105051,4.033551977043121
23.3,1.306061,4.183340656513662
23.3,1.507071,4.323727502385547
23.3,1.708081,4.4645337712207755
23.3,1.909091,4.6101573099322115
23.3,2.110101,4.763393212000801
23.3,2.311111,4.926751893776567
23.3,2.512121,5.100067950088074
23.3,2.713131,5.285103851358671
23.3,2.914141,5.481764497514869
23.3,3.115152,5.68847497727372
23.3,3.316162,5.907016509113335
23.3,3.517172,6.148442077297408
23.3,3.718182,6.400402888511357
23.3,3.919192,6.667399901808591
23.3,4.120202,6.952783208458133
23.3,4.321212,7.259408494523142
23.3,4.522222,7.589625818314856
23.3,4.723232,7.951460477860936
23.3,4.924242,8.348664694361785
23.3,5.125253,8.779462423196113
23.3,5.326263,9.245609866072583
23.3,5.527273,9.748399128362486
23.3,5.728283,10.293742557908082
23.3,5.929293,10.881521142353721
23.3,6.130303,11.501972925045427
23.3,6.331313,12.150997214437433
23.3,6.532323,12.823385973787818
23.3,6.733333,13.513122740496698
23.3,6.934343,14.205925450002438
23.3,7.135354,14.88700414754256
23.3,7.336364,15.544572787818336
23.3,7.537374,16.166897486836007
23.3,7.738384,16.737723972506256
23.3,7.939394,17.233977374430584
23.3,8.140404,17.6664033998579
23.3,8.341414,18.036948279173256
23.3,8.542424,18.349644384928897
23.3,8.743434,18.60890192825144
23.3,8.944444,18.816591594727957
23.3,9.145455,18.993552112293436
23.3,9.346465,19.145308710782405
23.3,9.547475,19.27663734653583
23.3,9.748485,19.39148465846789
23.3,9.949495,19.490369701957103
23.3,10.15051,19.57705030329289
23.3,10.35152,19.65966843847435
23.3,10.55253,19.73846400597732
23.3,10.75354,19.8064426894019
23.3,10.95455,19.87443408373949
23.3,11.15556,19.935474844344654
23.3,11.35657,19.99449962911133
23.3,11.55758,20.05178820361246
23.3,11.75859,20.104762965495677
23.3,11.9596,20.157749234420145
23.3,12.16061,20.207290630563136
23.3,12.36162,20.255974150290314
23.3,12.56263,20.30364992060251
23.3,12.76364,20.34912909242756
23.3,12.96465,20.39459920539008
23.3,13.16566,20.438012390848026
23.3,13.36667,20.480986816095886
23.3,13.56768,20.523282694191348
23.3,13.76869,20.56423060815751
23.3,13.9697,20.60518915765448
23.3,14.17071,20.64468969332603
23.3,14.37172,20.68395101175189
23.3,14.57273,20.722663335044953
23.3,14.77374,20.76044697067219
23.3,14.97475,20.79822106012214
23.3,15.17576,20.83484652585287
23.3,15.37677,20.871302518154486
23.3,15.57778,20.907289246652457
23.3,15.77879,20.942536877799835
23.3,15.9798,20.977784844303475
23.3,16.18081,21.012013824391037
23.3,16.38182,21.046123173121178
23.3,16.58283,21.07979308417232
23.3,16.78384,21.112833647620707
23.3,16.98485,21.145874462062945
23.3,17.18586,21.177956055343852
23.3,17.38687,21.20996791073005
23.3,17.58788,21.2415402063739
23.3,17.78889,21.272562985986244
23.3,17.9899,21.303575953941042
23.3,18.19091,21.333679532721714
23.3,18.39192,21.36373329772793
23.3,18.59293,21.39336740906184
23.3,18.79394,21.422491881208483
23.3,18.99495,21.451626494072514
23.3,19.19596,21.479881595113618
23.3,19.39697,21.50811682663867
23.3,19.59798,21.535922310524228
23.3,19.79899,21.56327804290985
23.3,20.0,21.590643881693776
23.6,0.1,2.0908867048339594
23.6,0.3010101,2.9834255238340526
23.6,0.5020202,3.4221896220529
23.6,0.7030303,3.70682807516546
23.6,0.9040404,3.916361813699031
23.6,1.105051,4.085783076416296
23.6,1.306061,4.237799438123235
23.6,1.507071,4.3811160755519065
23.6,1.708081,4.525459776512076
23.6,1.909091,4.675226621850433
23.6,2.110101,4.83272948812116
23.6,2.311111,5.000243707438593
23.6,2.512121,5.177426255227649
23.6,2.713131,5.366407177861775
23.6,2.914141,5.564617548160485
23.6,3.115152,5.774807532228267
23.6,3.316162,6.006514923535949
23.6,3.517172,6.243442093311163
23.6,3.718182,6.49324624985526
23.6,3.919192,6.761853898872197
23.6,4.120202,7.048510792449598
23.6,4.321212,7.356429572496391
23.6,4.522222,7.687183447467811
23.6,4.723232,8.049024705886291
23.6,4.924242,8.445308204681256
23.6,5.125253,8.874668458890671
23.6,5.326263,9.33736838321573
23.6,5.527273,9.837007996946497
23.6,5.728283,10.377532339802263
23.6,5.929293,10.958143632107802
23.6,6.130303,11.572343989629971
23.6,6.331313,12.210833427432318
23.6,6.532323,12.875494802871495
23.6,6.733333,13.555645946026935
23.6,6.934343,14.237356096211215
23.6,7.135354,14.910365897025759
23.6,7.336364,15.556927966356898
23.6,7.537374,16.172806755852932
23.6,7.738384,16.737628477716267
23.6,7.939394,17.22959691517638
23.6,8.140404,17.660126036139296
23.6,8.341414,18.02944401027885
23.6,8.542424,18.34213150105542
23.6,8.743434,18.601970020343806
23.6,8.944444,18.810560248772365
23.6,9.145455,18.988251069743015
23.6,9.346465,19.140998024220654
23.6,9.547475,19.27292687761423
23.6,9.748485,19.388394455218005
23.6,9.949495,19.47760163909888
23.6,10.15051,19.56298399575369
23.6,10.35152,19.65272434919672
23.6,10.55253,19.736774585595484
23.6,10.75354,19.80483338141565
23.6,10.95455,19.873125242311872
23.6,11.15556,19.93436645862807
23.6,11.35657,19.993501536724395
23.6,11.55758,20.05079004494787
23.6,11.75859,20.103794882003793
23.6,11.9596,20.156851532365994
23.6,12.16061,20.20644328087005
23.6,12.36162,20.255147003715027
23.6,12.56263,20.30282268644959
23.6,12.76364,20.34830189494808
23.6,12.96465,20.39377228431809
23.6,13.16566,20.437175718433938
23.6,13.36667,20.480140263838344
23.6,13.56768,20.522436043387994
23.6,13.76869,20.563383962493827
23.6,13.9697,20.60431269536298
23.6,14.17071,20.643803387882773
23.6,14.37172,20.683034761915756
23.6,14.57273,20.72175698257639
23.6,14.77374,20.75952059726996
23.6,14.97475,20.79727479175514
23.6,15.17576,20.833870338586177
23.6,15.37677,20.87031633587794
23.6,15.57778,20.906302963022245
23.6,15.77879,20.941540553040834
23.6,15.9798,20.976768560065292
23.6,16.18081,21.0109775612045
23.6,16.38182,21.045086878458534
23.6,16.58283,21.078756693193267
23.6,16.78384,21.11178720055682
23.6,16.98485,21.144818006441522
23.6,17.18586,21.176899575968296
23.6,17.38687,21.208911376660584
23.6,17.58788,21.240483584032372
23.6,17.78889,21.27150629791078
23.6,17.9899,21.302519222779065
23.6,18.19091,21.332632747162265
23.6,18.39192,21.362696444930798
23.6,18.59293,21.39233047799443
23.6,18.79394,21.421464879291175
23.6,18.99495,21.450609426225892
23.6,19.19596,21.47887444900933
23.6,19.39697,21.507119606611564
23.6,19.59798,21.534925023087958
23.6,19.79899,21.56032099263035
23.6,20.0,21.583707359069923
23.9,0.1,2.1322300806868952
23.9,0.3010101,3.029632384645686
23.9,0.5020202,3.47006973194296
23.9,0.7030303,3.755247221884904
23.9,0.9040404,3.965484762831657
23.9,1.105051,4.136711491763332
23.9,1.306061,4.291412862030241
23.9,1.507071,4.438291454213417
23.9,1.708081,4.586735099085424
23.9,1.909091,4.740568565140132
23.9,2.110101,4.902208651907438
23.9,2.311111,5.073327235926654
23.9,2.512121,5.2549349725748815
23.9,2.713131,5.436793635263208
23.9,2.914141,5.6549998290958845
23.9,3.115152,5.871053931595977
23.9,3.316162,6.0969139119390485
23.9,3.517172,6.333007483585374
23.9,3.718182,6.5851933628629995
23.9,3.919192,6.854805121738272
23.9,4.120202,7.143643537052612
23.9,4.321212,7.452003605427903
23.9,4.522222,7.78347137360278
23.9,4.723232,8.14522198311791
23.9,4.924242,8.54086256327399
23.9,5.125253,8.967498677851397
23.9,5.326263,9.429125625878642
23.9,5.527273,9.923611630363636
23.9,5.728283,10.459054468051516
23.9,5.929293,11.03542619158083
23.9,6.130303,11.638435614691039
23.9,6.331313,12.273491118410622
23.9,6.532323,12.925679873242796
23.9,6.733333,13.596435744210266
23.9,6.934343,14.271285673774843
23.9,7.135354,14.929975615860394
23.9,7.336364,15.572840151500214
23.9,7.537374,16.178184785589234
23.9,7.738384,16.73741150715849
23.9,7.939394,17.22660379651402
23.9,8.140404,17.653528214215253
23.9,8.341414,18.022367560221465
23.9,8.542424,18.334927478320743
23.9,8.743434,18.595236986905906
23.9,8.944444,18.804467724241512
23.9,9.145455,18.983369184788852
23.9,9.346465,19.136456325272317
23.9,9.547475,19.269385603822904
23.9,9.748485,19.385353435302356
23.9,9.949495,19.481732910149084
23.9,10.15051,19.565637720545034
23.9,10.35152,19.650624186759114
23.9,10.55253,19.735265078684733
23.9,10.75354,19.803614352822414
23.9,10.95455,19.871906175709775
23.9,11.15556,19.933147358922888
23.9,11.35657,19.9923225421508
23.9,11.55758,20.04986185919563
23.9,11.75859,20.10293706081173
23.9,11.9596,20.156003639996495
23.9,12.16061,20.205585324429286
23.9,12.36162,20.254299110275518
23.9,12.56263,20.302025443115905
23.9,12.76364,20.347504897152664
23.9,12.96465,20.39297519771298
23.9,13.16566,20.436388549048317
23.9,13.36667,20.47934312266479
23.9,13.56768,20.52160938979002
23.9,13.76869,20.562537453743808
23.9,13.9697,20.60346608946476
23.9,14.17071,20.642946691674254
23.9,14.37172,20.682178063294376
23.9,14.57273,20.72085062577674
23.9,14.77374,20.758594306917477
23.9,14.97475,20.796338401638433
23.9,15.17576,20.832943855709086
23.9,15.37677,20.86937982683128
23.9,15.57778,20.905316668872707
23.9,15.77879,20.940544267157552
23.9,15.9798,20.975772177092693
23.9,16.18081,21.00998108695537
23.9,16.38182,21.044080359272073
23.9,16.58283,21.077720283903073
23.9,16.78384,21.11075075960777
23.9,16.98485,21.143781474079233
23.9,17.18586,21.175862957741362
23.9,17.38687,21.207874700312047
23.9,17.58788,21.239446935456602
23.9,17.78889,21.27046959369913
23.9,17.9899,21.30148243543566
23.9,18.19091,21.33159588193783
23.9,18.39192,21.36165951355849
23.9,18.59293,21.391313514641592
23.9,18.79394,21.42045784823632
23.9,18.99495,21.44959232188488
23.9,19.19596,21.477867276095743
23.9,19.39697,21.50611236146932
23.9,19.59798,21.533957708816548
23.9,19.79899,21.557373929547563
23.9,20.0,21.58075023513691
24.200000000000003,0.1,2.173567986107982
24.200000000000003,0.3010101,3.074753276848888
24.200000000000003,0.5020202,3.515510436242681
24.200000000000003,0.7030303,3.801307597628547
24.200000000000003,0.9040404,4.012806785156424
24.200000000000003,1.105051,4.186317657434848
24.200000000000003,1.306061,4.344383111369282
24.200000000000003,1.507071,4.495615118449586
24.200000000000003,1.708081,4.647773005205342
24.200000000000003,1.909091,4.805967694543013
24.200000000000003,2.110101,4.971259979596196
24.200000000000003,2.311111,5.146633905245377
24.200000000000003,2.512121,5.319016518266779
24.200000000000003,2.713131,5.530936222785647
24.200000000000003,2.914141,5.740705273065948
24.200000000000003,3.115152,5.956749030345736
24.200000000000003,3.316162,6.1838285390062255
24.200000000000003,3.517172,6.421532070808457
24.200000000000003,3.718182,6.675713632167699
24.200000000000003,3.919192,6.9477680760233635
24.200000000000003,4.120202,7.236788611749097
24.200000000000003,4.321212,7.5466727351852345
24.200000000000003,4.522222,7.878501529628935
24.200000000000003,4.723232,8.240082185803855
24.200000000000003,4.924242,8.634318376167673
24.200000000000003,5.125253,9.060480947627516
24.200000000000003,5.326263,9.517576287607948
24.200000000000003,5.527273,10.009906653688562
24.200000000000003,5.728283,10.540124831205043
24.200000000000003,5.929293,11.10775624292185
24.200000000000003,6.130303,11.708863433344808
24.200000000000003,6.331313,12.330510075755846
24.200000000000003,6.532323,12.97775469015197
24.200000000000003,6.733333,13.63813465904873
24.200000000000003,6.934343,14.299811518541024
24.200000000000003,7.135354,14.955853839607006
24.200000000000003,7.336364,15.584542198056425
24.200000000000003,7.537374,16.185789952788802
24.200000000000003,7.738384,16.738212567151674
24.200000000000003,7.939394,17.222140949923222
24.200000000000003,8.140404,17.64846709648022
24.200000000000003,8.341414,18.01541082341422
24.200000000000003,8.542424,18.327791916204916
24.200000000000003,8.743434,18.588632832650045
24.200000000000003,8.944444,18.79884446896534
24.200000000000003,9.145455,18.978056199024667
24.200000000000003,9.346465,19.132423959347914
24.200000000000003,9.547475,19.26567345207022
24.200000000000003,9.748485,19.382361683135215
24.200000000000003,9.949495,19.47932156208498
24.200000000000003,10.15051,19.563626794260948
24.200000000000003,10.35152,19.649003654666355
24.200000000000003,10.55253,19.733644567106122
24.200000000000003,10.75354,19.802234247853974
24.200000000000003,10.95455,19.870736433809473
24.200000000000003,11.15556,19.932017746550905
24.200000000000003,11.35657,19.99136340382536
24.200000000000003,11.55758,20.048942792235305
24.200000000000003,11.75859,20.10207833009322
24.200000000000003,11.9596,20.155205183006505
24.200000000000003,12.16061,20.20479694988404
24.200000000000003,12.36162,20.253551101206497
24.200000000000003,12.56263,20.301277451601607
24.200000000000003,12.76364,20.346757155829774
24.200000000000003,12.96465,20.392237638935484
24.200000000000003,13.16566,20.435641033059415
24.200000000000003,13.36667,20.478585867437566
24.200000000000003,13.56768,20.52085211180092
24.200000000000003,13.76869,20.56175034849396
24.200000000000003,13.9697,20.60266909131506
24.200000000000003,14.17071,20.642139704260885
24.200000000000003,14.37172,20.68134124642437
24.200000000000003,14.57273,20.720003759154697
24.200000000000003,14.77374,20.757727547127065
24.200000000000003,14.97475,20.795461688928413
24.200000000000003,15.17576,20.832047128665046
24.200000000000003,15.37677,20.868453195336382
24.200000000000003,15.57778,20.904399971466276
24.200000000000003,15.77879,20.939597620926
24.200000000000003,15.9798,20.974815532596086
24.200000000000003,16.18081,21.00901440817247
24.200000000000003,16.38182,21.043093716665084
24.200000000000003,16.58283,21.07674356756044
24.200000000000003,16.78384,21.109754049264623
24.200000000000003,16.98485,21.142784733985245
24.200000000000003,17.18586,21.17486616893842
24.200000000000003,17.38687,21.206857903075775
24.200000000000003,17.58788,21.238430063912155
24.200000000000003,17.78889,21.26945269472075
24.200000000000003,17.9899,21.300475487032735
24.200000000000003,18.19091,21.330588876199492
24.200000000000003,18.39192,21.360662468895992
24.200000000000003,18.59293,21.390306400022627
24.200000000000003,18.79394,21.419460684001603
24.200000000000003,18.99495,21.448605098735577
24.200000000000003,19.19596,21.47687999350124
24.200000000000003,19.39697,21.505145025234093
24.200000000000003,19.59798,21.532980309827636
24.200000000000003,19.79899,21.56037584381561
24.200000000000003,20.0,21.585771795992994
24.5,0.1,2.215317667585557
24.5,0.3010101,3.1188075353675915
24.5,0.5020202,3.5597163287880758
24.5,0.7030303,3.8460775625085333
24.5,0.9040404,4.05914105436189
24.5,1.105051,4.23534341305167
24.5,1.306061,4.396597146063825
24.5,1.507071,4.5517579374606205
24.5,1.708081,4.710418615635546
24.5,1.909091,4.87127463158495
24.5,2.110101,5.046771652414846
24.5,2.311111,5.228798110565549
24.5,2.512121,5.416158239119902
24.5,2.713131,5.614424543754774
24.5,2.914141,5.822503010668203
24.5,3.115152,6.0408774779088255
24.5,3.316162,6.268979154810421
24.5,3.517172,6.50955786453162
24.5,3.718182,6.7657569494475345
24.5,3.919192,7.038641371892466
24.5,4.120202,7.329598343252879
24.5,4.321212,7.639854613581459
24.5,4.522222,7.972200869805635
24.5,4.723232,8.33353003269405
24.5,4.924242,8.727051334842983
24.5,5.125253,9.150405031783098
24.5,5.326263,9.606419836070405
24.5,5.527273,10.093694746457489
24.5,5.728283,10.618998597772876
24.5,5.929293,11.182571378459707
24.5,6.130303,11.772929159008726
24.5,6.331313,12.391362475921772
24.5,6.532323,13.026695654819994
24.5,6.733333,13.678151014620502
24.5,6.934343,14.333327919360796
24.5,7.135354,14.975650571695184
24.5,7.336364,15.600851482977527
24.5,7.537374,16.191904979869793
24.5,7.738384,16.73886257703702
24.5,7.939394,17.21998493099786
24.5,8.140404,17.64256654843043
24.5,8.341414,18.008971850303794
24.5,8.542424,18.321025640219954
24.5,8.743434,18.582207766280415
24.5,8.944444,18.793000081569627
24.5,9.145455,18.973342614859874
24.5,9.346465,19.128020667420603
24.5,9.547475,19.262230690789252
24.5,9.748485,19.379419260292106
24.5,9.949495,19.46982729131096
24.5,10.15051,19.557788517225642
24.5,10.35152,19.65193646707809
24.5,10.55253,19.7320733991559
24.5,10.75354,19.800653119283005
24.5,10.95455,19.869475853681628
24.5,11.15556,19.931108039899556
24.5,11.35657,19.99049379340611
24.5,11.55758,20.04806316923202
24.5,11.75859,20.101208693247294
24.5,11.9596,20.154416024382666
24.5,12.16061,20.204098498457196
24.5,12.36162,20.252852685885824
24.5,12.56263,20.30057898874772
24.5,12.76364,20.346058648257248
24.5,12.96465,20.39154951041751
24.5,13.16566,20.434933433901286
24.5,13.36667,20.477878258022198
24.5,13.56768,20.520134436461348
24.5,13.76869,20.561042611435195
24.5,13.9697,20.60193163722181
24.5,14.17071,20.641352621243705
24.5,14.37172,20.68055412409537
24.5,14.57273,20.719216561162742
24.5,14.77374,20.756930277436044
24.5,14.97475,20.794634616097042
24.5,15.17576,20.831170295414363
24.5,15.37677,20.867576303975124
24.5,15.57778,20.903513001081134
24.5,15.77879,20.938720574747045
24.5,15.9798,20.973898607952613
24.5,16.18081,21.008067616983517
24.5,16.38182,21.042146857541635
24.5,16.58283,21.075796630201243
24.5,16.78384,21.108807036913277
24.5,16.98485,21.14181777913086
24.5,17.18586,21.173879266700784
24.5,17.38687,21.205880930380445
24.5,17.58788,21.23745301734038
24.5,17.78889,21.26847557706548
24.5,17.9899,21.299488377170345
24.5,18.19091,21.329611763398972
24.5,18.39192,21.359675288661784
24.5,18.59293,21.38931915243553
24.5,18.79394,21.41847337154172
24.5,18.99495,21.44763776169097
24.5,19.19596,21.475922625813848
24.5,19.39697,21.504187596153965
24.5,19.59798,21.532022820737104
24.5,19.79899,21.559418296600523
24.5,20.0,21.58284454211609
24.8,0.1,2.2577856976690454
24.8,0.3010101,3.16105284404056
24.8,0.5020202,3.5987617680965793
24.8,0.7030303,3.889546255113617
24.8,0.9040404,4.103432108354052
24.8,1.105051,4.283429299210152
24.8,1.306061,4.449849886630905
24.8,1.507071,4.611872313361184
24.8,1.708081,4.779454685846953
24.8,1.909091,4.9470509480500935
24.8,2.110101,5.120392802730036
24.8,2.311111,5.301832271094111
24.8,2.512121,5.491651309563204
24.8,2.713131,5.692256818075873
24.8,2.914141,5.902895642858431
24.8,3.115152,6.123345075295678
24.8,3.316162,6.3542731226267275
24.8,3.517172,6.596521901717582
24.8,3.718182,6.854303908598197
24.8,3.919192,7.128919204040959
24.8,4.120202,7.420811676545068
24.8,4.321212,7.732002755110333
24.8,4.522222,8.06461469191887
24.8,4.723232,8.42566366071683
24.8,4.924242,8.818017743636812
24.8,5.125253,9.239823552359706
24.8,5.326263,9.69239130623729
24.8,5.527273,10.176630292496537
24.8,5.728283,10.697421267845927
24.8,5.929293,11.254379281734325
24.8,6.130303,11.839057692164053
24.8,6.331313,12.447848522334516
24.8,6.532323,13.07622591426629
24.8,6.733333,13.718996973625327
24.8,6.934343,14.364112159179092
24.8,7.135354,14.999146301712837
24.8,7.336364,15.614170711401016
24.8,7.537374,16.19925827683251
24.8,7.738384,16.740471070365412
24.8,7.939394,17.217278636439946
24.8,8.140404,17.637793714162683
24.8,8.341414,18.002642582997485
24.8,8.542424,18.31441822242883
24.8,8.743434,18.57593177403678
24.8,8.944444,18.78742502391333
24.8,9.145455,18.968388141744708
24.8,9.346465,19.12396679268052
24.8,9.547475,19.258727203643282
24.8,9.748485,19.376506179440444
24.8,9.949495,19.47772287182017
24.8,10.15051,19.566175158033428
24.8,10.35152,19.650384915212033
24.8,10.55253,19.730592042967668
24.8,10.75354,19.7994823141014
24.8,10.95455,19.8683751899422
24.8,11.15556,19.93000739595514
24.8,11.35657,19.989523549027695
24.8,11.55758,20.047233404705366
24.8,11.75859,20.10046938445966
24.8,11.9596,20.153696786224085
24.8,12.16061,20.203369236699587
24.8,12.36162,20.25215373867155
24.8,12.56263,20.299910412432443
24.8,12.76364,20.345400415295135
24.8,12.96465,20.390881293571294
24.8,13.16566,20.43426516836576
24.8,13.36667,20.47720022341651
24.8,13.56768,20.519436668483337
24.8,13.76869,20.56032508384485
24.8,13.9697,20.601204089230514
24.8,14.17071,20.640635009996487
24.8,14.37172,20.679796670999778
24.8,14.57273,20.71842928516222
24.8,14.77374,20.756123157158413
24.8,14.97475,20.793817450143493
24.8,15.17576,20.830353059208473
24.8,15.37677,20.866729163453666
24.8,15.57778,20.902645963934045
24.8,15.77879,20.93782362332108
24.8,15.9798,20.973001596543345
24.8,16.18081,21.00717053326654
24.8,16.38182,21.041229818040005
24.8,16.58283,21.074859635463405
24.8,16.78384,21.107860073245487
24.8,16.98485,21.14086074900976
24.8,17.18586,21.172932166009186
24.8,17.38687,21.204923833629277
24.8,17.58788,21.23648592169815
24.8,17.78889,21.267498473310642
24.8,17.9899,21.29851120672336
24.8,18.19091,21.32863452709827
24.8,18.39192,21.35870802868373
24.8,18.59293,21.38836186646438
24.8,18.79394,21.417516055300826
24.8,18.99495,21.44667038291159
24.8,19.19596,21.47496518743707
24.8,19.39697,21.503240121872643
24.8,19.59798,21.52913564441214
24.8,19.79899,21.552541747225362
24.8,20.0,21.575937927541954
25.1,0.1,2.30026256503811
25.1,0.3010101,3.20341329130566
25.1,0.5020202,3.6397343919246725
25.1,0.7030303,3.924739134734159
25.1,0.9040404,4.152115736786097
25.1,1.105051,4.33935996922025
25.1,1.306061,4.509998720262764
25.1,1.507071,4.6726284887125065
25.1,1.708081,4.837313697112381
25.1,1.909091,5.011022968387573
25.1,2.110101,5.188594785414164
25.1,2.311111,5.373268646667894
25.1,2.512121,5.565689216067222
25.1,2.713131,5.768853902240039
25.1,2.914141,5.982587241026758
25.1,3.115152,6.204996728608176
25.1,3.316162,6.438540036173774
25.1,3.517172,6.68239977871732
25.1,3.718182,6.941695690508311
25.1,3.919192,7.217924483447504
25.1,4.120202,7.510700948772788
25.1,4.321212,7.822705766386707
25.1,4.522222,8.155536124135047
25.1,4.723232,8.51625272196436
25.1,4.924242,8.90737854868407
25.1,5.125253,9.327625679670312
25.1,5.326263,9.776768975454031
25.1,5.527273,10.258011408328201
25.1,5.728283,10.774360087815605
25.1,5.929293,11.32486417892912
25.1,6.130303,11.903983604493316
25.1,6.331313,12.50345273350727
25.1,6.532323,13.125014620286333
25.1,6.733333,13.759341683449316
25.1,6.934343,14.394675403747891
25.1,7.135354,15.022571099800171
25.1,7.336364,15.62774896258417
25.1,7.537374,16.206950580601156
25.1,7.738384,16.742498490455365
25.1,7.939394,17.215001213714462
25.1,8.140404,17.633419793056714
25.1,8.341414,17.99662228663446
25.1,8.542424,18.308059850609595
25.1,8.743434,18.569834906365703
25.1,8.944444,18.781979158008436
25.1,9.145455,18.963522912233604
25.1,9.346465,19.11997220053134
25.1,9.547475,19.255273045680692
25.1,9.748485,19.37364246172507
25.1,9.949495,19.46493123199537
25.1,10.15051,19.552055375035433
25.1,10.35152,19.643527636165818
25.1,10.55253,19.72917979052482
25.1,10.75354,19.798370633817864
25.1,10.95455,19.867333678747112
25.1,11.15556,19.928965934668813
25.1,11.35657,19.988612509331755
25.1,11.55758,20.046472867571786
25.1,11.75859,20.099789326995015
25.1,11.9596,20.153036822138024
25.1,12.16061,20.202709271656353
25.1,12.36162,20.25152411061752
25.1,12.56263,20.299311177935213
25.1,12.76364,20.34480154572999
25.1,12.96465,20.39028245964841
25.1,13.16566,20.43366630248914
25.1,13.36667,20.476591608365023
25.1,13.56768,20.518818340754017
25.1,13.76869,20.559667016821006
25.1,13.9697,20.600546015785955
25.1,14.17071,20.6399768876699
25.1,14.37172,20.67911872403856
25.1,14.57273,20.717721534373958
25.1,14.77374,20.755375579575354
25.1,14.97475,20.793059840172038
25.1,15.17576,20.82960539005376
25.1,15.37677,20.865951606669853
25.1,15.57778,20.901838527576214
25.1,15.77879,20.936986289877428
25.1,15.9798,20.972164213314226
25.1,16.18081,21.006333087236666
25.1,16.38182,21.04037243167956
25.1,16.58283,21.073972309794254
25.1,16.78384,21.10696279413394
25.1,16.98485,21.139963412095288
25.1,17.18586,21.172024766436547
25.1,17.38687,21.204006451867098
25.1,17.58788,21.23555855478675
25.1,17.78889,21.26657111115216
25.1,17.9899,21.29758378491816
25.1,18.19091,21.32770704578369
25.1,18.39192,21.357770533892477
25.1,18.59293,21.387424353184308
25.1,18.79394,21.416588516115972
25.1,18.99495,21.445742786890378
25.1,19.19596,21.474037537373412
25.1,19.39697,21.502312435133714
25.1,19.59798,21.530177577813642
25.1,19.79899,21.55759296218534
25.1,20.0,21.581019115797986
25.400000000000002,0.1,2.344632605759405
25.400000000000002,0.3010101,3.2455250023209623
25.400000000000002,0.5020202,3.6765628081342303
25.400000000000002,0.7030303,3.962490503690578
25.400000000000002,0.9040404,4.195410843655972
25.400000000000002,1.105051,4.387088445848793
25.400000000000002,1.306061,4.560197919700347
25.400000000000002,1.507071,4.7283145917496805
25.400000000000002,1.708081,4.899181280428017
25.400000000000002,1.909091,5.074094438490597
25.400000000000002,2.110101,5.256911843724969
25.400000000000002,2.311111,5.442876026778404
25.400000000000002,2.512121,5.639330406172773
25.400000000000002,2.713131,5.845661003917209
25.400000000000002,2.914141,6.060689956642009
25.400000000000002,3.115152,6.28671779967925
25.400000000000002,3.316162,6.521145501909293
25.400000000000002,3.517172,6.767429070525509
25.400000000000002,3.718182,7.028465225635065
25.400000000000002,3.919192,7.30541044107554
25.400000000000002,4.120202,7.599744082368159
25.400000000000002,4.321212,7.912047475212073
25.400000000000002,4.522222,8.245115397089231
25.400000000000002,4.723232,8.605396840487762
25.400000000000002,4.924242,8.995750085007229
25.400000000000002,5.125253,9.413097178787373
25.400000000000002,5.326263,9.861169559984596
25.400000000000002,5.527273,10.337537567860094
25.400000000000002,5.728283,10.849213699114847
25.400000000000002,5.929293,11.395900361923829
25.400000000000002,6.130303,11.965043066922416
25.400000000000002,6.331313,12.561479462325234
25.400000000000002,6.532323,13.172031619524805
25.400000000000002,6.733333,13.79807491802961
25.400000000000002,6.934343,14.427368979992277
25.400000000000002,7.135354,15.042585332527924
25.400000000000002,7.336364,15.64445580899252
25.400000000000002,7.537374,16.214052792250076
25.400000000000002,7.738384,16.744335491516093
25.400000000000002,7.939394,17.214032190363074
25.400000000000002,8.140404,17.62853621473427
25.400000000000002,8.341414,17.99113046717881
25.400000000000002,8.542424,18.301940960086668
25.400000000000002,8.743434,18.563897429560495
25.400000000000002,8.944444,18.776512529002595
25.400000000000002,9.145455,18.95902724194281
25.400000000000002,9.346465,19.115756926593434
25.400000000000002,9.547475,19.251968375206538
25.400000000000002,9.748485,19.370808191656618
25.400000000000002,9.949495,19.469409507585556
25.400000000000002,10.15051,19.5549961633989
25.400000000000002,10.35152,19.643352604735362
25.400000000000002,10.55253,19.727697130591196
25.400000000000002,10.75354,19.796888064535633
25.400000000000002,10.95455,19.86617169295336
25.400000000000002,11.15556,19.928164848842396
25.400000000000002,11.35657,19.98784156462472
25.400000000000002,11.55758,20.04570195271775
25.400000000000002,11.75859,20.099018439848653
25.400000000000002,11.9596,20.1523664526941
25.400000000000002,12.16061,20.202129652088182
25.400000000000002,12.36162,20.2509445616356
25.400000000000002,12.56263,20.29873161614769
25.400000000000002,12.76364,20.34422197139144
25.400000000000002,12.96465,20.38971330264863
25.400000000000002,13.16566,20.433077715783586
25.400000000000002,13.36667,20.47600304143805
25.400000000000002,13.56768,20.518219735521928
25.400000000000002,13.76869,20.559078375835313
25.400000000000002,13.9697,20.59992769338193
25.400000000000002,14.17071,20.63929897495802
25.400000000000002,14.37172,20.67844079603112
25.400000000000002,14.57273,20.71704355437683
25.400000000000002,14.77374,20.75469754964665
25.400000000000002,14.97475,20.792342040135775
25.400000000000002,15.17576,20.828827867222845
25.400000000000002,15.37677,20.865174046498073
25.400000000000002,15.57778,20.90106090819515
25.400000000000002,15.77879,20.936208612852646
25.400000000000002,15.9798,20.971346689784717
25.400000000000002,16.18081,21.005475732862582
25.400000000000002,16.38182,21.039515026754895
25.400000000000002,16.58283,21.073114842821465
25.400000000000002,16.78384,21.10610526757453
25.400000000000002,16.98485,21.139075973288982
25.400000000000002,17.18586,21.171127412764353
25.400000000000002,17.38687,21.203099042048297
25.400000000000002,17.58788,21.234651084290302
25.400000000000002,17.78889,21.265663582200812
25.400000000000002,17.9899,21.296666290495526
25.400000000000002,18.19091,21.326779574196596
25.400000000000002,18.39192,21.356853005938856
25.400000000000002,18.59293,21.386506768474455
25.400000000000002,18.79394,21.415660876671883
25.400000000000002,18.99495,21.444825139206227
25.400000000000002,19.19596,21.473129865348785
25.400000000000002,19.39697,21.501404710822506
25.400000000000002,19.59798,21.529259802351984
25.400000000000002,19.79899,21.556685137019485
25.400000000000002,20.0,21.582110911503154
25.7,0.1,2.386760715134639
25.7,0.3010101,3.2869571523177616
25.7,0.5020202,3.7171208481270837
25.7,0.7030303,3.992722682803482
25.7,0.9040404,4.238593181921522
25.7,1.105051,4.432168445765277
25.7,1.306061,4.611256148278169
25.7,1.507071,4.784025519377165
25.7,1.708081,4.957517277041096
25.7,1.909091,5.138708220659102
25.7,2.110101,5.321819789718934
25.7,2.311111,5.5133365383493755
25.7,2.512121,5.712049897476444
25.7,2.713131,5.92091790948291
25.7,2.914141,6.139710718725851
25.7,3.115152,6.366000960223231
25.7,3.316162,6.603731462034087
25.7,3.517172,6.85126314567942
25.7,3.718182,7.113777765805987
25.7,3.919192,7.39257389917088
25.7,4.120202,7.687031861526163
25.7,4.321212,8.000270308459658
25.7,4.522222,8.333478894705664
25.7,4.723232,8.69329635663153
25.7,4.924242,9.081953153833878
25.7,5.125253,9.498826581687135
25.7,5.326263,9.942449157607419
25.7,5.527273,10.416773210132083
25.7,5.728283,10.923646815043881
25.7,5.929293,11.462467344360627
25.7,6.130303,12.02991868264582
25.7,6.331313,12.61446021264167
25.7,6.532323,13.220649517797982
25.7,6.733333,13.837558538145467
25.7,6.934343,14.455240596447924
25.7,7.135354,15.068109428120662
25.7,7.336364,15.657283509812059
25.7,7.537374,16.223153558222595
25.7,7.738384,16.747041672437597
25.7,7.939394,17.211504184180285
25.7,8.140404,17.62532022496462
25.7,8.341414,17.985509086939334
25.7,8.542424,18.295981065195793
25.7,8.743434,18.558089319329934
25.7,8.944444,18.77139562397893
25.7,9.145455,18.95417080810669
25.7,9.346465,19.11199129599436
25.7,9.547475,19.248483108312662
25.7,9.748485,19.368003421031712
25.7,9.949495,19.46716520983525
25.7,10.15051,19.559894648467484
25.7,10.35152,19.645165684917156
25.7,10.55253,19.726243921506796
25.7,10.75354,19.795675332294042
25.7,10.95455,19.865179394934234
25.7,11.15556,19.927222761117353
25.7,11.35657,19.987080021717425
25.7,11.55758,20.044980558063415
25.7,11.75859,20.098367454562144
25.7,11.9596,20.15177581401774
25.7,12.16061,20.20154916340165
25.7,12.36162,20.250404511726213
25.7,12.56263,20.298191646221298
25.7,12.76364,20.343692317155465
25.7,12.96465,20.389183896207207
25.7,13.16566,20.432548408488895
25.7,13.36667,20.4754540596533
25.7,13.56768,20.51768078135106
25.7,13.76869,20.55850965301577
25.7,13.9697,20.59933913357195
25.7,14.17071,20.63870047563117
25.7,14.37172,20.67781252600545
25.7,14.57273,20.71640527666823
25.7,14.77374,20.754029432535035
25.7,14.97475,20.791654019711522
25.7,15.17576,20.82812987653147
25.7,15.37677,20.86444620540166
25.7,15.57778,20.900323036663554
25.7,15.77879,20.9354408427885
25.7,15.9798,20.970558966221237
25.7,16.18081,21.00468801375843
25.7,16.38182,21.038697394043513
25.7,16.58283,21.072297166292547
25.7,16.78384,21.105257643527928
25.7,16.98485,21.13822835849742
25.7,17.18586,21.17025978380645
25.7,17.38687,21.202221449788006
25.7,17.58788,21.233783441803773
25.7,17.78889,21.264775953618855
25.7,17.9899,21.29577864563879
25.7,18.19091,21.32589190084346
25.7,18.39192,21.355955332047646
25.7,18.59293,21.385599043734008
25.7,18.79394,21.41476313595479
25.7,18.99495,21.443927365661818
25.7,19.19596,21.472232051485577
25.7,19.39697,21.50050686559724
25.7,19.59798,21.528371909299274
25.7,19.79899,21.55182788241027
25.7,20.0,21.575243940475648
26.0,0.1,2.4285280825255167
26.0,0.3010101,3.3279401184737405
26.0,0.5020202,3.7596033081326397
26.0,0.7030303,4.045285074102769
26.0,0.9040404,4.280450731728588
26.0,1.105051,4.479339802267873
26.0,1.306061,4.661559856106382
26.0,1.507071,4.838443419156952
26.0,1.708081,5.017294527658544
26.0,1.909091,5.200202292012027
26.0,2.110101,5.389039805629309
26.0,2.311111,5.581907948928667
26.0,2.512121,5.784434526490538
26.0,2.713131,5.996289148712145
26.0,2.914141,6.216292866457694
26.0,3.115152,6.446011825116593
26.0,3.316162,6.684552809429005
26.0,3.517172,6.934324504521661
26.0,3.718182,7.1984238793119495
26.0,3.919192,7.477847619606609
26.0,4.120202,7.773688371227981
26.0,4.321212,8.087161041651964
26.0,4.522222,8.420469641030126
26.0,4.723232,8.779760928283967
26.0,4.924242,9.167613515265053
26.0,5.125253,9.581570722365772
26.0,5.326263,10.024136944345816
26.0,5.527273,10.49369291989641
26.0,5.728283,10.996065220387825
26.0,5.929293,11.531229227745303
26.0,6.130303,12.089085343838123
26.0,6.331313,12.670764684018424
26.0,6.532323,13.266435255209776
26.0,6.733333,13.875491080319794
26.0,6.934343,14.48744370513421
26.0,7.135354,15.088143323818624
26.0,7.336364,15.674189976115043
26.0,7.537374,16.23077513039158
26.0,7.738384,16.74953780435007
26.0,7.939394,17.211204160448176
26.0,8.140404,17.621035495165017
26.0,8.341414,17.980576136180158
26.0,8.542424,18.290251053504168
26.0,8.743434,18.552430769131522
26.0,8.944444,18.766137965281942
26.0,9.145455,18.949794129329163
26.0,9.346465,19.107885050002896
26.0,9.547475,19.24524746163138
26.0,9.748485,19.365228185939202
26.0,9.949495,19.457678039659175
26.0,10.15051,19.545683284619386
26.0,10.35152,19.638306949704663
26.0,10.55253,19.72498043613874
26.0,10.75354,19.79471243045436
26.0,10.95455,19.864216594754204
26.0,11.15556,19.926260052634504
26.0,11.35657,19.986167534287205
26.0,11.55758,20.044338986333
26.0,11.75859,20.097816361357737
26.0,11.9596,20.151224754733324
26.0,12.16061,20.200998134000752
26.0,12.36162,20.24986364344308
26.0,12.56263,20.29770154684369
26.0,12.76364,20.343202562900796
26.0,12.96465,20.388704134464753
26.0,13.16566,20.43206863940542
26.0,13.36667,20.474964399878044
26.0,13.56768,20.517151718168606
26.0,13.76869,20.55796082051635
26.0,13.9697,20.598790270633465
26.0,14.17071,20.638161584168085
26.0,14.37172,20.67725370290732
26.0,14.57273,20.715786896591617
26.0,14.77374,20.753391195498025
26.0,14.97475,20.791015739038897
26.0,15.17576,20.82749155489647
26.0,15.37677,20.863787920636923
26.0,15.57778,20.89959506570205
26.0,15.77879,20.93469294917349
26.0,15.9798,20.96981102208068
26.0,16.18081,21.003940022091157
26.0,16.38182,21.037939414309186
26.0,16.58283,21.071489391529642
26.0,16.78384,21.104439898297013
26.0,16.98485,21.13740056047897
26.0,17.18586,21.169441935710413
26.0,17.38687,21.201393594266605
26.0,17.58788,21.232915702898953
26.0,17.78889,21.263908211444857
26.0,17.9899,21.294910851433585
26.0,18.19091,21.325024057578897
26.0,18.39192,21.35508746709623
26.0,18.59293,21.384721225936858
26.0,18.79394,21.41388529463877
26.0,18.99495,21.44304947551026
26.0,19.19596,21.471344115453146
26.0,19.39697,21.499628899803493
26.0,19.59798,21.527493941729478
26.0,19.79899,21.552949547233037
26.0,20.0,21.576365573799556
26.3,0.1,2.468263850014155
26.3,0.3010101,3.3692643062673104
26.3,0.5020202,3.7988977316603605
26.3,0.7030303,4.085634061976156
26.3,0.9040404,4.32337786445184
26.3,1.105051,4.5252962957013905
26.3,1.306061,4.711967445841853
26.3,1.507071,4.8929677793903394
26.3,1.708081,5.075159595508223
26.3,1.909091,5.262713167352724
26.3,2.110101,5.454408351654329
26.3,2.311111,5.651158682961768
26.3,2.512121,5.856066520414425
26.3,2.713131,6.070163267108692
26.3,2.914141,6.292916679749361
26.3,3.115152,6.5243357167394365
26.3,3.316162,6.765166998005261
26.3,3.517172,7.016293671083387
26.3,3.718182,7.281639392672116
26.3,3.919192,7.562381932941888
26.3,4.120202,7.858879894374849
26.3,4.321212,8.172891616305192
26.3,4.522222,8.506231961036386
26.3,4.723232,8.86502787147147
26.3,4.924242,9.251538926476266
26.3,5.125253,9.663916682663869
26.3,5.326263,10.103143472656745
26.3,5.527273,10.569860854815062
26.3,5.728283,11.068083190167593
26.3,5.929293,11.597275826423964
26.3,6.130303,12.150054963374684
26.3,6.331313,12.723174835990363
26.3,6.532323,13.312701324188204
26.3,6.733333,13.914124264257081
26.3,6.934343,14.517186083245987
26.3,7.135354,15.111397414708271
26.3,7.336364,15.688327338052598
26.3,7.537374,16.239476212989757
26.3,7.738384,16.752863538139202
26.3,7.939394,17.21026467484525
26.3,8.140404,17.617909363634265
26.3,8.341414,17.97556355231314
26.3,8.542424,18.28470044724679
26.3,8.743434,18.546911751744343
26.3,8.944444,18.76109002919143
26.3,9.145455,18.94522689141675
26.3,9.346465,19.1040784700452
26.3,9.547475,19.241931326064105
26.3,9.748485,19.36246247343784
26.3,9.949495,19.46592121687827
26.3,10.15051,19.55612557532525
26.3,10.35152,19.641927343870616
26.3,10.55253,19.723556429401807
26.3,10.75354,19.793378686476036
26.3,10.95455,19.863203443650697
26.3,11.15556,19.92545748574499
26.3,11.35657,19.985495392037972
26.3,11.55758,20.043666912763783
26.3,11.75859,20.097164486865623
26.3,11.9596,20.150673393786274
26.3,12.16061,20.200497255295232
26.3,12.36162,20.249393087272335
26.3,12.56263,20.297231005891
26.3,12.76364,20.342742160993662
26.3,12.96465,20.388244127206907
26.3,13.16566,20.43158899267409
26.3,13.36667,20.474484975467547
26.3,13.56768,20.516672278567302
26.3,13.76869,20.557471472846657
26.3,13.9697,20.59827120959728
26.3,14.17071,20.63761277968954
26.3,14.37172,20.676685042576565
26.3,14.57273,20.715218203372515
26.3,14.77374,20.75280255819005
26.3,14.97475,20.790387301068147
26.3,15.17576,20.826833289440543
26.3,15.37677,20.863109739986673
26.3,15.57778,20.89891684215736
26.3,15.77879,20.934004752669683
26.3,15.9798,20.96909295353794
26.3,16.18081,21.003182060357783
26.3,16.38182,21.03716149152473
26.3,16.58283,21.070711421054273
26.3,16.78384,21.103651932518755
26.3,16.98485,21.136592666418675
26.3,17.18586,21.16861409559375
26.3,17.38687,21.200555760527333
26.3,17.58788,21.232087820265605
26.3,17.78889,21.263070316295902
26.3,17.9899,21.294052984845365
26.3,18.19091,21.324156205632715
26.3,18.39192,21.354219599500357
26.3,18.59293,21.38386331109797
26.3,18.79394,21.413017354974986
26.3,18.99495,21.44217153327372
26.3,19.19596,21.470476163104067
26.3,19.39697,21.498760919892007
26.3,19.59798,21.526625917929465
26.3,19.79899,21.554061154640728
26.3,20.0,21.58148649732616
26.6,0.1,2.5068925983640478
26.6,0.3010101,3.4099597304219946
26.6,0.5020202,3.8379258067689324
26.6,0.7030303,4.115218650976698
26.6,0.9040404,4.366197723682551
26.6,1.105051,4.571131590050647
26.6,1.306061,4.762150667144961
26.6,1.507071,4.9471392607150255
26.6,1.708081,5.132608187970027
26.6,1.909091,5.324699167700437
26.6,2.110101,5.519207503616616
26.6,2.311111,5.71973356574128
26.6,2.512121,5.926974626612587
26.6,2.713131,6.143247589602198
26.6,2.914141,6.368625598037264
26.6,3.115152,6.601695463071761
26.6,3.316162,6.844699266123075
26.6,3.517172,7.097135541239557
26.6,3.718182,7.363670165073224
26.6,3.919192,7.645638850047694
26.6,4.120202,7.942756824631028
26.6,4.321212,8.257221248346498
26.6,4.522222,8.590562358404123
26.6,4.723232,8.948831052341589
26.6,4.924242,9.33397495393399
26.6,5.125253,9.744777618578578
26.6,5.326263,10.180715866905224
26.6,5.527273,10.644625121014593
26.6,5.728283,11.138778158284564
26.6,5.929293,11.662140365658562
26.6,6.130303,12.20993298181248
26.6,6.331313,12.77477437972833
26.6,6.532323,13.358277125125886
26.6,6.733333,13.952267558650357
26.6,6.934343,14.546688863259789
26.6,7.135354,15.134551938725787
26.6,7.336364,15.702625108075647
26.6,7.537374,16.248417626558847
26.6,7.738384,16.75648944023483
26.6,7.939394,17.20965515289806
26.6,8.140404,17.61510310772797
26.6,8.341414,17.97079067884385
26.6,8.542424,18.27934951756458
26.6,8.743434,18.54153236944965
26.6,8.944444,18.75613170006212
26.6,9.145455,18.94071925729807
26.6,9.346465,19.100301458173888
26.6,9.547475,19.23863475531473
26.6,9.748485,19.359706284064384
26.6,9.949495,19.453006802680605
26.6,10.15051,19.550413462215058
26.6,10.35152,19.640142017117526
26.6,10.55253,19.72218152088301
26.6,10.75354,19.79208408598672
26.6,10.95455,19.862229511390314
26.6,11.15556,19.92470418862566
26.6,11.35657,19.984872559933457
26.6,11.55758,20.043044169830292
26.6,11.75859,20.096571968923566
26.6,11.9596,20.15018143042959
26.6,12.16061,20.20005580448872
26.6,12.36162,20.248981984687088
26.6,12.56263,20.29681993396762
26.6,12.76364,20.34233124530866
26.6,12.96465,20.387843626613414
26.6,13.16566,20.43117886911967
26.6,13.36667,20.47406508958592
26.6,13.56768,20.516252388765533
26.6,13.76869,20.557041688164013
26.6,13.9697,20.597821724686007
26.6,14.17071,20.637123563597832
26.6,14.37172,20.67616598195595
26.6,14.57273,20.71469911966275
26.6,14.77374,20.75227354092296
26.6,14.97475,20.789828493655875
26.6,15.17576,20.826234667015118
26.6,15.37677,20.862481211675448
26.6,15.57778,20.898298279071728
26.6,15.77879,20.933366226572225
26.6,15.9798,20.968424566803215
26.6,16.18081,21.00248379121957
26.6,16.38182,21.03644327101367
26.6,16.58283,21.069993159795228
26.6,16.78384,21.10292368464854
26.6,16.98485,21.135834501540533
26.6,17.18586,21.167835995932794
26.6,17.38687,21.19976767625577
26.6,17.58788,21.231289693123276
26.6,17.78889,21.262272184766992
26.6,17.9899,21.293244893276842
26.6,18.19091,21.323338141058716
26.6,18.39192,21.353391528184467
26.6,18.59293,21.383025197444532
26.6,18.79394,21.41217922574379
26.6,18.99495,21.441333415840816
26.6,19.19596,21.46963805048281
26.6,19.39697,21.497922789023928
26.6,19.59798,21.52578774669447
26.6,19.79899,21.551243307522395
26.6,20.0,21.57466932611022
26.900000000000002,0.1,2.545443689426958
26.900000000000002,0.3010101,3.4499449077355253
26.900000000000002,0.5020202,3.8745810773593217
26.900000000000002,0.7030303,4.159930515126949
26.900000000000002,0.9040404,4.407655622488595
26.900000000000002,1.105051,4.617616412959619
26.900000000000002,1.306061,4.811691665666635
26.900000000000002,1.507071,5.000667558158792
26.900000000000002,1.708081,5.191187635809504
26.900000000000002,1.909091,5.384913135091675
26.900000000000002,2.110101,5.584771818640161
26.900000000000002,2.311111,5.786587297921234
26.900000000000002,2.512121,5.997382562934623
26.900000000000002,2.713131,6.216347059494698
26.900000000000002,2.914141,6.442825486460709
26.900000000000002,3.115152,6.678929191732126
26.900000000000002,3.316162,6.92266984877172
26.900000000000002,3.517172,7.177074959160458
26.900000000000002,3.718182,7.444983620019218
26.900000000000002,3.919192,7.727488252051987
26.900000000000002,4.120202,8.02569622828305
26.900000000000002,4.321212,8.340342828957324
26.900000000000002,4.522222,8.673605714699496
26.900000000000002,4.723232,9.031244698656776
26.900000000000002,4.924242,9.415563155256178
26.900000000000002,5.125253,9.823458604476375
26.900000000000002,5.326263,10.258358292772098
26.900000000000002,5.527273,10.717715044723487
26.900000000000002,5.728283,11.207598843610327
26.900000000000002,5.929293,11.72751584355496
26.900000000000002,6.130303,12.266376470402012
26.900000000000002,6.331313,12.828516315627997
26.900000000000002,6.532323,13.402292467636443
26.900000000000002,6.733333,13.988980785144525
26.900000000000002,6.934343,14.578052977054494
26.900000000000002,7.135354,15.15461733731988
26.900000000000002,7.336364,15.719722976182707
26.900000000000002,7.537374,16.256730137222014
26.900000000000002,7.738384,16.75987606235185
26.900000000000002,7.939394,17.210265248641434
26.900000000000002,8.140404,17.611637825951444
26.900000000000002,8.341414,17.966627098064006
26.900000000000002,8.542424,18.27414856033576
26.900000000000002,8.743434,18.536272777390945
26.900000000000002,8.944444,18.751162985214712
26.900000000000002,9.145455,18.93649144380017
26.900000000000002,9.346465,19.096314097722313
26.900000000000002,9.547475,19.23544789507385
26.900000000000002,9.748485,19.35694975787893
26.900000000000002,9.949495,19.457692847162246
26.900000000000002,10.15051,19.544971446984587
26.900000000000002,10.35152,19.633241807426803
26.900000000000002,10.55253,19.72097656653882
26.900000000000002,10.75354,19.791199874541174
26.900000000000002,10.95455,19.861345448226803
26.900000000000002,11.15556,19.923820256286856
26.900000000000002,11.35657,19.984038892704948
26.900000000000002,11.55758,20.04250151951988
26.900000000000002,11.75859,20.096119855814198
26.900000000000002,11.9596,20.149719381110803
26.900000000000002,12.16061,20.199603812080518
26.900000000000002,12.36162,20.24854018428656
26.900000000000002,12.56263,20.296438961632358
26.900000000000002,12.76364,20.341950648624056
26.900000000000002,12.96465,20.38746304569891
26.900000000000002,13.16566,20.43079830267395
26.900000000000002,13.36667,20.473674653841346
26.900000000000002,13.56768,20.515832579747045
26.900000000000002,13.76869,20.556602130440254
26.900000000000002,13.9697,20.597382155630346
26.900000000000002,14.17071,20.63667398478728
26.900000000000002,14.37172,20.675716488919942
26.900000000000002,14.57273,20.714180094758454
26.900000000000002,14.77374,20.75172467750013
26.900000000000002,14.97475,20.789279603001326
26.900000000000002,15.17576,20.825685750801476
26.900000000000002,15.37677,20.86192234888178
26.900000000000002,15.57778,20.89766975509321
26.900000000000002,15.77879,20.932717797080272
26.900000000000002,15.9798,20.96776610112911
26.900000000000002,16.18081,21.00182529127244
26.900000000000002,16.38182,21.035774797984025
26.900000000000002,16.58283,21.069274919313127
26.900000000000002,16.78384,21.102185489737685
26.900000000000002,16.98485,21.135096265852145
26.900000000000002,17.18586,21.167087721768794
26.900000000000002,17.38687,21.199009408133183
26.900000000000002,17.58788,21.23050157098231
26.900000000000002,17.78889,21.26147407382218
26.900000000000002,17.9899,21.292436740449187
26.900000000000002,18.19091,21.322529948600423
26.900000000000002,18.39192,21.35258332674306
26.900000000000002,18.59293,21.382207075333515
26.900000000000002,18.79394,21.411351094303186
26.900000000000002,18.99495,21.440505243614005
26.900000000000002,19.19596,21.468809839883825
26.900000000000002,19.39697,21.49709456128119
26.900000000000002,19.59798,21.52495954909397
26.900000000000002,19.79899,21.54842544555447
26.900000000000002,20.0,21.57184142496003
27.2,0.1,2.58230824451506
27.2,0.3010101,3.4895175878032934
27.2,0.5020202,3.913378632557119
27.2,0.7030303,4.192628583807321
27.2,0.9040404,4.450878552143767
27.2,1.105051,4.662480884419361
27.2,1.306061,4.861476221626362
27.2,1.507071,5.0546059508358745
27.2,1.708081,5.2477575943794115
27.2,1.909091,5.447273350736087
27.2,2.110101,5.647391567094559
27.2,2.311111,5.854166496371362
27.2,2.512121,6.067018481475801
27.2,2.713131,6.288074080575289
27.2,2.914141,6.517669414910758
27.2,3.115152,6.753988800201729
27.2,3.316162,7.000443725415896
27.2,3.517172,7.255871828462959
27.2,3.718182,7.5249432222226105
27.2,3.919192,7.808863324613329
27.2,4.120202,8.107150560171817
27.2,4.321212,8.422311337276337
27.2,4.522222,8.755576925154099
27.2,4.723232,9.112576656464755
27.2,4.924242,9.495098725876673
27.2,5.125253,9.902530581863626
27.2,5.326263,10.333181739447626
27.2,5.527273,10.790623614112222
27.2,5.728283,11.276108597096927
27.2,5.929293,11.788934240610473
27.2,6.130303,12.326274490560532
27.2,6.331313,12.877834544089257
27.2,6.532323,13.447749291503984
27.2,6.733333,14.026365565268044
27.2,6.934343,14.60511726018811
27.2,7.135354,15.179583986433272
27.2,7.336364,15.733233108974197
27.2,7.537374,16.266832958790847
27.2,7.738384,16.764013342126237
27.2,7.939394,17.209237148609652
27.2,8.140404,17.60986149913847
27.2,8.341414,17.962094412414242
27.2,8.542424,18.269127215474395
27.2,8.743434,18.531122909402747
27.2,8.944444,18.74642424536517
27.2,9.145455,18.931953242306058
27.2,9.346465,19.09267668725507
27.2,9.547475,19.232050922109885
27.2,9.748485,19.35417319740001
27.2,9.949495,19.45539609667269
27.2,10.15051,19.54312487088127
27.2,10.35152,19.631845418620063
27.2,10.55253,19.719570436221687
27.2,10.75354,19.790074564064767
27.2,10.95455,19.86048088697804
27.2,11.15556,19.923005994241066
27.2,11.35657,19.983425298110987
27.2,11.55758,20.041928148698364
27.2,11.75859,20.095636996158817
27.2,11.9596,20.149306965214116
27.2,12.16061,20.199191606448018
27.2,12.36162,20.248178498522382
27.2,12.56263,20.296087407097406
27.2,12.76364,20.341609467241224
27.2,12.96465,20.387122166542362
27.2,13.16566,20.43045756340651
27.2,13.36667,20.47332428722273
27.2,13.56768,20.515472279555116
27.2,13.76869,20.556222101243655
27.2,13.9697,20.596972327465075
27.2,14.17071,20.636264249635282
27.2,14.37172,20.675267020464485
27.2,14.57273,20.713730650326852
27.2,14.77374,20.751245428135707
27.2,14.97475,20.788770483764836
27.2,15.17576,20.825156691096115
27.2,15.37677,20.86136347376604
27.2,15.57778,20.897100877854548
27.2,15.77879,20.93211905515797
27.2,15.9798,20.9671474363902
27.2,16.18081,21.001186659303418
27.2,16.38182,21.0351062874257
27.2,16.58283,21.068596389291333
27.2,16.78384,21.101487045654515
27.2,16.98485,21.13437785992115
27.2,17.18586,21.1663693274143
27.2,17.38687,21.198261084507536
27.2,17.58788,21.229753217689865
27.2,17.78889,21.26070576696556
27.2,17.9899,21.291668443352417
27.2,18.19091,21.321751646847275
27.2,18.39192,21.351785056687252
27.2,18.59293,21.381408771047028
27.2,18.79394,21.41055280417086
27.2,18.99495,21.43969694337338
27.2,19.19596,21.4680015224166
27.2,19.39697,21.4962762456132
27.2,19.59798,21.524141198576473
27.2,19.79899,21.551576379153897
27.2,20.0,21.577012000765478
27.5,0.1,2.6195505670923573
27.5,0.3010101,3.5287011339623073
27.5,0.5020202,3.954325095999661
27.5,0.7030303,4.245182906028558
27.5,0.9040404,4.492342717196133
27.5,1.105051,4.708804553546143
27.5,1.306061,4.910675308901585
27.5,1.507071,5.107549866679846
27.5,1.708081,5.305455215706082
27.5,1.909091,5.50650284970936
27.5,2.110101,5.711783115834298
27.5,2.311111,5.9198064076109675
27.5,2.512121,6.136378391975882
27.5,2.713131,6.359743234233883
27.5,2.914141,6.590318049613401
27.5,3.115152,6.82943774225843
27.5,3.316162,7.076560186421245
27.5,3.517172,7.333836283281833
27.5,3.718182,7.604143349820136
27.5,3.919192,7.88855504078548
27.5,4.120202,8.187807526972907
27.5,4.321212,8.503098459215874
27.5,4.522222,8.836235226213983
27.5,4.723232,9.19252661553588
27.5,4.924242,9.574242134978803
27.5,5.125253,9.978787371091563
27.5,5.326263,10.40841481615391
27.5,5.527273,10.86147617696501
27.5,5.728283,11.342813933292359
27.5,5.929293,11.852365680865999
27.5,6.130303,12.381116579147472
27.5,6.331313,12.930136037127097
27.5,6.532323,13.490715933672629
27.5,6.733333,14.062401694024485
27.5,6.934343,14.63602430992267
27.5,7.135354,15.199632944123671
27.5,7.336364,15.75046449974713
27.5,7.537374,16.275498279319045
27.5,7.738384,16.767932408059682
27.5,7.939394,17.210338957219157
27.5,8.140404,17.606876918697708
27.5,8.341414,17.958381195749094
27.5,8.542424,18.264216059301596
27.5,8.743434,18.526102687576948
27.5,8.944444,18.74161499616546
27.5,9.145455,18.92783493866657
27.5,9.346465,19.088788979259697
27.5,9.547475,19.228884283691993
27.5,9.748485,19.35139725349281
27.5,9.949495,19.44556783219958
27.5,10.15051,19.536952196477877
27.5,10.35152,19.634792131429656
27.5,10.55253,19.7183307296816
27.5,10.75354,19.78883518826532
27.5,10.95455,19.859534374820978
27.5,11.15556,19.922441598168653
27.5,11.35657,19.982901263051538
27.5,11.55758,20.041404241334245
27.5,11.75859,20.095113202533785
27.5,11.9596,20.148893949285398
27.5,12.16061,20.19887954861224
27.5,12.36162,20.24786659667906
27.5,12.56263,20.295775557308726
27.5,12.76364,20.34129766538968
27.5,12.96465,20.38682087615399
27.5,13.16566,20.430136925217912
27.5,13.36667,20.47299372515848
27.5,13.56768,20.515151731092185
27.5,13.76869,20.555891565955754
27.5,13.9697,20.59662216962804
27.5,14.17071,20.63585455995452
27.5,14.37172,20.674847362872548
27.5,14.57273,20.713310984451933
27.5,14.77374,20.750825754408275
27.5,14.97475,20.78830109348503
27.5,15.17576,20.824627635691037
27.5,15.37677,20.86082442195296
27.5,15.57778,20.89657180379654
27.5,15.77879,20.931579961062848
27.5,15.9798,20.966558549981105
27.5,16.18081,21.000548002031913
27.5,16.38182,21.034467614725816
27.5,16.58283,21.06795768721224
27.5,16.78384,21.100838315433748
27.5,16.98485,21.133699273350608
27.5,17.18586,21.16564088621664
27.5,17.38687,21.197542616999666
27.5,17.58788,21.229024717114285
27.5,17.78889,21.25997723436205
27.5,17.9899,21.29091000027776
27.5,18.19091,21.320983283257526
27.5,18.39192,21.351016661333784
27.5,18.59293,21.38064034165916
27.5,18.79394,21.40978434179876
27.5,18.99495,21.43891852473023
27.5,19.19596,21.46720312969814
27.5,19.39697,21.495487819897335
27.5,19.59798,21.523352739984293
27.5,19.79899,21.550777888612938
27.5,20.0,21.57422385185957
27.8,0.1,2.654364466207807
27.8,0.3010101,3.5674925619526316
27.8,0.5020202,3.992900267817702
27.8,0.7030303,4.285296362093194
27.8,0.9040404,4.5351872242569495
27.8,1.105051,4.754464616441377
27.8,1.306061,4.960178814999252
27.8,1.507071,5.160553234842516
27.8,1.708081,5.361327243934971
27.8,1.909091,5.566470152319867
27.8,2.110101,5.774467140608048
27.8,2.311111,5.986783089055102
27.8,2.512121,6.207005482309338
27.8,2.713131,6.431046464273465
27.8,2.914141,6.663485635980244
27.8,3.115152,6.903889529885688
27.8,3.316162,7.152907972382115
27.8,3.517172,7.4114278106895
27.8,3.718182,7.682601930675182
27.8,3.919192,7.968186236256911
27.8,4.120202,8.26787016471571
27.8,4.321212,8.583407649015518
27.8,4.522222,8.916638721085041
27.8,4.723232,9.272062182604168
27.8,4.924242,9.652618462690654
27.8,5.125253,10.055546913521855
27.8,5.326263,10.481948049873456
27.8,5.527273,10.932614047781499
27.8,5.728283,11.409836415553267
27.8,5.929293,11.91421134107731
27.8,6.130303,12.438329257992267
27.8,6.331313,12.979604178509295
27.8,6.532323,13.534822346828507
27.8,6.733333,14.099568613825847
27.8,6.934343,14.665131729052268
27.8,7.135354,15.222932876051635
27.8,7.336364,15.765357959585536
27.8,7.537374,16.285104707250383
27.8,7.738384,16.772852195653613
27.8,7.939394,17.210452158637413
27.8,8.140404,17.604941914395543
27.8,8.341414,17.954348181902542
27.8,8.542424,18.259054404388497
27.8,8.743434,18.521321581460676
27.8,8.944444,18.73669499313348
27.8,9.145455,18.923445663481985
27.8,9.346465,19.085120784540592
27.8,9.547475,19.225467356142037
27.8,9.748485,19.34854220605869
27.8,9.949495,19.453197132014918
27.8,10.15051,19.545469592017202
27.8,10.35152,19.63362021448994
27.8,10.55253,19.717230127085344
27.8,10.75354,19.787998065592117
27.8,10.95455,19.858758190531997
27.8,11.15556,19.921665608044762
27.8,11.35657,19.982276243511954
27.8,11.55758,20.04094026914743
27.8,11.75859,20.094740011978494
27.8,11.9596,20.14854098673802
27.8,12.16061,20.19852666723607
27.8,12.36162,20.247554198510503
27.8,12.56263,20.29548369657072
27.8,12.76364,20.341016273065822
27.8,12.96465,20.386539593969083
27.8,13.16566,20.42985567528436
27.8,13.36667,20.472702801195137
27.8,13.56768,20.514831167923738
27.8,13.76869,20.55555132920612
27.8,13.9697,20.59627198559743
27.8,14.17071,20.63550438056572
27.8,14.37172,20.674477418103162
27.8,14.57273,20.712901296520936
27.8,14.77374,20.750376299706765
27.8,14.97475,20.787851656746952
27.8,15.17576,20.82417818579233
27.8,15.37677,20.86033514151305
27.8,15.57778,20.89604270378862
27.8,15.77879,20.93101102233546
27.8,15.9798,20.965989605993016
27.8,16.18081,20.999979035248447
27.8,16.38182,21.033858764709954
27.8,16.58283,21.067318956080598
27.8,16.78384,21.100169688798562
27.8,16.98485,21.13303062710541
27.8,17.18586,21.16497221144441
27.8,17.38687,21.196844015023398
27.8,17.58788,21.228316185359073
27.8,17.78889,21.259238761863628
27.8,17.9899,21.290171499973063
27.8,18.19091,21.320244751819814
27.8,18.39192,21.350258166928377
27.8,18.59293,21.379871879265004
27.8,18.79394,21.409005902918416
27.8,18.99495,21.43814005455958
27.8,19.19596,21.466434628290536
27.8,19.39697,21.494699323802966
27.8,19.59798,21.52060459688202
27.8,19.79899,21.544020442944777
27.8,20.0,21.567446363824804
28.1,0.1,2.6890288388240915
28.1,0.3010101,3.605685348902195
28.1,0.5020202,4.031216594433031
28.1,0.7030303,4.314564662794299
28.1,0.9040404,4.578463531811811
28.1,1.105051,4.800618414349494
28.1,1.306061,5.009646858575697
28.1,1.507071,5.213264949126747
28.1,1.708081,5.416719650819634
28.1,1.909091,5.625386160114787
28.1,2.110101,5.835413881560393
28.1,2.311111,6.049846703833825
28.1,2.512121,6.271130158840181
28.1,2.713131,6.497850228683687
28.1,2.914141,6.734998130348291
28.1,3.115152,6.97680628731699
28.1,3.316162,7.2279886894201395
28.1,3.517172,7.487497313251032
28.1,3.718182,7.758621024227557
28.1,3.919192,8.046308200596961
28.1,4.120202,8.346437661396669
28.1,4.321212,8.66235965877999
28.1,4.522222,8.995292341593306
28.1,4.723232,9.34870770831382
28.1,4.924242,9.729328925426996
28.1,5.125253,10.130811848852003
28.1,5.326263,10.554136445783538
28.1,5.527273,11.00202047401317
28.1,5.728283,11.474119596705073
28.1,5.929293,11.974630018178544
28.1,6.130303,12.494497135853237
28.1,6.331313,13.02805964451987
28.1,6.532323,13.577889726373183
28.1,6.733333,14.135290386348515
28.1,6.934343,14.693532835621976
28.1,7.135354,15.245807061873643
28.1,7.336364,15.779444785097876
28.1,7.537374,16.294592040309446
28.1,7.738384,16.77794371299205
28.1,7.939394,17.21044040866333
28.1,8.140404,17.602538838274864
28.1,8.341414,17.949654669845973
28.1,8.542424,18.25395971048004
28.1,8.743434,18.517036062602358
28.1,8.944444,18.73181011722827
28.1,9.145455,18.91873158821024
28.1,9.346465,19.0813796156239
28.1,9.547475,19.222280350046546
28.1,9.748485,19.346344232893635
28.1,9.949495,19.44079003044192
28.1,10.15051,19.531540914604758
28.1,10.35152,19.62712020009071
28.1,10.55253,19.716292707066955
28.1,10.75354,19.78732183617867
28.1,10.95455,19.858152382253863
28.1,11.15556,19.921059982877406
28.1,11.35657,19.98178125813578
28.1,11.55758,20.040566031105097
28.1,11.75859,20.094436510244286
28.1,11.9596,20.148257711379927
28.1,12.16061,20.198243481901393
28.1,12.36162,20.24730148278854
28.1,12.56263,20.295261501897937
28.1,12.76364,20.340784540169125
28.1,12.96465,20.38630797791699
28.1,13.16566,20.429634098236438
28.1,13.36667,20.47246154969389
28.1,13.56768,20.514580276358966
28.1,13.76869,20.55527076526697
28.1,13.9697,20.59598148228019
28.1,14.17071,20.635213888083946
28.1,14.37172,20.674157165179533
28.1,14.57273,20.71254130348904
28.1,14.77374,20.749976544109884
28.1,14.97475,20.787441925118497
28.1,15.17576,20.823768448605772
28.1,15.37677,20.85989557927954
28.1,15.57778,20.8955533272665
28.1,15.77879,20.930491813035797
28.1,15.9798,20.965460398155777
28.1,16.18081,20.999459810186462
28.1,16.38182,21.033299662793272
28.1,16.58283,21.066729979947127
28.1,16.78384,21.09955082449724
28.1,16.98485,21.13240174867678
28.1,17.18586,21.164343309391565
28.1,17.38687,21.19619519305921
28.1,17.58788,21.227637441582498
28.1,17.78889,21.25854008523776
28.1,17.9899,21.289472800124766
28.1,18.19091,21.31953602522243
28.1,18.39192,21.349539485582742
28.1,18.59293,21.379133238909176
28.1,18.79394,21.408257295374057
28.1,18.99495,21.437391419573625
28.1,19.19596,21.465685965614483
28.1,19.39697,21.493940681405615
28.1,19.59798,21.521795620043246
28.1,19.79899,21.549220778832197
28.1,20.0,21.572656691017738
9.5,0.1,3.3738433012207536
9.5,0.3010101,6.021543145744183
9.5,0.5020202,6.077487429837784
9.5,0.7030303,5.911259080356672
9.5,0.9040404,1.0321705827330045
9.5,1.306061,4.128566557341021
9.5,1.507071,4.215521670227404
9.5,1.708081,3.6960303243154944
9.5,1.909091,3.259454995862101
9.5,2.110101,2.865263410514168
9.5,2.311111,2.5353115520451883
9.5,2.512121,2.268660003878138
9.5,2.713131,2.072281693599936
9.5,2.914141,1.9373078757777351
9.5,3.115152,1.8552782861366142
9.5,3.316162,1.824214939498144
9.5,3.517172,1.8329899138775751
9.5,3.718182,1.8829519649158535
9.5,3.919192,1.9722105193661008
9.5,4.120202,2.100611084969726
9.5,4.321212,2.2782256522079947
9.5,4.522222,2.505764844809899
9.5,4.723232,2.797378088406954
9.5,4.924242,3.1657190084422897
9.5,5.125253,3.618177657408762
9.5,5.326263,4.201935153949383
9.5,5.527273,4.8751052540871305
9.5,5.728283,5.682724679488249
9.5,5.929293,6.648311168472671
9.5,6.130303,7.754237144630374
9.5,6.331313,8.996033169328696
9.5,6.532323,10.356727919271618
9.5,6.733333,11.819785637860408
9.5,6.934343,13.298109230274163
9.5,7.135354,14.674943521919438
9.5,7.336364,15.886679492195126
9.5,7.537374,16.872184884269775
9.5,7.738384,17.597065127528307
9.5,7.939394,18.08409965937545
9.5,8.140404,18.44655808644444
9.5,8.341414,18.71628186250797
9.5,8.542424,18.925703672752327
9.5,8.743434,19.091621137486825
9.5,8.944444,19.225282291363666
9.5,9.145455,19.34253577437678
9.5,9.346465,19.446181812190957
9.5,9.547475,19.539849650538688
9.5,9.748485,19.625089484117325
9.5,9.949495,19.694042020717824
9.5,10.15051,19.76429531558296
9.5,10.35152,19.84053921398195
9.5,10.55253,19.906665136933803
9.5,10.75354,19.966032471443548
9.5,10.95455,20.02572075378695
9.5,11.15556,20.08092016240179
9.5,11.35657,20.134510261907298
9.5,11.55758,20.186760999246214
9.5,11.75859,20.2358222970592
9.5,11.9596,20.285164429438574
9.5,12.16061,20.331816996950806
9.5,12.36162,20.37747964658974
9.5,12.56263,20.42222247523847
9.5,12.76364,20.465045309891984
9.5,12.96465,20.508158900646574
9.5,13.16566,20.549442438418822
9.5,13.36667,20.590035621270335
9.5,13.56768,20.62990867327755
9.5,13.76869,20.668481424872766
9.5,13.9697,20.707334907070145
9.5,14.17071,20.744768039874295
9.5,14.37172,20.781680543214406
9.5,14.57273,20.81800275313446
9.5,14.77374,20.853354547849392
9.5,14.97475,20.888957071431605
9.5,15.17576,20.923399129968054
9.5,15.37677,20.95743044149509
9.5,15.57778,20.99095142913777
9.5,15.77879,21.023722032440453
9.5,15.9798,21.056713347994943
9.5,16.18081,21.08869421705749
9.5,16.38182,21.120364344417982
9.5,16.58283,21.15159419874384
9.5,16.78384,21.182223765204498
9.5,16.98485,21.213014001516225
9.5,17.18586,21.242923876657834
9.5,17.38687,21.272603084060766
9.5,17.58788,21.30188209979207
9.5,17.78889,21.330660932012677
9.5,17.9899,21.35957037221014
9.5,18.19091,21.38766955310479
9.5,18.39192,21.41560816399038
9.5,18.59293,21.443176662176207
9.5,18.79394,21.470325061298844
9.5,18.99495,21.49756400096819
9.5,19.19596,21.524062786107187
9.5,19.39697,21.55045108500998
9.5,19.59798,21.576479348173752
9.5,19.79899,21.602117585446994
9.5,20.0,21.624106498553015
9.8,0.1,3.493166667252362
9.8,0.3010101,4.175201032253926
9.8,0.5020202,4.456865618421617
9.8,0.7030303,4.286160633541927
9.8,1.306061,2.7032787385414827
9.8,1.507071,4.137829015430089
9.8,1.708081,3.721943353432465
9.8,1.909091,3.304632279703487
9.8,2.110101,2.9144304952995466
9.8,2.311111,2.5804755137907844
9.8,2.512121,2.30865188384921
9.8,2.713131,2.1076578127613366
9.8,2.914141,1.9684758768782145
9.8,3.115152,1.8833257182906087
9.8,3.316162,1.850013764189341
9.8,3.517172,1.8573261122180953
9.8,3.718182,1.9063326539741443
9.8,3.919192,1.9947990026502476
9.8,4.120202,2.1226307992238365
9.8,4.321212,2.299967102108597
9.8,4.522222,2.527625591263018
9.8,4.723232,2.8199661445197894
9.8,4.924242,3.1900632884152285
9.8,5.125253,3.6455502559009187
9.8,5.326263,4.234038875743399
9.8,5.527273,4.911082369957984
9.8,5.728283,5.723147862467278
9.8,5.929293,6.69258311621519
9.8,6.130303,7.798153269370265
9.8,6.331313,9.03379437576334
9.8,6.532323,10.385499866301556
9.8,6.733333,11.831783582422576
9.8,6.934343,13.287352351789528
9.8,7.135354,14.649462418251298
9.8,7.336364,15.847376233944328
9.8,7.537374,16.83009646495156
9.8,7.738384,17.55901933127336
9.8,7.939394,18.053258596911594
9.8,8.140404,18.42082497009238
9.8,8.341414,18.696828499345678
9.8,8.542424,18.909402690819483
9.8,8.743434,19.078023561001235
9.8,8.944444,19.213569011281397
9.8,9.145455,19.331917582096615
9.8,9.346465,19.43677887686173
9.8,9.547475,19.531072612787533
9.8,9.748485,19.616918583081038
9.8,9.949495,19.694476722707048
9.8,10.15051,19.765236907989756
9.8,10.35152,19.833738570961003
9.8,10.55253,19.899961674067004
9.8,10.75354,19.959736438878927
9.8,10.95455,20.019512226929518
9.8,11.15556,20.07470930476117
9.8,11.35657,20.128577316702216
9.8,11.55758,20.181166194037367
9.8,11.75859,20.23057588529326
9.8,11.9596,20.27998623429326
9.8,12.16061,20.326627130031355
9.8,12.36162,20.3725785215718
9.8,12.56263,20.41766032991444
9.8,12.76364,20.460842366212255
9.8,12.96465,20.504014781333538
9.8,13.16566,20.545297205449693
9.8,13.36667,20.586169834924025
9.8,13.56768,20.62637256150678
9.8,13.76869,20.665275158967646
9.8,13.9697,20.704177946697623
9.8,14.17071,20.741620410527602
9.8,14.37172,20.778792913751648
9.8,14.57273,20.815415318981977
9.8,14.77374,20.851067423581927
9.8,14.97475,20.88670960580623
9.8,15.17576,20.9211413237711
9.8,15.37677,20.955413010448755
9.8,15.57778,20.989194517112693
9.8,15.77879,21.02220569794932
9.8,15.9798,21.055216901745652
9.8,16.18081,21.087197648774225
9.8,16.38182,21.119068353353143
9.8,16.58283,21.150498874631683
9.8,16.78384,21.181309125705145
9.8,16.98485,21.212119381302024
9.8,17.18586,21.242029265160692
9.8,17.38687,21.271859121378682
9.8,17.58788,21.301288830412595
9.8,17.78889,21.330208349916926
9.8,17.9899,21.35911787354147
9.8,18.19091,21.387217132404743
9.8,18.39192,21.415276383712193
9.8,18.59293,21.44295553510661
9.8,18.79394,21.470204571663583
9.8,18.99495,21.49745361828158
9.8,19.19596,21.523942510326396
9.8,19.39697,21.550411411286813
9.8,19.59798,21.5746903559098
9.8,19.79899,21.596659344445676
9.8,20.0,21.61862834433491
10.100000000000001,0.1,3.161565058275235
10.100000000000001,0.3010101,4.80407245941048
10.100000000000001,0.5020202,4.82074949119356
10.100000000000001,0.7030303,1.633419391715857
10.100000000000001,0.9040404,0.10316942580513119
10.100000000000001,1.306061,2.9761299543735023
10.100000000000001,1.507071,3.961995544778159
10.100000000000001,1.708081,3.650046087842731
10.100000000000001,1.909091,3.2912856680783684
10.100000000000001,2.110101,2.9325504176106354
10.100000000000001,2.311111,2.6129281877876314
10.100000000000001,2.512121,2.3461811358573352
10.100000000000001,2.713131,2.1465365621648247
10.100000000000001,2.914141,2.007518778081262
10.100000000000001,3.115152,1.922074409838883
10.100000000000001,3.316162,1.8883758769004158
10.100000000000001,3.517172,1.8953830598813068
10.100000000000001,3.718182,1.944233069705802
10.100000000000001,3.919192,2.0325933579749225
10.100000000000001,4.120202,2.160346285177685
10.100000000000001,4.321212,2.337659301017823
10.100000000000001,4.522222,2.5654399856946295
10.100000000000001,4.723232,2.858243448952114
10.100000000000001,4.924242,3.2294077036670257
10.100000000000001,5.125253,3.6867358917131425
10.100000000000001,5.326263,4.278924100064543
10.100000000000001,5.527273,4.958765093836976
10.100000000000001,5.728283,5.773430321699384
10.100000000000001,5.929293,6.7437341858470425
10.100000000000001,6.130303,7.84757255827781
10.100000000000001,6.331313,9.074204887773739
10.100000000000001,6.532323,10.416057716209417
10.100000000000001,6.733333,11.84495740194144
10.100000000000001,6.934343,13.277804746458049
10.100000000000001,7.135354,14.625347774083638
10.100000000000001,7.336364,15.809507281617327
10.100000000000001,7.537374,16.789292336039765
10.100000000000001,7.738384,17.521777624139858
10.100000000000001,7.939394,18.02281084388397
10.100000000000001,8.140404,18.395364425040142
10.100000000000001,8.341414,18.677526469117126
10.100000000000001,8.542424,18.89324228081568
10.100000000000001,8.743434,19.064585721640068
10.100000000000001,8.944444,19.202054739592818
10.100000000000001,9.145455,19.321507947322182
10.100000000000001,9.346465,19.427613891288658
10.100000000000001,9.547475,19.522533229411675
10.100000000000001,9.748485,19.609014995133126
10.100000000000001,9.949495,19.678850963743226
10.100000000000001,10.15051,19.748677637831296
10.100000000000001,10.35152,19.82298493775571
10.100000000000001,10.55253,19.893604308029463
10.100000000000001,10.75354,19.953756251162385
10.100000000000001,10.95455,20.013619622389648
10.100000000000001,11.15556,20.06882453310549
10.100000000000001,11.35657,20.12293032708836
10.100000000000001,11.55758,20.175827136909792
10.100000000000001,11.75859,20.225535023077555
10.100000000000001,11.9596,20.275003649851627
10.100000000000001,12.16061,20.32165298979204
10.100000000000001,12.36162,20.367842965894557
10.100000000000001,12.56263,20.4132335240093
10.100000000000001,12.76364,20.456704519219155
10.100000000000001,12.96465,20.49993578169221
10.100000000000001,13.16566,20.541217163317334
10.100000000000001,13.36667,20.582339030231072
10.100000000000001,13.56768,20.62284116142727
10.100000000000001,13.76869,20.662043328642785
10.100000000000001,13.9697,20.700985417464366
10.100000000000001,14.17071,20.73842724958622
10.100000000000001,14.37172,20.77584951242763
10.100000000000001,14.57273,20.812751828482597
10.100000000000001,14.77374,20.848663962162284
10.100000000000001,14.97475,20.88433578482103
10.100000000000001,15.17576,20.918777177393203
10.100000000000001,15.37677,20.95325899962808
10.100000000000001,15.57778,20.987290759671875
10.100000000000001,15.77879,21.020532263718824
10.100000000000001,15.9798,21.05356333513578
10.100000000000001,16.18081,21.085543963177585
10.100000000000001,16.38182,21.1176050302369
10.100000000000001,16.58283,21.14923599213183
10.100000000000001,16.78384,21.180226715153037
10.100000000000001,16.98485,21.21105697273661
10.100000000000001,17.18586,21.240956862795663
10.100000000000001,17.38687,21.270937187746906
10.100000000000001,17.58788,21.300527407592064
10.100000000000001,17.78889,21.329577444331147
10.100000000000001,17.9899,21.358507038913192
10.100000000000001,18.19091,21.386606371322674
10.100000000000001,18.39192,21.41477611557746
10.100000000000001,18.59293,21.44257577385408
10.100000000000001,18.79394,21.469915309724712
10.100000000000001,18.99495,21.497164455500236
10.100000000000001,19.19596,21.523653450140074
10.100000000000001,19.39697,21.550212810570937
10.100000000000001,19.59798,21.576402114334705
10.100000000000001,19.79899,21.602201352136902
10.100000000000001,20.0,21.624190440720156
28.400000000000002,0.1,2.7220474539877557
28.400000000000002,0.3010101,3.6433091648510327
28.400000000000002,0.5020202,4.067036518465645
28.400000000000002,0.7030303,4.359226125643239
28.400000000000002,0.9040404,4.6200956748475654
28.400000000000002,1.105051,4.847616608830047
28.400000000000002,1.306061,5.058679840197518
28.400000000000002,1.507071,5.265287417689193
28.400000000000002,1.708081,5.472597859445244
28.400000000000002,1.909091,5.6824176663037935
28.400000000000002,2.110101,5.89587864786637
28.400000000000002,2.311111,6.110721322022715
28.400000000000002,2.512121,6.322640006459781
28.400000000000002,2.713131,6.573447647409829
28.400000000000002,2.914141,6.8123141158090155
28.400000000000002,3.115152,7.054240170223442
28.400000000000002,3.316162,7.303968676729533
28.400000000000002,3.517172,7.576150206145712
28.400000000000002,3.718182,7.846635773840993
28.400000000000002,3.919192,8.13201814137745
28.400000000000002,4.120202,8.429946571829442
28.400000000000002,4.321212,8.742710044323859
28.400000000000002,4.522222,9.088922020746555
28.400000000000002,4.723232,9.439891881021154
28.400000000000002,4.924242,9.814774248884635
28.400000000000002,5.125253,10.21142073836238
28.400000000000002,5.326263,10.628174655276105
28.400000000000002,5.527273,11.085943021322645
28.400000000000002,5.728283,11.550797627552402
28.400000000000002,5.929293,12.043183452782015
28.400000000000002,6.130303,12.555953702924077
28.400000000000002,6.331313,13.078628976226089
28.400000000000002,6.532323,13.627557305225395
28.400000000000002,6.733333,14.171293017488905
28.400000000000002,6.934343,14.725344052369337
28.400000000000002,7.135354,15.272008812264719
28.400000000000002,7.336364,15.79427429824798
28.400000000000002,7.537374,16.29538222514564
28.400000000000002,7.738384,16.765423353950197
28.400000000000002,7.939394,17.206119479148057
28.400000000000002,8.140404,17.59889085763416
28.400000000000002,8.341414,17.94389481089833
28.400000000000002,8.542424,18.236753171777927
28.400000000000002,8.743434,18.49721484994083
28.400000000000002,8.944444,18.72278444503298
28.400000000000002,9.145455,18.912256215265487
28.400000000000002,9.346465,19.077086732135406
28.400000000000002,9.547475,19.214500946675454
28.400000000000002,9.748485,19.339266795405877
28.400000000000002,9.949495,19.449760845055216
28.400000000000002,10.15051,19.542932422665253
28.400000000000002,10.35152,19.6312994785376
28.400000000000002,10.55253,19.7151373355057
28.400000000000002,10.75354,19.78617663790689
28.400000000000002,10.95455,19.85735742093075
28.400000000000002,11.15556,19.92064529149474
28.400000000000002,11.35657,19.981396844367524
28.400000000000002,11.55758,20.04018175320321
28.400000000000002,11.75859,20.09406235389927
28.400000000000002,11.9596,20.14796424568033
28.400000000000002,12.16061,20.1980208645734
28.400000000000002,12.36162,20.247079029684656
28.400000000000002,12.56263,20.295039114536163
28.400000000000002,12.76364,20.340572213094795
28.400000000000002,12.96465,20.38610614503462
28.400000000000002,13.16566,20.429402893024477
28.400000000000002,13.36667,20.472230433142105
28.400000000000002,13.56768,20.514339187047494
28.400000000000002,13.76869,20.555039701082425
28.400000000000002,13.9697,20.595720795173364
28.400000000000002,14.17071,20.634893667290182
28.400000000000002,14.37172,20.673826988306654
28.400000000000002,14.57273,20.712211129889166
28.400000000000002,14.77374,20.74964637418538
28.400000000000002,14.97475,20.787062046151952
28.400000000000002,15.17576,20.823318911035322
28.400000000000002,15.37677,20.859446056506812
28.400000000000002,15.57778,20.895103793408435
28.400000000000002,15.77879,20.93004226905569
28.400000000000002,15.9798,20.964961072938202
28.400000000000002,16.18081,20.998900727098935
28.400000000000002,16.38182,21.032740574592573
28.400000000000002,16.58283,21.066160872419008
28.400000000000002,16.78384,21.09898169813767
28.400000000000002,16.98485,21.131792779636477
28.400000000000002,17.18586,21.163694501167043
28.400000000000002,17.38687,21.195546367645175
28.400000000000002,17.58788,21.22697859170401
28.400000000000002,17.78889,21.25789121152144
28.400000000000002,17.9899,21.288784031497755
28.400000000000002,18.19091,21.318827354319843
28.400000000000002,18.39192,21.34882079071185
28.400000000000002,18.59293,21.378414517183806
28.400000000000002,18.79394,21.40753854764879
28.400000000000002,18.99495,21.436652735185408
28.400000000000002,19.19596,21.46492733546366
28.400000000000002,19.39697,21.493192024285772
28.400000000000002,19.59798,21.521046935755418
28.400000000000002,19.79899,21.548472068003957
28.400000000000002,20.0,21.573897670551386
28.7,0.1,2.75446568421434
28.7,0.3010101,3.6803012110871736
28.7,0.5020202,4.104251503340608
28.7,0.7030303,4.40263665394158
28.7,0.9040404,4.660848961734775
28.7,1.105051,4.88998811566125
28.7,1.306061,5.105793480627951
28.7,1.507071,5.3210738268440485
28.7,1.708081,5.526979397983185
28.7,1.909091,5.743365672226767
28.7,2.110101,5.9571913725037575
28.7,2.311111,6.180179165469678
28.7,2.512121,6.398203951492667
28.7,2.713131,6.640109108001461
28.7,2.914141,6.900970974686117
28.7,3.115152,7.1454057963275694
28.7,3.316162,7.402344543923944
28.7,3.517172,7.665110720069696
28.7,3.718182,7.9489593241183725
28.7,3.919192,8.230652420636673
28.7,4.120202,8.531071098462581
28.7,4.321212,8.851320979694691
28.7,4.522222,9.182565037197763
28.7,4.723232,9.549570812292952
28.7,4.924242,9.91343704454882
28.7,5.125253,10.312149898282797
28.7,5.326263,10.733612115903766
28.7,5.527273,11.170838220679563
28.7,5.728283,11.64729156693424
28.7,5.929293,12.121102959536293
28.7,6.130303,12.631024872960225
28.7,6.331313,13.151125673794066
28.7,6.532323,13.681703375222064
28.7,6.733333,14.218839278736132
28.7,6.934343,14.757695776450921
28.7,7.135354,15.29133315935888
28.7,7.336364,15.803979001719037
28.7,7.537374,16.303911288451697
28.7,7.738384,16.745266436433724
28.7,7.939394,17.19481098946432
28.7,8.140404,17.572643364985638
28.7,8.341414,17.912434792849115
28.7,8.542424,18.22303018467548
28.7,8.743434,18.463124585385344
28.7,8.944444,18.7095507593295
28.7,9.145455,18.892749900952737
28.7,9.346465,19.058182030970265
28.7,9.547475,19.20704103819478
28.7,9.748485,19.325632385764248
28.7,9.949495,19.44629093494587
28.7,10.15051,19.539854391806404
28.7,10.35152,19.629567300882037
28.7,10.55253,19.713736522425254
28.7,10.75354,19.785173988445212
28.7,10.95455,19.856743147602575
28.7,11.15556,19.920071128921517
28.7,11.35657,19.98100272605237
28.7,11.55758,20.039827743291568
28.7,11.75859,20.093768723143686
28.7,11.9596,20.147730948870244
28.7,12.16061,20.197797767199752
28.7,12.36162,20.24689637310164
28.7,12.56263,20.294866595152932
28.7,12.76364,20.340390046076188
28.7,12.96465,20.38592426815461
28.7,13.16566,20.429221169674495
28.7,13.36667,20.472039072531437
28.7,13.56768,20.514147911229397
28.7,13.76869,20.554808701631817
28.7,13.9697,20.59548000641815
28.7,14.17071,20.634632989459075
28.7,14.37172,20.67352658581159
28.7,14.57273,20.711910772015685
28.7,14.77374,20.74931622560701
28.7,14.97475,20.786702044178128
28.7,15.17576,20.822948987272483
28.7,15.37677,20.859026334870013
28.7,15.57778,20.894684088567658
28.7,15.77879,20.929592718492295
28.7,15.9798,20.964481619172822
28.7,16.18081,20.998401325398483
28.7,16.38182,21.032211315207068
28.7,16.58283,21.065631611001443
28.7,16.78384,21.09842254471633
28.7,16.98485,21.13120368475708
28.7,17.18586,21.163095437282966
28.7,17.38687,21.194917397805803
28.7,17.58788,21.226349607674578
28.7,17.78889,21.257232297477266
28.7,17.9899,21.288125147097677
28.7,18.19091,21.318148484411104
28.7,18.39192,21.34813197751772
28.7,18.59293,21.3777256828666
28.7,18.79394,21.40682975549995
28.7,18.99495,21.435933953527044
28.7,19.19596,21.464208557376836
28.7,19.39697,21.49245327860652
28.7,19.59798,21.52030816557827
28.7,19.79899,21.54376402753408
28.7,20.0,21.567169969450404
29.0,0.1,2.78707511365394
29.0,0.3010101,3.7169383895612946
29.0,0.5020202,4.143587021991642
29.0,0.7030303,4.4414751131417685
29.0,0.9040404,4.695531402398503
29.0,1.105051,4.936865633249745
29.0,1.306061,5.154498901432248
29.0,1.507071,5.381644168479657
29.0,1.708081,5.602081368658533
29.0,1.909091,5.809943114443188
29.0,2.110101,6.028704401032549
29.0,2.311111,6.2638926049611925
29.0,2.512121,6.48995073834407
29.0,2.713131,6.733496371282641
29.0,2.914141,6.975411097604213
29.0,3.115152,7.225931191514834
29.0,3.316162,7.482940007250776
29.0,3.517172,7.743057328290094
29.0,3.718182,8.027899307713685
29.0,3.919192,8.311764714001688
29.0,4.120202,8.617384275069249
29.0,4.321212,8.937619401927861
29.0,4.522222,9.262708040597925
29.0,4.723232,9.628003771990718
29.0,4.924242,9.995024227937945
29.0,5.125253,10.395960082303029
29.0,5.326263,10.816871243882606
29.0,5.527273,11.241192098888792
29.0,5.728283,11.711763480912715
29.0,5.929293,12.188229277504766
29.0,6.130303,12.692983035812897
29.0,6.331313,13.211654781281275
29.0,6.532323,13.725169241133697
29.0,6.733333,14.25368235241363
29.0,6.934343,14.7908413238984
29.0,7.135354,15.311496458971934
29.0,7.336364,15.822416521985645
29.0,7.537374,16.312775945165154
29.0,7.738384,16.748668368653217
29.0,7.939394,17.190052934301526
29.0,8.140404,17.5604691175447
29.0,8.341414,17.899613641249026
29.0,8.542424,18.21582829094508
29.0,8.743434,18.455596698939537
29.0,8.944444,18.695707167698988
29.0,9.145455,18.88177963941478
29.0,9.346465,19.04737227273241
29.0,9.547475,19.202419912687237
29.0,9.748485,19.32147364767763
29.0,9.949495,19.440071013366126
29.0,10.15051,19.537036124237673
29.0,10.35152,19.626909862213655
29.0,10.55253,19.71247256609077
29.0,10.75354,19.784459097343454
29.0,10.95455,19.856028426496238
29.0,11.15556,19.919366556960846
29.0,11.35657,19.980368374433684
29.0,11.55758,20.039513855312002
29.0,11.75859,20.093545209036808
29.0,11.9596,20.147507537102836
29.0,12.16061,20.197574447643092
29.0,12.36162,20.246683240113104
29.0,12.56263,20.29470414891027
29.0,12.76364,20.34024795000996
29.0,12.96465,20.385782225956365
29.0,13.16566,20.429069177111526
29.0,13.36667,20.47188722946331
29.0,13.56768,20.51395666332222
29.0,13.76869,20.554597715665402
29.0,13.9697,20.595259043757178
29.0,14.17071,20.634422048100948
29.0,14.37172,20.673305755291278
29.0,14.57273,20.71162041475214
29.0,14.77374,20.74898605252474
29.0,14.97475,20.786381874643663
29.0,15.17576,20.82261882136976
29.0,15.37677,20.858686249017484
29.0,15.57778,20.894264366677344
29.0,15.77879,20.929133119795985
29.0,15.9798,20.964032011617324
29.0,16.18081,20.99795170910349
29.0,16.38182,21.031741754483726
29.0,16.58283,21.0650923193429
29.0,16.78384,21.09786332881445
29.0,16.98485,21.130654452197213
29.0,17.18586,21.16253618916338
29.0,17.38687,21.194338183763513
29.0,17.58788,21.225720582720893
29.0,17.78889,21.256593312996525
29.0,17.9899,21.287476141778704
29.0,18.19091,21.317509459102833
29.0,18.39192,21.347472969124954
29.0,18.59293,21.377036798528337
29.0,18.79394,21.406130885961893
29.0,18.99495,21.435235060981697
29.0,19.19596,21.46350964310023
29.0,19.39697,21.49175436709612
29.0,19.59798,21.519589327335186
29.0,19.79899,21.54502483108169
29.0,20.0,21.568440759363135
29.3,0.1,2.8201835522000898
29.3,0.3010101,3.7544430110375924
29.3,0.5020202,4.182599542795269
29.3,0.7030303,4.482553702612232
29.3,0.9040404,4.747025238037893
29.3,1.105051,4.988101841807012
29.3,1.306061,5.2170206406115485
29.3,1.507071,5.445990318396476
29.3,1.708081,5.666634813158157
29.3,1.909091,5.885775297976767
29.3,2.110101,6.1076814424252825
29.3,2.311111,6.333311653591539
29.3,2.512121,6.558951119181601
29.3,2.713131,6.8020105255959225
29.3,2.914141,7.045689203201139
29.3,3.115152,7.2974489673542235
29.3,3.316162,7.555239726273561
29.3,3.517172,7.815358867672557
29.3,3.718182,8.100300157750175
29.3,3.919192,8.385256591385325
29.3,4.120202,8.69122769282563
29.3,4.321212,9.011334274359259
29.3,4.522222,9.336423355569845
29.3,4.723232,9.70149533373113
29.3,4.924242,10.066580333344076
29.3,5.125253,10.46414247459515
29.3,5.326263,10.881341788761585
29.3,5.527273,11.305663628304627
29.3,5.728283,11.775284127859546
29.3,5.929293,12.244905749449627
29.3,6.130303,12.741327205630219
29.3,6.331313,13.252279919304492
29.3,6.532323,13.76578689434457
29.3,6.733333,14.29259173005231
29.3,6.934343,14.819425990597502
29.3,7.135354,15.330251811609104
29.3,7.336364,15.833334726989147
29.3,7.537374,16.32369698374283
29.3,7.738384,16.75830329954735
29.3,7.939394,17.192925085225692
29.3,8.140404,17.559118972658684
29.3,8.341414,17.895789751055208
29.3,8.542424,18.212005783419354
29.3,8.743434,18.451686192300933
29.3,8.944444,18.69138121500506
29.3,9.145455,18.87784552554571
29.3,9.346465,19.04396899759514
29.3,9.547475,19.199017273042095
29.3,9.748485,19.31821215022321
29.3,9.949495,19.437412432352215
29.3,10.15051,19.534969995035315
29.3,10.35152,19.62527543251846
29.3,10.55253,19.71083830522866
29.3,10.75354,19.782984801828928
29.3,10.95455,19.855143633466202
29.3,11.15556,19.918801995270424
29.3,11.35657,19.97997415516837
29.3,11.55758,20.03911976522609
29.3,11.75859,20.093191314592136
29.3,11.9596,20.147264020229308
29.3,12.16061,20.19739133734049
29.3,12.36162,20.246540431953726
29.3,12.56263,20.294551415947986
29.3,12.76364,20.340095388512772
29.3,12.96465,20.385640048385383
29.3,13.16566,20.428927362196156
29.3,13.36667,20.471725661608108
29.3,13.56768,20.513795133298064
29.3,13.76869,20.554436316388582
29.3,13.9697,20.595067952929288
29.3,14.17071,20.63419124155844
29.3,14.37172,20.673055128699485
29.3,14.57273,20.71136980189913
29.3,14.77374,20.748715536991927
29.3,14.97475,20.786071593719562
29.3,15.17576,20.822278753286678
29.3,15.37677,20.858316306763424
29.3,15.57778,20.893894422553192
29.3,15.77879,20.928743244891017
29.3,15.9798,20.96360230908312
29.3,16.18081,20.997482160589907
29.3,16.38182,21.031252287738035
29.3,16.58283,21.0646028419122
29.3,16.78384,21.09735389721558
29.3,16.98485,21.13010514148324
29.3,17.18586,21.16196698243762
29.3,17.38687,21.19374902593978
29.3,17.58788,21.225131407896644
29.3,17.78889,21.255994164859835
29.3,17.9899,21.286847072044147
29.3,18.19091,21.316850453521802
29.3,18.39192,21.346813987114093
29.3,18.59293,21.37637779626274
29.3,18.79394,21.405461894423794
29.3,18.99495,21.43454611299627
29.3,19.19596,21.462810726781345
29.3,19.39697,21.491045455744747
29.3,19.59798,21.518880394595875
29.3,19.79899,21.546295541807048
29.3,20.0,21.573700787231598
29.6,0.1,2.853798666954679
29.6,0.3010101,3.792822643034697
29.6,0.5020202,4.222852531004221
29.6,0.7030303,4.524847766719569
29.6,0.9040404,4.787140898397661
29.6,1.105051,5.035786013243637
29.6,1.306061,5.267980399642757
29.6,1.507071,5.497735348130323
29.6,1.708081,5.718719449070038
29.6,1.909091,5.940491086529663
29.6,2.110101,6.1664170427199565
29.6,2.311111,6.398197506886162
29.6,2.512121,6.62416604293153
29.6,2.713131,6.867232407087555
29.6,2.914141,7.112363939842116
29.6,3.115152,7.365681901222692
29.6,3.316162,7.624978548581303
29.6,3.517172,7.885098491679
29.6,3.718182,8.170128931615583
29.6,3.919192,8.456064382035253
29.6,4.120202,8.762297156034887
29.6,4.321212,9.082204124746394
29.6,4.522222,9.407293844396253
29.6,4.723232,9.7721454179208
29.6,4.924242,10.135316310616625
29.6,5.125253,10.529617899730201
29.6,5.326263,10.943267610256033
29.6,5.527273,11.367590522469229
29.6,5.728283,11.836300702362982
29.6,5.929293,12.299461467300434
29.6,6.130303,12.78800407750057
29.6,6.331313,13.291680622834003
29.6,6.532323,13.805189880683528
29.6,6.733333,14.330376574623815
29.6,6.934343,14.847428211555886
29.6,7.135354,15.348965259370623
29.6,7.336364,15.844630850665526
29.6,7.537374,16.334995546892266
29.6,7.738384,16.768365042356507
29.6,7.939394,17.196512200862447
29.6,8.140404,17.55858163726916
29.6,8.341414,17.89277695830811
29.6,8.542424,18.208994317899
29.6,8.743434,18.448556528102966
29.6,8.944444,18.687715396846933
29.6,9.145455,18.87442163001136
29.6,9.346465,19.04098619574632
29.6,9.547475,19.196035085309997
29.6,9.748485,19.315360718645056
29.6,9.949495,19.435102456801737
29.6,10.15051,19.533141765705246
29.6,10.35152,19.62378859540948
29.6,10.55253,19.70935173228044
29.6,10.75354,19.781628549964125
29.6,10.95455,19.854237955106267
29.6,11.15556,19.918206906247974
29.6,11.35657,19.979579522849285
29.6,11.55758,20.038715277215438
29.6,11.75859,20.092827045571383
29.6,11.9596,20.147030182879465
29.6,12.16061,20.197237936935583
29.6,12.36162,20.24640735607647
29.6,12.56263,20.294428420547995
29.6,12.76364,20.339982570499267
29.6,12.96465,20.385537617988795
29.6,13.16566,20.428815295406057
29.6,13.36667,20.471613842771927
29.6,13.56768,20.51368335706657
29.6,13.76869,20.554304675380045
29.6,13.9697,20.594916618099084
29.6,14.17071,20.634010190088862
29.6,14.37172,20.67284425950377
29.6,14.57273,20.711158952427493
29.6,14.77374,20.748494787353156
29.6,14.97475,20.785811080137297
29.6,15.17576,20.821968454827182
29.6,15.37677,20.857976136842762
29.6,15.57778,20.893564255961348
29.6,15.77879,20.928403150972407
29.6,15.9798,20.9632123913342
29.6,16.18081,20.997052399453878
29.6,16.38182,21.0308026133715
29.6,16.58283,21.064153160383604
29.6,16.78384,21.096884265712543
29.6,16.98485,21.129605634974002
29.6,17.18586,21.161427584701016
29.6,17.38687,21.193199681384943
29.6,17.58788,21.224582050039906
29.6,17.78889,21.25542483794718
29.6,17.9899,21.286257828173532
29.6,18.19091,21.316241278439588
29.6,18.39192,21.346184839812427
29.6,18.59293,21.37573863210181
29.6,18.79394,21.404822745114007
29.6,18.99495,21.433897012406728
29.6,19.19596,21.462141660398384
29.6,19.39697,21.49036639704147
29.6,19.59798,21.51820131742112
29.6,19.79899,21.54363681372241
29.6,20.0,21.567022765728506
29.900000000000002,0.1,2.8874923140342292
29.900000000000002,0.3010101,3.8317132328916528
29.900000000000002,0.5020202,4.261985479072143
29.900000000000002,0.7030303,4.5677321526267685
29.900000000000002,0.9040404,4.836477912643446
29.900000000000002,1.105051,5.065368656156156
29.900000000000002,1.306061,5.297563567626149
29.900000000000002,1.507071,5.544029497795264
29.900000000000002,1.708081,5.775328595370745
29.900000000000002,1.909091,5.997591413740706
29.900000000000002,2.110101,6.223268687355578
29.900000000000002,2.311111,6.455051254936532
29.900000000000002,2.512121,6.687878979810535
29.900000000000002,2.713131,6.933754586644983
29.900000000000002,2.914141,7.178888822040916
29.900000000000002,3.115152,7.432208638265838
29.900000000000002,3.316162,7.6916372156035555
29.900000000000002,3.517172,7.9542893892833
29.900000000000002,3.718182,8.240574704404006
29.900000000000002,3.919192,8.52651108638814
29.900000000000002,4.120202,8.832744812686515
29.900000000000002,4.321212,9.152628913602538
29.900000000000002,4.522222,9.47694351600856
29.900000000000002,4.723232,9.839353599917391
29.900000000000002,4.924242,10.202526260720909
29.900000000000002,5.125253,10.596828737271071
29.900000000000002,5.326263,11.009947755123127
29.900000000000002,5.527273,11.427032206249255
29.900000000000002,5.728283,11.88792904103904
29.900000000000002,5.929293,12.351101536139181
29.900000000000002,6.130303,12.839646182120232
29.900000000000002,6.331313,13.341963266461464
29.900000000000002,6.532323,13.841070699283236
29.900000000000002,6.733333,14.354984416995391
29.900000000000002,6.934343,14.87203862158106
29.900000000000002,7.135354,15.37357845940235
29.900000000000002,7.336364,15.867596821827812
29.900000000000002,7.537374,16.34395564716047
29.900000000000002,7.738384,16.770151379504608
29.900000000000002,7.939394,17.19831048994798
29.900000000000002,8.140404,17.560381784879155
29.900000000000002,8.341414,17.893939641833988
29.900000000000002,8.542424,18.205924293659166
29.900000000000002,8.743434,18.444880661139536
29.900000000000002,8.944444,18.684030408171292
29.900000000000002,9.145455,18.870747386100405
29.900000000000002,9.346465,19.03744276851039
29.900000000000002,9.547475,19.193393566163916
29.900000000000002,9.748485,19.31327062110983
29.900000000000002,9.949495,19.433012800186305
29.900000000000002,10.15051,19.531052490281503
29.900000000000002,10.35152,19.621810048228305
29.900000000000002,10.55253,19.708135266040056
29.900000000000002,10.75354,19.780842691200192
29.900000000000002,10.95455,19.853462302173416
29.900000000000002,11.15556,19.917431431441948
29.900000000000002,11.35657,19.978864336407796
29.900000000000002,11.55758,20.038400894096725
29.900000000000002,11.75859,20.092633078392115
29.900000000000002,11.9596,20.146826330812083
29.900000000000002,12.16061,20.197034187852978
29.900000000000002,12.36162,20.246233808796028
29.900000000000002,12.56263,20.2943255564939
29.900000000000002,12.76364,20.33989005803143
29.900000000000002,12.96465,20.385445168325102
29.900000000000002,13.16566,20.428722903890833
29.900000000000002,13.36667,20.47151160646832
29.900000000000002,13.56768,20.51356169487038
29.900000000000002,13.76869,20.554163275261363
29.900000000000002,13.9697,20.594775250115084
29.900000000000002,14.17071,20.633868851963918
29.900000000000002,14.37172,20.67269303906589
29.900000000000002,14.57273,20.710938194557265
29.900000000000002,14.77374,20.748244217487844
29.900000000000002,14.97475,20.785550522622845
29.900000000000002,15.17576,20.82171790807988
29.900000000000002,15.37677,20.857705677642944
29.900000000000002,15.57778,20.89321416005667
29.900000000000002,15.77879,20.928023183941384
29.900000000000002,15.9798,20.962832423509962
29.900000000000002,16.18081,20.996672430870923
29.900000000000002,16.38182,21.030402706939974
29.900000000000002,16.58283,21.063683529333986
29.900000000000002,16.78384,21.096394717726554
29.900000000000002,16.98485,21.129106077851773
29.900000000000002,17.18586,21.16093801868998
29.900000000000002,17.38687,21.19269015655868
29.900000000000002,17.58788,21.224012724515532
29.900000000000002,17.78889,21.254835560318323
29.900000000000002,17.9899,21.285668536092466
29.900000000000002,18.19091,21.31565197260535
29.900000000000002,18.39192,21.345585557580396
29.900000000000002,18.59293,21.375099484245652
29.900000000000002,18.79394,21.40417361892907
29.900000000000002,18.99495,21.43323786906031
29.900000000000002,19.19596,21.461492500602958
29.900000000000002,19.39697,21.489707245168486
29.900000000000002,19.59798,21.5175222483041
29.900000000000002,19.79899,21.540948101667006
29.900000000000002,20.0,21.564344031969767
30.2,0.1,2.920552025146578
30.2,0.3010101,3.870857497782972
30.2,0.5020202,4.303264830336193
30.2,0.7030303,4.595409721234891
30.2,0.9040404,4.881129752222863
30.2,1.105051,5.111713693097599
30.2,1.306061,5.346835646096684
30.2,1.507071,5.593688672810412
30.2,1.708081,5.827204637397232
30.2,1.909091,6.055003174726638
30.2,2.110101,6.281546237745844
30.2,2.311111,6.515371036769649
30.2,2.512121,6.749484822009092
30.2,2.713131,6.996504256354283
30.2,2.914141,7.243874519498502
30.2,3.115152,7.497328363552161
30.2,3.316162,7.75852011674508
30.2,3.517172,8.021907724341789
30.2,3.718182,8.308713060715093
30.2,3.919192,8.5954484480414
30.2,4.120202,8.901652546578768
30.2,4.321212,9.221234041836412
30.2,4.522222,9.545430876425709
30.2,4.723232,9.906653075514889
30.2,4.924242,10.268121277061958
30.2,5.125253,10.661913268684698
30.2,5.326263,11.071051750987346
30.2,5.527273,11.486673233708167
30.2,5.728283,11.943594214770647
30.2,5.929293,12.401428534073462
30.2,6.130303,12.88873394622189
30.2,6.331313,13.38281452644008
30.2,6.532323,13.87911135430783
30.2,6.733333,14.386865085429369
30.2,6.934343,14.89622842239338
30.2,7.135354,15.39625119637362
30.2,7.336364,15.881682896395423
30.2,7.537374,16.35531431239698
30.2,7.738384,16.77725510048222
30.2,7.939394,17.20042912985262
30.2,8.140404,17.561883050144754
30.2,8.341414,17.892376244541612
30.2,8.542424,18.203473240205728
30.2,8.743434,18.441982723937457
30.2,8.944444,18.680645501740216
30.2,9.145455,18.867463450747493
30.2,9.346465,19.03462045978041
30.2,9.547475,19.190702088371776
30.2,9.748485,19.3109501339789
30.2,9.949495,19.43108326534573
30.2,10.15051,19.529223604698284
30.2,10.35152,19.620382542767338
30.2,10.55253,19.70678828679321
30.2,10.75354,19.779796335384297
30.2,10.95455,19.852696524775464
30.2,11.15556,19.916735937587028
30.2,11.35657,19.978429363025125
30.2,11.55758,20.038016146095913
30.2,11.75859,20.0923487172552
30.2,11.9596,20.146642315380195
30.2,12.16061,20.196870382301036
30.2,12.36162,20.24612043589717
30.2,12.56263,20.294232332694165
30.2,12.76364,20.33980717191801
30.2,12.96465,20.385372564903058
30.2,13.16566,20.42865045905595
30.2,13.36667,20.471439510236976
30.2,13.56768,20.513479694448776
30.2,13.76869,20.55406154562731
30.2,13.9697,20.594653731833592
30.2,14.17071,20.633737453841988
30.2,14.37172,20.672521913348206
30.2,14.57273,20.710767126168992
30.2,14.77374,20.748043362056222
30.2,14.97475,20.785329820568403
30.2,15.17576,20.82146729616194
30.2,15.37677,20.857425273171447
30.2,15.57778,20.892923785891362
30.2,15.77879,20.927692973588783
30.2,15.9798,20.96248232105889
30.2,16.18081,20.996302393586923
30.2,16.38182,21.029992823126403
30.2,16.58283,21.063263657014033
30.2,16.78384,21.09594496657659
30.2,16.98485,21.12863639820166
30.2,17.18586,21.16044838323194
30.2,17.38687,21.192170629738243
30.2,17.58788,21.223493195791992
30.2,17.78889,21.25429611637384
30.2,17.9899,21.28510913536597
30.2,18.19091,21.315072598973593
30.2,18.39192,21.344986255340945
30.2,18.59293,21.374500171822284
30.2,18.79394,21.403554361136145
30.2,18.99495,21.43260863301884
30.2,19.19596,21.460843278536235
30.2,19.39697,21.489058066377595
30.2,19.59798,21.51686305476788
30.2,19.79899,21.544248242318524
30.2,20.0,21.569643845770887
30.5,0.1,2.953348022382511
30.5,0.3010101,3.9101259071926466
30.5,0.5020202,4.345543742595721
30.5,0.7030303,4.652218717692219
30.5,0.9040404,4.9209863020069635
30.5,1.105051,5.139407483844002
30.5,1.306061,5.388029468330746
30.5,1.507071,5.643557311478766
30.5,1.708081,5.87827687296362
30.5,1.909091,6.107093867207307
30.5,2.110101,6.340321983605679
30.5,2.311111,6.576251016309312
30.5,2.512121,6.810363828950736
30.5,2.713131,7.057384902287681
30.5,2.914141,7.306135493605824
30.5,3.115152,7.563387568738953
30.5,3.316162,7.82524305443041
30.5,3.517172,8.088631654995943
30.5,3.718182,8.375438397572973
30.5,3.919192,8.662706542888666
30.5,4.120202,8.96919065786339
30.5,4.321212,9.288621974402885
30.5,4.522222,9.612819725291349
30.5,4.723232,9.974041980849462
30.5,4.924242,10.33406877257484
30.5,5.125253,10.721952712639379
30.5,5.326263,11.129618658160805
30.5,5.527273,11.545251476228795
30.5,5.728283,12.002164146789424
30.5,5.929293,12.45519147578286
30.5,6.130303,12.928881488087464
30.5,6.331313,13.420201656572063
30.5,6.532323,13.916490879732022
30.5,6.733333,14.424247411049356
30.5,6.934343,14.926030146251637
30.5,7.135354,15.410204343897005
30.5,7.336364,15.892958941586512
30.5,7.537374,16.36659277260273
30.5,7.738384,16.78852607362695
30.5,7.939394,17.206305627360347
30.5,8.140404,17.560438153081506
30.5,8.341414,17.890033880088392
30.5,8.542424,18.20113216524788
30.5,8.743434,18.439642790378997
30.5,8.944444,18.6776790680596
30.5,9.145455,18.864650534771847
30.5,9.346465,19.031918480535584
30.5,9.547475,19.18800068618689
30.5,9.748485,19.30825921265655
30.5,9.949495,19.428903430427358
30.5,10.15051,19.527815631713658
30.5,10.35152,19.61907508009777
30.5,10.55253,19.705491108294552
30.5,10.75354,19.778489402094507
30.5,10.95455,19.85178036432872
30.5,11.15556,19.916310647748244
30.5,11.35657,19.97805431483388
30.5,11.55758,20.037641252905896
30.5,11.75859,20.091973961905243
30.5,11.9596,20.146418039390724
30.5,12.16061,20.196776775642878
30.5,12.36162,20.24604698645333
30.5,12.56263,20.29415897414478
30.5,12.76364,20.339723895528568
30.5,12.96465,20.385319715031734
30.5,13.16566,20.428598167633808
30.5,13.36667,20.471377320759373
30.5,13.56768,20.513417556650666
30.5,13.76869,20.55400945473468
30.5,13.9697,20.594571997432205
30.5,14.17071,20.63359616167354
30.5,14.37172,20.67238068357939
30.5,14.57273,20.710625922865006
30.5,14.77374,20.747892184037916
30.5,14.97475,20.78513893171679
30.5,15.17576,20.821216749335846
30.5,15.37677,20.85716476061528
30.5,15.57778,20.892653283885352
30.5,15.77879,20.927432481448708
30.5,15.9798,20.96216205889392
30.5,16.18081,20.995922387621505
30.5,16.38182,21.02960283176462
30.5,16.58283,21.06288366532067
30.5,16.78384,21.09555497473764
30.5,16.98485,21.128196583723415
30.5,17.18586,21.15995875318141
30.5,17.38687,21.191681000500818
30.5,17.58788,21.22299355934087
30.5,17.78889,21.253796472846656
30.5,17.9899,21.284569622645773
30.5,18.19091,21.3144932127315
30.5,18.39192,21.34440686108499
30.5,18.59293,21.373920765877926
30.5,18.79394,21.402974943793545
30.5,18.99495,21.43199930854089
30.5,19.19596,21.460204038386706
30.5,19.39697,21.488418813040294
30.5,19.59798,21.51622378716524
30.5,19.79899,21.543608960849756
30.5,20.0,21.566994968933194
30.8,0.1,2.9868990829252984
30.8,0.3010101,3.949394274982417
30.8,0.5020202,4.3866427766519385
30.8,0.7030303,4.6949041795277
30.8,0.9040404,4.969487793141602
30.8,1.105051,5.221146461713625
30.8,1.306061,5.460142675548708
30.8,1.507071,5.699184485319395
30.8,1.708081,5.932208885061783
30.8,1.909091,6.16324278228372
30.8,2.110101,6.396471219495471
30.8,2.311111,6.633615663672891
30.8,2.512121,6.870769584017407
30.8,2.713131,7.120199140523908
30.8,2.914141,7.370066138834822
30.8,3.115152,7.627319147802634
30.8,3.316162,7.890082536369181
30.8,3.517172,8.154972790269788
30.8,3.718182,8.442534857492886
30.8,3.919192,8.73011186094586
30.8,4.120202,9.036597189045242
30.8,4.321212,9.35579927276011
30.8,4.522222,9.679442028127593
30.8,4.723232,10.038697010454388
30.8,4.924242,10.397967661603749
30.8,5.125253,10.78586278492557
30.8,5.326263,11.191063355616592
30.8,5.527273,11.602467029000675
30.8,5.728283,12.05331061017521
30.8,5.929293,12.504165989459366
30.8,6.130303,12.977868194127904
30.8,6.331313,13.4639552687292
30.8,6.532323,13.952099461343405
30.8,6.733333,14.450885089923336
30.8,6.934343,14.949689198465396
30.8,7.135354,15.433866193545825
30.8,7.336364,15.910974236466657
30.8,7.537374,16.376702040924233
30.8,7.738384,16.79261165266915
30.8,7.939394,17.208544301515616
30.8,8.140404,17.562678637973065
30.8,8.341414,17.890138677759975
30.8,8.542424,18.19870172301106
30.8,8.743434,18.436526119715435
30.8,8.944444,18.674374022917704
30.8,9.145455,18.861356235460487
30.8,9.346465,19.028915699536384
30.8,9.547475,19.185429497349663
30.8,9.748485,19.306209125717753
30.8,9.949495,19.4269839380603
30.8,10.15051,19.52589651164045
30.8,10.35152,19.617476925574632
30.8,10.55253,19.704293988076405
30.8,10.75354,19.777673059850787
30.8,10.95455,19.851044364496236
30.8,11.15556,19.91557483706945
30.8,11.35657,19.97750895437219
30.8,11.55758,20.03731639177926
30.8,11.75859,20.09177956194784
30.8,11.9596,20.14625383055012
30.8,12.16061,20.196612677358335
30.8,12.36162,20.24593325403807
30.8,12.56263,20.294095650657557
30.8,12.76364,20.339690960273593
30.8,12.96465,20.38528690704029
30.8,13.16566,20.42855542534221
30.8,13.36667,20.471334877112866
30.8,13.56768,20.513365442861364
30.8,13.76869,20.553927650954275
30.8,13.9697,20.594490273797373
30.8,14.17071,20.633514475418774
30.8,14.37172,20.67227923532863
30.8,14.57273,20.710484733376987
30.8,14.77374,20.747711235450087
30.8,14.97475,20.78494803092418
30.8,15.17576,20.821025866094683
30.8,15.37677,20.856934064929646
30.8,15.57778,20.892392786517963
30.8,15.77879,20.927122167062606
30.8,15.9798,20.961851768806234
30.8,16.18081,20.995602102722998
30.8,16.38182,21.029252690160217
30.8,16.58283,21.062483670930863
30.8,16.78384,21.095125114967114
30.8,16.98485,21.127766731697875
30.8,17.18586,21.159528898258948
30.8,17.38687,21.191211250991973
30.8,17.58788,21.222503914244054
30.8,17.78889,21.253266922469074
30.8,17.9899,21.284040069010288
30.8,18.19091,21.313963650622693
30.8,18.39192,21.343857372988612
30.8,18.59293,21.37334134904485
30.8,18.79394,21.402365591265838
30.8,18.99495,21.431399945758425
30.8,19.19596,21.459604663766306
30.8,19.39697,21.487799489624837
30.8,19.59798,21.513634861032852
30.8,19.79899,21.537000775821117
30.8,20.0,21.560376757819107
31.1,0.1,3.0194348676970932
31.1,0.3010101,3.988716913495608
31.1,0.5020202,4.42795364687564
31.1,0.7030303,4.737687306631206
31.1,0.9040404,5.0106966880317385
31.1,1.105051,5.232570901002902
31.1,1.306061,5.485982867610754
31.1,1.507071,5.745113361602651
31.1,1.708081,5.985656409715009
31.1,1.909091,6.218970103306475
31.1,2.110101,6.452198098977654
31.1,2.311111,6.690481702509604
31.1,2.512121,6.930470545564484
31.1,2.713131,7.182042175704644
31.1,2.914141,7.4329121883367755
31.1,3.115152,7.69016513102565
31.1,3.316162,7.953736518869549
31.1,3.517172,8.219957123050413
31.1,3.718182,8.508155751453124
31.1,3.919192,8.795991777198644
31.1,4.120202,9.10247746586866
31.1,4.321212,9.421403906657853
31.1,4.522222,9.744418569735315
31.1,4.723232,10.10170159755136
31.1,4.924242,10.460220664829203
31.1,5.125253,10.84810711605245
31.1,5.326263,11.250893297675596
31.1,5.527273,11.658159279526101
31.1,5.728283,12.103095202794732
31.1,5.929293,12.551849124717192
31.1,6.130303,13.025543544187784
31.1,6.331313,13.506588278028731
31.1,6.532323,13.986858453619867
31.1,6.733333,14.476983673095518
31.1,6.934343,14.972919275675652
31.1,7.135354,15.457099010886418
31.1,7.336364,15.928720418334052
31.1,7.537374,16.38679207595302
31.1,7.738384,16.79680771211722
31.1,7.939394,17.210923371048484
31.1,8.140404,17.56505950332573
31.1,8.341414,17.89040364238633
31.1,8.542424,18.19643119194902
31.1,8.743434,18.433539145031247
31.1,8.944444,18.67117863443572
31.1,9.145455,18.858151616555187
31.1,9.346465,19.025962629679956
31.1,9.547475,19.182868041433704
31.1,9.748485,19.304168772653213
31.1,9.949495,19.42508419122182
31.1,10.15051,19.523997148576786
31.1,10.35152,19.615898455990475
31.1,10.55253,19.703136495292576
31.1,10.75354,19.77686638274861
31.1,10.95455,19.850328046550466
31.1,11.15556,19.914848719405676
31.1,11.35657,19.976983322064218
31.1,11.55758,20.037001293720227
31.1,11.75859,20.091604945558487
31.1,11.9596,20.146109414584153
31.1,12.16061,20.196458378870506
31.1,12.36162,20.245839322688624
31.1,12.56263,20.294052129418255
31.1,12.76364,20.339667825695887
31.1,12.96465,20.385273902961345
31.1,13.16566,20.428542492174856
31.1,13.36667,20.47132224122996
31.1,13.56768,20.513343135388695
31.1,13.76869,20.553885651977552
31.1,13.9697,20.594438358855832
31.1,14.17071,20.633472601255445
31.1,14.37172,20.672197599765322
31.1,14.57273,20.7103733554979
31.1,14.77374,20.747570098100287
31.1,14.97475,20.78479694474601
31.1,15.17576,20.820874801788115
31.1,15.37677,20.856743188728245
31.1,15.57778,20.892162108878484
31.1,15.77879,20.926851674000638
31.1,15.9798,20.961571303249457
31.1,16.18081,20.9953316460258
31.1,16.38182,21.02894237864879
31.1,16.58283,21.0621335084836
31.1,16.78384,21.094735089686473
31.1,16.98485,21.12737671737315
31.1,17.18586,21.159128884226178
31.1,17.38687,21.190781344959294
31.1,17.58788,21.222034115591775
31.1,17.78889,21.252767221241175
31.1,17.9899,21.283540367447525
31.1,18.19091,21.313473943322013
31.1,18.39192,21.343327741912148
31.1,18.59293,21.372791790092805
31.1,18.79394,21.401796096145123
31.1,18.99495,21.430820443189525
31.1,19.19596,21.459035151890305
31.1,19.39697,21.487200026420272
31.1,19.59798,21.514975089990877
31.1,19.79899,21.54233034045352
31.1,20.0,21.565716326703924
31.400000000000002,0.1,3.05341778556229
31.400000000000002,0.3010101,4.02840694148463
31.400000000000002,0.5020202,4.468857995527348
31.400000000000002,0.7030303,4.78138307723965
31.400000000000002,0.9040404,5.058806892923809
31.400000000000002,1.105051,5.296436899714303
31.400000000000002,1.306061,5.538687734140789
31.400000000000002,1.507071,5.799513237739623
31.400000000000002,1.708081,6.03659286960193
31.400000000000002,1.909091,6.270954063451791
31.400000000000002,2.110101,6.5096581119004915
31.400000000000002,2.311111,6.749942443859597
31.400000000000002,2.512121,6.9899308675747225
31.400000000000002,2.713131,7.241504011529776
31.400000000000002,2.914141,7.493599304393676
31.400000000000002,3.115152,7.754027425832253
31.400000000000002,3.316162,8.01818739245642
31.400000000000002,3.517172,8.28441008324306
31.400000000000002,3.718182,8.57260931131073
31.400000000000002,3.919192,8.860873612825339
31.400000000000002,4.120202,9.167291181401408
31.400000000000002,4.321212,9.486034985627583
31.400000000000002,4.522222,9.809051833741984
31.400000000000002,4.723232,10.166332230472912
31.400000000000002,4.924242,10.523397250317181
31.400000000000002,5.125253,10.90551013160107
31.400000000000002,5.326263,11.30685448509567
31.400000000000002,5.527273,11.714121985684054
31.400000000000002,5.728283,12.15906974829346
31.400000000000002,5.929293,12.603188167654258
31.400000000000002,6.130303,13.064060933663923
31.400000000000002,6.331313,13.542425638403104
31.400000000000002,6.532323,14.022698181753514
31.400000000000002,6.733333,14.51282613238342
31.400000000000002,6.934343,15.001551684662376
31.400000000000002,7.135354,15.470873594386688
31.400000000000002,7.336364,15.939907779127509
31.400000000000002,7.537374,16.3979817519875
31.400000000000002,7.738384,16.807989785420386
31.400000000000002,7.939394,17.216900666652442
31.400000000000002,8.140404,17.56391477572406
31.400000000000002,8.341414,17.888371337091517
31.400000000000002,8.542424,18.194400157551893
31.400000000000002,8.743434,18.431499242040843
31.400000000000002,8.944444,18.668441969062563
31.400000000000002,9.145455,18.85539841930437
31.400000000000002,9.346465,19.02330038500717
31.400000000000002,9.547475,19.18020638671787
31.400000000000002,9.748485,19.301507609609082
31.400000000000002,9.949495,19.422934106337287
31.400000000000002,10.15051,19.52264863134842
31.400000000000002,10.35152,19.614660440736785
31.400000000000002,10.55253,19.70189878389928
31.400000000000002,10.75354,19.775628932827033
31.400000000000002,10.95455,19.849451415718622
31.400000000000002,11.15556,19.91444303663954
31.400000000000002,11.35657,19.976627900338187
31.400000000000002,11.55758,20.036646037581917
31.400000000000002,11.75859,20.091259835308644
31.400000000000002,11.9596,20.14590481191617
31.400000000000002,12.16061,20.196404446876205
31.400000000000002,12.36162,20.245795555222905
31.400000000000002,12.56263,20.294018459678572
31.400000000000002,12.76364,20.339634244218114
31.400000000000002,12.96465,20.38526074364743
31.400000000000002,13.16566,20.42853987688321
31.400000000000002,13.36667,20.471309734142434
31.400000000000002,13.56768,20.513340685452427
31.400000000000002,13.76869,20.553873255213542
31.400000000000002,13.9697,20.594416313560092
31.400000000000002,14.17071,20.63339098876563
31.400000000000002,14.37172,20.672116055117264
31.400000000000002,14.57273,20.71028184349813
31.400000000000002,14.77374,20.74747861746744
31.400000000000002,14.97475,20.78466575123565
31.400000000000002,15.17576,20.820673946073143
31.400000000000002,15.37677,20.85654237247184
31.400000000000002,15.57778,20.891961308826545
31.400000000000002,15.77879,20.926640890132212
31.400000000000002,15.9798,20.96131075033666
31.400000000000002,16.18081,20.995001350538306
31.400000000000002,16.38182,21.02861210277167
31.400000000000002,16.58283,21.061803237757612
31.400000000000002,16.78384,21.094404824020117
31.400000000000002,16.98485,21.126986632874555
31.400000000000002,17.18586,21.158688988493008
31.400000000000002,17.38687,21.190341455264132
31.400000000000002,17.58788,21.221594223779086
31.400000000000002,17.78889,21.25232732733705
31.400000000000002,17.9899,21.28305060974861
31.400000000000002,18.19091,21.312944317292192
31.400000000000002,18.39192,21.342798112719688
31.400000000000002,18.59293,21.3722621539328
31.400000000000002,18.79394,21.401266453206702
31.400000000000002,18.99495,21.430260895985334
31.400000000000002,19.19596,21.458435688038378
31.400000000000002,19.39697,21.48661055369429
31.400000000000002,19.59798,21.514385607517436
31.400000000000002,19.79899,21.541740848409464
31.400000000000002,20.0,21.567096540307272
31.7,0.1,3.0858775328968844
31.7,0.3010101,4.0683239802454505
31.7,0.5020202,4.510814195599083
31.7,0.7030303,4.82412004398029
31.7,0.9040404,5.1043570189351595
31.7,1.105051,5.348389119560859
31.7,1.306061,5.605152967713774
31.7,1.507071,5.850424715631891
31.7,1.708081,6.088311417494959
31.7,1.909091,6.32564869450123
31.7,2.110101,6.564840578240119
31.7,2.311111,6.807336233772393
31.7,2.512121,7.0487275018606
31.7,2.713131,7.301246096706338
31.7,2.914141,7.555177980071136
31.7,3.115152,7.815702779037402
31.7,3.316162,8.081148255110934
31.7,3.517172,8.347906503001363
31.7,3.718182,8.636420662004571
31.7,3.919192,8.925167667157075
31.7,4.120202,9.231532291391593
31.7,4.321212,9.549748239116035
31.7,4.522222,9.872556640773519
31.7,4.723232,10.228624568145271
31.7,4.924242,10.583945294172972
31.7,5.125253,10.965578632134664
31.7,5.326263,11.363146441951029
31.7,5.527273,11.769032557956107
31.7,5.728283,12.210306893333737
31.7,5.929293,12.649520166292708
31.7,6.130303,13.109274240370256
31.7,6.331313,13.580185134068886
31.7,6.532323,14.057907947247312
31.7,6.733333,14.542526858414869
31.7,6.934343,15.024352712769407
31.7,7.135354,15.4923174912424
31.7,7.336364,15.953565335673636
31.7,7.537374,16.409171929541138
31.7,7.738384,16.815214693764556
31.7,7.939394,17.219490180148988
31.7,8.140404,17.565906719302124
31.7,8.341414,17.88736810398881
31.7,8.542424,18.192519129547787
31.7,8.743434,18.429070974142466
31.7,8.944444,18.665406381813117
31.7,9.145455,18.852423875446664
31.7,9.346465,19.020617686229187
31.7,9.547475,19.177594589130432
31.7,9.748485,19.299266783784127
31.7,9.949495,19.421074214514153
31.7,10.15051,19.52089929339438
31.7,10.35152,19.613342101885202
31.7,10.55253,19.70068091091468
31.7,10.75354,19.774681743138846
31.7,10.95455,19.848764860879783
31.7,11.15556,19.913816800373336
31.7,11.35657,19.97624225052466
31.7,11.55758,20.036310643210378
31.7,11.75859,20.091024865077873
31.7,11.9596,20.14578021848342
31.7,12.16061,20.19630007222564
31.7,12.36162,20.24576160861312
31.7,12.56263,20.293984673652158
31.7,12.76364,20.339630790768897
31.7,12.96465,20.385277570652775
31.7,13.16566,20.42855686680928
31.7,13.36667,20.47132706449662
31.7,13.56768,20.513348121431722
31.7,13.76869,20.553870958081223
31.7,13.9697,20.59439422773964
31.7,14.17071,20.633359028476992
31.7,14.37172,20.67205436311845
31.7,14.57273,20.710220218207237
31.7,14.77374,20.747387204984356
31.7,14.97475,20.784544495833362
31.7,15.17576,20.82054278697532
31.7,15.37677,20.856371422757405
31.7,15.57778,20.89178039894367
31.7,15.77879,20.926430147698724
31.7,15.9798,20.9610701223108
31.7,16.18081,20.994740795425443
31.7,16.38182,21.02831170742258
31.7,16.58283,21.06150286292825
31.7,16.78384,21.09406457785075
31.7,16.98485,21.126626466662657
31.7,17.18586,21.158308875595043
31.7,17.38687,21.189921459978972
31.7,17.58788,21.221174235716365
31.7,17.78889,21.25187743403284
31.7,17.9899,21.28259076923025
31.7,18.19091,21.312454513454338
31.7,18.39192,21.34228839093676
31.7,18.59293,21.371752430275173
31.7,18.79394,21.400726794999883
31.7,18.99495,21.4297112692307
31.7,19.19596,21.457876082800773
31.7,19.39697,21.48603099941941
31.7,19.59798,21.513806045834063
31.7,19.79899,21.537182010822026
31.7,20.0,21.56051804828235
32.0,0.1,3.1189465297060326
32.0,0.3010101,4.108320218518855
32.0,0.5020202,4.5534546980556385
32.0,0.7030303,4.868300762064427
32.0,0.9040404,5.145489213997256
32.0,1.105051,5.372056302101386
32.0,1.306061,5.630665859490046
32.0,1.507071,5.896124041465174
32.0,1.708081,6.142477309833779
32.0,1.909091,6.380363996048912
32.0,2.110101,6.619554797909511
32.0,2.311111,6.86204891975606
32.0,2.512121,7.106667530691832
32.0,2.713131,7.36199769199359
32.0,2.914141,7.6159309932044525
32.0,3.115152,7.876456728524855
32.0,3.316162,8.1419971760754
32.0,3.517172,8.410555214302034
32.0,3.718182,8.699690571965839
32.0,3.919192,8.9884389666493
32.0,4.120202,9.294806135086768
32.0,4.321212,9.612960244853218
32.0,4.522222,9.934541154721256
32.0,4.723232,10.288088140679223
32.0,4.924242,10.643410263864823
32.0,5.125253,11.025045138351855
32.0,5.326263,11.422133540493782
32.0,5.527273,11.821388872502753
32.0,5.728283,12.2557957845691
32.0,5.929293,12.695011063605758
32.0,6.130303,13.154767391865214
32.0,6.331313,13.624559714148612
32.0,6.532323,14.089906504499302
32.0,6.733333,14.56504542775885
32.0,6.934343,15.04688375459008
32.0,7.135354,15.514851176073089
32.0,7.336364,15.974731876184077
32.0,7.537374,16.41821363381393
32.0,7.738384,16.817922408194313
32.0,7.939394,17.222199727550844
32.0,8.140404,17.568618012432292
32.0,8.341414,17.889471717129574
32.0,8.542424,18.19044906010632
32.0,8.743434,18.42612436092171
32.0,8.944444,18.66246067795414
32.0,9.145455,18.849478950810408
32.0,9.346465,19.017723753724784
32.0,9.547475,19.175263015436613
32.0,9.748485,19.297426372093966
32.0,9.949495,19.419244259640852
32.0,10.15051,19.51905973012823
32.0,10.35152,19.611623057477043
32.0,10.55253,19.69967322428612
32.0,10.75354,19.774004823175662
32.0,10.95455,19.848088182583172
32.0,11.15556,19.913140332263552
32.0,11.35657,19.975626093053076
32.0,11.55758,20.036055339597297
32.0,11.75859,20.090910025788034
32.0,11.9596,20.1456555186878
32.0,12.16061,20.19617549515809
32.0,12.36162,20.245667246563084
32.0,12.56263,20.294000970276954
32.0,12.76364,20.3396674301631
32.0,12.96465,20.385314292746905
32.0,13.16566,20.42858366452752
32.0,13.36667,20.471364023727087
32.0,13.56768,20.513365623736465
32.0,13.76869,20.55387871722909
32.0,13.9697,20.59440203578088
32.0,14.17071,20.63336688300154
32.0,14.37172,20.67205234196823
32.0,14.57273,20.710158640915374
32.0,14.77374,20.74729581684405
32.0,14.97475,20.784453136144492
32.0,15.17576,20.82044145415
32.0,15.37677,20.856260186293508
32.0,15.57778,20.89158951967899
32.0,15.77879,20.92620940482698
32.0,15.9798,20.96084939392358
32.0,16.18081,20.994520080263516
32.0,16.38182,21.028071065650728
32.0,16.58283,21.061182502344238
32.0,16.78384,21.09372431210338
32.0,16.98485,21.126286205898904
32.0,17.18586,21.15796861957837
32.0,17.38687,21.189561258401007
32.0,17.58788,21.220744247871657
32.0,17.78889,21.251427508473412
32.0,17.9899,21.282140842212694
32.0,18.19091,21.312014585002682
32.0,18.39192,21.34182850076149
32.0,18.59293,21.37123269534094
32.0,18.79394,21.400197097528615
32.0,18.99495,21.429181566109563
32.0,19.19596,21.45734637428685
32.0,19.39697,21.485491316083895
32.0,19.59798,21.513216469305185
32.0,19.79899,21.538582112336954
32.0,20.0,21.56191814830176
32.3,0.1,3.150943974997646
32.3,0.3010101,4.148181188854307
32.3,0.5020202,4.595663215250292
32.3,0.7030303,4.912091273628267
32.3,0.9040404,5.194990513900236
32.3,1.105051,5.455275985637365
32.3,1.306061,5.70319444133368
32.3,1.507071,5.9511579694212795
32.3,1.708081,6.193138307205036
32.3,1.909091,6.43313582996283
32.3,2.110101,6.674854114586503
32.3,2.311111,6.919638752746818
32.3,2.512121,7.164431204844328
32.3,2.713131,7.419774773232022
32.3,2.914141,7.6755038436898335
32.3,3.115152,7.937472215816101
32.3,3.316162,8.20409682904236
32.3,3.517172,8.472656007627362
32.3,3.718182,8.761832853227656
32.3,3.919192,9.05102316191477
32.3,4.120202,9.357213655410714
32.3,4.321212,9.67484096225354
32.3,4.522222,9.996423251289672
32.3,4.723232,10.34974817237964
32.3,4.924242,10.70307605549981
32.3,5.125253,11.081655802825434
32.3,5.326263,11.475519576609488
32.3,5.527273,11.874776574476945
32.3,5.728283,12.308404414710445
32.3,5.929293,12.742034206326752
32.3,6.130303,13.19516661906607
32.3,6.331313,13.658876676502286
32.3,6.532323,14.124235818578091
32.3,6.733333,14.598047071737819
32.3,6.934343,15.071885692089262
32.3,7.135354,15.532165985474084
32.3,7.336364,15.985880186553796
32.3,7.537374,16.42936417922512
32.3,7.738384,16.828005896345466
32.3,7.939394,17.22665844771346
32.3,8.140404,17.569311722105965
32.3,8.341414,17.887799411703924
32.3,8.542424,18.18878801451548
32.3,8.743434,18.42428491261109
32.3,8.944444,18.659794375464198
32.3,9.145455,18.846754870505343
32.3,9.346465,19.01518123430091
32.3,9.547475,19.172711097800583
32.3,9.748485,19.295005119237555
32.3,9.949495,19.417294136385237
32.3,10.15051,19.517570618215718
32.3,10.35152,19.610444737655683
32.3,10.55253,19.69850521737469
32.3,10.75354,19.772917224852765
32.3,10.95455,19.84734134486043
32.3,11.15556,19.91265413190716
32.3,11.35657,19.975310366500654
32.3,11.55758,20.035739786052297
32.3,11.75859,20.090624728539126
32.3,11.9596,20.145510706931137
32.3,12.16061,20.1961211293241
32.3,12.36162,20.245663209036902
32.3,12.56263,20.293997035802402
32.3,12.76364,20.339673682055572
32.3,12.96465,20.385340919374926
32.3,13.16566,20.428630640195113
32.3,13.36667,20.47140124538415
32.3,13.56768,20.51341290764108
32.3,13.76869,20.55391614331842
32.3,13.9697,20.594419759751005
32.3,14.17071,20.63335488190575
32.3,14.37172,20.672020525658514
32.3,14.57273,20.710126861956095
32.3,14.77374,20.747244148383885
32.3,14.97475,20.784371701249032
32.3,15.17576,20.82032023497527
32.3,15.37677,20.856109103531303
32.3,15.57778,20.89143845840385
32.3,15.77879,20.926038428565228
32.3,15.9798,20.960648599036407
32.3,16.18081,20.994279451448616
32.3,16.38182,21.027800536101964
32.3,16.58283,21.060911982465047
32.3,16.78384,21.09343385674132
32.3,16.98485,21.125955888323936
32.3,17.18586,21.15759842564247
32.3,17.38687,21.189181133127995
32.3,17.58788,21.220354124923084
32.3,17.78889,21.25102743244782
32.3,17.9899,21.281700866958417
32.3,18.19091,21.311544698009964
32.3,18.39192,21.34133865872984
32.3,18.59293,21.37075285031487
32.3,18.79394,21.399697284596122
32.3,18.99495,21.428651823045726
32.3,19.19596,21.45680669125792
32.3,19.39697,21.48493166013591
32.3,19.59798,21.512666807060818
32.3,19.79899,21.539982131270413
32.3,20.0,21.567307542596286
32.6,0.1,3.1827384130679213
32.6,0.3010101,4.188112994141721
32.6,0.5020202,4.638111346149617
32.6,0.7030303,4.955970597461456
32.6,0.9040404,5.23695471489277
32.6,1.105051,5.4711868480933505
32.6,1.306061,5.750543574860665
32.6,1.507071,6.000934498112874
32.6,1.708081,6.243519392276569
32.6,1.909091,6.485415881555252
32.6,2.110101,6.729414152873704
32.6,2.311111,6.976277117293423
32.6,2.512121,7.221232283733755
32.6,2.713131,7.476592193231784
32.6,2.914141,7.733963904716906
32.6,3.115152,7.997246667596605
32.6,3.316162,8.26485503304029
32.6,3.517172,8.533414375215937
32.6,3.718182,8.822625824612944
32.6,3.919192,9.11217055342795
32.6,4.120202,9.418119948129673
32.6,4.321212,9.7351720293366
32.6,4.522222,10.056756778250435
32.6,4.723232,10.409852822547684
32.6,4.924242,10.761197190302585
32.6,5.125253,11.13676259523882
32.6,5.326263,11.527462441558368
32.6,5.527273,11.92673115883555
32.6,5.728283,12.359580115421695
32.6,5.929293,12.787785250987856
32.6,6.130303,13.234494377183973
32.6,6.331313,13.692352601197921
32.6,6.532323,14.157704117644126
32.6,6.733333,14.630247784494195
32.6,6.934343,15.096377100987757
32.6,7.135354,15.549240544081902
32.6,7.336364,15.996988437374904
32.6,7.537374,16.440474670180052
32.6,7.738384,16.838069322723026
32.6,7.939394,17.231237046531557
32.6,8.140404,17.57017527760865
32.6,8.341414,17.88632693325178
32.6,8.542424,18.187316809718663
32.6,8.743434,18.422625309835098
32.6,8.944444,18.657267882592215
32.6,9.145455,18.844130602606647
32.6,9.346465,19.01269854474128
32.6,9.547475,19.17022902002138
32.6,9.748485,19.292633720955255
32.6,9.949495,19.415383896461766
32.6,10.15051,19.516101379622725
32.6,10.35152,19.609296274499144
32.6,10.55253,19.6973570762294
32.6,10.75354,19.771859488981377
32.6,10.95455,19.84661435034363
32.6,11.15556,19.912177769649343
32.6,11.35657,19.974994480145845
32.6,11.55758,20.035434078709898
32.6,11.75859,20.09035927960057
32.6,11.9596,20.145385747098906
32.6,12.16061,20.196086614906505
32.6,12.36162,20.245669023602755
32.6,12.56263,20.294002957553154
32.6,12.76364,20.33968979113863
32.6,12.96465,20.385407401429713
32.6,13.16566,20.428697468694292
32.6,13.36667,20.47146831942687
32.6,13.56768,20.513480047659762
32.6,13.76869,20.553973427593764
32.6,13.9697,20.594467337974372
32.6,14.17071,20.633382733699428
32.6,14.37172,20.672028561699285
32.6,14.57273,20.71012493865781
32.6,14.77374,20.747232336864606
32.6,14.97475,20.784320122659732
32.6,15.17576,20.820228870887252
32.6,15.37677,20.855997877061625
32.6,15.57778,20.891327255242153
32.6,15.77879,20.92590731288534
32.6,15.9798,20.96046766512942
32.6,16.18081,20.9940586833179
32.6,16.38182,21.027559868427698
32.6,16.58283,21.060671327252013
32.6,16.78384,21.093173268008577
32.6,16.98485,21.1256554385303
32.6,17.18586,21.15726810104078
32.6,17.38687,21.188820879450336
32.6,17.58788,21.22000387574214
32.6,17.78889,21.25065723257199
32.6,17.9899,21.281290770288273
32.6,18.19091,21.311104692867687
32.6,18.39192,21.34088870126909
32.6,18.59293,21.37029289210269
32.6,18.79394,21.399237361874032
32.6,18.99495,21.428161975308367
32.6,19.19596,21.456286909632034
32.6,19.39697,21.484401909428026
32.6,19.59798,21.512137051827203
32.6,19.79899,21.537472735680172
32.6,20.0,21.560788862832062
32.900000000000006,0.1,3.215255306955146
32.900000000000006,0.3010101,4.228411496501818
32.900000000000006,0.5020202,4.680094778411969
32.900000000000006,0.7030303,5.000676933058599
32.900000000000006,0.9040404,5.286102707636742
32.900000000000006,1.105051,5.531103486541634
32.900000000000006,1.306061,5.781442956260565
32.900000000000006,1.507071,6.046161673275523
32.900000000000006,1.708081,6.2966351117693975
32.900000000000006,1.909091,6.539024560487438
32.900000000000006,2.110101,6.783021289478256
32.900000000000006,2.311111,7.029882448081957
32.900000000000006,2.512121,7.277587119619921
32.900000000000006,2.713131,7.535370702981132
32.900000000000006,2.914141,7.792743789058127
32.900000000000006,3.115152,8.056027483721465
32.900000000000006,3.316162,8.323723909959629
32.900000000000006,3.517172,8.593792545554093
32.900000000000006,3.718182,8.883438178792533
32.900000000000006,3.919192,9.172984392379856
32.900000000000006,4.120202,9.47893545999734
32.900000000000006,4.321212,9.795920920234021
32.900000000000006,4.522222,10.116147860339877
32.900000000000006,4.723232,10.466719446793753
32.900000000000006,4.924242,10.81807537356628
32.900000000000006,5.125253,11.193642483314118
32.900000000000006,5.326263,11.58386318935169
32.900000000000006,5.527273,11.976753355956221
32.900000000000006,5.728283,12.403036524664957
32.900000000000006,5.929293,12.831233741506814
32.900000000000006,6.130303,13.277955167260192
32.900000000000006,6.331313,13.734724943354193
32.900000000000006,6.532323,14.188471892551707
32.900000000000006,6.733333,14.652086277816382
32.900000000000006,6.934343,15.118218041915588
32.900000000000006,7.135354,15.571074085051372
32.900000000000006,7.336364,16.017514822583415
32.900000000000006,7.537374,16.449556603998392
32.900000000000006,7.738384,16.84103710040196
32.900000000000006,7.939394,17.23420662810721
32.900000000000006,8.140404,17.57315657874381
32.900000000000006,8.341414,17.888700523928556
32.900000000000006,8.542424,18.18552657292171
32.900000000000006,8.743434,18.419898445405682
32.900000000000006,8.944444,18.654541933154874
32.900000000000006,9.145455,18.84140544326917
32.900000000000006,9.346465,19.01001438786415
32.900000000000006,9.547475,19.167977268705396
32.900000000000006,9.748485,19.29084317561673
32.900000000000006,9.949495,19.413603814041892
32.900000000000006,10.15051,19.51431169337175
32.900000000000006,10.35152,19.607627103979553
32.900000000000006,10.55253,19.696389177111893
32.900000000000006,10.75354,19.771222325291554
32.900000000000006,10.95455,19.845977435774277
32.900000000000006,11.15556,19.911541071670154
32.900000000000006,11.35657,19.974418097994146
32.900000000000006,11.55758,20.035208543833395
32.900000000000006,11.75859,20.090264212282236
32.900000000000006,11.9596,20.14529082287033
32.900000000000006,12.16061,20.19599181959197
32.900000000000006,12.36162,20.245604445543158
32.900000000000006,12.56263,20.29404902636544
32.900000000000006,12.76364,20.339766200220662
32.900000000000006,12.96465,20.3854738979395
32.900000000000006,13.16566,20.428764044546988
32.900000000000006,13.36667,20.471545058113314
32.900000000000006,13.56768,20.513547314423946
32.900000000000006,13.76869,20.554030948077898
32.900000000000006,13.9697,20.594514912381296
32.900000000000006,14.17071,20.6334303578534
32.900000000000006,14.37172,20.672066312962
32.900000000000006,14.57273,20.710113121633142
32.900000000000006,14.77374,20.747190708698128
32.900000000000006,14.97475,20.784278527098405
32.900000000000006,15.17576,20.820187305926808
32.900000000000006,15.37677,20.855936411118567
32.900000000000006,15.57778,20.891186138555778
32.900000000000006,15.77879,20.925746333955736
32.900000000000006,15.9798,20.960306704810414
32.900000000000006,16.18081,20.99389774110881
32.900000000000006,16.38182,21.027379002375575
32.900000000000006,16.58283,21.06041073951595
32.900000000000006,16.78384,21.092882777992312
32.900000000000006,16.98485,21.125364957517522
32.900000000000006,17.18586,21.156977628601155
32.900000000000006,17.38687,21.18851046494865
32.900000000000006,17.58788,21.21962367704115
32.900000000000006,17.78889,21.25025709998165
32.900000000000006,17.9899,21.280890640004973
32.900000000000006,18.19091,21.310704564830118
32.900000000000006,18.39192,21.340468615705344
32.900000000000006,18.59293,21.369822968600204
32.900000000000006,18.79394,21.39874748106677
32.900000000000006,18.99495,21.42767209230545
32.900000000000006,19.19596,21.455797024530693
32.900000000000006,19.39697,21.48390205477087
32.900000000000006,19.59798,21.511587314440845
32.900000000000006,19.79899,21.534933363698666
32.900000000000006,20.0,21.558239481088915
33.2,0.1,3.2468499530922545
33.2,0.3010101,4.268837798176084
33.2,0.5020202,4.722992703761811
33.2,0.7030303,5.0443754681794095
33.2,0.9040404,5.332217781447586
33.2,1.105051,5.578395514855987
33.2,1.306061,5.830921074136432
33.2,1.507071,6.096278824070985
33.2,1.708081,6.347332525525315
33.2,1.909091,6.591863902215009
33.2,2.110101,6.836210077411121
33.2,2.311111,7.0847189293277095
33.2,2.512121,7.333462925810547
33.2,2.713131,7.591971026867104
33.2,2.914141,7.85076084405923
33.2,3.115152,8.114118298479973
33.2,3.316162,8.382774845363468
33.2,3.517172,8.653244762953042
33.2,3.718182,8.943053227565295
33.2,3.919192,9.232847419285749
33.2,4.120202,9.5387309286976
33.2,4.321212,9.855027380026758
33.2,4.522222,10.174986782936724
33.2,4.723232,10.524347424377297
33.2,4.924242,10.873951025016375
33.2,5.125253,11.249079130412582
33.2,5.326263,11.635725737197493
33.2,5.527273,12.027305555372594
33.2,5.728283,12.45022703647536
33.2,5.929293,12.873921258903197
33.2,6.130303,13.319624313250484
33.2,6.331313,13.769691914721387
33.2,6.532323,14.221139697423368
33.2,6.733333,14.679815835851999
33.2,6.934343,15.139778864170886
33.2,7.135354,15.591407828562811
33.2,7.336364,16.030792760827296
33.2,7.537374,16.460597262181228
33.2,7.738384,16.848412241684183
33.2,7.939394,17.237286164593264
33.2,8.140404,17.575638498590898
33.2,8.341414,17.888257100207866
33.2,8.542424,18.184235297985552
33.2,8.743434,18.41795981508162
33.2,8.944444,18.651895876160385
33.2,9.145455,18.83879046005742
33.2,9.346465,19.00755128580506
33.2,9.547475,19.16555508797046
33.2,9.748485,19.2887520337349
33.2,9.949495,19.41184367314387
33.2,10.15051,19.5126620953631
33.2,10.35152,19.60639842347775
33.2,10.55253,19.695260951119604
33.2,10.75354,19.770344735956186
33.2,10.95455,19.845340439109883
33.2,11.15556,19.91097440405124
33.2,11.35657,19.974082017194153
33.2,11.55758,20.034912727871944
33.2,11.75859,20.090078824593814
33.2,11.9596,20.14520581997911
33.2,12.16061,20.19593703882088
33.2,12.36162,20.245620089004216
33.2,12.56263,20.294084836040025
33.2,12.76364,20.339822336995763
33.2,12.96465,20.385560312648167
33.2,13.16566,20.428850625022594
33.2,13.36667,20.471631969087124
33.2,13.56768,20.513634334738764
33.2,13.76869,20.554108229262905
33.2,13.9697,20.594582402376346
33.2,14.17071,20.63348797586277
33.2,14.37172,20.67209419182653
33.2,14.57273,20.710141072772917
33.2,14.77374,20.747188869161796
33.2,14.97475,20.784246844839593
33.2,15.17576,20.82014572350927
33.2,15.37677,20.855855034997475
33.2,15.57778,20.89110480857096
33.2,15.77879,20.925615171401585
33.2,15.9798,20.96015565926696
33.2,16.18081,20.993726772913995
33.2,16.38182,21.02716819524269
33.2,16.58283,21.060199959670374
33.2,16.78384,21.092632129990328
33.2,16.98485,21.12509439445039
33.2,17.18586,21.15668712479092
33.2,17.38687,21.188180083366515
33.2,17.58788,21.219293309444687
33.2,17.78889,21.249896833235663
33.2,17.9899,21.280510432566306
33.2,18.19091,21.310304400970608
33.2,18.39192,21.34003854132908
33.2,18.59293,21.369392898925103
33.2,18.79394,21.398287484778823
33.2,18.99495,21.427202134667805
33.2,19.19596,21.455317096697872
33.2,19.39697,21.4833921886766
33.2,19.59798,21.511087446788473
33.2,19.79899,21.538362870558164
33.2,20.0,21.56366868487821
33.5,0.1,3.2799161684617606
33.5,0.3010101,4.309240142353444
33.5,0.5020202,4.766481627443024
33.5,0.7030303,5.089285378602363
33.5,0.9040404,5.37389188945466
33.5,1.105051,5.606765818231362
33.5,1.306061,5.884933687972333
33.5,1.507071,6.150227914615511
33.5,1.708081,6.397252647422563
33.5,1.909091,6.642383239234998
33.5,2.110101,6.89025000358832
33.5,2.311111,7.139988726394409
33.5,2.512121,7.388730712166059
33.5,2.713131,7.6472401407532855
33.5,2.914141,7.906819470781748
33.5,3.115152,8.172357970715268
33.5,3.316162,8.441377068163177
33.5,3.517172,8.711848157231694
33.5,3.718182,9.001658471852888
33.5,3.919192,9.29159730744349
33.5,4.120202,9.596887584864508
33.5,4.321212,9.912893832704501
33.5,4.522222,10.232852816308787
33.5,4.723232,10.582215310670946
33.5,4.924242,10.930357577398071
33.5,5.125253,11.300028018573885
33.5,5.326263,11.685384557850568
33.5,5.527273,12.076966205220526
33.5,5.728283,12.499879838793467
33.5,5.929293,12.919511820390495
33.5,6.130303,13.354018510298785
33.5,6.331313,13.801837214684884
33.5,6.532323,14.253297363574017
33.5,6.733333,14.711966184843169
33.5,6.934343,15.16586067930386
33.5,7.135354,15.60460348011044
33.5,7.336364,16.04180127255703
33.5,7.537374,16.471607967245887
33.5,7.738384,16.859415206172162
33.5,7.939394,17.2436338985171
33.5,8.140404,17.57532359124527
33.5,8.341414,17.887074484721413
33.5,8.542424,18.183053951685274
33.5,8.743434,18.41677960377726
33.5,8.944444,18.649848630361035
33.5,9.145455,18.836376598758697
33.5,9.346465,19.005168415191918
33.5,9.547475,19.163162837353727
33.5,9.748485,19.286370303857268
33.5,9.949495,19.409883139052898
33.5,10.15051,19.511443007296013
33.5,10.35152,19.60528981752663
33.5,10.55253,19.694152671054212
33.5,10.75354,19.76923673556108
33.5,10.95455,19.844573177230465
33.5,11.15556,19.910638059189342
33.5,11.35657,19.97379595159172
33.5,11.55758,20.034626845265812
33.5,11.75859,20.0897931048048
33.5,11.9596,20.14508061649409
33.5,12.16061,20.195962494443197
33.5,12.36162,20.24566571885817
33.5,12.56263,20.29413057663716
33.5,12.76364,20.339868178533095
33.5,12.96465,20.385646560559742
33.5,13.16566,20.428957387214492
33.5,13.36667,20.471738847022294
33.5,13.56768,20.513741281933196
33.5,13.76869,20.55421524038713
33.5,13.9697,20.594669747556846
33.5,14.17071,20.633535730039632
33.5,14.37172,20.67214202182197
33.5,14.57273,20.710188946571115
33.5,14.77374,20.747236784474993
33.5,14.97475,20.784255035929963
33.5,15.17576,20.82008423866032
33.5,15.37677,20.855783599050852
33.5,15.57778,20.891033400340035
33.5,15.77879,20.925553789131133
33.5,15.9798,20.9600345035435
33.5,16.18081,20.99353587020557
33.5,16.38182,21.02697732244578
33.5,16.58283,21.060009102755494
33.5,16.78384,21.09244128842672
33.5,16.98485,21.12484373621583
33.5,17.18586,21.156376659428105
33.5,17.38687,21.187869634122322
33.5,17.58788,21.21898286815876
33.5,17.78889,21.249586399683146
33.5,17.9899,21.28015014319445
33.5,18.19091,21.30989425349409
33.5,18.39192,21.339628400307987
33.5,18.59293,21.36898276033216
33.5,18.79394,21.397877348554772
33.5,18.99495,21.426742107197533
33.5,19.19596,21.45481716702735
33.5,19.39697,21.482902258899088
33.5,19.59798,21.510587515834686
33.5,19.79899,21.53787293825548
33.5,20.0,21.561159144610066
33.8,0.1,3.3111067922763153
33.8,0.3010101,4.3493588991082035
33.8,0.5020202,4.809407894452366
33.8,0.7030303,5.1337697365402635
33.8,0.9040404,5.423909070230171
33.8,1.105051,5.691010711674716
33.8,1.306061,5.945509776620593
33.8,1.507071,6.200054197004487
33.8,1.708081,6.448509850171576
33.8,1.909091,6.694946909320268
33.8,2.110101,6.94281274074476
33.8,2.311111,7.193219749904124
33.8,2.512121,7.443635518558897
33.8,2.713131,7.703506201802227
33.8,2.914141,7.9637184235672835
33.8,3.115152,8.229257830767907
33.8,3.316162,8.498772244254571
33.8,3.517172,8.770044881449301
33.8,3.718182,9.060052685632604
33.8,3.919192,9.350072515838791
33.8,4.120202,9.65536555301477
33.8,4.321212,9.970931200743713
33.8,4.522222,10.290027240463544
33.8,4.723232,10.637397640703034
33.8,4.924242,10.98479006390042
33.8,5.125253,11.354462339100158
33.8,5.326263,11.737617405660403
33.8,5.527273,12.125475615011911
33.8,5.728283,12.543276111861182
33.8,5.929293,12.961078327239727
33.8,6.130303,13.395587357224585
33.8,6.331313,13.83916590227782
33.8,6.532323,14.28402501471411
33.8,6.733333,14.735515377166806
33.8,6.934343,15.187021904873754
33.8,7.135354,15.625767242584507
33.8,7.336364,16.05833864606608
33.8,7.537374,16.48162945874705
33.8,7.738384,16.864222056505923
33.8,7.939394,17.24684349899702
33.8,8.140404,17.578534889030127
33.8,8.341414,17.888249528701557
33.8,8.542424,18.181733091175
33.8,8.743434,18.414521939478316
33.8,8.944444,18.647322475756578
33.8,9.145455,18.83385124142515
33.8,9.346465,19.002714650758467
33.8,9.547475,19.160900756190305
33.8,9.748485,19.284529458537783
33.8,9.949495,19.408152947256998
33.8,10.15051,19.50971321513985
33.8,10.35152,19.603870806715978
33.8,10.55253,19.69313450674528
33.8,10.75354,19.768539299742436
33.8,10.95455,19.843956100078746
33.8,11.15556,19.910021202818363
33.8,11.35657,19.973349597836698
33.8,11.55758,20.034391041049602
33.8,11.75859,20.0896977938719
33.8,11.9596,20.145005521559042
33.8,12.16061,20.195887530945466
33.8,12.36162,20.245661120026845
33.8,12.56263,20.29418637975358
33.8,12.76364,20.339964352850025
33.8,12.96465,20.385742874903862
33.8,13.16566,20.429053784471304
33.8,13.36667,20.47184552950611
33.8,13.56768,20.51384827682349
33.8,13.76869,20.554312527936712
33.8,13.9697,20.594767127692265
33.8,14.17071,20.633633162868993
33.8,14.37172,20.672209684604674
33.8,14.57273,20.710226856015318
33.8,14.77374,20.747234926055103
33.8,14.97475,20.784253238370056
33.8,15.17576,20.820092474640884
33.8,15.37677,20.855752020020933
33.8,15.57778,20.890962016622353
33.8,15.77879,20.925442588346897
33.8,15.9798,20.959913341462194
33.8,16.18081,20.99342472881046
33.8,16.38182,21.02681632896591
33.8,16.58283,21.059808261606626
33.8,16.78384,21.0922005891023
33.8,16.98485,21.124603059391536
33.8,17.18586,21.156135994377433
33.8,17.38687,21.18759908477618
33.8,17.58788,21.218662434687808
33.8,17.78889,21.249226073331542
33.8,17.9899,21.27978982795817
33.8,18.19091,21.309543943549958
33.8,18.39192,21.3392481779987
33.8,18.59293,21.368562622743266
33.8,18.79394,21.397427288474276
33.8,18.99495,21.426302050239144
33.8,19.19596,21.454377111029565
33.8,19.39697,21.482432264917673
33.8,19.59798,21.50814790891002
33.8,19.79899,21.53142404260524
33.8,20.0,21.554690235531595
34.1,0.1,3.3430987402233487
34.1,0.3010101,4.389470711744837
34.1,0.5020202,4.852458280292624
34.1,0.7030303,5.178213903155969
34.1,0.9040404,5.466084266662353
34.1,1.105051,5.700996056774121
34.1,1.306061,5.969584639946775
34.1,1.507071,6.244474849336663
34.1,1.708081,6.499286840745162
34.1,1.909091,6.746885275565677
34.1,2.110101,6.994747929056521
34.1,2.311111,7.24575432067939
34.1,2.512121,7.497663398693494
34.1,2.713131,7.758746966256349
34.1,2.914141,8.019527333579244
34.1,3.115152,8.285067628488498
34.1,3.316162,8.555020626266677
34.1,3.517172,8.826995255882105
34.1,3.718182,9.117129925665635
34.1,3.919192,9.407201917033085
34.1,4.120202,9.712496763749517
34.1,4.321212,10.027599097730324
34.1,4.522222,10.345787648504956
34.1,4.723232,10.691186497362738
34.1,4.924242,11.03782932468716
34.1,5.125253,11.407503491674587
34.1,5.326263,11.788497513493569
34.1,5.527273,12.17271289905499
34.1,5.728283,12.585540889726706
34.1,5.929293,13.00157355714192
34.1,6.130303,13.436084947749709
34.1,6.331313,13.8755637158316
34.1,6.532323,14.31404229634414
34.1,6.733333,14.758584479985426
34.1,6.934343,15.207793124668346
34.1,7.135354,15.64654099418761
34.1,7.336364,16.074626006114997
34.1,7.537374,16.491590929770165
34.1,7.738384,16.869108835967484
34.1,7.939394,17.250173024037856
34.1,8.140404,17.58186612207423
34.1,8.341414,17.889564473932523
34.1,8.542424,18.180572090161366
34.1,8.743434,18.41239412038243
34.1,8.944444,18.644916172193163
34.1,9.145455,18.831445746332534
34.1,9.346465,19.000360762569922
34.1,9.547475,19.15869856691575
34.1,9.748485,19.282718522194063
34.1,9.949495,19.40645267215001
34.1,10.15051,19.508013344702906
34.1,10.35152,19.602481716726093
34.1,10.55253,19.692136257155923
34.1,10.75354,19.76786177057234
34.1,10.95455,19.843348931635678
34.1,11.15556,19.90941425894699
34.1,11.35657,19.972923153027725
34.1,11.55758,20.03415514193457
34.1,11.75859,20.08961238337428
34.1,11.9596,20.144950329585956
34.1,12.16061,20.19583247346197
34.1,12.36162,20.245666425386858
34.1,12.56263,20.29426208297262
34.1,12.76364,20.34008042429727
34.1,12.96465,20.385869087897547
34.1,13.16566,20.4291800823215
34.1,13.36667,20.471972110418324
34.1,13.56768,20.51397516699644
34.1,13.76869,20.554429707177675
34.1,13.9697,20.594884401173154
34.1,14.17071,20.633750491386067
34.1,14.37172,20.67230724045901
34.1,14.57273,20.710294657170554
34.1,14.77374,20.747272956342872
34.1,14.97475,20.784281331792535
34.1,15.17576,20.820120603893383
34.1,15.37677,20.855750332727457
34.1,15.57778,20.890920522757398
34.1,15.77879,20.92535127632071
34.1,15.9798,20.959822070060355
34.1,16.18081,20.99333348022083
34.1,16.38182,21.026685227720108
34.1,16.58283,21.059637312278635
34.1,16.78384,21.091989781613744
34.1,16.98485,21.124392276291942
34.1,17.18586,21.15591522498607
34.1,17.38687,21.187338431748312
34.1,17.58788,21.21837189808024
34.1,17.78889,21.24890564470143
34.1,17.9899,21.279469412207515
34.1,18.19091,21.309213534993425
34.1,18.39192,21.338877858644107
34.1,18.59293,21.368162389758343
34.1,18.79394,21.397007134803577
34.1,18.99495,21.425871901506635
34.1,19.19596,21.45394696478556
34.1,19.39697,21.48197218478873
34.1,19.59798,21.509617562408373
34.1,19.79899,21.5368530958246
34.1,20.0,21.56013930034098
34.400000000000006,0.1,3.3739655480962134
34.400000000000006,0.3010101,4.429944359437176
34.400000000000006,0.5020202,4.894922645521894
34.400000000000006,0.7030303,5.2233114468269015
34.400000000000006,0.9040404,5.515631485541297
34.400000000000006,1.105051,5.766411600544843
34.400000000000006,1.306061,6.022685514785248
34.400000000000006,1.507071,6.298104685503178
34.400000000000006,1.708081,6.548676222068633
34.400000000000006,1.909091,6.796806568920188
34.400000000000006,2.110101,7.0474850271372755
34.400000000000006,2.311111,7.299544729523792
34.400000000000006,2.512121,7.551452628259023
34.400000000000006,2.713131,7.812536436609657
34.400000000000006,2.914141,8.074010714060043
34.400000000000006,3.115152,8.341285083797821
34.400000000000006,3.316162,8.611558790395756
34.400000000000006,3.517172,8.883534571378517
34.400000000000006,3.718182,9.173671106676272
34.400000000000006,3.919192,9.463824062257144
34.400000000000006,4.120202,9.768327044152745
34.400000000000006,4.321212,10.083117394649722
34.400000000000006,4.522222,10.401307605028453
34.400000000000006,4.723232,10.746718404601827
34.400000000000006,4.924242,11.09190047400576
34.400000000000006,5.125253,11.456269019183999
34.400000000000006,5.326263,11.835993263276832
34.400000000000006,5.527273,12.220210555635882
34.400000000000006,5.728283,12.633040750737754
34.400000000000006,5.929293,13.045171859861997
34.400000000000006,6.130303,13.469138928512379
34.400000000000006,6.331313,13.906448963106484
34.400000000000006,6.532323,14.344929886280024
34.400000000000006,6.733333,14.789484691753312
34.400000000000006,6.934343,15.23289509349904
34.400000000000006,7.135354,15.65954708337649
34.400000000000006,7.336364,16.08551489694311
34.400000000000006,7.537374,16.50248196464225
34.400000000000006,7.738384,16.880002070784485
34.400000000000006,7.939394,17.256570924525754
34.400000000000006,8.140404,17.581811174968635
34.400000000000006,8.341414,17.888651787024664
34.400000000000006,8.542424,18.17967066139575
34.400000000000006,8.743434,18.41149382416133
34.400000000000006,8.944444,18.643098808467887
34.400000000000006,9.145455,18.829151766711927
34.400000000000006,9.346465,18.998077779926845
34.400000000000006,9.547475,19.156416206358365
34.400000000000006,9.748485,19.28044668819004
34.400000000000006,9.949495,19.40457205327206
34.400000000000006,10.15051,19.506834168785026
34.400000000000006,10.35152,19.60140302343502
34.400000000000006,10.55253,19.691047894029268
34.400000000000006,10.75354,19.766783687976247
34.400000000000006,10.95455,19.842601570267515
34.400000000000006,11.15556,19.909097789561468
34.400000000000006,11.35657,19.972656963521125
34.400000000000006,11.55758,20.033889138298008
34.400000000000006,11.75859,20.089346545629258
34.400000000000006,11.9596,20.144835000696816
34.400000000000006,12.16061,20.195887786935934
34.400000000000006,12.36162,20.245731915408637
34.400000000000006,12.56263,20.29432768545928
34.400000000000006,12.76364,20.340146130443
34.400000000000006,12.96465,20.3859751919032
34.400000000000006,13.16566,20.429316685786457
34.400000000000006,13.36667,20.472118829638596
34.400000000000006,13.56768,20.514121958496577
34.400000000000006,13.76869,20.55456656554629
34.400000000000006,13.9697,20.595011585267955
34.400000000000006,14.17071,20.63383807203481
34.400000000000006,14.37172,20.672394898727838
34.400000000000006,14.57273,20.71038236177623
34.400000000000006,14.77374,20.747360704808315
34.400000000000006,14.97475,20.784329350059522
34.400000000000006,15.17576,20.820098937803852
34.400000000000006,15.37677,20.855728718015577
34.400000000000006,15.57778,20.890898938440927
34.400000000000006,15.77879,20.92532972015085
34.400000000000006,15.9798,20.95975073719884
34.400000000000006,16.18081,20.99319239573553
34.400000000000006,16.38182,21.026544175687842
34.400000000000006,16.58283,21.059486279022803
34.400000000000006,16.78384,21.091848766299336
34.400000000000006,16.98485,21.124191443016464
34.400000000000006,17.18586,21.155654583502034
34.400000000000006,17.38687,21.187077809132806
34.400000000000006,17.58788,21.218111286229323
34.400000000000006,17.78889,21.248635043403315
34.400000000000006,17.9899,21.27914895609448
34.400000000000006,18.19091,21.308843222855234
34.400000000000006,18.39192,21.338507555724885
34.400000000000006,18.59293,21.367792091983134
34.400000000000006,18.79394,21.39663684204948
34.400000000000006,18.99495,21.42546172141191
34.400000000000006,19.19596,21.45348688999704
34.400000000000006,19.39697,21.481522112477613
34.400000000000006,19.59798,21.50915749135147
34.400000000000006,19.79899,21.536393025934252
34.400000000000006,20.0,21.561638985852532
34.7,0.1,3.404833504477285
34.7,0.3010101,4.470476921838475
34.7,0.5020202,4.938229854277135
34.7,0.7030303,5.267411154955539
34.7,0.9040404,5.561808500523184
34.7,1.105051,5.8188419062453125
34.7,1.306061,6.089340417432526
34.7,1.507071,6.347269383667045
34.7,1.708081,6.598246532177211
34.7,1.909091,6.847877924433482
34.7,2.110101,7.09880141103821
34.7,2.311111,7.352021163211469
34.7,2.512121,7.60466511159254
34.7,2.713131,7.8662722466396575
34.7,2.914141,8.128763025394836
34.7,3.115152,8.396088186517847
34.7,3.316162,8.667020351460799
34.7,3.517172,8.939271947298813
34.7,3.718182,9.229442940139895
34.7,3.919192,9.519648833923247
34.7,4.120202,9.82407148067313
34.7,4.321212,10.13805408972915
34.7,4.522222,10.455925340368351
34.7,4.723232,10.800136268263628
34.7,4.924242,11.143587449495215
34.7,5.125253,11.507537408130487
34.7,5.326263,11.883889452998437
34.7,5.527273,12.266877131603769
34.7,5.728283,12.676616874666434
34.7,5.929293,13.084626544396537
34.7,6.130303,13.507685540161381
34.7,6.331313,13.938925117364313
34.7,6.532323,14.375337404499724
34.7,6.733333,14.815424449810532
34.7,6.934343,15.253276725699727
34.7,7.135354,15.678801508102936
34.7,7.336364,16.098373400523485
34.7,7.537374,16.513313125272305
34.7,7.738384,16.887427534171884
34.7,7.939394,17.260010613664274
34.7,8.140404,17.584683154109474
34.7,8.341414,17.888688224400777
34.7,8.542424,18.178879202953855
34.7,8.743434,18.40997496051589
34.7,8.944444,18.640802467373796
34.7,9.145455,18.82686651006351
34.7,9.346465,18.995834438823092
34.7,9.547475,19.15417380767183
34.7,9.748485,19.278485363930418
34.7,9.949495,19.402901761333613
34.7,10.15051,19.50526441764995
34.7,10.35152,19.600234172843766
34.7,10.55253,19.689979500725336
34.7,10.75354,19.765955908137837
34.7,10.95455,19.842004363779804
34.7,11.15556,19.908560909522226
34.7,11.35657,19.972340653161794
34.7,11.55758,20.03363309440808
34.7,11.75859,20.08920092016256
34.7,11.9596,20.14478975250143
34.7,12.16061,20.19586276090885
34.7,12.36162,20.245797300014942
34.7,12.56263,20.29441323973578
34.7,12.76364,20.34026200056142
34.7,12.96465,20.3861113342272
34.7,13.16566,20.429462991224774
34.7,13.36667,20.472265453091655
34.7,13.56768,20.514268694207964
34.7,13.76869,20.554713551841402
34.7,13.9697,20.595148775004887
34.7,14.17071,20.63396538848081
34.7,14.37172,20.67250246666012
34.7,14.57273,20.710480005449426
34.7,14.77374,20.747428551588193
34.7,14.97475,20.784377350912006
34.7,15.17576,20.82013703830957
34.7,15.37677,20.8557270189654
34.7,15.57778,20.890897289199202
34.7,15.77879,20.925288235810275
34.7,15.9798,20.95968936877652
34.7,16.18081,20.993111106879518
34.7,16.38182,21.02642304537726
34.7,16.58283,21.059365180784095
34.7,16.78384,21.09167779986396
34.7,16.98485,21.12400056336556
34.7,17.18586,21.15545376624587
34.7,17.38687,21.186827115276564
34.7,17.58788,21.217860611364546
34.7,17.78889,21.248354472116787
34.7,17.9899,21.27884844789152
34.7,18.19091,21.30852276279324
34.7,18.39192,21.33815718962037
34.7,18.59293,21.36744173550728
34.7,18.79394,21.396246566019755
34.7,18.99495,21.425051490099467
34.7,19.19596,21.453076695165283
34.7,19.39697,21.481071988499995
34.7,19.59798,21.508717370383383
34.7,19.79899,21.531983608212094
34.7,20.0,21.555219909285405
35.0,0.1,3.4362428012146706
35.0,0.3010101,4.510904779953337
35.0,0.5020202,4.9820204797780265
35.0,0.7030303,5.312488861565773
35.0,0.9040404,5.603498871143993
35.0,1.105051,5.841340753044606
35.0,1.306061,6.112754303029376
35.0,1.507071,6.391092782211048
35.0,1.708081,6.648883760090799
35.0,1.909091,6.898787272669924
35.0,2.110101,7.1497073246702625
35.0,2.311111,7.402925702942531
35.0,2.512121,7.657227558142928
35.0,2.713131,7.920337530723358
35.0,2.914141,8.182829461493869
35.0,3.115152,8.450155448021668
35.0,3.316162,8.721133809016358
35.0,3.517172,8.994233666467947
35.0,3.718182,9.28442086508432
35.0,3.919192,9.574627324778277
35.0,4.120202,9.879051805556223
35.0,4.321212,10.192950193409125
35.0,4.522222,10.509230528777069
35.0,4.723232,10.850949982238191
35.0,4.924242,11.194402960935761
35.0,5.125253,11.55835488345168
35.0,5.326263,11.93427842604921
35.0,5.527273,12.311451734836362
35.0,5.728283,12.715419033688804
35.0,5.929293,13.123420858794605
35.0,6.130303,13.546492206385649
35.0,6.331313,13.976813773357732
35.0,6.532323,14.403144805400716
35.0,6.733333,14.835553936502214
35.0,6.934343,15.273398547485607
35.0,7.135354,15.69893578579779
35.0,7.336364,16.11738042195404
35.0,7.537374,16.522275659451346
35.0,7.738384,16.89093554335974
35.0,7.939394,17.26353036880701
35.0,8.140404,17.58820458213026
35.0,8.341414,17.891621844969805
35.0,8.542424,18.17774864149393
35.0,8.743434,18.407757655565348
35.0,8.944444,18.63858609166569
35.0,9.145455,18.824650943126567
35.0,9.346465,18.993619901612515
35.0,9.547475,19.152151748152725
35.0,9.748485,19.27683457847011
35.0,9.949495,19.4012514504864
35.0,10.15051,19.503614513692813
35.0,10.35152,19.59868478252319
35.0,10.55253,19.68909131807773
35.0,10.75354,19.765368414429815
35.0,10.95455,19.84141713044277
35.0,11.15556,19.907973902079792
35.0,11.35657,19.971823959511234
35.0,11.55758,20.033457205350285
35.0,11.75859,20.089155482022914
35.0,11.9596,20.144754467077817
35.0,12.16061,20.195827611314733
35.0,12.36162,20.245782367007354
35.0,12.56263,20.29451891801325
35.0,12.76364,20.340408002169998
35.0,12.96465,20.386257430978926
35.0,13.16566,20.42960917427311
35.0,13.36667,20.47241179685863
35.0,13.56768,20.51442552961308
35.0,13.76869,20.55486062807275
35.0,13.9697,20.59529591264188
35.0,14.17071,20.634112582844637
35.0,14.37172,20.672639785984565
35.0,14.57273,20.71057772735843
35.0,14.77374,20.747496454511005
35.0,14.97475,20.78444529364953
35.0,15.17576,20.820205019386794
35.0,15.37677,20.855785098802027
35.0,15.57778,20.890875700039082
35.0,15.77879,20.925246781192087
35.0,15.9798,20.95963794068397
35.0,16.18081,20.993059704085105
35.0,16.38182,21.026351721355095
35.0,16.58283,21.05921412520875
35.0,16.78384,21.091506843457598
35.0,16.98485,21.123829623702875
35.0,17.18586,21.15527284266041
35.0,17.38687,21.18664625387737
35.0,17.58788,21.217599964096824
35.0,17.78889,21.248063895631862
35.0,17.9899,21.278557881283657
35.0,18.19091,21.308232205692427
35.0,18.39192,21.337856680541957
35.0,18.59293,21.36707139317691
35.0,18.79394,21.395866271703515
35.0,18.99495,21.424671200755977
35.0,19.19596,21.45268641066082
35.0,19.39697,21.480681739489867
35.0,19.59798,21.508267247743166
35.0,19.79899,21.533503193131015
35.0,20.0,21.5567295004537
35.3,0.1,3.4676412517874153
35.3,0.3010101,4.550936656646911
35.3,0.5020202,5.025130653804006
35.3,0.7030303,5.357094968502295
35.3,0.9040404,5.653475417273707
35.3,1.105051,5.925935845141214
35.3,1.306061,6.185263323028979
35.3,1.507071,6.444637161074054
35.3,1.708081,6.6976855200398475
35.3,1.909091,6.948638868043008
35.3,2.110101,7.200826002704108
35.3,2.311111,7.4552063527550265
35.3,2.512121,7.709595666450917
35.3,2.713131,7.972712763133654
35.3,2.914141,8.236149494403865
35.3,3.115152,8.504202478917074
35.3,3.316162,8.775701621350585
35.3,3.517172,9.048802584801075
35.3,3.718182,9.338990593173232
35.3,3.919192,9.629189242444777
35.3,4.120202,9.93310559161549
35.3,4.321212,10.246243658626339
35.3,4.522222,10.562535686353474
35.3,4.723232,10.904016860617537
35.3,4.924242,11.245519036275363
35.3,5.125253,11.606679633713897
35.3,5.326263,11.979742004676378
35.3,5.527273,12.356917259945574
35.3,5.728283,12.760226274479047
35.3,5.929293,13.163536524951457
35.3,6.130303,13.58114734215222
35.3,6.331313,14.006509222581158
35.3,6.532323,14.432842560665893
35.3,6.733333,14.864174199585369
35.3,6.934343,15.295520783062107
35.3,7.135354,15.714761555675228
35.3,7.336364,16.128129868945134
35.3,7.537374,16.533027189998602
35.3,7.738384,16.90076978555017
35.3,7.939394,17.268529411737624
35.3,8.140404,17.589788220933606
35.3,8.341414,17.89097917988194
35.3,8.542424,18.17710722082936
35.3,8.743434,18.406887796477776
35.3,8.944444,18.636689214479556
35.3,9.145455,18.822466295052926
35.3,9.346465,18.99143686962331
35.3,9.547475,19.149969339998666
35.3,9.748485,19.274742877323
35.3,9.949495,19.399510978616544
35.3,10.15051,19.50226503030282
35.3,10.35152,19.597636051658984
35.3,10.55253,19.688032916682737
35.3,10.75354,19.764400408197115
35.3,10.95455,19.84076980975294
35.3,11.15556,19.90756717972652
35.3,11.35657,19.97156769593914
35.3,11.55758,20.033211129595067
35.3,11.75859,20.08894966367196
35.3,11.9596,20.14468911638819
35.3,12.16061,20.195862684126478
35.3,12.36162,20.245877756939944
35.3,12.56263,20.29460442211465
35.3,12.76364,20.340503691515437
35.3,12.96465,20.38640347039635
35.3,13.16566,20.429765537819925
35.3,13.36667,20.472588393927744
35.3,13.56768,20.514602199318592
35.3,13.76869,20.555027439494687
35.3,13.9697,20.595452998595675
35.3,14.17071,20.63424992443071
35.3,14.37172,20.672767303978397
35.3,14.57273,20.710695293676668
35.3,14.77374,20.747614131800884
35.3,14.97475,20.78452319047936
35.3,15.17576,20.82025311959673
35.3,15.37677,20.855803333513997
35.3,15.57778,20.890893966195176
35.3,15.77879,20.925245136349428
35.3,15.9798,20.95959647068504
35.3,16.18081,20.992978395504654
35.3,16.38182,21.026250514343467
35.3,16.58283,21.059112939141336
35.3,16.78384,21.091385728056476
35.3,16.98485,21.123668646432673
35.3,17.18586,21.155071991713047
35.3,17.38687,21.18641547845465
35.3,17.58788,21.217369201791996
35.3,17.78889,21.2478231886911
35.3,17.9899,21.27827728132822
35.3,18.19091,21.307921702037383
35.3,18.39192,21.33752623126417
35.3,18.59293,21.36674095132199
35.3,18.79394,21.395515871968154
35.3,18.99495,21.424290880895388
35.3,19.19596,21.452286161209138
35.3,19.39697,21.480261527358252
35.3,19.59798,21.507847039065684
35.3,19.79899,21.535032695927747
35.3,20.0,21.562208428204254
35.6,0.1,3.4988928737648997
35.6,0.3010101,4.590881945576846
35.6,0.5020202,5.068216495659512
35.6,0.7030303,5.401513931235318
35.6,0.9040404,5.6953695555777655
35.6,1.105051,5.940253821245222
35.6,1.306061,6.232059685747306
35.6,1.507071,6.492736348980637
35.6,1.708081,6.746108889725081
35.6,1.909091,6.9979829269640845
35.6,2.110101,7.251279138825666
35.6,2.311111,7.50667166357082
35.6,2.512121,7.761140342394813
35.6,2.713131,8.024265502364202
35.6,2.914141,8.288523344647302
35.6,3.115152,8.557198625727017
35.6,3.316162,8.829132813805108
35.6,3.517172,9.102234867738654
35.6,3.718182,9.392418714673095
35.6,3.919192,9.682544838330172
35.6,4.120202,9.985909364360193
35.6,4.321212,10.298274374547766
35.6,4.522222,10.614558130131156
35.6,4.723232,10.955821095033137
35.6,4.924242,11.295372866931732
35.6,5.125253,11.65379263249503
35.6,5.326263,12.024054299138973
35.6,5.527273,12.401231514083886
35.6,5.728283,12.803892334829873
35.6,5.929293,13.202651481823134
35.6,6.130303,13.614962148745409
35.6,6.331313,14.035524607122595
35.6,6.532323,14.461860238535285
35.6,6.733333,14.892154403342595
35.6,6.934343,15.31720312193497
35.6,7.135354,15.730337485754085
35.6,7.336364,16.138779486794352
35.6,7.537374,16.54367888772189
35.6,7.738384,16.910534172561757
35.6,7.939394,17.273588525859733
35.6,8.140404,17.591481863412845
35.6,8.341414,17.890466469032265
35.6,8.542424,18.176595762505997
35.6,8.743434,18.40615789846288
35.6,8.944444,18.63491227866532
35.6,9.145455,18.82037159021069
35.6,9.346465,18.989313786732648
35.6,9.547475,19.14784688507987
35.6,9.748485,19.2727011360561
35.6,9.949495,19.39782047036743
35.6,10.15051,19.500945510562453
35.6,10.35152,19.596597282970492
35.6,10.55253,19.686994481719562
35.6,10.75354,19.763442368384087
35.6,10.95455,19.84012245006205
35.6,11.15556,19.90717041171851
35.6,11.35657,19.97133138306734
35.6,11.55758,20.03296500747852
35.6,11.75859,20.08875379900435
35.6,11.9596,20.144633713277326
35.6,12.16061,20.19589769964151
35.6,12.36162,20.245973086237086
35.6,12.56263,20.29470986779331
35.6,12.76364,20.34061932213118
35.6,12.96465,20.386559447515154
35.6,13.16566,20.42994183397462
35.6,13.36667,20.472774921127037
35.6,13.56768,20.514788801565288
35.6,13.76869,20.555214181904113
35.6,13.9697,20.595630012501854
35.6,14.17071,20.634417190361855
35.6,14.37172,20.672904744528907
35.6,14.57273,20.710842783922796
35.6,14.77374,20.747741732761593
35.6,14.97475,20.784631007788928
35.6,15.17576,20.820321137695736
35.6,15.37677,20.855851484876077
35.6,15.57778,20.890932151734884
35.6,15.77879,20.925273410417386
35.6,15.9798,20.95958491779108
35.6,16.18081,20.99292700248801
35.6,16.38182,21.026169222882604
35.6,16.58283,21.059031670053578
35.6,16.78384,21.091294530005126
35.6,16.98485,21.12352758574291
35.6,17.18586,21.154901056778236
35.6,17.38687,21.18621461950798
35.6,17.58788,21.217168357322056
35.6,17.78889,21.24761240039391
35.6,17.9899,21.278026599950813
35.6,18.19091,21.30763111734958
35.6,18.39192,21.337215701709432
35.6,18.59293,21.366430430620774
35.6,18.79394,21.395195394529328
35.6,18.99495,21.42394048441644
35.6,19.19596,21.45189583595574
35.6,19.39697,21.479861240235504
35.6,19.59798,21.507446756719705
35.6,19.79899,21.532662755334936
35.6,20.0,21.555839160404684
35.900000000000006,0.1,3.5298267019722243
35.900000000000006,0.3010101,4.631123164692715
35.900000000000006,0.5020202,5.110575655877445
35.900000000000006,0.7030303,5.446445460104078
35.900000000000006,0.9040404,5.744767018036515
35.900000000000006,1.105051,6.000153701084407
35.900000000000006,1.306061,6.260776643587555
35.900000000000006,1.507071,6.535917184970849
35.900000000000006,1.708081,6.795762943969416
35.900000000000006,1.909091,7.047874882998941
35.900000000000006,2.110101,7.301168457882358
35.900000000000006,2.311111,7.5565594606029345
35.900000000000006,2.512121,7.812350579008887
35.900000000000006,2.713131,8.076665372463715
35.900000000000006,2.914141,8.340924260565641
35.900000000000006,3.115152,8.609600272476026
35.900000000000006,3.316162,8.88157360622124
35.900000000000006,3.517172,9.155283673824147
35.900000000000006,3.718182,9.445347269587868
35.900000000000006,3.919192,9.73547492724708
35.900000000000006,4.120202,10.038845266115272
35.900000000000006,4.321212,10.351116092634301
35.900000000000006,4.522222,10.665739774040853
35.900000000000006,4.723232,11.004532042167225
35.900000000000006,4.924242,11.344095634446054
35.900000000000006,5.125253,11.702517394717525
35.900000000000006,5.326263,12.072350671592783
35.900000000000006,5.527273,12.443944929541848
35.900000000000006,5.728283,12.841094214165771
35.900000000000006,5.929293,13.23985550012934
35.900000000000006,6.130303,13.652168491298367
35.900000000000006,6.331313,14.071842960647095
35.900000000000006,6.532323,14.488658201156264
35.900000000000006,6.733333,14.91165471523547
35.900000000000006,6.934343,15.33670569974071
35.900000000000006,7.135354,15.749842443780382
35.900000000000006,7.336364,16.157207111475522
35.900000000000006,7.537374,16.5525819815219
35.900000000000006,7.738384,16.914202563446356
35.900000000000006,7.939394,17.277258619947848
35.900000000000006,8.140404,17.59515359010214
35.900000000000006,8.341414,17.8935603380237
35.900000000000006,8.542424,18.17568526806871
35.900000000000006,8.743434,18.404120608578477
35.900000000000006,8.944444,18.632875910136143
35.900000000000006,9.145455,18.8183360264615
35.900000000000006,9.346465,18.98726924963723
35.900000000000006,9.547475,19.145904832071146
35.900000000000006,9.748485,19.271100361655257
35.900000000000006,9.949495,19.396220169661262
35.900000000000006,10.15051,19.499345616165847
35.900000000000006,10.35152,19.595087900983735
35.900000000000006,10.55253,19.68612629029248
35.900000000000006,10.75354,19.76287485480184
35.900000000000006,10.95455,19.83955519633493
35.900000000000006,11.15556,19.90659338427518
35.900000000000006,11.35657,19.970824666832133
35.900000000000006,11.55758,20.032809072411755
35.900000000000006,11.75859,20.08872830578708
35.900000000000006,11.9596,20.144608374501377
35.900000000000006,12.16061,20.19587249706241
35.900000000000006,12.36162,20.245978097419204
35.900000000000006,12.56263,20.294845469439565
35.900000000000006,12.76364,20.340795239986658
35.900000000000006,12.96465,20.38673546147897
35.900000000000006,13.16566,20.430107935165417
35.900000000000006,13.36667,20.472941181805574
35.900000000000006,13.56768,20.514975535183126
35.900000000000006,13.76869,20.55539115142131
35.900000000000006,13.9697,20.59581704451426
35.900000000000006,14.17071,20.63459427976932
35.900000000000006,14.37172,20.67308195813193
35.900000000000006,14.57273,20.71097038473499
35.900000000000006,14.77374,20.74784951136715
35.900000000000006,14.97475,20.784728828423887
35.900000000000006,15.17576,20.82041899755244
35.900000000000006,15.37677,20.855939443455846
35.900000000000006,15.57778,20.890960429076582
35.900000000000006,15.77879,20.92526182147787
35.900000000000006,15.9798,20.95958335692746
35.900000000000006,16.18081,20.992915468624332
35.900000000000006,16.38182,21.0261477683227
35.900000000000006,16.58283,21.058930476460716
35.900000000000006,16.78384,21.09116343560499
35.900000000000006,16.98485,21.123396510039832
35.900000000000006,17.18586,21.154769998928447
35.900000000000006,17.38687,21.186063625058715
35.900000000000006,17.58788,21.216947572791558
35.900000000000006,17.78889,21.24736168760068
35.900000000000006,17.9899,21.27777589907587
35.900000000000006,18.19091,21.307380427911
35.900000000000006,18.39192,21.336945061944935
35.900000000000006,18.59293,21.36609995554902
35.900000000000006,18.79394,21.394844969349293
35.900000000000006,18.99495,21.423590066265422
35.900000000000006,19.19596,21.451545424596535
35.900000000000006,19.39697,21.479490866212096
35.900000000000006,19.59798,21.50702650824184
35.900000000000006,19.79899,21.53025285244332
35.900000000000006,20.0,21.55342925594046
36.2,0.1,3.559887658384312
36.2,0.3010101,4.671307498322199
36.2,0.5020202,5.1536640356752725
36.2,0.7030303,5.490331594193776
36.2,0.9040404,5.790547443860472
36.2,1.105051,6.046669382258761
36.2,1.306061,6.308469853179072
36.2,1.507071,6.583950791645321
36.2,1.708081,6.844069643501781
36.2,1.909091,7.097196385161919
36.2,2.110101,7.350654604660818
36.2,2.311111,7.606815154607505
36.2,2.512121,7.863090578191818
36.2,2.713131,8.127748031856374
36.2,2.914141,8.392677253072012
36.2,3.115152,8.661382967181295
36.2,3.316162,8.933742543840848
36.2,3.517172,9.207613691987737
36.2,3.718182,9.497601159615808
36.2,3.919192,9.78761044305705
36.2,4.120202,10.090883521479613
36.2,4.321212,10.40225546902041
36.2,4.522222,10.716530551663118
36.2,4.723232,11.05414369391982
36.2,4.924242,11.391997428329043
36.2,5.125253,11.750020842325746
36.2,5.326263,12.116703389004318
36.2,5.527273,12.487138600425052
36.2,5.728283,12.881458351352023
36.2,5.929293,13.276429370101704
36.2,6.130303,13.687914409273587
36.2,6.331313,14.10207942745355
36.2,6.532323,14.517016311367222
36.2,6.733333,14.935965318767172
36.2,6.934343,15.355968536525141
36.2,7.135354,15.768077978533961
36.2,7.336364,16.169606691750765
36.2,7.537374,16.563144132378902
36.2,7.738384,16.921608771514276
36.2,7.939394,17.280978835668396
36.2,8.140404,17.598326012539058
36.2,8.341414,17.893996974284526
36.2,8.542424,18.175313915822503
36.2,8.743434,18.402991782178265
36.2,8.944444,18.630909546394783
36.2,9.145455,18.816360750746075
36.2,9.346465,18.985225893355466
36.2,9.547475,19.14383241361165
36.2,9.748485,19.269269025839638
36.2,9.949495,19.394629875338907
36.2,10.15051,19.497855861442673
36.2,10.35152,19.593979034770392
36.2,10.55253,19.685097878726832
36.2,10.75354,19.76208703785118
36.2,10.95455,19.838987938556507
36.2,11.15556,19.90608644892066
36.2,11.35657,19.970538280266208
36.2,11.55758,20.03257294737136
36.2,11.75859,20.08860258430903
36.2,11.9596,20.14459301675267
36.2,12.16061,20.19588735816114
36.2,12.36162,20.24607335250343
36.2,12.56263,20.294950890750822
36.2,12.76364,20.340940964198918
36.2,12.96465,20.386911446483246
36.2,13.16566,20.43029408108664
36.2,13.36667,20.473147629768608
36.2,13.56768,20.51517209451041
36.2,13.76869,20.55558794938826
36.2,13.9697,20.59600403827391
36.2,14.17071,20.634781397634338
36.2,14.37172,20.67324931546256
36.2,14.57273,20.711127818364236
36.2,14.77374,20.74798713843382
36.2,14.97475,20.784846604389532
36.2,15.17576,20.820526872250934
36.2,15.37677,20.85600751011331
36.2,15.57778,20.891018547613584
36.2,15.77879,20.92529009834095
36.2,15.9798,20.959581748114566
36.2,16.18081,20.992903939182327
36.2,16.38182,21.026096392421053
36.2,16.58283,21.058869135217808
36.2,16.78384,21.091062223243
36.2,16.98485,21.12327538435184
36.2,17.18586,21.15462893703781
36.2,17.38687,21.185892684647108
36.2,17.58788,21.216766654610495
36.2,17.78889,21.247140872680514
36.2,17.9899,21.277535148712577
36.2,18.19091,21.30712972775527
36.2,18.39192,21.33666445598924
36.2,18.59293,21.365809362763162
36.2,18.79394,21.394524457136257
36.2,18.99495,21.423249600673152
36.2,19.19596,21.451194997533438
36.2,19.39697,21.479110510125317
36.2,19.59798,21.506636158898374
36.2,19.79899,21.533771943374322
36.2,20.0,21.55893807817419
36.5,0.1,3.5895969021284593
36.5,0.3010101,4.7112793015628425
36.5,0.5020202,5.197135245478326
36.5,0.7030303,5.535043954635642
36.5,0.9040404,5.831785379327264
36.5,1.105051,6.073673550724595
36.5,1.306061,6.361964604157676
36.5,1.507071,6.636263967136805
36.5,1.708081,6.891825957069977
36.5,1.909091,7.145228054542604
36.5,2.110101,7.400319629648642
36.5,2.311111,7.657031076092851
36.5,2.512121,7.913303924341142
36.5,2.713131,8.177962334097714
36.5,2.914141,8.443243213685587
36.5,3.115152,8.712870334284156
36.5,3.316162,8.985358081264593
36.5,3.517172,9.25923023745176
36.5,3.718182,9.549219488230495
36.5,3.919192,9.839104535620194
36.5,4.120202,10.14123986882564
36.5,4.321212,10.45224341759397
36.5,4.522222,10.76652021190813
36.5,4.723232,11.10413541016728
36.5,4.924242,11.440569783755633
36.5,5.125253,11.793641000402879
36.5,5.326263,12.159174708801265
36.5,5.527273,12.529611878755281
36.5,5.728283,12.923933876982314
36.5,5.929293,13.315495027620003
36.5,6.130303,13.717688693856944
36.5,6.331313,14.129995502644192
36.5,6.532323,14.544934626182199
36.5,6.733333,14.963886111623902
36.5,6.934343,15.378901676756044
36.5,7.135354,15.780395661406358
36.5,7.336364,16.18010707899772
36.5,7.537374,16.573646528789844
36.5,7.738384,16.93210322777826
36.5,7.939394,17.287487601465727
36.5,8.140404,17.598841365971087
36.5,8.341414,17.893704452512335
36.5,8.542424,18.175032621631587
36.5,8.743434,18.402701602562683
36.5,8.944444,18.62960218387325
36.5,9.145455,18.814356725965087
36.5,9.346465,18.983202866384772
36.5,9.547475,19.14181001111851
36.5,9.748485,19.2672471531251
36.5,9.949495,19.392909235631745
36.5,10.15051,19.496746648703137
36.5,10.35152,19.592960303137538
36.5,10.55253,19.684079478336866
36.5,10.75354,19.761068921100694
36.5,10.95455,19.83829050786228
36.5,11.15556,19.90580985671432
36.5,11.35657,19.970301963056404
36.5,11.55758,20.032346819793933
36.5,11.75859,20.088376624225756
36.5,11.9596,20.144517534635387
36.5,12.16061,20.195982473335622
36.5,12.36162,20.246188641356188
36.5,12.56263,20.295066296259016
36.5,12.76364,20.341056475523168
36.5,12.96465,20.387087327543178
36.5,13.16566,20.4305004218404
36.5,13.36667,20.473354086014712
36.5,13.56768,20.515378626309744
36.5,13.76869,20.55580455174315
36.5,13.9697,20.596210941027753
36.5,14.17071,20.634958665657006
36.5,14.37172,20.673426661943598
36.5,14.57273,20.711305215600984
36.5,14.77374,20.7481645836488
36.5,14.97475,20.784994299942845
36.5,15.17576,20.820604860606178
36.5,15.37677,20.856085552763886
36.5,15.57778,20.891096624544485
36.5,15.77879,20.925368208593756
36.5,15.9798,20.959610067997673
36.5,16.18081,20.99287249282961
36.5,16.38182,21.026054982698945
36.5,16.58283,21.05882774939577
36.5,16.78384,21.091020860491184
36.5,16.98485,21.12318419579844
36.5,17.18586,21.154467933255752
36.5,17.38687,21.18573170467219
36.5,17.58788,21.21660569080496
36.5,17.78889,21.24697992460999
36.5,17.9899,21.277324343478544
36.5,18.19091,21.306859065735463
36.5,18.39192,21.33638380854316
36.5,18.59293,21.365538725733494
36.5,18.79394,21.394243830510177
36.5,18.99495,21.422929089105235
36.5,19.19596,21.45082459486142
36.5,19.39697,21.478740115271687
36.5,19.59798,21.506275770370728
36.5,19.79899,21.533401561190836
36.5,20.0,21.55656807834911
36.8,0.1,3.620074512899594
36.8,0.3010101,4.750743238474885
36.8,0.5020202,5.239814419556394
36.8,0.7030303,5.579223614782047
36.8,0.9040404,5.881283041908833
36.8,1.105051,6.15812004188208
36.8,1.306061,6.420981586878956
36.8,1.507071,6.6838888683064175
36.8,1.708081,6.940110089509665
36.8,1.909091,7.194116036232191
36.8,2.110101,7.449203841831355
36.8,2.311111,7.706211828041445
36.8,2.512121,7.963230051284878
36.8,2.713131,8.228489809300664
36.8,2.914141,8.49405037101557
36.8,3.115152,8.76367911333069
36.8,3.316162,9.036342091046045
36.8,3.517172,9.310473529164307
36.8,3.718182,9.600273819102684
36.8,3.919192,9.890082462124479
36.8,4.120202,10.192226563735007
36.8,4.321212,10.502661673574831
36.8,4.522222,10.815899486544755
36.8,4.723232,11.15159511687581
36.8,4.924242,11.487290703393999
36.8,5.125253,11.840373912658372
36.8,5.326263,12.203958164832102
36.8,5.527273,12.571144908959466
36.8,5.728283,12.961156723689067
36.8,5.929293,13.351179117561967
36.8,6.130303,13.753375067590211
36.8,6.331313,14.16219318003934
36.8,6.532323,14.571693284127896
36.8,6.733333,14.984737337541269
36.8,6.934343,15.397805136648397
36.8,7.135354,15.799291424363732
36.8,7.336364,16.19517631250101
36.8,7.537374,16.583279738546352
36.8,7.738384,16.93727124475882
36.8,7.939394,17.291278137732615
36.8,8.140404,17.60264348716612
36.8,8.341414,17.895599957711052
36.8,8.542424,18.174551852893686
36.8,8.743434,18.401143860741612
36.8,8.944444,18.627745900754842
36.8,9.145455,18.81249123912799
36.8,9.346465,18.981268985448313
36.8,9.547475,19.139877834331315
36.8,9.748485,19.265616245935565
36.8,9.949495,19.39135899168811
36.8,10.15051,19.495186808114806
36.8,10.35152,19.591681223946047
36.8,10.55253,19.683151213301333
36.8,10.75354,19.760441335985337
36.8,10.95455,19.8377332755667
36.8,11.15556,19.905252849201325
36.8,11.35657,19.969915426004228
36.8,11.55758,20.032150792814594
36.8,11.75859,20.088331052759212
36.8,11.9596,20.14450217688152
36.8,12.16061,20.19596725137552
36.8,12.36162,20.246253756948747
36.8,12.56263,20.29520178017732
36.8,12.76364,20.341242298521998
36.8,12.96465,20.387273290203726
36.8,13.16566,20.43069647141925
36.8,13.36667,20.473560397031882
36.8,13.56768,20.515595220560918
36.8,13.76869,20.556011411037474
36.8,13.9697,20.596417894285086
36.8,14.17071,20.635165677273296
36.8,14.37172,20.67361388320876
36.8,14.57273,20.71147266228019
36.8,14.77374,20.748302241869283
36.8,14.97475,20.78512202260423
36.8,15.17576,20.82074262329154
36.8,15.37677,20.856193486558357
36.8,15.57778,20.891164739252268
36.8,15.77879,20.925406493184905
36.8,15.9798,20.959638396773375
36.8,16.18081,20.992890849616742
36.8,16.38182,21.026043479734984
36.8,16.58283,21.058786391215822
36.8,16.78384,21.090929638723377
36.8,16.98485,21.12308300346025
36.8,17.18586,21.15437676018899
36.8,17.38687,21.185600645670707
36.8,17.58788,21.21643474670298
36.8,17.78889,21.246769088214982
36.8,17.9899,21.27711352572926
36.8,18.19091,21.306648261059433
36.8,18.39192,21.33614309522197
36.8,18.59293,21.36525810223848
36.8,18.79394,21.393933291085798
36.8,18.99495,21.422608560673268
36.8,19.19596,21.450514074675713
36.8,19.39697,21.478389667507532
36.8,19.59798,21.50396569396603
36.8,19.79899,21.527102155235582
36.8,20.0,21.5502386670307
37.1,0.1,3.6493423405281806
37.1,0.3010101,4.79001961546782
37.1,0.5020202,5.282375421162404
37.1,0.7030303,5.623118612279483
37.1,0.9040404,5.922500267323759
37.1,1.105051,6.165727463017839
37.1,1.306061,6.442528013374675
37.1,1.507071,6.725962674559787
37.1,1.708081,6.987885024593072
37.1,1.909091,7.242411777732234
37.1,2.110101,7.497496708909988
37.1,2.311111,7.75475317659041
37.1,2.512121,8.01239174682741
37.1,2.713131,8.27814593678502
37.1,2.914141,8.543937196564876
37.1,3.115152,8.813565517227834
37.1,3.316162,9.086357785598471
37.1,3.517172,9.360670619084262
37.1,3.718182,9.650225079127711
37.1,3.919192,9.939934368120737
37.1,4.120202,10.24208123942252
37.1,4.321212,10.551938022701272
37.1,4.522222,10.864117051939052
37.1,4.723232,11.197903406510994
37.1,4.924242,11.532880310970143
37.1,5.125253,11.885955530751865
37.1,5.326263,12.247650533885729
37.1,5.527273,12.61164718372202
37.1,5.728283,12.997469178866407
37.1,5.929293,13.386002934675178
37.1,6.130303,13.788201159660934
37.1,6.331313,14.193620766533629
37.1,6.532323,14.59785209341111
37.1,6.733333,15.005188819667275
37.1,6.934343,15.416348884682035
37.1,7.135354,15.817847453885426
37.1,7.336364,16.210005811954577
37.1,7.537374,16.59283320718545
37.1,7.738384,16.942469444824344
37.1,7.939394,17.295138831573983
37.1,8.140404,17.60650576823002
37.1,8.341414,17.897585572130005
37.1,8.542424,18.174201134723962
37.1,8.743434,18.399686142139725
37.1,8.944444,18.625969636169387
37.1,9.145455,18.810725774662068
37.1,9.346465,18.979415123115185
37.1,9.547475,19.138005671451463
37.1,9.748485,19.264015351187197
37.1,9.949495,19.389828763604463
37.1,10.15051,19.493666982735835
37.1,10.35152,19.590412158692427
37.1,10.55253,19.68222295728794
37.1,10.75354,19.75981375260498
37.1,10.95455,19.837176044409162
37.1,11.15556,19.904695843844763
37.1,11.35657,19.96953888595564
37.1,11.55758,20.03196475606428
37.1,11.75859,20.088295464438914
37.1,11.9596,20.14449680213998
37.1,12.16061,20.195962013490107
37.1,12.36162,20.246318852288752
37.1,12.56263,20.295347237504267
37.1,12.76364,20.34142808868071
37.1,12.96465,20.387469219332036
37.1,13.16566,20.430892488773797
37.1,13.36667,20.473776671300275
37.1,13.56768,20.515821773639797
37.1,13.76869,20.556228223777115
37.1,13.9697,20.5966448017584
37.1,14.17071,20.635382644384155
37.1,14.37172,20.673821056212535
37.1,14.57273,20.711660056001136
37.1,14.77374,20.748459843712855
37.1,14.97475,20.78527968977715
37.1,15.17576,20.820900331765735
37.1,15.37677,20.856321363665558
37.1,15.57778,20.8912527943105
37.1,15.77879,20.925454715943005
37.1,15.9798,20.95968666442487
37.1,16.18081,20.992939146333224
37.1,16.38182,21.026051915135184
37.1,16.58283,21.058754969683783
37.1,16.78384,21.090858351985055
37.1,16.98485,21.123011747014015
37.1,17.18586,21.15430552412031
37.1,17.38687,21.185489522830945
37.1,17.58788,21.21628373776659
37.1,17.78889,21.246578186284413
37.1,17.9899,21.276922643444795
37.1,18.19091,21.306457392870694
37.1,18.39192,21.335912317858515
37.1,18.59293,21.364997413575388
37.1,18.79394,21.39363268522404
37.1,18.99495,21.422307966745215
37.1,19.19596,21.45021349015348
37.1,19.39697,21.478069153758554
37.1,19.59798,21.50554494530616
37.1,19.79899,21.532620863281473
37.1,20.0,21.555777390724593
37.400000000000006,0.1,3.6801776240019293
37.400000000000006,0.3010101,4.829536126449144
37.400000000000006,0.5020202,5.324131144342241
37.400000000000006,0.7030303,5.667433498051638
37.400000000000006,0.9040404,5.971304285470485
37.400000000000006,1.105051,6.230530252740097
37.400000000000006,1.306061,6.494358370228419
37.400000000000006,1.507071,6.777689948148057
37.400000000000006,1.708081,7.034942788739067
37.400000000000006,1.909091,7.289705860815832
37.400000000000006,2.110101,7.545996214085088
37.400000000000006,2.311111,7.803685523485186
37.400000000000006,2.512121,8.061322405793076
37.400000000000006,2.713131,8.32707643866005
37.400000000000006,2.914141,8.593148340627994
37.400000000000006,3.115152,8.863352505540814
37.400000000000006,3.316162,9.136237894452316
37.400000000000006,3.517172,9.410552637755968
37.400000000000006,3.718182,9.700108794232175
37.400000000000006,3.919192,9.989643896400514
37.400000000000006,4.120202,10.290505579667501
37.400000000000006,4.321212,10.59999398699676
37.400000000000006,4.522222,10.912174695879814
37.400000000000006,4.723232,11.245963090508418
37.400000000000006,4.924242,11.5795308917201
37.400000000000006,5.125253,11.927824960107536
37.400000000000006,5.326263,12.288391225148954
37.400000000000006,5.527273,12.652389816945751
37.400000000000006,5.728283,13.03821403689112
37.400000000000006,5.929293,13.423448296826143
37.400000000000006,6.130303,13.816876244625764
37.400000000000006,6.331313,14.220497677279349
37.400000000000006,6.532323,14.624731180023776
37.400000000000006,6.733333,15.032060309954977
37.400000000000006,6.934343,15.438462807357435
37.400000000000006,7.135354,15.829936070344559
37.400000000000006,7.336364,16.22033705941389
37.400000000000006,7.537374,16.603166395724944
37.400000000000006,7.738384,16.952804616642144
37.400000000000006,7.939394,17.30161817943787
37.400000000000006,8.140404,17.60721145913461
37.400000000000006,8.341414,17.89749333447262
37.400000000000006,8.542424,18.174110095606437
37.400000000000006,8.743434,18.399596194451398
37.400000000000006,8.944444,18.62485244968459
37.400000000000006,9.145455,18.808831876585717
37.400000000000006,9.346465,18.977482213356165
37.400000000000006,9.547475,19.13607337838881
37.400000000000006,9.748485,19.26209358319924
37.400000000000006,9.949495,19.388168221286104
37.400000000000006,10.15051,19.492577852649777
37.400000000000006,10.35152,19.5894135042698
37.400000000000006,10.55253,19.681224631021646
37.400000000000006,10.75354,19.758815708128864
37.400000000000006,10.95455,19.836488672834356
37.400000000000006,11.15556,19.904419284939905
37.400000000000006,11.35657,19.96931259950165
37.400000000000006,11.55758,20.03173865733229
37.400000000000006,11.75859,20.088069532417286
37.400000000000006,11.9596,20.144431334459533
37.400000000000006,12.16061,20.19607711976436
37.400000000000006,12.36162,20.24644413000421
37.400000000000006,12.56263,20.295482631060224
37.400000000000006,12.76364,20.341563587994568
37.400000000000006,12.96465,20.38766507614498
37.400000000000006,13.16566,20.431118786738395
37.400000000000006,13.36667,20.474003083784325
37.400000000000006,13.56768,20.516058261478435
37.400000000000006,13.76869,20.556464782222406
37.400000000000006,13.9697,20.596871650393748
37.400000000000006,14.17071,20.635589842642144
37.400000000000006,14.37172,20.674028333706467
37.400000000000006,14.57273,20.711867384691434
37.400000000000006,14.77374,20.74866722074948
37.400000000000006,14.97475,20.7854473087704
37.400000000000006,15.17576,20.82101823184339
37.400000000000006,15.37677,20.8564293183587
37.400000000000006,15.57778,20.891370784477502
37.400000000000006,15.77879,20.92556274031245
37.400000000000006,15.9798,20.95974489194592
37.400000000000006,16.18081,20.992937600095075
37.400000000000006,16.38182,21.02605040626872
37.400000000000006,16.58283,21.05874348592656
37.400000000000006,16.78384,21.090856892310775
37.400000000000006,16.98485,21.12295045744384
37.400000000000006,17.18586,21.154174414863107
37.400000000000006,17.38687,21.185358438491605
37.400000000000006,17.58788,21.216152670941536
37.400000000000006,17.78889,21.246457136345796
37.400000000000006,17.9899,21.276731734144008
37.400000000000006,18.19091,21.306216624240847
37.400000000000006,18.39192,21.335671565159068
37.400000000000006,18.59293,21.364756672838247
37.400000000000006,18.79394,21.39340195607613
37.400000000000006,18.99495,21.422027350943576
37.400000000000006,19.19596,21.449882981150196
37.400000000000006,19.39697,21.477728654142208
37.400000000000006,19.59798,21.505204453603156
37.400000000000006,19.79899,21.532280379363613
37.400000000000006,20.0,21.557376689210198
37.7,0.1,3.709072221598276
37.7,0.3010101,4.8689250400400095
37.7,0.5020202,5.366563452914448
37.7,0.7030303,5.710672576132791
37.7,0.9040404,6.016321167963872
37.7,1.105051,6.28176534788169
37.7,1.306061,6.559704800890953
37.7,1.507071,6.8244607156003045
37.7,1.708081,7.081885577854434
37.7,1.909091,7.337295338692429
37.7,2.110101,7.593689178054858
37.7,2.311111,7.851830025440264
37.7,2.512121,8.109752107995453
37.7,2.713131,8.375696799582794
37.7,2.914141,8.642139259783498
37.7,3.115152,8.91235497221296
37.7,3.316162,9.185384871580833
37.7,3.517172,9.459759728560542
37.7,3.718182,9.749141873102877
37.7,3.919192,10.038407885786913
37.7,4.120202,10.339179264543624
37.7,4.321212,10.647679272742169
37.7,4.522222,10.959471554288836
37.7,4.723232,11.292111296546711
37.7,4.924242,11.624029933241665
37.7,5.125253,11.971945765166089
37.7,5.326263,12.329552199961617
37.7,5.527273,12.692472049499264
37.7,5.728283,13.075687396670768
37.7,5.929293,13.457432263649405
37.7,6.130303,13.850092331569261
37.7,6.331313,14.248685143700353
37.7,6.532323,14.651200507380096
37.7,6.733333,15.054862275469787
37.7,6.934343,15.456667222719531
37.7,7.135354,15.847203048839962
37.7,7.336364,16.232288032357186
37.7,7.537374,16.61342987099732
37.7,7.738384,16.96014191563699
37.7,7.939394,17.305549259968295
37.7,8.140404,17.61060461866153
37.7,8.341414,17.898250467276334
37.7,8.542424,18.174099158770197
37.7,8.743434,18.398797693844372
37.7,8.944444,18.623176322017425
37.7,9.145455,18.80712681120587
37.7,9.346465,18.975639039080097
37.7,9.547475,19.134181130359806
37.7,9.748485,19.260392409249945
37.7,9.949495,19.38666807744323
37.7,10.15051,19.49116823734649
37.7,10.35152,19.58834475971413
37.7,10.55253,19.68023633507699
37.7,10.75354,19.75805798881539
37.7,10.95455,19.835941494132136
37.7,11.15556,19.903932419226255
37.7,11.35657,19.96903625817246
37.7,11.55758,20.031522572744706
37.7,11.75859,20.08796383151486
37.7,11.9596,20.144435981236498
37.7,12.16061,20.196101977410812
37.7,12.36162,20.246559359685936
37.7,12.56263,20.295618023447897
37.7,12.76364,20.341739266471123
37.7,12.96465,20.387871002193148
37.7,13.16566,20.431334866912124
37.7,13.36667,20.47423944764843
37.7,13.56768,20.516294734628598
37.7,13.76869,20.55670148079538
37.7,13.9697,20.59710853469654
37.7,14.17071,20.635826845984926
37.7,14.37172,20.67423556212264
37.7,14.57273,20.712074688948462
37.7,14.77374,20.748854708172317
37.7,14.97475,20.785624937792207
37.7,15.17576,20.821175956596836
37.7,15.37677,20.856557224540115
37.7,15.57778,20.891488743498854
37.7,15.77879,20.925650850308173
37.7,15.9798,20.959813111560045
37.7,16.18081,20.99298589743745
37.7,16.38182,21.02605885043364
37.7,16.58283,21.058751966487506
37.7,16.78384,21.090825497075738
37.7,16.98485,21.122889146975414
37.7,17.18586,21.154103167630076
37.7,17.38687,21.18524730926428
37.7,17.58788,21.216041566185567
37.7,17.78889,21.24630613282653
37.7,17.9899,21.276560795055225
37.7,18.19091,21.30602573629918
37.7,18.39192,21.335450770410986
37.7,18.59293,21.364525893965116
37.7,18.79394,21.393141258198707
37.7,18.99495,21.42174670115653
37.7,19.19596,21.44958237174419
37.7,19.39697,21.477408116583113
37.7,19.59798,21.50488392549661
37.7,19.79899,21.528010498879183
37.7,20.0,21.5510971267756
38.0,0.1,3.7385523872058943
38.0,0.3010101,4.908025640597766
38.0,0.5020202,5.409317543446553
38.0,0.7030303,5.754646861868434
38.0,0.9040404,6.056752603066559
38.0,1.105051,6.302088957898663
38.0,1.306061,6.5804473227843285
38.0,1.507071,6.865788628333838
38.0,1.708081,7.129078283564606
38.0,1.909091,7.384597601590293
38.0,2.110101,7.640988497656079
38.0,2.311111,7.899127529832963
38.0,2.512121,8.157655245974528
38.0,2.713131,8.424106265240026
38.0,2.914141,8.690549487852229
38.0,3.115152,8.960764655919718
38.0,3.316162,9.233801522599999
38.0,3.517172,9.508257204023282
38.0,3.718182,9.797197773235748
38.0,3.919192,10.086469165288358
38.0,4.120202,10.387232248129262
38.0,4.321212,10.69563408279837
38.0,4.522222,11.005637560843336
38.0,4.723232,11.335898088668014
38.0,4.924242,11.667818527708446
38.0,5.125253,12.015736343867918
38.0,5.326263,12.372964604237914
38.0,5.527273,12.730813740517984
38.0,5.728283,13.109119464849947
38.0,5.929293,13.49086638907862
38.0,6.130303,13.883538681331206
38.0,6.331313,14.281373625333996
38.0,6.532323,14.675520277495872
38.0,6.733333,15.072834944259403
38.0,6.934343,15.47464199571233
38.0,7.135354,15.865180020745093
38.0,7.336364,16.24932751810165
38.0,7.537374,16.62206471117054
38.0,7.738384,16.96410161367408
38.0,7.939394,17.30950055475373
38.0,8.140404,17.614557446973027
38.0,8.341414,17.901675282098005
38.0,8.542424,18.173689179819362
38.0,8.743434,18.39719074932605
38.0,8.944444,18.621570268962184
38.0,9.145455,18.805521544605707
38.0,9.346465,18.97398477724582
38.0,9.547475,19.132449306347635
38.0,9.748485,19.258911848498332
38.0,9.949495,19.38518798187254
38.0,10.15051,19.489678541885436
38.0,10.35152,19.58694556474255
38.0,10.55253,19.679408286136702
38.0,10.75354,19.757510582935033
38.0,10.95455,19.835394345932535
38.0,11.15556,19.90338549387656
38.0,11.35657,19.968549630495087
38.0,11.55758,20.031386669134044
38.0,11.75859,20.087958338053838
38.0,11.9596,20.144430640141593
38.0,12.16061,20.196096771535867
38.0,12.36162,20.24659435625277
38.0,12.56263,20.295783558366583
38.0,12.76364,20.341955091611485
38.0,12.96465,20.388086924233153
38.0,13.16566,20.43155087638959
38.0,13.36667,20.474465606746293
38.0,13.56768,20.516541323541585
38.0,13.76869,20.55694828529219
38.0,13.9697,20.597355403665453
38.0,14.17071,20.636063774401965
38.0,14.37172,20.674482606624498
38.0,14.57273,20.712282085842332
38.0,14.77374,20.749032268967937
38.0,14.97475,20.78580254306682
38.0,15.17576,20.821353603456778
38.0,15.37677,20.85672496512154
38.0,15.57778,20.891596776242668
38.0,15.77879,20.925729008442698
38.0,15.9798,20.959891301047158
38.0,16.18081,20.993064116693702
38.0,16.38182,21.02611714620064
38.0,16.58283,21.058730505044664
38.0,16.78384,21.0907841303832
38.0,16.98485,21.122847802629927
38.0,17.18586,21.154061844681348
38.0,17.38687,21.185186048931467
38.0,17.58788,21.215900505133906
38.0,17.78889,21.246145142519367
38.0,17.9899,21.276399820578366
38.0,18.19091,21.305864777041023
38.0,18.39192,21.33526986188449
38.0,18.59293,21.36427514587927
38.0,18.79394,21.3928705615565
38.0,18.99495,21.42147601554395
38.0,19.19596,21.449321696693218
38.0,19.39697,21.47712748170201
38.0,19.59798,21.504533416947268
38.0,19.79899,21.52961973253211
38.0,20.0,21.5527163708972
10.4,0.1,3.3324283035829065
10.4,0.3010101,3.7656416925550706
10.4,0.5020202,3.7734330758400105
10.4,0.7030303,3.2272171204460727
10.4,1.306061,2.9675279515017814
10.4,1.507071,3.8236287728405656
10.4,1.708081,3.576991278875621
10.4,1.909091,3.2588995259887525
10.4,2.110101,2.9328277406581105
10.4,2.311111,2.6334859915679076
10.4,2.512121,2.37984679275526
10.4,2.713131,2.18736276227081
10.4,2.914141,2.0520815523825444
10.4,3.115152,1.968997554980536
10.4,3.316162,1.9366013615196052
10.4,3.517172,1.9445061067694112
10.4,3.718182,1.9940481627162392
10.4,3.919192,2.0829334572016993
10.4,4.120202,2.2111198323183494
10.4,4.321212,2.388737283211343
10.4,4.522222,2.6167846274444524
10.4,4.723232,2.909994592420809
10.4,4.924242,3.281841565787275
10.4,5.125253,3.7401821131751167
10.4,5.326263,4.3012855219977
10.4,5.527273,5.0162768088548475
10.4,5.728283,5.8320224187391005
10.4,5.929293,6.801685468140593
10.4,6.130303,7.898922015938813
10.4,6.331313,9.122559604390787
10.4,6.532323,10.445925752840482
10.4,6.733333,11.856882466662462
10.4,6.934343,13.275173784722769
10.4,7.135354,14.596030821558417
10.4,7.336364,15.775168230018439
10.4,7.537374,16.750051094009002
10.4,7.738384,17.48551841631803
10.4,7.939394,17.99119531558822
10.4,8.140404,18.372443468322526
10.4,8.341414,18.656685685304637
10.4,8.542424,18.877680601880712
10.4,8.743434,19.051416227889263
10.4,8.944444,19.190278788839652
10.4,9.145455,19.311765067502954
10.4,9.346465,19.418286346836155
10.4,9.547475,19.514330255855032
10.4,9.748485,19.601317705622073
10.4,9.949495,19.67699882232
10.4,10.15051,19.745662566932456
10.4,10.35152,19.817566914234575
10.4,10.55253,19.88725290643503
10.4,10.75354,19.9474122275614
10.4,10.95455,20.007662641340215
10.4,11.15556,20.06341476352775
10.4,11.35657,20.117588369254985
10.4,11.55758,20.17048310618457
10.4,11.75859,20.220199077735497
10.4,11.9596,20.26998580180259
10.4,12.16061,20.317113502901357
10.4,12.36162,20.36337194390665
10.4,12.56263,20.40875101645733
10.4,12.76364,20.452230657483664
10.4,12.96465,20.49579079771465
10.4,13.16566,20.537551373736083
10.4,13.36667,20.57872222285496
10.4,13.56768,20.619223347229408
10.4,13.76869,20.65842461308963
10.4,13.9697,20.697706215156433
10.4,14.17071,20.73559788682184
10.4,14.37172,20.773059534472587
10.4,14.57273,20.809961223082805
10.4,14.77374,20.845872810130015
10.4,14.97475,20.88188464224587
10.4,15.17576,20.916716329597193
10.4,15.37677,20.951237828826525
10.4,15.57778,20.985259243156463
10.4,15.77879,21.01850045881216
10.4,15.9798,21.051831876200186
10.4,16.18081,21.084143060501614
10.4,16.38182,21.11621399604935
10.4,16.58283,21.147844803791497
10.4,16.78384,21.178845410412297
10.4,16.98485,21.209906199866673
10.4,17.18586,21.240076750497934
10.4,17.38687,21.270067056813467
10.4,17.58788,21.299647241691805
10.4,17.78889,21.32870726684496
10.4,17.9899,21.357827464091482
10.4,18.19091,21.38611745690345
10.4,18.39192,21.414297241689393
10.4,18.59293,21.44208693256124
10.4,18.79394,21.469436514820462
10.4,18.99495,21.49682625687083
10.4,19.19596,21.523465843061977
10.4,19.39697,21.550025269679484
10.4,19.59798,21.57620463913078
10.4,19.79899,21.602003949821412
10.4,20.0,21.62596342828268
10.700000000000001,0.1,3.074729801926788
10.700000000000001,0.3010101,3.4831799105175083
10.700000000000001,0.5020202,3.5163510504888285
10.700000000000001,0.7030303,3.0967779949734817
10.700000000000001,1.306061,3.0191024537094067
10.700000000000001,1.507071,3.7150818009740396
10.700000000000001,1.708081,3.5086645876663267
10.700000000000001,1.909091,3.2243789988236053
10.700000000000001,2.110101,2.92334528642887
10.700000000000001,2.311111,2.6464904915918672
10.700000000000001,2.512121,2.410077641895305
10.700000000000001,2.713131,2.228856942278566
10.700000000000001,2.914141,2.1009279059628634
10.700000000000001,3.115152,2.0221336061248545
10.700000000000001,3.316162,1.992818831864846
10.700000000000001,3.517172,2.0031036385545575
10.700000000000001,3.718182,2.0543861090076683
10.700000000000001,3.919192,2.144597858628049
10.700000000000001,4.120202,2.273709550714767
10.700000000000001,4.321212,2.4520458373588334
10.700000000000001,4.522222,2.680694739184887
10.700000000000001,4.723232,2.9743903144317274
10.700000000000001,4.924242,3.3467065165155736
10.700000000000001,5.125253,3.8055060695318184
10.700000000000001,5.326263,4.367524748405589
10.700000000000001,5.527273,5.083081097915544
10.700000000000001,5.728283,5.898339181800126
10.700000000000001,5.929293,6.864129063360497
10.700000000000001,6.130303,7.95960962706634
10.700000000000001,6.331313,9.166947597875685
10.700000000000001,6.532323,10.482803086228426
10.700000000000001,6.733333,11.872829034801642
10.700000000000001,6.934343,13.262548936948347
10.700000000000001,7.135354,14.578811557075431
10.700000000000001,7.336364,15.739044461707422
10.700000000000001,7.537374,16.710970247626204
10.700000000000001,7.738384,17.449649482100938
10.700000000000001,7.939394,17.96298841347252
10.700000000000001,8.140404,18.346063857096187
10.700000000000001,8.341414,18.638341369855542
10.700000000000001,8.542424,18.861277611796837
10.700000000000001,8.743434,19.038233964573145
10.700000000000001,8.944444,19.179468475130125
10.700000000000001,9.145455,19.301399453927843
10.700000000000001,9.346465,19.409653875757822
10.700000000000001,9.547475,19.50606329389948
10.700000000000001,9.748485,19.593805780390653
10.700000000000001,9.949495,19.670062576760515
10.700000000000001,10.15051,19.74441134337915
10.700000000000001,10.35152,19.814002565286682
10.700000000000001,10.55253,19.881126162578543
10.700000000000001,10.75354,19.941552440984115
10.700000000000001,10.95455,20.00206992707069
10.700000000000001,11.15556,20.057899615202434
10.700000000000001,11.35657,20.11236069480903
10.700000000000001,11.55758,20.165323368476926
10.700000000000001,11.75859,20.215237306340857
10.700000000000001,11.9596,20.265222068453554
10.700000000000001,12.16061,20.3124280555271
10.700000000000001,12.36162,20.358944851278196
10.700000000000001,12.56263,20.40438248318012
10.700000000000001,12.76364,20.44807079758167
10.700000000000001,12.96465,20.491809644672546
10.700000000000001,13.16566,20.5336490646898
10.700000000000001,13.36667,20.57508892088366
10.700000000000001,13.56768,20.615639089991078
10.700000000000001,13.76869,20.655049590407785
10.700000000000001,13.9697,20.69451041739911
10.700000000000001,14.17071,20.73249138395911
10.700000000000001,14.37172,20.770212553174314
10.700000000000001,14.57273,20.807143664301954
10.700000000000001,14.77374,20.843274929327443
10.700000000000001,14.97475,20.879436382559213
10.700000000000001,15.17576,20.914357715154782
10.700000000000001,15.37677,20.949109117960944
10.700000000000001,15.57778,20.983160229988567
10.700000000000001,15.77879,21.016601441995338
10.700000000000001,15.9798,21.050062755879978
10.700000000000001,16.18081,21.082453833370938
10.700000000000001,16.38182,21.11472492001918
10.700000000000001,16.58283,21.146365606811713
10.700000000000001,16.78384,21.177526407853506
10.700000000000001,16.98485,21.208697261010084
10.700000000000001,17.18586,21.23892786155469
10.700000000000001,17.38687,21.269078452306196
10.700000000000001,17.58788,21.29867862377779
10.700000000000001,17.78889,21.327868944679718
10.700000000000001,17.9899,21.357059291051645
10.700000000000001,18.19091,21.385409419848187
10.700000000000001,18.39192,21.413709539450792
10.700000000000001,18.59293,21.44150927357684
10.700000000000001,18.79394,21.46895918302494
10.700000000000001,18.99495,21.4964091044432
10.700000000000001,19.19596,21.523088862259062
10.700000000000001,19.39697,21.549738617941188
10.700000000000001,19.59798,21.575928054976902
10.700000000000001,19.79899,21.59806772405504
10.700000000000001,20.0,21.620167398653646
11.0,0.1,2.972643366958044
11.0,0.3010101,3.4206716438058367
11.0,0.5020202,3.444231821040641
11.0,0.7030303,3.1075096289723403
11.0,1.306061,2.8063083222718297
11.0,1.507071,3.6628066616436787
11.0,1.708081,3.4584793360838217
11.0,1.909091,3.1931730721331357
11.0,2.110101,2.9147702396356507
11.0,2.311111,2.657588628956613
11.0,2.512121,2.4388361761881296
11.0,2.713131,2.271251398467269
11.0,2.914141,2.1524672258448745
11.0,3.115152,2.0804461290149066
11.0,3.316162,2.055687757494364
11.0,3.517172,2.0695725756969856
11.0,3.718182,2.1236444733352204
11.0,3.919192,2.2158694888050543
11.0,4.120202,2.346595179685121
11.0,4.321212,2.526138771461841
11.0,4.522222,2.7557436383531693
11.0,4.723232,3.0501334329545093
11.0,4.924242,3.422832090726433
11.0,5.125253,3.8817702527011924
11.0,5.326263,4.476295831927183
11.0,5.527273,5.158337720704905
11.0,5.728283,5.971761053718182
11.0,5.929293,6.934491155171679
11.0,6.130303,8.01900583397614
11.0,6.331313,9.221799053474701
11.0,6.532323,10.516553891437283
11.0,6.733333,11.887721992462474
11.0,6.934343,13.262847420008411
11.0,7.135354,14.552407537148687
11.0,7.336364,15.707516461699075
11.0,7.537374,16.67378862942607
11.0,7.738384,17.41469911994301
11.0,7.939394,17.93221080224338
11.0,8.140404,18.323519213221367
11.0,8.341414,18.617786008853184
11.0,8.542424,18.84593985452163
11.0,8.743434,19.025307363073633
11.0,8.944444,19.167964639607657
11.0,9.145455,19.291977773371332
11.0,9.346465,19.400677154388493
11.0,9.547475,19.498230506484116
11.0,9.748485,19.5864882962193
11.0,9.949495,19.657523094630104
11.0,10.15051,19.728238854924676
11.0,10.35152,19.803714263156603
11.0,10.55253,19.875372777593224
11.0,10.75354,19.936145799097698
11.0,10.95455,19.996660868434624
11.0,11.15556,20.052488323246905
11.0,11.35657,20.107027093924547
11.0,11.55758,20.160467006671958
11.0,11.75859,20.21061882276216
11.0,11.9596,20.260591809471954
11.0,12.16061,20.307806174737475
11.0,12.36162,20.354381333752972
11.0,12.56263,20.400267247914012
11.0,12.76364,20.444164161392425
11.0,12.96465,20.48790173042282
11.0,13.16566,20.52974000323586
11.0,13.36667,20.571258735332474
11.0,13.56768,20.6122579331128
11.0,13.76869,20.65186756828012
11.0,13.9697,20.691327516715965
11.0,14.17071,20.729307715367934
11.0,14.37172,20.767108173635588
11.0,14.57273,20.804488901971865
11.0,14.77374,20.84078970925245
11.0,14.97475,20.8769506000092
11.0,15.17576,20.911881459326782
11.0,15.37677,20.94671247533312
11.0,15.57778,20.98117364352118
11.0,15.77879,21.01476468501036
11.0,15.9798,21.04821567210286
11.0,16.18081,21.080606490013157
11.0,16.38182,21.112957424181168
11.0,16.58283,21.1449584496339
11.0,16.78384,21.17622925875602
11.0,16.98485,21.207409947979762
11.0,17.18586,21.23764043218506
11.0,17.38687,21.267861023542356
11.0,17.58788,21.29774167994858
11.0,17.78889,21.327012104118232
11.0,17.9899,21.356212391031594
11.0,18.19091,21.38455249261988
11.0,18.39192,21.41291270253748
11.0,18.59293,21.440942968392264
11.0,18.79394,21.468453022221492
11.0,18.99495,21.495902946954498
11.0,19.19596,21.522582728913598
11.0,19.39697,21.549282620747974
11.0,19.59798,21.575642576267793
11.0,19.79899,21.59970237827403
11.0,20.0,21.621802085297734
38.3,0.1,3.7667770303566876
38.3,0.3010101,4.946530723707155
38.3,0.5020202,5.451204103252586
38.3,0.7030303,5.798040871626262
38.3,0.9040404,6.105429844051559
38.3,1.105051,6.38599737292307
38.3,1.306061,6.651505370380388
38.3,1.507071,6.9170569549561405
38.3,1.708081,7.175398898801049
38.3,1.909091,7.431350608895367
38.3,2.110101,7.688239365756154
38.3,2.311111,7.946787672225413
38.3,2.512121,8.205345459896304
38.3,2.713131,8.47179819598241
38.3,2.914141,8.738540976629233
38.3,3.115152,9.008924884768236
38.3,3.316162,9.28202618424238
38.3,3.517172,9.556482669210789
38.3,3.718182,9.845393882433799
38.3,3.919192,10.13431029011807
38.3,4.120202,10.434345224561879
38.3,4.321212,10.74184870544274
38.3,4.522222,11.051853816345702
38.3,4.723232,11.381906240000962
38.3,4.924242,11.711957581584283
38.3,5.125253,12.05737607509844
38.3,5.326263,12.412085026728366
38.3,5.527273,12.76992607882277
38.3,5.728283,13.147683791967584
38.3,5.929293,13.525441345575835
38.3,6.130303,13.91353491008563
38.3,6.331313,14.307241464877059
38.3,6.532323,14.70139022649405
38.3,6.733333,15.097817299004868
38.3,6.934343,15.494256977420301
38.3,7.135354,15.879568649861815
38.3,7.336364,16.259489706858176
38.3,7.537374,16.632228768576027
38.3,7.738384,16.97346808615073
38.3,7.939394,17.31472130225906
38.3,8.140404,17.61672227982332
38.3,8.341414,17.901773416022618
38.3,8.542424,18.173788480893748
38.3,8.743434,18.397041516949095
38.3,8.944444,18.620303814615255
38.3,9.145455,18.803817232692122
38.3,9.346465,18.972152042220383
38.3,9.547475,19.130617176330247
38.3,9.748485,19.257140414361178
38.3,9.949495,19.38365776075752
38.3,10.15051,19.488459278875332
38.3,10.35152,19.58596702625611
38.3,10.55253,19.67843007215181
38.3,10.75354,19.756602747042457
38.3,10.95455,19.834787148481865
38.3,11.15556,19.903008846774753
38.3,11.35657,19.96833340671136
38.3,11.55758,20.031160631063102
38.3,11.75859,20.087782542199978
38.3,11.9596,20.14440526645751
38.3,12.16061,20.19617177838866
38.3,12.36162,20.246729651044003
38.3,12.56263,20.295918968682766
38.3,12.76364,20.342110673818663
38.3,12.96465,20.388292819133543
38.3,13.16566,20.431787058115336
38.3,13.36667,20.474711999671648
38.3,13.56768,20.516787790939922
38.3,13.76869,20.55719488372213
38.3,13.9697,20.597602245874434
38.3,14.17071,20.636300843485408
38.3,14.37172,20.674699836212046
38.3,14.57273,20.712499366152187
38.3,14.77374,20.749249653079683
38.3,14.97475,20.786000123025445
38.3,15.17576,20.82152136613649
38.3,15.37677,20.856862851536178
38.3,15.57778,20.891734698722907
38.3,15.77879,20.92585701521577
38.3,15.9798,20.95996946678978
38.3,16.18081,20.993112430213216
38.3,16.38182,21.02614555579489
38.3,16.58283,21.058758940424916
38.3,16.78384,21.090792635103924
38.3,16.98485,21.12281643607924
38.3,17.18586,21.15399059726534
38.3,17.38687,21.18508487573934
38.3,17.58788,21.215809350333735
38.3,17.78889,21.246034044317305
38.3,17.9899,21.27624882565386
38.3,18.19091,21.30567387676271
38.3,18.39192,21.33505901790398
38.3,18.59293,21.364074314940193
38.3,18.79394,21.392649776130842
38.3,18.99495,21.421215311168574
38.3,19.19596,21.44903106555253
38.3,19.39697,21.476816892147834
38.3,19.59798,21.504232836440433
38.3,19.79899,21.531248898335345
38.3,20.0,21.558265024423452
38.6,0.1,3.7947382279347934
38.6,0.3010101,4.984782515948206
38.6,0.5020202,5.492905753732462
38.6,0.7030303,5.841085638503611
38.6,0.9040404,6.145694389511452
38.6,1.105051,6.397819159746269
38.6,1.306061,6.6964694712622235
38.6,1.507071,6.962742793470062
38.6,1.708081,7.221262359148002
38.6,1.909091,7.477572512310955
38.6,2.110101,7.734865168863115
38.6,2.311111,7.993730709041173
38.6,2.512121,8.252311506180652
38.6,2.713131,8.518765905618775
38.6,2.914141,8.785720241826958
38.6,3.115152,9.056195892149601
38.6,3.316162,9.329296639452062
38.6,3.517172,9.603753896723372
38.6,3.718182,9.892629741656222
38.6,3.919192,10.181150216255489
38.6,4.120202,10.480417106947362
38.6,4.321212,10.787012360728736
38.6,4.522222,11.097019097038578
38.6,4.723232,11.426853436658682
38.6,4.924242,11.755065870936837
38.6,5.125253,12.098025324209113
38.6,5.326263,12.45026524222916
38.6,5.527273,12.808108198904682
38.6,5.728283,13.185317931380164
38.6,5.929293,13.559186349874345
38.6,6.130303,13.942841352064628
38.6,6.331313,14.332529625310771
38.6,6.532323,14.726680474812245
38.6,6.733333,15.122249957311517
38.6,6.934343,15.513482363599799
38.6,7.135354,15.893717699882258
38.6,7.336364,16.269542294820766
38.6,7.537374,16.642283209648937
38.6,7.738384,16.982754913131874
38.6,7.939394,17.31996233322107
38.6,8.140404,17.618957325228223
38.6,8.341414,17.901971709292404
38.6,8.542424,18.173987936715534
38.6,8.743434,18.397002429372105
38.6,8.944444,18.61912746756852
38.6,9.145455,18.80219300808532
38.6,9.346465,18.970379382350078
38.6,9.547475,19.128845122907475
38.6,9.748485,19.25540905430204
38.6,9.949495,19.382157605125773
38.6,10.15051,19.487250074160887
38.6,10.35152,19.584998540032075
38.6,10.55253,19.677461909105673
38.6,10.75354,19.755714959449858
38.6,10.95455,19.834179992582687
38.6,11.15556,19.902642230228942
38.6,11.35657,19.968117207721033
38.6,11.55758,20.030944618387355
38.6,11.75859,20.087606769121326
38.6,11.9596,20.144379907984682
38.6,12.16061,20.196256791771287
38.6,12.36162,20.246874947760265
38.6,12.56263,20.29606438011241
38.6,12.76364,20.342266255828847
38.6,12.96465,20.38850870694397
38.6,13.16566,20.432033227009317
38.6,13.36667,20.47496837552326
38.6,13.56768,20.51704424312958
38.6,13.76869,20.557451465221394
38.6,13.9697,20.597859066122034
38.6,14.17071,20.636547885282027
38.6,14.37172,20.6749370354329
38.6,14.57273,20.712746617266095
38.6,14.77374,20.74947700743095
38.6,14.97475,20.786197669154323
38.6,15.17576,20.821689090476383
38.6,15.37677,20.85701069809643
38.6,15.57778,20.89188258264759
38.6,15.77879,20.925994982495038
38.6,15.9798,20.960077589959766
38.6,16.18081,20.993180698738076
38.6,16.38182,21.026183919450297
38.6,16.58283,21.058797330700266
38.6,16.78384,21.090811094357225
38.6,16.98485,21.122805022079895
38.6,17.18586,21.153929301100977
38.6,17.38687,21.185013653137418
38.6,17.58788,21.215728147131095
38.6,17.78889,21.245932897783554
38.6,17.9899,21.276117781279705
38.6,18.19091,21.305502926629025
38.6,18.39192,21.33486812414613
38.6,18.59293,21.363883435106235
38.6,18.79394,21.392438942454863
38.6,18.99495,21.42097455904266
38.6,19.19596,21.448750387684235
38.6,19.39697,21.476526256615724
38.6,19.59798,21.503942210823116
38.6,19.79899,21.528998590341104
38.6,20.0,21.552035337288356
38.900000000000006,0.1,3.8233930406177588
38.900000000000006,0.3010101,5.023247672427253
38.900000000000006,0.5020202,5.53373553120435
38.900000000000006,0.7030303,5.884511852116203
38.900000000000006,0.9040404,6.193644332961119
38.900000000000006,1.105051,6.45621283152118
38.900000000000006,1.306061,6.722435540186467
38.900000000000006,1.507071,7.003293800197887
38.900000000000006,1.708081,7.267486712123517
38.900000000000006,1.909091,7.523887435594006
38.900000000000006,2.110101,7.781176110886401
38.900000000000006,2.311111,8.040039768988871
38.900000000000006,2.512121,8.299020135652878
38.900000000000006,2.713131,8.565761861915886
38.900000000000006,2.914141,8.832715846062788
38.900000000000006,3.115152,9.103191832680189
38.900000000000006,3.316162,9.376293430787449
38.900000000000006,3.517172,9.650644572740282
38.900000000000006,3.718182,9.93897690060122
38.900000000000006,3.919192,10.227500662283791
38.900000000000006,4.120202,10.526759176106609
38.900000000000006,4.321212,10.833256193447086
38.900000000000006,4.522222,11.141434521780127
38.900000000000006,4.723232,11.468940005145233
38.900000000000006,4.924242,11.79715419627312
38.900000000000006,5.125253,12.140105594821472
38.900000000000006,5.326263,12.491987339220762
38.900000000000006,5.527273,12.844950430601498
38.900000000000006,5.728283,13.21744098070132
38.900000000000006,5.929293,13.591321389912183
38.900000000000006,6.130303,13.974968550929715
38.900000000000006,6.331313,14.363918907370616
38.900000000000006,6.532323,14.75014140931005
38.900000000000006,6.733333,15.139663930529943
38.900000000000006,6.934343,15.530908356078804
38.900000000000006,7.135354,15.911145800081576
38.900000000000006,7.336364,16.286052817806116
38.900000000000006,7.537374,16.650808981966254
38.900000000000006,7.738384,16.986785369404586
38.900000000000006,7.939394,17.323994324646847
38.900000000000006,8.140404,17.62299079427492
38.900000000000006,8.341414,17.905477101041903
38.900000000000006,8.542424,18.17374834484809
38.900000000000006,8.743434,18.39554579179024
38.900000000000006,8.944444,18.6176716981551
38.900000000000006,9.145455,18.8007280065844
38.900000000000006,9.346465,18.96887536751303
38.900000000000006,9.547475,19.127183503896187
38.900000000000006,9.748485,19.253968681280377
38.900000000000006,9.949495,19.380717688289717
38.900000000000006,10.15051,19.48581054874213
38.900000000000006,10.35152,19.58364950726337
38.900000000000006,10.55253,19.676643995198052
38.900000000000006,10.75354,19.755177672571065
38.900000000000006,10.95455,19.833632959480298
38.900000000000006,11.15556,19.90209541612605
38.900000000000006,11.35657,19.96764068564181
38.900000000000006,11.55758,20.030808790852383
38.900000000000006,11.75859,20.08761133775876
38.900000000000006,11.9596,20.144384627466387
38.900000000000006,12.16061,20.196261644278916
38.900000000000006,12.36162,20.246909997380364
38.900000000000006,12.56263,20.296239942752223
38.900000000000006,12.76364,20.342492098549364
38.900000000000006,12.96465,20.388724645579124
38.900000000000006,13.16566,20.432249251872634
38.900000000000006,13.36667,20.475204546206438
38.900000000000006,13.56768,20.51730082120154
38.900000000000006,13.76869,20.557718251763998
38.900000000000006,13.9697,20.598125916675702
38.900000000000006,14.17071,20.63681479462798
38.900000000000006,14.37172,20.67520405835532
38.900000000000006,14.57273,20.712963975595265
38.900000000000006,14.77374,20.749684524391768
38.900000000000006,14.97475,20.786405230636078
38.900000000000006,15.17576,20.82189669403496
38.900000000000006,15.37677,20.85720839344546
38.900000000000006,15.57778,20.89202055658935
38.900000000000006,15.77879,20.926103078650332
38.900000000000006,15.9798,20.9601857179218
38.900000000000006,16.18081,20.993278856904006
38.900000000000006,16.38182,21.026272153141917
38.900000000000006,16.58283,21.058815797219705
38.900000000000006,16.78384,21.09079965414577
38.900000000000006,16.98485,21.122793604947862
38.900000000000006,17.18586,21.15391790594432
38.900000000000006,17.38687,21.18498232032531
38.900000000000006,17.58788,21.2156270069133
38.900000000000006,17.78889,21.245801827899214
38.900000000000006,17.9899,21.27598672815429
38.900000000000006,18.19091,21.3053818895131
38.900000000000006,18.39192,21.334727138050223
38.900000000000006,18.59293,21.36366260600039
38.900000000000006,18.79394,21.392198165440327
38.900000000000006,18.99495,21.420743793994287
38.900000000000006,19.19596,21.448519634247443
38.900000000000006,19.39697,21.476275544514777
38.900000000000006,19.59798,21.503621624555873
38.900000000000006,19.79899,21.526708324251683
38.900000000000006,20.0,21.549745074561155
39.2,0.1,3.850942479611594
39.2,0.3010101,5.0615394018901725
39.2,0.5020202,5.5752140495311755
39.2,0.7030303,5.926822453694488
39.2,0.9040404,6.237672111562826
39.2,1.105051,6.500774672637551
39.2,1.306061,6.767643400742183
39.2,1.507071,7.048686709017244
39.2,1.708081,7.312976550999155
39.2,1.909091,7.569742884057256
39.2,2.110101,7.827089919406971
39.2,2.311111,8.086164001335044
39.2,2.512121,8.345275443924995
39.2,2.713131,8.612080713066783
39.2,2.914141,8.879161207534697
39.2,3.115152,9.149631550330689
39.2,3.316162,9.422666644725153
39.2,3.517172,9.696990793943838
39.2,3.718182,9.985063075722179
39.2,3.919192,10.273180823290236
39.2,4.120202,10.572350947200409
39.2,4.321212,10.87780990458745
39.2,4.522222,11.185589883302464
39.2,4.723232,11.511977018465647
39.2,4.924242,11.838582520224632
39.2,5.125253,12.181195729049659
39.2,5.326263,12.530278539568313
39.2,5.527273,12.882223164071695
39.2,5.728283,13.25229524336152
39.2,5.929293,13.622936817397406
39.2,6.130303,14.00588605341962
39.2,6.331313,14.390228133230806
39.2,6.532323,14.77487252895052
39.2,6.733333,15.16105777938936
39.2,6.934343,15.548114824251003
39.2,7.135354,15.9274946990908
39.2,7.336364,16.29754557640723
39.2,7.537374,16.66075411003628
39.2,7.738384,16.994014070783084
39.2,7.939394,17.32805658329524
39.2,8.140404,17.62654502032919
39.2,8.341414,17.90651504797887
39.2,8.542424,18.174048104687117
39.2,8.743434,18.395027871595776
39.2,8.944444,18.616276042519438
39.2,9.145455,18.799283383775006
39.2,9.346465,18.967202578562073
39.2,9.547475,19.125451608833142
39.2,9.748485,19.2523978306379
39.2,9.949495,19.379297842816076
39.2,10.15051,19.484471218272382
39.2,10.35152,19.58261101776879
39.2,10.55253,19.675685939799802
39.2,10.75354,19.75443016736767
39.2,10.95455,19.83309597192728
39.2,11.15556,19.901618730005012
39.2,11.35657,19.967374494487856
39.2,11.55758,20.03059284555988
39.2,11.75859,20.087515752886357
39.2,11.9596,20.144389370594393
39.2,12.16061,20.196296588443943
39.2,12.36162,20.24703528850272
39.2,12.56263,20.29639538874139
39.2,12.76364,20.3426878116081
39.2,12.96465,20.38896059040776
39.2,13.16566,20.432485343705327
39.2,13.36667,20.475460902383077
39.2,13.56768,20.517567281674644
39.2,13.76869,20.557984922618385
39.2,13.9697,20.598392761237093
39.2,14.17071,20.63708175309647
39.2,14.37172,20.675451226269907
39.2,14.57273,20.71322121648645
39.2,14.77374,20.749911936187384
39.2,14.97475,20.786622776358993
39.2,15.17576,20.822104331455577
39.2,15.37677,20.857386200434696
39.2,15.57778,20.892188415476333
39.2,15.77879,20.926241079586497
39.2,15.9798,20.960303823486807
39.2,16.18081,20.993387037649136
39.2,16.38182,21.026330472793735
39.2,16.58283,21.05887415325448
39.2,16.78384,21.090828128400197
39.2,16.98485,21.122792161064257
39.2,17.18586,21.153906524111125
39.2,17.38687,21.184921051561417
39.2,17.58788,21.215565763551833
39.2,17.78889,21.245710682173833
39.2,17.9899,21.27586564584574
39.2,18.19091,21.305240858141588
39.2,18.39192,21.334556197401255
39.2,18.59293,21.363491682567922
39.2,18.79394,21.3919973212886
39.2,18.99495,21.420512998098275
39.2,19.19596,21.448278879418922
39.2,19.39697,21.475994861162885
39.2,19.59798,21.503350952433742
39.2,19.79899,21.53030715320664
39.2,20.0,21.55531366561544
39.5,0.1,3.879882548531212
39.5,0.3010101,5.099497008489726
39.5,0.5020202,5.616984514835671
39.5,0.7030303,5.969816678035369
39.5,0.9040404,6.2770734289796435
39.5,1.105051,6.525436265025672
39.5,1.306061,6.819344307914773
39.5,1.507071,7.098610274225912
39.5,1.708081,7.358046595040412
39.5,1.909091,7.614902168847404
39.5,2.110101,7.87275745902808
39.5,2.311111,8.131955222608953
39.5,2.512121,8.391065762829381
39.5,2.713131,8.657870583204177
39.5,2.914141,8.924988611284087
39.5,3.115152,9.195432988741198
39.5,3.316162,9.468414075401286
39.5,3.517172,9.742738883758927
39.5,3.718182,10.03081061303769
39.5,3.919192,10.31860025219246
39.5,4.120202,10.616252957948841
39.5,4.321212,10.921303693125447
39.5,4.522222,11.229075230901952
39.5,4.723232,11.555464292792356
39.5,4.924242,11.880741315921865
39.5,5.125253,12.218895264539672
39.5,5.326263,12.566969736061127
39.5,5.527273,12.9189161971828
39.5,5.728283,13.2889903825851
39.5,5.929293,13.656703290697532
39.5,6.130303,14.031813683257015
39.5,6.331313,14.414607752041674
39.5,6.532323,14.79924415708135
39.5,6.733333,15.18543160979706
39.5,6.934343,15.568351348962716
39.5,7.135354,15.938886006703651
39.5,7.336364,16.3074093414296
39.5,7.537374,16.670629646741467
39.5,7.738384,17.003881415402013
39.5,7.939394,17.334487727983582
39.5,8.140404,17.62763194909741
39.5,8.341414,17.9068738731744
39.5,8.542424,18.17439805396221
39.5,8.743434,18.3953888469017
39.5,8.944444,18.61555959013493
39.5,9.145455,18.79766005380006
39.5,9.346465,18.9655201910311
39.5,9.547475,19.1237698113092
39.5,9.748485,19.250706539232834
39.5,9.949495,19.3777977318011
39.5,10.15051,19.483442457235892
39.5,10.35152,19.58166271166336
39.5,10.55253,19.674737949932258
39.5,10.75354,19.753482448238703
39.5,10.95455,19.832438880646706
39.5,11.15556,19.901352386212654
39.5,11.35657,19.967158407244565
39.5,11.55758,20.03037694096855
39.5,11.75859,20.087300008729635
39.5,11.9596,20.144334046855924
39.5,12.16061,20.19642177981492
39.5,12.36162,20.24718064161013
39.5,12.56263,20.29654085517758
39.5,12.76364,20.342833380372635
39.5,12.96465,20.389166479894953
39.5,13.16566,20.432751625522425
39.5,13.36667,20.475727292296554
39.5,13.56768,20.517843746084232
39.5,13.76869,20.558251456235737
39.5,13.9697,20.598669554927852
39.5,14.17071,20.637338859022872
39.5,14.37172,20.675708408181613
39.5,14.57273,20.713478449450033
39.5,14.77374,20.75016921777516
39.5,14.97475,20.786850276073256
39.5,15.17576,20.822282084159774
39.5,15.37677,20.857564006870007
39.5,15.57778,20.892366258501728
39.5,15.77879,20.9264189578538
39.5,15.9798,20.96043188658505
39.5,16.18081,20.993455307268015
39.5,16.38182,21.026398780337228
39.5,16.58283,21.05894248780535
39.5,16.78384,21.090896488981887
39.5,16.98485,21.122810678626337
39.5,17.18586,21.153855209090242
39.5,17.38687,21.184879763116413
39.5,17.58788,21.215514495102685
39.5,17.78889,21.24565943312148
39.5,17.9899,21.275764529020723
39.5,18.19091,21.305079875040242
39.5,18.39192,21.334395232618903
39.5,18.59293,21.363330732529686
39.5,18.79394,21.391836385612617
39.5,18.99495,21.42030217216377
39.5,19.19596,21.448018158446626
39.5,19.39697,21.475734152361657
39.5,19.59798,21.503090254426496
39.5,19.79899,21.530046465832424
39.5,20.0,21.553053329534748
39.8,0.1,3.906726348996473
39.8,0.3010101,5.136813344328944
39.8,0.5020202,5.657837907029501
39.8,0.7030303,6.012204976154131
39.8,0.9040404,6.3247427603839395
39.8,1.105051,6.608585477876316
39.8,1.306061,6.876034144848708
39.8,1.507071,7.14352479766189
39.8,1.708081,7.403178327270288
39.8,1.909091,7.6602326007688095
39.8,2.110101,7.918084902268587
39.8,2.311111,8.177345982167797
39.8,2.512121,8.43661672032268
39.8,2.713131,8.70348390132086
39.8,2.914141,8.97062942092695
39.8,3.115152,9.24107401672107
39.8,3.316162,9.513981227008466
39.8,3.517172,9.788146456941304
39.8,3.718182,10.075739471209268
39.8,3.919192,10.363330662463621
39.8,4.120202,10.660984886879227
39.8,4.321212,10.965397531644648
39.8,4.522222,11.272040892476603
39.8,4.723232,11.596621572424871
39.8,4.924242,11.921210182220314
39.8,5.125253,12.259366004419576
39.8,5.326263,12.605721969541
39.8,5.527273,12.954809560827785
39.8,5.728283,13.321195067283
39.8,5.929293,13.687579630246972
39.8,6.130303,14.06270208984992
39.8,6.331313,14.442558077845458
39.8,6.532323,14.822656382328251
39.8,6.733333,15.203936821319568
39.8,6.934343,15.585238765303462
39.8,7.135354,15.955765434976648
39.8,7.336364,16.321091987939756
39.8,7.537374,16.679745995697278
39.8,7.738384,17.00915198296197
39.8,7.939394,17.33858052358757
39.8,8.140404,17.63172616222952
39.8,8.341414,17.909221065161056
39.8,8.542424,18.174548546942308
39.8,8.743434,18.39439209534722
39.8,8.944444,18.614244176687365
39.8,9.145455,18.79634538605459
39.8,9.346465,18.96402703944318
39.8,9.547475,19.12213827334985
39.8,9.748485,19.249266212050085
39.8,9.949495,19.37639803545762
39.8,10.15051,19.48204314338476
39.8,10.35152,19.580494113515066
39.8,10.55253,19.673860110566018
39.8,10.75354,19.752875230274867
39.8,10.95455,19.83190199284003
39.8,11.15556,19.900815712720885
39.8,11.35657,19.96678215743077
39.8,11.55758,20.030201144224094
39.8,11.75859,20.08727461301926
39.8,11.9596,20.144338849976588
39.8,12.16061,20.19642671331166
39.8,12.36162,20.247265871882448
39.8,12.56263,20.296706405912882
39.8,12.76364,20.343059224719855
39.8,12.96465,20.389402453750304
39.8,13.16566,20.432987684118263
39.8,13.36667,20.475983578276473
39.8,13.56768,20.51811027786986
39.8,13.76869,20.558528217021106
39.8,13.9697,20.598946404190798
39.8,14.17071,20.637615766847482
39.8,14.37172,20.67597549855063
39.8,14.57273,20.713725736292556
39.8,14.77374,20.750406689335037
39.8,14.97475,20.78707780943624
39.8,15.17576,20.822509658857292
39.8,15.37677,20.8577617330553
39.8,15.57778,20.892534144399395
39.8,15.77879,20.926546994815098
39.8,15.9798,20.960559967754502
39.8,16.18081,20.993583418679513
39.8,16.38182,21.02649701809862
39.8,16.58283,21.05900085616333
39.8,16.78384,21.09090498117513
39.8,16.98485,21.122819202226623
39.8,17.18586,21.15387375505444
39.8,17.38687,21.184858414397883
39.8,17.58788,21.215453252795157
39.8,17.78889,21.2455582914715
39.8,17.9899,21.27566340924151
39.8,18.19091,21.304978771999963
39.8,18.39192,21.334254216567242
39.8,18.59293,21.363159802121487
39.8,18.79394,21.391625536168842
39.8,18.99495,21.420091337567634
39.8,19.19596,21.447807336257
39.8,19.39697,21.475493400973427
39.8,19.59798,21.50088984287332
39.8,19.79899,21.523876663707345
39.8,20.0,21.546863527357186
40.1,0.1,3.93427684089471
40.1,0.3010101,5.173842567001058
40.1,0.5020202,5.698467514179944
40.1,0.7030303,6.054204231805411
40.1,0.9040404,6.363886836447807
40.1,1.105051,6.613262903565681
40.1,1.306061,6.89459912005192
40.1,1.507071,7.182773946204535
40.1,1.708081,7.447764944629753
40.1,1.909091,7.704972889184476
40.1,2.110101,7.962822166957769
40.1,2.311111,8.22212053145072
40.1,2.512121,8.481487456473225
40.1,2.713131,8.74834793923965
40.1,2.914141,9.015487896758875
40.1,3.115152,9.285932664881361
40.1,3.316162,9.558730973651343
40.1,3.517172,9.832679614697172
40.1,3.718182,10.119737957022544
40.1,3.919192,10.407120700331605
40.1,4.120202,10.704776416597316
40.1,4.321212,11.008551025473638
40.1,4.522222,11.314056329380055
40.1,4.723232,11.636848784819062
40.1,4.924242,11.960749028966609
40.1,5.125253,12.29890670613547
40.1,5.326263,12.643584223403392
40.1,5.527273,12.989863052919375
40.1,5.728283,13.3526500506951
40.1,5.929293,13.717756305577984
40.1,6.130303,14.092880818139127
40.1,6.331313,14.469888833068381
40.1,6.532323,14.845559197482023
40.1,6.733333,15.222092655079805
40.1,6.934343,15.60180680368411
40.1,7.135354,15.972345454165971
40.1,7.336364,16.334555191006732
40.1,7.537374,16.68876285802193
40.1,7.738384,17.014432971347553
40.1,7.939394,17.342703707487356
40.1,8.140404,17.635850749351754
40.1,8.341414,17.911628570124815
40.1,8.542424,18.174789282960045
40.1,8.743434,18.393475539567156
40.1,8.944444,18.612998943316462
40.1,9.145455,18.795100893304678
40.1,9.346465,18.96260404332426
40.1,9.547475,19.12055686755948
40.1,9.748485,19.247846003033505
40.1,9.949495,19.37502845098932
40.1,10.15051,19.48067393881731
40.1,10.35152,19.579335614872278
40.1,10.55253,19.67299235728605
40.1,10.75354,19.752278086562864
40.1,10.95455,19.831365175801547
40.1,11.15556,19.900279108843996
40.1,11.35657,19.966415967538367
40.1,11.55758,20.030025398173834
40.1,11.75859,20.08723925802884
40.1,11.9596,20.144343690627565
40.1,12.16061,20.196431684036494
40.1,12.36162,20.24735113138331
40.1,12.56263,20.296871978446084
40.1,12.76364,20.343275082809818
40.1,12.96465,20.38963843972845
40.1,13.16566,20.433223755561446
40.1,13.36667,20.476239871047387
40.1,13.56768,20.518386810182285
40.1,13.76869,20.558814972522065
40.1,13.9697,20.599233247766698
40.1,14.17071,20.63790266829376
40.1,14.37172,20.676252578994685
40.1,14.57273,20.713993007938193
40.1,14.77374,20.75064414155132
40.1,14.97475,20.787315323687682
40.1,15.17576,20.822747214948137
40.1,15.37677,20.85796943737325
40.1,15.57778,20.892712004831626
40.1,15.77879,20.9266950031063
40.1,15.9798,20.960708020518695
40.1,16.18081,20.993731502255667
40.1,16.38182,21.026605225799617
40.1,16.58283,21.059069192122244
40.1,16.78384,21.09094343861005
40.1,16.98485,21.122847691558423
40.1,17.18586,21.153902267442806
40.1,17.38687,21.18484703056914
40.1,17.58788,21.215411973684702
40.1,17.78889,21.245477111544826
40.1,17.9899,21.275582251757864
40.1,18.19091,21.304897631874915
40.1,18.39192,21.33413316223127
40.1,18.59293,21.362998832207165
40.1,18.79394,21.39143464571622
40.1,18.99495,21.419900462573636
40.1,19.19596,21.44760647437119
40.1,19.39697,21.475262608314985
40.1,19.59798,21.502548844973745
40.1,19.79899,21.529455183098204
40.1,20.0,21.55246206400647
40.400000000000006,0.1,3.96056313589432
40.400000000000006,0.3010101,5.211081346558759
40.400000000000006,0.5020202,5.738181528195847
40.400000000000006,0.7030303,6.096545294178466
40.400000000000006,0.9040404,6.410775525928639
40.400000000000006,1.105051,6.676294059768218
40.400000000000006,1.306061,6.94425017677698
40.400000000000006,1.507071,7.231949089140813
40.400000000000006,1.708081,7.492014171909651
40.400000000000006,1.909091,7.749290438833656
40.400000000000006,2.110101,8.00741387663791
40.400000000000006,2.311111,8.266771904230348
40.400000000000006,2.512121,8.526136880554459
40.400000000000006,2.713131,8.792996814213062
40.400000000000006,2.914141,9.060127184356409
40.400000000000006,3.115152,9.330308853767
40.400000000000006,3.316162,9.6030290379881
40.400000000000006,3.517172,9.876978221521536
40.400000000000006,3.718182,10.164045885784583
40.400000000000006,3.919192,10.451060472360789
40.400000000000006,4.120202,10.747099080681343
40.400000000000006,4.321212,11.050455429138005
40.400000000000006,4.522222,11.355962200762367
40.400000000000006,4.723232,11.678756501939342
40.400000000000006,4.924242,12.001338373384964
40.400000000000006,5.125253,12.335167313104227
40.400000000000006,5.326263,12.67885645714528
40.400000000000006,5.527273,13.02513706065906
40.400000000000006,5.728283,13.387926090286511
40.400000000000006,5.929293,13.750203811410357
40.400000000000006,6.130303,14.117890052213511
40.400000000000006,6.331313,14.493390035007426
40.400000000000006,6.532323,14.869062319278912
40.400000000000006,6.733333,15.24558788277349
40.400000000000006,6.934343,15.621344717043844
40.400000000000006,7.135354,15.983498134047773
40.400000000000006,7.336364,16.344230233435113
40.400000000000006,7.537374,16.69844958462151
40.400000000000006,7.738384,17.024121418720007
40.400000000000006,7.939394,17.34907580204027
40.400000000000006,8.140404,17.637078367515205
40.400000000000006,8.341414,17.912128016516093
40.400000000000006,8.542424,18.175289807820818
40.400000000000006,8.743434,18.39397705217419
40.400000000000006,8.944444,18.612422946300498
40.400000000000006,9.145455,18.79356791720008
40.400000000000006,9.346465,18.96099198435967
40.400000000000006,9.547475,19.118945380497216
40.400000000000006,9.748485,19.246245005997267
40.400000000000006,9.949495,19.373578606316844
40.400000000000006,10.15051,19.479665402883967
40.400000000000006,10.35152,19.578397522548308
40.400000000000006,10.55253,19.67205457386001
40.400000000000006,10.75354,19.751340566101522
40.400000000000006,10.95455,19.830708262566763
40.400000000000006,11.15556,19.90001290680864
40.400000000000006,11.35657,19.966200015450287
40.400000000000006,11.55758,20.029809624503333
40.400000000000006,11.75859,20.08702364090404
40.400000000000006,11.9596,20.14428847566185
40.400000000000006,12.16061,20.196566954481398
40.400000000000006,12.36162,20.247496559569964
40.400000000000006,12.56263,20.297027516779092
40.400000000000006,12.76364,20.34343072181627
40.400000000000006,12.96465,20.389854384006856
40.400000000000006,13.16566,20.43350006928991
40.400000000000006,13.36667,20.476516291191064
40.400000000000006,13.56768,20.51866330310347
40.400000000000006,13.76869,20.559091533182787
40.400000000000006,13.9697,20.599510056149615
40.400000000000006,14.17071,20.638169772967533
40.400000000000006,14.37172,20.6765197571803
40.400000000000006,14.57273,20.714260237033006
40.400000000000006,14.77374,20.75091141859729
40.400000000000006,14.97475,20.78756280902471
40.400000000000006,15.17576,20.82294494175734
40.400000000000006,15.37677,20.858177216427155
40.400000000000006,15.57778,20.89291982052576
40.400000000000006,15.77879,20.92689285398979
40.400000000000006,15.9798,20.960866048915975
40.400000000000006,16.18081,20.99382972869604
40.400000000000006,16.38182,21.026703489994105
40.400000000000006,16.58283,21.059167483421273
40.400000000000006,16.78384,21.091031756207155
40.400000000000006,16.98485,21.122896160694072
40.400000000000006,17.18586,21.153880898192725
40.400000000000006,17.38687,21.18482568820896
40.400000000000006,17.58788,21.215380651754874
40.400000000000006,17.78889,21.245455809323662
40.400000000000006,17.9899,21.275501077998804
40.400000000000006,18.19091,21.304766587866187
40.400000000000006,18.39192,21.3340021370773
40.400000000000006,18.59293,21.36285782242267
40.400000000000006,18.79394,21.39129365095509
40.400000000000006,18.99495,21.41970957463332
40.400000000000006,19.19596,21.44737568819939
40.400000000000006,19.39697,21.475031834989345
40.400000000000006,19.59798,21.50231808322601
40.400000000000006,19.79899,21.52921443278791
40.400000000000006,20.0,21.554141124169014
40.7,0.1,3.986730189293093
40.7,0.3010101,5.248127900984326
40.7,0.5020202,5.778540596192395
40.7,0.7030303,6.137757023576959
40.7,0.9040404,6.4536410580573165
40.7,1.105051,6.72537166096237
40.7,1.306061,7.007400985300977
40.7,1.507071,7.2758666018637985
40.7,1.708081,7.535974807936295
40.7,1.909091,7.793421577004366
40.7,2.110101,8.051569379980295
40.7,2.311111,8.31095676007736
40.7,2.512121,8.570338709351082
40.7,2.713131,8.837162969843556
40.7,2.914141,9.104224602440446
40.7,3.115152,9.374388434431324
40.7,3.316162,9.646865958653
40.7,3.517172,9.920713989799378
40.7,3.718182,10.207444537054883
40.7,3.919192,10.493951125205509
40.7,4.120202,10.789891217486824
40.7,4.321212,11.0921597727187
40.7,4.522222,11.397248228452002
40.7,4.723232,11.718954390094341
40.7,4.924242,12.039977930533784
40.7,5.125253,12.373478621538386
40.7,5.326263,12.71453920642568
40.7,5.527273,13.059861406550672
40.7,5.728283,13.420402197889699
40.7,5.929293,13.779681431661409
40.7,6.130303,14.146729683353547
40.7,6.331313,14.517991768360854
40.7,6.532323,14.892225979056816
40.7,6.733333,15.265694256797975
40.7,6.934343,15.637613738608145
40.7,7.135354,15.99898939955142
40.7,7.336364,16.355255175874696
40.7,7.537374,16.708066764298383
40.7,7.738384,17.031211911013436
40.7,7.939394,17.353219592405537
40.7,8.140404,17.64074396943551
40.7,8.341414,17.91338707068324
40.7,8.542424,18.1758505614358
40.7,8.743434,18.39371998630103
40.7,8.944444,18.611268005856445
40.7,9.145455,18.79234395415846
40.7,9.346465,18.95949976716733
40.7,9.547475,19.117374017936996
40.7,9.748485,19.244784644384797
40.7,9.949495,19.372229202778716
40.7,10.15051,19.478386488084205
40.7,10.35152,19.5773994057411
40.7,10.55253,19.671116872238123
40.7,10.75354,19.750613382206534
40.7,10.95455,19.830171564555542
40.7,11.15556,19.899536491439605
40.7,11.35657,19.965924059188247
40.7,11.55758,20.02958390245956
40.7,11.75859,20.08691825146004
40.7,11.9596,20.144283389550807
40.7,12.16061,20.196592056796085
40.7,12.36162,20.24763197891746
40.7,12.56263,20.297173084398988
40.7,12.76364,20.343626534002688
40.7,12.96465,20.390090409781287
40.7,13.16566,20.433746232418002
40.7,13.36667,20.47679269534048
40.7,13.56768,20.518949807402706
40.7,13.76869,20.55937823096482
40.7,13.9697,20.599806914371413
40.7,14.17071,20.638456737347134
40.7,14.37172,20.676806914909097
40.7,14.57273,20.714537464747874
40.7,14.77374,20.751178804771044
40.7,14.97475,20.78781031998977
40.7,15.17576,20.823192539226724
40.7,15.37677,20.858384971831498
40.7,15.57778,20.893117626612945
40.7,15.77879,20.927070792843757
40.7,15.9798,20.96102408619881
40.7,16.18081,20.99396783758301
40.7,16.38182,21.026811729058995
40.7,16.58283,21.0592657590886
40.7,16.78384,21.09110014354333
40.7,16.98485,21.12293462604284
40.7,17.18586,21.15390942318769
40.7,17.38687,21.18481432044218
40.7,17.58788,21.215369310162238
40.7,17.78889,21.245404561075905
40.7,17.9899,21.27542989095967
40.7,18.19091,21.3046754506036
40.7,18.39192,21.33387108708526
40.7,18.59293,21.362736790831697
40.7,18.79394,21.391132696536214
40.7,18.99495,21.419528667773847
40.7,19.19596,21.447174822210243
40.7,19.39697,21.474801038714457
40.7,19.59798,21.502087299697422
40.7,19.79899,21.525064234628882
40.7,20.0,21.54799121601801
41.0,0.1,4.013308028409221
41.0,0.3010101,5.284824451976248
41.0,0.5020202,5.819180596256075
41.0,0.7030303,6.179611586446602
41.0,0.9040404,6.491855807123577
41.0,1.105051,6.742893804154641
41.0,1.306061,7.025063990257087
41.0,1.507071,7.314263934536036
41.0,1.708081,7.579726306535259
41.0,1.909091,7.837194658483123
41.0,2.110101,8.095340480880225
41.0,2.311111,8.3547258851852
41.0,2.512121,8.614100216622798
41.0,2.713131,8.880765413782862
41.0,2.914141,9.147826448614714
41.0,3.115152,9.417990339662607
41.0,3.316162,9.690444437814703
41.0,3.517172,9.96380522794397
41.0,3.718182,10.249754391040664
41.0,3.919192,10.53626203163509
41.0,4.120202,10.832203512714765
41.0,4.321212,11.134363699989617
41.0,4.522222,11.437554554761036
41.0,4.723232,11.757012693201
41.0,4.924242,12.078037823937754
41.0,5.125253,12.411540291367194
41.0,5.326263,12.752262673049009
41.0,5.527273,13.093116093462337
41.0,5.728283,13.449438528287498
41.0,5.929293,13.808719578678659
41.0,6.130303,14.175769793836835
41.0,6.331313,14.546393895343577
41.0,6.532323,14.91359055815078
41.0,6.733333,15.281762040255568
41.0,6.934343,15.653683332332157
41.0,7.135354,16.01506087589044
41.0,7.336364,16.370548847031166
41.0,7.537374,16.716255341138798
41.0,7.738384,17.03536468449801
41.0,7.939394,17.357383749069733
41.0,8.140404,17.64490946069444
41.0,8.341414,17.917064290092632
41.0,8.542424,18.175972306537524
41.0,8.743434,18.392604428528408
41.0,8.944444,18.610163250510922
41.0,9.145455,18.791239912049893
41.0,9.346465,18.95831664319695
41.0,9.547475,19.1159031330028
41.0,9.748485,19.243444925051715
41.0,9.949495,19.370899911745262
41.0,10.15051,19.477057565117473
41.0,10.35152,19.576130941394027
41.0,10.55253,19.670329437461167
41.0,10.75354,19.750076516385473
41.0,10.95455,19.829634938734934
41.0,11.15556,19.899000073524917
41.0,11.35657,19.965447908519113
41.0,11.55758,20.029448365450417
41.0,11.75859,20.08692306448512
41.0,11.9596,20.1442883473795
41.0,12.16061,20.196597140692123
41.0,12.36162,20.24765724211624
41.0,12.56263,20.29735879368668
41.0,12.76364,20.343862489647538
41.0,12.96465,20.390326457207784
41.0,13.16566,20.433982362792662
41.0,13.36667,20.4770389579016
41.0,13.56768,20.51923642573511
41.0,13.76869,20.559665033555383
41.0,13.9697,20.6000937795202
41.0,14.17071,20.63875365965164
41.0,14.37172,20.67709394048481
41.0,14.57273,20.714804786341986
41.0,14.77374,20.751436268352172
41.0,14.97475,20.788067827849005
41.0,15.17576,20.823440088239998
41.0,15.37677,20.858622605140546
41.0,15.57778,20.893315509808907
41.0,15.77879,20.927238786828934
41.0,15.9798,20.961182112691674
41.0,16.18081,20.994135894615862
41.0,16.38182,21.026959856336244
41.0,16.58283,21.059344098163173
41.0,16.78384,21.091158568811803
41.0,16.98485,21.122993075520313
41.0,17.18586,21.153967895891487
41.0,17.38687,21.18485285198672
41.0,17.58788,21.215338019493664
41.0,17.78889,21.24534333682734
41.0,17.9899,21.27536868513432
41.0,18.19091,21.30461426249162
41.0,18.39192,21.333789948018286
41.0,18.59293,21.362585798841838
41.0,18.79394,21.390961754679186
41.0,18.99495,21.419367739875902
41.0,19.19596,21.44700390793935
41.0,19.39697,21.47461016498812
41.0,19.59798,21.501836546225597
41.0,19.79899,21.52675325562838
41.0,20.0,21.549680249655296
41.3,0.1,4.03975763154468
41.3,0.3010101,5.320857864858982
41.3,0.5020202,5.858872793634953
41.3,0.7030303,6.220847402120307
41.3,0.9040404,6.538334723378453
41.3,1.105051,6.825023855380382
41.3,1.306061,7.093866809150699
41.3,1.507071,7.362750771820476
41.3,1.708081,7.623133311507253
41.3,1.909091,7.880697133696739
41.3,2.110101,8.138910722840004
41.3,2.311111,8.398272179585238
41.3,2.512121,8.657642391970377
41.3,2.713131,8.924305944551245
41.3,2.914141,9.19123712824406
41.3,3.115152,9.461177401661079
41.3,3.316162,9.733362644893663
41.3,3.517172,10.006718872857686
41.3,3.718182,10.292623326066755
41.3,3.919192,10.578533070813414
41.3,4.120202,10.873576773633925
41.3,4.321212,11.1747590811752
41.3,4.522222,11.47795131406367
41.3,4.723232,11.797201232777187
41.3,4.924242,12.11646814250814
41.3,5.125253,12.447702270137205
41.3,5.326263,12.786186210627928
41.3,5.527273,13.127031329031043
41.3,5.728283,13.482885679800772
41.3,5.929293,13.838748306574132
41.3,6.130303,14.201920547886152
41.3,6.331313,14.569066763231506
41.3,6.532323,14.936265258212334
41.3,6.733333,15.303688914488994
41.3,6.934343,15.67112305454995
41.3,7.135354,16.02811405596061
41.3,7.336364,16.38004525498986
41.3,7.537374,16.72575335015756
41.3,7.738384,17.044184762275055
41.3,7.939394,17.362627523063015
41.3,8.140404,17.647426760481572
41.3,8.341414,17.917704441633077
41.3,8.542424,18.176613488521607
41.3,8.743434,18.392996914711155
41.3,8.944444,18.609398200032047
41.3,9.145455,18.789936798088313
41.3,9.346465,18.956794965740247
41.3,9.547475,19.114372008522007
41.3,9.748485,19.24195443810461
41.3,9.949495,19.369540538183145
41.3,10.15051,19.475929062210025
41.3,10.35152,19.57520309623799
41.3,10.55253,19.669401890157523
41.3,10.75354,19.749219311381054
41.3,10.95455,19.829038298012616
41.3,11.15556,19.898623908146643
41.3,11.35657,19.965222112134416
41.3,11.55758,20.029222742778234
41.3,11.75859,20.086737657009717
41.3,11.9596,20.144253298639423
41.3,12.16061,20.196672412660185
41.3,12.36162,20.24781276013172
41.3,12.56263,20.297504420285357
41.3,12.76364,20.344028267379915
41.3,12.96465,20.390552497990775
41.3,13.16566,20.434238644573313
41.3,13.36667,20.47732541961369
41.3,13.56768,20.5195229593357
41.3,13.76869,20.559961682430224
41.3,13.9697,20.600390634782674
41.3,14.17071,20.63905070751547
41.3,14.37172,20.677381126562572
41.3,14.57273,20.715092022541988
41.3,14.77374,20.751713597661503
41.3,14.97475,20.78832532500207
41.3,15.17576,20.823677742656187
41.3,15.37677,20.85884036862855
41.3,15.57778,20.893523309734224
41.3,15.77879,20.92744666310013
41.3,15.9798,20.961360127820765
41.3,16.18081,20.99427404009247
41.3,16.38182,21.027078088448814
41.3,16.58283,21.059462357351208
41.3,16.78384,21.091256892134652
41.3,16.98485,21.12305151397325
41.3,17.18586,21.153986441814162
41.3,17.38687,21.184851466604677
41.3,17.58788,21.215336654645412
41.3,17.78889,21.24533202564641
41.3,17.9899,21.275317468494713
41.3,18.19091,21.30452313351516
41.3,18.39192,21.333678872949886
41.3,18.59293,21.36247473945625
41.3,18.79394,21.390830739958606
41.3,18.99495,21.41919680176072
41.3,19.19596,21.44681304022167
41.3,19.39697,21.47439933897147
41.3,19.59798,21.50162573226541
41.3,19.79899,21.528452220183407
41.3,20.0,21.555288762185814
41.599999999999994,0.1,4.065950017839281
41.599999999999994,0.3010101,5.356600275823991
41.599999999999994,0.5020202,5.898322350169754
41.599999999999994,0.7030303,6.261655431435006
41.599999999999994,0.9040404,6.576181904782485
41.599999999999994,1.105051,6.833859031103186
41.599999999999994,1.306061,7.136282108633492
41.599999999999994,1.507071,7.405552308348386
41.599999999999994,1.708081,7.66602874592363
41.599999999999994,1.909091,7.923653080267071
41.599999999999994,2.110101,8.181889443301774
41.599999999999994,2.311111,8.441175893614467
41.599999999999994,2.512121,8.700538952587726
41.599999999999994,2.713131,8.967199825451322
41.599999999999994,2.914141,9.23394807403183
41.599999999999994,3.115152,9.503615660239099
41.599999999999994,3.316162,9.775487998494276
41.599999999999994,3.517172,10.048846630016666
41.599999999999994,3.718182,10.334692347913442
41.599999999999994,3.919192,10.619964198632891
41.599999999999994,4.120202,10.914090161893267
41.599999999999994,4.321212,11.214294635071715
41.599999999999994,4.522222,11.517488223483658
41.599999999999994,4.723232,11.83653991345118
41.599999999999994,4.924242,12.154058714901945
41.599999999999994,5.125253,12.483054644072153
41.599999999999994,5.326263,12.819340261497349
41.599999999999994,5.527273,13.16018705445056
41.599999999999994,5.728283,13.515573326197496
41.599999999999994,5.929293,13.868097707820207
41.599999999999994,6.130303,14.227502085631551
41.599999999999994,6.331313,14.591260483281806
41.599999999999994,6.532323,14.958460773776295
41.599999999999994,6.733333,15.325166567761244
41.599999999999994,6.934343,15.688243541004102
41.599999999999994,7.135354,16.04096796358246
41.599999999999994,7.336364,16.389432351267537
41.599999999999994,7.537374,16.735142019322655
41.599999999999994,7.738384,17.052915456682257
41.599999999999994,7.939394,17.367871825923707
41.599999999999994,8.140404,17.649984500810927
41.599999999999994,8.341414,17.918404965907296
41.599999999999994,8.542424,18.17731502979055
41.599999999999994,8.743434,18.393459735106624
41.599999999999994,8.944444,18.608703426601423
41.599999999999994,9.145455,18.788693920284175
41.599999999999994,9.346465,18.95531349582855
41.599999999999994,9.547475,19.11290108227904
41.599999999999994,9.748485,19.24050414057352
41.599999999999994,9.949495,19.368201330792644
41.599999999999994,10.15051,19.47481070441973
41.599999999999994,10.35152,19.574275378938815
41.599999999999994,10.55253,19.66847446806609
41.599999999999994,10.75354,19.748362225274676
41.599999999999994,10.95455,19.828441758482988
41.599999999999994,11.15556,19.89824783008762
41.599999999999994,11.35657,19.964996392219852
41.599999999999994,11.55758,20.028987195355963
41.599999999999994,11.75859,20.086552319861973
41.599999999999994,11.9596,20.144218307484024
41.599999999999994,12.16061,20.196747730909465
41.599999999999994,12.36162,20.247948317195796
41.599999999999994,12.56263,20.297650085126296
41.599999999999994,12.76364,20.344194080592313
41.599999999999994,12.96465,20.39077856503861
41.599999999999994,13.16566,20.434504945405898
41.599999999999994,13.36667,20.477611895469792
41.599999999999994,13.56768,20.519809507685853
41.599999999999994,13.76869,20.560248344087086
41.599999999999994,13.9697,20.600697496302317
41.599999999999994,14.17071,20.639337755935255
41.599999999999994,14.37172,20.67766831037614
41.599999999999994,14.57273,20.715389256624455
41.599999999999994,14.77374,20.751990922774148
41.599999999999994,14.97475,20.7885928135724
41.599999999999994,15.17576,20.82391538522594
41.599999999999994,15.37677,20.859068118234063
41.599999999999994,15.57778,20.89375109605175
41.599999999999994,15.77879,20.927654525064167
41.599999999999994,15.9798,20.96153812576342
41.599999999999994,16.18081,20.994422165758827
41.599999999999994,16.38182,21.027196299654634
41.599999999999994,16.58283,21.059590596013823
41.599999999999994,16.78384,21.091365194328468
41.599999999999994,16.98485,21.12312992918217
41.599999999999994,17.18586,21.1540249628169
41.599999999999994,17.38687,21.184870055603238
41.599999999999994,17.58788,21.215355264635154
41.599999999999994,17.78889,21.245320689114568
41.599999999999994,17.9899,21.275276225158297
41.599999999999994,18.19091,21.304441976842703
41.599999999999994,18.39192,21.333587769741527
41.599999999999994,18.59293,21.362373652501265
41.599999999999994,18.79394,21.390719697693314
41.599999999999994,18.99495,21.41904583571747
41.599999999999994,19.19596,21.446622144893503
41.599999999999994,19.39697,21.47419848556651
41.599999999999994,19.59798,21.501424891423714
41.599999999999994,19.79899,21.52631166721114
41.599999999999994,20.0,21.54918876923169
41.900000000000006,0.1,4.0917372052400305
41.900000000000006,0.3010101,5.392563328151306
41.900000000000006,0.5020202,5.936818412833121
41.900000000000006,0.7030303,6.302755292677837
41.900000000000006,0.9040404,6.621833442218963
41.900000000000006,1.105051,6.889902340168467
41.900000000000006,1.306061,7.159125664684098
41.900000000000006,1.507071,7.4430849425163865
41.900000000000006,1.708081,7.70883424673491
41.900000000000006,1.909091,7.966471271616025
41.900000000000006,2.110101,8.224704714152413
41.900000000000006,2.311111,8.483989185377366
41.900000000000006,2.512121,8.743229498239922
41.900000000000006,2.713131,9.009599096609493
41.900000000000006,2.914141,9.27634666439768
41.900000000000006,3.115152,9.546014204911726
41.900000000000006,3.316162,9.817859997458974
41.900000000000006,3.517172,10.090605244582417
41.900000000000006,3.718182,10.375603532074086
41.900000000000006,3.919192,10.660876326954211
41.900000000000006,4.120202,10.955003570514759
41.900000000000006,4.321212,11.255089585917084
41.900000000000006,4.522222,11.556365759365587
41.900000000000006,4.723232,11.873199620200753
41.900000000000006,4.924242,12.190709930751277
41.900000000000006,5.125253,12.519717548522971
41.900000000000006,5.326263,12.855674904709707
41.900000000000006,5.527273,13.19220333874437
41.900000000000006,5.728283,13.543541534498424
41.900000000000006,5.929293,13.896057645154226
41.900000000000006,6.130303,14.25546388920392
41.900000000000006,6.331313,14.618614222900815
41.900000000000006,6.532323,14.979127184281904
41.900000000000006,6.733333,15.340766152434751
41.900000000000006,6.934343,15.70384483587073
41.900000000000006,7.135354,16.056571038876612
41.900000000000006,7.336364,16.404277513566065
41.900000000000006,7.537374,16.743221940718243
41.900000000000006,7.738384,17.057099381846786
41.900000000000006,7.939394,17.37205706063424
41.900000000000006,8.140404,17.654171000637838
41.900000000000006,8.341414,17.92212311151517
41.900000000000006,8.542424,18.177557479694926
41.900000000000006,8.743434,18.392464768173564
41.900000000000006,8.944444,18.607709225774876
41.900000000000006,9.145455,18.7877104012355
41.900000000000006,9.346465,18.95425085994241
41.900000000000006,9.547475,19.111480593100165
41.900000000000006,9.748485,19.2392047714737
41.900000000000006,9.949495,19.366902374214774
41.900000000000006,10.15051,19.47351210251678
41.900000000000006,10.35152,19.57304721921718
41.900000000000006,10.55253,19.66768728249882
41.900000000000006,10.75354,19.747815580847004
41.900000000000006,10.95455,19.827895346512808
41.900000000000006,11.15556,19.89770161869134
41.900000000000006,11.35657,19.964510438935356
41.900000000000006,11.55758,20.028841811342176
41.900000000000006,11.75859,20.086537266995638
41.900000000000006,11.9596,20.144203394929747
41.900000000000006,12.16061,20.19673294156218
41.900000000000006,12.36162,20.247973700190023
41.900000000000006,12.56263,20.297835880692723
41.900000000000006,12.76364,20.344430109187464
41.900000000000006,12.96465,20.391014683924197
41.900000000000006,13.16566,20.434741145215405
41.900000000000006,13.36667,20.47785822267465
41.900000000000006,13.56768,20.520096165735588
41.900000000000006,13.76869,20.56054517796107
41.900000000000006,13.9697,20.600994391551225
41.900000000000006,14.17071,20.63964470717246
41.900000000000006,14.37172,20.677965361700167
41.900000000000006,14.57273,20.715666586169615
41.900000000000006,14.77374,20.75225838893194
41.900000000000006,14.97475,20.788860323455
41.900000000000006,15.17576,20.824182935722988
41.900000000000006,15.37677,20.85932575087446
41.900000000000006,15.57778,20.893958966030688
41.900000000000006,15.77879,20.92784250241299
41.900000000000006,15.9798,20.961726135225607
41.900000000000006,16.18081,20.99460020566245
41.900000000000006,16.38182,21.027364408274707
41.900000000000006,16.58283,21.059688907274033
41.900000000000006,16.78384,21.091443589756636
41.900000000000006,16.98485,21.123198348925875
41.900000000000006,17.18586,21.154103405642516
41.900000000000006,17.38687,21.18492855635949
41.900000000000006,17.58788,21.215333936369813
41.900000000000006,17.78889,21.245289426003595
41.900000000000006,17.9899,21.27524498059574
41.900000000000006,18.19091,21.304410750199203
41.900000000000006,18.39192,21.33352659185307
41.900000000000006,18.59293,21.36225261632813
41.900000000000006,18.79394,21.39057871140328
41.900000000000006,18.99495,21.418904863856465
41.900000000000006,19.19596,21.4464811869296
41.900000000000006,19.39697,21.474037568443688
41.900000000000006,19.59798,21.501194090151078
41.900000000000006,19.79899,21.52411115561206
41.900000000000006,20.0,21.54699826383793
42.2,0.1,4.116608222648237
42.2,0.3010101,5.4283211824377995
42.2,0.5020202,5.975942478787509
42.2,0.7030303,6.342726662879673
42.2,0.9040404,6.663365392908423
42.2,1.105051,6.931830310265983
42.2,1.306061,7.201411482202969
42.2,1.507071,7.485472439294346
42.2,1.708081,7.751230023634248
42.2,1.909091,8.008904795585838
42.2,2.110101,8.267142662972738
42.2,2.311111,8.526320344237682
42.2,2.512121,8.785493526720117
42.2,2.713131,9.051749241730269
42.2,2.914141,9.31827778707718
42.2,3.115152,9.587916314269831
42.2,3.316162,9.859380187828732
42.2,3.517172,10.13197407017422
42.2,3.718182,10.41657409718533
42.2,3.919192,10.701248814860486
42.2,4.120202,10.995267408597716
42.2,4.321212,11.294235735965598
42.2,4.522222,11.595073551987353
42.2,4.723232,11.910839381565747
42.2,4.924242,12.226831594431037
42.2,5.125253,12.555530895434082
42.2,5.326263,12.88900006236846
42.2,5.527273,13.224610147851402
42.2,5.728283,13.573870292098727
42.2,5.929293,13.923608216039593
42.2,6.130303,14.282426378504757
42.2,6.331313,14.64167902691632
42.2,6.532323,15.000873875305798
42.2,6.733333,15.359695484351631
42.2,6.934343,15.71925678906525
42.2,7.135354,16.07126507308371
42.2,7.336364,16.414855035432733
42.2,7.537374,16.75250152909407
42.2,7.738384,17.06404200367589
42.2,7.939394,17.376252718305082
42.2,8.140404,17.657918327353027
42.2,8.341414,17.92356360217111
42.2,8.542424,18.178339521890415
42.2,8.743434,18.392418822622545
42.2,8.944444,18.606765247365303
42.2,9.145455,18.786687336382943
42.2,9.346465,18.952899422053846
42.2,9.547475,19.110039947256595
42.2,9.748485,19.237845055657637
42.2,9.949495,19.365613551243612
42.2,10.15051,19.472283737515145
42.2,10.35152,19.572069588592946
42.2,10.55253,19.6667700370486
42.2,10.75354,19.747088807923944
42.2,10.95455,19.827349017986574
42.2,11.15556,19.897215552958368
42.2,11.35657,19.964224784665184
42.2,11.55758,20.028606374062647
42.2,11.75859,20.08642212830431
42.2,11.9596,20.144198530496464
42.2,12.16061,20.19675825134472
42.2,12.36162,20.248099292983014
42.2,12.56263,20.297971611301794
42.2,12.76364,20.34461605954609
42.2,12.96465,20.391250827876227
42.2,13.16566,20.43498741689031
42.2,13.36667,20.478134711440223
42.2,13.56768,20.52038274817522
42.2,13.76869,20.560841935685726
42.2,13.9697,20.601301296604206
42.2,14.17071,20.639941712284013
42.2,14.37172,20.678262542842727
42.2,14.57273,20.715963833892545
42.2,14.77374,20.752545782688742
42.2,14.97475,20.78912783339836
42.2,15.17576,20.824450527223174
42.2,15.37677,20.859563488537027
42.2,15.57778,20.894196752025735
42.2,15.77879,20.92805041239519
42.2,15.9798,20.961914138061005
42.2,16.18081,20.994778276815573
42.2,16.38182,21.02751260162081
42.2,16.58283,21.059827136147696
42.2,16.78384,21.091551923961863
42.2,16.98485,21.123286757485015
42.2,17.18586,21.154161871896125
42.2,17.38687,21.184957124013653
42.2,17.58788,21.215362529918913
42.2,17.78889,21.245278108198733
42.2,17.9899,21.275213721765276
42.2,18.19091,21.30435953956002
42.2,18.39192,21.333445464162537
42.2,18.59293,21.362161507470017
42.2,18.79394,21.390457675675172
42.2,18.99495,21.418763874077857
42.2,19.19596,21.446330236740586
42.2,19.39697,21.473846684439394
42.2,19.59798,21.501003219628043
42.2,19.79899,21.527779842264003
42.2,20.0,21.552616740429457
42.5,0.1,4.141089087609614
42.5,0.3010101,5.463708089117625
42.5,0.5020202,6.015326473733197
42.5,0.7030303,6.383268078955631
42.5,0.9040404,6.7002211286226965
42.5,1.105051,6.953595811593296
42.5,1.306061,7.2505791586382315
42.5,1.507071,7.53254026733432
42.5,1.708081,7.793273388240046
42.5,1.909091,8.050947728598194
42.5,2.110101,8.309106870513906
42.5,2.311111,8.568173030944338
42.5,2.512121,8.827343210098665
42.5,2.713131,9.093599172929887
42.5,2.914141,9.359969795872832
42.5,3.115152,9.628960704805019
42.5,3.316162,9.900246158791527
42.5,3.517172,10.172833346044733
42.5,3.718182,10.457444408728245
42.5,3.919192,10.741640845490068
42.5,4.120202,11.033882621600295
42.5,4.321212,11.332402655597791
42.5,4.522222,11.63324173442372
42.5,4.723232,11.949019199896032
42.5,4.924242,12.263733345176083
42.5,5.125253,12.588364916942597
42.5,5.326263,12.92093583008458
42.5,5.527273,13.256547500489422
42.5,5.728283,13.605809477512102
42.5,5.929293,13.953029290006278
42.5,6.130303,14.305190057748083
42.5,6.331313,14.663124682288059
42.5,6.532323,15.022321228883143
42.5,6.733333,15.381144693479978
42.5,6.934343,15.737228707727693
42.5,7.135354,16.081751619540274
42.5,7.336364,16.42406371110375
42.5,7.537374,16.76171168356413
42.5,7.738384,17.073253662047517
42.5,7.939394,17.38249761426405
42.5,8.140404,17.659398132341195
42.5,8.341414,17.924385015630182
42.5,8.542424,18.179161893207226
42.5,8.743434,18.39324207975522
42.5,8.944444,18.60650071972194
42.5,9.145455,18.7853755313234
42.5,9.346465,18.951488441981603
42.5,9.547475,19.108639486339978
42.5,9.748485,19.23643504264733
42.5,9.949495,19.364294571601032
42.5,10.15051,19.47131591912983
42.5,10.35152,19.571152171244865
42.5,10.55253,19.66584290390685
42.5,10.75354,19.746171917819844
42.5,10.95455,19.826692652498437
42.5,11.15556,19.89692979122789
42.5,11.35657,19.96397924691463
42.5,11.55758,20.02836100320068
42.5,11.75859,20.086176904257492
42.5,11.9596,20.144113644259335
42.5,12.16061,20.196873770807752
42.5,12.36162,20.248224954868494
42.5,12.56263,20.298107377578297
42.5,12.76364,20.344751920981647
42.5,12.96465,20.391456947235714
42.5,13.16566,20.435263849516545
42.5,13.36667,20.478421240966313
42.5,13.56768,20.520669348058888
42.5,13.76869,20.561128600367997
42.5,13.9697,20.601598174872038
42.5,14.17071,20.640238846762198
42.5,14.37172,20.67856974634202
42.5,14.57273,20.716261086976505
42.5,14.77374,20.752843082004762
42.5,14.97475,20.78941531624554
42.5,15.17576,20.824688224752656
42.5,15.37677,20.85981123589125
42.5,15.57778,20.894434535659983
42.5,15.77879,20.928288230615543
42.5,15.9798,20.96211211618312
42.5,16.18081,20.994926434424492
42.5,16.38182,21.027650796049002
42.5,16.58283,21.059975357698214
42.5,16.78384,21.091690171983014
42.5,16.98485,21.123385144283052
42.5,17.18586,21.154200406977
42.5,17.38687,21.184995686007543
42.5,17.58788,21.215401112885928
42.5,17.78889,21.24531671161262
42.5,17.9899,21.27519244373775
42.5,18.19091,21.304288381296974
42.5,18.39192,21.33337432547954
42.5,18.59293,21.36209038513168
42.5,18.79394,21.39037656950084
42.5,18.99495,21.41864286675903
42.5,19.19596,21.446149323592884
42.5,19.39697,21.473665785454227
42.5,19.59798,21.500822333598293
42.5,19.79899,21.527598969021764
42.5,20.0,21.550446179692408
42.8,0.1,4.1662486879459495
42.8,0.3010101,5.498408913123633
42.8,0.5020202,6.0537148308313835
42.8,0.7030303,6.423175759165336
42.8,0.9040404,6.7453421118334065
42.8,1.105051,7.03454547981694
42.8,1.306061,7.3044627979212535
42.8,1.507071,7.574416857758773
42.8,1.708081,7.8351526777771
42.8,1.909091,8.092828049373457
42.8,2.110101,8.350985333593737
42.8,2.311111,8.609984691299601
42.8,2.512121,8.86899280214312
42.8,2.713131,9.134977557657537
42.8,2.914141,9.401218250759783
42.8,3.115152,9.670209023349742
42.8,3.316162,9.94125116770199
42.8,3.517172,10.21339337612546
42.8,3.718182,10.497306582722574
42.8,3.919192,10.781214328521706
42.8,4.120202,11.073467274361647
42.8,4.321212,11.371309256509576
42.8,4.522222,11.670950516277196
42.8,4.723232,11.985010189355503
42.8,4.924242,12.299075984840636
42.8,5.125253,12.623709161538098
42.8,5.326263,12.954741912315994
42.8,5.527273,13.28782541482332
42.8,5.728283,13.633899459519505
42.8,5.929293,13.979981007074073
42.8,6.130303,14.332143546901873
42.8,6.331313,14.68761035755374
42.8,6.532323,15.042959293586005
42.8,6.733333,15.397655799712378
42.8,6.934343,15.7523718333205
42.8,7.135354,16.09690641470298
42.8,7.336364,16.43650136174834
42.8,7.537374,16.770262638615314
42.8,7.738384,17.07847819906757
42.8,7.939394,17.38670403533662
42.8,8.140404,17.663605743915056
42.8,8.341414,17.92700513978565
42.8,8.542424,18.17975481575652
42.8,8.743434,18.392677364226756
42.8,8.944444,18.605617154482072
42.8,9.145455,18.78449261415773
42.8,9.346465,18.950356846784057
42.8,9.547475,19.107259297624307
42.8,9.748485,19.235145907767805
42.8,9.949495,19.36302599055461
42.8,10.15051,19.470037679131902
42.8,10.35152,19.570054543781072
42.8,10.55253,19.6649959195195
42.8,10.75354,19.745565449191595
42.8,10.95455,19.826136472734216
42.8,11.15556,19.896373805094047
42.8,11.35657,19.963593608525652
42.8,11.55758,20.028155733017407
42.8,11.75859,20.08612195570748
42.8,11.9596,20.14408886959817
42.8,12.16061,20.196849115819607
42.8,12.36162,20.248290539863156
42.8,12.56263,20.29826322071835
42.8,12.76364,20.34497800096346
42.8,12.96465,20.391683141979787
42.8,13.16566,20.4354901232174
42.8,13.36667,20.478677701437284
42.8,13.56768,20.52095600883786
42.8,13.76869,20.56142545062808
42.8,13.9697,20.601895104976947
42.8,14.17071,20.640545831674164
42.8,14.37172,20.678866885714264
42.8,14.57273,20.71655839056707
42.8,14.77374,20.753120542657282
42.8,14.97475,20.789692834376172
42.8,15.17576,20.824965782740954
42.8,15.37677,20.860068924595648
42.8,15.57778,20.8946623622872
42.8,15.77879,20.92848618878662
42.8,15.9798,20.96231011640406
42.8,16.18081,20.99512446459565
42.8,16.38182,21.027828937864008
42.8,16.58283,21.060103615354084
42.8,16.78384,21.091788539782705
42.8,16.98485,21.12347354308215
42.8,17.18586,21.15429882867585
42.8,17.38687,21.18505420250952
42.8,17.58788,21.215419725201215
42.8,17.78889,21.24529541479163
42.8,17.9899,21.275181169385036
42.8,18.19091,21.304267125046167
42.8,18.39192,21.33331314818953
42.8,18.59293,21.36199928559533
42.8,18.79394,21.390255543399782
42.8,18.99495,21.418511857141645
42.8,19.19596,21.44601832815613
42.8,19.39697,21.47351485413464
42.8,19.59798,21.498731704971483
42.8,19.79899,21.52154888288516
42.8,20.0,21.544376096867595
43.099999999999994,0.1,4.190229266967495
43.099999999999994,0.3010101,5.5327957877636464
43.099999999999994,0.5020202,6.091818560460275
43.099999999999994,0.7030303,6.462607638850555
43.099999999999994,0.9040404,6.781755317999636
43.099999999999994,1.105051,7.035922177717347
43.099999999999994,1.306061,7.319768547770456
43.099999999999994,1.507071,7.610570348203273
43.099999999999994,1.708081,7.876496495350309
43.099999999999994,1.909091,8.134152885160805
43.099999999999994,2.110101,8.392307299936382
43.099999999999994,2.311111,8.651225833368288
43.099999999999994,2.512121,8.910038859382379
43.099999999999994,2.713131,9.175713348426576
43.099999999999994,2.914141,9.441805062526111
43.099999999999994,3.115152,9.710796662492687
43.099999999999994,3.316162,9.981572457951401
43.099999999999994,3.517172,10.253233628678402
43.099999999999994,3.718182,10.536428969518814
43.099999999999994,3.919192,10.820048004171516
43.099999999999994,4.120202,11.11229210345178
43.099999999999994,4.321212,11.409456043929007
43.099999999999994,4.522222,11.707899534448597
43.099999999999994,4.723232,12.020251499403896
43.099999999999994,4.924242,12.333658967453832
43.099999999999994,5.125253,12.658303724584469
43.099999999999994,5.326263,12.987828398417886
43.099999999999994,5.527273,13.318423880645406
43.099999999999994,5.728283,13.661390136619724
43.099999999999994,5.929293,14.006363448833241
43.099999999999994,6.130303,14.358527726363047
43.099999999999994,6.331313,14.711586788513507
43.099999999999994,6.532323,15.063188218050938
43.099999999999994,6.733333,15.413877810386868
43.099999999999994,6.934343,15.767255854055314
43.099999999999994,7.135354,16.11179206955792
43.099999999999994,7.336364,16.44873983042481
43.099999999999994,7.537374,16.778724364271522
43.099999999999994,7.738384,17.08369343417848
43.099999999999994,7.939394,17.390921113530904
43.099999999999994,8.140404,17.66783398500222
43.099999999999994,8.341414,17.929655822450297
43.099999999999994,8.542424,18.180408217679847
43.099999999999994,8.743434,18.392183054357247
43.099999999999994,8.944444,18.604793964484628
43.099999999999994,9.145455,18.78367005732171
43.099999999999994,9.346465,18.949275567619857
43.099999999999994,9.547475,19.10591937627914
43.099999999999994,9.748485,19.233867002482317
43.099999999999994,9.949495,19.36176762296063
43.099999999999994,10.15051,19.468789643190643
43.099999999999994,10.35152,19.568967097596897
43.099999999999994,10.55253,19.66413908797777
43.099999999999994,10.75354,19.744949107253497
43.099999999999994,10.95455,19.82558041164013
43.099999999999994,11.15556,19.895817934847795
43.099999999999994,11.35657,19.963188070239873
43.099999999999994,11.55758,20.02794054417201
43.099999999999994,11.75859,20.086057072537177
43.099999999999994,11.9596,20.144064155372007
43.099999999999994,12.16061,20.19681452055202
43.099999999999994,12.36162,20.248346175561775
43.099999999999994,12.56263,20.298409102655853
43.099999999999994,12.76364,20.34518411034774
43.099999999999994,12.96465,20.39190936356934
43.099999999999994,13.16566,20.435716423598663
43.099999999999994,13.36667,20.478934182263018
43.099999999999994,13.56768,20.52124268364907
43.099999999999994,13.76869,20.561732308698982
43.099999999999994,13.9697,20.602202041793863
43.099999999999994,14.17071,20.640852823587146
43.099999999999994,14.37172,20.679174027991042
43.099999999999994,14.57273,20.716855693669345
43.099999999999994,14.77374,20.753407999136066
43.099999999999994,14.97475,20.78997034823417
43.099999999999994,15.17576,20.825253336648895
43.099999999999994,15.37677,20.86032660694533
43.099999999999994,15.57778,20.8949101799872
43.099999999999994,15.77879,20.928704135989484
43.099999999999994,15.9798,20.962518105789382
43.099999999999994,16.18081,20.9953324842282
43.099999999999994,16.38182,21.028007067927017
43.099999999999994,16.58283,21.060251859718413
43.099999999999994,16.78384,21.091906893132062
43.099999999999994,16.98485,21.12358192756036
43.099999999999994,17.18586,21.154407236478654
43.099999999999994,17.38687,21.185122704030455
43.099999999999994,17.58788,21.215458321276795
43.099999999999994,17.78889,21.245294100621674
43.099999999999994,17.9899,21.27516987811503
43.099999999999994,18.19091,21.304265851973724
43.099999999999994,18.39192,21.33328195295927
43.099999999999994,18.59293,21.361918167094686
43.099999999999994,18.79394,21.390144497067684
43.099999999999994,18.99495,21.418400827524522
43.099999999999994,19.19596,21.445907313088092
43.099999999999994,19.39697,21.473363902763598
43.099999999999994,19.59798,21.500450575873224
43.099999999999994,19.79899,21.52715733135836
43.099999999999994,20.0,21.550004562709706
43.400000000000006,0.1,4.2156455459931905
43.400000000000006,0.3010101,5.567382379415956
43.400000000000006,0.5020202,6.12891784749541
43.400000000000006,0.7030303,6.502295376850697
43.400000000000006,0.9040404,6.826010764099995
43.400000000000006,1.105051,7.09642573364737
43.400000000000006,1.306061,7.366651509232931
43.400000000000006,1.507071,7.656817463140063
43.400000000000006,1.708081,7.917686850834595
43.400000000000006,1.909091,8.175333919914278
43.400000000000006,2.110101,8.433297624067567
43.400000000000006,2.311111,8.692069632919045
43.400000000000006,2.512121,8.95087965366055
43.400000000000006,2.713131,9.216554322197325
43.400000000000006,2.914141,9.4824620169055
43.400000000000006,3.115152,9.75066178339408
43.400000000000006,3.316162,10.021241040228414
43.400000000000006,3.517172,10.29290441839021
43.400000000000006,3.718182,10.576100683172204
43.400000000000006,3.919192,10.859221345617684
43.400000000000006,4.120202,11.149628718782157
43.400000000000006,4.321212,11.44634429800304
43.400000000000006,4.522222,11.744788958535906
43.400000000000006,4.723232,12.0571424714959
43.400000000000006,4.924242,12.36929189158591
43.400000000000006,5.125253,12.68998938464691
43.400000000000006,5.326263,13.018635778981354
43.400000000000006,5.527273,13.349222771868083
43.400000000000006,5.728283,13.692190767195132
43.400000000000006,5.929293,14.03473605505151
43.400000000000006,6.130303,14.380553391321142
43.400000000000006,6.331313,14.732324379056086
43.400000000000006,6.532323,15.083927409591851
43.400000000000006,6.733333,15.434618748495321
43.400000000000006,6.934343,15.784649517424498
43.400000000000006,7.135354,16.122080391949144
43.400000000000006,7.336364,16.457780176902663
43.400000000000006,7.537374,16.78776609321868
43.400000000000006,7.738384,17.092726573003844
43.400000000000006,7.939394,17.397077355681542
43.400000000000006,8.140404,17.66940488965634
43.400000000000006,8.341414,17.930578251202853
43.400000000000006,8.542424,18.181331542463163
43.400000000000006,8.743434,18.393107208948173
43.400000000000006,8.944444,18.604630215232586
43.400000000000006,9.145455,18.78241885460746
43.400000000000006,9.346465,18.947935149056708
43.400000000000006,9.547475,19.10457944683189
43.400000000000006,9.748485,19.232527497174406
43.400000000000006,9.949495,19.360489086152814
43.400000000000006,10.15051,19.467812169349596
43.400000000000006,10.35152,19.56805000452146
43.400000000000006,10.55253,19.663212267027955
43.400000000000006,10.75354,19.74403251997668
43.400000000000006,10.95455,19.82490430694405
43.400000000000006,11.15556,19.895502369544943
43.400000000000006,11.35657,19.962922719026672
43.400000000000006,11.55758,20.027675354567098
43.400000000000006,11.75859,20.08579202500463
43.400000000000006,11.9596,20.1439594184999
43.400000000000006,12.16061,20.19691014888513
43.400000000000006,12.36162,20.248461940642393
43.400000000000006,12.56263,20.298524970339948
43.400000000000006,12.76364,20.34531006938223
43.400000000000006,12.96465,20.392105562722715
43.400000000000006,13.16566,20.435992911335774
43.400000000000006,13.36667,20.479220764075954
43.400000000000006,13.56768,20.521519334532428
43.400000000000006,13.76869,20.56200902243185
43.400000000000006,13.9697,20.602498957223002
43.400000000000006,14.17071,20.641159981238843
43.400000000000006,14.37172,20.679481252203892
43.400000000000006,14.57273,20.717162967035204
43.400000000000006,14.77374,20.75371531788336
43.400000000000006,14.97475,20.79025784320555
43.400000000000006,15.17576,20.82551103733869
43.400000000000006,15.37677,20.86058435661934
43.400000000000006,15.57778,20.895157965403616
43.400000000000006,15.77879,20.928951955318446
43.400000000000006,15.9798,20.962736079994038
43.400000000000006,16.18081,20.995500632902512
43.400000000000006,16.38182,21.028165252843788
43.400000000000006,16.58283,21.060420071450302
43.400000000000006,16.78384,21.092065130942437
43.400000000000006,16.98485,21.123700301004774
43.400000000000006,17.18586,21.154465754419867
43.400000000000006,17.38687,21.185181248589984
43.400000000000006,17.58788,21.215516886655266
43.400000000000006,17.78889,21.245352686301803
43.400000000000006,17.9899,21.275178579156837
43.400000000000006,18.19091,21.304204669484996
43.400000000000006,18.39192,21.333220790015563
43.400000000000006,18.59293,21.361867020502256
43.400000000000006,18.79394,21.39008336664973
43.400000000000006,18.99495,21.418289792812303
43.400000000000006,19.19596,21.445746370038023
43.400000000000006,19.39697,21.473202974027988
43.400000000000006,19.59798,21.5002896603212
43.400000000000006,19.79899,21.526996428788053
43.400000000000006,20.0,21.55175349845389
43.7,0.1,4.239225880029445
43.7,0.3010101,5.6017298273060305
43.7,0.5020202,6.166622114459829
43.7,0.7030303,6.540839464729657
43.7,0.9040404,6.866090152826402
43.7,1.105051,7.142737588450042
43.7,1.306061,7.427098349901631
43.7,1.507071,7.697671813344782
43.7,1.708081,7.9585247797022465
43.7,1.909091,8.216123767173627
43.7,2.110101,8.474078016347509
43.7,2.311111,8.732648216285192
43.7,2.512121,8.99132805628824
43.7,2.713131,9.25683165854079
43.7,2.914141,9.522407092859915
43.7,3.115152,9.79056968455481
43.7,3.316162,10.060661777441096
43.7,3.517172,10.332115609766563
43.7,3.718182,10.614873465595803
43.7,3.919192,10.897315947205769
43.7,4.120202,11.187614511990713
43.7,4.321212,11.483182462344358
43.7,4.522222,11.781188709619803
43.7,4.723232,12.092504255434152
43.7,4.924242,12.403175745046806
43.7,5.125253,12.723574846044576
43.7,5.326263,13.049863447270626
43.7,5.527273,13.379602144428121
43.7,5.728283,13.720632226882227
43.7,5.929293,14.060579559335485
43.7,6.130303,14.40585871948842
43.7,6.331313,14.754032323438784
43.7,6.532323,15.104407242245129
43.7,6.733333,15.452501276444812
43.7,6.934343,15.799294765748163
43.7,7.135354,16.136047528828453
43.7,7.336364,16.467950625276025
43.7,7.537374,16.796738458956852
43.7,7.738384,17.09951173545193
43.7,7.939394,17.401305319829028
43.7,8.140404,17.673194341424225
43.7,8.341414,17.932170569589918
43.7,8.542424,18.18228526918825
43.7,8.743434,18.393232746903607
43.7,8.944444,18.603867521156676
43.7,9.145455,18.781566976432174
43.7,9.346465,18.94670472390589
43.7,9.547475,19.1032497395575
43.7,9.748485,19.231238613964752
43.7,9.949495,19.35924099376973
43.7,10.15051,19.466624485428685
43.7,10.35152,19.567072956938535
43.7,10.55253,19.662295569047416
43.7,10.75354,19.743286229720674
43.7,10.95455,19.824338401559523
43.7,11.15556,19.89498669969756
43.7,11.35657,19.962607398015972
43.7,11.55758,20.027400231846958
43.7,11.75859,20.08564715887916
43.7,11.9596,20.143914790092527
43.7,12.16061,20.196895678406403
43.7,12.36162,20.24855771423763
43.7,12.56263,20.298640871252235
43.7,12.76364,20.345476164988334
43.7,12.96465,20.392331830118827
43.7,13.16566,20.436219295858717
43.7,13.36667,20.479487341143546
43.7,13.56768,20.521796000408887
43.7,13.76869,20.562305847474178
43.7,13.9697,20.602805916534614
43.7,14.17071,20.641457033859698
43.7,14.37172,20.679778466656817
43.7,14.57273,20.717470245081024
43.7,14.77374,20.754012732313345
43.7,14.97475,20.790555366194116
43.7,15.17576,20.825788637636307
43.7,15.37677,20.860842093988957
43.7,15.57778,20.895415749895257
43.7,15.77879,20.92918985730083
43.7,15.9798,20.96295407022704
43.7,16.18081,20.995708688673734
43.7,16.38182,21.028343425613386
43.7,16.58283,21.060588279341154
43.7,16.78384,21.092203440262427
43.7,16.98485,21.123818681982527
43.7,17.18586,21.154564190839707
43.7,17.38687,21.185239782427686
43.7,17.58788,21.215575446346396
43.7,17.78889,21.245381330787456
43.7,17.9899,21.275177280373526
43.7,18.19091,21.304193416948486
43.7,18.39192,21.33316961677347
43.7,18.59293,21.361815866280057
43.7,18.79394,21.390002281978894
43.7,18.99495,21.41818875223248
43.7,19.19596,21.44562536772049
43.7,19.39697,21.473052034960087
43.7,19.59798,21.500138735295838
43.7,19.79899,21.522946026232553
43.7,20.0,21.54572335638653
44.0,0.1,4.263312070748485
44.0,0.3010101,5.63567534178492
44.0,0.5020202,6.204575168459823
44.0,0.7030303,6.579919658091488
44.0,0.9040404,6.901456646169509
44.0,1.105051,7.157058543958821
44.0,1.306061,7.44146474674479
44.0,1.507071,7.732956388168181
44.0,1.708081,7.998966586697723
44.0,1.909091,8.256549473830576
44.0,2.110101,8.514500909580443
44.0,2.311111,8.773068124598742
44.0,2.512121,9.031409107472227
44.0,2.713131,9.296364029658852
44.0,2.914141,9.561939614046564
44.0,3.115152,9.830100946569932
44.0,3.316162,10.100152246076329
44.0,3.517172,10.370757356968213
44.0,3.718182,10.652507644595854
44.0,3.919192,10.934950842208762
44.0,4.120202,11.225250458422932
44.0,4.321212,11.520699766721764
44.0,4.522222,11.81673897003618
44.0,4.723232,12.125917200278899
44.0,4.924242,12.436590007218546
44.0,5.125253,12.757000607935812
44.0,5.326263,13.082990884205069
44.0,5.527273,13.408752270252688
44.0,5.728283,13.74614498768791
44.0,5.929293,14.086093839308578
44.0,6.130303,14.4313746412057
44.0,6.331313,14.779000085026395
44.0,6.532323,15.12337845897136
44.0,6.733333,15.466975909901242
44.0,6.934343,15.813770860758243
44.0,7.135354,16.150535140933798
44.0,7.336364,16.481760075920075
44.0,7.537374,16.8044723753811
44.0,7.738384,17.103739210313968
44.0,7.939394,17.40553390437012
44.0,8.140404,17.677423999712396
44.0,8.341414,17.9359616284636
44.0,8.542424,18.18279006349987
44.0,8.743434,18.392509742329427
44.0,8.944444,18.603135174759803
44.0,9.145455,18.78084521876919
44.0,9.346465,18.9458837173602
44.0,9.547475,19.101970539299064
44.0,9.748485,19.230000336202593
44.0,9.949495,19.35800308103129
44.0,10.15051,19.46537688806828
44.0,10.35152,19.565885734055108
44.0,10.55253,19.661489116652156
44.0,10.75354,19.74270020393022
44.0,10.95455,19.82375258855797
44.0,11.15556,19.89441107001149
44.0,11.35657,19.96208198578355
44.0,11.55758,20.02720525441127
44.0,11.75859,20.0855824427176
44.0,11.9596,20.143860205744204
44.0,12.16061,20.19684120967981
44.0,12.36162,20.248533393921367
44.0,12.56263,20.298786879776443
44.0,12.76364,20.345692366504686
44.0,12.96465,20.39253811820824
44.0,13.16566,20.436435660412116
44.0,13.36667,20.479713818096133
44.0,13.56768,20.52208275490736
44.0,13.76869,20.562602754168616
44.0,13.9697,20.603112881992686
44.0,14.17071,20.64176405391326
44.0,14.37172,20.680085577310393
44.0,14.57273,20.717767603038325
44.0,14.77374,20.75430021403521
44.0,14.97475,20.79084289037785
44.0,15.17576,20.826086201162564
44.0,15.37677,20.86112973344879
44.0,15.57778,20.895653606564764
44.0,15.77879,20.92940781350011
44.0,15.9798,20.963182057870046
44.0,16.18081,20.995926706153554
44.0,16.38182,21.02855150839811
44.0,16.58283,21.06073655337234
44.0,16.78384,21.092331794467135
44.0,16.98485,21.123937060285964
44.0,17.18586,21.15469259203177
44.0,17.38687,21.185348238656815
44.0,17.58788,21.21561406290743
44.0,17.78889,21.24539000872925
44.0,17.9899,21.27519597701807
44.0,18.19091,21.304212131723048
44.0,18.39192,21.333168377233154
44.0,18.59293,21.361744756617668
44.0,18.79394,21.389901217556403
44.0,18.99495,21.418087702825883
44.0,19.19596,21.44553433283014
44.0,19.39697,21.472931035414682
44.0,19.59798,21.499957837658727
44.0,19.79899,21.524694927494416
44.0,20.0,21.54747227108762
44.3,0.1,4.286205284452443
44.3,0.3010101,5.6689078365751495
44.3,0.5020202,6.241494684083127
44.3,0.7030303,6.618356035763486
44.3,0.9040404,6.945122444619905
44.3,1.105051,7.236747878839866
44.3,1.306061,7.507581845270576
44.3,1.507071,7.778451149866193
44.3,1.708081,8.039306536623748
44.3,1.909091,8.296836356264713
44.3,2.110101,8.554652806256279
44.3,2.311111,8.812961935476537
44.3,2.512121,9.071280750770203
44.3,2.713131,9.336232784908812
44.3,2.914141,9.601427045075242
44.3,3.115152,9.869128271205255
44.3,3.316162,10.138694266171697
44.3,3.517172,10.409309488128677
44.3,3.718182,10.690980705862495
44.3,3.919192,10.972665807015149
44.3,4.120202,11.261967655062907
44.3,4.321212,11.55638919059343
44.3,4.522222,11.852429481894996
44.3,4.723232,12.161419286205797
44.3,4.924242,12.470414399322697
44.3,5.125253,12.78875737473494
44.3,5.326263,13.112749874407386
44.3,5.527273,13.438512681305218
44.3,5.728283,13.775497175067523
44.3,5.929293,14.112478410740588
44.3,6.130303,14.454431892364061
44.3,6.331313,14.799079881956214
44.3,6.532323,15.143469744889014
44.3,6.733333,15.486439083938162
44.3,6.934343,15.829417026707656
44.3,7.135354,16.16243455467883
44.3,7.336364,16.490642369566594
44.3,7.537374,16.813355944159596
44.3,7.738384,17.112024463438882
44.3,7.939394,17.41070228948534
44.3,8.140404,17.680145296881385
44.3,8.341414,17.93696525745626
44.3,8.542424,18.18380451789081
44.3,8.743434,18.3932652545273
44.3,8.944444,18.602742685619333
44.3,9.145455,18.779844288782307
44.3,9.346465,18.94459394369853
44.3,9.547475,19.10067122328324
44.3,9.748485,19.22871154125064
44.3,9.949495,19.356755156576405
44.3,10.15051,19.464299630420676
44.3,10.35152,19.56495898352549
44.3,10.55253,19.660552625799752
44.3,10.75354,19.74183398989555
44.3,10.95455,19.82311679267893
44.3,11.15556,19.893975621590112
44.3,11.35657,19.96178681501455
44.3,11.55758,20.026920240230076
44.3,11.75859,20.085337604538736
44.3,11.9596,20.14376563088984
44.3,12.16061,20.19686687416438
44.3,12.36162,20.248629250754924
44.3,12.56263,20.298892836951072
44.3,12.76364,20.345808451396273
44.3,12.96465,20.39273440656705
44.3,13.16566,20.436682139487758
44.3,13.36667,20.47999044371402
44.3,13.56768,20.52235944883789
44.3,13.76869,20.56287954745881
44.3,13.9697,20.60340984411649
44.3,14.17071,20.642071177127647
44.3,14.37172,20.68039282023927
44.3,14.57273,20.71807489364831
44.3,14.77374,20.75460758725293
44.3,14.97475,20.791140409290293
44.3,15.17576,20.82636385794933
44.3,15.37677,20.861387487304548
44.3,15.57778,20.895921395326624
44.3,15.77879,20.929665672009705
44.3,15.9798,20.96341004051114
44.3,16.18081,20.996124807747822
44.3,16.38182,21.028729690089744
44.3,16.58283,21.060914761510304
44.3,16.78384,21.092490062724544
44.3,16.98485,21.124075434966407
44.3,17.18586,21.15478106547409
44.3,17.38687,21.18542677587747
44.3,17.58788,21.21568262071658
44.3,17.78889,21.245448616449725
44.3,17.9899,21.27521467108574
44.3,18.19091,21.304190905270655
44.3,18.39192,21.333127200606192
44.3,18.59293,21.361703596298415
44.3,18.79394,21.389850097553104
44.3,18.99495,21.417996649913402
44.3,19.19596,21.44540333820241
44.3,19.39697,21.472790076812025
44.3,19.59798,21.49981689245313
44.3,19.79899,21.52646378507862
44.3,20.0,21.553110723472127
44.599999999999994,0.1,4.308829457619303
44.599999999999994,0.3010101,5.70179141615287
44.599999999999994,0.5020202,6.27810551507449
44.599999999999994,0.7030303,6.656292524823403
44.599999999999994,0.9040404,6.980010273121435
44.599999999999994,1.105051,7.242248539615179
44.599999999999994,1.306061,7.54703331723015
44.599999999999994,1.507071,7.818204689001439
44.599999999999994,1.708081,8.079133384426287
44.599999999999994,1.909091,8.336603182351727
44.599999999999994,2.110101,8.594271706850426
44.599999999999994,2.311111,8.852299808562167
44.599999999999994,2.512121,9.11059442096761
44.599999999999994,2.713131,9.375541536547278
44.599999999999994,2.914141,9.64032847515414
44.599999999999994,3.115152,9.907541587913707
44.599999999999994,3.316162,10.176606259230713
44.599999999999994,3.517172,10.447211576511028
44.599999999999994,3.718182,10.728823694554578
44.599999999999994,3.919192,11.009720701427247
44.599999999999994,4.120202,11.298014831660403
44.599999999999994,4.321212,11.591408669644332
44.599999999999994,4.522222,11.887450034896347
44.599999999999994,4.723232,12.196251427044482
44.599999999999994,4.924242,12.503599031216732
44.599999999999994,5.125253,12.819904599124794
44.599999999999994,5.326263,13.141939515995054
44.599999999999994,5.527273,13.467703724869834
44.599999999999994,5.728283,13.804280023171772
44.599999999999994,5.929293,14.138363966709859
44.599999999999994,6.130303,14.477070385202712
44.599999999999994,6.331313,14.81882109115934
44.599999999999994,6.532323,15.163212396134677
44.599999999999994,6.733333,15.505563581501189
44.599999999999994,6.934343,15.844814553060246
44.599999999999994,7.135354,16.174185307965306
44.599999999999994,7.336364,16.499425965982862
44.599999999999994,7.537374,16.82214076068288
44.599999999999994,7.738384,17.120230892552765
44.599999999999994,7.939394,17.415861715619997
44.599999999999994,8.140404,17.68289749864998
44.599999999999994,8.341414,17.938029675000806
44.599999999999994,8.542424,18.184859727414693
44.599999999999994,8.743434,18.394071468806466
44.599999999999994,8.944444,18.602390784642072
44.599999999999994,9.145455,18.77888384178075
44.599999999999994,9.346465,18.943324571829656
44.599999999999994,9.547475,19.099402292562612
44.599999999999994,9.748485,19.227443100527562
44.599999999999994,9.949495,19.355507512495073
44.599999999999994,10.15051,19.463202593710747
44.599999999999994,10.35152,19.564012413733362
44.599999999999994,10.55253,19.659606309542543
44.599999999999994,10.75354,19.740947937726105
44.599999999999994,10.95455,19.822451121903224
44.599999999999994,11.15556,19.89352026665507
44.599999999999994,11.35657,19.961481717333097
44.599999999999994,11.55758,20.02660529810799
44.599999999999994,11.75859,20.08507283072035
44.599999999999994,11.9596,20.143661100265962
44.599999999999994,12.16061,20.19688257003076
44.599999999999994,12.36162,20.24872512991378
44.599999999999994,12.56263,20.298978817333534
44.599999999999994,12.76364,20.34592455641711
44.599999999999994,12.96465,20.392920708345724
44.599999999999994,13.16566,20.436908624959834
44.599999999999994,13.36667,20.48024707192095
44.599999999999994,13.56768,20.522626144476515
44.599999999999994,13.76869,20.563156341158347
44.599999999999994,13.9697,20.6037068016794
44.599999999999994,14.17071,20.642378294853625
44.599999999999994,14.37172,20.680700056463227
44.599999999999994,14.57273,20.718382178005328
44.599999999999994,14.77374,20.754914954470213
44.599999999999994,14.97475,20.7914379220177
44.599999999999994,15.17576,20.826641507130184
44.599999999999994,15.37677,20.861665232497195
44.599999999999994,15.57778,20.896199175829278
44.599999999999994,15.77879,20.929923522143486
44.599999999999994,15.9798,20.96364801378879
44.599999999999994,16.18081,20.996332901286824
44.599999999999994,16.38182,21.028917864733753
44.599999999999994,16.58283,21.06110296286345
44.599999999999994,16.78384,21.092668324961707
44.599999999999994,16.98485,21.124213805576755
44.599999999999994,17.18586,21.154889534869405
44.599999999999994,17.38687,21.18550530920637
44.599999999999994,17.58788,21.21577117462995
44.599999999999994,17.78889,21.245517220307313
44.599999999999994,17.9899,21.27524336094134
44.599999999999994,18.19091,21.304189674868375
44.599999999999994,18.39192,21.33310602025141
44.599999999999994,18.59293,21.361672432429938
44.599999999999994,18.79394,21.38980897341325
44.599999999999994,18.99495,21.417915591376975
44.599999999999994,19.19596,21.445282332737982
44.599999999999994,19.39697,21.47264910485998
44.599999999999994,19.59798,21.49967593406753
44.599999999999994,19.79899,21.52439307840539
44.599999999999994,20.0,21.547110504186804
44.900000000000006,0.1,4.332034488183716
44.900000000000006,0.3010101,5.734846766442893
44.900000000000006,0.5020202,6.3136729165392085
44.900000000000006,0.7030303,6.694459780177962
44.900000000000006,0.9040404,7.022766103754773
44.900000000000006,1.105051,7.295475409299464
44.900000000000006,1.306061,7.566605616273251
44.900000000000006,1.507071,7.852617567472861
44.900000000000006,1.708081,8.118704272265138
44.900000000000006,1.909091,8.376157034447054
44.900000000000006,2.110101,8.63382176639614
44.900000000000006,2.311111,8.891847860468001
44.900000000000006,2.512121,9.14974979894339
44.900000000000006,2.713131,9.414080252600836
44.900000000000006,2.914141,9.678866271418764
44.900000000000006,3.115152,9.94607904490741
44.900000000000006,3.316162,10.215097828112109
44.900000000000006,3.517172,10.484784370834925
44.900000000000006,3.718182,10.765348856717228
44.900000000000006,3.919192,11.046246492643384
44.900000000000006,4.120202,11.334541583034774
44.900000000000006,4.321212,11.627816700746795
44.900000000000006,4.522222,11.921891268943819
44.900000000000006,4.723232,12.228605675100583
44.900000000000006,4.924242,12.53594451970485
44.900000000000006,5.125253,12.852261506145517
44.900000000000006,5.326263,13.173998054577021
44.900000000000006,5.527273,13.49593566560383
44.900000000000006,5.728283,13.828995200470484
44.900000000000006,5.929293,14.16309055212188
44.900000000000006,6.130303,14.501798498000595
44.900000000000006,6.331313,14.843010974163052
44.900000000000006,6.532323,15.181666338295479
44.900000000000006,6.733333,15.519681026371206
44.900000000000006,6.934343,15.858933323968893
44.900000000000006,7.135354,16.188305460009083
44.900000000000006,7.336364,16.512897817651353
44.900000000000006,7.537374,16.829776939743304
44.900000000000006,7.738384,17.124470364182233
44.900000000000006,7.939394,17.420102185208226
44.900000000000006,8.140404,17.687128937937477
44.900000000000006,8.341414,17.941822396537283
44.900000000000006,8.542424,18.185445826421393
44.900000000000006,8.743434,18.393419560134586
44.900000000000006,8.944444,18.601739474482486
44.900000000000006,9.145455,18.778233068917714
44.900000000000006,9.346465,18.94257448361914
44.900000000000006,9.547475,19.09814373414216
44.900000000000006,9.748485,19.22620533595455
44.900000000000006,9.949495,19.354270090422396
44.900000000000006,10.15051,19.46196546864081
44.900000000000006,10.35152,19.562815633461202
44.900000000000006,10.55253,19.658770156288167
44.900000000000006,10.75354,19.740332156011558
44.900000000000006,10.95455,19.8218355446482
44.900000000000006,11.15556,19.892904867181397
44.900000000000006,11.35657,19.960916521213505
44.900000000000006,11.55758,20.02637045235411
44.900000000000006,11.75859,20.084988216307753
44.900000000000006,11.9596,20.14356661586742
44.900000000000006,12.16061,20.196788199107857
44.900000000000006,12.36162,20.24867090174716
44.900000000000006,12.56263,20.29910488505413
44.900000000000006,12.76364,20.346120807610887
44.900000000000006,12.96465,20.39311704487468
44.900000000000006,13.16566,20.437105037533662
44.900000000000006,13.36667,20.48046359253879
44.900000000000006,13.56768,20.522902920452395
44.900000000000006,13.76869,20.563453262120674
44.900000000000006,13.9697,20.604003781470595
44.900000000000006,14.17071,20.642675328069213
44.900000000000006,14.37172,20.681007179364915
44.900000000000006,14.57273,20.718689545686566
44.900000000000006,14.77374,20.755212445074402
44.900000000000006,14.97475,20.791735454477617
44.900000000000006,15.17576,20.826939078419603
44.900000000000006,15.37677,20.861952878337412
44.900000000000006,15.57778,20.896447032538983
44.900000000000006,15.77879,20.9301614765658
44.900000000000006,15.9798,20.963885999261016
44.900000000000006,16.18081,20.996570915984076
44.900000000000006,16.38182,21.029145944748763
44.900000000000006,16.58283,21.061271240919613
44.900000000000006,16.78384,21.092806684214672
44.900000000000006,16.98485,21.124362188247392
44.900000000000006,17.18586,21.155037939950695
44.900000000000006,17.38687,21.185633768773588
44.900000000000006,17.58788,21.215819793542472
44.900000000000006,17.78889,21.245545899794315
44.900000000000006,17.9899,21.275282058741976
44.900000000000006,18.19091,21.30421839050346
44.900000000000006,18.39192,21.333114781327826
44.900000000000006,18.59293,21.361611322596005
44.900000000000006,18.79394,21.389727907573967
44.900000000000006,18.99495,21.41783454029037
44.900000000000006,19.19596,21.445201296067324
44.900000000000006,19.39697,21.472558100675208
44.900000000000006,19.59798,21.499515008664034
44.900000000000006,19.79899,21.522272405612522
44.900000000000006,20.0,21.544989839331418
45.2,0.1,4.354188576692562
45.2,0.3010101,5.767627007813783
45.2,0.5020202,6.349829226100202
45.2,0.7030303,6.73145813033811
45.2,0.9040404,7.061307063948246
45.2,1.105051,7.33439912490933
45.2,1.306061,7.605839924825855
45.2,1.507071,7.891940086492685
45.2,1.708081,8.158005457816298
45.2,1.909091,8.41538553288899
45.2,2.110101,8.673036842066237
45.2,2.311111,8.93079632874632
45.2,2.512121,9.188529219040955
45.2,2.713131,9.452649531412714
45.2,2.914141,9.717025261510052
45.2,3.115152,9.984194718541454
45.2,3.316162,10.252640221540984
45.2,3.517172,10.522087084048627
45.2,3.718182,10.802173018967821
45.2,3.919192,11.082352369748795
45.2,4.120202,11.370528550535317
45.2,4.321212,11.66264618040905
45.2,4.522222,11.956272310444744
45.2,4.723232,12.261988975064511
45.2,4.924242,12.567900282958538
45.2,5.125253,12.88393885990764
45.2,5.326263,13.203468254008293
45.2,5.527273,13.52459770999849
45.2,5.728283,13.85585984333908
45.2,5.929293,14.187527960230916
45.2,6.130303,14.525737685833413
45.2,6.331313,14.863593444202442
45.2,6.532323,15.20109076699234
45.2,6.733333,15.536698188382257
45.2,6.934343,15.872933325414229
45.2,7.135354,16.201677132263644
45.2,7.336364,16.52272263107023
45.2,7.537374,16.838483456582413
45.2,7.738384,17.131109275421778
45.2,7.939394,17.42433350948416
45.2,8.140404,17.690941519878546
45.2,8.341414,17.943537404422642
45.2,8.542424,18.186542014793208
45.2,8.743434,18.39368724750536
45.2,8.944444,18.6010986277593
45.2,9.145455,18.777502893704863
45.2,9.346465,18.941425440993978
45.2,9.547475,19.096875280369783
45.2,9.748485,19.2249475068628
45.2,9.949495,19.353022862768963
45.2,10.15051,19.460758583360434
45.2,10.35152,19.561809222949496
45.2,10.55253,19.65780404068779
45.2,10.75354,19.73953635808758
45.2,10.95455,19.821200050753077
45.2,11.15556,19.892319575481114
45.2,11.35657,19.960531489426707
45.2,11.55758,20.026035593111654
45.2,11.75859,20.08477356162103
45.2,11.9596,20.143462153341844
45.2,12.16061,20.196723881890374
45.2,12.36162,20.248716794818588
45.2,12.56263,20.299180897156624
45.2,12.76364,20.346246995664284
45.2,12.96465,20.39330339138829
45.2,13.16566,20.437311492128536
45.2,13.36667,20.480710216947276
45.2,13.56768,20.52315962791884
45.2,13.76869,20.5637301146773
45.2,13.9697,20.60430075701696
45.2,14.17071,20.6429723957131
45.2,14.37172,20.68131440548989
45.2,14.57273,20.718996834180402
45.2,14.77374,20.755519869392568
45.2,14.97475,20.79203298709795
45.2,15.17576,20.8272366853589
45.2,15.37677,20.862230615615545
45.2,15.57778,20.896724815128444
45.2,15.77879,20.93041937228185
45.2,15.9798,20.964123980325837
45.2,16.18081,20.996798964539224
45.2,16.38182,21.029354115030962
45.2,16.58283,21.06146944564034
45.2,16.78384,21.09298499561343
45.2,16.98485,21.12451057458175
45.2,17.18586,21.155166381083067
45.2,17.38687,21.18573230617877
45.2,17.58788,21.215918355818264
45.2,17.78889,21.245614545272787
45.2,17.9899,21.27532076000722
45.2,18.19091,21.304237139187418
45.2,18.39192,21.33310361181984
45.2,18.59293,21.361600171550602
45.2,18.79394,21.38966682239908
45.2,18.99495,21.417753497194433
45.2,19.19596,21.44511028257219
45.2,19.39697,21.472417132897725
45.2,19.59798,21.499384054697842
45.2,19.79899,21.52597104802146
45.2,20.0,21.550628290676624
45.5,0.1,4.377517469764679
45.5,0.3010101,5.799958303836689
45.5,0.5020202,6.386207110313276
45.5,0.7030303,6.768966383865344
45.5,0.9040404,7.095084237308526
45.5,1.105051,7.352909814334243
45.5,1.306061,7.652059817865491
45.5,1.507071,7.936003183243499
45.5,1.708081,8.196975859700554
45.5,1.909091,8.454338864640071
45.5,2.110101,8.711700515173696
45.5,2.311111,8.969228899493002
45.5,2.512121,9.226959705551543
45.5,2.713131,9.491079023765263
45.5,2.914141,9.75519263446776
45.5,3.115152,10.021353179959725
45.5,3.316162,10.289552943563733
45.5,3.517172,10.558999813515172
45.5,3.718182,10.83908644315161
45.5,3.919192,11.118697235868732
45.5,4.120202,11.40496688649339
45.5,4.321212,11.696636126130011
45.5,4.522222,11.990263257748088
45.5,4.723232,12.29598129716152
45.5,4.924242,12.600705008225777
45.5,5.125253,12.913087902167874
45.5,5.326263,13.231809323169246
45.5,5.527273,13.552940095934462
45.5,5.728283,13.884193770929848
45.5,5.929293,14.213684926321971
45.5,6.130303,14.546129977523636
45.5,6.331313,14.882847948589983
45.5,6.532323,15.220346568221245
45.5,6.733333,15.555955410590082
45.5,6.934343,15.889173646127585
45.5,7.135354,16.21145224266737
45.5,7.336364,16.53137944621896
45.5,7.537374,16.847141330868546
45.5,7.738384,17.139768230813807
45.5,7.939394,17.43036488412621
45.5,8.140404,17.69268659164705
45.5,8.341414,17.944663640316325
45.5,8.542424,18.187668943105415
45.5,8.743434,18.394814820261807
45.5,8.944444,18.60113777435217
45.5,9.145455,18.776363814309562
45.5,9.346465,18.94015692437747
45.5,9.547475,19.095617163354277
45.5,9.748485,19.22368973761128
45.5,9.949495,19.351755680276238
45.5,10.15051,19.459732039562972
45.5,10.35152,19.56082297220344
45.5,10.55253,19.656828031288356
45.5,10.75354,19.738550557434834
45.5,10.95455,19.82044457526487
45.5,11.15556,19.891914418429586
45.5,11.35657,19.960176506095102
45.5,11.55758,20.025670763591055
45.5,11.75859,20.084418864861252
45.5,11.9596,20.143287661751305
45.5,12.16061,20.19675966779479
45.5,12.36162,20.248772706441418
45.5,12.56263,20.299236908227783
45.5,12.76364,20.346313096551864
45.5,12.96465,20.393449704110722
45.5,13.16566,20.43754803983729
45.5,13.36667,20.480956850883974
45.5,13.56768,20.523406329705857
45.5,13.76869,20.563986877953273
45.5,13.9697,20.604587690120674
45.5,14.17071,20.64328956301719
45.5,14.37172,20.681631639396695
45.5,14.57273,20.719314115819095
45.5,14.77374,20.755827195664434
45.5,14.97475,20.792340494139918
45.5,15.17576,20.82751438218521
45.5,15.37677,20.862508359024734
45.5,15.57778,20.897002593357062
45.5,15.77879,20.9306971836467
45.5,15.9798,20.964381934411737
45.5,16.18081,20.997017106028252
45.5,16.38182,21.02956229325955
45.5,16.58283,21.061687649877683
45.5,16.78384,21.093193225034153
45.5,16.98485,21.12467895613173
45.5,17.18586,21.155274905140455
45.5,17.38687,21.185840855878844
45.5,17.58788,21.216026925526105
45.5,17.78889,21.24571313457974
45.5,17.9899,21.275369461501853
45.5,18.19091,21.304235971384205
45.5,18.39192,21.333092463467295
45.5,18.59293,21.361589038871397
45.5,18.79394,21.389655705155867
45.5,18.99495,21.417682478979238
45.5,19.19596,21.444969324041114
45.5,19.39697,21.47228618813076
45.5,19.59798,21.499243123086885
45.5,19.79899,21.525830129360912
45.5,20.0,21.548517621185905
45.8,0.1,4.398884555452957
45.8,0.3010101,5.831521569042338
45.8,0.5020202,6.421490382541922
45.8,0.7030303,6.805784478830037
45.8,0.9040404,7.137173232774015
45.8,1.105051,7.43123971378755
45.8,1.306061,7.703005000702789
45.8,1.507071,7.974804075048571
45.8,1.708081,8.23573812650548
45.8,1.909091,8.493065746767742
45.8,2.110101,8.750424550332454
45.8,2.311111,9.007821337342808
45.8,2.512121,9.265227774973907
45.8,2.713131,9.528897746095428
45.8,2.914141,9.79279822476921
45.8,3.115152,10.058965336591797
45.8,3.316162,10.326815482389579
45.8,3.517172,10.595643088022658
45.8,3.718182,10.874921556212001
45.8,3.919192,11.154193376174167
45.8,4.120202,11.44047389950724
45.8,4.321212,11.731445083927596
45.8,4.522222,12.023874669021703
45.8,4.723232,12.327985637387316
45.8,4.924242,12.632111123825627
45.8,5.125253,12.94448537038778
45.8,5.326263,13.26185930205017
45.8,5.527273,13.580743184266499
45.8,5.728283,13.90924054519547
45.8,5.929293,14.237753776899542
45.8,6.130303,14.570190238734643
45.8,6.331313,14.904771243898228
45.8,6.532323,15.238943549675472
45.8,6.733333,15.570966012479195
45.8,6.934343,15.90299614583434
45.8,7.135354,16.22527594246607
45.8,7.336364,16.54284556660009
45.8,7.537374,16.85523025350178
45.8,7.738384,17.144909772563615
45.8,7.939394,17.4346077803338
45.8,8.140404,17.696930329093572
45.8,8.341414,17.947439187645138
45.8,8.542424,18.188556500622006
45.8,8.743434,18.394544024854635
45.8,8.944444,18.60052779575367
45.8,9.145455,18.77575430874016
45.8,9.346465,18.93923822469887
45.8,9.547475,19.09435928528356
45.8,9.748485,19.222422423170325
45.8,9.949495,19.350488745282455
45.8,10.15051,19.458465382036138
45.8,10.35152,19.559696685091357
45.8,10.55253,19.655892120548298
45.8,10.75354,19.73783496290399
45.8,10.95455,19.819779205097674
45.8,11.15556,19.89124922030924
45.8,11.35657,19.95966151338439
45.8,11.55758,20.025355978644924
45.8,11.75859,20.08425427288497
45.8,11.9596,20.14315321256636
45.8,12.16061,20.19663533163253
45.8,12.36162,20.2487485600492
45.8,12.56263,20.299312967337762
45.8,12.76364,20.346469355361062
45.8,12.96465,20.393626068484167
45.8,13.16566,20.437724479730807
45.8,13.36667,20.481173434987966
45.8,13.56768,20.52366306880989
45.8,13.76869,20.56427376805318
45.8,13.9697,20.604884652533734
45.8,14.17071,20.643576578877138
45.8,14.37172,20.681938805332802
45.8,14.57273,20.719621444347506
45.8,14.77374,20.756134681949984
45.8,14.97475,20.79264803646199
45.8,15.17576,20.827821962632587
45.8,15.37677,20.862806053568125
45.8,15.57778,20.897280408965905
45.8,15.77879,20.930955116291837
45.8,15.9798,20.964629906793515
45.8,16.18081,20.997275107064848
45.8,16.38182,21.02979041590283
45.8,16.58283,21.061885900102535
45.8,16.78384,21.09336159873563
45.8,16.98485,21.12483736037917
45.8,17.18586,21.155443331024514
45.8,17.38687,21.18596937165915
45.8,17.58788,21.216115532276593
45.8,17.78889,21.245771827700477
45.8,17.9899,21.27542817612772
45.8,18.19091,21.304294703066564
45.8,18.39192,21.333111285593368
45.8,18.59293,21.361567946761934
45.8,18.79394,21.389594689896416
45.8,18.99495,21.41761147942792
45.8,19.19596,21.444898338102924
45.8,19.39697,21.47217524250522
45.8,19.59798,21.497202426100092
45.8,19.79899,21.519859891094374
45.8,20.0,21.542527387644473
46.099999999999994,0.1,4.420775521307948
46.099999999999994,0.3010101,5.862658868960725
46.099999999999994,0.5020202,6.456396747436708
46.099999999999994,0.7030303,6.842038292595718
46.099999999999994,0.9040404,7.170391498169888
46.099999999999994,1.105051,7.429030751514044
46.099999999999994,1.306061,7.714929880790058
46.099999999999994,1.507071,8.007847604582578
46.099999999999994,1.708081,8.274100297114902
46.099999999999994,1.909091,8.531462862563709
46.099999999999994,2.110101,8.788818682264555
46.099999999999994,2.311111,9.046056177323491
46.099999999999994,2.512121,9.303069223130624
46.099999999999994,2.713131,9.566265852439512
46.099999999999994,2.914141,9.82994216416985
46.099999999999994,3.115152,10.09610680885869
46.099999999999994,3.316162,10.363587337044326
46.099999999999994,3.517172,10.631775684218479
46.099999999999994,3.718182,10.91022580573588
46.099999999999994,3.919192,11.189168572973353
46.099999999999994,4.120202,11.475449967052278
46.099999999999994,4.321212,11.765733062314302
46.099999999999994,4.522222,12.056975070462494
46.099999999999994,4.723232,12.359529064689049
46.099999999999994,4.924242,12.663046373625662
46.099999999999994,5.125253,12.975421984080535
46.099999999999994,5.326263,13.291478664083817
46.099999999999994,5.527273,13.60818604913622
46.099999999999994,5.728283,13.934007804484953
46.099999999999994,5.929293,14.261563343367177
46.099999999999994,6.130303,14.594011187232837
46.099999999999994,6.331313,14.926495906158564
46.099999999999994,6.532323,15.257402851630422
46.099999999999994,6.733333,15.585869601607396
46.099999999999994,6.934343,15.916721761571717
46.099999999999994,7.135354,16.23900263026313
46.099999999999994,7.336364,16.55422444667835
46.099999999999994,7.537374,16.86324161993529
46.099999999999994,7.738384,17.150013232837434
46.099999999999994,7.939394,17.438812387575698
46.099999999999994,8.140404,17.701135697977065
46.099999999999994,8.341414,17.950226187236176
46.099999999999994,8.542424,18.18948530934776
46.099999999999994,8.743434,18.3942543200239
46.099999999999994,8.944444,18.599908824781693
46.099999999999994,9.145455,18.775135764621247
46.099999999999994,9.346465,18.93828028021227
46.099999999999994,9.547475,19.09305190945036
46.099999999999994,9.748485,19.221095378447117
46.099999999999994,9.949495,19.349162016660284
46.099999999999994,10.15051,19.457138924422928
46.099999999999994,10.35152,19.558520547230465
46.099999999999994,10.55253,19.65491631189199
46.099999999999994,10.75354,19.737069462526257
46.099999999999994,10.95455,19.819063926297446
46.099999999999994,11.15556,19.890544111146546
46.099999999999994,11.35657,19.95910655912927
46.099999999999994,11.55758,20.024981176694354
46.099999999999994,11.75859,20.084059617880907
46.099999999999994,11.9596,20.142998692240948
46.099999999999994,12.16061,20.19647092709148
46.099999999999994,12.36162,20.24869436063373
46.099999999999994,12.56263,20.29937899367133
46.099999999999994,12.76364,20.346615607339086
46.099999999999994,12.96465,20.393782430255428
46.099999999999994,13.16566,20.43788091747567
46.099999999999994,13.36667,20.481369999102284
46.099999999999994,13.56768,20.523909766440696
46.099999999999994,13.76869,20.564560595392475
46.099999999999994,13.9697,20.60517155134378
46.099999999999994,14.17071,20.64387353221914
46.099999999999994,14.37172,20.682245928766584
46.099999999999994,14.57273,20.719948752963276
46.099999999999994,14.77374,20.756452171140246
46.099999999999994,14.97475,20.792965584640495
46.099999999999994,15.17576,20.828129549184975
46.099999999999994,15.37677,20.86310374009141
46.099999999999994,15.57778,20.897558200964607
46.099999999999994,15.77879,20.931223010069132
46.099999999999994,15.9798,20.964897839379255
46.099999999999994,16.18081,20.99753306918311
46.099999999999994,16.38182,21.030048518359422
46.099999999999994,16.58283,21.062104151351726
46.099999999999994,16.78384,21.093549995068077
46.099999999999994,16.98485,21.125015788796865
46.099999999999994,17.18586,21.15562178084538
46.099999999999994,17.38687,21.186107903266233
46.099999999999994,17.58788,21.2162141473835
46.099999999999994,17.78889,21.245840523138785
46.099999999999994,17.9899,21.275496892757086
46.099999999999994,18.19091,21.30436343683186
46.099999999999994,18.39192,21.333150133433143
46.099999999999994,18.59293,21.361556903199006
46.099999999999994,18.79394,21.38952374398977
46.099999999999994,18.99495,21.417550548840662
46.099999999999994,19.19596,21.44483742023766
46.099999999999994,19.39697,21.472054349427214
46.099999999999994,19.59798,21.498931306150293
46.099999999999994,19.79899,21.52543828981777
46.099999999999994,20.0,21.548125803492248
46.400000000000006,0.1,4.4414246092981085
46.400000000000006,0.3010101,5.893888903504967
46.400000000000006,0.5020202,6.490170597492926
46.400000000000006,0.7030303,6.878483540936179
46.400000000000006,0.9040404,7.211468568649497
46.400000000000006,1.105051,7.486587568820645
46.400000000000006,1.306061,7.7587334514486725
46.400000000000006,1.507071,8.051024973293499
46.400000000000006,1.708081,8.312182373487158
46.400000000000006,1.909091,8.569558776273338
46.400000000000006,2.110101,8.826732439075537
46.400000000000006,2.311111,9.083679950251282
46.400000000000006,2.512121,9.340690842554007
46.400000000000006,2.713131,9.603886387461445
46.400000000000006,2.914141,9.867285453457752
46.400000000000006,3.115152,10.132359475822216
46.400000000000006,3.316162,10.39958019118484
46.400000000000006,3.517172,10.667768450956459
46.400000000000006,3.718182,10.946219179565329
46.400000000000006,3.919192,11.224603140348464
46.400000000000006,4.120202,11.508967422419872
46.400000000000006,4.321212,11.798802050539125
46.400000000000006,4.522222,12.090045007353597
46.400000000000006,4.723232,12.392600325484658
46.400000000000006,4.924242,12.694970083604417
46.400000000000006,5.125253,13.003870982215503
46.400000000000006,5.326263,13.319139761651822
46.400000000000006,5.527273,13.635838415823036
46.400000000000006,5.728283,13.96167164927644
46.400000000000006,5.929293,14.287130966634853
46.400000000000006,6.130303,14.614108044942553
46.400000000000006,6.331313,14.945485145647721
46.400000000000006,6.532323,15.2764031791839
46.400000000000006,6.733333,15.604871136678177
46.400000000000006,6.934343,15.932727061382698
46.400000000000006,7.135354,16.248642926704115
46.400000000000006,7.336364,16.562746160877833
46.400000000000006,7.537374,16.871774161744373
46.400000000000006,7.738384,17.15853662826999
46.400000000000006,7.939394,17.44475735573067
46.400000000000006,8.140404,17.70294330627037
46.400000000000006,8.341414,17.95142478510728
46.400000000000006,8.542424,18.190694477399273
46.400000000000006,8.743434,18.395464019980967
46.400000000000006,8.944444,18.599969895286442
46.400000000000006,9.145455,18.77394779592149
46.400000000000006,9.346465,18.9369827586485
46.400000000000006,9.547475,19.091754742324458
46.400000000000006,9.748485,19.219798522449764
46.400000000000006,9.949495,19.347845393229193
46.400000000000006,10.15051,19.456062569789555
46.400000000000006,10.35152,19.557494466280186
46.400000000000006,10.55253,19.653900468476508
46.400000000000006,10.75354,19.736043823723918
46.400000000000006,10.95455,19.818258630167666
46.400000000000006,11.15556,19.890058979850085
46.400000000000006,11.35657,19.958671588916452
46.400000000000006,11.55758,20.02455636081967
46.400000000000006,11.75859,20.083624937050605
46.400000000000006,11.9596,20.14275413365945
46.400000000000006,12.16061,20.196486660837593
46.400000000000006,12.36162,20.248740224825788
46.400000000000006,12.56263,20.29942495874023
46.400000000000006,12.76364,20.346661663313583
46.400000000000006,12.96465,20.393908753726766
46.400000000000006,13.16566,20.438097434052928
46.400000000000006,13.36667,20.48159659853035
46.400000000000006,13.56768,20.524136434603147
46.400000000000006,13.76869,20.56477732645424
46.400000000000006,13.9697,20.605448406313528
46.400000000000006,14.17071,20.644200669453994
46.400000000000006,14.37172,20.68258313548351
46.400000000000006,14.57273,20.720276007171485
46.400000000000006,14.77374,20.756779469506558
46.400000000000006,14.97475,20.793273114817378
46.400000000000006,15.17576,20.82841723512689
46.400000000000006,15.37677,20.863381470554252
46.400000000000006,15.57778,20.897835966110303
46.400000000000006,15.77879,20.931500808135887
46.400000000000006,15.9798,20.965165741725055
46.400000000000006,16.18081,20.9977912077159
46.400000000000006,16.38182,21.030296694769316
46.400000000000006,16.58283,21.062362352960605
46.400000000000006,16.78384,21.09379822107132
46.400000000000006,16.98485,21.12521421887662
46.400000000000006,17.18586,21.15574033309368
46.400000000000006,17.38687,21.18622647972021
46.400000000000006,17.58788,21.216332743081058
46.400000000000006,17.78889,21.245959137624315
46.400000000000006,17.9899,21.275575600713022
46.400000000000006,18.19091,21.304392344085155
46.400000000000006,18.39192,21.333179059614636
46.400000000000006,18.59293,21.361595843475484
46.400000000000006,18.79394,21.389562698262335
46.400000000000006,18.99495,21.417489667896803
46.400000000000006,19.19596,21.444676583836596
46.400000000000006,19.39697,21.471893524840013
46.400000000000006,19.59798,21.498770493135353
46.400000000000006,19.79899,21.525287488354977
46.400000000000006,20.0,21.54982470902441
46.7,0.1,4.461820661569527
46.7,0.3010101,5.9247408154541485
46.7,0.5020202,6.52446322404905
46.7,0.7030303,6.9136397705326464
46.7,0.9040404,7.248221001781295
46.7,1.105051,7.529643892894987
46.7,1.306061,7.816099196315904
46.7,1.507071,8.088635735876649
46.7,1.708081,8.349836264857377
46.7,1.909091,8.607380732938541
46.7,2.110101,8.864580326567275
46.7,2.311111,9.121137268411815
46.7,2.512121,9.377899789032577
46.7,2.713131,9.640860577833598
46.7,2.914141,9.90380427418871
46.7,3.115152,10.168831795869082
46.7,3.316162,10.435422631519824
46.7,3.517172,10.70333089449185
46.7,3.718182,10.981302557260957
46.7,3.919192,11.258917550533834
46.7,4.120202,11.54318276011392
46.7,4.321212,11.831899446969844
46.7,4.522222,12.122713762169703
46.7,4.723232,12.424321442748216
46.7,4.924242,12.725343831620656
46.7,5.125253,13.033986420111876
46.7,5.326263,13.34724927092959
46.7,5.527273,13.663220171485822
46.7,5.728283,13.987407489891492
46.7,5.929293,14.310661490355256
46.7,6.130303,14.637170797435868
46.7,6.331313,14.965455243060111
46.7,6.532323,15.295316332917011
46.7,6.733333,15.62140813503364
46.7,6.934343,15.946308274484073
46.7,7.135354,16.26162517001627
46.7,7.336364,16.57229034266802
46.7,7.537374,16.88022940751353
46.7,7.738384,17.165032537441963
46.7,7.939394,17.44895387400633
46.7,8.140404,17.706740758044795
46.7,8.341414,17.953244145845932
46.7,8.542424,18.19193472507591
46.7,8.743434,18.395835481922536
46.7,8.944444,18.59939254372951
46.7,9.145455,18.773260725348532
46.7,9.346465,18.935785728998056
46.7,9.547475,19.090427968980872
46.7,9.748485,19.218461784558354
46.7,9.949495,19.34649870550431
46.7,10.15051,19.454776159952317
46.7,10.35152,19.556418335736634
46.7,10.55253,19.652864584407254
46.7,10.75354,19.735168325295092
46.7,10.95455,19.817513494325343
46.7,11.15556,19.889373971098284
46.7,11.35657,19.95816660013986
46.7,11.55758,20.02409149851908
46.7,11.75859,20.083310152057063
46.7,11.9596,20.142569436316297
46.7,12.16061,20.196352138159646
46.7,12.36162,20.24875599471929
46.7,12.56263,20.2994808660146
46.7,12.76364,20.346757839112037
46.7,12.96465,20.394055160560498
46.7,13.16566,20.43825391868099
46.7,13.36667,20.48179316349228
46.7,13.56768,20.524343070841677
46.7,13.76869,20.56503403939409
46.7,13.9697,20.605735192175075
46.7,14.17071,20.644497579448124
46.7,14.37172,20.682920290286763
46.7,14.57273,20.72063323672784
46.7,14.77374,20.757116910339235
46.7,14.97475,20.793600716155765
46.7,15.17576,20.828724884539408
46.7,15.37677,20.863659185185217
46.7,15.57778,20.898113718994576
46.7,15.77879,20.931778618331453
46.7,15.9798,20.96544360066677
46.7,16.18081,20.998069164709086
46.7,16.38182,21.03057484856635
46.7,16.58283,21.062640547393006
46.7,16.78384,21.094026593382196
46.7,16.98485,21.12541270874977
46.7,17.18586,21.155918859255046
46.7,17.38687,21.186345062991936
46.7,17.58788,21.216451347975212
46.7,17.78889,21.246057797992307
46.7,17.9899,21.27566430053658
46.7,18.19091,21.304471132609528
46.7,18.39192,21.33323802143269
46.7,18.59293,21.361654825306875
46.7,18.79394,21.38955183963475
46.7,18.99495,21.417448899321805
46.7,19.19596,21.44459583966369
46.7,19.39697,21.47172281977119
46.7,19.59798,21.498589798462017
46.7,19.79899,21.521167166883696
46.7,20.0,21.543714573606856
47.0,0.1,4.482374636907146
47.0,0.3010101,5.955013715825934
47.0,0.5020202,6.558855029454969
47.0,0.7030303,6.949183644981072
47.0,0.9040404,7.280008236665552
47.0,1.105051,7.5401493362118375
47.0,1.306061,7.8268725189840715
47.0,1.507071,8.120850627286847
47.0,1.708081,8.38885100356746
47.0,1.909091,8.64676806888865
47.0,2.110101,8.903964285383994
47.0,2.311111,9.160520667420139
47.0,2.512121,9.415480821923913
47.0,2.713131,9.677643717154982
47.0,2.914141,9.940585279269767
47.0,3.115152,10.20561223693442
47.0,3.316162,10.4721329539892
47.0,3.517172,10.738901771497499
47.0,3.718182,11.015864257058304
47.0,3.919192,11.293489728697814
47.0,4.120202,11.577745772572518
47.0,4.321212,11.866343554912321
47.0,4.522222,12.155190251986333
47.0,4.723232,12.455040866925303
47.0,4.924242,12.75606447078663
47.0,5.125253,13.06470846383635
47.0,5.326263,13.377703169762768
47.0,5.527273,13.690240500746592
47.0,5.728283,14.011515280448139
47.0,5.929293,14.334770506538186
47.0,6.130303,14.661281141725437
47.0,6.331313,14.989098443316436
47.0,6.532323,15.313663374935519
47.0,6.733333,15.635223100280527
47.0,6.934343,15.960123844767178
47.0,7.135354,16.275431389522954
47.0,7.336364,16.58544712217899
47.0,7.537374,16.887596625733213
47.0,7.738384,17.169009099909754
47.0,7.939394,17.45292108859486
47.0,8.140404,17.71070860225783
47.0,8.341414,17.956922898261496
47.0,8.542424,18.19283633641545
47.0,8.743434,18.394929146764543
47.0,8.944444,18.598486522357735
47.0,9.145455,18.77234499169531
47.0,9.346465,18.934820024014027
47.0,9.547475,19.088951274674884
47.0,9.748485,19.216794484012446
47.0,9.949495,19.344831734204917
47.0,10.15051,19.453109472446425
47.0,10.35152,19.554901965742182
47.0,10.55253,19.651928796223856
47.0,10.75354,19.734263109417537
47.0,10.95455,19.81661846631958
47.0,11.15556,19.888469107570298
47.0,11.35657,19.9573418073169
47.0,11.55758,20.02364646573637
47.0,11.75859,20.083025024816415
47.0,11.9596,20.142294458006308
47.0,12.16061,20.196077287705133
47.0,12.36162,20.24857137426042
47.0,12.56263,20.299576867506595
47.0,12.76364,20.346864219523347
47.0,12.96465,20.39416162315436
47.0,13.16566,20.438360455644432
47.0,13.36667,20.481909743426048
47.0,13.56768,20.524549635213493
47.0,13.76869,20.565300601902926
47.0,13.9697,20.606001821123083
47.0,14.17071,20.64476426670352
47.0,14.37172,20.683227144521094
47.0,14.57273,20.720990611565675
47.0,14.77374,20.757424541499375
47.0,14.97475,20.79390838521878
47.0,15.17576,20.829032589776723
47.0,15.37677,20.86394690631821
47.0,15.57778,20.898371443827312
47.0,15.77879,20.932056342051435
47.0,15.9798,20.96572135854141
47.0,16.18081,20.998346953192165
47.0,16.38182,21.030862770532053
47.0,16.58283,21.062898900832035
47.0,16.78384,21.094235127718747
47.0,16.98485,21.125621262520585
47.0,17.18586,21.15612743246504
47.0,17.38687,21.186523644606762
47.0,17.58788,21.216559960774248
47.0,17.78889,21.246166420033692
47.0,17.9899,21.275772941139195
47.0,18.19091,21.304579790296287
47.0,18.39192,21.33335680552216
47.0,18.59293,21.361684019918776
47.0,18.79394,21.389521186101277
47.0,18.99495,21.417418254206368
47.0,19.19596,21.44456520333112
47.0,19.39697,21.471612235388424
47.0,19.59798,21.49824907217138
47.0,19.79899,21.522686052765337
47.0,20.0,21.545223473838274
47.3,0.1,4.50258556805534
47.3,0.3010101,5.984360648021254
47.3,0.5020202,6.591964382169057
47.3,0.7030303,6.983877039140338
47.3,0.9040404,7.320086767345655
47.3,1.105051,7.616896426793251
47.3,1.306061,7.890213984285876
47.3,1.507071,8.163561357128042
47.3,1.708081,8.426402688696156
47.3,1.909091,8.68575658234089
47.3,2.110101,8.943492980957556
47.3,2.311111,9.198305636976047
47.3,2.512121,9.453127914496667
47.3,2.713131,9.71528866793015
47.3,2.914141,9.977717505196281
47.3,3.115152,10.242092632992271
47.3,3.316162,10.507903648975828
47.3,3.517172,10.774672289596579
47.3,3.718182,11.051565326879047
47.3,3.919192,11.328471289542373
47.3,4.120202,11.611698555805372
47.3,4.321212,11.899197915112628
47.3,4.522222,12.188055566860175
47.3,4.723232,12.487747663628884
47.3,4.924242,12.787453565465933
47.3,5.125253,13.094321194992245
47.3,5.326263,13.405519825642168
47.3,5.527273,13.718058461198538
47.3,5.728283,14.03901548510048
47.3,5.929293,14.359977198369835
47.3,6.130303,14.683727388280648
47.3,6.331313,15.008993952464468
47.3,6.532323,15.333559691559824
47.3,6.733333,15.654451458822967
47.3,6.934343,15.97534950446067
47.3,7.135354,16.286909372119496
47.3,7.336364,16.593925261650927
47.3,7.537374,16.896085313917045
47.3,7.738384,17.176898066941256
47.3,7.939394,17.45772912080376
47.3,8.140404,17.713567859328386
47.3,8.341414,17.958633834693313
47.3,8.542424,18.194557722329893
47.3,8.743434,18.39624132462953
47.3,8.944444,18.597920721289196
47.3,9.145455,18.77108909096641
47.3,9.346465,18.933353594660673
47.3,9.547475,19.08748515532895
47.3,9.748485,19.215278380048293
47.3,9.949495,19.343074893797205
47.3,10.15051,19.45172281995045
47.3,10.35152,19.553945726524027
47.3,10.55253,19.65096280371097
47.3,10.75354,19.7332974390368
47.3,10.95455,19.815633412633257
47.3,11.15556,19.887704066570343
47.3,11.35657,19.95676671395764
47.3,11.55758,20.023071535795772
47.3,11.75859,20.08250014646082
47.3,11.9596,20.141929421035123
47.3,12.16061,20.1959726086988
47.3,12.36162,20.24866705552602
47.3,12.56263,20.2996726528941
47.3,12.76364,20.34696021200445
47.3,12.96465,20.394248061723076
47.3,13.16566,20.438486955784114
47.3,13.36667,20.482056258834707
47.3,13.56768,20.52469622304557
47.3,13.76869,20.565467219427795
47.3,13.9697,20.60624840125476
47.3,14.17071,20.645111156356013
47.3,14.37172,20.683644284641478
47.3,14.57273,20.721407797721145
47.3,14.77374,20.75781187976643
47.3,14.97475,20.79422605772584
47.3,15.17576,20.82930028862151
47.3,15.37677,20.86418460935857
47.3,15.57778,20.89860918262023
47.3,15.77879,20.932304090637402
47.3,15.9798,20.96598908037199
47.3,16.18081,20.998654930156523
47.3,16.38182,21.031210924076348
47.3,16.58283,21.063247077926675
47.3,16.78384,21.094543431191696
47.3,16.98485,21.125839832887987
47.3,17.18586,21.156266016585676
47.3,17.38687,21.18662223367532
47.3,17.58788,21.216658569090665
47.3,17.78889,21.246275037841762
47.3,17.9899,21.275881557186583
47.3,18.19091,21.304708651803747
47.3,18.39192,21.333495810370465
47.3,18.59293,21.361823036454588
47.3,18.79394,21.38961033381293
47.3,18.99495,21.417397664801154
47.3,19.19596,21.444394716518158
47.3,19.39697,21.471371801436764
47.3,19.59798,21.49799864466478
47.3,19.79899,21.524275244313543
47.3,20.0,21.550551902121573
47.599999999999994,0.1,4.522325493253374
47.599999999999994,0.3010101,6.013129750987942
47.599999999999994,0.5020202,6.624580432788341
47.599999999999994,0.7030303,7.017928267552071
47.599999999999994,0.9040404,7.351082206473499
47.599999999999994,1.105051,7.618204988313229
47.599999999999994,1.306061,7.925489851028165
47.599999999999994,1.507071,8.198567563970546
47.599999999999994,1.708081,8.461334366034086
47.599999999999994,1.909091,8.719525808961706
47.599999999999994,2.110101,8.976665860702404
47.599999999999994,2.311111,9.232439399736755
47.599999999999994,2.512121,9.487336236788314
47.599999999999994,2.713131,9.749491032221094
47.599999999999994,2.914141,10.011357121340207
47.599999999999994,3.115152,10.275242851534902
47.599999999999994,3.316162,10.540680199564099
47.599999999999994,3.517172,10.807448607316262
47.599999999999994,3.718182,11.084252362490146
47.599999999999994,3.919192,11.360150824221492
47.599999999999994,4.120202,11.642429061848578
47.599999999999994,4.321212,11.929108457905262
47.599999999999994,4.522222,12.217957100336484
47.599999999999994,4.723232,12.517480782055319
47.599999999999994,4.924242,12.815629538637927
47.599999999999994,5.125253,13.120930537056598
47.599999999999994,5.326263,13.430772456584485
47.599999999999994,5.527273,13.74330248971882
47.599999999999994,5.728283,14.06396254436247
47.599999999999994,5.929293,14.38272564659503
47.599999999999994,6.130303,14.704054591965237
47.599999999999994,6.331313,15.027169748507003
47.599999999999994,6.532323,15.351735669348493
47.599999999999994,6.733333,15.672039888919334
47.599999999999994,6.934343,15.989381021931944
47.599999999999994,7.135354,16.29729075659804
47.599999999999994,7.336364,16.601301761739244
47.599999999999994,7.537374,16.903451572725725
47.599999999999994,7.738384,17.18388216269729
47.599999999999994,7.939394,17.462663528079236
47.599999999999994,8.140404,17.716491449270215
47.599999999999994,8.341414,17.959959504800032
47.599999999999994,8.542424,18.19587361220217
47.599999999999994,8.743434,18.397397911887353
47.599999999999994,8.944444,18.59831965232672
47.599999999999994,9.145455,18.770445950297443
47.599999999999994,9.346465,18.931837879831345
47.599999999999994,9.547475,19.085969716159862
47.599999999999994,9.748485,19.213862443026954
47.599999999999994,9.949495,19.342096308058625
47.599999999999994,10.15051,19.45086407559473
47.599999999999994,10.35152,19.553087515116957
47.599999999999994,10.55253,19.650114916423657
47.599999999999994,10.75354,19.732520121366356
47.599999999999994,10.95455,19.81513741903102
47.599999999999994,11.15556,19.88717820867175
47.599999999999994,11.35657,19.956170783465026
47.599999999999994,11.55758,20.022475796668648
47.599999999999994,11.75859,20.08201444102721
47.599999999999994,11.9596,20.141813441137597
47.599999999999994,12.16061,20.196077189672234
47.599999999999994,12.36162,20.24889219018553
47.599999999999994,12.56263,20.299897905621584
47.599999999999994,12.76364,20.347195746818887
47.599999999999994,12.96465,20.394504244603194
47.599999999999994,13.16566,20.43865322784502
47.599999999999994,13.36667,20.48215254127586
47.599999999999994,13.56768,20.524792583152827
47.599999999999994,13.76869,20.565633599379897
47.599999999999994,13.9697,20.606584706844902
47.599999999999994,14.17071,20.645567851580715
47.599999999999994,14.37172,20.684171294662963
47.599999999999994,14.57273,20.721924856357592
47.599999999999994,14.77374,20.758309115888164
47.599999999999994,14.97475,20.79463369307861
47.599999999999994,15.17576,20.829567934346088
47.599999999999994,15.37677,20.864372243140853
47.599999999999994,15.57778,20.898796853471296
47.599999999999994,15.77879,20.932521762043326
47.599999999999994,15.9798,20.966316700051475
47.599999999999994,16.18081,20.99907283437053
47.599999999999994,16.38182,21.031669026190674
47.599999999999994,16.58283,21.063695204449026
47.599999999999994,16.78384,21.094941694448064
47.599999999999994,16.98485,21.12611838663482
47.599999999999994,17.18586,21.156404564848078
47.599999999999994,17.38687,21.186690774567868
47.599999999999994,17.58788,21.216717130036805
47.599999999999994,17.78889,21.24636360020014
47.599999999999994,17.9899,21.276060098867287
47.599999999999994,18.19091,21.304957463951926
47.599999999999994,18.39192,21.333774780889957
47.599999999999994,18.59293,21.362102019113173
47.599999999999994,18.79394,21.389819510424733
47.599999999999994,18.99495,21.417477236413355
47.599999999999994,19.19596,21.444284758989877
47.599999999999994,19.39697,21.471162082402312
47.599999999999994,19.59798,21.497788921480588
47.599999999999994,19.79899,21.522145725306476
47.599999999999994,20.0,21.544532792115927
47.900000000000006,0.1,4.541480412077607
47.900000000000006,0.3010101,6.041894636222033
47.900000000000006,0.5020202,6.655915534083013
47.900000000000006,0.7030303,7.051729191227806
47.900000000000006,0.9040404,7.389471542992397
47.900000000000006,1.105051,7.666788254449647
47.900000000000006,1.306061,7.939833063353214
47.900000000000006,1.507071,8.22752560355605
47.900000000000006,1.708081,8.494571006949187
47.900000000000006,1.909091,8.75245462762483
47.900000000000006,2.110101,9.009590020015038
47.900000000000006,2.311111,9.265358815773759
47.900000000000006,2.512121,9.521100291768787
47.900000000000006,2.713131,9.786317070293414
47.900000000000006,2.914141,10.048177199758134
47.900000000000006,3.115152,10.312062401532577
47.900000000000006,3.316162,10.577469225643487
47.900000000000006,3.517172,10.840972252351268
47.900000000000006,3.718182,11.119320747433246
47.900000000000006,3.919192,11.395209669047645
47.900000000000006,4.120202,11.677498805227021
47.900000000000006,4.321212,11.964079244763841
47.900000000000006,4.522222,12.248706026416842
47.900000000000006,4.723232,12.5489158857392
47.900000000000006,4.924242,12.847066052631348
47.900000000000006,5.125253,13.152368683526877
47.900000000000006,5.326263,13.462012591454762
47.900000000000006,5.527273,13.769634670614035
47.900000000000006,5.728283,14.090124514998251
47.900000000000006,5.929293,14.408888859977974
47.900000000000006,6.130303,14.730219073301091
47.900000000000006,6.331313,15.05294878052678
47.900000000000006,6.532323,15.370847202782283
47.900000000000006,6.733333,15.68626103799342
47.900000000000006,6.934343,16.003602181713568
47.900000000000006,7.135354,16.311511937885747
47.900000000000006,7.336364,16.614851980951048
47.900000000000006,7.537374,16.909301141520896
47.900000000000006,7.738384,17.18680122254529
47.900000000000006,7.939394,17.46559315142618
47.900000000000006,8.140404,17.71941158715366
47.900000000000006,8.341414,17.962470582878655
47.900000000000006,8.542424,18.197037889743093
47.900000000000006,8.743434,18.39558378033685
47.900000000000006,8.944444,18.596505716946023
47.900000000000006,9.145455,18.768632205488444
47.900000000000006,9.346465,18.929763502798977
47.900000000000006,9.547475,19.08366252919069
47.900000000000006,9.748485,19.211133389294755
47.900000000000006,9.949495,19.339367690832088
47.900000000000006,10.15051,19.448135817196768
47.900000000000006,10.35152,19.55035965027787
47.900000000000006,10.55253,19.649247660482796
47.900000000000006,10.75354,19.73122397464263
47.900000000000006,10.95455,19.813841487243664
47.900000000000006,11.15556,19.88588247549215
47.900000000000006,11.35657,19.954835138291177
47.900000000000006,11.55758,20.021680087487788
47.900000000000006,11.75859,20.08140869254661
47.900000000000006,11.9596,20.14120786908095
47.900000000000006,12.16061,20.195471758339657
47.900000000000006,12.36162,20.24833707520791
47.900000000000006,12.56263,20.300043561669575
47.900000000000006,12.76364,20.347181840397006
47.900000000000006,12.96465,20.394490422686
47.900000000000006,13.16566,20.438639487706187
47.900000000000006,13.36667,20.4821088477699
47.900000000000006,13.56768,20.524819039337384
47.900000000000006,13.76869,20.56579005372369
47.900000000000006,13.9697,20.60675123290812
47.900000000000006,14.17071,20.64573443446186
47.900000000000006,14.37172,20.68436807575255
47.900000000000006,14.57273,20.722342126883174
47.900000000000006,14.77374,20.75858662265134
47.900000000000006,14.97475,20.79491123631929
47.900000000000006,15.17576,20.829845516501706
47.900000000000006,15.37677,20.86459983396714
47.900000000000006,15.57778,20.89895458085895
47.900000000000006,15.77879,20.932769476818844
47.900000000000006,15.9798,20.96656445068686
47.900000000000006,16.18081,20.999310613123413
47.900000000000006,16.38182,21.031936949149966
47.900000000000006,16.58283,21.06402344981844
47.900000000000006,16.78384,21.095160101579946
47.900000000000006,16.98485,21.126326812479444
47.900000000000006,17.18586,21.156623012246143
47.900000000000006,17.38687,21.186839223006096
47.900000000000006,17.58788,21.216785687371416
47.900000000000006,17.78889,21.246492153785624
47.900000000000006,17.9899,21.276178672645216
47.900000000000006,18.19091,21.305076053241923
47.900000000000006,18.39192,21.333923507015466
47.900000000000006,18.59293,21.36224115388431
47.900000000000006,18.79394,21.3898788616361
47.900000000000006,18.99495,21.417536594320065
47.900000000000006,19.19596,21.444344124121493
47.900000000000006,19.39697,21.471121677839122
47.900000000000006,19.59798,21.497808823343387
47.900000000000006,19.79899,21.520225835603092
47.900000000000006,20.0,21.542602900764916
48.2,0.1,4.559644419544767
48.2,0.3010101,6.070065729592393
48.2,0.5020202,6.6873259538425
48.2,0.7030303,7.083894041352271
48.2,0.9040404,7.422691414879019
48.2,1.105051,7.700099825432816
48.2,1.306061,7.972518664349625
48.2,1.507071,8.260023475159906
48.2,1.708081,8.52718304894154
48.2,1.909091,8.785500190633382
48.2,2.110101,9.042702413518521
48.2,2.311111,9.298381057929268
48.2,2.512121,9.554067900219664
48.2,2.713131,9.822901625316048
48.2,2.914141,10.091831017976094
48.2,3.115152,10.3552156010278
48.2,3.316162,10.613991391755786
48.2,3.517172,10.874733849604654
48.2,3.718182,11.156572286832203
48.2,3.919192,11.437845374832024
48.2,4.120202,11.719357606971135
48.2,4.321212,11.998238900226328
48.2,4.522222,12.279844239331357
48.2,4.723232,12.583345265207035
48.2,4.924242,12.886202360245898
48.2,5.125253,13.190528957531912
48.2,5.326263,13.49231998287625
48.2,5.527273,13.797059064500216
48.2,5.728283,14.120589796393086
48.2,5.929293,14.44343465529407
48.2,6.130303,14.763850621279358
48.2,6.331313,15.080468083227546
48.2,6.532323,15.39628606795736
48.2,6.733333,15.707926876917512
48.2,6.934343,16.020534220361366
48.2,7.135354,16.32718787206571
48.2,7.336364,16.62334380348141
48.2,7.537374,16.915517830613176
48.2,7.738384,17.190202651095586
48.2,7.939394,17.46569896314299
48.2,8.140404,17.720398505581272
48.2,8.341414,17.967780134278915
48.2,8.542424,18.203618522264858
48.2,8.743434,18.3962436975527
48.2,8.944444,18.590714879584922
48.2,9.145455,18.76339197730532
48.2,9.346465,18.92699416123223
48.2,9.547475,19.08155375256417
48.2,9.748485,19.206875379846775
48.2,9.949495,19.332910407482384
48.2,10.15051,19.442928704295017
48.2,10.35152,19.550142334364594
48.2,10.55253,19.65023052601837
48.2,10.75354,19.730147260160724
48.2,10.95455,19.81079516761052
48.2,11.15556,19.883186353584218
48.2,11.35657,19.953409178836228
48.2,11.55758,20.020534315547
48.2,11.75859,20.07995352060621
48.2,11.9596,20.139483224776804
48.2,12.16061,20.194267314169508
48.2,12.36162,20.248893006646
48.2,12.56263,20.300929638808825
48.2,12.76364,20.34727783842332
48.2,12.96465,20.393936373497105
48.2,13.16566,20.438125617080885
48.2,13.36667,20.48170533675607
48.2,13.56768,20.524435646682118
48.2,13.76869,20.565496861677737
48.2,13.9697,20.60651820730015
48.2,14.17071,20.645771560802384
48.2,14.37172,20.685175534057073
48.2,14.57273,20.723249664031215
48.2,14.77374,20.75900398999984
48.2,14.97475,20.794958495085645
48.2,15.17576,20.8298329424057
48.2,15.37677,20.864397624509753
48.2,15.57778,20.898732442424823
48.2,15.77879,20.932717421168643
48.2,15.9798,20.96662246060688
48.2,16.18081,20.999558731318075
48.2,16.38182,21.032665295247853
48.2,16.58283,21.064791834161667
48.2,16.78384,21.095508321258436
48.2,16.98485,21.126414938450377
48.2,17.18586,21.15661128494528
48.2,17.38687,21.18659779926794
48.2,17.58788,21.216534300808704
48.2,17.78889,21.24640077456934
48.2,17.9899,21.27618730580939
48.2,18.19091,21.305264766425346
48.2,18.39192,21.334502376598547
48.2,18.59293,21.36284004073151
48.2,18.79394,21.390097762265032
48.2,18.99495,21.417555507477434
48.2,19.19596,21.444263311303892
48.2,19.39697,21.470861417061602
48.2,19.59798,21.49753857422517
48.2,19.79899,21.52430477310591
48.2,20.0,21.548891446718265
11.3,0.1,2.5900792197033247
11.3,0.3010101,2.934472328193478
11.3,0.5020202,3.074219963856605
11.3,0.7030303,2.4767532951413056
11.3,1.306061,2.347445670520394
11.3,1.507071,3.5973567014664187
11.3,1.708081,3.4169955969121006
11.3,1.909091,3.167951748477874
11.3,2.110101,2.9088625708134805
11.3,2.311111,2.671361459433634
11.3,2.512121,2.4690208282252484
11.3,2.713131,2.3146166748427173
11.3,2.914141,2.2068198192412245
11.3,3.115152,2.143186403400297
11.3,3.316162,2.1244911421968626
11.3,3.517172,2.1427610686057617
11.3,3.718182,2.200122658430841
11.3,3.919192,2.295135590019114
11.3,4.120202,2.4281631935066725
11.3,4.321212,2.6094736731556134
11.3,4.522222,2.8403700026034704
11.3,4.723232,3.135617268262863
11.3,4.924242,3.508772688528201
11.3,5.125253,3.967641855186298
11.3,5.326263,4.561013474009175
11.3,5.527273,5.241850778498987
11.3,5.728283,6.052435800932413
11.3,5.929293,7.009110329657267
11.3,6.130303,8.086221288231952
11.3,6.331313,9.273658000220145
11.3,6.532323,10.554965376085592
11.3,6.733333,11.906969164438756
11.3,6.934343,13.25913515321825
11.3,7.135354,14.534128878276956
11.3,7.336364,15.674958163103314
11.3,7.537374,16.637293821055625
11.3,7.738384,17.3801853933055
11.3,7.939394,17.903268795279732
11.3,8.140404,18.29896208102482
11.3,8.341414,18.599014478171704
11.3,8.542424,18.830237655793038
11.3,8.743434,19.01235555742745
11.3,8.944444,19.1570045859664
11.3,9.145455,19.28218100881424
11.3,9.346465,19.39220366857843
11.3,9.547475,19.49043169138594
11.3,9.748485,19.579344421066082
11.3,9.949495,19.659191655511243
11.3,10.15051,19.731733053445417
11.3,10.35152,19.801837101682253
11.3,10.55253,19.86953377015751
11.3,10.75354,19.930403937322723
11.3,10.95455,19.991265690611048
11.3,11.15556,20.047380252406032
11.3,11.35657,20.102116478854203
11.3,11.55758,20.155554313586066
11.3,11.75859,20.20576411384422
11.3,11.9596,20.255984920672756
11.3,12.16061,20.303427364364754
11.3,12.36162,20.350170789513346
11.3,12.56263,20.396055189953426
11.3,12.76364,20.440020673256644
11.3,12.96465,20.48399678522507
11.3,13.16566,20.526063793807154
11.3,13.36667,20.567731361796614
11.3,13.56768,20.608729482906167
11.3,13.76869,20.648418145682655
11.3,13.9697,20.688107181096274
11.3,14.17071,20.72631662391061
11.3,14.37172,20.764266358903605
11.3,14.57273,20.80165635835415
11.3,14.77374,20.83803656156049
11.3,14.97475,20.874426966924407
11.3,15.17576,20.90956746427981
11.3,15.37677,20.944538092529392
11.3,15.57778,20.97899880063136
11.3,15.77879,21.012669521018985
11.3,15.9798,21.046330338646662
11.3,16.18081,21.07891107388255
11.3,16.38182,21.11137185460814
11.3,16.58283,21.14337261504053
11.3,16.78384,21.174713302674935
11.3,16.98485,21.206064030164228
11.3,17.18586,21.236444606015663
11.3,17.38687,21.266755190441664
11.3,17.58788,21.296635713931533
11.3,17.78889,21.325976144622135
11.3,17.9899,21.35530658820953
11.3,18.19091,21.383776874570245
11.3,18.39192,21.412207158540717
11.3,18.59293,21.440227375424577
11.3,18.79394,21.46779751067342
11.3,18.99495,21.495357648846827
11.3,19.19596,21.522127654567694
11.3,19.39697,21.54887765827566
11.3,19.59798,21.575237613535943
11.3,19.79899,21.601197517646245
11.3,20.0,21.62714742298187
11.600000000000001,0.1,2.5291560761810956
11.600000000000001,0.3010101,3.3736707555921854
11.600000000000001,0.5020202,3.484429290655689
11.600000000000001,0.7030303,2.6806332882211668
11.600000000000001,1.306061,2.7726102672326642
11.600000000000001,1.507071,3.546792670842715
11.600000000000001,1.708081,3.374793704847624
11.600000000000001,1.909091,3.1435860755685274
11.600000000000001,2.110101,2.9035862346695964
11.600000000000001,2.311111,2.6854125495406764
11.600000000000001,2.512121,2.4996280176600423
11.600000000000001,2.713131,2.359058733690408
11.600000000000001,2.914141,2.263274696989341
11.600000000000001,3.115152,2.2092298534063177
11.600000000000001,3.316162,2.1978201702282556
11.600000000000001,3.517172,2.2214562895019077
11.600000000000001,3.718182,2.2829292629813747
11.600000000000001,3.919192,2.3814991092391073
11.600000000000001,4.120202,2.5175210773035106
11.600000000000001,4.321212,2.7011855280263877
11.600000000000001,4.522222,2.933802411694825
11.600000000000001,4.723232,3.2301943435677143
11.600000000000001,4.924242,3.6039484649881817
11.600000000000001,5.125253,4.062629295050041
11.600000000000001,5.326263,4.654641189911856
11.600000000000001,5.527273,5.333694331383505
11.600000000000001,5.728283,6.140415590205526
11.600000000000001,5.929293,7.089323886263856
11.600000000000001,6.130303,8.158205539644452
11.600000000000001,6.331313,9.328491462513995
11.600000000000001,6.532323,10.595801574167217
11.600000000000001,6.733333,11.928245500847765
11.600000000000001,6.934343,13.257408897054804
11.600000000000001,7.135354,14.517824943236793
11.600000000000001,7.336364,15.644003520312442
11.600000000000001,7.537374,16.602112821434897
11.600000000000001,7.738384,17.346525547106484
11.600000000000001,7.939394,17.874750509361082
11.600000000000001,8.140404,18.274698545704354
11.600000000000001,8.341414,18.580396239333634
11.600000000000001,8.542424,18.81466857678688
11.600000000000001,8.743434,18.999536683335208
11.600000000000001,8.944444,19.146187311525495
11.600000000000001,9.145455,19.272546950072133
11.600000000000001,9.346465,19.383902781022112
11.600000000000001,9.547475,19.482805460703823
11.600000000000001,9.748485,19.572373088285918
11.600000000000001,9.949495,19.644299724530924
11.600000000000001,10.15051,19.72258463896882
11.600000000000001,10.35152,19.79589335802004
11.600000000000001,10.55253,19.8639763426031
11.600000000000001,10.75354,19.924923811274347
11.600000000000001,10.95455,19.986132270127854
11.600000000000001,11.15556,20.0425239640214
11.600000000000001,11.35657,20.097437707483035
11.600000000000001,11.55758,20.15087361972029
11.600000000000001,11.75859,20.20115150902932
11.600000000000001,11.9596,20.25158014275781
11.600000000000001,12.16061,20.29923066492885
11.600000000000001,12.36162,20.346122386984373
11.600000000000001,12.56263,20.392005381850876
11.600000000000001,12.76364,20.436029495198
11.600000000000001,12.96465,20.480204122056534
11.600000000000001,13.16566,20.522479825729164
11.600000000000001,13.36667,20.564286223493827
11.600000000000001,13.56768,20.605283339170082
11.600000000000001,13.76869,20.645041049469828
11.600000000000001,13.9697,20.684939102888475
11.600000000000001,14.17071,20.723357709523547
11.600000000000001,14.37172,20.761436683842422
11.600000000000001,14.57273,20.798815997838357
11.600000000000001,14.77374,20.835285585390082
11.600000000000001,14.97475,20.871875406032416
11.600000000000001,15.17576,20.907225436348146
11.600000000000001,15.37677,20.94231562138908
11.600000000000001,15.57778,20.976775893446135
11.600000000000001,15.77879,21.01051626145387
11.600000000000001,15.9798,21.044366797914808
11.600000000000001,16.18081,21.077127339230284
11.600000000000001,16.38182,21.109687906631546
11.600000000000001,16.58283,21.141688413792565
11.600000000000001,16.78384,21.173108939865042
11.600000000000001,16.98485,21.20461959731011
11.600000000000001,17.18586,21.235150161098495
11.600000000000001,17.38687,21.265550683321145
11.600000000000001,17.58788,21.29543107856142
11.600000000000001,17.78889,21.324821474660677
11.600000000000001,17.9899,21.354301979315764
11.600000000000001,18.19091,21.382892361534907
11.600000000000001,18.39192,21.411382673244976
11.600000000000001,18.59293,21.439402842117733
11.600000000000001,18.79394,21.467023020838578
11.600000000000001,18.99495,21.494693292799525
11.600000000000001,19.19596,21.52155345514979
11.600000000000001,19.39697,21.548353536930794
11.600000000000001,19.59798,21.57471349119861
11.600000000000001,19.79899,21.59883347776523
11.600000000000001,20.0,21.621073543673266
11.9,0.1,2.169484635952564
11.9,0.3010101,2.6657714065532736
11.9,0.5020202,2.845346366068534
11.9,0.7030303,2.6037848362730323
11.9,1.306061,2.7919990371484182
11.9,1.507071,3.5014090003502676
11.9,1.708081,3.3408069548813044
11.9,1.909091,3.1247609283959723
11.9,2.110101,2.9029405083139577
11.9,2.311111,2.7018708346171048
11.9,2.512121,2.5331167842821563
11.9,2.713131,2.4075361936344555
11.9,2.914141,2.3232654466428975
11.9,3.115152,2.2789815743863167
11.9,3.316162,2.2749706218084436
11.9,3.517172,2.3048210032460146
11.9,3.718182,2.371410386162688
11.9,3.919192,2.473914452999542
11.9,4.120202,2.613299710970908
11.9,4.321212,2.7996178726955314
11.9,4.522222,3.0343739997002594
11.9,4.723232,3.3323079487435443
11.9,4.924242,3.7067351107952207
11.9,5.125253,4.165169495213929
11.9,5.326263,4.723982259943936
11.9,5.527273,5.431447157693669
11.9,5.728283,6.233147969914617
11.9,5.929293,7.176706424663475
11.9,6.130303,8.228573567156813
11.9,6.331313,9.393159536978652
11.9,6.532323,10.635997927754024
11.9,6.733333,11.948517556165424
11.9,6.934343,13.26315827723939
11.9,7.135354,14.496666028794099
11.9,7.336364,15.617519984175875
11.9,7.537374,16.568244680834034
11.9,7.738384,17.313688790891106
11.9,7.939394,17.84547621393047
11.9,8.140404,18.252736093344836
11.9,8.341414,18.560332569628294
11.9,8.542424,18.799691471618853
11.9,8.743434,18.986970093733635
11.9,8.944444,19.13507303668036
11.9,9.145455,19.263574231488445
11.9,9.346465,19.375384847396248
11.9,9.547475,19.475471078963995
11.9,9.748485,19.565563850170655
11.9,9.949495,19.64347370870123
11.9,10.15051,19.713828511366312
11.9,10.35152,19.78600421116496
11.9,10.55253,19.858681223277355
11.9,10.75354,19.91995529229221
11.9,10.95455,19.981161373557722
11.9,11.15556,20.037550881659026
11.9,11.35657,20.092532326009387
11.9,11.55758,20.14638520791228
11.9,11.75859,20.19686087649856
11.9,11.9596,20.247297769479935
11.9,12.16061,20.29494669626776
11.9,12.36162,20.34189676887108
11.9,12.56263,20.3881277649134
11.9,12.76364,20.43233035322189
11.9,12.96465,20.476503699689903
11.9,13.16566,20.518768240427576
11.9,13.36667,20.56064345480259
11.9,13.56768,20.601999240234363
11.9,13.76869,20.641915917612756
11.9,13.9697,20.68181305036742
11.9,14.17071,20.720230834440404
11.9,14.37172,20.758388994433435
11.9,14.57273,20.796137490748745
11.9,14.77374,20.83275642504838
11.9,14.97475,20.86934561257729
11.9,15.17576,20.904695090408826
11.9,15.37677,20.939854758162245
11.9,15.57778,20.97467461917085
11.9,15.77879,21.008544620510197
11.9,15.9798,21.042404746850924
11.9,16.18081,21.075164941136645
11.9,16.38182,21.107805218650608
11.9,16.58283,21.140125614762617
11.9,16.78384,21.171645973217796
11.9,16.98485,21.203156383785167
11.9,17.18586,21.23369674744286
11.9,17.38687,21.264147140883804
11.9,17.58788,21.29430762179101
11.9,17.78889,21.32378797549137
11.9,17.9899,21.353258345709325
11.9,18.19091,21.381848626500734
11.9,18.39192,21.41038891486451
11.9,18.59293,21.438639281970737
11.9,18.79394,21.46631948970719
11.9,18.99495,21.49398970036717
11.9,19.19596,21.52084982306082
11.9,19.39697,21.54768994694484
11.9,19.59798,21.57423014938598
11.9,19.79899,21.596510198102024
11.9,20.0,21.61875024705794
12.200000000000001,0.1,2.2670800981621437
12.200000000000001,0.3010101,3.042861547440595
12.200000000000001,0.5020202,3.155920831887204
12.200000000000001,0.7030303,2.9062422788117765
12.200000000000001,0.9040404,0.17088126476558427
12.200000000000001,1.306061,2.9837057961275573
12.200000000000001,1.507071,3.450947923628917
12.200000000000001,1.708081,3.312787734895154
12.200000000000001,1.909091,3.113165509195355
12.200000000000001,2.110101,2.9062955756318343
12.200000000000001,2.311111,2.722173077882533
12.200000000000001,2.512121,2.57010977600993
12.200000000000001,2.713131,2.459015238310477
12.200000000000001,2.914141,2.387080627211716
12.200000000000001,3.115152,2.3517608824517153
12.200000000000001,3.316162,2.355614608681027
12.200000000000001,3.517172,2.3924145666782413
12.200000000000001,3.718182,2.4646304658545732
12.200000000000001,3.919192,2.5717920429230103
12.200000000000001,4.120202,2.7146571791240404
12.200000000000001,4.321212,2.903958993928403
12.200000000000001,4.522222,3.14134434021702
12.200000000000001,4.723232,3.4411141265772813
12.200000000000001,4.924242,3.8163629435448474
12.200000000000001,5.125253,4.2745224987128
12.200000000000001,5.326263,4.830645805023256
12.200000000000001,5.527273,5.53622472862421
12.200000000000001,5.728283,6.331885997792538
12.200000000000001,5.929293,7.262970222430619
12.200000000000001,6.130303,8.311538318295963
12.200000000000001,6.331313,9.450981018688871
12.200000000000001,6.532323,10.68380553239211
12.200000000000001,6.733333,11.973466060249542
12.200000000000001,6.934343,13.259457865670639
12.200000000000001,7.135354,14.488255899210932
12.200000000000001,7.336364,15.588549928957402
12.200000000000001,7.537374,16.53535796592092
12.200000000000001,7.738384,17.28153372550796
12.200000000000001,7.939394,17.81894188045275
12.200000000000001,8.140404,18.22780847863334
12.200000000000001,8.341414,18.54267805566306
12.200000000000001,8.542424,18.783887316594498
12.200000000000001,8.743434,18.9743852724804
12.200000000000001,8.944444,19.124939000191173
12.200000000000001,9.145455,19.253924504483187
12.200000000000001,9.346465,19.36754731382407
12.200000000000001,9.547475,19.468028829272285
12.200000000000001,9.748485,19.558906175656702
12.200000000000001,9.949495,19.637401346296134
12.200000000000001,10.15051,19.708142108790756
12.200000000000001,10.35152,19.780703834799844
12.200000000000001,10.55253,19.853378003010462
12.200000000000001,10.75354,19.914908867370553
12.200000000000001,10.95455,19.976351926482167
12.200000000000001,11.15556,20.032809149526617
12.200000000000001,11.35657,20.08802788041744
12.200000000000001,11.55758,20.14193868258073
12.200000000000001,11.75859,20.192562187346056
12.200000000000001,11.9596,20.2431370476376
12.200000000000001,12.16061,20.29084433095621
12.200000000000001,12.36162,20.337972548686036
12.200000000000001,12.56263,20.384242051525256
12.200000000000001,12.76364,20.428583106776603
12.200000000000001,12.96465,20.472875021745843
12.200000000000001,13.16566,20.515208370433395
12.200000000000001,13.36667,20.55725228224902
12.200000000000001,13.56768,20.598636988567804
12.200000000000001,13.76869,20.638712584672703
12.200000000000001,13.9697,20.678728716123416
12.200000000000001,14.17071,20.717205661373185
12.200000000000001,14.37172,20.755552934833126
12.200000000000001,14.57273,20.79332067206871
12.200000000000001,14.77374,20.830098884996634
12.200000000000001,14.97475,20.866807407862964
12.200000000000001,15.17576,20.902226332421264
12.200000000000001,15.37677,20.93757544564673
12.200000000000001,15.57778,20.97241479787409
12.200000000000001,15.77879,21.00644436619414
12.200000000000001,15.9798,21.040404089147426
12.200000000000001,16.18081,21.073233952647342
12.200000000000001,16.38182,21.106033930353828
12.200000000000001,16.58283,21.138374004994724
12.200000000000001,16.78384,21.170044147074044
12.200000000000001,16.98485,21.201644343785638
12.200000000000001,17.18586,21.23224453822269
12.200000000000001,17.38687,21.26284481132407
12.200000000000001,17.58788,21.293005102426232
12.200000000000001,17.78889,21.322605388722046
12.200000000000001,17.9899,21.35215567141515
12.200000000000001,18.19091,21.380795891575254
12.200000000000001,18.39192,21.40945617430025
12.200000000000001,18.59293,21.437716438701596
12.200000000000001,18.79394,21.465486671974777
12.200000000000001,18.99495,21.493206872130866
12.200000000000001,19.19596,21.520116999560386
12.200000000000001,19.39697,21.547047179989484
12.200000000000001,19.59798,21.573587333394027
12.200000000000001,19.79899,21.599717455579356
12.200000000000001,20.0,21.623907534709407
48.5,0.1,4.577429551527817
48.5,0.3010101,6.097649972555325
48.5,0.5020202,6.718835532546614
48.5,0.7030303,7.116307972102719
48.5,0.9040404,7.451296643565252
48.5,1.105051,7.753219056067093
48.5,1.306061,8.02549248533341
48.5,1.507071,8.297934848555133
48.5,1.708081,8.559810993132777
48.5,1.909091,8.807244563231093
48.5,2.110101,9.04199810610119
48.5,2.311111,9.297628617081225
48.5,2.512121,9.565827133085108
48.5,2.713131,9.840718556945943
48.5,2.914141,10.121617980577932
48.5,3.115152,10.389838906353729
48.5,3.316162,10.648614218074808
48.5,3.517172,10.917568748504351
48.5,3.718182,11.19710786911704
48.5,3.919192,11.478950041499571
48.5,4.120202,11.759025791747666
48.5,4.321212,12.03790799957369
48.5,4.522222,12.331757275325275
48.5,4.723232,12.63526113735667
48.5,4.924242,12.929159007691824
48.5,5.125253,13.225739741067242
48.5,5.326263,13.527533189370825
48.5,5.527273,13.831337746941655
48.5,5.728283,14.148143810795391
48.5,5.929293,14.471680165020546
48.5,6.130303,14.790740489465973
48.5,6.331313,15.107359023327003
48.5,6.532323,15.420692262699454
48.5,6.733333,15.732335956052536
48.5,6.934343,16.0405003556168
48.5,7.135354,16.34001271450562
48.5,7.336364,16.63617890264367
48.5,7.537374,16.918372577947277
48.5,7.738384,17.193383619772813
48.5,7.939394,17.46807894689401
48.5,8.140404,17.723697857490944
48.5,8.341414,17.971090005969746
48.5,8.542424,18.179669369924635
48.5,8.743434,18.372304913071527
48.5,8.944444,18.58049203796691
48.5,9.145455,18.75809804471641
48.5,9.346465,18.921690925646214
48.5,9.547475,19.072046414483044
48.5,9.748485,19.202658403450144
48.5,9.949495,19.327973876081586
48.5,10.15051,19.439742297747877
48.5,10.35152,19.546956190308503
48.5,10.55253,19.63345932683455
48.5,10.75354,19.713386086328832
48.5,10.95455,19.804668714295282
48.5,11.15556,19.88042862401982
48.5,11.35657,19.95064171149525
48.5,11.55758,20.017789017980178
48.5,11.75859,20.07865828657299
48.5,11.9596,20.138078304975853
48.5,12.16061,20.193662756358684
48.5,12.36162,20.248278558270524
48.5,12.56263,20.296206200587473
48.5,12.76364,20.34255447334722
48.5,12.96465,20.392642039703855
48.5,13.16566,20.43751127642071
48.5,13.36667,20.481091088595875
48.5,13.56768,20.523962291666706
48.5,13.76869,20.56529362610345
48.5,13.9697,20.606355090761706
48.5,14.17071,20.646008661493937
48.5,14.37172,20.6854026792618
48.5,14.57273,20.72166693174325
48.5,14.77374,20.75742129896303
48.5,14.97475,20.794815602706297
48.5,15.17576,20.8297602065089
48.5,15.37677,20.86432493095604
48.5,15.57778,20.898700318454846
48.5,15.77879,20.932715387592822
48.5,15.9798,20.96669048074283
48.5,16.18081,20.999886883811072
48.5,16.38182,21.032993469348
48.5,16.58283,21.063929948238275
48.5,16.78384,21.094646458564853
48.5,16.98485,21.12643296525507
48.5,17.18586,21.156559459469047
48.5,17.38687,21.186545997773973
48.5,17.58788,21.21646286303978
48.5,17.78889,21.24633938276264
48.5,17.9899,21.2762059280663
48.5,18.19091,21.305483474108218
48.5,18.39192,21.33472109763376
48.5,18.59293,21.36206880429288
48.5,18.79394,21.389336538361356
48.5,18.99495,21.417504083856407
48.5,19.19596,21.444142168003314
48.5,19.39697,21.47074028410632
48.5,19.59798,21.497497870173085
48.5,19.79899,21.52425409596362
48.5,20.0,21.5510203798659
48.8,0.1,4.595962640971324
48.8,0.3010101,6.124626053133514
48.8,0.5020202,6.74954345643142
48.8,0.7030303,7.1482210362244745
48.8,0.9040404,7.488120967177967
48.8,1.105051,7.7861037478837165
48.8,1.306061,8.058344446234686
48.8,1.507071,8.330609812874483
48.8,1.708081,8.56658528897038
48.8,1.909091,8.789993304712137
48.8,2.110101,9.033135920049105
48.8,2.311111,9.314008943862015
48.8,2.512121,9.594892075694858
48.8,2.713131,9.875782538759086
48.8,2.914141,10.156680641704583
48.8,3.115152,10.424899848328232
48.8,3.316162,10.68942708793027
48.8,3.517172,10.965671844667215
48.8,3.718182,11.241919065592002
48.8,3.919192,11.522879438146568
48.8,4.120202,11.802946101160863
48.8,4.321212,12.090553158199775
48.8,4.522222,12.392336305452284
48.8,4.723232,12.680303521670611
48.8,4.924242,12.968274466198482
48.8,5.125253,13.264858146914756
48.8,5.326263,13.567855324085347
48.8,5.527273,13.87281221622192
48.8,5.728283,14.177770506262913
48.8,5.929293,14.499295305662182
48.8,6.130303,14.818357099322224
48.8,6.331313,15.132957538236465
48.8,6.532323,15.443760799105846
48.8,6.733333,15.750196651835134
48.8,6.934343,16.05664422919826
48.8,7.135354,16.35615683861015
48.8,7.336364,16.643530757251607
48.8,7.537374,16.919256388310885
48.8,7.738384,17.194990660283345
48.8,7.939394,17.469747625792422
48.8,8.140404,17.725367098280994
48.8,8.341414,17.947850305381806
48.8,8.542424,18.14503898424672
48.8,8.743434,18.359318931552288
48.8,8.944444,18.573595262579133
48.8,9.145455,18.751202102587325
48.8,9.346465,18.9061410524366
48.8,9.547475,19.051689763256057
48.8,9.748485,19.19723212701884
48.8,9.949495,19.32270789947667
48.8,10.15051,19.434476570797955
48.8,10.35152,19.52790565918491
48.8,10.55253,19.611689109694296
48.8,10.75354,19.706388614104817
48.8,10.95455,19.80108995284916
48.8,11.15556,19.87685017525799
48.8,11.35657,19.944995792178577
48.8,11.55758,20.011294165867213
48.8,11.75859,20.07731325238252
48.8,11.9596,20.13672342427863
48.8,12.16061,20.192307998786987
48.8,12.36162,20.242334944822467
48.8,12.56263,20.290102622539198
48.8,12.76364,20.341019756061552
48.8,12.96465,20.39192722165952
48.8,13.16566,20.43679656378294
48.8,13.36667,20.479887293357425
48.8,13.56768,20.52261879881084
48.8,13.76869,20.565190446577606
48.8,13.9697,20.606251975700946
48.8,14.17071,20.645905596399984
48.8,14.37172,20.683089758208048
48.8,14.57273,20.719524010454442
48.8,14.77374,20.757168242009918
48.8,14.97475,20.794802571319032
48.8,15.17576,20.829757222053313
48.8,15.37677,20.864182406643867
48.8,15.57778,20.898537904430373
48.8,15.77879,20.932833395530732
48.8,15.9798,20.966808520129458
48.8,16.18081,21.000004946878153
48.8,16.38182,21.031541446632023
48.8,16.58283,21.062737912579358
48.8,16.78384,21.094614393476515
48.8,16.98485,21.126480922276038
48.8,17.18586,21.15660744319722
48.8,17.38687,21.186544212175505
48.8,17.58788,21.21646111872976
48.8,17.78889,21.24636798275853
48.8,17.9899,21.276234547896234
48.8,18.19091,21.30551210842152
48.8,18.39192,21.33335978800378
48.8,18.59293,21.361057406944695
48.8,18.79394,21.389254934207507
48.8,18.99495,21.417462491118282
48.8,19.19596,21.444090589741208
48.8,19.39697,21.470808312036876
48.8,19.59798,21.49756591279717
48.8,19.79899,21.52432320558782
48.8,20.0,21.551079506155645
49.099999999999994,0.1,4.613749938280036
49.099999999999994,0.3010101,6.151663162221546
49.099999999999994,0.5020202,6.780149975843504
49.099999999999994,0.7030303,7.180328313964934
49.099999999999994,0.9040404,7.517440979534043
49.099999999999994,1.105051,7.820443135146893
49.099999999999994,1.306061,8.093260281653434
49.099999999999994,1.507071,8.368685112209395
49.099999999999994,1.708081,8.6369473824295
49.099999999999994,1.909091,8.889568790777812
49.099999999999994,2.110101,9.12475016127541
49.099999999999994,2.311111,9.381581450515228
49.099999999999994,2.512121,9.640985899471518
49.099999999999994,2.713131,9.91085062554972
49.099999999999994,2.914141,10.191746345350904
49.099999999999994,3.115152,10.461282117984311
49.099999999999994,3.316162,10.737524116580387
49.099999999999994,3.517172,11.013768766467846
49.099999999999994,3.718182,11.290015875226455
49.099999999999994,3.919192,11.566800921336702
49.099999999999994,4.120202,11.849351122762021
49.099999999999994,4.321212,12.14348343958051
49.099999999999994,4.522222,12.431449871507173
49.099999999999994,4.723232,12.719420140192481
49.099999999999994,4.924242,13.007383992866068
49.099999999999994,5.125253,13.304374114454209
49.099999999999994,5.326263,13.609331084513448
49.099999999999994,5.527273,13.914289475494744
49.099999999999994,5.728283,14.219249194093186
49.099999999999994,5.929293,14.526911376322536
49.099999999999994,6.130303,14.845223562947988
49.099999999999994,6.331313,15.153460317720667
49.099999999999994,6.532323,15.459894473519457
49.099999999999994,6.733333,15.766340451671512
49.099999999999994,6.934343,16.07277815418951
49.099999999999994,7.135354,16.368695676743435
49.099999999999994,7.336364,16.644413524621484
49.099999999999994,7.537374,16.920140405913447
49.099999999999994,7.738384,17.1958758875807
49.099999999999994,7.939394,17.471416350068107
49.099999999999994,8.140404,17.716026672045896
49.099999999999994,8.341414,17.92387623732524
49.099999999999994,8.542424,18.138140515381902
49.099999999999994,8.743434,18.35242138412607
49.099999999999994,8.944444,18.566708617148727
49.099999999999994,9.145455,18.74022889220758
49.099999999999994,9.346465,18.88577414479903
49.099999999999994,9.547475,19.031323134701477
49.099999999999994,9.748485,19.176865777210608
49.099999999999994,9.949495,19.317441948842703
49.099999999999994,10.15051,19.422343440497333
49.099999999999994,10.35152,19.513411604234093
49.099999999999994,10.55253,19.60810964750392
49.099999999999994,10.75354,19.7028195466603
49.099999999999994,10.95455,19.797521276316974
49.099999999999994,11.15556,19.872193009041236
49.099999999999994,11.35657,19.93850082616109
49.099999999999994,11.55758,20.00480934421002
49.099999999999994,11.75859,20.071108557626985
49.099999999999994,11.9596,20.13537858037829
49.099999999999994,12.16061,20.188463846177598
49.099999999999994,12.36162,20.238480685674
49.099999999999994,12.56263,20.289387607108665
49.099999999999994,12.76364,20.340294862378514
49.099999999999994,12.96465,20.39121244886549
49.099999999999994,13.16566,20.43580236062886
49.099999999999994,13.36667,20.47853375974593
49.099999999999994,13.56768,20.521265332417997
49.099999999999994,13.76869,20.56399707751504
49.099999999999994,13.9697,20.606148883392628
49.099999999999994,14.17071,20.64451261086499
49.099999999999994,14.37172,20.68187672255132
49.099999999999994,14.57273,20.719520905420627
49.099999999999994,14.77374,20.757155186440016
49.099999999999994,14.97475,20.794799564855218
49.099999999999994,15.17576,20.82966451154229
49.099999999999994,15.37677,20.864019975933772
49.099999999999994,15.57778,20.89836550775985
49.099999999999994,15.77879,20.93272110656645
49.099999999999994,15.9798,20.96691657169532
49.099999999999994,16.18081,20.999152955186638
49.099999999999994,16.38182,21.030919371831295
49.099999999999994,16.58283,21.06278583133987
49.099999999999994,16.78384,21.094662338750116
49.099999999999994,16.98485,21.126528893981654
49.099999999999994,17.18586,21.156635570263422
49.099999999999994,17.38687,21.186542457794296
49.099999999999994,17.58788,21.21645938595122
49.099999999999994,17.78889,21.246376354556595
49.099999999999994,17.9899,21.27626317533355
49.099999999999994,18.19091,21.304650777294214
49.099999999999994,18.39192,21.33280827338238
49.099999999999994,18.59293,21.36100578908576
49.099999999999994,18.79394,21.389203334559333
49.099999999999994,18.99495,21.41741090963312
49.099999999999994,19.19596,21.44411875559831
49.099999999999994,19.39697,21.47087634949072
49.099999999999994,19.59798,21.497633973377123
49.099999999999994,19.79899,21.524381627162278
49.099999999999994,20.0,21.551148636190927
49.400000000000006,0.1,4.632994167643512
49.400000000000006,0.3010101,6.179051563850747
49.400000000000006,0.5020202,6.809948869007259
49.400000000000006,0.7030303,7.213286544630825
49.400000000000006,0.9040404,7.555200806082643
49.400000000000006,1.105051,7.855752492645832
49.400000000000006,1.306061,8.131672131883091
49.400000000000006,1.507071,8.40710072219013
49.400000000000006,1.708081,8.6753515568732
49.400000000000006,1.909091,8.941198467319474
49.400000000000006,2.110101,9.198628884232075
49.400000000000006,2.311111,9.454307804110199
49.400000000000006,2.512121,9.711123728130506
49.400000000000006,2.713131,9.970675683482098
49.400000000000006,2.914141,10.228411367369722
49.400000000000006,3.115152,10.478292841317662
49.400000000000006,3.316162,10.754534453953918
49.400000000000006,3.517172,11.030778733124716
49.400000000000006,3.718182,11.30703548315858
49.400000000000006,3.919192,11.610115450391813
49.400000000000006,4.120202,11.889129145072225
49.400000000000006,4.321212,12.177094359863666
49.400000000000006,4.522222,12.465063545942883
49.400000000000006,4.723232,12.753036432281304
49.400000000000006,4.924242,13.041012777666753
49.400000000000006,5.125253,13.339569219632363
49.400000000000006,5.326263,13.64452761460575
49.400000000000006,5.527273,13.949487366482078
49.400000000000006,5.728283,14.25444838635961
49.400000000000006,5.929293,14.555611939699764
49.400000000000006,6.130303,14.860365183023886
49.400000000000006,6.331313,15.166797266964359
49.400000000000006,6.532323,15.473241293268021
49.400000000000006,6.733333,15.779677148414395
49.400000000000006,6.934343,16.086114729726614
49.400000000000006,7.135354,16.371866997731722
49.400000000000006,7.336364,16.64758524598617
49.400000000000006,7.537374,16.923312515950098
49.400000000000006,7.738384,17.199048370749225
49.400000000000006,7.939394,17.47315801259852
49.400000000000006,8.140404,17.70519046330943
49.400000000000006,8.341414,17.91945878733451
49.400000000000006,8.542424,18.133733921755983
49.400000000000006,8.743434,18.348005629786257
49.400000000000006,8.944444,18.562293683559226
49.400000000000006,9.145455,18.726840386276766
49.400000000000006,9.346465,18.8723759957568
49.400000000000006,9.547475,19.017925338289327
49.400000000000006,9.748485,19.163478330244864
49.400000000000006,9.949495,19.30772525190087
49.400000000000006,10.15051,19.416215751352222
49.400000000000006,10.35152,19.510912294335505
49.400000000000006,10.55253,19.605620716871417
49.400000000000006,10.75354,19.7003209931347
49.400000000000006,10.95455,19.79503309669884
49.400000000000006,11.15556,19.867757254701335
49.400000000000006,11.35657,19.93405523846987
49.400000000000006,11.55758,20.000363923253246
49.400000000000006,11.75859,20.066673301098586
49.400000000000006,11.9596,20.132613793396313
49.400000000000006,12.16061,20.18716935342515
49.400000000000006,12.36162,20.238076050235343
49.400000000000006,12.56263,20.288983082852052
49.400000000000006,12.76364,20.339900448632044
49.400000000000006,12.96465,20.390808145096365
49.400000000000006,13.16566,20.434978850751218
49.400000000000006,13.36667,20.477710316193857
49.400000000000006,13.56768,20.520441954921882
49.400000000000006,13.76869,20.563173765807242
49.400000000000006,13.9697,20.605765897728563
49.400000000000006,14.17071,20.64434979644369
49.400000000000006,14.37172,20.68198392522808
49.400000000000006,14.57273,20.719628152309166
49.400000000000006,14.77374,20.757272477333604
49.400000000000006,14.97475,20.794906899811725
49.400000000000006,15.17576,20.829672212775872
49.400000000000006,15.37677,20.864027709152097
49.400000000000006,15.57778,20.89837327285625
49.400000000000006,15.77879,20.9327289034375
49.400000000000006,15.9798,20.966984657936983
49.400000000000006,16.18081,20.999161081220567
49.400000000000006,16.38182,21.03103751609852
49.400000000000006,16.58283,21.062903999163805
49.400000000000006,16.78384,21.09478053006017
49.400000000000006,16.98485,21.126647108705846
49.400000000000006,17.18586,21.156713956827613
49.400000000000006,17.38687,21.186630864125927
49.400000000000006,17.58788,21.216537812048454
49.400000000000006,17.78889,21.246454800371215
49.400000000000006,17.9899,21.27628184245852
49.400000000000006,18.19091,21.304599327376398
49.400000000000006,18.39192,21.33280682938936
49.400000000000006,18.59293,21.361004361303834
49.400000000000006,18.79394,21.389201922945137
49.400000000000006,18.99495,21.417409514176878
49.400000000000006,19.19596,21.44419709847565
49.400000000000006,19.39697,21.470954711833954
49.400000000000006,19.59798,21.497702355216685
49.400000000000006,19.79899,21.52446002838434
49.400000000000006,20.0,21.551127866645366
49.7,0.1,4.651057721011386
49.7,0.3010101,6.206612966660729
49.7,0.5020202,6.841289327388758
49.7,0.7030303,7.245574841266235
49.7,0.9040404,7.58978588249715
49.7,1.105051,7.890989410791703
49.7,1.306061,8.167935593447488
49.7,1.507071,8.444566178989128
49.7,1.708081,8.711721335975284
49.7,1.909091,8.973287446404042
49.7,2.110101,9.230127014973418
49.7,2.311111,9.478023376541609
49.7,2.512121,9.729660957191966
49.7,2.713131,9.969337462071637
49.7,2.914141,10.186141395244732
49.7,3.115152,10.433124399581658
49.7,3.316162,10.738609916492823
49.7,3.517172,11.071593108766598
49.7,3.718182,11.368079099195205
49.7,3.919192,11.638998829389896
49.7,4.120202,11.917590932873932
49.7,4.321212,12.201360799110345
49.7,4.522222,12.487691540735657
49.7,4.723232,12.775666343113114
49.7,4.924242,13.063634513991305
49.7,5.125253,13.362202415674771
49.7,5.326263,13.667152047306251
49.7,5.527273,13.972112976069612
49.7,5.728283,14.260430998214364
49.7,5.929293,14.539313194433923
49.7,6.130303,14.846497335220285
49.7,6.331313,15.169047883110387
49.7,6.532323,15.48098447737224
49.7,6.733333,15.787419702983756
49.7,6.934343,16.093866673086197
49.7,7.135354,16.379607800391067
49.7,7.336364,16.65532467322819
49.7,7.537374,16.93105060693791
49.7,7.738384,17.201038886029075
49.7,7.939394,17.468439996689114
49.7,8.140404,17.701181918844636
49.7,8.341414,17.9189763374888
49.7,8.542424,18.13428090790454
49.7,8.743434,18.34856328908376
49.7,8.944444,18.562842001445173
49.7,9.145455,18.727389255879494
49.7,9.346465,18.872935370492318
49.7,9.547475,19.018475212167164
49.7,9.748485,19.16010984064119
49.7,9.949495,19.300358284063034
49.7,10.15051,19.410028735914594
49.7,10.35152,19.509444288147215
49.7,10.55253,19.605282750614098
49.7,10.75354,19.69999336807827
49.7,10.95455,19.794695808717048
49.7,11.15556,19.867430205369168
49.7,11.35657,19.93372839910663
49.7,11.55758,20.00003729127291
49.7,11.75859,20.065368040264335
49.7,11.9596,20.13043970273705
49.7,12.16061,20.18547540481048
49.7,12.36162,20.238002332974936
49.7,12.56263,20.289209481430955
49.7,12.76364,20.340126936048286
49.7,12.96465,20.391034721151545
49.7,13.16566,20.435205495277735
49.7,13.36667,20.47793702475851
49.7,13.56768,20.520668727255718
49.7,13.76869,20.563060969336394
49.7,13.9697,20.60540343674751
49.7,14.17071,20.644147438344966
49.7,14.37172,20.682271782784436
49.7,14.57273,20.719976068839433
49.7,14.77374,20.75762042746112
49.7,14.97475,20.795254883411822
49.7,15.17576,20.830020224993852
49.7,15.37677,20.86437574921365
49.7,15.57778,20.898721340706444
49.7,15.77879,20.932867128435696
49.7,15.9798,20.966972994954816
49.7,16.18081,20.999229506908915
49.7,16.38182,21.031276129088827
49.7,16.58283,21.063162644748648
49.7,16.78384,21.095029193174298
49.7,16.98485,21.126905789163384
49.7,17.18586,21.156962653602847
49.7,17.38687,21.186879576944804
49.7,17.58788,21.21679654087468
49.7,17.78889,21.246523573806826
49.7,17.9899,21.276230648096
49.7,18.19091,21.304598174622758
49.7,18.39192,21.332895751797093
49.7,18.59293,21.36109329835991
49.7,18.79394,21.3893008720511
49.7,18.99495,21.417498475405043
49.7,19.19596,21.444286071885838
49.7,19.39697,21.471043697400074
49.7,19.59798,21.497801352860584
49.7,19.79899,21.52436930960914
49.7,20.0,21.55093729249431
50.0,0.1,4.669598223387238
50.0,0.3010101,6.234135175092797
50.0,0.5020202,6.872921825802314
50.0,0.7030303,7.278711829039056
50.0,0.9040404,7.619338042304035
50.0,1.105051,7.92525589278147
50.0,1.306061,8.202198769661749
50.0,1.507071,8.478952029908774
50.0,1.708081,8.74338588228435
50.0,1.909091,9.004675781040335
50.0,2.110101,9.261472237532194
50.0,2.311111,9.509366813522034
50.0,2.512121,9.760567514529983
50.0,2.713131,10.032000658583478
50.0,2.914141,10.249437064816084
50.0,3.115152,10.527154452496237
50.0,3.316162,10.85513949149238
50.0,3.517172,11.126054962752976
50.0,3.718182,11.396962837086955
50.0,3.919192,11.667872942883255
50.0,4.120202,11.94647620524243
50.0,4.321212,12.230247704652198
50.0,4.522222,12.514024111893802
50.0,4.723232,12.798288012438285
50.0,4.924242,13.086267960028302
50.0,5.125253,13.384827283927176
50.0,5.326263,13.68637933040393
50.0,5.527273,13.965260554189566
50.0,5.728283,14.244142572986748
50.0,5.929293,14.523025341016917
50.0,6.130303,14.830209953026225
50.0,6.331313,15.152750912211195
50.0,6.532323,15.47530207746736
50.0,6.733333,15.795172477772711
50.0,6.934343,16.101608839368524
50.0,7.135354,16.387358818744328
50.0,7.336364,16.661559581196542
50.0,7.537374,16.928939485659452
50.0,7.738384,17.196320461358198
50.0,7.939394,17.463712001398747
50.0,8.140404,17.696464311132488
50.0,8.341414,17.91425909780526
50.0,8.542424,18.132061143827784
50.0,8.743434,18.349111020878535
50.0,8.944444,18.563400388781428
50.0,9.145455,18.727938193803908
50.0,9.346465,18.87225521226746
50.0,9.547475,19.012497160222964
50.0,9.748485,19.15274256591113
50.0,9.949495,19.292991352219623
50.0,10.15051,19.402662091398465
50.0,10.35152,19.502077911788643
50.0,10.55253,19.60149572560678
50.0,10.75354,19.69965580678737
50.0,10.95455,19.794368584435627
50.0,11.15556,19.86709321991819
50.0,11.35657,19.93305206077391
50.0,11.55758,19.998122657478834
50.0,11.75859,20.063193852493193
50.0,11.9596,20.128265639428285
50.0,12.16061,20.183301440826988
50.0,12.36162,20.235828461324733
50.0,12.56263,20.288345811993302
50.0,12.76364,20.340353447489026
50.0,12.96465,20.391261321154705
50.0,13.16566,20.435432163704448
50.0,13.36667,20.478033907237414
50.0,13.56768,20.520366114364844
50.0,13.76869,20.56269847581882
50.0,13.9697,20.605030990645755
50.0,14.17071,20.643785030721293
50.0,14.37172,20.681909412022026
50.0,14.57273,20.72002388617936
50.0,14.77374,20.757968389227578
50.0,14.97475,20.795602878629555
50.0,15.17576,20.83036824880911
50.0,15.37677,20.864633857768496
50.0,15.57778,20.89874962304536
50.0,15.77879,20.932855450882865
50.0,15.9798,20.966971340903186
50.0,16.18081,20.9992278730874
50.0,16.38182,21.03127451503407
50.0,16.58283,21.063311200940632
50.0,16.78384,21.09528786266929
50.0,16.98485,21.127154476121486
50.0,17.18586,21.157221356671286
50.0,17.38687,21.187048309571654
50.0,17.58788,21.21676532008124
50.0,17.78889,21.246472370182595
50.0,17.9899,21.276189459594097
50.0,18.19091,21.304556999127495
50.0,18.39192,21.332844589250215
50.0,18.59293,21.36114220771543
50.0,18.79394,21.38938982620491
50.0,18.99495,21.417597441539723
50.0,19.19596,21.44438505019773
50.0,19.39697,21.47105282267852
50.0,19.59798,21.497620765041777
50.0,19.79899,21.52418873082875
50.0,20.0,21.550756719983234
50.3,0.1,4.68709191351669
50.3,0.3010101,6.260779585938829
50.3,0.5020202,6.903127594705344
50.3,0.7030303,7.310371300243906
50.3,0.9040404,7.65641233355071
50.3,1.105051,7.958993929958464
50.3,1.306061,8.235623128409726
50.3,1.507071,8.512276388245963
50.3,1.708081,8.776629509006183
50.3,1.909091,9.03689543289511
50.3,2.110101,9.294045819617585
50.3,2.311111,9.545586540383244
50.3,2.512121,9.797138583513899
50.3,2.713131,10.068967144836812
50.3,2.914141,10.341514806164154
50.3,3.115152,10.613119877707158
50.3,3.316162,10.88402319814773
50.3,3.517172,11.154939071581458
50.3,3.718182,11.425847318705681
50.3,3.919192,11.696757776549227
50.3,4.120202,11.975362179808828
50.3,4.321212,12.259135288440737
50.3,4.522222,12.542913220768593
50.3,4.723232,12.826695652786869
50.3,4.924242,13.11048229418502
50.3,5.125253,13.391209639105867
50.3,5.326263,13.670090641665116
50.3,5.527273,13.948972464904854
50.3,5.728283,14.227855060566322
50.3,5.929293,14.506738382361238
50.3,6.130303,14.81392344982051
50.3,6.331313,15.136464800859166
50.3,6.532323,15.459006341621343
50.3,6.733333,15.781558062376476
50.3,6.934343,16.104099953551042
50.3,7.135354,16.389481533624735
50.3,7.336364,16.656840287388487
50.3,7.537374,16.924210641449402
50.3,7.738384,17.191602056519034
50.3,7.939394,17.45899402364793
50.3,8.140404,17.691746723109205
50.3,8.341414,17.90954187657637
50.3,8.542424,18.127344284837786
50.3,8.743434,18.345153688287866
50.3,8.944444,18.562969840677468
50.3,9.145455,18.724648506136848
50.3,9.346465,18.864887274737917
50.3,9.547475,19.005129574880122
50.3,9.748485,19.145375327185608
50.3,9.949495,19.285624457238136
50.3,10.15051,19.39530548344232
50.3,10.35152,19.494711571580815
50.3,10.55253,19.59412965088593
50.3,10.75354,19.693549692897694
50.3,10.95455,19.792971666685524
50.3,11.15556,19.865807530742348
50.3,11.35657,19.930877649936647
50.3,11.55758,19.995948372564147
50.3,11.75859,20.06101969159407
50.3,11.9596,20.126091602374032
50.3,12.16061,20.181137502923825
50.3,12.36162,20.23365461690268
50.3,12.56263,20.28617205942411
50.3,12.76364,20.33868982896148
50.3,12.96465,20.39120792247463
50.3,13.16566,20.435329233683674
50.3,13.36667,20.477671333328487
50.3,13.56768,20.520003588171054
50.3,13.76869,20.5623359971516
50.3,13.9697,20.604668559315886
50.3,14.17071,20.643422637855114
50.3,14.37172,20.681537056124036
50.3,14.57273,20.719661566890878
50.3,14.77374,20.757776169783124
50.3,14.97475,20.795890864285756
50.3,15.17576,20.830516415608372
50.3,15.37677,20.864622141883963
50.3,15.57778,20.898737930874493
50.3,15.77879,20.93285378227434
50.3,15.9798,20.966969695818673
50.3,16.18081,20.99922624821963
50.3,16.38182,21.03126291006114
50.3,16.58283,21.06330961562834
50.3,16.78384,21.095356364792043
50.3,16.98485,21.12740315731815
50.3,17.18586,21.1572900952029
50.3,17.38687,21.187007081311165
50.3,17.58788,21.216714107135907
50.3,17.78889,21.24643117235933
50.3,17.9899,21.276148276942905
50.3,18.19091,21.304505829595882
50.3,18.39192,21.332803432550563
50.3,18.59293,21.361101063868254
50.3,18.79394,21.3893887234558
50.3,18.99495,21.41768641116225
50.3,19.19596,21.44429430794864
50.3,19.39697,21.470872233035454
50.3,19.59798,21.49744018166616
50.3,19.79899,21.524008153735767
50.3,20.0,21.55057614918789
50.599999999999994,0.1,4.704388373834336
50.599999999999994,0.3010101,6.287147327256043
50.599999999999994,0.5020202,6.933103256752661
50.599999999999994,0.7030303,7.341678417159452
50.599999999999994,0.9040404,7.684510465032738
50.599999999999994,1.105051,7.991683714872858
50.599999999999994,1.306061,8.267731693960878
50.599999999999994,1.507071,8.544212511873667
50.599999999999994,1.708081,8.80863996734442
50.599999999999994,1.909091,9.040475903840234
50.599999999999994,2.110101,9.326565855408559
50.599999999999994,2.311111,9.578105915761823
50.599999999999994,2.512121,9.84370976130725
50.599999999999994,2.713131,10.116257536952697
50.599999999999994,2.914141,10.376194253682744
50.599999999999994,3.115152,10.641367168115883
50.599999999999994,3.316162,10.911328713259136
50.599999999999994,3.517172,11.182234787213002
50.599999999999994,3.718182,11.453143221655004
50.599999999999994,3.919192,11.7240638466948
50.599999999999994,4.120202,12.002658945567825
50.599999999999994,4.321212,12.286433053207931
50.599999999999994,4.522222,12.570211927002106
50.599999999999994,4.723232,12.853647497720234
50.599999999999994,4.924242,13.134393853800779
50.599999999999994,5.125253,13.3803494558875
50.599999999999994,5.326263,13.612310836922049
50.599999999999994,5.527273,13.891193151879525
50.599999999999994,5.728283,14.170086223217297
50.599999999999994,5.929293,14.448970008501503
50.599999999999994,6.130303,14.787024633086267
50.599999999999994,6.331313,15.149768233475159
50.599999999999994,6.532323,15.472310059506638
50.599999999999994,6.733333,15.794862052052448
50.599999999999994,6.934343,16.117404204012423
50.599999999999994,7.135354,16.402777498721743
50.599999999999994,7.336364,16.67014859933789
50.599999999999994,7.537374,16.93752121834201
50.599999999999994,7.738384,17.2065386538061
50.599999999999994,7.939394,17.482452803340518
50.599999999999994,8.140404,17.706976705652586
50.599999999999994,8.341414,17.91250230219541
50.599999999999994,8.542424,18.1303068038146
50.599999999999994,8.743434,18.348118249793313
50.599999999999994,8.944444,18.565936394733427
50.599999999999994,9.145455,18.727616662475075
50.599999999999994,9.346465,18.86785687493716
50.599999999999994,9.547475,19.008100596197256
50.599999999999994,9.748485,19.14688838488461
50.599999999999994,9.949495,19.281071363967698
50.599999999999994,10.15051,19.3923301948984
50.599999999999994,10.35152,19.49483285700957
50.599999999999994,10.55253,19.5942513155171
50.599999999999994,10.75354,19.693671732893673
50.599999999999994,10.95455,19.793094078277495
50.599999999999994,11.15556,19.865930187443603
50.599999999999994,11.35657,19.931000514249153
50.599999999999994,11.55758,19.996071443134532
50.599999999999994,11.75859,20.06027308817411
50.599999999999994,11.9596,20.122385600558122
50.599999999999994,12.16061,20.179502893781468
50.599999999999994,12.36162,20.23434110686452
50.599999999999994,12.56263,20.286858635765697
50.599999999999994,12.76364,20.33937649041748
50.599999999999994,12.96465,20.39189466879977
50.599999999999994,13.16566,20.436026043499176
50.599999999999994,13.36667,20.478358202132792
50.599999999999994,13.56768,20.520690515608955
50.599999999999994,13.76869,20.56249286705512
50.599999999999994,13.9697,20.603255156892207
50.599999999999994,14.17071,20.643149678894392
50.599999999999994,14.37172,20.682324470357138
50.599999999999994,14.57273,20.720439021897832
50.599999999999994,14.77374,20.758553665403433
50.599999999999994,14.97475,20.796678400244694
50.599999999999994,15.17576,20.831293986099453
50.599999999999994,15.37677,20.86540974579713
50.599999999999994,15.57778,20.899515568213676
50.599999999999994,15.77879,20.933241386449687
50.599999999999994,15.9798,20.966357166937566
50.599999999999994,16.18081,20.999274062231954
50.599999999999994,16.38182,21.03183096473157
50.599999999999994,16.58283,21.06387769436654
50.599999999999994,16.78384,21.095914467623757
50.599999999999994,16.98485,21.127961284139296
50.599999999999994,17.18586,21.157858244990788
50.599999999999994,17.38687,21.187565254090178
50.599999999999994,17.58788,21.21728230272165
50.599999999999994,17.78889,21.246689328738285
50.599999999999994,17.9899,21.27569631840232
50.599999999999994,18.19091,21.304533959735885
50.599999999999994,18.39192,21.33311162526012
50.599999999999994,18.59293,21.36140927678807
50.599999999999994,18.79394,21.38969695653142
50.599999999999994,18.99495,21.41799466434059
50.599999999999994,19.19596,21.44460257960107
50.599999999999994,19.39697,21.471180523076153
50.599999999999994,19.59798,21.497748490048792
50.599999999999994,19.79899,21.52405651536263
50.599999999999994,20.0,21.550104598747843
50.900000000000006,0.1,4.722362352462704
50.900000000000006,0.3010101,6.313800054647313
50.900000000000006,0.5020202,6.962339655135322
50.900000000000006,0.7030303,7.373549860307546
50.900000000000006,0.9040404,7.721160059785628
50.900000000000006,1.105051,8.024494863567135
50.900000000000006,1.306061,8.300542531336394
50.900000000000006,1.507071,8.57648559806866
50.900000000000006,1.708081,8.8316713422244
50.900000000000006,1.909091,9.055891354884416
50.900000000000006,2.110101,9.359087157314711
50.900000000000006,2.311111,9.618465574118249
50.900000000000006,2.512121,9.885723063019261
50.900000000000006,2.713131,10.145582243931965
50.900000000000006,2.914141,10.405457871473644
50.900000000000006,3.115152,10.670204117223735
50.900000000000006,3.316162,10.940077423844194
50.900000000000006,3.517172,11.2099629648515
50.900000000000006,3.718182,11.480449439224055
50.900000000000006,3.919192,11.751360229885664
50.900000000000006,4.120202,12.029966005621347
50.900000000000006,4.321212,12.313741103112767
50.900000000000006,4.522222,12.595672983491783
50.900000000000006,4.723232,12.876416214900258
50.900000000000006,4.924242,13.157172586880778
50.900000000000006,5.125253,13.403128223527073
50.900000000000006,5.326263,13.628033681357525
50.900000000000006,5.527273,13.852950915998125
50.900000000000006,5.728283,14.112308206041755
50.900000000000006,5.929293,14.39119243919284
50.900000000000006,6.130303,14.729247371164561
50.900000000000006,6.331313,15.099413400816994
50.900000000000006,6.532323,15.469579556275557
50.900000000000006,6.733333,15.808156535610594
50.900000000000006,6.934343,16.130708936602502
50.900000000000006,7.135354,16.416083933457845
50.900000000000006,7.336364,16.683457370984474
50.900000000000006,7.537374,16.95664920941167
50.900000000000006,7.738384,17.23256471103386
50.900000000000006,7.939394,17.50848450687054
50.900000000000006,8.140404,17.73301243193471
50.900000000000006,8.341414,17.935355846180663
50.900000000000006,8.542424,18.137694133953424
50.900000000000006,8.743434,18.351083423750854
50.900000000000006,8.944444,18.568903555431227
50.900000000000006,9.145455,18.73058541871351
50.900000000000006,9.346465,18.870827070124683
50.900000000000006,9.547475,19.006624199017764
50.900000000000006,9.748485,19.140805226003067
50.900000000000006,9.949495,19.274999325075648
50.900000000000006,10.15051,19.386258998745078
50.900000000000006,10.35152,19.48982445819669
50.900000000000006,10.55253,19.59339126492327
50.900000000000006,10.75354,19.69378384686751
50.900000000000006,10.95455,19.793206564055943
50.900000000000006,11.15556,19.866042917427055
50.900000000000006,11.35657,19.931113452189663
50.900000000000006,11.55758,19.99386491770898
50.900000000000006,11.75859,20.05597704576761
50.900000000000006,11.9596,20.118089737722098
50.900000000000006,12.16061,20.175207165796223
50.900000000000006,12.36162,20.23106594005599
50.900000000000006,12.56263,20.286924976934188
50.900000000000006,12.76364,20.34007317432382
50.900000000000006,12.96465,20.392591437615877
50.900000000000006,13.16566,20.43671287598897
50.900000000000006,13.36667,20.479045093448516
50.900000000000006,13.56768,20.520067179383837
50.900000000000006,13.76869,20.560839373813536
50.900000000000006,13.9697,20.601601733996834
50.900000000000006,14.17071,20.641496307527515
50.900000000000006,14.37172,20.681251328849452
50.900000000000006,14.57273,20.720996427501824
50.900000000000006,14.77374,20.759331179075577
50.900000000000006,14.97475,20.797455954301945
50.900000000000006,15.17576,20.832071574573764
50.900000000000006,15.37677,20.86618736773976
50.900000000000006,15.57778,20.89941307264978
50.900000000000006,15.77879,20.93252882446889
50.900000000000006,15.9798,20.965644642924673
50.900000000000006,16.18081,20.998561566898925
50.900000000000006,16.38182,21.031468643921855
50.900000000000006,16.58283,21.064365756290844
50.900000000000006,16.78384,21.096482583776965
50.900000000000006,16.98485,21.128529424191072
50.900000000000006,17.18586,21.158416408182074
50.900000000000006,17.38687,21.188133440132535
50.900000000000006,17.58788,21.217190379860718
50.900000000000006,17.78889,21.24620735317044
50.900000000000006,17.9899,21.275214369241237
50.900000000000006,18.19091,21.304052031753553
50.900000000000006,18.39192,21.33286975339155
50.900000000000006,18.59293,21.361697501561412
50.900000000000006,18.79394,21.390005204121923
50.900000000000006,18.99495,21.41830293201435
50.900000000000006,19.19596,21.444910865730108
50.900000000000006,19.39697,21.471478827621038
50.900000000000006,19.59798,21.497536882913433
50.900000000000006,19.79899,21.52358496105709
50.900000000000006,20.0,21.549633060888926
51.2,0.1,4.739732303178679
51.2,0.3010101,6.340478465921171
51.2,0.5020202,6.9927358643543185
51.2,0.7030303,7.4046859728118415
51.2,0.9040404,7.7537070126934236
51.2,1.105051,8.05737983371127
51.2,1.306061,8.333045973468886
51.2,1.507071,8.608533872707875
51.2,1.708081,8.873226472575006
51.2,1.909091,9.133886830109534
51.2,2.110101,9.393230245991482
51.2,2.311111,9.655134420124789
51.2,2.512121,9.91499241493713
51.2,2.713131,10.174858271137118
51.2,2.914141,10.434722631216653
51.2,3.115152,10.699042066780326
51.2,3.316162,10.968925545862392
51.2,3.517172,11.238801245495164
51.2,3.718182,11.50867901146278
51.2,3.919192,11.778666917507197
51.2,4.120202,12.056965461737326
51.2,4.321212,12.33770178500544
51.2,4.522222,12.618441690201745
51.2,4.723232,12.899194943546686
51.2,4.924242,13.179941334645903
51.2,5.125253,13.425897007241197
51.2,5.326263,13.650812506438015
51.2,5.527273,13.875719779567095
51.2,5.728283,14.100638742147163
51.2,5.929293,14.333415686028108
51.2,6.130303,14.671480907619632
51.2,6.331313,15.041647145900495
51.2,6.532323,15.411813500476722
51.2,6.733333,15.781979963126238
51.2,6.934343,16.14400415156257
51.2,7.135354,16.430894270308723
51.2,7.336364,16.706775249835143
51.2,7.537374,16.982671761853968
51.2,7.738384,17.258583061455777
51.2,7.939394,17.534508450578034
51.2,8.140404,17.7590403569409
51.2,8.341414,17.961387040394573
51.2,8.542424,18.16373851916449
51.2,8.743434,18.366094632615447
51.2,8.944444,18.571871321487563
51.2,9.145455,18.732185437200144
51.2,9.346465,18.866361284369425
51.2,9.547475,19.00055032111007
51.2,9.748485,19.134732481032877
51.2,9.949495,19.268917698539003
51.2,10.15051,19.380178213077766
51.2,10.35152,19.483744416836647
51.2,10.55253,19.587311960385257
51.2,10.75354,19.69088082125299
51.2,10.95455,19.793329122395033
51.2,11.15556,19.86534584304753
51.2,11.35657,19.927457011590217
51.2,11.55758,19.989568752490655
51.2,11.75859,20.051681061018293
51.2,11.9596,20.113793932442228
51.2,12.16061,20.170911495267955
51.2,12.36162,20.226770392607733
51.2,12.56263,20.282629551998248
51.2,12.76364,20.33848897184221
51.2,12.96465,20.393278229160114
51.2,13.16566,20.43688961555122
51.2,13.36667,20.477651546978112
51.2,13.56768,20.518413645693318
51.2,13.76869,20.55918591068849
51.2,13.9697,20.599948341085554
51.2,14.17071,20.63984296618006
51.2,14.37172,20.67959803556101
51.2,14.57273,20.719343182051922
51.2,14.77374,20.759088405203418
51.2,14.97475,20.79823352633391
51.2,15.17576,20.832469115462644
51.2,15.37677,20.865584771347915
51.2,15.57778,20.89870049438654
51.2,15.77879,20.931816284260595
51.2,15.9798,20.96493214065258
51.2,16.18081,20.997849093347977
51.2,16.38182,21.030756197949064
51.2,16.58283,21.063653337810095
51.2,16.78384,21.096550512699444
51.2,16.98485,21.12909757760603
51.2,17.18586,21.15868452332128
51.2,17.38687,21.187701437258358
51.2,17.58788,21.21670839423853
51.2,17.78889,21.245725394039027
51.2,17.9899,21.274742436476487
51.2,18.19091,21.30357012019845
51.2,18.39192,21.33238786266204
51.2,18.59293,21.361215631634046
51.2,18.79394,21.39003342707649
51.2,18.99495,21.418611214182306
51.2,19.19596,21.444969200734104
51.2,19.39697,21.471017251845385
51.2,19.59798,21.497065324732894
51.2,19.79899,21.523113419348018
51.2,20.0,21.54916153561197
51.5,0.1,4.758275327190256
51.5,0.3010101,6.367287039114261
51.5,0.5020202,7.023305667746331
51.5,0.7030303,7.436672793737322
51.5,0.9040404,7.782331338180003
51.5,1.105051,8.090208045259725
51.5,1.306061,8.365909105258321
51.5,1.507071,8.641395113297751
51.5,1.708081,8.906031014142725
51.5,1.909091,9.155605542866633
51.5,2.110101,9.412741899042405
51.5,2.311111,9.683828765017681
51.5,2.512121,9.94368287305314
51.5,2.713131,10.203541921233468
51.5,2.914141,10.463404543377044
51.5,3.115152,10.72657797274631
51.5,3.316162,10.996461477390014
51.5,3.517172,11.266347195121023
51.5,3.718182,11.536234974553425
51.5,3.919192,11.805529856501538
51.5,4.120202,12.080757212810473
51.5,4.321212,12.360995853787431
51.5,4.522222,12.641735662922027
51.5,4.723232,12.922488820232756
51.5,4.924242,13.203235111996525
51.5,5.125253,13.44919071208896
51.5,5.326263,13.67410615721034
51.5,5.527273,13.899013376822618
51.5,5.728283,14.1239322830438
51.5,5.929293,14.36349276198922
51.5,6.130303,14.690572711001535
51.5,6.331313,15.060739008946513
51.5,6.532323,15.43090542014188
51.5,6.733333,15.801071936666746
51.5,6.934343,16.12604620569337
51.5,7.135354,16.42860437204021
51.5,7.336364,16.71306537650323
51.5,7.537374,16.98897570114316
51.5,7.738384,17.26489068719142
51.5,7.939394,17.540819641716674
51.5,8.140404,17.76535409602573
51.5,8.341414,17.96770288123639
51.5,8.542424,18.170056411138898
51.5,8.743434,18.3724045315144
51.5,8.944444,18.548263539467154
51.5,9.145455,18.71449761247242
51.5,9.346465,18.857454368751423
51.5,9.547475,18.991634179625926
51.5,9.748485,19.1258271036029
51.5,9.949495,19.26001307551616
51.5,10.15051,19.37127416067205
51.5,10.35152,19.474840871498326
51.5,10.55253,19.57840891600942
51.5,10.75354,19.68197827447036
51.5,10.95455,19.771124077021422
51.5,11.15556,19.856231965169957
51.5,11.35657,19.923452643598264
51.5,11.55758,19.985564509798866
51.5,11.75859,20.047676942393824
51.5,11.9596,20.10978993722696
51.5,12.16061,20.166907592991084
51.5,12.36162,20.222766574819303
51.5,12.56263,20.2786258191448
51.5,12.76364,20.334485323195715
51.5,12.96465,20.384926046435346
51.5,13.16566,20.434177014911807
51.5,13.36667,20.476388852871096
51.5,13.56768,20.517151004975737
51.5,13.76869,20.557913323165586
51.5,13.9697,20.59867580654448
51.5,14.17071,20.638580470314327
51.5,14.37172,20.678325575975983
51.5,14.57273,20.718080758483055
51.5,14.77374,20.757826017560944
51.5,14.97475,20.794921555386093
51.5,15.17576,20.831577062250833
51.5,15.37677,20.8651127328887
51.5,15.57778,20.898228485940614
51.5,15.77879,20.9313443057337
51.5,15.9798,20.964460191952465
51.5,16.18081,20.99737716721499
51.5,16.38182,21.03028429351586
51.5,16.58283,21.06318145500802
51.5,16.78384,21.096088651401573
51.5,16.98485,21.12724579442324
51.5,17.18586,21.15821288183556
51.5,17.38687,21.18736983028629
51.5,17.58788,21.21637680866131
51.5,17.78889,21.24539382979975
51.5,17.9899,21.274410893549614
51.5,18.19091,21.303238594294534
51.5,18.39192,21.33205635354702
51.5,18.59293,21.360884139264353
51.5,18.79394,21.389701951437353
51.5,18.99495,21.417169940741896
51.5,19.19596,21.444567901520372
51.5,19.39697,21.47064596456886
51.5,19.59798,21.496694051106637
51.5,19.79899,21.522742159309665
51.5,20.0,21.548790289129315
51.8,0.1,4.775354611791862
51.8,0.3010101,6.393385494247721
51.8,0.5020202,7.052877904772996
51.8,0.7030303,7.467715498133764
51.8,0.9040404,7.818449369125954
51.8,1.105051,8.123063332481276
51.8,1.306061,8.398813990916238
51.8,1.507071,8.674588312601738
51.8,1.708081,8.910182131283229
51.8,1.909091,9.131857125167121
51.8,2.110101,9.391069675520425
51.8,2.311111,9.712239798339459
51.8,2.512121,9.972091800080342
51.8,2.713131,10.231950834891839
51.8,2.914141,10.489934320045247
51.8,3.115152,10.753503535484498
51.8,3.316162,11.02337696597595
51.8,3.517172,11.293176181144405
51.8,3.718182,11.562075883134609
51.8,3.919192,11.830967788979244
51.8,4.120202,12.106195080923943
51.8,4.321212,12.385677333996886
51.8,4.522222,12.665292275758741
51.8,4.723232,12.946045272766897
51.8,4.924242,13.226791409165498
51.8,5.125253,13.472746886451272
51.8,5.326263,13.697662229187992
51.8,5.527273,13.925659317085632
51.8,5.728283,14.173338001212798
51.8,5.929293,14.421008442224393
51.8,6.130303,14.748088386153766
51.8,6.331313,15.118254675223548
51.8,6.532323,15.477556121869277
51.8,6.733333,15.780100818537873
51.8,6.934343,16.082661186432134
51.8,7.135354,16.385226912728054
51.8,7.336364,16.687797705948476
51.8,7.537374,16.985415003699206
51.8,7.738384,17.26133263291036
51.8,7.939394,17.537264150259873
51.8,8.140404,17.761800446986665
51.8,8.341414,17.96415075386843
51.8,8.542424,18.158717871900887
51.8,8.743434,18.32418686682728
51.8,8.944444,18.48965944428626
51.8,9.145455,18.655893856366017
51.8,9.346465,18.8224211818491
51.8,9.547475,18.981311861730397
51.8,9.748485,19.115505366421168
51.8,9.949495,19.24969191331818
51.8,10.15051,19.36095343435095
51.8,10.35152,19.464520532287057
51.8,10.55253,19.56319083050081
51.8,10.75354,19.64799744527592
51.8,10.95455,19.732814918798333
51.8,11.15556,19.817922721181745
51.8,11.35657,19.903121194513766
51.8,11.55758,19.981701222876506
51.8,11.75859,20.043813751362944
51.8,11.9596,20.105926841600134
51.8,12.16061,20.163044569417686
51.8,12.36162,20.218903617715988
51.8,12.56263,20.2727033065969
51.8,12.76364,20.321944067770435
51.8,12.96465,20.371195047123038
51.8,13.16566,20.420436025374503
51.8,13.36667,20.469687172899356
51.8,13.56768,20.516078810636934
51.8,13.76869,20.556841173324937
51.8,13.9697,20.59760370094716
51.8,14.17071,20.63750839720926
51.8,14.37172,20.677253533132152
51.8,14.57273,20.715898831890154
51.8,14.77374,20.752604356159527
51.8,14.97475,20.7892999526038
51.8,15.17576,20.82595548054264
51.8,15.37677,20.8626010617078
51.8,15.57778,20.897886763485488
51.8,15.77879,20.931002609129816
51.8,15.9798,20.964108521184933
51.8,16.18081,20.997035515854055
51.8,16.38182,21.02993266097728
51.8,16.58283,21.062059800704944
51.8,16.78384,21.0930669200909
51.8,16.98485,21.12407407757453
51.8,17.18586,21.155041185321117
51.8,17.38687,21.186008324867906
51.8,17.58788,21.216125424493978
51.8,17.78889,21.2451324644122
51.8,17.9899,21.27414954686963
51.8,18.19091,21.30297726261682
51.8,18.39192,21.331805036588808
51.8,18.59293,21.359982910021166
51.8,18.79394,21.387400892644667
51.8,18.99495,21.414828898628954
51.8,19.19596,21.442226870311718
51.8,19.39697,21.469624864302734
51.8,19.59798,21.496372921208845
51.8,19.79899,21.52242104155686
51.8,20.0,21.548469183491914
52.099999999999994,0.1,4.793019894005861
52.099999999999994,0.3010101,6.4192321020428205
52.099999999999994,0.5020202,7.082157081534528
52.099999999999994,0.7030303,7.498232919498681
52.099999999999994,0.9040404,7.845656732336257
52.099999999999994,1.105051,8.154992480152861
52.099999999999994,1.306061,8.430942315602945
52.099999999999994,1.507071,8.707809251118174
52.099999999999994,1.708081,8.972565709484478
52.099999999999994,1.909091,9.221076908680276
52.099999999999994,2.110101,9.45382249007951
52.099999999999994,2.311111,9.70693763115309
52.099999999999994,2.512121,10.000502707455933
52.099999999999994,2.713131,10.25912600537502
52.099999999999994,2.914141,10.516316937343602
52.099999999999994,3.115152,10.780420235164046
52.099999999999994,3.316162,11.049727441889665
52.099999999999994,3.517172,11.318614564326088
52.099999999999994,3.718182,11.587514050547508
52.099999999999994,3.919192,11.856405745676865
52.099999999999994,4.120202,12.131632972977782
52.099999999999994,4.321212,12.411115250315447
52.099999999999994,4.522222,12.690590853511651
52.099999999999994,4.723232,12.970079560074105
52.099999999999994,4.924242,13.250347716700352
52.099999999999994,5.125253,13.496303073244363
52.099999999999994,5.326263,13.735508127508806
52.099999999999994,5.527273,13.983184982938395
52.099999999999994,5.728283,14.230863680935546
52.099999999999994,5.929293,14.478534128366116
52.099999999999994,6.130303,14.805614067133492
52.099999999999994,6.331313,15.131609522377023
52.099999999999994,6.532323,15.43416645777924
52.099999999999994,6.733333,15.736729104349447
52.099999999999994,6.934343,16.039287139983376
52.099999999999994,7.135354,16.341860263181427
52.099999999999994,7.336364,16.644438197575628
52.099999999999994,7.537374,16.947020685463745
52.099999999999994,7.738384,17.249607487221617
52.099999999999994,7.939394,17.533709185341422
52.099999999999994,8.140404,17.758247316298572
52.099999999999994,8.341414,17.934646531950158
52.099999999999994,8.542424,18.10011278077303
52.099999999999994,8.743434,18.265592705328622
52.099999999999994,8.944444,18.43106620955955
52.099999999999994,9.145455,18.59730095336897
52.099999999999994,9.346465,18.763828394221438
52.099999999999994,9.547475,18.930359319896187
52.099999999999994,9.748485,19.096893639235216
52.099999999999994,9.949495,19.239370864438026
52.099999999999994,10.15051,19.350632821186245
52.099999999999994,10.35152,19.440065877903876
52.099999999999994,10.55253,19.524871692402556
52.099999999999994,10.75354,19.609688377935523
52.099999999999994,10.95455,19.694505923483867
52.099999999999994,11.15556,19.77961363848155
52.099999999999994,11.35657,19.864801980233786
52.099999999999994,11.55758,19.9500011366523
52.099999999999994,11.75859,20.035191097072573
52.099999999999994,11.9596,20.10206376272333
52.099999999999994,12.16061,20.159181562574293
52.099999999999994,12.36162,20.209721675466895
52.099999999999994,12.56263,20.258972256950546
52.099999999999994,12.76364,20.308213058438685
52.099999999999994,12.96465,20.357464078050064
52.099999999999994,13.16566,20.406705065908294
52.099999999999994,13.36667,20.45595621662104
52.099999999999994,13.56768,20.505197581980877
52.099999999999994,13.76869,20.55443916034003
52.099999999999994,13.9697,20.596531607300367
52.099999999999994,14.17071,20.636426336078305
52.099999999999994,14.37172,20.673571707756754
52.099999999999994,14.57273,20.710277187541674
52.099999999999994,14.77374,20.746972739807482
52.099999999999994,14.97475,20.783678364011454
52.099999999999994,15.17576,20.820333912972526
52.099999999999994,15.37677,20.856979514183543
52.099999999999994,15.57778,20.893625188492006
52.099999999999994,15.77879,20.930280935371304
52.099999999999994,15.9798,20.96376686033979
52.099999999999994,16.18081,20.99668387460256
52.099999999999994,16.38182,21.027870949360832
52.099999999999994,16.58283,21.05888805287517
52.099999999999994,16.78384,21.089895194657682
52.099999999999994,16.98485,21.120902374477144
52.099999999999994,17.18586,21.151869502509662
52.099999999999994,17.38687,21.182836662094388
52.099999999999994,17.58788,21.213803860496544
52.099999999999994,17.78889,21.24477109748152
52.099999999999994,17.9899,21.27389820837126
52.099999999999994,18.19091,21.302725939142476
52.099999999999994,18.39192,21.33021387942271
52.099999999999994,18.59293,21.357641850501253
52.099999999999994,18.79394,21.385059845097217
52.099999999999994,18.99495,21.412487862995928
52.099999999999994,19.19596,21.439885845577084
52.099999999999994,19.39697,21.467283850444268
52.099999999999994,19.59798,21.494681878971193
52.099999999999994,19.79899,21.52207993109689
52.099999999999994,20.0,21.548138084730265
52.400000000000006,0.1,4.8098525779870505
52.400000000000006,0.3010101,6.445286010577792
52.400000000000006,0.5020202,7.110406494678083
52.400000000000006,0.7030303,7.529306949681308
52.400000000000006,0.9040404,7.881453509065042
52.400000000000006,1.105051,8.187487436429699
52.400000000000006,1.306061,8.464676326918374
52.400000000000006,1.507071,8.741545952050211
52.400000000000006,1.708081,9.00627839102141
52.400000000000006,1.909091,9.266939892508692
52.400000000000006,2.110101,9.520130112630381
52.400000000000006,2.311111,9.771945021708213
52.400000000000006,2.512121,10.025048692219347
52.400000000000006,2.713131,10.282057256341629
52.400000000000006,2.914141,10.537214897561112
52.400000000000006,3.115152,10.780935734798843
52.400000000000006,3.316162,11.049829618736768
52.400000000000006,3.517172,11.318716078537275
52.400000000000006,3.718182,11.58761493286266
52.400000000000006,3.919192,11.881326434568622
52.400000000000006,4.120202,12.157131068420211
52.400000000000006,4.321212,12.436613611638386
52.400000000000006,4.522222,12.71609945855396
52.400000000000006,4.723232,12.99558839602089
52.400000000000006,4.924242,13.274861495532612
52.400000000000006,5.125253,13.520345152102506
52.400000000000006,5.326263,13.768010075047314
52.400000000000006,5.527273,14.015686937293916
52.400000000000006,5.728283,14.263365637659078
52.400000000000006,5.929293,14.511036083459773
52.400000000000006,6.130303,14.821488340580212
52.400000000000006,6.331313,15.124043373178637
52.400000000000006,6.532323,15.426604306414188
52.400000000000006,6.733333,15.729170799778977
52.400000000000006,6.934343,16.031742538464655
52.400000000000006,7.135354,16.33430923191334
52.400000000000006,7.336364,16.63689060789122
52.400000000000006,7.537374,16.939476416456973
52.400000000000006,7.738384,17.24206642422883
52.400000000000006,7.939394,17.536725963942807
52.400000000000006,8.140404,17.749644589990773
52.400000000000006,8.341414,17.91511793407484
52.400000000000006,8.542424,18.08058504779706
52.400000000000006,8.743434,18.24605582598645
52.400000000000006,8.944444,18.41153017178444
52.400000000000006,9.145455,18.57776556813481
52.400000000000006,9.346465,18.744293586372763
52.400000000000006,9.547475,18.910825082864594
52.400000000000006,9.748485,19.077359966539333
52.400000000000006,9.949495,19.23408964513977
52.400000000000006,10.15051,19.341558492219395
52.400000000000006,10.35152,19.426373524855133
52.400000000000006,10.55253,19.51118943927997
52.400000000000006,10.75354,19.5959962249123
52.400000000000006,10.95455,19.680813870082428
52.400000000000006,11.15556,19.765921633406748
52.400000000000006,11.35657,19.851120008630378
52.400000000000006,11.55758,19.936309199123855
52.400000000000006,11.75859,20.021499193707047
52.400000000000006,11.9596,20.099500692053027
52.400000000000006,12.16061,20.15576899393211
52.400000000000006,12.36162,20.205019405422146
52.400000000000006,12.56263,20.254270038414937
52.400000000000006,12.76364,20.303510891161903
52.400000000000006,12.96465,20.352761961836563
52.400000000000006,13.16566,20.402002991756323
52.400000000000006,13.36667,20.45125418250435
52.400000000000006,13.56768,20.50049558775536
52.400000000000006,13.76869,20.549737205863263
52.400000000000006,13.9697,20.595889403523465
52.400000000000006,14.17071,20.63514438796672
52.400000000000006,14.37172,20.67184982312081
52.400000000000006,14.57273,20.708545331049343
52.400000000000006,14.77374,20.745250911205346
52.400000000000006,14.97475,20.78194656336273
52.400000000000006,15.17576,20.818602138638344
52.400000000000006,15.37677,20.85524776582248
52.400000000000006,15.57778,20.89190346591323
52.400000000000006,15.77879,20.92854923870229
52.400000000000006,15.9798,20.96363519483318
52.400000000000006,16.18081,20.99594230302828
52.400000000000006,16.38182,21.026949387326507
52.400000000000006,16.58283,21.057956509944653
52.400000000000006,16.78384,21.088963670714392
52.400000000000006,16.98485,21.11997086946701
52.400000000000006,17.18586,21.150948016049483
52.400000000000006,17.38687,21.18191519416681
52.400000000000006,17.58788,21.21288241104894
52.400000000000006,17.78889,21.24384966646189
52.400000000000006,17.9899,21.27378691111613
52.400000000000006,18.19091,21.30204478911582
52.400000000000006,18.39192,21.329472748764175
52.400000000000006,18.59293,21.356890731990745
52.400000000000006,18.79394,21.38431873860938
52.400000000000006,18.99495,21.41174676857874
52.400000000000006,19.19596,21.439144763078474
52.400000000000006,19.39697,21.46654277980314
52.400000000000006,19.59798,21.49394082018757
52.400000000000006,19.79899,21.5213388841414
52.400000000000006,20.0,21.547907018211813
52.7,0.1,4.8266965879432036
52.7,0.3010101,6.471356237984739
52.7,0.5020202,7.140036051828523
52.7,0.7030303,7.559777032973526
52.7,0.9040404,7.913730812845394
52.7,1.105051,8.220205633257637
52.7,1.306061,8.498077502787286
52.7,1.507071,8.775748080270699
52.7,1.708081,9.03988563128081
52.7,1.909091,9.29802776430517
52.7,2.110101,9.550932213407709
52.7,2.311111,9.793936604900766
52.7,2.512121,10.041176335155399
52.7,2.713131,10.277278915149841
52.7,2.914141,10.489417843564253
52.7,3.115152,10.730368477112755
52.7,3.316162,11.025651801325708
52.7,3.517172,11.345759098481736
52.7,3.718182,11.63661006560422
52.7,3.919192,11.90696471219055
52.7,4.120202,12.182769707131143
52.7,4.321212,12.462252994584016
52.7,4.522222,12.741729550189241
52.7,4.723232,13.020155693666846
52.7,4.924242,13.297918425422731
52.7,5.125253,13.5399829405372
52.7,5.326263,13.76045287516213
52.7,5.527273,13.998151465877411
52.7,5.728283,14.245820147323478
52.7,5.929293,14.493500574034021
52.7,6.130303,14.812195833782619
52.7,6.331313,15.169434555528039
52.7,6.532323,15.490680334147209
52.7,6.733333,15.793242738884643
52.7,6.934343,16.095810521778166
52.7,7.135354,16.398373386119474
52.7,7.336364,16.700951053708753
52.7,7.537374,17.003533269170635
52.7,7.738384,17.278245666258357
52.7,7.939394,17.540344319100356
52.7,8.140404,17.760673366557192
52.7,8.341414,17.96297442114582
52.7,8.542424,18.139181417210057
52.7,8.743434,18.304662885714748
52.7,8.944444,18.470137896735718
52.7,9.145455,18.636374583158098
52.7,9.346465,18.802904100315693
52.7,9.547475,18.96943705950965
52.7,9.748485,19.106547937052945
52.7,9.949495,19.233252880360794
52.7,10.15051,19.346851549845443
52.7,10.35152,19.456045165377695
52.7,10.55253,19.546740865791087
52.7,10.75354,19.631557808492595
52.7,10.95455,19.71636560822837
52.7,11.15556,19.801473691523107
52.7,11.35657,19.88667243152522
52.7,11.55758,19.971861982223842
52.7,11.75859,20.037914248496115
52.7,11.9596,20.098837612243965
52.7,12.16061,20.157945639903957
52.7,12.36162,20.216584990380426
52.7,12.56263,20.267625484357062
52.7,12.76364,20.316866410105536
52.7,12.96465,20.366117553241853
52.7,13.16566,20.415368689911034
52.7,13.36667,20.46460999442097
52.7,13.56768,20.513851512599494
52.7,13.76869,20.555604140969155
52.7,13.9697,20.595917099163977
52.7,14.17071,20.636592099951987
52.7,14.37172,20.67732751391179
52.7,14.57273,20.714603042814538
52.7,14.77374,20.751298651094586
52.7,14.97475,20.788004331102005
52.7,15.17576,20.824659943065637
52.7,15.37677,20.86130560806184
52.7,15.57778,20.897951345878816
52.7,15.77879,20.931107405794435
52.7,15.9798,20.963833558725693
52.7,16.18081,20.997050804492478
52.7,16.38182,21.03030819777828
52.7,16.58283,21.0615253590428
52.7,16.78384,21.092532531996678
52.7,16.98485,21.12353974289191
52.7,17.18586,21.15450690479104
52.7,17.38687,21.18547409837393
52.7,17.58788,21.21644133067045
52.7,17.78889,21.24524849669151
52.7,17.9899,21.273905696786333
52.7,18.19091,21.30287356804625
52.7,18.39192,21.33186149690506
52.7,18.59293,21.359339490734882
52.7,18.79394,21.38676750958825
52.7,18.99495,21.41419555178864
52.7,19.19596,21.44159356024762
52.7,19.39697,21.468991590938614
52.7,19.59798,21.49638964527982
52.7,19.79899,21.52212781599707
52.7,20.0,21.54785600893181
53.0,0.1,4.843820795477347
53.0,0.3010101,6.497321739197645
53.0,0.5020202,7.170020998888816
53.0,0.7030303,7.5910475755120315
53.0,0.9040404,7.9413182568938065
53.0,1.105051,8.252584581888382
53.0,1.306061,8.530453451545977
53.0,1.507071,8.809047703617914
53.0,1.708081,9.07211887706296
53.0,1.909091,9.330162552082074
53.0,2.110101,9.58302299020714
53.0,2.311111,9.826026531478066
53.0,2.512121,10.068984019592385
53.0,2.713131,10.324067172279392
53.0,2.914141,10.536706546708581
53.0,3.115152,10.80545792533397
53.0,3.316162,11.121566524312819
53.0,3.517172,11.391906592995959
53.0,3.718182,11.662248892662971
53.0,3.919192,11.932593271701151
53.0,4.120202,12.208408617885182
53.0,4.321212,12.48770381625008
53.0,4.522222,12.765451899848772
53.0,4.723232,13.04321248678374
53.0,4.924242,13.32096542758877
53.0,5.125253,13.563030172392985
53.0,5.326263,13.783500347808577
53.0,5.527273,14.0039820778147
53.0,5.728283,14.228284672609297
53.0,5.929293,14.475955082801052
53.0,6.130303,14.794660344023155
53.0,6.331313,15.151899080168798
53.0,6.532323,15.509139479133546
53.0,6.733333,15.857317838509687
53.0,6.934343,16.159881637803664
53.0,7.135354,16.462450644214105
53.0,7.336364,16.757688691858828
53.0,7.537374,17.01977441644829
53.0,7.738384,17.281862668487342
53.0,7.939394,17.543972884935233
53.0,8.140404,17.76430302456044
53.0,8.341414,17.966604963277394
53.0,8.542424,18.16891089432335
53.0,8.743434,18.363261174437742
53.0,8.944444,18.528736836412193
53.0,9.145455,18.69497479311992
53.0,9.346465,18.85229735828844
53.0,9.547475,18.979007940528618
53.0,9.748485,19.105710891335633
53.0,9.949495,19.232416162074955
53.0,10.15051,19.346015067964565
53.0,10.35152,19.455208889164695
53.0,10.55253,19.564403632399962
53.0,10.75354,19.66710966414876
53.0,10.95455,19.751917616532005
53.0,11.15556,19.83702601748418
53.0,11.35657,19.915395845757118
53.0,11.55758,19.976318183553936
53.0,11.75859,20.037251086458635
53.0,11.9596,20.09817454960713
53.0,12.16061,20.157282651091506
53.0,12.36162,20.215922068839905
53.0,12.56263,20.274561743597914
53.0,12.76364,20.33023200763731
53.0,12.96465,20.37947322315218
53.0,13.16566,20.428724466348285
53.0,13.36667,20.47500625134603
53.0,13.56768,20.515318950708764
53.0,13.76869,20.555631803812688
53.0,13.9697,20.595954809627724
53.0,14.17071,20.63661984543972
53.0,14.37172,20.677365291837326
53.0,14.57273,20.718100809287026
53.0,14.77374,20.757356415138187
53.0,14.97475,20.79405212308734
53.0,15.17576,20.83070777167325
53.0,15.37677,20.865863583846863
53.0,15.57778,20.898579638607
53.0,15.77879,20.931305754940354
53.0,15.9798,20.96403193262706
53.0,16.18081,20.997249196598364
53.0,16.38182,21.030506607307423
53.0,16.58283,21.063774048353874
53.0,16.78384,21.096091401270616
53.0,16.98485,21.127108624234843
53.0,17.18586,21.158075801378097
53.0,17.38687,21.188042961112263
53.0,17.58788,21.216710096338595
53.0,17.78889,21.24536727252439
53.0,17.9899,21.274034489401622
53.0,18.19091,21.303002373710267
53.0,18.39192,21.33198031546485
53.0,18.59293,21.360968280948835
53.0,18.79394,21.389216289716778
53.0,18.99495,21.416644344133406
53.0,19.19596,21.44404236653648
53.0,19.39697,21.470630457012632
53.0,19.59798,21.49635861854241
53.0,19.79899,21.522086801408825
53.0,20.0,21.54780500554584
53.3,0.1,4.860645394995615
53.3,0.3010101,6.5223496045350755
53.3,0.5020202,7.1985707877618195
53.3,0.7030303,7.621043841949802
53.3,0.9040404,7.976870203786561
53.3,1.105051,8.284935723688436
53.3,1.306061,8.56379505175646
53.3,1.507071,8.842677741621063
53.3,1.708081,9.105648925227811
53.3,1.909091,9.363325435162448
53.3,2.110101,9.615736955317661
53.3,2.311111,9.858684069499553
53.3,2.512121,10.101631298394775
53.3,2.713131,10.356966548442122
53.3,2.914141,10.612738055346314
53.3,3.115152,10.87685884316419
53.3,3.316162,11.14719621351276
53.3,3.517172,11.417535990450485
53.3,3.718182,11.687888005035632
53.3,3.919192,11.958232107257608
53.3,4.120202,12.23300458516401
53.3,4.321212,12.510750236733754
53.3,4.522222,12.788508547135773
53.3,4.723232,13.066259354081716
53.3,4.924242,13.344022494591773
53.3,5.125253,13.586077468786225
53.3,5.326263,13.806557883379707
53.3,5.527273,14.027029843832704
53.3,5.728283,14.247513277094578
53.3,5.929293,14.467988118753498
53.3,6.130303,14.777124870744744
53.3,6.331313,15.134363622551911
53.3,6.532323,15.491604035175992
53.3,6.733333,15.848845997848846
53.3,6.934343,16.206089409590067
53.3,7.135354,16.499238313807446
53.3,7.336364,16.761312634486877
53.3,7.537374,17.023390022741943
53.3,7.738384,17.285489885036913
53.3,7.939394,17.547591662620412
53.3,8.140404,17.767932890715134
53.3,8.341414,17.970235710859914
53.3,8.542424,18.172542502911202
53.3,8.743434,18.374853135677167
53.3,8.944444,18.577167483678373
53.3,9.145455,18.724761184958577
53.3,9.346465,18.85146969182509
53.3,9.547475,18.978170610166398
53.3,9.748485,19.104873891653472
53.3,9.949495,19.231589489329693
53.3,10.15051,19.345178633015085
53.3,10.35152,19.45437265961947
53.3,10.55253,19.5635676059972
53.3,10.75354,19.67276345684917
53.3,10.95455,19.78196019659896
53.3,11.15556,19.853800632663404
53.3,11.35657,19.914732500980158
53.3,11.55758,19.975654939310548
53.3,11.75859,20.03658794215136
53.3,11.9596,20.09751150465364
53.3,12.16061,20.156619680063866
53.3,12.36162,20.215259164898956
53.3,12.56263,20.273898906352926
53.3,12.76364,20.332538902265625
53.3,12.96465,20.391179150475875
53.3,13.16566,20.434721240173165
53.3,13.36667,20.475033833168
53.3,13.56768,20.51534658058405
53.3,13.76869,20.55566948150538
53.3,13.9697,20.595982535166776
53.3,14.17071,20.636657605725606
53.3,14.37172,20.677393084693914
53.3,14.57273,20.71812863450459
53.3,14.77374,20.758864254740153
53.3,14.97475,20.79959994502458
53.3,15.17576,20.833335875569226
53.3,15.37677,20.866061893304675
53.3,15.57778,20.898777972959827
53.3,15.77879,20.931504114110577
53.3,15.9798,20.964230316536618
53.3,16.18081,20.99744759869591
53.3,16.38182,21.030705026812456
53.3,16.58283,21.063972485211526
53.3,16.78384,21.097239973810705
53.3,16.98485,21.130497492523293
53.3,17.18586,21.159504598936557
53.3,17.38687,21.18817171004962
53.3,17.58788,21.21683886219217
53.3,17.78889,21.245496055247717
53.3,17.9899,21.274163288949563
53.3,18.19091,21.303121186376178
53.3,18.39192,21.3321091409522
53.3,18.59293,21.36108711925529
53.3,18.79394,21.390075121157476
53.3,18.99495,21.419053146622495
53.3,19.19596,21.44486127452474
53.3,19.39697,21.470589425906034
53.3,19.59798,21.496307598714704
53.3,19.79899,21.52203579276245
53.3,20.0,21.547764007986626
53.599999999999994,0.1,4.877063338648442
53.599999999999994,0.3010101,6.5468919953054066
53.599999999999994,0.5020202,7.2267579658777
53.599999999999994,0.7030303,7.650693893440271
53.599999999999994,0.9040404,8.003228650549309
53.599999999999994,1.105051,8.315148808181391
53.599999999999994,1.306061,8.592164373048963
53.599999999999994,1.507071,8.870491543931898
53.599999999999994,1.708081,9.13355186097498
53.599999999999994,1.909091,9.388739851264642
53.599999999999994,2.110101,9.639922898728532
53.599999999999994,2.311111,9.884865247939727
53.599999999999994,2.512121,10.128008657934481
53.599999999999994,2.713131,10.383107243732066
53.599999999999994,2.914141,10.598295962888796
53.599999999999994,3.115152,10.842198742359708
53.599999999999994,3.316162,11.11253659467934
53.599999999999994,3.517172,11.409443308972572
53.599999999999994,3.718182,11.724175679530486
53.599999999999994,3.919192,11.986978544621458
53.599999999999994,4.120202,12.257281575081999
53.599999999999994,4.321212,12.532896424958677
53.599999999999994,4.522222,12.81064516684349
53.599999999999994,4.723232,13.088396377243745
53.599999999999994,4.924242,13.36615990423012
53.599999999999994,5.125253,13.608225279114885
53.599999999999994,5.326263,13.828696106325793
53.599999999999994,5.527273,14.049168462453194
53.599999999999994,5.728283,14.27269242642094
53.599999999999994,5.929293,14.51478873247654
53.599999999999994,6.130303,14.831526351743484
53.599999999999994,6.331313,15.188765596869194
53.599999999999994,6.532323,15.54601647462102
53.599999999999994,6.733333,15.892553336129838
53.599999999999994,6.934343,16.185296261531924
53.599999999999994,7.135354,16.478035197328353
53.599999999999994,7.336364,16.765236189439523
53.599999999999994,7.537374,17.027325263287636
53.599999999999994,7.738384,17.28941675884179
53.599999999999994,7.939394,17.551530116839857
53.599999999999994,8.140404,17.77186248108963
53.599999999999994,8.341414,17.97416623935289
53.599999999999994,8.542424,18.176473947767708
53.599999999999994,8.743434,18.370177186736953
53.599999999999994,8.944444,18.532669876183636
53.599999999999994,9.145455,18.695804465667038
53.599999999999994,9.346465,18.85070194679834
53.599999999999994,9.547475,18.97741319629145
53.599999999999994,9.748485,19.10411680495182
53.599999999999994,9.949495,19.230832725584794
53.599999999999994,10.15051,19.34442210820694
53.599999999999994,10.35152,19.453616343736805
53.599999999999994,10.55253,19.562811497405963
53.599999999999994,10.75354,19.665548304003032
53.599999999999994,10.95455,19.75047798450044
53.599999999999994,11.15556,19.835658096149764
53.599999999999994,11.35657,19.914069165359077
53.599999999999994,11.55758,19.975001702009127
53.599999999999994,11.75859,20.03592480288311
53.599999999999994,11.9596,20.096858462573262
53.599999999999994,12.16061,20.155956711650827
53.599999999999994,12.36162,20.214596263902532
53.599999999999994,12.56263,20.273236072403105
53.599999999999994,12.76364,20.329056504691497
53.599999999999994,12.96465,20.378767959845923
53.599999999999994,13.16566,20.428469450675887
53.599999999999994,13.36667,20.4750714309523
53.599999999999994,13.56768,20.51538422571125
53.599999999999994,13.76869,20.555697173792502
53.599999999999994,13.9697,20.5960102743799
53.599999999999994,14.17071,20.636685379710073
53.599999999999994,14.37172,20.6774208911918
53.599999999999994,14.57273,20.718156473387513
53.599999999999994,14.77374,20.75745223424494
53.599999999999994,14.97475,20.794268247946754
53.599999999999994,15.17576,20.831034200570937
53.599999999999994,15.37677,20.86626021612643
53.599999999999994,15.57778,20.898986320197825
53.599999999999994,15.77879,20.931712485720258
53.599999999999994,15.9798,20.964438712477087
53.599999999999994,16.18081,20.997646012836267
53.599999999999994,16.38182,21.0309134582523
53.599999999999994,16.58283,21.06417093398056
53.599999999999994,16.78384,21.096478390802105
53.599999999999994,16.98485,21.127435811803515
53.599999999999994,17.18586,21.158353185292437
53.599999999999994,17.38687,21.188300469226753
53.599999999999994,17.58788,21.216967638060545
53.599999999999994,17.78889,21.245624847761164
53.599999999999994,17.9899,21.274292098064173
53.599999999999994,18.19091,21.303250008504065
53.599999999999994,18.39192,21.332237975841814
53.599999999999994,18.59293,21.361215966931447
53.599999999999994,18.79394,21.389424026700375
53.599999999999994,18.99495,21.41673216030546
53.599999999999994,19.19596,21.444010261518805
53.599999999999994,19.39697,21.470538403007236
53.599999999999994,19.59798,21.49626658683671
53.599999999999994,19.79899,21.521994791892553
53.599999999999994,20.0,21.54771301819311
53.900000000000006,0.1,4.893044423354661
53.900000000000006,0.3010101,6.57155358014461
53.900000000000006,0.5020202,7.253836034634883
53.900000000000006,0.7030303,7.680106858022806
53.900000000000006,0.9040404,8.037148515261297
53.900000000000006,1.105051,8.345244969909512
53.900000000000006,1.306061,8.622257881869597
53.900000000000006,1.507071,8.899098935631665
53.900000000000006,1.708081,9.159108352509003
53.900000000000006,1.909091,9.41362822863705
53.900000000000006,2.110101,9.664837280608989
53.900000000000006,2.311111,9.909777710328282
53.900000000000006,2.512121,10.15603495039628
53.900000000000006,2.713131,10.397552993497914
53.900000000000006,2.914141,10.612402259647089
53.900000000000006,3.115152,10.880582853607118
53.900000000000006,3.316162,11.200485605446369
53.900000000000006,3.517172,11.487098139418787
53.900000000000006,3.718182,11.74988943766115
53.900000000000006,3.919192,12.012692906367043
53.900000000000006,4.120202,12.28299668550562
53.900000000000006,4.321212,12.558354528666982
53.900000000000006,4.522222,12.833714208920199
53.900000000000006,4.723232,13.110543559662814
53.900000000000006,4.924242,13.388297468383278
53.900000000000006,5.125253,13.630363243347055
53.900000000000006,5.326263,13.850834477807135
53.900000000000006,5.527273,14.084997875249165
53.900000000000006,5.728283,14.32710315900745
53.900000000000006,5.929293,14.569199896878144
53.900000000000006,6.130303,14.885937995616171
53.900000000000006,6.331313,15.24317772830685
53.900000000000006,6.532323,15.557957047406331
53.900000000000006,6.733333,15.850689788159201
53.900000000000006,6.934343,16.14342867231316
53.900000000000006,7.135354,16.436183367888965
53.900000000000006,7.336364,16.728933573089055
53.900000000000006,7.537374,17.02169900312604
53.900000000000006,7.738384,17.29335386221235
53.900000000000006,7.939394,17.555458797785555
53.900000000000006,8.140404,17.775792294280176
53.900000000000006,8.341414,17.978096987717265
53.900000000000006,8.542424,18.152191614318397
53.900000000000006,8.743434,18.314671852428475
53.900000000000006,8.944444,18.477165035113835
53.900000000000006,9.145455,18.6402995885121
53.900000000000006,9.346465,18.803676484521286
53.900000000000006,9.547475,18.967066237911574
53.900000000000006,9.748485,19.103359767474508
53.900000000000006,9.949495,19.230076010794104
53.900000000000006,10.15051,19.343665632104894
53.900000000000006,10.35152,19.452860077609582
53.900000000000006,10.55253,19.543647653029186
53.900000000000006,10.75354,19.62857671600903
53.900000000000006,10.95455,19.713506535668696
53.900000000000006,11.15556,19.798686640619728
53.900000000000006,11.35657,19.88394732987424
53.900000000000006,11.55758,19.969198727134344
53.900000000000006,11.75859,20.035261681863428
53.900000000000006,11.9596,20.096195438810383
53.900000000000006,12.16061,20.155293761378037
53.900000000000006,12.36162,20.213933381003926
53.900000000000006,12.56263,20.26535422145756
53.900000000000006,12.76364,20.315065505476163
53.900000000000006,12.96465,20.364776999609543
53.900000000000006,13.16566,20.414488500349783
53.900000000000006,13.36667,20.46419016577271
53.900000000000006,13.56768,20.513902037322257
53.900000000000006,13.76869,20.55572488126757
53.900000000000006,13.9697,20.59604802867044
53.900000000000006,14.17071,20.63671316882356
53.900000000000006,14.37172,20.67744871278795
53.900000000000006,14.57273,20.71481458352801
53.900000000000006,14.77374,20.75163056099456
53.900000000000006,14.97475,20.788446602514483
53.900000000000006,15.17576,20.82521257671082
53.900000000000006,15.37677,20.86197859702465
53.900000000000006,15.57778,20.898734682200985
53.900000000000006,15.77879,20.9319108675007
53.900000000000006,15.9798,20.964637118569694
53.900000000000006,16.18081,20.99784443698068
53.900000000000006,16.38182,21.031111899740182
53.900000000000006,16.58283,21.06227928532244
53.900000000000006,16.78384,21.093236693958314
53.900000000000006,16.98485,21.124194136274916
53.900000000000006,17.18586,21.155121529193828
53.900000000000006,17.38687,21.186038949846996
53.900000000000006,17.58788,21.21695640488623
53.900000000000006,17.78889,21.245753647214098
53.900000000000006,17.9899,21.27442091410879
53.900000000000006,18.19091,21.3033788375833
53.900000000000006,18.39192,21.33236681770293
53.900000000000006,18.59293,21.359744914723475
53.900000000000006,18.79394,21.38705303768546
53.900000000000006,18.99495,21.41436118256307
53.900000000000006,19.19596,21.441639294124546
53.900000000000006,19.39697,21.468927426557826
53.900000000000006,19.59798,21.496205581254966
53.900000000000006,19.79899,21.521943796986438
53.900000000000006,20.0,21.547672034250336
54.2,0.1,4.9081934838435
54.2,0.3010101,6.595842354953689
54.2,0.5020202,7.281098312292467
54.2,0.7030303,7.708184583101464
54.2,0.9040404,8.066346742192566
54.2,1.105051,8.37458287316703
54.2,1.306061,8.651030696757466
54.2,1.507071,8.927208004480129
54.2,1.708081,9.187092075683854
54.2,1.909091,9.441521473449978
54.2,2.110101,9.692630197377875
54.2,2.311111,9.940268885429166
54.2,2.512121,10.18832121457057
54.2,2.713131,10.45405372059122
54.2,2.914141,10.718210272825369
54.2,3.115152,10.987225299972708
54.2,3.316162,11.250012470935733
54.2,3.517172,11.51281209316561
54.2,3.718182,11.775604008194307
54.2,3.919192,12.038408062167564
54.2,4.120202,12.30871256749516
54.2,4.321212,12.58407121328996
54.2,4.522222,12.859421659821578
54.2,4.723232,13.134783786871019
54.2,4.924242,13.410435188120996
54.2,5.125253,13.65522147754903
54.2,5.326263,13.897314115585562
54.2,5.527273,14.139408339312235
54.2,5.728283,14.381504070357577
54.2,5.929293,14.623601235482445
54.2,6.130303,14.930615129631397
54.2,6.331313,15.223351023164136
54.2,6.532323,15.516083568139589
54.2,6.733333,15.808832389856624
54.2,6.934343,16.101577149497427
54.2,7.135354,16.394327529220796
54.2,7.336364,16.68709322986177
54.2,7.537374,16.979853980280076
54.2,7.738384,17.27262951985478
54.2,7.939394,17.559397704104033
54.2,8.140404,17.771724233333796
54.2,8.341414,17.934208826910165
54.2,8.542424,18.09668652924898
54.2,8.743434,18.259167257737392
54.2,8.944444,18.421660930071774
54.2,9.145455,18.584795440665854
54.2,9.346465,18.748182101339385
54.2,9.547475,18.911561631708675
54.2,9.748485,19.074953958980466
54.2,9.949495,19.229309346587268
54.2,10.15051,19.33680998228658
54.2,10.35152,19.421737640289617
54.2,10.55253,19.506666075229187
54.2,10.75354,19.591595277010033
54.2,10.95455,19.676535235527016
54.2,11.15556,19.761715333126013
54.2,11.35657,19.846965973920923
54.2,11.55758,19.93222732415331
54.2,11.75859,20.017489374909367
54.2,11.9596,20.09553243299384
54.2,12.16061,20.15194120285059
54.2,12.36162,20.20165210107247
54.2,12.56263,20.25136321247848
54.2,12.76364,20.301074535501648
54.2,12.96465,20.350786068593944
54.2,13.16566,20.400497579283133
54.2,13.36667,20.450209248489486
54.2,13.56768,20.49991112408763
54.2,13.76869,20.54962320448474
54.2,13.9697,20.596075798201703
54.2,14.17071,20.63537107992058
54.2,14.37172,20.672176956304497
54.2,14.57273,20.70899289730749
54.2,14.77374,20.745808902624553
54.2,14.97475,20.78262497191424
54.2,15.17576,20.819390967706106
54.2,15.37677,20.85615700868401
54.2,15.57778,20.89291311446881
54.2,15.77879,20.929679284518198
54.2,15.9798,20.96483553468286
54.2,16.18081,20.997122822675244
54.2,16.38182,21.028080184911108
54.2,16.58283,21.05903758106754
54.2,16.78384,21.09000501097517
54.2,16.98485,21.12096247462755
54.2,17.18586,21.15187988710101
54.2,17.38687,21.182797327061405
54.2,17.58788,21.213714801325
54.2,17.78889,21.244632309742343
54.2,17.9899,21.274549737144486
54.2,18.19091,21.302757718087122
54.2,18.39192,21.330065808310945
54.2,18.59293,21.35737392059231
54.2,18.79394,21.384682054847275
54.2,18.99495,21.411990210991487
54.2,19.19596,21.439268332895516
54.2,19.39697,21.466556475596843
54.2,19.59798,21.493834640594056
54.2,19.79899,21.521112827705753
54.2,20.0,21.547621056207888
54.5,0.1,4.923162101380573
54.5,0.3010101,6.6197055096110144
54.5,0.5020202,7.308854055068245
54.5,0.7030303,7.736672982655173
54.5,0.9040404,8.090910409123973
54.5,1.105051,8.403418781088376
54.5,1.306061,8.67905660043359
54.5,1.507071,8.955233656545625
54.5,1.708081,9.215151257818532
54.5,1.909091,9.458754144800537
54.5,2.110101,9.688424731478703
54.5,2.311111,9.936438355430651
54.5,2.512121,10.201394807311596
54.5,2.713131,10.471142084116597
54.5,2.914141,10.744406306432438
54.5,3.115152,11.012072546947211
54.5,3.316162,11.275166981711589
54.5,3.517172,11.537956918864195
54.5,3.718182,11.800759126163223
54.5,3.919192,12.063553458878241
54.5,4.120202,12.33386834577945
54.5,4.321212,12.609227435036127
54.5,4.522222,12.884578302520632
54.5,4.723232,13.159940829732001
54.5,4.924242,13.433785723116662
54.5,5.125253,13.670882140416618
54.5,5.326263,13.903066031615325
54.5,5.527273,14.14516053431414
54.5,5.728283,14.38726653123127
54.5,5.929293,14.629363952651236
54.5,6.130303,14.938775232170451
54.5,6.331313,15.249945318246105
54.5,6.532323,15.542687827823691
54.5,6.733333,15.835426609995954
54.5,6.934343,16.12818131830258
54.5,7.135354,16.420931640403936
54.5,7.336364,16.71369727696686
54.5,7.537374,17.006457957618622
54.5,7.738384,17.29923342241829
54.5,7.939394,17.565268081058086
54.5,8.140404,17.779812655850417
54.5,8.341414,17.95264750341189
54.5,8.542424,18.115135574631168
54.5,8.743434,18.277616661946325
54.5,8.944444,18.440110684794885
54.5,9.145455,18.603245716359726
54.5,9.346465,18.76662295236572
54.5,9.547475,18.93001304628947
54.5,9.748485,19.09340592429215
54.5,9.949495,19.228853538866964
54.5,10.15051,19.341805473944103
54.5,10.35152,19.432562983221473
54.5,10.55253,19.51749152147542
54.5,10.75354,19.60242082589161
54.5,10.95455,19.687350885910487
54.5,11.15556,19.77254113447495
54.5,11.35657,19.857791939595213
54.5,11.55758,19.943053452353748
54.5,11.75859,20.028315663885138
54.5,11.9596,20.0948393918458
54.5,12.16061,20.154537499467622
54.5,12.36162,20.206108143617687
54.5,12.56263,20.255819329742966
54.5,12.76364,20.305530727031506
54.5,12.96465,20.355242334022062
54.5,13.16566,20.404953930819392
54.5,13.36667,20.454655688446383
54.5,13.56768,20.50436765185054
54.5,13.76869,20.55407981963401
54.5,13.9697,20.59609349286204
54.5,14.17071,20.636978938528266
54.5,14.37172,20.674394822676213
54.5,14.57273,20.711210791796198
54.5,14.77374,20.74801682519436
54.5,14.97475,20.784832922386332
54.5,15.17576,20.821598949451847
54.5,15.37677,20.858365022085657
54.5,15.57778,20.895131159344142
54.5,15.77879,20.931887360876406
54.5,15.9798,20.965053940434544
54.5,16.18081,20.998251420040184
54.5,16.38182,21.029428819100325
54.5,16.58283,21.060396230566123
54.5,16.78384,21.091353675878896
54.5,16.98485,21.122311154768617
54.5,17.18586,21.15322858382985
54.5,17.38687,21.18415604038931
54.5,17.58788,21.21507353128337
54.5,17.78889,21.24599105624888
54.5,17.9899,21.274698579093968
54.5,18.19091,21.303586698737014
54.5,18.39192,21.330964802547893
54.5,18.59293,21.358272925188285
54.5,18.79394,21.3855810697749
54.5,18.99495,21.412889236223492
54.5,19.19596,21.440167369107925
54.5,19.39697,21.46745552277951
54.5,19.59798,21.494733698717603
54.5,19.79899,21.522011896741674
54.5,20.0,21.547620139633626
54.8,0.1,4.938822018198805
54.8,0.3010101,6.643059505522653
54.8,0.5020202,7.335821166751804
54.8,0.7030303,7.764781543563329
54.8,0.9040404,8.12393425408258
54.8,1.105051,8.432320876551659
54.8,1.306061,8.707843236662955
54.8,1.507071,8.983382267974186
54.8,1.708081,9.217450698988293
54.8,1.909091,9.437154851571371
54.8,2.110101,9.67524160374631
54.8,2.311111,9.948474484034447
54.8,2.512121,10.221718022892645
54.8,2.713131,10.494970544157072
54.8,2.914141,10.768220442087555
54.8,3.115152,11.035894414079465
54.8,3.316162,11.299394825395105
54.8,3.517172,11.562832086443919
54.8,3.718182,11.825634429093729
54.8,3.919192,12.088428888771576
54.8,4.120202,12.358743987993257
54.8,4.321212,12.634093346743072
54.8,4.522222,12.909184603046114
54.8,4.723232,13.182088655644955
54.8,4.924242,13.454984263257694
54.8,5.125253,13.692080987502441
54.8,5.326263,13.907536784140024
54.8,5.527273,14.126593581985377
54.8,5.728283,14.36868976009958
54.8,5.929293,14.6107973557307
54.8,6.130303,14.920198907090153
54.8,6.331313,15.26613360477767
54.8,6.532323,15.603520313989018
54.8,6.733333,15.896266010526439
54.8,6.934343,16.18900772738464
54.8,7.135354,16.48175513991043
54.8,7.336364,16.77451795044964
54.8,7.537374,17.06010525815076
54.8,7.738384,17.314314294101333
54.8,7.939394,17.56853351177468
54.8,8.140404,17.78307879221722
54.8,8.341414,17.980503906550684
54.8,8.542424,18.17055215742553
54.8,8.743434,18.33304353256847
54.8,8.944444,18.49552783020496
54.8,9.145455,18.658663655420547
54.8,9.346465,18.822051864047825
54.8,9.547475,18.976563619600523
54.8,9.748485,19.102390094714714
54.8,9.949495,19.22821871486041
54.8,10.15051,19.341160816543464
54.8,10.35152,19.449787692805902
54.8,10.55253,19.552215603912614
54.8,10.75354,19.637144991872507
54.8,10.95455,19.722075133392348
54.8,11.15556,19.807255611306882
54.8,11.35657,19.892516685775607
54.8,11.55758,19.97101878295116
54.8,11.75859,20.032682284948834
54.8,11.9596,20.094356342861786
54.8,12.16061,20.154044528727603
54.8,12.36162,20.21324392011925
54.8,12.56263,20.269494082809043
54.8,12.76364,20.3192055717975
54.8,12.96465,20.368917269858024
54.8,13.16566,20.418618990614238
54.8,13.36667,20.468330878377795
54.8,13.56768,20.51497350767059
54.8,13.76869,20.555577345361836
54.8,13.9697,20.59617130787594
54.8,14.17071,20.63705678646121
54.8,14.37172,20.67799258246645
54.8,14.57273,20.717438492992073
54.8,14.77374,20.754244554429185
54.8,14.97475,20.791060679542813
54.8,15.17576,20.827826742671487
54.8,15.37677,20.864592852442847
54.8,15.57778,20.899799165294116
54.8,15.77879,20.93254575338537
54.8,15.9798,20.965282393089268
54.8,16.18081,20.998479889830588
54.8,16.38182,21.031737505599388
54.8,16.58283,21.064035059464587
54.8,16.78384,21.095002516976834
54.8,16.98485,21.125960008111907
54.8,17.18586,21.15687745232769
54.8,17.38687,21.187794924246784
54.8,17.58788,21.217692413152328
54.8,17.78889,21.246279914362237
54.8,17.9899,21.274867450033522
54.8,18.19091,21.30374558134697
54.8,18.39192,21.33264376273719
54.8,18.59293,21.36080193256027
54.8,18.79394,21.388110086990313
54.8,18.99495,21.41541826325464
54.8,19.19596,21.44270640739037
54.8,19.39697,21.469984572429762
54.8,19.59798,21.496442770849825
54.8,19.79899,21.522041002669575
54.8,20.0,21.547639255916376
55.099999999999994,0.1,4.953770359244382
55.099999999999994,0.3010101,6.666459686395145
55.099999999999994,0.5020202,7.362575501683603
55.099999999999994,0.7030303,7.792887754638325
55.099999999999994,0.9040404,8.148875586038473
55.099999999999994,1.105051,8.46208720215739
55.099999999999994,1.306061,8.73809873841017
55.099999999999994,1.507071,9.016321590358798
55.099999999999994,1.708081,9.28197893622942
55.099999999999994,1.909091,9.530394356236087
55.099999999999994,2.110101,9.760398296122814
55.099999999999994,2.311111,10.009347028675737
55.099999999999994,2.512121,10.258210212165283
55.099999999999994,2.713131,10.518792865923624
55.099999999999994,2.914141,10.792048357388284
55.099999999999994,3.115152,11.059709982711373
55.099999999999994,3.316162,11.323209499538429
55.099999999999994,3.517172,11.586711233039274
55.099999999999994,3.718182,11.850215035334536
55.099999999999994,3.919192,12.113304526015432
55.099999999999994,4.120202,12.38360983576323
55.099999999999994,4.321212,12.657490217175248
55.099999999999994,4.522222,12.930382854032446
55.099999999999994,4.723232,13.203287129051235
55.099999999999994,4.924242,13.476192947785137
55.099999999999994,5.125253,13.71328997554142
55.099999999999994,5.326263,13.928736125812362
55.099999999999994,5.527273,14.144183577056172
55.099999999999994,5.728283,14.359632270714673
55.099999999999994,5.929293,14.592220822229974
55.099999999999994,6.130303,14.901632640555809
55.099999999999994,6.331313,15.247567651988764
55.099999999999994,6.532323,15.59350534274364
55.099999999999994,6.733333,15.939445541333427
55.099999999999994,6.934343,16.24983583305683
55.099999999999994,7.135354,16.542590327762003
55.099999999999994,7.336364,16.8091791903376
55.099999999999994,7.537374,17.063368690249973
55.099999999999994,7.738384,17.317578799703227
55.099999999999994,7.939394,17.571799056752536
55.099999999999994,8.140404,17.78634504016268
55.099999999999994,8.341414,17.983770709157724
55.099999999999994,8.542424,18.181199471602568
55.099999999999994,8.743434,18.3786312268316
55.099999999999994,8.944444,18.550955816089903
55.099999999999994,9.145455,18.714092422949555
55.099999999999994,9.346465,18.850103814652226
55.099999999999994,9.547475,18.975928344197158
55.099999999999994,9.748485,19.101755060049626
55.099999999999994,9.949495,19.227573918088012
55.099999999999994,10.15051,19.340516185985344
55.099999999999994,10.35152,19.449143204393273
55.099999999999994,10.55253,19.55777100336105
55.099999999999994,10.75354,19.66638957077169
55.099999999999994,10.95455,19.75679958455137
55.099999999999994,11.15556,19.841980289980505
55.099999999999994,11.35657,19.90886250434878
55.099999999999994,11.55758,19.970535547488986
55.099999999999994,11.75859,20.03219915248924
55.099999999999994,11.9596,20.093863312863284
55.099999999999994,12.16061,20.153561576773175
55.099999999999994,12.36162,20.21276103989544
55.099999999999994,12.56263,20.271960779056972
55.099999999999994,12.76364,20.33116079184649
55.099999999999994,12.96465,20.38259230373281
55.099999999999994,13.16566,20.432294147946177
55.099999999999994,13.36667,20.474457496177767
55.099999999999994,13.56768,20.515051251608053
55.099999999999994,13.76869,20.555655132266114
55.099999999999994,13.9697,20.59624913761679
55.099999999999994,14.17071,20.637134649092626
55.099999999999994,14.37172,20.67807047612576
55.099999999999994,14.57273,20.71900636860825
55.099999999999994,14.77374,20.759942326152935
55.099999999999994,14.97475,20.797288462050332
55.099999999999994,15.17576,20.83405456117586
55.099999999999994,15.37677,20.867291023939227
55.099999999999994,15.57778,20.900027582842892
55.099999999999994,15.77879,20.932774193409635
55.099999999999994,15.9798,20.965520855493644
55.099999999999994,16.18081,20.998718369288508
55.099999999999994,16.38182,21.03196600159434
55.099999999999994,16.58283,21.0652136616141
55.099999999999994,16.78384,21.098461349282648
55.099999999999994,16.98485,21.129598869925182
55.099999999999994,17.18586,21.160526329162376
55.099999999999994,17.38687,21.18927377894039
55.099999999999994,17.58788,21.21786126059653
55.099999999999994,17.78889,21.246448776842602
55.099999999999994,17.9899,21.27503632750894
55.099999999999994,18.19091,21.303914470438055
55.099999999999994,18.39192,21.332802663279676
55.099999999999994,18.59293,21.361700876056485
55.099999999999994,18.79394,21.390599108673022
55.099999999999994,18.99495,21.417957296780564
55.099999999999994,19.19596,21.445235452209737
55.099999999999994,19.39697,21.470863650895335
55.099999999999994,19.59798,21.49646187155081
55.099999999999994,19.79899,21.522050113694732
55.099999999999994,20.0,21.547648377175612
55.400000000000006,0.1,4.969912142138921
55.400000000000006,0.3010101,6.690081623434926
55.400000000000006,0.5020202,7.388322524746248
55.400000000000006,0.7030303,7.821526369812284
55.400000000000006,0.9040404,8.182303960475162
55.400000000000006,1.105051,8.492614411800584
55.400000000000006,1.306061,8.771201025951287
55.400000000000006,1.507071,9.049426938812342
55.400000000000006,1.708081,9.315061589744255
55.400000000000006,1.909091,9.576475631681813
55.400000000000006,2.110101,9.828709932407067
55.400000000000006,2.311111,10.076581849843917
55.400000000000006,2.512121,10.325503305510031
55.400000000000006,2.713131,10.574392069620217
55.400000000000006,2.914141,10.821424311282751
55.400000000000006,3.115152,11.06025576623985
55.400000000000006,3.316162,11.323754323575319
55.400000000000006,3.517172,11.58725514114073
55.400000000000006,3.718182,11.850758068146662
55.400000000000006,3.919192,12.139624148008043
55.400000000000006,4.120202,12.405515373263759
55.400000000000006,4.321212,12.678406525883743
55.400000000000006,4.522222,12.951309414691819
55.400000000000006,4.723232,13.224203933651461
55.400000000000006,4.924242,13.49710998077546
55.400000000000006,5.125253,13.734207333263651
55.400000000000006,5.326263,13.949653859933022
55.400000000000006,5.527273,14.165101674204282
55.400000000000006,5.728283,14.38055071820531
55.400000000000006,5.929293,14.599030421697623
55.400000000000006,6.130303,14.906362172797884
55.400000000000006,6.331313,15.252297693549973
55.400000000000006,6.532323,15.598235873246125
55.400000000000006,6.733333,15.944176537314098
55.400000000000006,6.934343,16.279548826796216
55.400000000000006,7.135354,16.55835213799014
55.400000000000006,7.336364,16.81254167450821
55.400000000000006,7.537374,17.066742272975162
55.400000000000006,7.738384,17.32094344812609
55.400000000000006,7.939394,17.57516473739573
55.400000000000006,8.140404,17.789711425642786
55.400000000000006,8.341414,17.987137658273205
55.400000000000006,8.542424,18.184566970558322
55.400000000000006,8.743434,18.381999263268337
55.400000000000006,8.944444,18.57112521367832
55.400000000000006,9.145455,18.72367576591833
55.400000000000006,9.346465,18.84949831016091
55.400000000000006,9.547475,18.97531308190719
55.400000000000006,9.748485,19.101140035078743
55.400000000000006,9.949495,19.226969128575647
55.400000000000006,10.15051,19.339911561732865
55.400000000000006,10.35152,19.448528722345888
55.400000000000006,10.55253,19.557156661756686
55.400000000000006,10.75354,19.66577536866824
55.400000000000006,10.95455,19.76800515904857
55.400000000000006,11.15556,19.84671660705402
55.400000000000006,11.35657,19.908379187217736
55.400000000000006,11.55758,19.97005233357832
55.400000000000006,11.75859,20.031716040139056
55.400000000000006,11.9596,20.093390302057237
55.400000000000006,12.16061,20.153078644035194
55.400000000000006,12.36162,20.212278178908175
55.400000000000006,12.56263,20.271477989407927
55.400000000000006,12.76364,20.330678073082876
55.400000000000006,12.96465,20.386948963296312
55.400000000000006,13.16566,20.43393153749049
55.400000000000006,13.36667,20.47453520978453
55.400000000000006,13.56768,20.515129008092877
55.400000000000006,13.76869,20.55573293154101
55.400000000000006,13.9697,20.596336979395137
55.400000000000006,14.17071,20.637212523815222
55.400000000000006,14.37172,20.67814838189515
55.400000000000006,14.57273,20.719084305301504
55.400000000000006,14.77374,20.760020293647845
55.400000000000006,14.97475,20.799456483345505
55.400000000000006,15.17576,20.83477289930654
55.400000000000006,15.37677,20.867519428659257
55.400000000000006,15.57778,20.900266009910695
55.400000000000006,15.77879,20.93300264287589
55.400000000000006,15.9798,20.965749327193947
55.400000000000006,16.18081,20.99894685808226
55.400000000000006,16.38182,21.032194506787636
55.400000000000006,16.58283,21.065442183220622
55.400000000000006,16.78384,21.098689887217773
55.400000000000006,16.98485,21.13095760127315
55.400000000000006,17.18586,21.16085515621601
55.400000000000006,17.38687,21.18944261815465
55.400000000000006,17.58788,21.218030114813658
55.400000000000006,17.78889,21.246617646022273
55.400000000000006,17.9899,21.2752052116409
55.400000000000006,18.19091,21.304083366137256
55.400000000000006,18.39192,21.332971570400353
55.400000000000006,18.59293,21.361869794509104
55.400000000000006,18.79394,21.390758038497513
55.400000000000006,18.99495,21.418856313153757
55.400000000000006,19.19596,21.445284537117868
55.400000000000006,19.39697,21.47088274650727
55.400000000000006,19.59798,21.496470977438186
55.400000000000006,19.79899,21.522069229730665
55.400000000000006,20.0,21.54766750340148
55.7,0.1,4.984940941031447
55.7,0.3010101,6.713742324064269
55.7,0.5020202,7.415516844661153
55.7,0.7030303,7.8495595345257145
55.7,0.9040404,8.212217710960038
55.7,1.105051,8.523028736937729
55.7,1.306061,8.802371749190996
55.7,1.507071,9.081483813092106
55.7,1.708081,9.346197249152171
55.7,1.909091,9.603863552680437
55.7,2.110101,9.855624415909473
55.7,2.311111,10.096221216972765
55.7,2.512121,10.340314874443665
55.7,2.713131,10.570236553516125
55.7,2.914141,10.7781240308686
55.7,3.115152,11.014236169145686
55.7,3.316162,11.30534685719944
55.7,3.517172,11.62242344171921
55.7,3.718182,11.90521441774335
55.7,3.919192,12.163976873690837
55.7,4.120202,12.429598262507817
55.7,4.321212,12.699809443390189
55.7,4.522222,12.971662495309884
55.7,4.723232,13.244557290232688
55.7,4.924242,13.51746359814974
55.7,5.125253,13.754561322322422
55.7,5.326263,13.970008276583652
55.7,5.527273,14.185466502217444
55.7,5.728283,14.414153655358083
55.7,5.929293,14.650350854375178
55.7,6.130303,14.957693418800726
55.7,6.331313,15.30362983829473
55.7,6.532323,15.649568865278063
55.7,6.733333,15.95445845936814
55.7,6.934343,16.23851202028603
55.7,7.135354,16.522581113758292
55.7,7.336364,16.806645461053453
55.7,7.537374,17.070306039084073
55.7,7.738384,17.324518264848276
55.7,7.939394,17.57873057471792
55.7,8.140404,17.793287976670005
55.7,8.341414,17.990714786400023
55.7,8.542424,18.188144663632222
55.7,8.743434,18.358770249137052
55.7,8.944444,18.518639524495004
55.7,9.145455,18.679050116797384
55.7,9.346465,18.83967279379883
55.7,9.547475,18.97476781596732
55.7,9.748485,19.100585003006774
55.7,9.949495,19.226414325702304
55.7,10.15051,19.339356924998146
55.7,10.35152,19.44798422785845
55.7,10.55253,19.556602309596666
55.7,10.75354,19.64721212541199
55.7,10.95455,19.73224296537116
55.7,11.15556,19.81749421551516
55.7,11.35657,19.902796062003723
55.7,11.55758,19.96957914277517
55.7,11.75859,20.031242949664897
55.7,11.9596,20.09291731130757
55.7,12.16061,20.15260573095225
55.7,12.36162,20.21180533767286
55.7,12.56263,20.271005219607023
55.7,12.76364,20.322786761369983
55.7,12.96465,20.37287882537287
55.7,13.16566,20.42296091741312
55.7,13.36667,20.47304317010402
55.7,13.56768,20.5152167750823
55.7,13.76869,20.555820740759053
55.7,13.9697,20.59641483082775
55.7,14.17071,20.637300408027595
55.7,14.37172,20.678236297224384
55.7,14.57273,20.719172251624364
55.7,14.77374,20.75662859164
55.7,14.97475,20.793545038962893
55.7,15.17576,20.830411427635717
55.7,15.37677,20.867277856785385
55.7,15.57778,20.90049444641703
55.7,15.77879,20.93324110140336
55.7,15.9798,20.96598780773328
55.7,16.18081,20.999185355612966
55.7,16.38182,21.032433020773176
55.7,16.58283,21.065680713575663
55.7,16.78384,21.096798396108447
55.7,16.98485,21.12770610443476
55.7,17.18586,21.15858376590488
55.7,17.38687,21.18946145108345
55.7,17.58788,21.218198976036053
55.7,17.78889,21.246786522069588
55.7,17.9899,21.27537410247302
55.7,18.19091,21.304252268539173
55.7,18.39192,21.33314048414329
55.7,18.59293,21.3620387196208
55.7,18.79394,21.389306997271518
55.7,18.99495,21.416515295515755
55.7,19.19596,21.443693561625043
55.7,19.39697,21.47087184654874
55.7,19.59798,21.49649008858119
55.7,19.79899,21.5220883510292
55.7,20.0,21.54768663480388
56.0,0.1,5.0002807282979385
56.0,0.3010101,6.737287145850688
56.0,0.5020202,7.442997637541052
56.0,0.7030303,7.8782140842249735
56.0,0.9040404,8.2371117164626
56.0,1.105051,8.55246345423222
56.0,1.306061,8.831804188106817
56.0,1.507071,9.110755829407916
56.0,1.708081,9.372384088714227
56.0,1.909091,9.629650365478094
56.0,2.110101,9.881360995064348
56.0,2.311111,10.121955384758566
56.0,2.512121,10.366158118295372
56.0,2.713131,10.626044247512587
56.0,2.914141,10.834522209127615
56.0,3.115152,11.099657302899498
56.0,3.316162,11.412037689310077
56.0,3.517172,11.670796696188305
56.0,3.718182,11.929567449233216
56.0,3.919192,12.188339837072325
56.0,4.120202,12.453951416151195
56.0,4.321212,12.724162940403065
56.0,4.522222,12.994386109052245
56.0,4.723232,13.26492086401172
56.0,4.924242,13.537817430819148
56.0,5.125253,13.77491552014997
56.0,5.326263,13.993082401750103
56.0,5.527273,14.229277402208345
56.0,5.728283,14.465473832898201
56.0,5.929293,14.701681625189652
56.0,6.130303,15.009014994547766
56.0,6.331313,15.345312092406166
56.0,6.532323,15.629358595415376
56.0,6.733333,15.913421093267548
56.0,6.934343,16.197479275324355
56.0,7.135354,16.481552844484934
56.0,7.336364,16.76562152860807
56.0,7.537374,17.049705070460107
56.0,7.738384,17.32808319511648
56.0,7.939394,17.582306522353203
56.0,8.140404,17.796854636427494
56.0,8.341414,17.986542926109422
56.0,8.542424,18.146407528083632
56.0,8.743434,18.30627473671725
56.0,8.944444,18.46614448606544
56.0,9.145455,18.62655508216235
56.0,9.346465,18.787177591895247
56.0,9.547475,18.947802593499475
56.0,9.748485,19.100039997829956
56.0,9.949495,19.22586955095143
56.0,10.15051,19.338812315570333
56.0,10.35152,19.44139010551594
56.0,10.55253,19.52641964768466
56.0,10.75354,19.611449918283775
56.0,10.95455,19.6964809090455
56.0,11.15556,19.78173217735997
56.0,11.35657,19.867044004362572
56.0,11.55758,19.95235650586459
56.0,11.75859,20.030769878509375
56.0,11.9596,20.092444339771895
56.0,12.16061,20.152132837024386
56.0,12.36162,20.208543060779064
56.0,12.56263,20.258634745381812
56.0,12.76364,20.308726630180534
56.0,12.96465,20.35880871383308
56.0,13.16566,20.408900798133388
56.0,13.36667,20.45898303748785
56.0,13.56768,20.50905547261053
56.0,13.76869,20.555898565182424
56.0,13.9697,20.59650269720529
56.0,14.17071,20.63738830726841
56.0,14.37172,20.676884362641907
56.0,14.57273,20.71380072107139
56.0,14.77374,20.75071713610124
56.0,14.97475,20.787633607501768
56.0,15.17576,20.824500014538113
56.0,15.37677,20.861366461193374
56.0,15.57778,20.898232964577133
56.0,15.77879,20.933479569775688
56.0,15.9798,20.966226298102026
56.0,16.18081,20.999423863023416
56.0,16.38182,21.031721527290717
56.0,16.58283,21.062629195397946
56.0,16.78384,21.09354689289007
56.0,16.98485,21.12446461962729
56.0,17.18586,21.155342297899306
56.0,17.38687,21.18621999973835
56.0,17.58788,21.217087731422918
56.0,17.78889,21.24695540468087
56.0,17.9899,21.275542999830638
56.0,18.19091,21.304421177486937
56.0,18.39192,21.33253941510569
56.0,18.59293,21.359747685207427
56.0,18.79394,21.38695597508357
56.0,18.99495,21.41416428471593
56.0,19.19596,21.441342561492977
56.0,19.39697,21.468530856975548
56.0,19.59798,21.495709172548654
56.0,19.79899,21.52210747725084
56.0,20.0,21.547705771123773
56.3,0.1,5.014629018127331
56.3,0.3010101,6.759907360148818
56.3,0.5020202,7.468940973874158
56.3,0.7030303,7.9054362445152515
56.3,0.9040404,8.269592040031522
56.3,1.105051,8.581325951337748
56.3,1.306061,8.860080966996028
56.3,1.507071,9.138853044230471
56.3,1.708081,9.400372195002925
56.3,1.909091,9.656152531167919
56.3,2.110101,9.907931440300969
56.3,2.311111,10.152515119730346
56.3,2.512121,10.39709646526355
56.3,2.713131,10.657281788271808
56.3,2.914141,10.918016642882185
56.3,3.115152,11.177624035409055
56.3,3.316162,11.4363911033585
56.3,3.517172,11.695150041520085
56.3,3.718182,11.953920723541572
56.3,3.919192,12.212693038289135
56.3,4.120202,12.478304800135664
56.3,4.321212,12.748526663543196
56.3,4.522222,13.01874015382486
56.3,4.723232,13.288965172127789
56.3,4.924242,13.55918162667994
56.3,5.125253,13.808207528976904
56.3,5.326263,14.044401684217993
56.3,5.527273,14.280597317820535
56.3,5.728283,14.516804356302936
56.3,5.929293,14.75300273636732
56.3,6.130303,15.020214048042934
56.3,6.331313,15.30426926338765
56.3,6.532323,15.588320649067755
56.3,6.733333,15.872387871807772
56.3,6.934343,16.15645062557203
56.3,7.135354,16.44052862196533
56.3,7.336364,16.724601595407744
56.3,7.537374,17.00868929395647
56.3,7.738384,17.292771488284156
56.3,7.939394,17.576867958102078
56.3,8.140404,17.774184734159565
56.3,8.341414,17.93404712985744
56.3,8.542424,18.093912202740036
56.3,8.743434,18.253779883319616
56.3,8.944444,18.41365010193096
56.3,9.145455,18.574060696205017
56.3,9.346465,18.734683033741234
56.3,9.547475,18.89530787147349
56.3,9.748485,19.055935147659955
56.3,9.949495,19.216574799535724
56.3,10.15051,19.32059878079522
56.3,10.35152,19.405627735040976
56.3,10.55253,19.490657427950012
56.3,10.75354,19.575697849125753
56.3,10.95455,19.660728990663202
56.3,11.15556,19.74597027677995
56.3,11.35657,19.83128208377946
56.3,11.55758,19.91659456665512
56.3,11.75859,20.001907717165103
56.3,11.9596,20.087211526303033
56.3,12.16061,20.14438141495804
56.3,12.36162,20.194472917214025
56.3,12.56263,20.244564621247882
56.3,12.76364,20.294656525608342
56.3,12.96465,20.34474862872762
56.3,13.16566,20.39483070530844
56.3,13.36667,20.444912931281316
56.3,13.56768,20.494995353099814
56.3,13.76869,20.54507796929353
56.3,13.9697,20.59516077852226
56.3,14.17071,20.634056545930402
56.3,14.37172,20.670972871698638
56.3,14.57273,20.707889254336212
56.3,14.77374,20.74480569350393
56.3,14.97475,20.781722188973156
56.3,15.17576,20.818588614360554
56.3,15.37677,20.855455078508488
56.3,15.57778,20.89232159933924
56.3,15.77879,20.929178176609735
56.3,15.9798,20.966044809907903
56.3,16.18081,20.997552341941553
56.3,16.38182,21.028469999092056
56.3,16.58283,21.05938768569608
56.3,16.78384,21.09030540165618
56.3,16.98485,21.121223146844056
56.3,17.18586,21.152100841937354
56.3,17.38687,21.182968560501017
56.3,17.58788,21.213846308742127
56.3,17.78889,21.244724086609068
56.3,17.9899,21.275591894016046
56.3,18.19091,21.302990115152134
56.3,18.39192,21.33019837683844
56.3,18.59293,21.35739665841679
56.3,18.79394,21.384604959729963
56.3,18.99495,21.411813280715954
56.3,19.19596,21.439001568088386
56.3,19.39697,21.466179874200265
56.3,19.59798,21.493358200339326
56.3,19.79899,21.52053654642971
56.3,20.0,21.547724912360902
56.599999999999994,0.1,5.028762685940032
56.599999999999994,0.3010101,6.782193253640307
56.599999999999994,0.5020202,7.494605286008389
56.599999999999994,0.7030303,7.9322496701491865
56.599999999999994,0.9040404,8.29286796784329
56.599999999999994,1.105051,8.609125064510332
56.599999999999994,1.306061,8.887065000558055
56.599999999999994,1.507071,9.165595677292005
56.599999999999994,1.708081,9.427219236830515
56.599999999999994,1.909091,9.65494273884236
56.599999999999994,2.110101,9.935173449581479
56.599999999999994,2.311111,10.179753315751567
56.599999999999994,2.512121,10.43515097906159
56.599999999999994,2.713131,10.69588170595691
56.599999999999994,2.914141,10.946657173923047
56.599999999999994,3.115152,11.2015420873256
56.599999999999994,3.316162,11.460118044692877
56.599999999999994,3.517172,11.718876956580123
56.599999999999994,3.718182,11.977647608235046
56.599999999999994,3.919192,12.236419894271002
56.599999999999994,4.120202,12.502031924967902
56.599999999999994,4.321212,12.772254239068461
56.599999999999994,4.522222,13.042468161856418
56.599999999999994,4.723232,13.312373932560547
56.599999999999994,4.924242,13.579873641801269
56.599999999999994,5.125253,13.811664306245387
56.599999999999994,5.326263,14.025263255415748
56.599999999999994,5.527273,14.261459096771127
56.599999999999994,5.728283,14.497666338104283
56.599999999999994,5.929293,14.73386491466533
56.599999999999994,6.130303,15.034545052389072
56.599999999999994,6.331313,15.362178124209104
56.599999999999994,6.532323,15.646226937112862
56.599999999999994,6.733333,15.930291657584705
56.599999999999994,6.934343,16.21435197702885
56.599999999999994,7.135354,16.498427604493834
56.599999999999994,7.336364,16.782498272055534
56.599999999999994,7.537374,17.06658372656786
56.599999999999994,7.738384,17.343645364654083
56.599999999999994,7.939394,17.59094854808906
56.599999999999994,8.140404,17.800524489570098
56.599999999999994,8.341414,17.986928350638692
56.599999999999994,8.542424,18.146793530070322
56.599999999999994,8.743434,18.3066613077976
56.599999999999994,8.944444,18.466531614612485
56.599999999999994,9.145455,18.626942757667155
56.599999999999994,9.346465,18.787565804327624
56.599999999999994,9.547475,18.948191333689042
56.599999999999994,9.748485,19.10019944379887
56.599999999999994,9.949495,19.225080230529453
56.599999999999994,10.15051,19.337553897214093
56.599999999999994,10.35152,19.43991232702367
56.599999999999994,10.55253,19.524942096403315
56.599999999999994,10.75354,19.60997259347676
56.599999999999994,10.95455,19.69501380750578
56.599999999999994,11.15556,19.780255301349563
56.599999999999994,11.35657,19.865567353302396
56.599999999999994,11.55758,19.950880077347357
56.599999999999994,11.75859,20.02942373029023
56.599999999999994,11.9596,20.091508606909102
56.599999999999994,12.16061,20.15170735081799
56.599999999999994,12.36162,20.20848774990472
56.599999999999994,12.56263,20.258569545303796
56.599999999999994,12.76364,20.308661540250256
56.599999999999994,12.96465,20.358753733459743
56.599999999999994,13.16566,20.40883593023158
56.599999999999994,13.36667,20.458918282172267
56.599999999999994,13.56768,20.509000829250688
56.599999999999994,13.76869,20.55590414058183
56.599999999999994,13.9697,20.596678688876185
56.599999999999994,14.17071,20.63778461551621
56.599999999999994,14.37172,20.677440877410532
56.599999999999994,14.57273,20.714357283173577
56.599999999999994,14.77374,20.751273745403218
56.599999999999994,14.97475,20.788190263797873
56.599999999999994,15.17576,20.825056719402173
56.599999999999994,15.37677,20.861923214702998
56.599999999999994,15.57778,20.89877976658283
56.599999999999994,15.77879,20.934016480171064
56.599999999999994,15.9798,20.966723406833744
56.599999999999994,16.18081,20.999941100013213
56.599999999999994,16.38182,21.03225884726968
56.599999999999994,16.58283,21.063166545589873
56.599999999999994,16.78384,21.094084273143338
56.599999999999994,16.98485,21.1250020298851
56.599999999999994,17.18586,21.15587973915442
56.599999999999994,17.38687,21.18675747201807
56.599999999999994,17.58788,21.217625234604544
56.599999999999994,17.78889,21.247443027323285
56.599999999999994,17.9899,21.27591085007174
56.599999999999994,18.19091,21.304739191490278
56.599999999999994,18.39192,21.332827524069998
56.599999999999994,18.59293,21.360035813826617
56.599999999999994,18.79394,21.387244123307944
56.599999999999994,18.99495,21.414452452494817
56.599999999999994,19.19596,21.4416307493323
56.599999999999994,19.39697,21.468809064932323
56.599999999999994,19.59798,21.495997400469825
56.599999999999994,19.79899,21.522325747885226
56.599999999999994,20.0,21.54778410700729
56.900000000000006,0.1,5.0434724995455
56.900000000000006,0.3010101,6.804707657243668
56.900000000000006,0.5020202,7.51945889541809
56.900000000000006,0.7030303,7.959539200715108
56.900000000000006,0.9040404,8.324961464803685
56.900000000000006,1.105051,8.637142854857066
56.900000000000006,1.306061,8.915082827279607
56.900000000000006,1.507071,9.192896499985101
56.900000000000006,1.708081,9.445108804106024
56.900000000000006,1.909091,9.665315526850996
56.900000000000006,2.110101,9.962416541772622
56.900000000000006,2.311111,10.213018270434217
56.900000000000006,2.512121,10.469583013467686
56.900000000000006,2.713131,10.720303597799544
56.900000000000006,2.914141,10.97102812283233
56.900000000000006,3.115152,11.225575239994662
56.900000000000006,3.316162,11.484131937850194
56.900000000000006,3.517172,11.74269034282402
56.900000000000006,3.718182,12.001374843303141
56.900000000000006,3.919192,12.260147089794827
56.900000000000006,4.120202,12.525759381098599
56.900000000000006,4.321212,12.795982140736129
56.900000000000006,4.522222,13.064538318563555
56.900000000000006,4.723232,13.332037027035367
56.900000000000006,4.924242,13.59952697650811
56.900000000000006,5.125253,13.83132799138058
56.900000000000006,5.326263,14.04152802076333
56.900000000000006,5.527273,14.25172918157879
56.900000000000006,5.728283,14.4785283968159
56.900000000000006,5.929293,14.714727170719996
56.900000000000006,6.130303,15.015407619509087
56.900000000000006,6.331313,15.351080103149965
56.900000000000006,6.532323,15.686755388764363
56.900000000000006,6.733333,15.988196720391333
56.900000000000006,6.934343,16.272254600547093
56.900000000000006,7.135354,16.55632785384289
56.900000000000006,7.336364,16.84039621002389
56.900000000000006,7.537374,17.09933762445817
56.900000000000006,7.738384,17.34663279379333
56.900000000000006,7.939394,17.593936801716094
56.900000000000006,8.140404,17.803513286808894
56.900000000000006,8.341414,17.99680790739119
56.900000000000006,8.542424,18.190105044311302
56.900000000000006,8.743434,18.359543417325867
56.900000000000006,8.944444,18.519413805926813
56.900000000000006,9.145455,18.679825488827237
56.900000000000006,9.346465,18.84044923568232
56.900000000000006,9.547475,18.97484590178214
56.900000000000006,9.748485,19.099724861466722
56.900000000000006,9.949495,19.22459586652194
56.900000000000006,10.15051,19.337079685185138
56.900000000000006,10.35152,19.445408037450754
56.900000000000006,10.55253,19.55372712855653
56.900000000000006,10.75354,19.6442575212134
56.900000000000006,10.95455,19.72929880799844
56.900000000000006,11.15556,19.814540508044633
56.900000000000006,11.35657,19.89985280226684
56.900000000000006,11.55758,19.966956482264607
56.900000000000006,11.75859,20.029040915249528
56.900000000000006,11.9596,20.091125885659498
56.900000000000006,12.16061,20.15133470138127
56.900000000000006,12.36162,20.211064649289394
56.900000000000006,12.56263,20.270784867845315
56.900000000000006,12.76364,20.322676650569694
56.900000000000006,12.96465,20.372758933516575
56.900000000000006,13.16566,20.42285124999736
56.900000000000006,13.36667,20.47292372766663
56.900000000000006,13.56768,20.515247803515376
56.900000000000006,13.76869,20.556012276690893
56.900000000000006,13.9697,20.596786860456163
56.900000000000006,14.17071,20.637902814166157
56.900000000000006,14.37172,20.67906905360064
56.900000000000006,14.57273,20.72024535078056
56.900000000000006,14.77374,20.757741818157108
56.900000000000006,14.97475,20.794658359426688
56.900000000000006,15.17576,20.831524845192767
56.900000000000006,15.37677,20.868391371590977
56.900000000000006,15.57778,20.901578192892316
56.900000000000006,15.77879,20.93428509269046
56.900000000000006,15.9798,20.96699203905124
56.900000000000006,16.18081,21.000209747357122
56.900000000000006,16.38182,21.033477562339076
56.900000000000006,16.58283,21.066755402777
56.900000000000006,16.78384,21.097873152898803
56.900000000000006,16.98485,21.12878092122705
56.900000000000006,17.18586,21.159658644655813
56.900000000000006,17.38687,21.190536391818185
56.900000000000006,17.58788,21.219164169470808
56.900000000000006,17.78889,21.24764197630373
56.900000000000006,17.9899,21.276119812195283
56.900000000000006,18.19091,21.304938163886742
56.900000000000006,18.39192,21.33377655866941
56.900000000000006,18.59293,21.36261497042064
56.900000000000006,18.79394,21.3898732921019
56.900000000000006,18.99495,21.41708162945221
56.900000000000006,19.19596,21.444269935697218
56.900000000000006,19.39697,21.471448260723047
56.900000000000006,19.59798,21.496926589156406
56.900000000000006,19.79899,21.522384937528077
56.900000000000006,20.0,21.54784330604776
57.2,0.1,5.057701764641478
57.2,0.3010101,6.827249267540775
57.2,0.5020202,7.545543872571122
57.2,0.7030303,7.986292663569999
57.2,0.9040404,8.352890566307485
57.2,1.105051,8.665365938807613
57.2,1.306061,8.942876297891628
57.2,1.507071,9.220175951184077
57.2,1.708081,9.481714754269982
57.2,1.909091,9.73736374536419
57.2,2.110101,9.990907197369733
57.2,2.311111,10.243241756274449
57.2,2.512121,10.49395695348335
57.2,2.713131,10.744676427489603
57.2,2.914141,10.99539988252027
57.2,3.115152,11.24960910385958
57.2,3.316162,11.508165755989713
57.2,3.517172,11.766724112109136
57.2,3.718182,12.025294058963725
57.2,3.919192,12.283874626470652
57.2,4.120202,12.549217487885247
57.2,4.321212,12.816703751155387
57.2,4.522222,13.084201401268675
57.2,4.723232,13.351690354415467
57.2,4.924242,13.619190532616658
57.2,5.125253,13.85098189766802
57.2,5.326263,14.061192335385
57.2,5.527273,14.27139389228681
57.2,5.728283,14.481596518318051
57.2,5.929293,14.695589503250787
57.2,6.130303,14.996280261198658
57.2,6.331313,15.331943109295638
57.2,6.532323,15.667618744617783
57.2,6.733333,16.003296995723016
57.2,6.934343,16.330158482626974
57.2,7.135354,16.60776026897365
57.2,7.336364,16.855037474391356
57.2,7.537374,17.10232429207429
57.2,7.738384,17.349620308660217
57.2,7.939394,17.596925138513214
57.2,8.140404,17.806502167027254
57.2,8.341414,17.999797208539743
57.2,8.542424,18.1930947588607
57.2,8.743434,18.38638473747909
57.2,8.944444,18.57229667007698
57.2,9.145455,18.724629051145374
57.2,9.346465,18.84949402515769
57.2,9.547475,18.97437112268525
57.2,9.748485,19.099250303812124
57.2,9.949495,19.224121526787695
57.2,10.15051,19.336605497494528
57.2,10.35152,19.44492397860341
57.2,10.55253,19.553253197398515
57.2,10.75354,19.661573142031315
57.2,10.95455,19.763583990614137
57.2,11.15556,19.8424061658327
57.2,11.35657,19.904489604360563
57.2,11.55758,19.96657358942408
57.2,11.75859,20.028658116626495
57.2,11.9596,20.09074318078185
57.2,12.16061,20.150952068470946
57.2,12.36162,20.210682082545222
57.2,12.56263,20.2704123667428
57.2,12.76364,20.33014291868791
57.2,12.96465,20.386774228658094
57.2,13.16566,20.433817232194908
57.2,13.36667,20.474581517968907
57.2,13.56768,20.51535591547428
57.2,13.76869,20.556130424165506
57.2,13.9697,20.59690504330575
57.2,14.17071,20.638011024204225
57.2,14.37172,20.679187289172976
57.2,14.57273,20.720363611782574
57.2,14.77374,20.76152999182356
57.2,14.97475,20.80112647591071
57.2,15.17576,20.836423095410908
57.2,15.37677,20.86912992129558
57.2,15.57778,20.90183679411936
57.2,15.77879,20.934543713629463
57.2,15.9798,20.96725067967327
57.2,16.18081,21.000468403122763
57.2,16.38182,21.033746232582505
57.2,16.58283,21.067014087585182
57.2,16.78384,21.100291967878153
57.2,16.98485,21.132569820818826
57.2,17.18586,21.162417558609945
57.2,17.38687,21.190895320259852
57.2,17.58788,21.21937311116739
57.2,17.78889,21.24784093128682
57.2,17.9899,21.276318780355897
57.2,18.19091,21.305137142297497
57.2,18.39192,21.33397554715
57.2,18.59293,21.36281396894373
57.2,18.79394,21.39165240761017
57.2,18.99495,21.419720811482275
57.2,19.19596,21.44607911891878
57.2,19.39697,21.47153743618562
57.2,19.59798,21.49698577378402
57.2,19.79899,21.522444131544212
57.2,20.0,21.547902509430422
57.5,0.1,5.0729292337900525
57.5,0.3010101,6.850000237777231
57.5,0.5020202,7.5719067169778205
57.5,0.7030303,8.013877045926773
57.5,0.9040404,8.377004959862234
57.5,1.105051,8.693688916788814
57.5,1.306061,8.971328828449076
57.5,1.507071,9.248627026582222
57.5,1.708081,9.510084487663896
57.5,1.909091,9.755038704424567
57.5,2.110101,10.006876778020537
57.5,2.311111,10.268882205331382
57.5,2.512121,10.519605561652812
57.5,2.713131,10.770323264183068
57.5,2.914141,11.021055013720284
57.5,3.115152,11.273716941883126
57.5,3.316162,11.532273340861416
57.5,3.517172,11.790831453522227
57.5,3.718182,12.04939117131281
57.5,3.919192,12.307111059628282
57.5,4.120202,12.569196828162337
57.5,4.321212,12.835859905763321
57.5,4.522222,13.103347765285767
57.5,4.723232,13.37084691639034
57.5,4.924242,13.638347286149303
57.5,5.125253,13.87013894664025
57.5,5.326263,14.080339741297564
57.5,5.527273,14.290551640520007
57.5,5.728283,14.50075459881738
57.5,5.929293,14.72391496037809
57.5,6.130303,15.02253597511439
57.5,6.331313,15.35820954863967
57.5,6.532323,15.693885876259237
57.5,6.733333,16.029564784935282
57.5,6.934343,16.325472422632654
57.5,7.135354,16.601637943525848
57.5,7.336364,16.85821340294197
57.5,7.537374,17.10551108489071
57.5,7.738384,17.352807940154694
57.5,7.939394,17.600113583514457
57.5,8.140404,17.809691163007123
57.5,8.341414,18.00298664050657
57.5,8.542424,18.196274617510724
57.5,8.743434,18.38957501262043
57.5,8.944444,18.557188414035483
57.5,9.145455,18.71517340030096
57.5,9.346465,18.84907904848631
57.5,9.547475,18.973956364391793
57.5,9.748485,19.098825761316036
57.5,9.949495,19.223707196866723
57.5,10.15051,19.336191318671396
57.5,10.35152,19.444509929477398
57.5,10.55253,19.552839276550227
57.5,10.75354,19.661159348625546
57.5,10.95455,19.751630928400136
57.5,11.15556,19.836903250701
57.5,11.35657,19.904126639565977
57.5,11.55758,19.966210718154343
57.5,11.75859,20.02829533820214
57.5,11.9596,20.090380494633113
57.5,12.16061,20.150589453954282
57.5,12.36162,20.210319534295046
57.5,12.56263,20.27004988432841
57.5,12.76364,20.32978050172211
57.5,12.96465,20.381882835120877
57.5,13.16566,20.4322855366399
57.5,13.36667,20.474709602075357
57.5,13.56768,20.515474034933945
57.5,13.76869,20.55624857872185
57.5,13.9697,20.597023232894813
57.5,14.17071,20.638129240882513
57.5,14.37172,20.679305531421658
57.5,14.57273,20.720481879570936
57.5,14.77374,20.761648284978552
57.5,14.97475,20.79921498888423
57.5,15.17576,20.836181679999747
57.5,15.37677,20.869398511142286
57.5,15.57778,20.902105403535266
57.5,15.77879,20.934812342585598
57.5,15.9798,20.967519328074946
57.5,16.18081,21.000737066565705
57.5,16.38182,21.034014910601762
57.5,16.58283,21.06728278010159
57.5,16.78384,21.100560674816204
57.5,16.98485,21.131628595342903
57.5,17.18586,21.162456471628897
57.5,17.38687,21.191094255146087
57.5,17.58788,21.219572059171245
57.5,17.78889,21.24804989230096
57.5,17.9899,21.276517754487905
57.5,18.19091,21.305346126611298
57.5,18.39192,21.3341845415114
57.5,18.59293,21.36301297336428
57.5,18.79394,21.39185142202307
57.5,18.99495,21.4190198705455
57.5,19.19596,21.446108287290627
57.5,19.39697,21.471596616142403
57.5,19.59798,21.497054963010484
57.5,19.79899,21.522513330080375
57.5,20.0,21.547971717254466
57.8,0.1,5.086903915778807
57.8,0.3010101,6.872074964413332
57.8,0.5020202,7.597248691022157
57.8,0.7030303,8.040617356251841
57.8,0.9040404,8.408827399182035
57.8,1.105051,8.722104676320864
57.8,1.306061,8.999819706971465
57.8,1.507071,9.277552205285554
57.8,1.708081,9.510952304321803
57.8,1.909091,9.728993551925257
57.8,2.110101,9.982809721854721
57.8,2.311111,10.295166793839822
57.8,2.512121,10.54587802053465
57.8,2.713131,10.796603679262772
57.8,2.914141,11.044914013826869
57.8,3.115152,11.297862548261074
57.8,3.316162,11.556418551757304
57.8,3.517172,11.814858899663788
57.8,3.718182,12.071979175836564
57.8,3.919192,12.329111514883895
57.8,4.120202,12.591197241069086
57.8,4.321212,12.856605298516827
57.8,4.522222,13.122255829887155
57.8,4.723232,13.389745160199341
57.8,4.924242,13.657245695781945
57.8,5.125253,13.889037627094137
57.8,5.326263,14.099248747741312
57.8,5.527273,14.312180173306329
57.8,5.728283,14.542527766068577
57.8,5.929293,14.77287664762897
57.8,6.130303,15.071498467675415
57.8,6.331313,15.407172937504027
57.8,6.532323,15.733281703209247
57.8,6.733333,16.009440802465416
57.8,6.934343,16.285615122223813
57.8,7.135354,16.561794404842544
57.8,7.336364,16.837978403628405
57.8,7.537374,17.10878798077488
57.8,7.738384,17.356085670707415
57.8,7.939394,17.60339212155959
57.8,8.140404,17.812970256164416
57.8,8.341414,18.006266176149474
57.8,8.542424,18.192014836116456
57.8,8.743434,18.3495567844548
57.8,8.944444,18.507110979476533
57.8,9.145455,18.665096071934407
57.8,9.346465,18.82326292725472
57.8,9.547475,18.973561629678542
57.8,9.748485,19.09844123853639
57.8,9.949495,19.223322884892298
57.8,10.15051,19.33579715741539
57.8,10.35152,19.444125897846288
57.8,10.55253,19.54637566008236
57.8,10.75354,19.63147693804017
57.8,10.95455,19.71657890008934
57.8,11.15556,19.801851241396935
57.8,11.35657,19.88718414823799
57.8,11.55758,19.96585786609551
57.8,11.75859,20.027942578229485
57.8,11.9596,20.090027826192525
57.8,12.16061,20.150226857180307
57.8,12.36162,20.20995700369641
57.8,12.56263,20.266787997389077
57.8,12.76364,20.317210482146734
57.8,12.96465,20.367623151914138
57.8,13.16566,20.41803583632305
57.8,13.36667,20.468438668267844
57.8,13.56768,20.515602163954348
57.8,13.76869,20.55636674276751
57.8,13.9697,20.597141431677386
57.8,14.17071,20.638257466661397
57.8,14.37172,20.67942378291669
57.8,14.57273,20.719100259051828
57.8,14.77374,20.75611696944939
57.8,14.97475,20.793133731252063
57.8,15.17576,20.830100438203647
57.8,15.37677,20.867057181702037
57.8,15.57778,20.902374021365166
57.8,15.77879,20.93508097979597
57.8,15.9798,20.967787984604733
57.8,16.18081,21.00100573814222
57.8,16.38182,21.034283596707297
57.8,16.58283,21.066561480754558
57.8,16.78384,21.097439390701823
57.8,16.98485,21.128317326738447
57.8,17.18586,21.15914521704461
57.8,17.38687,21.189983128061808
57.8,17.58788,21.219781013285697
57.8,17.78889,21.24824885947066
57.8,17.9899,21.276726734565315
57.8,18.19091,21.305545116961735
57.8,18.39192,21.334383541892812
57.8,18.59293,21.362421975395648
57.8,18.79394,21.389540416656377
57.8,18.99495,21.416658875504933
57.8,19.19596,21.443737302576476
57.8,19.39697,21.47082574626896
57.8,19.59798,21.497124156759767
57.8,19.79899,21.522572533131086
57.8,20.0,21.548030929549668
58.099999999999994,0.1,5.101317396745139
58.099999999999994,0.3010101,6.893856651173299
58.099999999999994,0.5020202,7.622270187507365
58.099999999999994,0.7030303,8.066800561754649
58.099999999999994,0.9040404,8.431527104341644
58.099999999999994,1.105051,8.749507825576469
58.099999999999994,1.306061,9.027423899646248
58.099999999999994,1.507071,9.306261582783625
58.099999999999994,1.708081,9.568497500668622
58.099999999999994,1.909091,9.813095844994576
58.099999999999994,2.110101,10.041077229489195
58.099999999999994,2.311111,10.287357302582391
58.099999999999994,2.512121,10.57215239965003
58.099999999999994,2.713131,10.821288824178472
58.099999999999994,2.914141,11.068575618379425
58.099999999999994,3.115152,11.32199921145647
58.099999999999994,3.316162,11.579732126780302
58.099999999999994,3.517172,11.836859926957901
58.099999999999994,3.718182,12.093979938320304
58.099999999999994,3.919192,12.35111201991506
58.099999999999994,4.120202,12.613197706308428
58.099999999999994,4.321212,12.878605858431142
58.099999999999994,4.522222,13.144025554654956
58.099999999999994,4.723232,13.409446706336945
58.099999999999994,4.924242,13.676144265383519
58.099999999999994,5.125253,13.907936464114789
58.099999999999994,5.326263,14.130794185899987
58.099999999999994,5.527273,14.361141037368613
58.099999999999994,5.728283,14.591489217083602
58.099999999999994,5.929293,14.821838663108633
58.099999999999994,6.130303,15.12046127674766
58.099999999999994,6.331313,15.41725213827207
58.099999999999994,6.532323,15.693419825527208
58.099999999999994,6.733333,15.969592886402916
58.099999999999994,6.934343,16.245761050277466
58.099999999999994,7.135354,16.52194405712264
58.099999999999994,7.336364,16.798131671265107
58.099999999999994,7.537374,17.074323666865023
58.099999999999994,7.738384,17.350509837408037
58.099999999999994,7.939394,17.60668074000896
58.099999999999994,8.140404,17.816259426689637
58.099999999999994,8.341414,17.98439679030042
58.099999999999994,8.542424,18.141936957906545
58.099999999999994,8.743434,18.299489428326204
58.099999999999994,8.944444,18.457034143319706
58.099999999999994,9.145455,18.615019338226496
58.099999999999994,9.346465,18.77318614160059
58.099999999999994,9.547475,18.931355171869914
58.099999999999994,9.748485,19.089516373164486
58.099999999999994,9.949495,19.22292859650093
58.099999999999994,10.15051,19.335413019227015
58.099999999999994,10.35152,19.426232754790018
58.099999999999994,10.55253,19.51132347940999
58.099999999999994,10.75354,19.596424896941723
58.099999999999994,10.95455,19.68152699857614
58.099999999999994,11.15556,19.766799358383395
58.099999999999994,11.35657,19.85213224950286
58.099999999999994,11.55758,19.937455784207735
58.099999999999994,11.75859,20.022789954222034
58.099999999999994,11.9596,20.089665174523148
58.099999999999994,12.16061,20.14986427697981
58.099999999999994,12.36162,20.20211601588867
58.099999999999994,12.56263,20.252528322811052
58.099999999999994,12.76364,20.302950816036052
58.099999999999994,12.96465,20.353373494272912
58.099999999999994,13.16566,20.40377616169082
58.099999999999994,13.36667,20.45417897125767
58.099999999999994,13.56768,20.504591963252448
58.099999999999994,13.76869,20.55499513640672
58.099999999999994,13.9697,20.597269641976432
58.099999999999994,14.17071,20.638375704104654
58.099999999999994,14.37172,20.67600229017451
58.099999999999994,14.57273,20.713018970264812
58.099999999999994,14.77374,20.75003570190493
58.099999999999994,14.97475,20.787052484889394
58.099999999999994,15.17576,20.824019207666293
58.099999999999994,15.37677,20.860985966133676
58.099999999999994,15.57778,20.89794277619559
58.099999999999994,15.77879,20.934909637404154
58.099999999999994,15.9798,20.968066649497747
58.099999999999994,16.18081,21.001274418119127
58.099999999999994,16.38182,21.032382291292095
58.099999999999994,16.58283,21.06325019075151
58.099999999999994,16.78384,21.094128116294254
58.099999999999994,16.98485,21.125006067854084
58.099999999999994,17.18586,21.155833972170335
58.099999999999994,17.38687,21.18667189701227
58.099999999999994,17.58788,21.217499848403058
58.099999999999994,17.78889,21.24832782612419
58.099999999999994,17.9899,21.276935720686442
58.099999999999994,18.19091,21.305754113250583
58.099999999999994,18.39192,21.33294253096502
58.099999999999994,18.59293,21.360060965495734
58.099999999999994,18.79394,21.387169417665334
58.099999999999994,18.99495,21.414287887386354
58.099999999999994,19.19596,21.441376324678348
58.099999999999994,19.39697,21.468464778588896
58.099999999999994,19.59798,21.495543250424095
58.099999999999994,19.79899,21.52263173999581
58.099999999999994,20.0,21.548100146158767
12.5,0.1,2.004667369070821
12.5,0.3010101,2.572268990290808
12.5,0.5020202,2.699189372053513
12.5,0.7030303,2.554492414637161
12.5,1.306061,2.693954531567136
12.5,1.507071,3.444256959860024
12.5,1.708081,3.2987738012546117
12.5,1.909091,3.1082153146193803
12.5,2.110101,2.9162072592923747
12.5,2.311111,2.747240128026503
12.5,2.512121,2.6107227744052817
12.5,2.713131,2.513822079710124
12.5,2.914141,2.4532717885013624
12.5,3.115152,2.4280162183310714
12.5,3.316162,2.4398708630540797
12.5,3.517172,2.4836943136651612
12.5,3.718182,2.5619436702058165
12.5,3.919192,2.673872359594717
12.5,4.120202,2.820890406438235
12.5,4.321212,3.013564985017239
12.5,4.522222,3.253771773451732
12.5,4.723232,3.5556433230157154
12.5,4.924242,3.9318425698579675
12.5,5.125253,4.389740938218029
12.5,5.326263,4.976655083025045
12.5,5.527273,5.644701352419422
12.5,5.728283,6.433976661845271
12.5,5.929293,7.358525556085972
12.5,6.130303,8.38796937376122
12.5,6.331313,9.520966941929505
12.5,6.532323,10.728095841586592
12.5,6.733333,11.997415931475105
12.5,6.934343,13.268930969866497
12.5,7.135354,14.470707978100272
12.5,7.336364,15.56546723035023
12.5,7.537374,16.503891067982064
12.5,7.738384,17.25020901031449
12.5,7.939394,17.790669998739606
12.5,8.140404,18.206318463403832
12.5,8.341414,18.52296690988768
12.5,8.542424,18.76916261274125
12.5,8.743434,18.962061048182395
12.5,8.944444,19.114077103576285
12.5,9.145455,19.24521414018698
12.5,9.346465,19.359301828343305
12.5,9.547475,19.46097692196421
12.5,9.748485,19.552399482994392
12.5,9.949495,19.625534232050406
12.5,10.15051,19.699349628185455
12.5,10.35152,19.77922338256632
12.5,10.55253,19.84824571737671
12.5,10.75354,19.90977423916447
12.5,10.95455,19.97155397800388
12.5,11.15556,20.02844777096572
12.5,11.35657,20.08372443264098
12.5,11.55758,20.137623392423098
12.5,11.75859,20.188255197928445
12.5,11.9596,20.239037837337815
12.5,12.16061,20.287032889457222
12.5,12.36162,20.3341996164189
12.5,12.56263,20.380467758549422
12.5,12.76364,20.424807554867243
12.5,12.96465,20.469287894585726
12.5,13.16566,20.511889699821847
12.5,13.36667,20.553962523776157
12.5,13.56768,20.595346227788863
12.5,13.76869,20.635420899224307
12.5,13.9697,20.675635905665253
12.5,14.17071,20.714401789775987
12.5,14.37172,20.752768286154666
12.5,14.57273,20.790545305657126
12.5,14.77374,20.827312861496562
12.5,14.97475,20.86424061791343
12.5,15.17576,20.899928862154844
12.5,15.37677,20.935297444377877
12.5,15.57778,20.97013630583651
12.5,15.77879,21.004165429489543
12.5,15.9798,21.03834467975303
12.5,16.18081,21.07143416095903
12.5,16.38182,21.10425379569058
12.5,16.58283,21.13659355332991
12.5,16.78384,21.168263411790743
12.5,16.98485,21.200063363340668
12.5,17.18586,21.23088339041351
12.5,17.38687,21.261493455839222
12.5,17.58788,21.291663555621803
12.5,17.78889,21.321263673594167
12.5,17.9899,21.350983872319087
12.5,18.19091,21.379814064469844
12.5,18.39192,21.408474231089098
12.5,18.59293,21.43672439015358
12.5,18.79394,21.464504533238415
12.5,18.99495,21.492374751725016
12.5,19.19596,21.519424928069657
12.5,19.39697,21.54636505091061
12.5,19.59798,21.572905154028284
12.5,19.79899,21.599025234893862
12.5,20.0,21.621425359691415
12.8,0.1,1.9199741078204011
12.8,0.3010101,2.782662080954981
12.8,0.5020202,2.9234453703845658
12.8,0.7030303,1.3141029876940935
12.8,0.9040404,0.07700788516836941
12.8,1.306061,2.243494427661065
12.8,1.507071,3.410635515668492
12.8,1.708081,3.2844800522096973
12.8,1.909091,3.1079057708875233
12.8,2.110101,2.931313851257776
12.8,2.311111,2.778297139461567
12.8,2.512121,2.655864262210132
12.8,2.713131,2.5713747524898585
12.8,2.914141,2.522479869210176
12.8,3.115152,2.50745100484787
12.8,3.316162,2.5278688589249687
12.8,3.517172,2.578545978517495
12.8,3.718182,2.6624255064045603
12.8,3.919192,2.7795366044528027
12.8,4.120202,2.931162547843516
12.8,4.321212,3.1276673327429463
12.8,4.522222,3.370839910344811
12.8,4.723232,3.6747937837816185
12.8,4.924242,4.052141943851426
12.8,5.125253,4.509802583672794
12.8,5.326263,5.0935812012189645
12.8,5.527273,5.758266218368477
12.8,5.728283,6.541123199036777
12.8,5.929293,7.454529240882766
12.8,6.130303,8.47296729791411
12.8,6.331313,9.58574186400628
12.8,6.532323,10.777149805628913
12.8,6.733333,12.026127183232564
12.8,6.934343,13.274671560517815
12.8,7.135354,14.461697133904915
12.8,7.336364,15.540834364882956
12.8,7.537374,16.473652925996895
12.8,7.738384,17.21970355487977
12.8,7.939394,17.76396675680844
12.8,8.140404,18.183170208162057
12.8,8.341414,18.50500381633936
12.8,8.542424,18.754098583097978
12.8,8.743434,18.94971710477525
12.8,8.944444,19.103764709152802
12.8,9.145455,19.236114998652347
12.8,9.346465,19.351565874557398
12.8,9.547475,19.453945710932754
12.8,9.748485,19.54603327461174
12.8,9.949495,19.628208179414298
12.8,10.15051,19.70249979932055
12.8,10.35152,19.77417535074132
12.8,10.55253,19.843284809657174
12.8,10.75354,19.90513997890214
12.8,10.95455,19.966987237060707
12.8,11.15556,20.02387897263872
12.8,11.35657,20.07933310638729
12.8,11.55758,20.133449561989536
12.8,11.75859,20.184259149659013
12.8,11.9596,20.235080038370796
12.8,12.16061,20.283073582473886
12.8,12.36162,20.330368536974486
12.8,12.56263,20.376794942139448
12.8,12.76364,20.421293167297307
12.8,12.96465,20.465802224784838
12.8,13.16566,20.508402908590732
12.8,13.36667,20.550604443815665
12.8,13.56768,20.592146900308666
12.8,13.76869,20.632380439186925
12.8,13.9697,20.67262450628719
12.8,14.17071,20.711389567826277
12.8,14.37172,20.74989513708075
12.8,14.57273,20.787831275834364
12.8,14.77374,20.824768040700707
12.8,14.97475,20.861715127700005
12.8,15.17576,20.8974127890531
12.8,15.37677,20.932920738080558
12.8,15.57778,20.967929014092054
12.8,15.77879,21.002117622942546
12.8,15.9798,21.036316416417232
12.8,16.18081,21.06939550329458
12.8,16.38182,21.102364741045303
12.8,16.58283,21.13485414500604
12.8,16.78384,21.166673701857228
12.8,16.98485,21.19848335680925
12.8,17.18586,21.229303130938476
12.8,17.38687,21.2600429772597
12.8,17.58788,21.29034289236296
12.8,17.78889,21.32007286085117
12.8,17.9899,21.349802877014113
12.8,18.19091,21.37862291686495
12.8,18.39192,21.407402987811338
12.8,18.59293,21.43576307493707
12.8,18.79394,21.463643167501
12.8,18.99495,21.4915232806534
12.8,19.19596,21.518573373245427
12.8,19.39697,21.545603477654947
12.8,19.59798,21.570363568365455
12.8,19.79899,21.592753638654955
12.8,20.0,21.615133714470307
13.100000000000001,0.1,1.9882719642836673
13.100000000000001,0.3010101,2.664894553853198
13.100000000000001,0.5020202,2.7637382123800323
13.100000000000001,0.7030303,2.4676124523596434
13.100000000000001,1.306061,2.6720725503252214
13.100000000000001,1.507071,3.3901822946810727
13.100000000000001,1.708081,3.2697676065426253
13.100000000000001,1.909091,3.1085226183905923
13.100000000000001,2.110101,2.9482203899058783
13.100000000000001,2.311111,2.8115503552403966
13.100000000000001,2.512121,2.703263925260759
13.100000000000001,2.713131,2.63118383255361
13.100000000000001,2.914141,2.5939013274948537
13.100000000000001,3.115152,2.589110574084115
13.100000000000001,3.316162,2.61825261490892
13.100000000000001,3.517172,2.6759963808805476
13.100000000000001,3.718182,2.765772540998173
13.100000000000001,3.919192,2.8883310777848252
13.100000000000001,4.120202,3.0448484435460252
13.100000000000001,4.321212,3.2454727518549817
13.100000000000001,4.522222,3.491847311139978
13.100000000000001,4.723232,3.7980624546494486
13.100000000000001,4.924242,4.1766818082212325
13.100000000000001,5.125253,4.634128292330253
13.100000000000001,5.326263,5.214851993855516
13.100000000000001,5.527273,5.875941795200906
13.100000000000001,5.728283,6.652020326696737
13.100000000000001,5.929293,7.553665609999217
13.100000000000001,6.130303,8.56082694267603
13.100000000000001,6.331313,9.652822482920005
13.100000000000001,6.532323,10.828341107465059
13.100000000000001,6.733333,12.056903312930856
13.100000000000001,6.934343,13.282526627120275
13.100000000000001,7.135354,14.454811131074207
13.100000000000001,7.336364,15.517986802237443
13.100000000000001,7.537374,16.444960789304197
13.100000000000001,7.738384,17.190224977168402
13.100000000000001,7.939394,17.737821059733783
13.100000000000001,8.140404,18.160439889809588
13.100000000000001,8.341414,18.487239043019112
13.100000000000001,8.542424,18.73919309625832
13.100000000000001,8.743434,18.93752192622536
13.100000000000001,8.944444,19.093601290698235
13.100000000000001,9.145455,19.227155003046555
13.100000000000001,9.346465,19.343989281111245
13.100000000000001,9.547475,19.447064029905366
13.100000000000001,9.748485,19.539826757481663
13.100000000000001,9.949495,19.61386365871201
13.100000000000001,10.15051,19.68712189673631
13.100000000000001,10.35152,19.76487961829425
13.100000000000001,10.55253,19.838562851545873
13.100000000000001,10.75354,19.900724869095274
13.100000000000001,10.95455,19.962649834423075
13.100000000000001,11.15556,20.019539682833333
13.100000000000001,11.35657,20.075161448394223
13.100000000000001,11.55758,20.129475545203032
13.100000000000001,11.75859,20.18046304338477
13.100000000000001,11.9596,20.231302309453273
13.100000000000001,12.16061,20.27930446405232
13.100000000000001,12.36162,20.326717748896353
13.100000000000001,12.56263,20.37328250709035
13.100000000000001,12.76364,20.41791923867431
13.100000000000001,12.96465,20.46244710140614
13.100000000000001,13.16566,20.505056746385943
13.100000000000001,13.36667,20.54736705140045
13.100000000000001,13.56768,20.58904830597688
13.100000000000001,13.76869,20.62943074696939
13.100000000000001,13.9697,20.669683931935037
13.100000000000001,14.17071,20.70844822682031
13.100000000000001,14.37172,20.747072889308484
13.100000000000001,14.57273,20.7851581549719
13.100000000000001,14.77374,20.822254127756782
13.100000000000001,14.97475,20.859210580180815
13.100000000000001,15.17576,20.89490769457595
13.100000000000001,15.37677,20.930555000303066
13.100000000000001,15.57778,20.96570266999648
13.100000000000001,15.77879,21.000050737621912
13.100000000000001,15.9798,21.034259093891123
13.100000000000001,16.18081,21.067347808188053
13.100000000000001,16.38182,21.10044661875431
13.100000000000001,16.58283,21.133075631265946
13.100000000000001,16.78384,21.165034846413235
13.100000000000001,16.98485,21.19685421501257
13.100000000000001,17.18586,21.22767374852745
13.100000000000001,17.38687,21.258533335625856
13.100000000000001,17.58788,21.28896302183131
13.100000000000001,17.78889,21.318812796644416
13.100000000000001,17.9899,21.348552635410403
13.100000000000001,18.19091,21.377372529450003
13.100000000000001,18.39192,21.406262462756324
13.100000000000001,18.59293,21.434732435279717
13.100000000000001,18.79394,21.462712436602814
13.100000000000001,18.99495,21.490592447379985
13.100000000000001,19.19596,21.517642459439013
13.100000000000001,19.39697,21.544762508814888
13.100000000000001,19.59798,21.571482567418556
13.100000000000001,19.79899,21.59776262975631
13.100000000000001,20.0,21.620172661884748
58.400000000000006,0.1,5.114946083063943
58.400000000000006,0.3010101,6.915758503409072
58.400000000000006,0.5020202,7.646138511073507
58.400000000000006,0.7030303,8.093373649443372
58.400000000000006,0.9040404,8.462852744155906
58.400000000000006,1.105051,8.777379568337455
58.400000000000006,1.306061,9.056496820879936
58.400000000000006,1.507071,9.335336849014107
58.400000000000006,1.708081,9.597540606772098
58.400000000000006,1.909091,9.854162596720125
58.400000000000006,2.110101,10.10285238985243
58.400000000000006,2.311111,10.34794118840482
58.400000000000006,2.512121,10.59420372850476
58.400000000000006,2.713131,10.841439193758012
58.400000000000006,2.914141,11.086792728195205
58.400000000000006,3.115152,11.320618972589678
58.400000000000006,3.316162,11.577743606896188
58.400000000000006,3.517172,11.834860639907548
58.400000000000006,3.718182,12.091989912718677
58.400000000000006,3.919192,12.372496830011688
58.400000000000006,4.120202,12.634972484370488
58.400000000000006,4.321212,12.900380829757502
58.400000000000006,4.522222,13.16580071225378
58.400000000000006,4.723232,13.431212040229905
58.400000000000006,4.924242,13.696374647651158
58.400000000000006,5.125253,13.926603137075997
58.400000000000006,5.326263,14.156949074403368
58.400000000000006,5.527273,14.387296388090657
58.400000000000006,5.728283,14.61764501305951
58.400000000000006,5.929293,14.847994888302644
58.400000000000006,6.130303,15.133008364564425
58.400000000000006,6.331313,15.409172454481862
58.400000000000006,6.532323,15.685342144848128
58.400000000000006,6.733333,15.961517142273223
58.400000000000006,6.934343,16.2376871792847
58.400000000000006,7.135354,16.513871999042777
58.400000000000006,7.336364,16.790061368650495
58.400000000000006,7.537374,17.066245066654616
58.400000000000006,7.738384,17.342442884012375
58.400000000000006,7.939394,17.611727745381344
58.400000000000006,8.140404,17.81031135180344
58.400000000000006,8.341414,17.967849512742852
58.400000000000006,8.542424,18.12539003385439
58.400000000000006,8.743434,18.282932854126617
58.400000000000006,8.944444,18.44048791430792
58.400000000000006,9.145455,18.59847331275542
58.400000000000006,9.346465,18.75664026594562
58.400000000000006,9.547475,18.914809445470254
58.400000000000006,9.748485,19.072970795425046
58.400000000000006,9.949495,19.222734137481073
58.400000000000006,10.15051,19.328969395635006
58.400000000000006,10.35152,19.414059538455014
58.400000000000006,10.55253,19.4991603827129
58.400000000000006,10.75354,19.584261919458996
58.400000000000006,10.95455,19.669364140235892
58.400000000000006,11.15556,19.754636578137227
58.400000000000006,11.35657,19.839969536168148
58.400000000000006,11.55758,19.925293138005095
58.400000000000006,11.75859,20.0106273745037
58.400000000000006,11.9596,20.089192521395628
58.400000000000006,12.16061,20.146892542068013
58.400000000000006,12.36162,20.197314693999868
58.400000000000006,12.56263,20.24773703356392
58.400000000000006,12.76364,20.29814955954078
58.400000000000006,12.96465,20.348572270318932
58.400000000000006,13.16566,20.39897496246004
58.400000000000006,13.36667,20.44938779490579
58.400000000000006,13.56768,20.499790809825505
58.400000000000006,13.76869,20.550194005834285
58.400000000000006,13.9697,20.59733790310608
58.400000000000006,14.17071,20.637134201885335
58.400000000000006,14.37172,20.67415085081868
58.400000000000006,14.57273,20.711167551581116
58.400000000000006,14.77374,20.7481843038244
58.400000000000006,14.97475,20.785201107343024
58.400000000000006,15.17576,20.822167849301138
58.400000000000006,15.37677,20.859134626702584
58.400000000000006,15.57778,20.896091455635332
58.400000000000006,15.77879,20.933058335653428
58.400000000000006,15.9798,20.968325344814676
58.400000000000006,16.18081,21.000583175225373
58.400000000000006,16.38182,21.03146106243038
58.400000000000006,16.58283,21.062338975811766
58.400000000000006,16.78384,21.093206915362355
58.400000000000006,16.98485,21.124084880843643
58.400000000000006,17.18586,21.154912798872083
58.400000000000006,17.38687,21.185750737403627
58.400000000000006,17.58788,21.21657870238619
58.400000000000006,17.78889,21.24740669371874
58.400000000000006,17.9899,21.277144723215052
58.400000000000006,18.19091,21.30514318057816
58.400000000000006,18.39192,21.33226160703766
58.400000000000006,18.59293,21.359370051206962
58.400000000000006,18.79394,21.386488512943117
58.400000000000006,18.99495,21.413606992217492
58.400000000000006,19.19596,21.44068543903661
58.400000000000006,19.39697,21.4677739024678
58.400000000000006,19.59798,21.494862383714047
58.400000000000006,19.79899,21.52195088273416
58.400000000000006,20.0,21.5481593801229
58.7,0.1,5.128516043129345
58.7,0.3010101,6.937582729423588
58.7,0.5020202,7.671324953144704
58.7,0.7030303,8.11933780121774
58.7,0.9040404,8.490419241029338
58.7,1.105051,8.805338355940592
58.7,1.306061,9.08504386053589
58.7,1.507071,9.364574115216142
58.7,1.708081,9.62633729446414
58.7,1.909091,9.88092238313394
58.7,2.110101,10.129429002306113
58.7,2.311111,10.366446233350018
58.7,2.512121,10.607340774405962
58.7,2.713131,10.834811654633157
58.7,2.914141,11.039389236371479
58.7,3.115152,11.27063453300077
58.7,3.316162,11.552652295315168
58.7,3.517172,11.858098313777225
58.7,3.718182,12.135708754764329
58.7,3.919192,12.393810213271127
58.7,4.120202,12.656285964626282
58.7,4.321212,12.921704702250072
58.7,4.522222,13.187114959848957
58.7,4.723232,13.45119626135187
58.7,4.924242,13.714428600614587
58.7,5.125253,13.941498220758174
58.7,5.326263,14.146720511129283
58.7,5.527273,14.36784018289338
58.7,5.728283,14.598188984958789
58.7,5.929293,14.828539033414234
58.7,6.130303,15.121130391546522
58.7,6.331313,15.447493575128934
58.7,6.532323,15.740808001734965
58.7,6.733333,16.016980941428677
58.7,6.934343,16.29315897257219
58.7,7.135354,16.569341838101025
58.7,7.336364,16.84551930328662
58.7,7.537374,17.12171114186857
58.7,7.738384,17.373601467809404
58.7,7.939394,17.614507295537248
58.7,8.140404,17.81952191848819
58.7,8.341414,18.00904305289598
58.7,8.542424,18.17590440477783
58.7,8.743434,18.333447229998967
58.7,8.944444,18.49099228839469
58.7,9.145455,18.648988095792582
58.7,9.346465,18.8071556051185
58.7,9.547475,18.965315325081175
58.7,9.748485,19.098246759071127
58.7,9.949495,19.22223999417709
58.7,10.15051,19.334215187916886
58.7,10.35152,19.442154624505267
58.7,10.55253,19.532765360588307
58.7,10.75354,19.617866975131772
58.7,10.95455,19.70295927147838
58.7,11.15556,19.788241908460368
58.7,11.35657,19.8735650987291
58.7,11.55758,19.95889892907504
58.7,11.75859,20.026244152453017
58.7,11.9596,20.08878009728698
58.7,12.16061,20.14940971001223
58.7,12.36162,20.209560396390987
58.7,12.56263,20.261842529089144
58.7,12.76364,20.312265135846825
58.7,12.96465,20.362677927092875
58.7,13.16566,20.41309072725767
58.7,13.36667,20.463493673242123
58.7,13.56768,20.513896800937143
58.7,13.76869,20.556411382250836
58.7,13.9697,20.59740631781913
58.7,14.17071,20.638752600764402
58.7,14.37172,20.68014916095674
58.7,14.57273,20.7177758659519
58.7,14.77374,20.754792637537548
58.7,14.97475,20.791809460244874
58.7,15.17576,20.828776228082376
58.7,15.37677,20.865743032255303
58.7,15.57778,20.902709887729625
58.7,15.77879,20.935876969731417
58.7,15.9798,20.96857411757215
58.7,16.18081,21.001811992779185
58.7,16.38182,21.035099969133825
58.7,16.58283,21.066197900264402
58.7,16.78384,21.09706585057197
58.7,16.98485,21.127943826774885
58.7,17.18586,21.158781757880977
58.7,17.38687,21.189609709732732
58.7,17.58788,21.22043768794872
58.7,17.78889,21.24896571728609
58.7,17.9899,21.277343773522976
58.7,18.19091,21.306092299105032
58.7,18.39192,21.334870863117388
58.7,18.59293,21.36204931941866
58.7,18.79394,21.389167788094333
58.7,18.99495,21.416276274324076
58.7,19.19596,21.44336472918207
58.7,19.39697,21.470453200642382
58.7,19.59798,21.497541689921647
58.7,19.79899,21.522890157944037
58.7,20.0,21.54822864404012
59.0,0.1,5.142266254351439
59.0,0.3010101,6.959290720820482
59.0,0.5020202,7.696928430379224
59.0,0.7030303,8.146029762652361
59.0,0.9040404,8.513316304981068
59.0,1.105051,8.833101513510455
59.0,1.306061,9.1128048668946
59.0,1.507071,9.39327353072134
59.0,1.708081,9.65425597149088
59.0,1.909091,9.908764666876262
59.0,2.110101,10.15722199138559
59.0,2.311111,10.39423884883039
59.0,2.512121,10.631189458025766
59.0,2.713131,10.876679749629094
59.0,2.914141,11.081727655423732
59.0,3.115152,11.3391875765998
59.0,3.316162,11.640816418404691
59.0,3.517172,11.898913577723366
59.0,3.718182,12.157022758286617
59.0,3.919192,12.415123835061536
59.0,4.120202,12.677599678118591
59.0,4.321212,12.942788747286848
59.0,4.522222,13.20601878653563
59.0,4.723232,13.469250156541372
59.0,4.924242,13.732472778888988
59.0,5.125253,13.959552750064272
59.0,5.326263,14.164765431327298
59.0,5.527273,14.369989128380112
59.0,5.728283,14.578733021698351
59.0,5.929293,14.809083242826725
59.0,6.130303,15.101674879614315
59.0,6.331313,15.428038393428507
59.0,6.532323,15.754404658089316
59.0,6.733333,16.072455744548886
59.0,6.934343,16.348631766033805
59.0,7.135354,16.624802675758485
59.0,7.336364,16.894600728085997
59.0,7.537374,17.13549154002967
59.0,7.738384,17.37639038014802
59.0,7.939394,17.617296917989886
59.0,8.140404,17.822312005298997
59.0,8.341414,18.011823497335957
59.0,8.542424,18.201347114199514
59.0,8.743434,18.383962194684504
59.0,8.944444,18.541507246022245
59.0,9.145455,18.69950345709001
59.0,9.346465,18.84976137640761
59.0,9.547475,18.97376091911596
59.0,9.748485,19.097762431011766
59.0,9.949495,19.221755872830965
59.0,10.15051,19.333731212082398
59.0,10.35152,19.441670773362898
59.0,10.55253,19.549611043207182
59.0,10.75354,19.651472202077045
59.0,10.95455,19.73656457341063
59.0,11.15556,19.82184740768718
59.0,11.35657,19.90076111969735
59.0,11.55758,19.96328613446201
59.0,11.75859,20.025821658547255
59.0,11.9596,20.088357687232524
59.0,12.16061,20.148987363948287
59.0,12.36162,20.209138109118015
59.0,12.56263,20.269299103755074
59.0,12.76364,20.32637079674711
59.0,12.96465,20.376793667931775
59.0,13.16566,20.427196575924484
59.0,13.36667,20.47448015505914
59.0,13.56768,20.515484912771228
59.0,13.76869,20.55648977514333
59.0,13.9697,20.597484741652597
59.0,14.17071,20.638821047966392
59.0,14.37172,20.680217630037042
59.0,14.57273,20.721614264259117
59.0,14.77374,20.761410988607476
59.0,14.97475,20.798427830496657
59.0,15.17576,20.8353946242005
59.0,15.37677,20.870731531820812
59.0,15.57778,20.903428609974487
59.0,15.77879,20.93612573194771
59.0,15.9798,20.968822897566653
59.0,16.18081,21.002060786307805
59.0,16.38182,21.035348775658253
59.0,16.58283,21.068646788506747
59.0,16.78384,21.100934793685397
59.0,16.98485,21.13180278063932
59.0,17.18586,21.162640724850583
59.0,17.38687,21.19240870138848
59.0,17.58788,21.220786718693873
59.0,17.78889,21.2491647613359
59.0,17.9899,21.277542829212628
59.0,18.19091,21.306301363778157
59.0,18.39192,21.33506993668928
59.0,18.59293,21.363848524165885
59.0,18.79394,21.391847067519812
59.0,18.99495,21.418955560661587
59.0,19.19596,21.44604402353417
59.0,19.39697,21.472282483586792
59.0,19.59798,21.497620941133942
59.0,19.79899,21.522959417267703
59.0,20.0,21.548297911922756
59.3,0.1,5.155732791699303
59.3,0.3010101,6.980115085881541
59.3,0.5020202,7.721107046803349
59.3,0.7030303,8.171605817660419
59.3,0.9040404,8.544484879820464
59.3,1.105051,8.860917931900243
59.3,1.306061,9.141677689471944
59.3,1.507071,9.42245678839369
59.3,1.708081,9.683315464932317
59.3,1.909091,9.93754318431809
59.3,2.110101,10.18559050419784
59.3,2.311111,10.422531567584322
59.3,2.512121,10.659465940493813
59.3,2.713131,10.90512789543414
59.3,2.914141,11.151106999021849
59.3,3.115152,11.404036898895884
59.3,3.316162,11.6621314725202
59.3,3.517172,11.920238217951939
59.3,3.718182,12.178337002886979
59.3,3.919192,12.43644769613947
59.3,4.120202,12.697613333405135
59.3,4.321212,12.96084227832484
59.3,4.522222,13.224072620575376
59.3,4.723232,13.487304279963697
59.3,4.924242,13.750527178961882
59.3,5.125253,13.977607497959022
59.3,5.326263,14.182820564699131
59.3,5.527273,14.388034636180123
59.3,5.728283,14.59325967187505
59.3,5.929293,14.798475630986372
59.3,6.130303,15.082219434636073
59.3,6.331313,15.408583275254326
59.3,6.532323,15.734959858383176
59.3,6.733333,16.06132901739118
59.3,6.934343,16.387700596115174
59.3,7.135354,16.65650501804461
59.3,7.336364,16.897388229964523
59.3,7.537374,17.138279795289336
59.3,7.738384,17.379179365480542
59.3,7.939394,17.620086611240456
59.3,8.140404,17.825092163337647
59.3,8.341414,18.014614010443267
59.3,8.542424,18.204127977199654
59.3,8.743434,18.39365399560808
59.3,8.944444,18.58318200494109
59.3,9.145455,18.725278897658395
59.3,9.346465,18.849276648115914
59.3,9.547475,18.973276404121734
59.3,9.748485,19.097268126101437
59.3,9.949495,19.2212717749087
59.3,10.15051,19.333247259524946
59.3,10.35152,19.44118694476874
59.3,10.55253,19.54912733722494
59.3,10.75354,19.657068424697037
59.3,10.95455,19.765010196900043
59.3,11.15556,19.837803884817006
59.3,11.35657,19.90033847056572
59.3,11.55758,19.962873570102797
59.3,11.75859,20.02539917868185
59.3,11.9596,20.0879352912179
59.3,12.16061,20.14856503188354
59.3,12.36162,20.20872583562643
59.3,12.56263,20.268876888722346
59.3,12.76364,20.329028188902306
59.3,12.96465,20.389189733817748
59.3,13.16566,20.433553811218545
59.3,13.36667,20.474558494975337
59.3,13.56768,20.51556328385865
59.3,13.76869,20.55655817734531
59.3,13.9697,20.597563174708874
59.3,14.17071,20.638899504309094
59.3,14.37172,20.680296108275957
59.3,14.57273,20.721692764237083
59.3,14.77374,20.763089471916476
59.3,14.97475,20.804486231005406
59.3,15.17576,20.83827321367042
59.3,15.37677,20.870980265647376
59.3,15.57778,20.903677361680177
59.3,15.77879,20.936374501443954
59.3,15.9798,20.9690716847663
59.3,16.18081,21.00230958706077
59.3,16.38182,21.035607589379868
59.3,16.58283,21.068895615248785
59.3,16.78384,21.102193664403735
59.3,16.98485,21.135481736884326
59.3,17.18586,21.164229723902636
59.3,17.38687,21.192607727467948
59.3,17.58788,21.2209857564686
59.3,17.78889,21.24936381077413
59.3,17.9899,21.277741890283576
59.3,18.19091,21.30650043386378
59.3,18.39192,21.335269015627897
59.3,18.59293,21.364047611933685
59.3,18.79394,21.392816222795943
59.3,18.99495,21.421594848109986
59.3,19.19596,21.447013282252176
59.3,19.39697,21.472351729736438
59.3,19.59798,21.49769019585337
59.3,19.79899,21.523028680536683
59.3,20.0,21.548367183721123
59.599999999999994,0.1,5.168848455025935
59.599999999999994,0.3010101,7.00049872485794
59.599999999999994,0.5020202,7.745011560772473
59.599999999999994,0.7030303,8.196967758291535
59.599999999999994,0.9040404,8.566526143617196
59.599999999999994,1.105051,8.887022810807952
59.599999999999994,1.306061,9.166163951161451
59.599999999999994,1.507071,9.4464550762045
59.599999999999994,1.708081,9.707429137793362
59.599999999999994,1.909091,9.959193146656556
59.599999999999994,2.110101,10.205796480993886
59.599999999999994,2.311111,10.443993361987213
59.599999999999994,2.512121,10.681058430789879
59.599999999999994,2.713131,10.926563664252601
59.599999999999994,2.914141,11.133308500409967
59.599999999999994,3.115152,11.36677391341072
59.599999999999994,3.316162,11.624869670338297
59.599999999999994,3.517172,11.90902042125426
59.599999999999994,3.718182,12.21066188132942
59.599999999999994,3.919192,12.461495064733752
59.599999999999994,4.120202,12.71789126950776
59.599999999999994,4.321212,12.978361820636074
59.599999999999994,4.522222,13.241592532148239
59.599999999999994,4.723232,13.504824541491537
59.599999999999994,4.924242,13.768057775779091
59.599999999999994,5.125253,13.99513850625703
59.599999999999994,5.326263,14.200352023817837
59.599999999999994,5.527273,14.40556653356576
59.599999999999994,5.728283,14.61355186346257
59.599999999999994,5.929293,14.83843737438567
59.599999999999994,6.130303,15.12911166648373
59.599999999999994,6.331313,15.45547643475521
59.599999999999994,6.532323,15.781843897224563
59.599999999999994,6.733333,16.09869684244307
59.599999999999994,6.934343,16.36762805840175
59.599999999999994,7.135354,16.6365737667136
59.599999999999994,7.336364,16.900445751741344
59.599999999999994,7.537374,17.141338066341795
59.599999999999994,7.738384,17.38223836261256
59.599999999999994,7.939394,17.62314631529863
59.599999999999994,8.140404,17.82815234614498
59.599999999999994,8.341414,18.017674574720598
59.599999999999994,8.542424,18.20719891254156
59.599999999999994,8.743434,18.38933519590776
59.599999999999994,8.944444,18.54468311484202
59.599999999999994,9.145455,18.700392016827127
59.599999999999994,9.346465,18.848871972385563
59.599999999999994,9.547475,18.972871933135405
59.599999999999994,9.748485,19.096863857230627
59.599999999999994,9.949495,19.220867705609706
59.599999999999994,10.15051,19.332843333766753
59.599999999999994,10.35152,19.440783143081042
59.599999999999994,10.55253,19.548723658252218
59.599999999999994,10.75354,19.65059517323552
59.599999999999994,10.95455,19.735738189672272
59.599999999999994,11.15556,19.82102164820115
59.599999999999994,11.35657,19.89993583900344
59.599999999999994,11.55758,19.962471021807005
59.599999999999994,11.75859,20.02500671293786
59.599999999999994,11.9596,20.08753290783115
59.599999999999994,12.16061,20.148172712164964
59.599999999999994,12.36162,20.208323574893054
59.599999999999994,12.56263,20.268474686532787
59.599999999999994,12.76364,20.32565656998717
59.599999999999994,12.96465,20.37640978359862
59.599999999999994,13.16566,20.42714302456057
59.599999999999994,13.36667,20.47463684042743
59.599999999999994,13.56768,20.515641659921783
59.599999999999994,13.76869,20.556646583865536
59.599999999999994,13.9697,20.597641611626297
59.599999999999994,14.17071,20.63897796449064
59.599999999999994,14.37172,20.680374590315196
59.599999999999994,14.57273,20.72177126808117
59.599999999999994,14.77374,20.76160807327948
59.599999999999994,14.97475,20.798745058320076
59.599999999999994,15.17576,20.835831997341582
59.599999999999994,15.37677,20.871229007261345
59.599999999999994,15.57778,20.903936120740685
59.599999999999994,15.77879,20.936633277980242
59.599999999999994,15.9798,20.969330478754113
59.599999999999994,16.18081,21.00256839448741
59.599999999999994,16.38182,21.035856409845294
59.599999999999994,16.58283,21.069154448618903
59.599999999999994,16.78384,21.10142252184276
59.599999999999994,16.98485,21.13226063404051
59.599999999999994,17.18586,21.163068702963916
59.599999999999994,17.38687,21.192816759368995
59.599999999999994,17.58788,21.221194799885453
59.599999999999994,17.78889,21.24957286567579
59.599999999999994,17.9899,21.277950956639152
59.599999999999994,18.19091,21.306709509193936
59.599999999999994,18.39192,21.335478099778364
59.599999999999994,18.59293,21.364246704916887
59.599999999999994,18.79394,21.392205305102088
59.599999999999994,18.99495,21.419233898513014
59.599999999999994,19.19596,21.446232461108078
59.599999999999994,19.39697,21.47242098029202
59.599999999999994,19.59798,21.497759454869428
59.599999999999994,19.79899,21.523097947993236
59.599999999999994,20.0,21.54843645959826
59.900000000000006,0.1,5.181562999587383
59.900000000000006,0.3010101,7.021003228637043
59.900000000000006,0.5020202,7.76778742521206
59.900000000000006,0.7030303,8.222152952812287
59.900000000000006,0.9040404,8.59631898676988
59.900000000000006,1.105051,8.912854303894655
59.900000000000006,1.306061,9.19199350095524
59.900000000000006,1.507071,9.470900200744044
59.900000000000006,1.708081,9.729161685779587
59.900000000000006,1.909091,9.980266007167033
59.900000000000006,2.110101,10.226908873895795
59.900000000000006,2.311111,10.465104309899822
59.900000000000006,2.512121,10.70511975257482
59.900000000000006,2.713131,10.937407337557648
59.900000000000006,2.914141,11.143803117713004
59.900000000000006,3.115152,11.401132996365625
59.900000000000006,3.316162,11.707836285556542
59.900000000000006,3.517172,11.981959901847448
59.900000000000006,3.718182,12.232782266928325
59.900000000000006,3.919192,12.483605759974722
59.900000000000006,4.120202,12.740012388468267
59.900000000000006,4.321212,13.000154738511439
59.900000000000006,4.522222,13.26030808424415
59.900000000000006,4.723232,13.522345097344392
59.900000000000006,4.924242,13.78557866174242
59.900000000000006,5.125253,14.012659797980122
59.900000000000006,5.326263,14.217873761126734
59.900000000000006,5.527273,14.435548101088623
59.900000000000006,5.728283,14.660433122966959
59.900000000000006,5.929293,14.885329147153533
59.900000000000006,6.130303,15.17599423508903
59.900000000000006,6.331313,15.502359916863355
59.900000000000006,6.532323,15.790920020213061
59.900000000000006,6.733333,16.05985991821783
59.900000000000006,6.934343,16.3288044375091
59.900000000000006,7.135354,16.597743354136362
59.900000000000006,7.336364,16.866696456346357
59.900000000000006,7.537374,17.135653547747783
59.900000000000006,7.738384,17.385297431484442
59.900000000000006,7.939394,17.6262060888471
59.900000000000006,8.140404,17.8312125984082
59.900000000000006,8.341414,18.020735206698284
59.900000000000006,8.542424,18.186049698275784
59.900000000000006,8.743434,18.341396153521806
59.900000000000006,8.944444,18.49675461150394
59.900000000000006,9.145455,18.652453683067606
59.900000000000006,9.346465,18.80830427019411
59.900000000000006,9.547475,18.964146854296143
59.900000000000006,9.748485,19.096469610355285
59.900000000000006,9.949495,19.22046365902136
59.900000000000006,10.15051,19.332439430593677
59.900000000000006,10.35152,19.440379363858213
59.900000000000006,10.55253,19.531020912789135
59.900000000000006,10.75354,19.61616340805594
59.900000000000006,10.95455,19.701306546416134
59.900000000000006,11.15556,19.78660001568487
59.900000000000006,11.35657,19.871924012731007
59.900000000000006,11.55758,19.95725861593111
59.900000000000006,11.75859,20.024604261592156
59.900000000000006,11.9596,20.087140538545928
59.900000000000006,12.16061,20.147770406704357
59.900000000000006,12.36162,20.20792132828104
59.900000000000006,12.56263,20.260473872904893
59.900000000000006,12.76364,20.31122692184314
59.900000000000006,12.96465,20.361970142353417
59.900000000000006,13.16566,20.41270336619471
59.900000000000006,13.36667,20.463436724585524
59.900000000000006,13.56768,20.514160252137106
59.900000000000006,13.76869,20.556724999807642
59.900000000000006,13.9697,20.59773005788762
59.900000000000006,14.17071,20.639066433928118
59.900000000000006,14.37172,20.680463081628435
59.900000000000006,14.57273,20.71819996054448
59.900000000000006,14.77374,20.7553269171915
59.900000000000006,14.97475,20.792463921602074
59.900000000000006,15.17576,20.82955087497783
59.900000000000006,15.37677,20.866627862294965
59.900000000000006,15.57778,20.903704897496592
59.900000000000006,15.77879,20.936892061845267
59.900000000000006,15.9798,20.969589279996853
59.900000000000006,16.18081,21.002817209235026
59.900000000000006,16.38182,21.036115237556775
59.900000000000006,16.58283,21.067173313654894
59.900000000000006,16.78384,21.098021415685366
59.900000000000006,16.98485,21.12885954120959
59.900000000000006,17.18586,21.15965762210099
59.900000000000006,17.38687,21.190455721364767
59.900000000000006,17.58788,21.22125384449196
59.900000000000006,17.78889,21.249781925985765
59.900000000000006,17.9899,21.278160028368042
59.900000000000006,18.19091,21.306908589954123
59.900000000000006,18.39192,21.335687189314513
59.900000000000006,18.59293,21.362775763153753
59.900000000000006,18.79394,21.38980435099647
59.900000000000006,18.99495,21.416832954515
59.900000000000006,19.19596,21.443821526731757
59.900000000000006,19.39697,21.470820113702143
59.900000000000006,19.59798,21.497818716652883
59.900000000000006,19.79899,21.52317721939183
59.900000000000006,20.0,21.54850573941909
60.2,0.1,5.193515385104978
60.2,0.3010101,7.041137716660391
60.2,0.5020202,7.790777164406937
60.2,0.7030303,8.245951853378655
60.2,0.9040404,8.621121119144282
60.2,1.105051,8.937679529022642
60.2,1.306061,9.216086967110966
60.2,1.507071,9.494133756618636
60.2,1.708081,9.75242367727635
60.2,1.909091,10.004090589425633
60.2,2.110101,10.2507126810642
60.2,2.311111,10.492663999009457
60.2,2.512121,10.73518310043913
60.2,2.713131,10.990644990975797
60.2,2.914141,11.244413377161903
60.2,3.115152,11.502429091102403
60.2,3.316162,11.75325930868134
60.2,3.517172,12.004080792109065
60.2,3.718182,12.25490346068648
60.2,3.919192,12.505727246302206
60.2,4.120202,12.762134282548802
60.2,4.321212,13.02227710640095
60.2,4.522222,13.282430908918455
60.2,4.723232,13.542575633072731
60.2,4.924242,13.803099831315269
60.2,5.125253,14.032651238995786
60.2,5.326263,14.257544672834914
60.2,5.527273,14.482429188446453
60.2,5.728283,14.70732473398397
60.2,5.929293,14.932211265071654
60.2,6.130303,15.214220428844618
60.2,6.331313,15.48315393700123
60.2,6.532323,15.7520924538267
60.2,6.733333,16.021035727085653
60.2,6.934343,16.289973521916295
60.2,7.135354,16.558925616537994
60.2,7.336364,16.827881805532332
60.2,7.537374,17.0968318951778
60.2,7.738384,17.365795705207727
60.2,7.939394,17.629265930919342
60.2,8.140404,17.827412889267713
60.2,8.341414,17.982755731162488
60.2,8.542424,18.138110678080395
60.2,8.743434,18.293457675438113
60.2,8.944444,18.44881667160383
60.2,9.145455,18.60452590754903
60.2,9.346465,18.760366522072733
60.2,9.547475,18.91620913790145
60.2,9.748485,19.072053707359373
60.2,9.949495,19.22005963514511
60.2,10.15051,19.326305870646124
60.2,10.35152,19.411457175668822
60.2,10.55253,19.496599141110188
60.2,10.75354,19.581741758179046
60.2,10.95455,19.666885018410298
60.2,11.15556,19.752168499259025
60.2,11.35657,19.837502475585417
60.2,11.55758,19.92283705961563
60.2,11.75859,20.008162243687003
60.2,11.9596,20.086738183519852
60.2,12.16061,20.144538651092873
60.2,12.36162,20.19528135978205
60.2,12.56263,20.246034242521333
60.2,12.76364,20.296787298096447
60.2,12.96465,20.347540525214075
60.2,13.16566,20.39827373185464
60.2,13.36667,20.448997068246726
60.2,13.56768,20.49973057384581
60.2,13.76869,20.550454247502135
60.2,13.9697,20.59780851354855
60.2,14.17071,20.637644987585638
60.2,14.37172,20.674781867288313
60.2,14.57273,20.71191879527416
60.2,14.77374,20.74905577128319
60.2,14.97475,20.786182795112637
60.2,15.17576,20.82326976283341
60.2,15.37677,20.86034676374659
60.2,15.57778,20.89742381251007
60.2,15.77879,20.93450090886993
60.2,15.9798,20.969848088525872
60.2,16.18081,21.002096041960662
60.2,16.38182,21.03293411025036
60.2,16.58283,21.063772202161186
60.2,16.78384,21.09462031754674
60.2,16.98485,21.125458456361525
60.2,17.18586,21.156256549171218
60.2,17.38687,21.18705466021149
60.2,17.58788,21.217852795112634
60.2,17.78889,21.248650953715057
60.2,17.9899,21.278359105561993
60.2,18.19091,21.30632765680906
60.2,18.39192,21.333356223268122
60.2,18.59293,21.360374805560358
60.2,18.79394,21.387403403502283
60.2,18.99495,21.414422017156195
60.2,19.19596,21.441420598921294
60.2,19.39697,21.468419195464392
60.2,19.59798,21.49541780791467
60.2,19.79899,21.522406436293334
60.2,20.0,21.54858502317786
60.5,0.1,5.205317538043655
60.5,0.3010101,7.060843607179932
60.5,0.5020202,7.814284848967864
60.5,0.7030303,8.269879017394828
60.5,0.9040404,8.64089980353266
60.5,1.105051,8.962322136394091
60.5,1.306061,9.240638870089052
60.5,1.507071,9.518686187704324
60.5,1.708081,9.777016588888408
60.5,1.909091,10.01822048260789
60.5,2.110101,10.27828358178838
60.5,2.311111,10.520784661847317
60.5,2.512121,10.769165447612696
60.5,2.713131,11.025169522398556
60.5,2.914141,11.275911545123876
60.5,3.115152,11.524434311089141
60.5,3.316162,11.775214988092475
60.5,3.517172,12.026036636902107
60.5,3.718182,12.276859461999768
60.5,3.919192,12.527693394601327
60.5,4.120202,12.78409066933525
60.5,4.321212,13.044243781533448
60.5,4.522222,13.304387861972097
60.5,4.723232,13.56454284946957
60.5,4.924242,13.822750716551125
60.5,5.125253,14.04446970549051
60.5,5.326263,14.260234750534602
60.5,5.527273,14.485119547308118
60.5,5.728283,14.710015365235881
60.5,5.929293,14.934902161752246
60.5,6.130303,15.220038187610234
60.5,6.331313,15.505916925689833
60.5,6.532323,15.77485542150861
60.5,6.733333,16.043798667704426
60.5,6.934343,16.31273643004424
60.5,7.135354,16.581688487336695
60.5,7.336364,16.850644634662487
60.5,7.537374,17.11960467926584
60.5,7.738384,17.388558440776496
60.5,7.939394,17.63386468046094
60.5,8.140404,17.83455622023032
60.5,8.341414,17.99897026749019
60.5,8.542424,18.154325360474207
60.5,8.743434,18.30967249959589
60.5,8.944444,18.465031633403974
60.5,9.145455,18.620741127727744
60.5,9.346465,18.776582041826728
60.5,9.547475,18.932424950603167
60.5,9.748485,19.088279806345582
60.5,9.949495,19.2198055445536
60.5,10.15051,19.331242075596045
60.5,10.35152,19.42188325161836
60.5,10.55253,19.507025312455617
60.5,10.75354,19.592168023744456
60.5,10.95455,19.67731137703945
60.5,11.15556,19.76260498862057
60.5,11.35657,19.84793910576748
60.5,11.55758,19.933263829204993
60.5,11.75859,20.018599150957847
60.5,11.9596,20.086205856243264
60.5,12.16061,20.147246235780894
60.5,12.36162,20.199908721973323
60.5,12.56263,20.250661655323245
60.5,12.76364,20.301414761218044
60.5,12.96465,20.352168038365384
60.5,13.16566,20.40290130419635
60.5,13.36667,20.453624701457755
60.5,13.56768,20.504358267551453
60.5,13.76869,20.55508200143796
60.5,13.9697,20.597827026284897
60.5,14.17071,20.639393540126537
60.5,14.37172,20.677180420499074
60.5,14.57273,20.71431736692375
60.5,14.77374,20.751444361355894
60.5,14.97475,20.788581403426072
60.5,15.17576,20.825668391943125
60.5,15.37677,20.862745413904527
60.5,15.57778,20.89982248363605
60.5,15.77879,20.93689960088392
60.5,15.9798,20.970076935211427
60.5,16.18081,21.00333496369937
60.5,16.38182,21.034413047354324
60.5,16.58283,21.065251150474236
60.5,16.78384,21.096099277006314
60.5,16.98485,21.1269374269912
60.5,17.18586,21.157735531950546
60.5,17.38687,21.18853365518862
60.5,17.58788,21.219331802222687
60.5,17.78889,21.250129972976573
60.5,17.9899,21.278568211959822
60.5,18.19091,21.307256882812244
60.5,18.39192,21.33435546275374
60.5,18.59293,21.361374052460466
60.5,18.79394,21.388402657823846
60.5,18.99495,21.415431278794156
60.5,19.19596,21.44241986849261
60.5,19.39697,21.46941847287766
60.5,19.59798,21.496417093174948
60.5,19.79899,21.523415729349193
60.5,20.0,21.548654331207086
60.8,0.1,5.217728453951557
60.8,0.3010101,7.080032718692641
60.8,0.5020202,7.836833434138679
60.8,0.7030303,8.293583525063264
60.8,0.9040404,8.669817536180743
60.8,1.105051,8.987036141779658
60.8,1.306061,9.265416330772773
60.8,1.507071,9.543809030335481
60.8,1.708081,9.77742531475294
60.8,1.909091,9.995530766122931
60.8,2.110101,10.305430323360271
60.8,2.311111,10.549797595374919
60.8,2.512121,10.805807703041918
60.8,2.713131,11.052254409443318
60.8,2.914141,11.298137439936793
60.8,3.115152,11.546441820592708
60.8,3.316162,11.797176219944303
60.8,3.517172,12.047919923680956
60.8,3.718182,12.298742831804322
60.8,3.919192,12.549566843460786
60.8,4.120202,12.805974269515074
60.8,4.321212,13.066117580288719
60.8,4.522222,13.325922210465212
60.8,4.723232,13.582940633302751
60.8,4.924242,13.839949867698808
60.8,5.125253,14.061669087758881
60.8,5.326263,14.262026586295974
60.8,5.527273,14.465714475656144
60.8,5.728283,14.690610442236606
60.8,5.929293,14.915497384178188
60.8,6.130303,15.200633667581842
60.8,6.331313,15.518450624937671
60.8,6.532323,15.828413422775402
60.8,6.733333,16.09735494875696
60.8,6.934343,16.366301031947227
60.8,7.135354,16.635241451961075
60.8,7.336364,16.90419600044009
60.8,7.537374,17.16680819888016
60.8,7.738384,17.40164853351624
60.8,7.939394,17.63648558369283
60.8,8.140404,17.83717751439353
60.8,8.341414,18.023124273833442
60.8,8.542424,18.20262213771463
60.8,8.743434,18.357969215700486
60.8,8.944444,18.513328284198508
60.8,9.145455,18.669028080462034
60.8,9.346465,18.82487942626259
60.8,9.547475,18.97300241283517
60.8,9.748485,19.096146181531246
60.8,9.949495,19.219291769444638
60.8,10.15051,19.33072843413076
60.8,10.35152,19.438229042978207
60.8,10.55253,19.53989055147262
60.8,10.75354,19.625033342419723
60.8,10.95455,19.71017677362351
60.8,11.15556,19.7954705752293
60.8,11.35657,19.880794912927637
60.8,11.55758,19.95973016071761
60.8,11.75859,20.022736690418256
60.8,11.9596,20.08574368911175
60.8,12.16061,20.146784125836433
60.8,12.36162,20.207325565150665
60.8,12.56263,20.26481764440183
60.8,12.76364,20.315570822233273
60.8,12.96465,20.366324170839686
60.8,13.16566,20.41705753381974
60.8,13.36667,20.4677810331991
60.8,13.56768,20.51532516470573
60.8,13.76869,20.55659033196856
60.8,13.9697,20.59785559786995
60.8,14.17071,20.639422132998906
60.8,14.37172,20.68104892902478
60.8,14.57273,20.721045817228262
60.8,14.77374,20.758182829413407
60.8,14.97475,20.795309889267727
60.8,15.17576,20.832396901690394
60.8,15.37677,20.869473948391267
60.8,15.57778,20.904871117655265
60.8,15.77879,20.93758844821699
60.8,15.9798,20.97030581913486
60.8,16.18081,21.003563859935117
60.8,16.38182,21.036881993905805
60.8,16.58283,21.069180132340275
60.8,16.78384,21.10001826901961
60.8,16.98485,21.13085642901732
60.8,17.18586,21.161664546191954
60.8,17.38687,21.19246268182932
60.8,17.58788,21.22216086213272
60.8,17.78889,21.25045909194004
60.8,17.9899,21.278767343933644
60.8,18.19091,21.307446022875425
60.8,18.39192,21.336154736207067
60.8,18.59293,21.364083402435803
60.8,18.79394,21.39111201380112
60.8,18.99495,21.41813064084093
60.8,19.19596,21.445129237498776
60.8,19.39697,21.472127848934
60.8,19.59798,21.498256451177145
60.8,19.79899,21.523495043657867
60.8,20.0,21.548723653060048
61.099999999999994,0.1,5.2297843798995975
61.099999999999994,0.3010101,7.099303907415063
61.099999999999994,0.5020202,7.85968991601277
61.099999999999994,0.7030303,8.317949113591002
61.099999999999994,0.9040404,8.691245985606448
61.099999999999994,1.105051,9.012798433682947
61.099999999999994,1.306061,9.291178681158222
61.099999999999994,1.507071,9.569569976317771
61.099999999999994,1.708081,9.829744625628127
61.099999999999994,1.909091,10.073195909453647
61.099999999999994,2.110101,10.33256711488612
61.099999999999994,2.311111,10.582753541016833
61.099999999999994,2.512121,10.828616740171512
61.099999999999994,2.713131,11.07448397559707
61.099999999999994,2.914141,11.320354982929961
61.099999999999994,3.115152,11.568460820013707
61.099999999999994,3.316162,11.819194805025356
61.099999999999994,3.517172,12.069930166223816
61.099999999999994,3.718182,12.320656817783462
61.099999999999994,3.919192,12.571450565941094
61.099999999999994,4.120202,12.827848139825994
61.099999999999994,4.321212,13.086103614882528
61.099999999999994,4.522222,13.343121299540233
61.099999999999994,4.723232,13.60013983676903
61.099999999999994,4.924242,13.857149178767056
61.099999999999994,5.125253,14.07886862836366
61.099999999999994,5.326263,14.27922642114436
61.099999999999994,5.527273,14.479585043150564
61.099999999999994,5.728283,14.679954456512665
61.099999999999994,5.929293,14.896092667375958
61.099999999999994,6.130303,15.181229209236548
61.099999999999994,6.331313,15.499046477636051
61.099999999999994,6.532323,15.816876292729741
61.099999999999994,6.733333,16.134698505772768
61.099999999999994,6.934343,16.41985645183393
61.099999999999994,7.135354,16.68880523051877
61.099999999999994,7.336364,16.934603959786372
61.099999999999994,7.537374,17.169427938941176
61.099999999999994,7.738384,17.4042688936824
61.099999999999994,7.939394,17.639116546001755
61.099999999999994,8.140404,17.839808868672655
61.099999999999994,8.341414,18.02575592706484
61.099999999999994,8.542424,18.211704811946632
61.099999999999994,8.743434,18.39765546795812
61.099999999999994,8.944444,18.561615444754
61.099999999999994,9.145455,18.71732553584094
61.099999999999994,9.346465,18.849346166776815
61.099999999999994,9.547475,18.972488275161464
61.099999999999994,9.748485,19.095632235943462
61.099999999999994,9.949495,19.21878801461662
61.099999999999994,10.15051,19.33021481359533
61.099999999999994,10.35152,19.43772553636773
61.099999999999994,10.55253,19.545226937209403
61.099999999999994,10.75354,19.652729004808048
61.099999999999994,10.95455,19.743042330187297
61.099999999999994,11.15556,19.828336320447768
61.099999999999994,11.35657,19.896271722025137
61.099999999999994,11.55758,19.95927785459119
61.099999999999994,11.75859,20.022274460191618
61.099999999999994,11.9596,20.085281534121396
61.099999999999994,12.16061,20.146322028041162
61.099999999999994,12.36162,20.206863519731623
61.099999999999994,12.56263,20.26741524031308
61.099999999999994,12.76364,20.327957187899912
61.099999999999994,12.96465,20.380480378004844
61.099999999999994,13.16566,20.43121383781224
61.099999999999994,13.36667,20.47409859123218
61.099999999999994,13.56768,20.51536368769339
61.099999999999994,13.76869,20.556628883345542
61.099999999999994,13.9697,20.597894177522512
61.099999999999994,14.17071,20.639460733890164
61.099999999999994,14.37172,20.681087549876775
61.099999999999994,14.57273,20.722704414944676
61.099999999999994,14.77374,20.764321328806915
61.099999999999994,14.97475,20.80204839116578
61.099999999999994,15.17576,20.839125427534476
61.099999999999994,15.37677,20.872372669376404
61.099999999999994,15.57778,20.905099975671398
61.099999999999994,15.77879,20.937817322479162
61.099999999999994,15.9798,20.9705347095309
61.099999999999994,16.18081,21.003792762692694
61.099999999999994,16.38182,21.03711090853376
61.099999999999994,16.58283,21.070429076097394
61.099999999999994,16.78384,21.103747265281022
61.099999999999994,16.98485,21.134785438657165
61.099999999999994,17.18586,21.165583568084006
61.099999999999994,17.38687,21.194061760251945
61.099999999999994,17.58788,21.222359978185008
61.099999999999994,17.78889,21.25065821840171
61.099999999999994,17.9899,21.27895648081315
61.099999999999994,18.19091,21.30764516773883
61.099999999999994,18.39192,21.336353888972113
61.099999999999994,18.59293,21.365052622982077
61.099999999999994,18.79394,21.39376136964881
61.099999999999994,18.99495,21.420840006503518
61.099999999999994,19.19596,21.447838610173093
61.099999999999994,19.39697,21.47309717764476
61.099999999999994,19.59798,21.498335761003553
61.099999999999994,19.79899,21.523564361325537
61.099999999999994,20.0,21.54879297854426
61.400000000000006,0.1,5.2429651198715055
61.400000000000006,0.3010101,7.119181713929277
61.400000000000006,0.5020202,7.882047857633323
61.400000000000006,0.7030303,8.342792549855684
61.400000000000006,0.9040404,8.720483739092725
61.400000000000006,1.105051,9.038510122933175
61.400000000000006,1.306061,9.317118240379214
61.400000000000006,1.507071,9.595509680450837
61.400000000000006,1.708081,9.855776471830948
61.400000000000006,1.909091,10.10926892054554
61.400000000000006,2.110101,10.360070688682185
61.400000000000006,2.311111,10.605927312999913
61.400000000000006,2.512121,10.851798352211008
61.400000000000006,2.713131,11.097663514835919
61.400000000000006,2.914141,11.3435425307237
61.400000000000006,3.115152,11.590363282456593
61.400000000000006,3.316162,11.841096868864263
61.400000000000006,3.517172,12.091831841552196
61.400000000000006,3.718182,12.342568119051961
61.400000000000006,3.919192,12.593138956144019
61.400000000000006,4.120202,12.846077432107515
61.400000000000006,4.321212,13.103094320030541
61.400000000000006,4.522222,13.360102107673093
61.400000000000006,4.723232,13.617120741787149
61.400000000000006,4.924242,13.874130177603952
61.400000000000006,5.125253,14.095849830571431
61.400000000000006,5.326263,14.296207891050395
61.400000000000006,5.527273,14.496576771316677
61.400000000000006,5.728283,14.696936437093889
61.400000000000006,5.929293,14.900105937614256
61.400000000000006,6.130303,15.183371723052487
61.400000000000006,6.331313,15.501189462297395
61.400000000000006,6.532323,15.819019729007309
61.400000000000006,6.733333,16.136852374714312
61.400000000000006,6.934343,16.445161050368686
61.400000000000006,7.135354,16.702485712428157
61.400000000000006,7.336364,16.937313078459816
61.400000000000006,7.537374,17.17213769641073
61.400000000000006,7.738384,17.406979271620198
61.400000000000006,7.939394,17.64182752779214
61.400000000000006,8.140404,17.84251024683833
61.400000000000006,8.341414,18.028467611837236
61.400000000000006,8.542424,18.214416797200244
61.400000000000006,8.743434,18.40036774733654
61.400000000000006,8.944444,18.579090065285165
61.400000000000006,9.145455,18.7257214544962
61.400000000000006,9.346465,18.848861867677105
61.400000000000006,9.547475,18.97200416868603
61.400000000000006,9.748485,19.095148319657987
61.400000000000006,9.949495,19.218304286128323
61.400000000000006,10.15051,19.329731218542022
61.400000000000006,10.35152,19.43724205590035
61.400000000000006,10.55253,19.54474357008231
61.400000000000006,10.75354,19.65224575032278
61.400000000000006,10.95455,19.753688904309833
61.400000000000006,11.15556,19.832813620347775
61.400000000000006,11.35657,19.895819351679055
61.400000000000006,11.55758,19.95881556004142
61.400000000000006,11.75859,20.02182224080268
61.400000000000006,11.9596,20.084829389584087
61.400000000000006,12.16061,20.145869940570872
61.400000000000006,12.36162,20.206411484713623
61.400000000000006,12.56263,20.266963257431485
61.400000000000006,12.76364,20.327505256851726
61.400000000000006,12.96465,20.38500794534574
61.400000000000006,13.16566,20.432872068022302
61.400000000000006,13.36667,20.474137093188133
61.400000000000006,13.56768,20.515402217959792
61.400000000000006,13.76869,20.55666744180835
61.400000000000006,13.9697,20.597932764068762
61.400000000000006,14.17071,20.639499341639
61.400000000000006,14.37172,20.681126177510887
61.400000000000006,14.57273,20.72274306245009
61.400000000000006,14.77374,20.76435999603819
61.400000000000006,14.97475,20.804367051824357
61.400000000000006,15.17576,20.83988423589575
61.400000000000006,15.37677,20.87260151776727
61.400000000000006,15.57778,20.90532884022594
61.400000000000006,15.77879,20.938046203145536
61.400000000000006,15.9798,20.970763606258558
61.400000000000006,16.18081,21.004021671728204
61.400000000000006,16.38182,21.037339829424557
61.400000000000006,16.58283,21.070658008806372
61.400000000000006,16.78384,21.103976209741894
61.400000000000006,16.98485,21.136234452572324
61.400000000000006,17.18586,21.165952664948563
61.400000000000006,17.38687,21.194260870873947
61.400000000000006,17.58788,21.22255909918345
61.400000000000006,17.78889,21.250857349748745
61.400000000000006,17.9899,21.27915562248105
61.400000000000006,18.19091,21.30784431740874
61.400000000000006,18.39192,21.3365430465356
61.400000000000006,18.59293,21.36525178834904
61.400000000000006,18.79394,21.393960542832726
61.400000000000006,18.99495,21.421829284917216
61.400000000000006,19.19596,21.44793790922198
61.400000000000006,19.39697,21.473176483398927
61.400000000000006,19.59798,21.498405074581044
61.400000000000006,19.79899,21.52363368267651
61.400000000000006,20.0,21.548862307650328
61.7,0.1,5.255039139233202
61.7,0.3010101,7.139104224451959
61.7,0.5020202,7.9046114830865175
61.7,0.7030303,8.366299082926886
61.7,0.9040404,8.745631507318523
61.7,1.105051,9.063866094579527
61.7,1.306061,9.342902246238433
61.7,1.507071,9.62180642862561
61.7,1.708081,9.872300374793628
61.7,1.909091,10.088785529492425
61.7,2.110101,10.339619353319193
61.7,2.311111,10.630979280788353
61.7,2.512121,10.876848286625679
61.7,2.713131,11.122711496458898
61.7,2.914141,11.366358065706743
61.7,3.115152,11.612050844363445
61.7,3.316162,11.862784117902391
61.7,3.517172,12.113518791170733
61.7,3.718182,12.363244907473064
61.7,3.919192,12.612276900642
61.7,4.120202,12.865044367016667
61.7,4.321212,13.12032192938934
61.7,4.522222,13.376656144744556
61.7,4.723232,13.633664846198059
61.7,4.924242,13.890684343642425
61.7,5.125253,14.112394160212256
61.7,5.326263,14.31276243928524
61.7,5.527273,14.513121530412045
61.7,5.728283,14.725757325547821
61.7,5.929293,14.945351780431894
61.7,6.130303,15.228618255812826
61.7,6.331313,15.546436779689781
61.7,6.532323,15.864267792398657
61.7,6.733333,16.14514681505387
61.7,6.934343,16.407277335958327
61.7,7.135354,16.669411848715047
61.7,7.336364,16.931540167405412
61.7,7.537374,17.17501742544074
61.7,7.738384,17.409859622892114
61.7,7.939394,17.644708482719416
61.7,8.140404,17.845391611120952
61.7,8.341414,18.0313492999857
61.7,8.542424,18.21729880228823
61.7,8.743434,18.379909029461782
61.7,8.944444,18.533170631160626
61.7,9.145455,18.68668298204093
61.7,9.346465,18.840316778257247
61.7,9.547475,18.971580104346053
61.7,9.748485,19.09472444053332
61.7,9.949495,19.217870590058418
61.7,10.15051,19.329307654467474
61.7,10.35152,19.4368086065171
61.7,10.55253,19.54431023451434
61.7,10.75354,19.6347634675905
61.7,10.95455,19.71993760109671
61.7,11.15556,19.80523211595763
61.7,11.35657,19.89055714782395
61.7,11.55758,19.958383276134594
61.7,11.75859,20.021380031345288
61.7,11.9596,20.084387253970267
61.7,12.16061,20.1454278620513
61.7,12.36162,20.205969458792545
61.7,12.56263,20.26652128380769
61.7,12.76364,20.31936454000572
61.7,12.96465,20.37044823711988
61.7,13.16566,20.421501952752863
61.7,13.36667,20.47255579681707
61.7,13.56768,20.5154507546016
61.7,13.76869,20.55671600624539
61.7,13.9697,20.597981356259048
61.7,14.17071,20.639547954944607
61.7,14.37172,20.681164810825784
61.7,14.57273,20.72279171551606
61.7,14.77374,20.760638842268616
61.7,14.97475,20.797906041265975
61.7,15.17576,20.835113197089775
61.7,15.37677,20.872320385261094
61.7,15.57778,20.90555771133275
61.7,15.77879,20.93828509009295
61.7,15.9798,20.9710025091033
61.7,16.18081,21.00426058684471
61.7,16.38182,21.03757875637822
61.7,16.58283,21.070886947572212
61.7,16.78384,21.1019252046005
61.7,16.98485,21.13274348699357
61.7,17.18586,21.163521727277523
61.7,17.38687,21.194299984024582
61.7,17.58788,21.222758225230326
61.7,17.78889,21.251056486029004
61.7,17.9899,21.279354768967266
61.7,18.19091,21.30804347184106
61.7,18.39192,21.336742208801628
61.7,18.59293,21.365450958427743
61.7,18.79394,21.39245966931562
61.7,18.99495,21.419398392368546
61.7,19.19596,21.44630708519048
61.7,19.39697,21.473225791208336
61.7,19.59798,21.4984743919854
61.7,19.79899,21.52371300775515
61.7,20.0,21.548941640414967
62.0,0.1,5.267480188368073
62.0,0.3010101,7.158681844033555
62.0,0.5020202,7.927684584889763
62.0,0.7030303,8.390136653262472
62.0,0.9040404,8.765243226491197
62.0,1.105051,9.088683921812475
62.0,1.306061,9.36771838663923
62.0,1.507071,9.647587665078778
62.0,1.708081,9.909029346783893
62.0,1.909091,10.133662116512028
62.0,2.110101,10.359422340894644
62.0,2.311111,10.632005305607487
62.0,2.512121,10.901900039104435
62.0,2.713131,11.146735415657478
62.0,2.914141,11.387631310062964
62.0,3.115152,11.633739556895298
62.0,3.316162,11.884335162528366
62.0,3.517172,12.133353067565427
62.0,3.718182,12.382383005817983
62.0,3.919192,12.631414856516201
62.0,4.120202,12.884182260766831
62.0,4.321212,13.13945980765402
62.0,4.522222,13.394738409140299
62.0,4.723232,13.650219055677294
62.0,4.924242,13.907228614936082
62.0,5.125253,14.128948590858336
62.0,5.326263,14.331826221634946
62.0,5.527273,14.55140908078306
62.0,5.728283,14.771002988163456
62.0,5.929293,14.990587901072095
62.0,6.130303,15.273865056187557
62.0,6.331313,15.583008427634866
62.0,6.532323,15.845133320904678
62.0,6.733333,16.107262529763872
62.0,6.934343,16.36938584516391
62.0,7.135354,16.631523073863942
62.0,7.336364,16.893664032199126
62.0,7.537374,17.155808551297326
62.0,7.738384,17.41274003260706
62.0,7.939394,17.647589496081775
62.0,8.140404,17.8482730339282
62.0,8.341414,18.027490761246472
62.0,8.542424,18.180739251692216
62.0,8.743434,18.33398958747146
62.0,8.944444,18.487241722711744
62.0,9.145455,18.640764273848355
62.0,9.346465,18.794388147693237
62.0,9.547475,18.948013831563205
62.0,9.748485,19.094290581868115
62.0,9.949495,19.21744691395922
62.0,10.15051,19.328874110597283
62.0,10.35152,19.430655513949574
62.0,10.55253,19.515828535355325
62.0,10.75354,19.601012168170335
62.0,10.95455,19.686186404489348
62.0,11.15556,19.771480920072
62.0,11.35657,19.85679592434584
62.0,11.55758,19.94212150121744
62.0,11.75859,20.02094783412766
62.0,11.9596,20.083945130746926
62.0,12.16061,20.144985795802867
62.0,12.36162,20.20263791982604
62.0,12.56263,20.253721303183937
62.0,12.76364,20.30480484743535
62.0,12.96465,20.35588855144813
62.0,13.16566,20.406942251695416
62.0,13.36667,20.4579960758026
62.0,13.56768,20.509050057408245
62.0,13.76869,20.55676457898198
62.0,13.9697,20.59802995666331
62.0,14.17071,20.63959657651517
62.0,14.37172,20.6796635251791
62.0,14.57273,20.716920651773997
62.0,14.77374,20.75418782335705
62.0,14.97475,20.79144503979218
62.0,15.17576,20.828662208212286
62.0,15.37677,20.86585940844122
62.0,15.57778,20.903066653402107
62.0,15.77879,20.938513983675566
62.0,15.9798,20.97123141854121
62.0,16.18081,21.00448950851373
62.0,16.38182,21.036787709755355
62.0,16.58283,21.06761596133593
62.0,16.78384,21.098434234206533
62.0,16.98485,21.129252528204987
62.0,17.18586,21.160030778860172
62.0,17.38687,21.190799045859084
62.0,17.58788,21.221577334350723
62.0,17.78889,21.251255627177027
62.0,17.9899,21.279553920314854
62.0,18.19091,21.308242631180004
62.0,18.39192,21.336141351123597
62.0,18.59293,21.36308005540749
62.0,18.79394,21.390018773758108
62.0,18.99495,21.416967506065856
62.0,19.19596,21.443876207784534
62.0,19.39697,21.470784922673253
62.0,19.59798,21.49770365180433
62.0,19.79899,21.52378233647812
62.0,20.0,21.549010976818764
62.3,0.1,5.279258487239527
62.3,0.3010101,7.177572658269136
62.3,0.5020202,7.949663030442857
62.3,0.7030303,8.41332891015794
62.3,0.9040404,8.793810742112786
62.3,1.105051,9.113397720393953
62.3,1.306061,9.393598813121658
62.3,1.507071,9.673816817945067
62.3,1.708081,9.935145675996742
62.3,1.909091,10.190191282321928
62.3,2.110101,10.440935833891833
62.3,2.311111,10.683984555389738
62.3,2.512121,10.92703517948038
62.3,2.713131,11.168001700273605
62.3,2.914141,11.408895578912702
62.3,3.115152,11.654447970093363
62.3,3.316162,11.903473560143416
62.3,3.517172,12.152501317828886
62.3,3.718182,12.401521113738898
62.3,3.919192,12.650552825265423
62.3,4.120202,12.903320164254893
62.3,4.321212,13.158597697031807
62.3,4.522222,13.413876283440299
62.3,4.723232,13.669155861482604
62.3,4.924242,13.924436379558303
62.3,5.125253,14.15747895286273
62.3,5.326263,14.377061213790482
62.3,5.527273,14.5966545548919
62.3,5.728283,14.816248929177762
62.3,5.929293,15.035834292312318
62.3,6.130303,15.28299722295315
62.3,6.331313,15.5451206095225
62.3,6.532323,15.807248443551988
62.3,6.733333,16.06937050565445
62.3,6.934343,16.33150659316822
62.3,7.135354,16.593646513799513
62.3,7.336364,16.855790090854683
62.3,7.537374,17.11793715429816
62.3,7.738384,17.38007754879533
62.3,7.939394,17.6422311239384
62.3,8.140404,17.828313632048502
62.3,8.341414,17.981560774410895
62.3,8.542424,18.134819804852366
62.3,8.743434,18.288070676557314
62.3,8.944444,18.44132334329496
62.3,9.145455,18.594846091594484
62.3,9.346465,18.74847003889504
62.3,9.547475,18.90209579941832
62.3,9.748485,19.055723327992716
62.3,9.949495,19.209352583455857
62.3,10.15051,19.311731613953352
62.3,10.35152,19.396904117110964
62.3,10.55253,19.48207724064857
62.3,10.75354,19.567250975900023
62.3,10.95455,19.65243531457877
62.3,11.15556,19.737719830798046
62.3,11.35657,19.82304480669046
62.3,11.55758,19.908370356469963
62.3,11.75859,19.99369647283522
62.3,11.9596,20.079023148468924
62.3,12.16061,20.13699500863862
62.3,12.36162,20.188078236445513
62.3,12.56263,20.239161626491914
62.3,12.76364,20.290245177553434
62.3,12.96465,20.341328888378914
62.3,13.16566,20.392382573161946
62.3,13.36667,20.443436377227805
62.3,13.56768,20.49449033903856
62.3,13.76869,20.54554445734708
62.3,13.9697,20.596598731025683
62.3,14.17071,20.635935381667473
62.3,14.37172,20.673202480447966
62.3,14.57273,20.710469624467226
62.3,14.77374,20.747726813532257
62.3,14.97475,20.78499404729731
62.3,15.17576,20.822201228436747
62.3,15.37677,20.859408440587018
62.3,15.57778,20.896605697535446
62.3,15.77879,20.93381299901095
62.3,15.9798,20.971020344763883
62.3,16.18081,21.002478480873545
62.3,16.38182,21.033296722842877
62.3,16.58283,21.06411498615219
62.3,16.78384,21.094933270679526
62.3,16.98485,21.125751576304353
62.3,17.18586,21.156529837268337
62.3,17.38687,21.187308114437148
62.3,17.58788,21.218086413111052
62.3,17.78889,21.24885473323151
62.3,17.9899,21.279633074660516
62.3,18.19091,21.30676174365769
62.3,18.39192,21.333710443134326
62.3,18.59293,21.360649156768243
62.3,18.79394,21.387587884446933
62.3,18.99495,21.414526626092545
62.3,19.19596,21.441445336645838
62.3,19.39697,21.46835406036893
62.3,19.59798,21.495262798343482
62.3,19.79899,21.522181550487225
62.3,20.0,21.54909031680522
62.599999999999994,0.1,5.290927988454768
62.599999999999994,0.3010101,7.196348760303886
62.599999999999994,0.5020202,7.971781549456487
62.599999999999994,0.7030303,8.436961691247147
62.599999999999994,0.9040404,8.8143544322352
62.599999999999994,1.105051,9.13889374614082
62.599999999999994,1.306061,9.42013071397378
62.599999999999994,1.507071,9.700657916757415
62.599999999999994,1.708081,9.962101570673058
62.599999999999994,1.909091,10.21572973602862
62.599999999999994,2.110101,10.462143453696626
62.599999999999994,2.311111,10.69581514883672
62.599999999999994,2.512121,10.937963505893816
62.599999999999994,2.713131,11.178966406740718
62.599999999999994,2.914141,11.378758639631476
62.599999999999994,3.115152,11.604151229604783
62.599999999999994,3.316162,11.853174859939509
62.599999999999994,3.517172,12.127324351885688
62.599999999999994,3.718182,12.4190946044264
62.599999999999994,3.919192,12.669208906792822
62.599999999999994,4.120202,12.9224074399915
62.599999999999994,4.321212,13.177685235778366
62.599999999999994,4.522222,13.432964073692894
62.599999999999994,4.723232,13.68799373578721
62.599999999999994,4.924242,13.941093095137637
62.599999999999994,5.125253,14.15852918013251
62.599999999999994,5.326263,14.35748678539399
62.599999999999994,5.527273,14.577070280123337
62.599999999999994,5.728283,14.796664803828872
62.599999999999994,5.929293,15.016260312371893
62.599999999999994,6.130303,15.29440892641194
62.599999999999994,6.331313,15.596894068256274
62.599999999999994,6.532323,15.859020373991239
62.599999999999994,6.733333,16.121150945638117
62.599999999999994,6.934343,16.38328557607581
62.599999999999994,7.135354,16.645424075822085
62.599999999999994,7.336364,16.907556263279904
62.599999999999994,7.537374,17.169701970500352
62.599999999999994,7.738384,17.42554562091436
62.599999999999994,7.939394,17.654671158631373
62.599999999999994,8.140404,17.851288829703364
62.599999999999994,8.341414,18.027819279265554
62.599999999999994,8.542424,18.181068203966706
62.599999999999994,8.743434,18.33432896561404
62.599999999999994,8.944444,18.487581519937464
62.599999999999994,9.145455,18.64110448261978
62.599999999999994,9.346465,18.79472876103088
62.599999999999994,9.547475,18.94835484286734
62.599999999999994,9.748485,19.094422177854153
62.599999999999994,9.949495,19.21671964765164
62.599999999999994,10.15051,19.327617546994933
62.599999999999994,10.35152,19.429089409999175
62.599999999999994,10.55253,19.514262615678707
62.599999999999994,10.75354,19.59944643121768
62.599999999999994,10.95455,19.684620848777374
62.599999999999994,11.15556,19.769915546422936
62.599999999999994,11.35657,19.855230731932057
62.599999999999994,11.55758,19.940556488535027
62.599999999999994,11.75859,20.01950312065172
62.599999999999994,11.9596,20.082950990294865
62.599999999999994,12.16061,20.14439210032819
62.599999999999994,12.36162,20.20231452718472
62.599999999999994,12.56263,20.253397982093787
62.599999999999994,12.76364,20.304481597540303
62.599999999999994,12.96465,20.35556537239297
62.599999999999994,13.16566,20.406629144952998
62.599999999999994,13.36667,20.457683041490142
62.599999999999994,13.56768,20.508727095263687
62.599999999999994,13.76869,20.556531718343
62.599999999999994,13.9697,20.598047252176837
62.599999999999994,14.17071,20.639853971923028
62.599999999999994,14.37172,20.680060990370855
62.599999999999994,14.57273,20.717328151449433
62.599999999999994,14.77374,20.754585357497632
62.599999999999994,14.97475,20.791852608170277
62.599999999999994,15.17576,20.82905981203097
62.599999999999994,15.37677,20.86626704765157
62.599999999999994,15.57778,20.903474327926514
62.599999999999994,15.77879,20.938931734052552
62.599999999999994,15.9798,20.9716793055337
62.599999999999994,16.18081,21.004967489014692
62.599999999999994,16.38182,21.03729575080387
62.599999999999994,16.58283,21.06811402348225
62.599999999999994,16.78384,21.09893231737556
62.599999999999994,16.98485,21.12975063236299
62.599999999999994,17.18586,21.16052890470347
62.599999999999994,17.38687,21.19129719341755
62.599999999999994,17.58788,21.222075503561477
62.599999999999994,17.78889,21.25172386160768
62.599999999999994,17.9899,21.27995227325183
62.599999999999994,18.19091,21.308581071750137
62.599999999999994,18.39192,21.336449844627957
62.599999999999994,18.59293,21.363388563644737
62.599999999999994,18.79394,21.390327296665706
62.599999999999994,18.99495,21.417276043657534
62.599999999999994,19.19596,21.4441847605017
62.599999999999994,19.39697,21.471093490490794
62.599999999999994,19.59798,21.49801223466096
62.599999999999994,19.79899,21.524040966884318
62.599999999999994,20.0,21.549169687082937
62.900000000000006,0.1,5.303011587249372
62.900000000000006,0.3010101,7.2155187415240825
62.900000000000006,0.5020202,7.99314597744886
62.900000000000006,0.7030303,8.461114714802235
62.900000000000006,0.9040404,8.843290095661601
62.900000000000006,1.105051,9.164171782123082
62.900000000000006,1.306061,9.445409009724022
62.900000000000006,1.507071,9.726930871109118
62.900000000000006,1.708081,9.98738996319566
62.900000000000006,1.909091,10.240637498162075
62.900000000000006,2.110101,10.487110642472521
62.900000000000006,2.311111,10.720782190772507
62.900000000000006,2.512121,10.954296622917047
62.900000000000006,2.713131,11.175114362191941
62.900000000000006,2.914141,11.374544915709306
62.900000000000006,3.115152,11.622957549158423
62.900000000000006,3.316162,11.918863604929827
62.900000000000006,3.517172,12.188070444803168
62.900000000000006,3.718182,12.438182472587792
62.900000000000006,3.919192,12.688296380120837
62.900000000000006,4.120202,12.941494916833962
62.900000000000006,4.321212,13.196772972473731
62.900000000000006,4.522222,13.45073125283401
62.900000000000006,4.723232,13.703829944374458
62.900000000000006,4.924242,13.956929500751961
62.900000000000006,5.125253,14.174365868428211
62.900000000000006,5.326263,14.370224562552345
62.900000000000006,5.527273,14.566074032230734
62.900000000000006,5.728283,14.777080740403623
62.900000000000006,5.929293,14.99667639475911
62.900000000000006,6.130303,15.274825249207652
62.900000000000006,6.331313,15.584766656031622
62.900000000000006,6.532323,15.894700384374596
62.900000000000006,6.733333,16.172932096449834
62.900000000000006,6.934343,16.435055270636013
62.900000000000006,7.135354,16.697192344886908
62.900000000000006,7.336364,16.959333141272324
62.900000000000006,7.537374,17.19890700266476
62.900000000000006,7.738384,17.428027112893446
62.900000000000006,7.939394,17.65714317037121
62.900000000000006,8.140404,17.85376117516594
62.900000000000006,8.341414,18.036342732132614
62.900000000000006,8.542424,18.218925872147754
62.900000000000006,8.743434,18.38057770489856
62.900000000000006,8.944444,18.533840143364102
62.900000000000006,9.145455,18.68735331598992
62.900000000000006,9.346465,18.840987920728484
62.900000000000006,9.547475,18.971622676937056
62.900000000000006,9.748485,19.09390859582263
62.900000000000006,9.949495,19.21620623866361
62.900000000000006,10.15051,19.327114260389813
62.900000000000006,10.35152,19.434195983790175
62.900000000000006,10.55253,19.541278354660317
62.900000000000006,10.75354,19.631632037679907
62.900000000000006,10.95455,19.716806533023682
62.900000000000006,11.15556,19.80210141107895
62.900000000000006,11.35657,19.887426804656577
62.900000000000006,11.55758,19.955593616832072
62.900000000000006,11.75859,20.019031117451036
62.900000000000006,11.9596,20.08247905464475
62.900000000000006,12.16061,20.143920215766514
62.900000000000006,12.36162,20.204862314212733
62.900000000000006,12.56263,20.265804624107275
62.900000000000006,12.76364,20.318718084340542
62.900000000000006,12.96465,20.369801922924566
62.900000000000006,13.16566,20.420865783042675
62.900000000000006,13.36667,20.47191977175371
62.900000000000006,13.56768,20.51502493557958
62.900000000000006,13.76869,20.556540401487734
62.900000000000006,13.9697,20.5980659612261
62.900000000000006,14.17071,20.63986270059176
62.900000000000006,14.37172,20.68170968364214
62.900000000000006,14.57273,20.723566713769944
62.900000000000006,14.77374,20.761443916853846
62.900000000000006,14.97475,20.79871118439638
62.900000000000006,15.17576,20.83591841096692
62.900000000000006,15.37677,20.873125669984987
62.900000000000006,15.57778,20.906393157601606
62.900000000000006,15.77879,20.939140706812065
62.900000000000006,15.9798,20.97188829295014
62.900000000000006,16.18081,21.005186487561023
62.900000000000006,16.38182,21.03853476709014
62.900000000000006,16.58283,21.071883066723494
62.900000000000006,16.78384,21.102921371388582
62.900000000000006,16.98485,21.133739695667813
62.900000000000006,17.18586,21.164517979369688
62.900000000000006,17.38687,21.195296279567234
62.900000000000006,17.58788,21.22368465707851
62.900000000000006,17.78889,21.251913058328835
62.900000000000006,17.9899,21.28014147927569
62.900000000000006,18.19091,21.308770284967558
62.900000000000006,18.39192,21.337419121558383
62.900000000000006,18.59293,21.366067969471676
62.900000000000006,18.79394,21.393066712169965
62.900000000000006,18.99495,21.420015464483946
62.900000000000006,19.19596,21.44692418758244
62.900000000000006,19.39697,21.473832923832138
62.900000000000006,19.59798,21.4989916213625
62.900000000000006,19.79899,21.5241203333938
62.900000000000006,20.0,21.549249060701236
63.2,0.1,5.314291504061841
63.2,0.3010101,7.234474624020924
63.2,0.5020202,8.01498737821061
63.2,0.7030303,8.483861603422278
63.2,0.9040404,8.867926452339052
63.2,1.105051,9.189312243933282
63.2,1.306061,9.471342401497587
63.2,1.507071,9.753794334235181
63.2,1.708081,10.013977997694939
63.2,1.909091,10.266679867176634
63.2,2.110101,10.51289445718585
63.2,2.311111,10.74623873156016
63.2,2.512121,10.979538941721941
63.2,2.713131,11.219181122621915
63.2,2.914141,11.457269499749
63.2,3.115152,11.706951869456246
63.2,3.316162,11.957049329627909
63.2,3.517172,12.207158932782875
63.2,3.718182,12.457270547954487
63.2,3.919192,12.70738405921713
63.2,4.120202,12.96036247206709
63.2,4.321212,13.21346949396324
63.2,4.522222,13.466567479023235
63.2,4.723232,13.719666369966289
63.2,4.924242,13.97276612043361
63.2,5.125253,14.190202766881029
63.2,5.326263,14.386061787062225
63.2,5.527273,14.581911571779173
63.2,5.728283,14.777772090068842
63.2,5.929293,14.977092538787218
63.2,6.130303,15.255251633574652
63.2,6.331313,15.565183328550933
63.2,6.532323,15.875117335817393
63.2,6.733333,16.185063521770424
63.2,6.934343,16.48683566651476
63.2,7.135354,16.74315549927493
63.2,7.336364,16.97226354325525
63.2,7.537374,17.201378014204106
63.2,7.738384,17.43049865757904
63.2,7.939394,17.65962523314455
63.2,8.140404,17.856243571036597
63.2,8.341414,18.03882538042895
63.2,8.542424,18.221408767595594
63.2,8.743434,18.403993685598852
63.2,8.944444,18.58008921199937
63.2,9.145455,18.726532051666467
63.2,9.346465,18.84881459901689
63.2,9.547475,18.971108937332453
63.2,9.748485,19.09339503132605
63.2,9.949495,19.215692848314685
63.2,10.15051,19.326600992469924
63.2,10.35152,19.43368282005253
63.2,10.55253,19.540765294539153
63.2,10.75354,19.647858405577043
63.2,10.95455,19.74899236664554
63.2,11.15556,19.828237744891013
63.2,11.35657,19.891684428125703
63.2,11.55758,19.955121556216618
63.2,11.75859,20.01855912473068
63.2,11.9596,20.082007129488016
63.2,12.16061,20.14344834166861
63.2,12.36162,20.20439048680582
63.2,12.56263,20.265332843194543
63.2,12.76364,20.32627540889344
63.2,12.96465,20.38404853976554
63.2,13.16566,20.431992899655732
63.2,13.36667,20.473508202334546
63.2,13.56768,20.515033599880287
63.2,13.76869,20.55655909178224
63.2,13.9697,20.598084677469764
63.2,14.17071,20.639881436384293
63.2,14.37172,20.681728437789616
63.2,14.57273,20.72357548624969
63.2,14.77374,20.765422581480035
63.2,14.97475,20.805569776022026
63.2,15.17576,20.841107105134824
63.2,15.37677,20.873854594724815
63.2,15.57778,20.906602121544523
63.2,15.77879,20.939359685347334
63.2,15.9798,20.972107286105153
63.2,16.18081,21.005395491948775
63.2,16.38182,21.03874378228371
63.2,16.58283,21.072102092593326
63.2,16.78384,21.10545042291751
63.2,16.98485,21.137738766193934
63.2,17.18586,21.16742708707023
63.2,17.38687,21.195655458062387
63.2,17.58788,21.223883848884046
63.2,17.78889,21.25211225943025
63.2,17.9899,21.28034068967458
63.2,18.19091,21.30896950255507
63.2,18.39192,21.337618346204668
63.2,18.59293,21.366267201157452
63.2,18.79394,21.394916067368264
63.2,18.99495,21.422754888588763
63.2,19.19596,21.44881359173522
63.2,19.39697,21.473942280208004
63.2,19.59798,21.49907098407134
63.2,19.79899,21.524199703224195
63.2,20.0,21.549318437663853
63.5,0.1,5.32615039898754
63.5,0.3010101,7.2529187413637075
63.5,0.5020202,8.037301579923295
63.5,0.7030303,8.507170097238346
63.5,0.9040404,8.887323853242872
63.5,1.105051,9.213528925363287
63.5,1.306061,9.494690311576331
63.5,1.507071,9.77713714391118
63.5,1.708081,10.03736137841682
63.5,1.909091,10.28916130956039
63.5,2.110101,10.533659726227096
63.5,2.311111,10.767821493957177
63.5,2.512121,11.00112319798149
63.5,2.713131,11.240738053517834
63.5,2.914141,11.46081177095457
63.5,3.115152,11.688605064328351
63.5,3.316162,11.938713276068345
63.5,3.517172,12.188823601308233
63.5,3.718182,12.46428091849952
63.5,3.919192,12.729155178253377
63.5,4.120202,12.976964238698242
63.5,4.321212,13.229045160531953
63.5,4.522222,13.482143360514586
63.5,4.723232,13.735242460326019
63.5,4.924242,13.98835240868197
63.5,5.125253,14.205779340310876
63.5,5.326263,14.401638695010336
63.5,5.527273,14.59749880209066
63.5,5.728283,14.793359634410296
63.5,5.929293,15.0013104732408
63.5,6.130303,15.27772156918623
63.5,6.331313,15.587663870105052
63.5,6.532323,15.897598457236805
63.5,6.733333,16.207535198609232
63.5,6.934343,16.481332963428635
63.5,7.135354,16.73719358023909
63.5,7.336364,16.97490393029204
63.5,7.537374,17.20401895404955
63.5,7.738384,17.433140135797277
63.5,7.939394,17.662267234880314
63.5,8.140404,17.85887591979049
63.5,8.341414,18.041457998590335
63.5,8.542424,18.224041649538318
63.5,8.743434,18.406626825870752
63.5,8.944444,18.566701796327738
63.5,9.145455,18.718136952641434
63.5,9.346465,18.84836072617596
63.5,9.547475,18.970645238154727
63.5,9.748485,19.092941503207328
63.5,9.949495,19.215229489510897
63.5,10.15051,19.32613775503126
63.5,10.35152,19.433219687390817
63.5,10.55253,19.540312265382017
63.5,10.75354,19.647395478986756
63.5,10.95455,19.737660254507997
63.5,11.15556,19.822945733813977
63.5,11.35657,19.891222307196266
63.5,11.55758,19.954659502859663
63.5,11.75859,20.01810713844083
63.5,11.9596,20.081545210002382
63.5,12.16061,20.142996473159453
63.5,12.36162,20.20392866534113
63.5,12.56263,20.26487106837469
63.5,12.76364,20.32581368040616
63.5,12.96465,20.378947555547466
63.5,13.16566,20.430331702802373
63.5,13.36667,20.47353684692503
63.5,13.56768,20.51505227030271
63.5,13.76869,20.55657778790527
63.5,13.9697,20.59810339918929
63.5,14.17071,20.639900177626426
63.5,14.37172,20.681747197378574
63.5,14.57273,20.72359426411133
63.5,14.77374,20.76545137749185
63.5,14.97475,20.80342872398235
63.5,15.17576,20.840766062178314
63.5,15.37677,20.87407354978901
63.5,15.57778,20.90682109114071
63.5,15.77879,20.939568669472358
63.5,15.9798,20.97232628462836
63.5,16.18081,21.005614501629132
63.5,16.38182,21.038962802723688
63.5,16.58283,21.07232112375959
63.5,16.78384,21.105669464775612
63.5,16.98485,21.13667788157842
63.5,17.18586,21.16744626372725
63.5,17.38687,21.195854645137242
63.5,17.58788,21.224083045197723
63.5,17.78889,21.252311464983958
63.5,17.9899,21.280539904417456
63.5,18.19091,21.309158724488505
63.5,18.39192,21.337807575170963
63.5,18.59293,21.36645643713739
63.5,18.79394,21.395105310342725
63.5,18.99495,21.422024141269326
63.5,19.19596,21.448862941415157
63.5,19.39697,21.474021639355698
63.5,19.59798,21.499150350267463
63.5,19.79899,21.524279076499475
63.5,20.0,21.549407817950854
63.8,0.1,5.336791442063931
63.8,0.3010101,7.270652992124875
63.8,0.5020202,8.058521984748035
63.8,0.7030303,8.52961259513927
63.8,0.9040404,8.915045373551282
63.8,1.105051,9.237359866327086
63.8,1.306061,9.518235346331148
63.8,1.507071,9.79912146047531
63.8,1.708081,10.056925647138959
63.8,1.909091,10.306727367482363
63.8,2.110101,10.551355032199625
63.8,2.311111,10.78607430934172
63.8,2.512121,11.02080267664324
63.8,2.713131,11.224603239312819
63.8,2.914141,11.426232169900322
63.8,3.115152,11.674072226210058
63.8,3.316162,11.96972275504152
63.8,3.517172,12.260930722448666
63.8,3.718182,12.504683280254659
63.8,3.919192,12.74843673673807
63.8,4.120202,12.99624602936608
63.8,4.321212,13.24678273625778
63.8,4.522222,13.497599191148407
63.8,4.723232,13.750698499164184
63.8,4.924242,14.00380864585123
63.8,5.125253,14.221235865806829
63.8,5.326263,14.417095553842028
63.8,5.527273,14.615505831565695
63.8,5.728283,14.830155895304559
63.8,5.929293,15.044806741621567
63.8,6.130303,15.321228488267478
63.8,6.331313,15.631171547824602
63.8,6.532323,15.932411627817542
63.8,6.733333,16.18825751660754
63.8,6.934343,16.44411705733573
63.8,7.135354,16.699980080620186
63.8,7.336364,16.95583643047324
63.8,7.537374,17.206729884329214
63.8,7.738384,17.435851606522533
63.8,7.939394,17.66497923113389
63.8,8.140404,17.861598268741137
63.8,8.341414,18.04418062516278
63.8,8.542424,18.220144051811506
63.8,8.743434,18.37139723642002
63.8,8.944444,18.52264205197278
63.8,9.145455,18.6740874387135
63.8,9.346465,18.825594102778663
63.8,9.547475,18.970211567513076
63.8,9.748485,19.092508002169193
63.8,9.949495,19.214796154745827
63.8,10.15051,19.325704541068905
63.8,10.35152,19.43278657873649
63.8,10.55253,19.53415960094702
63.8,10.75354,19.619364184247058
63.8,10.95455,19.704559334134924
63.8,11.15556,19.789854805820564
63.8,11.35657,19.875160756277086
63.8,11.55758,19.95421745841694
63.8,11.75859,20.0176551608573
63.8,11.9596,20.081093298802152
63.8,12.16061,20.14254461296407
63.8,12.36162,20.20348685207311
63.8,12.56263,20.261449722573534
63.8,12.76364,20.312863693367973
63.8,12.96465,20.364277813785428
63.8,13.16566,20.415651947182116
63.8,13.36667,20.467026199996898
63.8,13.56768,20.515080947464938
63.8,13.76869,20.556606490585736
63.8,13.9697,20.59812212733941
63.8,14.17071,20.63992892514361
63.8,14.37172,20.681775963233573
63.8,14.57273,20.72201312748603
63.8,14.77374,20.75941047532877
63.8,14.97475,20.796797865363352
63.8,15.17576,20.834145214300914
63.8,15.37677,20.871482593635758
63.8,15.57778,20.907040066536847
63.8,15.77879,20.939787659289454
63.8,15.9798,20.972545288791903
63.8,16.18081,21.005833516926913
63.8,16.38182,21.039181828739466
63.8,16.58283,21.07149018585383
63.8,16.78384,21.10228859862046
63.8,16.98485,21.133097030554044
63.8,17.18586,21.163865421738258
63.8,17.38687,21.194623827661115
63.8,17.58788,21.224272246063506
63.8,17.78889,21.252500675005574
63.8,17.9899,21.28072912357069
63.8,18.19091,21.309357950749625
63.8,18.39192,21.338006808449304
63.8,18.59293,21.36583565145802
63.8,18.79394,21.392694476595235
63.8,18.99495,21.419563314331807
63.8,19.19596,21.446392122626147
63.8,19.39697,21.473230942686182
63.8,19.59798,21.499229719896594
63.8,19.79899,21.52435845314922
63.8,20.0,21.54948720160512
64.1,0.1,5.347526231474298
64.1,0.3010101,7.288144004427449
64.1,0.5020202,8.07915333413089
64.1,0.7030303,8.551543393212034
64.1,0.9040404,8.93339807297724
64.1,1.105051,9.260066615867583
64.1,1.306061,9.540795298403776
64.1,1.507071,9.820881967438165
64.1,1.708081,10.077651879831286
64.1,1.909091,10.326828546484261
64.1,2.110101,10.57132503150017
64.1,2.311111,10.807426111339005
64.1,2.512121,11.045738094385102
64.1,2.713131,11.293999544329735
64.1,2.914141,11.518378104352688
64.1,3.115152,11.770798825548741
64.1,3.316162,12.036460784672695
64.1,3.517172,12.28021255347762
64.1,3.718182,12.523965267791318
64.1,3.919192,12.767718873465917
64.1,4.120202,13.01552838657989
64.1,4.321212,13.26606535605395
64.1,4.522222,13.516603049540018
64.1,4.723232,13.76714142893763
64.1,4.924242,14.01925510972017
64.1,5.125253,14.236692611512089
64.1,5.326263,14.44435189758395
64.1,5.527273,14.65901156828327
64.1,5.728283,14.87366204551741
64.1,5.929293,15.088313291317988
64.1,6.130303,15.364735680822994
64.1,6.331313,15.639338070155432
64.1,6.532323,15.895192727415429
64.1,6.733333,16.15104114328118
64.1,6.934343,16.40690313832218
64.1,7.135354,16.66276854946417
64.1,7.336364,16.91862722323808
64.1,7.537374,17.174499010768407
64.1,7.738384,17.4303737773881
64.1,7.939394,17.667701276569566
64.1,8.140404,17.86431066696848
64.1,8.341414,18.024851700860545
64.1,8.542424,18.17609374874299
64.1,8.743434,18.32734746312087
64.1,8.944444,18.47859280365316
64.1,9.145455,18.63003841814758
64.1,9.346465,18.78154519939365
64.1,9.547475,18.93306362663962
64.1,9.748485,19.08458366220828
64.1,9.949495,19.214362838153782
64.1,10.15051,19.325271345162975
64.1,10.35152,19.41586451377493
64.1,10.55253,19.5010586083638
64.1,10.75354,19.58626327703913
64.1,10.95455,19.671468512402896
64.1,11.15556,19.756753976260402
64.1,11.35657,19.842069892394292
64.1,11.55758,19.927386350063347
64.1,11.75859,20.0126933424743
64.1,11.9596,20.080651398174737
64.1,12.16061,20.142092763432814
64.1,12.36162,20.195366161498235
64.1,12.56263,20.24677998828922
64.1,12.76364,20.29819396584344
64.1,12.96465,20.34959809312562
64.1,13.16566,20.400982212495208
64.1,13.36667,20.452346447147082
64.1,13.56768,20.503720829327488
64.1,13.76869,20.555095357925378
64.1,13.9697,20.59815086272454
64.1,14.17071,20.639947680020292
64.1,14.37172,20.67799492554738
64.1,14.57273,20.71539224622337
64.1,14.77374,20.752779609310412
64.1,14.97475,20.790177014513624
64.1,15.17576,20.8275243741732
64.1,15.37677,20.864851763678157
64.1,15.57778,20.902189195269873
64.1,15.77879,20.939526668739372
64.1,15.9798,20.972764298780415
64.1,16.18081,21.006052538040784
64.1,16.38182,21.037100916505434
64.1,16.58283,21.06790932021675
64.1,16.78384,21.09871774319069
64.1,16.98485,21.12951618537877
64.1,17.18586,21.1602845855932
64.1,17.38687,21.191043000428632
64.1,17.58788,21.221801434780666
64.1,17.78889,21.252559888565077
64.1,17.9899,21.280928347116944
64.1,18.19091,21.30955718143079
64.1,18.39192,21.33650599232794
64.1,18.59293,21.36336481334279
64.1,18.79394,21.39023364698452
64.1,18.99495,21.417092493216877
64.1,19.19596,21.443931309595815
64.1,19.39697,21.470760137793672
64.1,19.59798,21.497598978766522
64.1,19.79899,21.524427832568946
64.1,20.0,21.549566588580177
64.4,0.1,5.35762894568713
64.4,0.3010101,7.305577233672715
64.4,0.5020202,8.098394978203638
64.4,0.7030303,8.573238122197571
64.4,0.9040404,8.959822566188583
64.4,1.105051,9.28232847719844
64.4,1.306061,9.562093119618893
64.4,1.507071,9.842178611463426
64.4,1.708081,10.098904043099198
64.4,1.909091,10.347782203962351
64.4,2.110101,10.576396340064237
64.4,2.311111,10.814673172182577
64.4,2.512121,11.057588304555926
64.4,2.713131,11.306362150869814
64.4,2.914141,11.560885470790131
64.4,3.115152,11.81190925025776
64.4,3.316162,12.05566013141996
64.4,3.517172,12.299412010548819
64.4,3.718182,12.54316482943649
64.4,3.919192,12.786928533311507
64.4,4.120202,13.034738205445668
64.4,4.321212,13.285265371969555
64.4,4.522222,13.535803251803742
64.4,4.723232,13.786341808396733
64.4,4.924242,14.036560925279977
64.4,5.125253,14.25221243672246
64.4,5.326263,14.466861595509972
64.4,5.527273,14.681511585413762
64.4,5.728283,14.896172366960153
64.4,5.929293,15.110823909485932
64.4,6.130303,15.37544232801474
64.4,6.331313,15.6312943620217
64.4,6.532323,15.88714030160847
64.4,6.733333,16.142999957328946
64.4,6.934343,16.39886315820205
64.4,7.135354,16.65471973921457
64.4,7.336364,16.910589547921806
64.4,7.537374,17.16646243856713
64.4,7.738384,17.422328277676566
64.4,7.939394,17.671912216005957
64.4,8.140404,17.859014007494494
64.4,8.341414,18.010264660544035
64.4,8.542424,18.161507019165246
64.4,8.743434,18.312761040480108
64.4,8.944444,18.464006684201937
64.4,9.145455,18.615452499710134
64.4,9.346465,18.766959442046208
64.4,9.547475,18.918478030382676
64.4,9.748485,19.06999822506056
64.4,9.949495,19.214109395525657
64.4,10.15051,19.319108743223246
64.4,10.35152,19.404312339786987
64.4,10.55253,19.489516518390257
64.4,10.75354,19.574721270732113
64.4,10.95455,19.659926589521174
64.4,11.15556,19.74521210569496
64.4,11.35657,19.8305280650469
64.4,11.55758,19.915834566021207
64.4,11.75859,20.001151601484334
64.4,11.9596,20.080099479237123
64.4,12.16061,20.138951531777582
64.4,12.36162,20.190355230542067
64.4,12.56263,20.241769081100472
64.4,12.76364,20.293183082378164
64.4,12.96465,20.34459723326902
64.4,13.16566,20.39597136984422
64.4,13.36667,20.44734562015621
64.4,13.56768,20.49871001804278
64.4,13.76869,20.550084562311593
64.4,13.9697,20.598129620854728
64.4,14.17071,20.638506569149296
64.4,14.37172,20.675903862905955
64.4,14.57273,20.713301199172154
64.4,14.77374,20.750698577780458
64.4,14.97475,20.78809599844079
64.4,15.17576,20.82543337251734
64.4,15.37677,20.862770776085853
64.4,15.57778,20.90010822176929
64.4,15.77879,20.93743570932581
64.4,15.9798,20.97297332551501
64.4,16.18081,21.005261640013305
64.4,16.38182,21.03607003412476
64.4,16.58283,21.066878447556036
64.4,16.78384,21.097676880258646
64.4,16.98485,21.128485332074778
64.4,17.18586,21.15925374178901
64.4,17.38687,21.1900121660859
64.4,17.58788,21.22077060987343
64.4,17.78889,21.25152907306645
64.4,17.9899,21.28112758438254
64.4,18.19091,21.30892643219769
64.4,18.39192,21.335785247849845
64.4,18.59293,21.362654076158528
64.4,18.79394,21.38951291708761
64.4,18.99495,21.41638177055482
64.4,19.19596,21.44321059427284
64.4,19.39697,21.470049429688785
64.4,19.59798,21.496878277964683
64.4,19.79899,21.52371713895144
64.4,20.0,21.549645987718016
64.7,0.1,5.36781151301522
64.7,0.3010101,7.3228736953525155
64.7,0.5020202,8.118833797561228
64.7,0.7030303,8.594350945597409
64.7,0.9040404,8.98184095161948
64.7,1.105051,9.304433703931414
64.7,1.306061,9.583588268729354
64.7,1.507071,9.862956882750964
64.7,1.708081,10.110682107421807
64.7,1.909091,10.325167355319364
64.7,2.110101,10.547882171750025
64.7,2.311111,10.799508285869088
64.7,2.512121,11.05918921341607
64.7,2.713131,11.318876203636979
64.7,2.914141,11.578568846096967
64.7,3.115152,11.829653740986432
64.7,3.316162,12.074316358089579
64.7,3.517172,12.31844581220166
64.7,3.718182,12.562208649188639
64.7,3.919192,12.805962369779268
64.7,4.120202,13.05377209699636
64.7,4.321212,13.304299337946441
64.7,4.522222,13.554837289847953
64.7,4.723232,13.803765500707126
64.7,4.924242,14.05167409319032
64.7,5.125253,14.26441616192444
64.7,5.326263,14.455878518394544
64.7,5.527273,14.66202969979636
64.7,5.728283,14.87668058574208
64.7,5.929293,15.091332231091755
64.7,6.130303,15.36300603447792
64.7,6.331313,15.66562169573939
64.7,6.532323,15.937447836233416
64.7,6.733333,16.19330619960866
64.7,6.934343,16.44915813587696
64.7,7.135354,16.705023481818383
64.7,7.336364,16.9608920816528
64.7,7.537374,17.21675379279098
64.7,7.738384,17.450510950694078
64.7,7.939394,17.674255028435667
64.7,8.140404,17.86702803414352
64.7,8.341414,18.04641331441328
64.7,8.542424,18.20586686570124
64.7,8.743434,18.357110749539626
64.7,8.944444,18.508356253848653
64.7,9.145455,18.65980221928802
64.7,9.346465,18.811319415179778
64.7,9.547475,18.962828249616084
64.7,9.748485,19.09213679219056
64.7,9.949495,19.21359628410763
64.7,10.15051,19.323995478855775
64.7,10.35152,19.430678142462664
64.7,10.55253,19.521062163558344
64.7,10.75354,19.606266995916517
64.7,10.95455,19.69147239317497
64.7,11.15556,19.776758082163067
64.7,11.35657,19.862074239885914
64.7,11.55758,19.94738093667599
64.7,11.75859,20.015769015240874
64.7,11.9596,20.079617741311264
64.7,12.16061,20.141459497496378
64.7,12.36162,20.20278213309215
64.7,12.56263,20.25609583253104
64.7,12.76364,20.30749989144824
64.7,12.96465,20.35891409947457
64.7,13.16566,20.410288315334757
64.7,13.36667,20.461662649256084
64.7,13.56768,20.513037130136997
64.7,13.76869,20.556342658557256
64.7,13.9697,20.598118453973406
64.7,14.17071,20.640155356869062
64.7,14.37172,20.682232489504468
64.7,14.57273,20.720279817348775
64.7,14.77374,20.75767721206899
64.7,14.97475,20.795074648799805
64.7,15.17576,20.832422044337704
64.7,15.37677,20.869749470184157
64.7,15.57778,20.90708693794953
64.7,15.77879,20.940374643129672
64.7,15.9798,20.9731624070247
64.7,16.18081,21.006500731202053
64.7,16.38182,21.039899133628367
64.7,16.58283,21.070937555614602
64.7,16.78384,21.101745996867823
64.7,16.98485,21.13255445724308
64.7,17.18586,21.163312877430602
64.7,17.38687,21.194071312286617
64.7,17.58788,21.224839766566067
64.7,17.78889,21.253158300667625
64.7,17.9899,21.281316856392074
64.7,18.19091,21.30989576196344
64.7,18.39192,21.338494695511486
64.7,18.59293,21.36543353314873
64.7,18.79394,21.392292378932062
64.7,18.99495,21.41916123721576
64.7,19.19596,21.445990066547736
64.7,19.39697,21.472828907630916
64.7,19.59798,21.49965776151154
64.7,19.79899,21.52470657792714
64.7,20.0,21.549725407645205
65.0,0.1,5.378372944031789
65.0,0.3010101,7.340220024578286
65.0,0.5020202,8.139874140907464
65.0,0.7030303,8.61602999605663
65.0,0.9040404,8.999504098690167
65.0,1.105051,9.3270491672305
65.0,1.306061,9.60620309883206
65.0,1.507071,9.887110297785895
65.0,1.708081,10.149028880381604
65.0,1.909091,10.372124704714578
65.0,2.110101,10.594930378033931
65.0,2.311111,10.831627123735096
65.0,2.512121,11.076882293435423
65.0,2.713131,11.336565731309372
65.0,2.914141,11.596254971972483
65.0,3.115152,11.847337711629402
65.0,3.316162,12.091999066586938
65.0,3.517172,12.33666198582081
65.0,3.718182,12.581242599107144
65.0,3.919192,12.824996335700007
65.0,4.120202,13.072806112554407
65.0,4.321212,13.323063354553042
65.0,4.522222,13.570970696248017
65.0,4.723232,13.818878719174137
65.0,4.924242,14.066787384595774
65.0,5.125253,14.27952962075849
65.0,5.326263,14.470992199081477
65.0,5.527273,14.662465414049874
65.0,5.728283,14.85718885305062
65.0,5.929293,15.071850597349625
65.0,6.130303,15.343514590638813
65.0,6.331313,15.646130485299826
65.0,6.532323,15.948748456111927
65.0,6.733333,16.243603061999128
65.0,6.934343,16.499463732719096
65.0,7.135354,16.75532783999132
65.0,7.336364,17.00538014818421
65.0,7.537374,17.229114041901088
65.0,7.738384,17.452853356981077
65.0,7.939394,17.676607886198322
65.0,8.140404,17.869371181133644
65.0,8.341414,18.048756681362182
65.0,8.542424,18.228153567835395
65.0,8.743434,18.401460856117946
65.0,8.944444,18.552716218183356
65.0,9.145455,18.704152329892665
65.0,9.346465,18.848719142009013
65.0,9.547475,18.970165512327252
65.0,9.748485,19.091623538309097
65.0,9.949495,19.21308318875137
65.0,10.15051,19.323472495860912
65.0,10.35152,19.430165255475668
65.0,10.55253,19.536848633635028
65.0,10.75354,19.637812862688676
65.0,10.95455,19.72301833755247
65.0,11.15556,19.80830419820082
65.0,11.35657,19.887580877935605
65.0,11.55758,19.95142884639722
65.0,11.75859,20.015287225791987
65.0,11.9596,20.079136012392777
65.0,12.16061,20.140967814317627
65.0,12.36162,20.202300491592357
65.0,12.56263,20.263633364933344
65.0,12.76364,20.321826759713336
65.0,12.96465,20.373231024785362
65.0,13.16566,20.424615319608602
65.0,13.36667,20.472800105723447
65.0,13.56768,20.514565744816153
65.0,13.76869,20.556341474169734
65.0,13.9697,20.598107293410877
65.0,14.17071,20.64014421421014
65.0,14.37172,20.682221363728548
65.0,14.57273,20.724298558654223
65.0,14.77374,20.764665860953578
65.0,14.97475,20.802063313749503
65.0,15.17576,20.83940073076779
65.0,15.37677,20.874998264452234
65.0,15.57778,20.90778597341422
65.0,15.77879,20.940573716522625
65.0,15.9798,20.97336149358853
65.0,16.18081,21.006699827868918
65.0,16.38182,21.040098240027927
65.0,16.58283,21.073496670719486
65.0,16.78384,21.105805120273146
65.0,16.98485,21.13661358919308
65.0,17.18586,21.167382019744473
65.0,17.38687,21.197020493244832
65.0,17.58788,21.225179021933126
65.0,17.78889,21.253347568316702
65.0,17.9899,21.28150613238897
65.0,18.19091,21.310085044402573
65.0,18.39192,21.338693984296487
65.0,18.59293,21.367292934400698
65.0,18.79394,21.395081843697753
65.0,18.99495,21.42194070682189
65.0,19.19596,21.44877954175836
65.0,19.39697,21.474738363500755
65.0,19.59798,21.499767172045292
65.0,19.79899,21.524785994430605
65.0,20.0,21.54981483057929
65.3,0.1,5.389049394916365
65.3,0.3010101,7.357045483237462
65.3,0.5020202,8.159776811135934
65.3,0.7030303,8.637235181371286
65.3,0.9040404,9.026276791408026
65.3,1.105051,9.350272391692613
65.3,1.306061,9.631906196505152
65.3,1.507071,9.913554141331993
65.3,1.708081,10.175360502528902
65.3,1.909091,10.43055749370339
65.3,2.110101,10.679723809477222
65.3,2.311111,10.918032173138036
65.3,2.512121,11.156342853813046
65.3,2.713131,11.390661393194565
65.3,2.914141,11.624844311896858
65.3,3.115152,11.865024370063251
65.3,3.316162,12.109684410975916
65.3,3.517172,12.354346067212582
65.3,3.718182,12.59900924343894
65.3,3.919192,12.843663853790448
65.3,4.120202,13.090269842919104
65.3,4.321212,13.338176547246691
65.3,4.522222,13.586083967713396
65.3,4.723232,13.833992063104343
65.3,4.924242,14.0819008004738
65.3,5.125253,14.294643200504696
65.3,5.326263,14.486105997262806
65.3,5.527273,14.677579424322852
65.3,5.728283,14.869043459082139
65.3,5.929293,15.06051807536662
65.3,6.130303,15.324033193910154
65.3,6.331313,15.62663931995192
65.3,6.532323,15.929257517522693
65.3,6.733333,16.2318776691685
65.3,6.934343,16.534489669394773
65.3,7.135354,16.783992912331378
65.3,7.336364,17.007721658870864
65.3,7.537374,17.231456030128996
65.3,7.738384,17.455205808369804
65.3,7.939394,17.678950788306828
65.3,8.140404,17.87171437321133
65.3,8.341414,18.051110091760805
65.3,8.542424,18.23049719194787
65.3,8.743434,18.409895634288333
65.3,8.944444,18.589285379022872
65.3,9.145455,18.726750734857312
65.3,9.346465,18.848205581406184
65.3,9.547475,18.969652114169698
65.3,9.748485,19.091110300576144
65.3,9.949495,19.21256010962701
65.3,10.15051,19.32295952869039
65.3,10.35152,19.42964238452346
65.3,10.55253,19.53633585764231
65.3,10.75354,19.64301993772801
65.3,10.95455,19.7497046150199
65.3,11.15556,19.82324136042829
65.3,11.35657,19.88709897542092
65.3,11.55758,19.95094700514027
65.3,11.75859,20.014795445500432
65.3,11.9596,20.07865429251293
65.3,12.16061,20.140486140116423
65.3,12.36162,20.201818859085314
65.3,12.56263,20.263151773911083
65.3,12.76364,20.324474882812595
65.3,12.96465,20.385808183975474
65.3,13.16566,20.43102330777461
65.3,13.36667,20.472788879981834
65.3,13.56768,20.514564542903788
65.3,13.76869,20.55633029616865
65.3,13.9697,20.598106139051332
65.3,14.17071,20.640133077856934
65.3,14.37172,20.682220244133738
65.3,14.57273,20.724297455831124
65.3,14.77374,20.766374712592167
65.3,14.97475,20.80845201411429
65.3,15.17576,20.84240962852389
65.3,15.37677,20.875197316524183
65.3,15.57778,20.907985038761325
65.3,15.77879,20.940772795073848
65.3,15.9798,20.973560585302273
65.3,16.18081,21.006898929676765
65.3,16.38182,21.040297351559882
65.3,16.58283,21.073695791917867
65.3,16.78384,21.107084250751143
65.3,16.98485,21.140482727874897
65.3,17.18586,21.169041228841888
65.3,17.38687,21.19720974810881
65.3,17.58788,21.225368285159494
65.3,17.78889,21.253536839908655
65.3,17.9899,21.281695412323874
65.3,18.19091,21.310274330823674
65.3,18.39192,21.338883277039404
65.3,18.59293,21.36748223347247
65.3,18.79394,21.396081200027478
65.3,18.99495,21.424680176663895
65.3,19.19596,21.44979896892932
65.3,19.39697,21.474817770089913
65.3,19.59798,21.49984658509446
65.3,19.79899,21.524865413969952
65.3,20.0,21.549894256570976
65.6,0.1,5.39985289235826
65.6,0.3010101,7.37390401748738
65.6,0.5020202,8.179994258446174
65.6,0.7030303,8.659054188506053
65.6,0.9040404,9.045063325490409
65.6,1.105051,9.374108623175497
65.6,1.306061,9.656978330709247
65.6,1.507071,9.938992689143017
65.6,1.708081,10.200921660413023
65.6,1.909091,10.454103074929575
65.6,2.110101,10.699207716566221
65.6,2.311111,10.930214634509484
65.6,2.512121,11.167826009203372
65.6,2.713131,11.402223775816557
65.6,2.914141,11.5985404147327
65.6,3.115152,11.820003186075418
65.6,3.316162,12.064662478680763
65.6,3.517172,12.335018409565269
65.6,3.718182,12.622885943992157
65.6,3.919192,12.863355647987174
65.6,4.120202,13.106914483532409
65.6,4.321212,13.352809619078519
65.6,4.522222,13.60071711302944
65.6,4.723232,13.848625278568587
65.6,4.924242,14.096534082944585
65.6,5.125253,14.309276646538004
65.6,5.326263,14.500739661150295
65.6,5.527273,14.69221329976972
65.6,5.728283,14.886277106494171
65.6,5.929293,15.096188930186356
65.6,6.130303,15.366183531045579
65.6,6.331313,15.66880029647479
65.6,6.532323,15.971419104504006
65.6,6.733333,16.265295079510743
65.6,6.934343,16.515199785768093
65.6,7.135354,16.76510763707778
65.6,7.336364,17.010292983367645
65.6,7.537374,17.23402784210287
65.6,7.738384,17.457778095508715
65.6,7.939394,17.681523538697075
65.6,8.140404,17.87428743314565
65.6,8.341414,18.053683395597343
65.6,8.542424,18.23307073543948
65.6,8.743434,18.405968786800603
65.6,8.944444,18.55529598237975
65.6,9.145455,18.70474387716574
65.6,9.346465,18.847762069108693
65.6,9.547475,18.969208758676675
65.6,9.748485,19.090667099932627
65.6,9.949495,19.212127061751094
65.6,10.15051,19.322516592086334
65.6,10.35152,19.429209544341536
65.6,10.55253,19.535893113054783
65.6,10.75354,19.636867629850403
65.6,10.95455,19.722083645146068
65.6,11.15556,19.807370014374538
65.6,11.35657,19.886637076830173
65.6,11.55758,19.950485166811127
65.6,11.75859,20.014333667068957
65.6,11.9596,20.078192573597864
65.6,12.16061,20.14002446686492
65.6,12.36162,20.201357227925648
65.6,12.56263,20.262690184517634
65.6,12.76364,20.320973708376687
65.6,12.96465,20.37270819643212
65.6,13.16566,20.42440271315667
65.6,13.36667,20.472797659822977
65.6,13.56768,20.514563346238493
65.6,13.76869,20.556339122790366
65.6,13.9697,20.598104988972324
65.6,14.17071,20.640141945573678
65.6,14.37172,20.682219128733372
65.6,14.57273,20.72429635719519
65.6,14.77374,20.764713715453908
65.6,14.97475,20.802241261580704
65.6,15.17576,20.839718772616997
65.6,15.37677,20.87539637369806
65.6,15.57778,20.908184108938404
65.6,15.77879,20.94097187818562
65.6,15.9798,20.973759681336375
65.6,16.18081,21.007098035760627
65.6,16.38182,21.040496467345775
65.6,16.58283,21.07389491740154
65.6,16.78384,21.10620341339602
65.6,16.98485,21.137011965627213
65.6,17.18586,21.16777047973794
65.6,17.38687,21.197399007271574
65.6,17.58788,21.22556755255329
65.6,17.78889,21.25372611554973
65.6,17.9899,21.28189469610373
65.6,18.19091,21.310473621024748
65.6,18.39192,21.339072573605698
65.6,18.59293,21.36767153630848
65.6,18.79394,21.395430484307273
65.6,18.99495,21.422219415095793
65.6,19.19596,21.44897831756112
65.6,19.39697,21.474907180034055
65.6,19.59798,21.49993600143043
65.6,19.79899,21.524954836659976
65.6,20.0,21.549983685623495
65.9,0.1,5.410584453047874
65.9,0.3010101,7.391230210462224
65.9,0.5020202,8.199462107096132
65.9,0.7030303,8.681319438014501
65.9,0.9040404,9.072161820361682
65.9,1.105051,9.397464274933265
65.9,1.306061,9.680332302435588
65.9,1.507071,9.963188842478406
65.9,1.708081,10.221994502378287
65.9,1.909091,10.47464345294813
65.9,2.110101,10.719807205538016
65.9,2.311111,10.950823494481972
65.9,2.512121,11.183371004671955
65.9,2.713131,11.404609032979502
65.9,2.914141,11.600595319925489
65.9,3.115152,11.845641644386795
65.9,3.316162,12.138218588391135
65.9,3.517172,12.400423507766444
65.9,3.718182,12.640881985275593
65.9,3.919192,12.881351520258495
65.9,4.120202,13.124920332140814
65.9,4.321212,13.370565346938182
65.9,4.522222,13.616221088501975
65.9,4.723232,13.863258621852145
65.9,4.924242,14.111167490850127
65.9,5.125253,14.323910215808885
65.9,5.326263,14.515383445333242
65.9,5.527273,14.71852532313935
65.9,5.728283,14.92843677559052
65.9,5.929293,15.13833894075887
65.9,6.130303,15.408344084598916
65.9,6.331313,15.71096148259512
65.9,6.532323,15.97887184431614
65.9,6.733333,16.22878544702621
65.9,6.934343,16.478692283575175
65.9,7.135354,16.72860221053032
65.9,7.336364,16.978525089881764
65.9,7.537374,17.228440793182482
65.9,7.738384,17.46034042809496
65.9,7.939394,17.68409633167642
65.9,8.140404,17.87686053676007
65.9,8.341414,18.056246742130078
65.9,8.542424,18.214342306696146
65.9,8.743434,18.363668531566386
65.9,8.944444,18.512996235233377
65.9,9.145455,18.662444374512013
65.9,9.346465,18.811943647589896
65.9,9.547475,18.9614444225095
65.9,9.748485,19.09022391496135
65.9,9.949495,19.211684029616805
65.9,10.15051,19.322083670831766
65.9,10.35152,19.428766719708452
65.9,10.55253,19.519171403493342
65.9,10.75354,19.60439695814621
65.9,10.95455,19.68961304456632
65.9,11.15556,19.77489939888133
65.9,11.35657,19.860196195786603
65.9,11.55758,19.94549350342757
65.9,11.75859,20.01387189783767
65.9,11.9596,20.07773086386799
65.9,12.16061,20.13956280284619
65.9,12.36162,20.200895605896488
65.9,12.56263,20.254459582189753
65.9,12.76364,20.30618393618633
65.9,12.96465,20.35791843089703
65.9,13.16566,20.409612934852948
65.9,13.36667,20.461287550663855
65.9,13.56768,20.512972305132365
65.9,13.76869,20.556337955844405
65.9,13.9697,20.59810384525904
65.9,14.17071,20.640140819693126
65.9,14.37172,20.682218019672856
65.9,14.57273,20.72039546578149
65.9,14.77374,20.75792298520374
65.9,14.97475,20.795460544406502
65.9,15.17576,20.832938064382912
65.9,15.37677,20.87040561306753
65.9,15.57778,20.907873201566378
65.9,15.77879,20.941180966458255
65.9,15.9798,20.973968782523112
65.9,16.18081,21.007307146989582
65.9,16.38182,21.040695588305113
65.9,16.58283,21.07173410836986
65.9,16.78384,21.102532652127184
65.9,16.98485,21.133341213360193
65.9,17.18586,21.164099735430007
65.9,17.38687,21.194848270767103
65.9,17.58788,21.22560682394021
65.9,17.78889,21.25392539511929
65.9,17.9899,21.28208398391725
65.9,18.19091,21.310662915229088
65.9,18.39192,21.33927187408641
65.9,18.59293,21.366130791905118
65.9,18.79394,21.392919718994136
65.9,18.99495,21.419718657416414
65.9,19.19596,21.446477567264324
65.9,19.39697,21.473236487715273
65.9,19.59798,21.499995419800637
65.9,19.79899,21.52504426241318
65.9,20.0,21.550063117759805
66.2,0.1,5.420691231600848
66.2,0.3010101,7.408352212273754
66.2,0.5020202,8.219302859637928
66.2,0.7030303,8.702024923098984
66.2,0.9040404,9.094521572171491
66.2,1.105051,9.4202072703753
66.2,1.306061,9.702999304196508
66.2,1.507071,9.985764827940319
66.2,1.708081,10.243568849879155
66.2,1.909091,10.492989337791169
66.2,2.110101,10.737433979178462
66.2,2.311111,10.971636490358584
66.2,2.512121,11.206320588411144
66.2,2.713131,11.449890528612212
66.2,2.914141,11.691671305449825
66.2,3.115152,11.93749666795711
66.2,3.316162,12.17795265316396
66.2,3.517172,12.418419830493525
66.2,3.718182,12.658878132413665
66.2,3.919192,12.899347496882697
66.2,4.120202,13.142916284209754
66.2,4.321212,13.388561367345122
66.2,4.522222,13.634217173835376
66.2,4.723232,13.879873666178286
66.2,4.924242,14.12581102154745
66.2,5.125253,14.340863502387188
66.2,5.326263,14.550773805971634
66.2,5.527273,14.760674873195633
66.2,5.728283,14.97058667282299
66.2,5.929293,15.180499172783563
66.2,6.130303,15.442560337840312
66.2,6.331313,15.692459298047265
66.2,6.532323,15.942361748061838
66.2,6.733333,16.192277524529423
66.2,6.934343,16.442186475943867
66.2,7.135354,16.692098461165212
66.2,7.336364,16.94202334349388
66.2,7.537374,17.19194099941979
66.2,7.738384,17.441861307413614
66.2,7.939394,17.686659169271056
66.2,8.140404,17.87338310424907
66.2,8.341414,18.02270678167795
66.2,8.542424,18.1720420072176
66.2,8.743434,18.32136874360868
66.2,8.944444,18.470696953897097
66.2,9.145455,18.620155334154216
66.2,9.346465,18.769644749497022
66.2,9.547475,18.91914566757243
66.2,9.748485,19.068648052611078
66.2,9.949495,19.211241013063812
66.2,10.15051,19.316251126508092
66.2,10.35152,19.40147566690408
66.2,10.55253,19.486700753517088
66.2,10.75354,19.57192637885626
66.2,10.95455,19.65714253623642
66.2,11.15556,19.7424288752002
66.2,11.35657,19.82772563254299
66.2,11.55758,19.913022901793255
66.2,11.75859,19.99832067648701
66.2,11.9596,20.07726916339358
66.2,12.16061,20.136211529262965
66.2,12.36162,20.18793560477565
66.2,12.56263,20.239669823280202
66.2,12.76364,20.291404183720257
66.2,12.96465,20.34312868504037
66.2,13.16566,20.394823176160756
66.2,13.36667,20.446497775188067
66.2,13.56768,20.498182512989864
66.2,13.76869,20.549867388645435
66.2,13.9697,20.598112707862
66.2,14.17071,20.63853978418792
66.2,14.37172,20.676077236482307
66.2,14.57273,20.713604729049166
66.2,14.77374,20.751142261577144
66.2,14.97475,20.788669833940393
66.2,15.17576,20.826147362878284
66.2,15.37677,20.86361491985248
66.2,15.57778,20.90109251661335
66.2,15.77879,20.93856015297139
66.2,15.9798,20.97416788891063
66.2,16.18081,21.00646629036204
66.2,16.38182,21.037264807910276
66.2,16.58283,21.06806334309842
66.2,16.78384,21.098861895902417
66.2,16.98485,21.129670466159258
66.2,17.18586,21.160418996189968
66.2,17.38687,21.191177539315532
66.2,17.58788,21.22193610029034
66.2,17.78889,21.25268467901723
66.2,17.9899,21.282283275654684
66.2,18.19091,21.31004218886229
66.2,18.39192,21.336831100764197
66.2,18.59293,21.363630024113895
66.2,18.79394,21.390418958877675
66.2,18.99495,21.417207905031056
66.2,19.19596,21.443976822183323
66.2,19.39697,21.47073574998673
66.2,19.59798,21.497494689362128
66.2,19.79899,21.524253640311205
66.2,20.0,21.550152552886182
66.5,0.1,5.430547199639016
66.5,0.3010101,7.425032592787861
66.5,0.5020202,8.239672892322664
66.5,0.7030303,8.723105830809544
66.5,0.9040404,9.111541388443134
66.5,1.105051,9.441852447477675
66.5,1.306061,9.72322976093585
66.5,1.507071,10.005990856673144
66.5,1.708081,10.263842550103755
66.5,1.909091,10.502147344861262
66.5,2.110101,10.723252002720628
66.5,2.311111,10.957898980107748
66.5,2.512121,11.201086108096217
66.5,2.713131,11.450930638109119
66.5,2.914141,11.707116914328543
66.5,3.115152,11.954792575799607
66.5,3.316162,12.195617409068118
66.5,3.517172,12.436084410612033
66.5,3.718182,12.676542543232578
66.5,3.919192,12.917011741935557
66.5,4.120202,13.160570522525262
66.5,4.321212,13.406225699675998
66.5,4.522222,13.65188159678184
66.5,4.723232,13.897538175665114
66.5,4.924242,14.141814989979755
66.5,5.125253,14.350307705631028
66.5,5.326263,14.551829733415264
66.5,5.527273,14.761740978958242
66.5,5.728283,14.971652952686455
66.5,5.929293,15.18155562266935
66.5,6.130303,15.447132233441117
66.5,6.331313,15.712931874706795
66.5,6.532323,15.962844293247544
66.5,6.733333,16.21275003627293
66.5,6.934343,16.462668950143623
66.5,7.135354,16.712580895812167
66.5,7.336364,16.962495736695733
66.5,7.537374,17.212423348179286
66.5,7.738384,17.4623436112294
66.5,7.939394,17.690551383144143
66.5,8.140404,17.879638678645247
66.5,8.341414,18.03697387769575
66.5,8.542424,18.18630917115876
66.5,8.743434,18.33563597319009
66.5,8.944444,18.484964246920217
66.5,9.145455,18.63442277255766
66.5,9.346465,18.783912363226968
66.5,9.547475,18.93341345208211
66.5,9.748485,19.082916003534322
66.5,9.949495,19.210947939091813
66.5,10.15051,19.320848256875585
66.5,10.35152,19.411262614531896
66.5,10.55253,19.4964877780355
66.5,10.75354,19.581713479322946
66.5,10.95455,19.666939711658724
66.5,11.15556,19.752226154680663
66.5,11.35657,19.83752302359539
66.5,11.55758,19.922820403298125
66.5,11.75859,20.008118287172685
66.5,11.9596,20.07669749190418
66.5,12.16061,20.138909774673273
66.5,12.36162,20.192593687534178
66.5,12.56263,20.2443279429528
66.5,12.76364,20.29606234012298
66.5,12.96465,20.347786877988693
66.5,13.16566,20.399481412825335
66.5,13.36667,20.451166056804862
66.5,13.56768,20.50284083948185
66.5,13.76869,20.55452575963379
66.5,13.9697,20.59805161669372
66.5,14.17071,20.640318667815713
66.5,14.37172,20.678546105720894
66.5,14.57273,20.716073612994023
66.5,14.77374,20.75361116014171
66.5,14.97475,20.79113874709576
66.5,15.17576,20.82861629262112
66.5,15.37677,20.866083866441187
66.5,15.57778,20.90356147995463
66.5,15.77879,20.941029133000313
66.5,15.9798,20.97434702965011
66.5,16.18081,21.007735469278227
66.5,16.38182,21.038793993824974
66.5,16.58283,21.069592537298853
66.5,16.78384,21.100391098362433
66.5,16.98485,21.131199676854564
66.5,17.18586,21.16194821590805
66.5,17.38687,21.192706768096382
66.5,17.58788,21.223465338106003
66.5,17.78889,21.254213925839814
66.5,17.9899,21.28247259326641
66.5,18.19091,21.311001584158056
66.5,18.39192,21.337880506088467
66.5,18.59293,21.36466943494403
66.5,18.79394,21.391458375217784
66.5,18.99495,21.418257326793462
66.5,19.19596,21.445016249856682
66.5,19.39697,21.471775183493463
66.5,19.59798,21.498534128732356
66.5,19.79899,21.525303085460386
66.5,20.0,21.550242008337623
66.8,0.1,5.4407972433253855
66.8,0.3010101,7.441202328780804
66.8,0.5020202,8.259075722503793
66.8,0.7030303,8.743592384249425
66.8,0.9040404,9.137170263976737
66.8,1.105051,9.463332568998096
66.8,1.306061,9.744401593220394
66.8,1.507071,10.025486015865573
66.8,1.708081,10.256547830515649
66.8,1.909091,10.470291766715977
66.8,2.110101,10.698597088645835
66.8,2.311111,10.954779278616748
66.8,2.512121,11.21095587496659
66.8,2.713131,11.46713658271664
66.8,2.914141,11.723331132810413
66.8,3.115152,11.971005460435308
66.8,3.316162,12.21233180727034
66.8,3.517172,12.45357820271853
66.8,3.718182,12.6940461648541
66.8,3.919192,12.93450519978497
66.8,4.120202,13.178073982109646
66.8,4.321212,13.42372926592472
66.8,4.522222,13.66913519347318
66.8,4.723232,13.912561218782402
66.8,4.924242,14.155977863703317
66.8,5.125253,14.364470746763054
66.8,5.326263,14.551825523261384
66.8,5.527273,14.742250323033096
66.8,5.728283,14.952162385695896
66.8,5.929293,15.162065143048064
66.8,6.130303,15.427641916404383
66.8,6.331313,15.723411402796824
66.8,6.532323,16.011818036794836
66.8,6.733333,16.261722645108637
66.8,6.934343,16.51164045133974
66.8,7.135354,16.76155131251193
66.8,7.336364,17.011465092409896
66.8,7.537374,17.25556721427195
66.8,7.738384,17.47417377871013
66.8,7.939394,17.69278498293323
66.8,8.140404,17.881872530064097
66.8,8.341414,18.058211249315555
66.8,8.542424,18.228860205478927
66.8,8.743434,18.378186848931392
66.8,8.944444,18.527514963963483
66.8,9.145455,18.676973586237924
66.8,9.346465,18.826463365894583
66.8,9.547475,18.969153936742206
66.8,9.748485,19.089783765100904
66.8,9.949495,19.210425125856126
66.8,10.15051,19.32032554632208
66.8,10.35152,19.426619211735485
66.8,10.55253,19.52741371991329
66.8,10.75354,19.612639499146773
66.8,10.95455,19.697865807874756
66.8,11.15556,19.78314241401253
66.8,11.35657,19.868439469389088
66.8,11.55758,19.947707351643455
66.8,11.75859,20.011956454652925
66.8,11.9596,20.076195939099527
66.8,12.16061,20.13840826276499
66.8,12.36162,20.20012140947612
66.8,12.56263,20.258715039594822
66.8,12.76364,20.31043948847383
66.8,12.96465,20.362174077593682
66.8,13.16566,20.41386868425241
66.8,13.36667,20.46554340412237
66.8,13.56768,20.51397859286241
66.8,13.76869,20.555994537004583
66.8,13.9697,20.59801056739368
66.8,14.17071,20.640277634979785
66.8,14.37172,20.682584918815245
66.8,14.57273,20.723172316636123
66.8,14.77374,20.760699879226404
66.8,14.97475,20.79823748143723
66.8,15.17576,20.835715047346213
66.8,15.37677,20.87318264220224
66.8,15.57778,20.90886036685436
66.8,15.77879,20.94169826842885
66.8,15.9798,20.97452620144688
66.8,16.18081,21.007914650229182
66.8,16.38182,21.04136317110372
66.8,16.58283,21.073721714731768
66.8,16.78384,21.10452028365334
66.8,16.98485,21.13532886997715
66.8,17.18586,21.166077418592387
66.8,17.38687,21.19683598045444
66.8,17.58788,21.22643458916129
66.8,17.78889,21.254543251773566
66.8,17.9899,21.28265193039648
66.8,18.19091,21.311190927096654
66.8,18.39192,21.339749949257122
66.8,18.59293,21.367488935573654
66.8,18.79394,21.394277880203216
66.8,18.99495,21.421076836168897
66.8,19.19596,21.447835764321763
66.8,19.39697,21.47459470309913
66.8,19.59798,21.500463630720407
66.8,19.79899,21.525392546732903
66.8,20.0,21.55032147522773
67.1,0.1,5.4504724931767665
67.1,0.3010101,7.45744412017149
67.1,0.5020202,8.27828517704708
67.1,0.7030303,8.76412047463768
67.1,0.9040404,9.154277202274358
67.1,1.105051,9.48530552294221
67.1,1.306061,9.766698761317965
67.1,1.507071,10.049550097402735
67.1,1.708081,10.310541589112503
67.1,1.909091,10.5517222295418
67.1,2.110101,10.773033973071712
67.1,2.311111,11.008293470324006
67.1,2.512121,11.240021103223695
67.1,2.713131,11.483353745914107
67.1,2.914141,11.739536547184839
67.1,3.115152,11.987209519897107
67.1,3.316162,12.22853479959835
67.1,3.517172,12.469862023774967
67.1,3.718182,12.71119108167695
67.1,3.919192,12.951998794960739
67.1,4.120202,13.195567576044164
67.1,4.321212,13.439882587233921
67.1,4.522222,13.683298044824408
67.1,4.723232,13.926724151655815
67.1,4.924242,14.17014087467493
67.1,5.125253,14.378633921507925
67.1,5.326263,14.565988909966972
67.1,5.527273,14.753354445872239
67.1,5.728283,14.940720509447644
67.1,5.929293,15.142584704756011
67.1,6.130303,15.408151642374087
67.1,6.331313,15.703931329253956
67.1,6.532323,15.999702894407616
67.1,6.733333,16.295486233111657
67.1,6.934343,16.560602492082865
67.1,7.135354,16.810522265442476
67.1,7.336364,17.039187893208666
67.1,7.537374,17.257790055062557
67.1,7.738384,17.476397024304934
67.1,7.939394,17.69500862183967
67.1,8.140404,17.88409641931006
67.1,8.341414,18.06044532836707
67.1,8.542424,18.23678545872825
67.1,8.743434,18.413136774719263
67.1,8.944444,18.570066030101017
67.1,9.145455,18.719514746695385
67.1,9.346465,18.84798243387119
67.1,9.547475,18.968620848156302
67.1,9.748485,19.089260822652356
67.1,9.949495,19.209902327329686
67.1,10.15051,19.31980284932371
67.1,10.35152,19.42609660249798
67.1,10.55253,19.532390943214747
67.1,10.75354,19.638695861758002
67.1,10.95455,19.728792035274264
67.1,11.15556,19.81406880334958
67.1,11.35657,19.882966924704604
67.1,11.55758,19.94720569771262
67.1,11.75859,20.011454855344816
67.1,11.9596,20.07569439403535
67.1,12.16061,20.13790675861507
67.1,12.36162,20.19960994274644
67.1,12.56263,20.261323309588633
67.1,12.76364,20.3230268576109
67.1,12.96465,20.376561329806044
67.1,13.16566,20.428246008108946
67.1,13.36667,20.47192162625636
67.1,13.56768,20.513937505518793
67.1,13.76869,20.55596347141914
67.1,13.9697,20.59797952352961
67.1,14.17071,20.64024660757089
67.1,14.37172,20.682553906875945
67.1,14.57273,20.724861250064336
67.1,14.77374,20.767168636868195
67.1,14.97475,20.80532622967242
67.1,15.17576,20.842803815925304
67.1,15.37677,20.876201637451953
67.1,15.57778,20.909039519367028
67.1,15.77879,20.941867432891474
67.1,15.9798,20.974705377747092
67.1,16.18081,21.00809383564962
67.1,16.38182,21.041542365338337
67.1,16.58283,21.074990912209216
67.1,16.78384,21.108439476180017
67.1,16.98485,21.139448069320878
67.1,17.18586,21.170206627452686
67.1,17.38687,21.1985052606719
67.1,17.58788,21.226613914788867
67.1,17.78889,21.25472258493588
67.1,17.9899,21.282831271073505
67.1,18.19091,21.31137027360649
67.1,18.39192,21.339929301495953
67.1,18.59293,21.36848833863743
67.1,18.79394,21.397047384993876
67.1,18.99495,21.42389634820522
67.1,19.19596,21.450655281488665
67.1,19.39697,21.4756241792577
67.1,19.59798,21.500553088624436
67.1,19.79899,21.525482010503303
67.1,20.0,21.550410944850874
67.4,0.1,5.461005685698789
67.4,0.3010101,7.473870128794888
67.4,0.5020202,8.296414363061599
67.4,0.7030303,8.785091570235194
67.4,0.9040404,9.180164580149066
67.4,1.105051,9.507816118315768
67.4,1.306061,9.790936996583719
67.4,1.507071,10.073787389673317
67.4,1.708081,10.33473958059173
67.4,1.909091,10.588338742223284
67.4,2.110101,10.831782695874894
67.4,2.311111,11.066175106227483
67.4,2.512121,11.301416542735168
67.4,2.713131,11.533009146752555
67.4,2.914141,11.762726969340669
67.4,3.115152,11.982952485535005
67.4,3.316162,12.224276823385352
67.4,3.517172,12.46560314157585
67.4,3.718182,12.706931329730256
67.4,3.919192,12.970951708455585
67.4,4.120202,13.210490523977368
67.4,4.321212,13.453915382909583
67.4,4.522222,13.697330923671844
67.4,4.723232,13.940757111414717
67.4,4.924242,14.184173911955172
67.4,5.125253,14.39266712226639
67.4,5.326263,14.580022322565188
67.4,5.527273,14.76738806442579
67.4,5.728283,14.95475432829996
67.4,5.929293,15.144750829247396
67.4,6.130303,15.40874868999768
67.4,6.331313,15.704528707637403
67.4,6.532323,16.000300590098018
67.4,6.733333,16.29608423679034
67.4,6.934343,16.587992851678806
67.4,7.135354,16.822892674601906
67.4,7.336364,17.041490273472316
67.4,7.537374,17.26009285559453
67.4,7.738384,17.478700233025833
67.4,7.939394,17.697312227223215
67.4,8.140404,17.88640028344914
67.4,8.341414,18.062739389951165
67.4,8.542424,18.239089713182487
67.4,8.743434,18.415431218058075
67.4,8.944444,18.58540314892509
67.4,9.145455,18.726852245243958
67.4,9.346465,18.84748921831583
67.4,9.547475,18.968117778851614
67.4,9.748485,19.088757897573217
67.4,9.949495,19.209399544712777
67.4,10.15051,19.319300168613626
67.4,10.35152,19.425594009716622
67.4,10.55253,19.531888437316415
67.4,10.75354,19.638193441865766
67.4,10.95455,19.738779346702614
67.4,11.15556,19.81822678228644
67.4,11.35657,19.882475221765947
67.4,11.55758,19.946714049441706
67.4,11.75859,20.01095326143678
67.4,11.9596,20.07520285406431
67.4,12.16061,20.137415259533345
67.4,12.36162,20.199118481108197
67.4,12.56263,20.260821885236037
67.4,12.76364,20.322535470191404
67.4,12.96465,20.381129566808738
67.4,13.16566,20.429864708400455
67.4,13.36667,20.471890522219752
67.4,13.56768,20.51390642322898
67.4,13.76869,20.55593241081959
67.4,13.9697,20.597948484499202
67.4,14.17071,20.640215584965244
67.4,14.37172,20.682522899731918
67.4,14.57273,20.724830258318864
67.4,14.77374,20.767137660458268
67.4,14.97475,20.80772519495961
67.4,15.17576,20.843542920336965
67.4,15.37677,20.876380782467564
67.4,15.57778,20.909218676281903
67.4,15.77879,20.94205660157646
67.4,15.9798,20.974884558265835
67.4,16.18081,21.008273025269848
67.4,16.38182,21.041721563734434
67.4,16.58283,21.075170119353174
67.4,16.78384,21.10861869204397
67.4,16.98485,21.140947310172578
67.4,17.18586,21.170575936899063
67.4,17.38687,21.19869458239263
67.4,17.58788,21.226803243991125
67.4,17.78889,21.25491192162409
67.4,17.9899,21.283020615227745
67.4,18.19091,21.311559623577224
67.4,18.39192,21.34011865718162
67.4,18.59293,21.368677700022673
67.4,18.79394,21.397236752063392
67.4,18.99495,21.42492579064163
67.4,19.19596,21.45077473149544
67.4,19.39697,21.475703634168877
67.4,19.59798,21.50063254938442
67.4,19.79899,21.5255614770985
67.4,20.0,21.550490417267735
67.7,0.1,5.47084104390537
67.7,0.3010101,7.4903231785619
67.7,0.5020202,8.316059857534308
67.7,0.7030303,8.80550610209756
67.7,0.9040404,9.202212456847569
67.7,1.105051,9.530288578856007
67.7,1.306061,9.813958926794333
67.7,1.507071,10.09745417591627
67.7,1.708081,10.357835311550138
67.7,1.909091,10.608802651082488
67.7,2.110101,10.852005814610173
67.7,2.311111,11.080554688068062
67.7,2.512121,11.311917498940783
67.7,2.713131,11.52613969549748
67.7,2.914141,11.719876320556464
67.7,3.115152,11.93777147657898
67.7,3.316162,12.20382732357432
67.7,3.517172,12.493117829520873
67.7,3.718182,12.751594842614704
67.7,3.919192,12.988474548504152
67.7,4.120202,13.227763359844657
67.7,4.321212,13.468668165162637
67.7,4.522222,13.711103721795741
67.7,4.723232,13.954529990492075
67.7,4.924242,14.197946871179244
67.7,5.125253,14.406440246609542
67.7,5.326263,14.59379566057455
67.7,5.527273,14.781161610191814
67.7,5.728283,14.980066894428504
67.7,5.929293,15.185522087993474
67.7,6.130303,15.44953044557996
67.7,6.331313,15.745311047899758
67.7,6.532323,16.041083490998865
67.7,6.733333,16.321841335215776
67.7,6.934343,16.59496979666463
67.7,7.135354,16.82932968818069
67.7,7.336364,17.044879899422842
67.7,7.537374,17.26252553345552
67.7,7.738384,17.48113332818852
67.7,7.939394,17.699745728749186
67.7,8.140404,17.88883405693524
67.7,8.341414,18.065173376625424
67.7,8.542424,18.241523908763934
67.7,8.743434,18.39727330572757
67.7,8.944444,18.544753095850133
67.7,9.145455,18.692293451636754
67.7,9.346465,18.83986490950557
67.7,9.547475,18.967664733641804
67.7,9.748485,19.088304993695385
67.7,9.949495,19.20894678041956
67.7,10.15051,19.318847505972386
67.7,10.35152,19.42514143541246
67.7,10.55253,19.53144595038436
67.7,10.75354,19.62165202202796
67.7,10.95455,19.706898903675874
67.7,11.15556,19.79216608628424
67.7,11.35657,19.877443700721752
67.7,11.55758,19.946232404792337
67.7,11.75859,20.010481670482946
67.7,11.9596,20.074721316593134
67.7,12.16061,20.136933762960894
67.7,12.36162,20.198637022184105
67.7,12.56263,20.260340463734405
67.7,12.76364,20.31418494882709
67.7,12.96465,20.366229768347285
67.7,13.16566,20.418224612377923
67.7,13.36667,20.470209565346924
67.7,13.56768,20.513885345703848
67.7,13.76869,20.55590135470846
67.7,13.9697,20.597927449616417
67.7,14.17071,20.64018456650601
67.7,14.37172,20.68250189668473
67.7,14.57273,20.724809270666814
67.7,14.77374,20.76310689768395
67.7,14.97475,20.80078459573959
67.7,15.17576,20.83840226024368
67.7,15.37677,20.876009952463175
67.7,15.57778,20.90939783739945
67.7,15.77879,20.942235774405912
67.7,15.9798,20.975073742707988
67.7,16.18081,21.008462218784047
67.7,16.38182,21.041910765982816
67.7,16.58283,21.07534933036618
67.7,16.78384,21.106387973684804
67.7,16.98485,21.137186638985735
67.7,17.18586,21.167945267720356
67.7,17.38687,21.198703908656988
67.7,17.58788,21.22698257691001
67.7,17.78889,21.255091261933902
67.7,17.9899,21.283209962880896
67.7,18.19091,21.311738977046726
67.7,18.39192,21.340298016341052
67.7,18.59293,21.368857064856748
67.7,18.79394,21.39564607612512
67.7,18.99495,21.422375096012537
67.7,19.19596,21.449074088492925
67.7,19.39697,21.475763090613945
67.7,19.59798,21.500722013022582
67.7,19.79899,21.525650946514382
67.7,20.0,21.55057989244792
68.0,0.1,5.48089433897087
68.0,0.3010101,7.506756823914063
68.0,0.5020202,8.336181568542932
68.0,0.7030303,8.82652385947376
68.0,0.9040404,9.219262456503225
68.0,1.105051,9.552052060524343
68.0,1.306061,9.835721018688856
68.0,1.507071,10.119111808325536
68.0,1.708081,10.37639626826006
68.0,1.909091,10.626825257708925
68.0,2.110101,10.869967302818837
68.0,2.311111,11.098515463351575
68.0,2.512121,11.331123106389757
68.0,2.713131,11.572161545721766
68.0,2.914141,11.766439026932304
68.0,3.115152,12.010276976962295
68.0,3.316162,12.295352256280351
68.0,3.517172,12.53222955718447
68.0,3.718182,12.76910800563074
68.0,3.919192,13.005997539253116
68.0,4.120202,13.245286359552589
68.0,4.321212,13.486191287156922
68.0,4.522222,13.727096841307944
68.0,4.723232,13.968303012069649
68.0,4.924242,14.211719969016428
68.0,5.125253,14.420213505971061
68.0,5.326263,14.609938878942767
68.0,5.527273,14.815393165735557
68.0,5.728283,15.020848065614409
68.0,5.929293,15.226303552553862
68.0,6.130303,15.490312401618263
68.0,6.331313,15.782557090908325
68.0,6.532323,16.05568011287768
68.0,6.733333,16.32881771166682
68.0,6.934343,16.60194966349734
68.0,7.135354,16.836312093820286
68.0,7.336364,17.051864375244882
68.0,7.537374,17.26742811444045
68.0,7.738384,17.48356646156357
68.0,7.939394,17.70217926791389
68.0,8.140404,17.891267867588294
68.0,8.341414,18.061666717424764
68.0,8.542424,18.209144268642497
68.0,8.743434,18.356633198063694
68.0,8.944444,18.504113474656204
68.0,9.145455,18.651654081800388
68.0,9.346465,18.799215702106913
68.0,9.547475,18.94678869637832
68.0,9.748485,19.087852103594287
68.0,9.949495,19.208494029291757
68.0,10.15051,19.318394856955486
68.0,10.35152,19.419299227925688
68.0,10.55253,19.50453516409043
68.0,10.75354,19.589781605789362
68.0,10.95455,19.675018546627523
68.0,11.15556,19.760285709048055
68.0,11.35657,19.845573280908862
68.0,11.55758,19.93085133579805
68.0,11.75859,20.010000087518424
68.0,11.9596,20.07423978700865
68.0,12.16061,20.136452274328132
68.0,12.36162,20.195195911429096
68.0,12.56263,20.247240469957017
68.0,12.76364,20.299285162586333
68.0,12.96465,20.351329988289034
68.0,13.16566,20.403324820388658
68.0,13.36667,20.455309757746313
68.0,13.56768,20.507294826204735
68.0,13.76869,20.555880304113636
68.0,13.9697,20.597896420335243
68.0,14.17071,20.64016355354392
68.0,14.37172,20.680820987689522
68.0,14.57273,20.71849862128792
68.0,14.77374,20.7561662929153
68.0,14.97475,20.79384400222355
68.0,15.17576,20.8314616740631
68.0,15.37677,20.86906937306984
68.0,15.57778,20.90667710984033
68.0,15.77879,20.94241495175807
68.0,15.9798,20.97525293172765
68.0,16.18081,21.008641416841673
68.0,16.38182,21.041010000706724
68.0,16.58283,21.071818641687805
68.0,16.78384,21.102617298874733
68.0,16.98485,21.13342597218324
68.0,17.18586,21.164184607920802
68.0,17.38687,21.19494325573803
68.0,17.58788,21.225691919996347
68.0,17.78889,21.255280605758063
68.0,17.9899,21.283389314124065
68.0,18.19091,21.31192833402225
68.0,18.39192,21.339647356639553
68.0,18.59293,21.36637636273314
68.0,18.79394,21.393105379230256
68.0,18.99495,21.41982440607151
68.0,19.19596,21.446523405195325
68.0,19.39697,21.47322241391324
68.0,19.59798,21.49991143323565
68.0,19.79899,21.525740418695523
68.0,20.0,21.55066937036881
13.4,0.1,1.904126472745515
13.4,0.3010101,2.4539885216646087
13.4,0.5020202,2.5340683711768537
13.4,0.7030303,2.3625916933492666
13.4,1.306061,2.745599895325864
13.4,1.507071,3.36682052024678
13.4,1.708081,3.2612693316033146
13.4,1.909091,3.1147129566069824
13.4,2.110101,2.9704658145371514
13.4,2.311111,2.8483157612048977
13.4,2.512121,2.754372478422881
13.4,2.713131,2.6953060908281485
13.4,2.914141,2.6686473746985726
13.4,3.115152,2.6735566592445186
13.4,3.316162,2.7107514178598593
13.4,3.517172,2.775818978868941
13.4,3.718182,2.8721334712102644
13.4,3.919192,3.0000516048175774
13.4,4.120202,3.1614004185760423
13.4,4.321212,3.3660645138722636
13.4,4.522222,3.6158715225989075
13.4,4.723232,3.924696854325788
13.4,4.924242,4.304558156480718
13.4,5.125253,4.761777980700177
13.4,5.326263,5.3093834810648595
13.4,5.527273,5.995747672571527
13.4,5.728283,6.7642740567612805
13.4,5.929293,7.658529819288621
13.4,6.130303,8.6444126283731
13.4,6.331313,9.7295810543645
13.4,6.532323,10.878499284748072
13.4,6.733333,12.08655430580097
13.4,6.934343,13.297788591335287
13.4,7.135354,14.442961456606428
13.4,7.336364,15.50044374947959
13.4,7.537374,16.417395092608583
13.4,7.738384,17.161533662529088
13.4,7.939394,17.71146403759482
13.4,8.140404,18.139745966402394
13.4,8.341414,18.468194583966792
13.4,8.542424,18.724915726386968
13.4,8.743434,18.925595500131777
13.4,8.944444,19.083137608286222
13.4,9.145455,19.21886335016786
13.4,9.346465,19.336172825699546
13.4,9.547475,19.44046158337201
13.4,9.748485,19.5337598670675
13.4,9.949495,19.61392882200361
13.4,10.15051,19.685965218779856
13.4,10.35152,19.76117165485725
13.4,10.55253,19.8338322112982
13.4,10.75354,19.89599206196117
13.4,10.95455,19.95824391545385
13.4,11.15556,20.015550568697382
13.4,11.35657,20.071210403909305
13.4,11.55758,20.125532793558865
13.4,11.75859,20.17650871978943
13.4,11.9596,20.22753589733563
13.4,12.16061,20.27578594769349
13.4,12.36162,20.323217833483216
13.4,12.56263,20.369781320416337
13.4,12.76364,20.414426872840075
13.4,12.96465,20.459103224904695
13.4,13.16566,20.501921364099413
13.4,13.36667,20.54426062785985
13.4,13.56768,20.58594092604704
13.4,13.76869,20.626322479060395
13.4,13.9697,20.666734535367635
13.4,14.17071,20.705727723629387
13.4,14.37172,20.744371616708385
13.4,14.57273,20.782456173585476
13.4,14.77374,20.819551490715003
13.4,14.97475,20.85668711098375
13.4,15.17576,20.892623434022116
13.4,15.37677,20.928280188186918
13.4,15.57778,20.963437349413805
13.4,15.77879,20.99777494963673
13.4,15.9798,21.03217272257782
13.4,16.18081,21.0654909064132
13.4,16.38182,21.098599337622876
13.4,16.58283,21.131228000194707
13.4,16.78384,21.163186895984765
13.4,16.98485,21.195195885894172
13.4,17.18586,21.22621509438159
13.4,17.38687,21.257094431923747
13.4,17.58788,21.287513888021557
13.4,17.78889,21.31736345454075
13.4,17.9899,21.34727307194748
13.4,18.19091,21.376262790187955
13.4,18.39192,21.40515256685606
13.4,18.59293,21.433622395665218
13.4,18.79394,21.461612268238376
13.4,18.99495,21.489642170216126
13.4,19.19596,21.516832107218708
13.4,19.39697,21.54395206383195
13.4,19.59798,21.570662037538
13.4,19.79899,21.596952023663338
13.4,20.0,21.62136202940386
13.700000000000001,0.1,1.959080282280038
13.700000000000001,0.3010101,2.5601107491082558
13.700000000000001,0.5020202,2.6568999386129204
13.700000000000001,0.7030303,2.5074659866634907
13.700000000000001,1.306061,2.662026010857407
13.700000000000001,1.507071,3.3612647471404036
13.700000000000001,1.708081,3.2624525202498464
13.700000000000001,1.909091,3.128658303540728
13.700000000000001,2.110101,2.9969889941409638
13.700000000000001,2.311111,2.889044297234967
13.700000000000001,2.512121,2.8090051020760014
13.700000000000001,2.713131,2.7622601115546814
13.700000000000001,2.914141,2.7466178546995477
13.700000000000001,3.115152,2.760026916915673
13.700000000000001,3.316162,2.805218815997876
13.700000000000001,3.517172,2.877832789010008
13.700000000000001,3.718182,2.980696771187627
13.700000000000001,3.919192,3.1143788306993208
13.700000000000001,4.120202,3.280252144321486
13.700000000000001,4.321212,3.488982483260446
13.700000000000001,4.522222,3.7425086745396667
13.700000000000001,4.723232,4.05403996975751
13.700000000000001,4.924242,4.435212379764853
13.700000000000001,5.125253,4.892177008246049
13.700000000000001,5.326263,5.436016245258071
13.700000000000001,5.527273,6.1196940097802415
13.700000000000001,5.728283,6.880092835395473
13.700000000000001,5.929293,7.758613819103635
13.700000000000001,6.130303,8.740639210241156
13.700000000000001,6.331313,9.797729827842616
13.700000000000001,6.532323,10.935905774757561
13.700000000000001,6.733333,12.120811149183897
13.700000000000001,6.934343,13.303692387159545
13.700000000000001,7.135354,14.444055047979257
13.700000000000001,7.336364,15.479497462075253
13.700000000000001,7.537374,16.391655040514394
13.700000000000001,7.738384,17.1338988680875
13.700000000000001,7.939394,17.687122604458878
13.700000000000001,8.140404,18.11673263011126
13.700000000000001,8.341414,18.45144564310298
13.700000000000001,8.542424,18.709857898278308
13.700000000000001,8.743434,18.913657758462165
13.700000000000001,8.944444,19.073651373995784
13.700000000000001,9.145455,19.209871986442476
13.700000000000001,9.346465,19.329034363096124
13.700000000000001,9.547475,19.4337189281406
13.700000000000001,9.748485,19.527832371197032
13.700000000000001,9.949495,19.608587173375692
13.700000000000001,10.15051,19.68658587561206
13.700000000000001,10.35152,19.759301024469742
13.700000000000001,10.55253,19.829251099405873
13.700000000000001,10.75354,19.891648176969177
13.700000000000001,10.95455,19.954127369867894
13.700000000000001,11.15556,20.011492018109728
13.700000000000001,11.35657,20.067359476245795
13.700000000000001,11.55758,20.121720111193493
13.700000000000001,11.75859,20.17282415282882
13.700000000000001,11.9596,20.223959530761324
13.700000000000001,12.16061,20.27223812296053
13.700000000000001,12.36162,20.319808351515512
13.700000000000001,12.56263,20.366400561029483
13.700000000000001,12.76364,20.411134734955002
13.700000000000001,12.96465,20.45588977823296
13.700000000000001,13.16566,20.498756816548088
13.700000000000001,13.36667,20.541214852525414
13.700000000000001,13.56768,20.582914197355006
13.700000000000001,13.76869,20.623384707215454
13.700000000000001,13.9697,20.663885783047302
13.700000000000001,14.17071,20.70291813602449
13.700000000000001,14.37172,20.74170110483653
13.700000000000001,14.57273,20.779794956317115
13.700000000000001,14.77374,20.816999488733018
13.700000000000001,14.97475,20.85422438125552
13.700000000000001,15.17576,20.89021008478171
13.700000000000001,15.37677,20.926006159587654
13.700000000000001,15.57778,20.96117281520721
13.700000000000001,15.77879,20.99563984681227
13.700000000000001,15.9798,21.03011709888763
13.700000000000001,16.18081,21.063484841857107
13.700000000000001,16.38182,21.096722797954282
13.700000000000001,16.58283,21.12937111349776
13.700000000000001,16.78384,21.161449619633185
13.700000000000001,16.98485,21.193528254694566
13.700000000000001,17.18586,21.224607165134408
13.700000000000001,17.38687,21.255606190729875
13.700000000000001,17.58788,21.286035419730172
13.700000000000001,17.78889,21.315994736530037
13.700000000000001,17.9899,21.345964125065628
13.700000000000001,18.19091,21.37500365325286
13.700000000000001,18.39192,21.40400323986528
13.700000000000001,18.59293,21.432482927611495
13.700000000000001,18.79394,21.460552652980653
13.700000000000001,18.99495,21.488642416118076
13.700000000000001,19.19596,21.51587224023927
13.700000000000001,19.39697,21.543082092404525
13.700000000000001,19.59798,21.56979198322029
13.700000000000001,19.79899,21.59235190345237
13.700000000000001,20.0,21.61488183819567
14.0,0.1,1.755062902455509
14.0,0.3010101,2.107715244759805
14.0,0.5020202,2.2699439379495154
14.0,0.7030303,2.257094763449738
14.0,1.306061,2.6047391383312575
14.0,1.507071,3.3558244944611357
14.0,1.708081,3.2693726827597724
14.0,1.909091,3.1465219580290493
14.0,2.110101,3.0286091683830816
14.0,2.311111,2.9336885714188425
14.0,2.512121,2.866672550880576
14.0,2.713131,2.831913237264434
14.0,2.914141,2.8262217627629616
14.0,3.115152,2.8488750155153193
14.0,3.316162,2.9018709372600986
14.0,3.517172,2.981687550472916
14.0,3.718182,3.0911098757657527
14.0,3.919192,3.230257657484167
14.0,4.120202,3.4011183487852654
14.0,4.321212,3.6140715873489975
14.0,4.522222,3.871216628993188
14.0,4.723232,4.185514041809869
14.0,4.924242,4.567996341199397
14.0,5.125253,5.024708188133267
14.0,5.326263,5.598215155288085
14.0,5.527273,6.243796563901777
14.0,5.728283,6.996269270031501
14.0,5.929293,7.867117328915608
14.0,6.130303,8.827463932710986
14.0,6.331313,9.877627819679171
14.0,6.532323,10.989213784863347
14.0,6.733333,12.153800199135448
14.0,6.934343,13.322452430603292
14.0,7.135354,14.435753681563387
14.0,7.336364,15.465383607854314
14.0,7.537374,16.366740197549998
14.0,7.738384,17.107040062162948
14.0,7.939394,17.66203937434819
14.0,8.140404,18.096673611452562
14.0,8.341414,18.432886737601915
14.0,8.542424,18.69587669612724
14.0,8.743434,18.901997971323446
14.0,8.944444,19.063444740919316
14.0,9.145455,19.201847804959616
14.0,9.346465,19.321465712075327
14.0,9.547475,19.42737465339723
14.0,9.748485,19.522033962217247
14.0,9.949495,19.597290350294813
14.0,10.15051,19.67142869949889
14.0,10.35152,19.75031548981897
14.0,10.55253,19.824988805508188
14.0,10.75354,19.887683094780495
14.0,10.95455,19.95015040645115
14.0,11.15556,20.007513337814515
14.0,11.35657,20.063438969773195
14.0,11.55758,20.11812701781275
14.0,11.75859,20.16936922334472
14.0,11.9596,20.22050321583644
14.0,12.16061,20.268780536530826
14.0,12.36162,20.31638942454544
14.0,12.56263,20.363189850437415
14.0,12.76364,20.408022702350614
14.0,12.96465,20.452786693548532
14.0,13.16566,20.495642766078703
14.0,13.36667,20.538129780860185
14.0,13.56768,20.580037792932796
14.0,13.76869,20.62060730926795
14.0,13.9697,20.66109758304146
14.0,14.17071,20.700129203802682
14.0,14.37172,20.738951389389044
14.0,14.57273,20.77727421711466
14.0,14.77374,20.81457800379883
14.0,14.97475,20.851792295299717
14.0,15.17576,20.887777456204198
14.0,15.37677,20.92362294196158
14.0,15.57778,20.959028828076423
14.0,15.77879,20.993585317752036
14.0,15.9798,21.028062133285783
14.0,16.18081,21.061429487913447
14.0,16.38182,21.09472701695207
14.0,16.58283,21.127614783872904
14.0,16.78384,21.15976291415802
14.0,16.98485,21.19185124370988
14.0,17.18586,21.22292988695991
14.0,17.38687,21.253968616614817
14.0,17.58788,21.28462748000992
14.0,17.78889,21.314656548921572
14.0,17.9899,21.344625731794995
14.0,18.19091,21.3736750835245
14.0,18.39192,21.402714474908148
14.0,18.59293,21.431383937328274
14.0,18.79394,21.45951350738023
14.0,18.99495,21.48759313751355
14.0,19.19596,21.51483284967572
14.0,19.39697,21.542082579912204
14.0,19.59798,21.568962345075487
14.0,19.79899,21.593482171461588
14.0,20.0,21.616002034745563
68.3,0.1,5.4902637349595
68.3,0.3010101,7.522418618149466
68.3,0.5020202,8.354766496389356
68.3,0.7030303,8.846320273115653
68.3,0.9040404,9.244461352464073
68.3,1.105051,9.573404718609336
68.3,1.306061,9.856665046446373
68.3,1.507071,10.139939553481785
68.3,1.708081,10.397060925946688
68.3,1.909091,10.64547846321779
68.3,2.110101,10.888401694299167
68.3,2.311111,11.121439272976055
68.3,2.512121,11.354482754124486
68.3,2.713131,11.595671917808513
68.3,2.914141,11.837153066437654
68.3,3.115152,12.076000039995337
68.3,3.316162,12.312875933606819
68.3,3.517172,12.549753049215035
68.3,3.718182,12.78663132018404
68.3,3.919192,13.023510680963081
68.3,4.120202,13.2628095066292
68.3,4.321212,13.503714554892058
68.3,4.522222,13.744620224664708
68.3,4.723232,13.98553648047532
68.3,4.924242,14.226443295408771
68.3,5.125253,14.445255683674516
68.3,5.326263,14.650719650903874
68.3,5.527273,14.856174246402771
68.3,5.728283,15.061629446119264
68.3,5.929293,15.26708522446381
68.3,6.130303,15.516407181188265
68.3,6.331313,15.789529198330184
68.3,6.532323,16.06265590285196
68.3,6.733333,16.3357870606358
68.3,6.934343,16.60893244953949
68.3,7.135354,16.843297375945525
68.3,7.336364,17.058851688560548
68.3,7.537374,17.274407408119927
68.3,7.738384,17.489974483938777
68.3,7.939394,17.70553286635348
68.3,8.140404,17.87353942434553
68.3,8.341414,18.021026061889806
68.3,8.542424,18.168504107993428
68.3,8.743434,18.31599352810365
68.3,8.944444,18.463474289792586
68.3,9.145455,18.61101514461351
68.3,9.346465,18.758576924481275
68.3,9.547475,18.906140079542336
68.3,9.748485,19.05371457649905
68.3,9.949495,19.201280385343367
68.3,10.15051,19.302173299922032
68.3,10.35152,19.387418781412148
68.3,10.55253,19.47265477589988
68.3,10.75354,19.557901276234638
68.3,10.95455,19.64313827605998
68.3,11.15556,19.728415417667986
68.3,11.35657,19.813692946723126
68.3,11.55758,19.89897095976246
68.3,11.75859,19.984249450673957
68.3,11.9596,20.069528413285592
68.3,12.16061,20.12825170232756
68.3,12.36162,20.180296131653773
68.3,12.56263,20.23234069615491
68.3,12.76364,20.28438539486162
68.3,12.96465,20.33643022670808
68.3,13.16566,20.38842504681179
68.3,13.36667,20.44040996845598
68.3,13.56768,20.49239502137631
68.3,13.76869,20.54438020464045
68.3,13.9697,20.596375517152445
68.3,14.17071,20.636202759196525
68.3,14.37172,20.673880365992265
68.3,14.57273,20.71154801099716
68.3,14.77374,20.749225693859252
68.3,14.97475,20.78690341447385
68.3,15.17576,20.824521093642957
68.3,15.37677,20.862128799403184
68.3,15.57778,20.89973654288848
68.3,15.77879,20.937344323949667
68.3,15.9798,20.97496214229696
68.3,16.18081,21.00645068135496
68.3,16.38182,21.03724931417172
68.3,16.58283,21.06805796317921
68.3,16.78384,21.098856628422784
68.3,16.98485,21.12966530974181
68.3,17.18586,21.160423952478467
68.3,17.38687,21.19117260722637
68.3,17.58788,21.221931278338896
68.3,17.78889,21.25268996577508
68.3,17.9899,21.28344866946415
68.3,18.19091,21.310377647872492
68.3,18.39192,21.33709665056873
68.3,18.59293,21.363825663618517
68.3,18.79394,21.390554687055115
68.3,18.99495,21.41728372079471
68.3,19.19596,21.4439727265832
68.3,19.39697,21.470671741918483
68.3,19.59798,21.497360767842622
68.3,19.79899,21.52405980422519
68.3,20.0,21.550758851073095
14.3,0.1,1.905489354661044
14.3,0.3010101,2.720591913629585
14.3,0.5020202,2.862465860855064
14.3,0.7030303,1.3432608639995163
14.3,0.9040404,0.01754463989109511
14.3,1.306061,2.1883253588387666
14.3,1.507071,3.346948845709408
14.3,1.708081,3.276406565566916
14.3,1.909091,3.1678222547045682
14.3,2.110101,3.064254110372139
14.3,2.311111,2.983083674668189
14.3,2.512121,2.927880438500441
14.3,2.713131,2.9035554898782965
14.3,2.914141,2.9079207395305735
14.3,3.115152,2.9397715769679915
14.3,3.316162,3.000869594084863
14.3,3.517172,3.087466933165976
14.3,3.718182,3.2027223436186776
14.3,3.919192,3.347477794083148
14.3,4.120202,3.5235362779019503
14.3,4.321212,3.740969373280613
14.3,4.522222,4.001651212768955
14.3,4.723232,4.318460284562503
14.3,4.924242,4.702348748739265
14.3,5.125253,5.158798851718132
14.3,5.326263,5.728672046118568
14.3,5.527273,6.370251079148611
14.3,5.728283,7.115224539591583
14.3,5.929293,7.973480984943517
14.3,6.130303,8.921986306251856
14.3,6.331313,9.950979194522127
14.3,6.532323,11.046667689231898
14.3,6.733333,12.191154265015008
14.3,6.934343,13.33733438016291
14.3,7.135354,14.435975011136955
14.3,7.336364,15.449055063052745
14.3,7.537374,16.343490037984324
14.3,7.738384,17.081336772949374
14.3,7.939394,17.638201669208247
14.3,8.140404,18.075423172221235
14.3,8.341414,18.415983345254126
14.3,8.542424,18.681613673060706
14.3,8.743434,18.890336194279083
14.3,8.944444,19.053795565037063
14.3,9.145455,19.19340279512915
14.3,9.346465,19.31441483325192
14.3,9.547475,19.421039301464354
14.3,9.748485,19.516364381769645
14.3,9.949495,19.600879502218806
14.3,10.15051,19.67691372519695
14.3,10.35152,19.750143012809733
14.3,10.55253,19.82063734477699
14.3,10.75354,19.883409463211894
14.3,10.95455,19.946184053123403
14.3,11.15556,20.003764630245865
14.3,11.35657,20.059828226733657
14.3,11.55758,20.11452473593128
14.3,11.75859,20.165795398096108
14.3,11.9596,20.21707757318527
14.3,12.16061,20.265483270801955
14.3,12.36162,20.31317071853647
14.3,12.56263,20.35996998891278
14.3,12.76364,20.40483167932769
14.3,12.96465,20.449704344608286
14.3,13.16566,20.49265920859723
14.3,13.36667,20.535225142026206
14.3,13.56768,20.57712226984285
14.3,13.76869,20.617720889700138
14.3,13.9697,20.658330149286936
14.3,14.17071,20.697470840112892
14.3,14.37172,20.73636219896865
14.3,14.57273,20.774684353687803
14.3,14.77374,20.81202745071876
14.3,14.97475,20.84937096268294
14.3,15.17576,20.885465414534895
14.3,15.37677,20.9213902782606
14.3,15.57778,20.956795664005142
14.3,15.77879,20.991401636682404
14.3,15.9798,21.025997869613594
14.3,16.18081,21.059484703304957
14.3,16.38182,21.092851781159247
14.3,16.58283,21.125749187885695
14.3,16.78384,21.1579469452126
14.3,16.98485,21.190154858601577
14.3,17.18586,21.221343137568123
14.3,17.38687,21.252461553980446
14.3,17.58788,21.28311016699412
14.3,17.78889,21.313188978144385
14.3,17.9899,21.343267878472215
14.3,18.19091,21.372416988564257
14.3,18.39192,21.401516171921816
14.3,18.59293,21.43018546614816
14.3,18.79394,21.458364865824723
14.3,18.99495,21.48653431400193
14.3,19.19596,21.51385387537607
14.3,19.39697,21.541143473702274
14.3,19.59798,21.568023128914177
14.3,19.79899,21.59448283528867
14.3,20.0,21.62093256737858
14.600000000000001,0.1,1.703027545290232
14.600000000000001,0.3010101,2.196374690542999
14.600000000000001,0.5020202,2.3470531012587625
14.600000000000001,0.7030303,2.2411798630404767
14.600000000000001,1.306061,2.6119971666107125
14.600000000000001,1.507071,3.345635246845188
14.600000000000001,1.708081,3.2827945114856223
14.600000000000001,1.909091,3.1895480835393943
14.600000000000001,2.110101,3.100870875240777
14.600000000000001,2.311111,3.0337514478445873
14.600000000000001,2.512121,2.9904047140017176
14.600000000000001,2.713131,2.9764923252044184
14.600000000000001,2.914141,2.9908016891446754
14.600000000000001,3.115152,3.031708120490598
14.600000000000001,3.316162,3.100844189031826
14.600000000000001,3.517172,3.1942071563352896
14.600000000000001,3.718182,3.315339231738576
14.600000000000001,3.919192,3.4657192877368157
14.600000000000001,4.120202,3.6469968139487783
14.600000000000001,4.321212,3.8689496059999717
14.600000000000001,4.522222,4.133200277024229
14.600000000000001,4.723232,4.452542847599724
14.600000000000001,4.924242,4.8378323696602745
14.600000000000001,5.125253,5.293998772590915
14.600000000000001,5.326263,5.860294438501843
14.600000000000001,5.527273,6.4977796054726875
14.600000000000001,5.728283,7.2352161887023545
14.600000000000001,5.929293,8.080862794437623
14.600000000000001,6.130303,9.017557770807128
14.600000000000001,6.331313,10.025553195136082
14.600000000000001,6.532323,11.105463135435935
14.600000000000001,6.733333,12.230068561604929
14.600000000000001,6.934343,13.354056548997649
14.600000000000001,7.135354,14.438107324424818
14.600000000000001,7.336364,15.434488488432006
14.600000000000001,7.537374,16.321832745729587
14.600000000000001,7.738384,17.05679740024856
14.600000000000001,7.939394,17.615048852056937
14.600000000000001,8.140404,18.054688230554255
14.600000000000001,8.341414,18.3993361186482
14.600000000000001,8.542424,18.667537192518726
14.600000000000001,8.743434,18.87883132991482
14.600000000000001,8.944444,19.044283636696477
14.600000000000001,9.145455,19.185095284441164
14.600000000000001,9.346465,19.307501774633586
14.600000000000001,9.547475,19.414832003397947
14.600000000000001,9.748485,19.510843088509493
14.600000000000001,9.949495,19.58700296190048
14.600000000000001,10.15051,19.66907848977352
14.600000000000001,10.35152,19.74562201584185
14.600000000000001,10.55253,19.816493554819566
14.600000000000001,10.75354,19.879343705971223
14.600000000000001,10.95455,19.942415829016284
14.600000000000001,11.15556,20.000214275831603
14.600000000000001,11.35657,20.056416025848495
14.600000000000001,11.55758,20.111111131385748
14.600000000000001,11.75859,20.16242038874604
14.600000000000001,11.9596,20.21383091409182
14.600000000000001,12.16061,20.26234513747986
14.600000000000001,12.36162,20.310111271787335
14.600000000000001,12.56263,20.356909481607545
14.600000000000001,12.76364,20.401800108040014
14.600000000000001,12.96465,20.446761560934476
14.600000000000001,13.16566,20.489815316555244
14.600000000000001,13.36667,20.53243025472139
14.600000000000001,13.56768,20.574336565553885
14.600000000000001,13.76869,20.614964356661993
14.600000000000001,13.9697,20.65566267612035
14.600000000000001,14.17071,20.69490250001537
14.600000000000001,14.37172,20.733853087198565
14.600000000000001,14.57273,20.77217461609219
14.600000000000001,14.77374,20.80954706758162
14.600000000000001,14.97475,20.846989842085225
14.600000000000001,15.17576,20.88319361761316
14.600000000000001,15.37677,20.919187890284864
14.600000000000001,15.57778,20.95459280760774
14.600000000000001,15.77879,20.989238288530355
14.600000000000001,15.9798,21.02395395558396
14.600000000000001,16.18081,21.05756027801103
14.600000000000001,16.38182,21.090986918180842
14.600000000000001,16.58283,21.123873985545192
14.600000000000001,16.78384,21.15613138104343
14.600000000000001,16.98485,21.188448877234965
14.600000000000001,17.18586,21.219746786512392
14.600000000000001,17.38687,21.250914892045614
14.600000000000001,17.58788,21.281573267664797
14.600000000000001,17.78889,21.31170182287987
14.600000000000001,17.9899,21.341880429325265
14.600000000000001,18.19091,21.37112928469458
14.600000000000001,18.39192,21.400278256484487
14.600000000000001,18.59293,21.428947390204907
14.600000000000001,18.79394,21.45716661627777
14.600000000000001,18.99495,21.485435867367542
14.600000000000001,19.19596,21.512835262348656
14.600000000000001,19.39697,21.540174722773845
14.600000000000001,19.59798,21.567054272132907
14.600000000000001,19.79899,21.591633895001614
14.600000000000001,20.0,21.614293555646867
14.9,0.1,1.80080607002246
14.9,0.3010101,2.49120105660258
14.9,0.5020202,2.6283854532211532
14.9,0.7030303,2.5016249519888256
14.9,0.9040404,0.4368517739800452
14.9,1.105051,0.20887085075808282
14.9,1.306061,2.8164373961767306
14.9,1.507071,3.3308775762872567
14.9,1.708081,3.295647873803179
14.9,1.909091,3.2167016310303964
14.9,2.110101,3.1420327250943783
14.9,2.311111,3.08708500819822
14.9,2.512121,3.055599572170226
14.9,2.713131,3.0525244268972385
14.9,2.914141,3.075874175009155
14.9,3.115152,3.125261872530316
14.9,3.316162,3.201680004343465
14.9,3.517172,3.301879546751013
14.9,3.718182,3.4293464597727197
14.9,3.919192,3.5850885554285505
14.9,4.120202,3.771325694500988
14.9,4.321212,3.997514406600839
14.9,4.522222,4.265401461331074
14.9,4.723232,4.587502807880424
14.9,4.924242,4.974051976503577
14.9,5.125253,5.429879954449258
14.9,5.326263,5.963674884542971
14.9,5.527273,6.624997764019729
14.9,5.728283,7.354352425984606
14.9,5.929293,8.192294346232483
14.9,6.130303,9.107447571241398
14.9,6.331313,10.108596018721865
14.9,6.532323,11.16257971281489
14.9,6.733333,12.26746303271653
14.9,6.934343,13.377642024099393
14.9,7.135354,14.435142716355154
14.9,7.336364,15.425653628073182
14.9,7.537374,16.301009537943088
14.9,7.738384,17.032942981465723
14.9,7.939394,17.59223220768984
14.9,8.140404,18.035648087724905
14.9,8.341414,18.381637164885234
14.9,8.542424,18.65407728075027
14.9,8.743434,18.867593725217116
14.9,8.944444,19.03447992504758
14.9,9.145455,19.177454907359074
14.9,9.346465,19.300337436263383
14.9,9.547475,19.40888276538685
14.9,9.748485,19.505440241457674
14.9,9.949495,19.58788157203461
14.9,10.15051,19.661582572305214
14.9,10.35152,19.73692468996184
14.9,10.55253,19.812579417347084
14.9,10.75354,19.875717136170415
14.9,10.95455,19.93878758695767
14.9,11.15556,19.996584512025315
14.9,11.35657,20.052834644101686
14.9,11.55758,20.107827569685742
14.9,11.75859,20.159265221249097
14.9,11.9596,20.210674509640565
14.9,12.16061,20.25918759799955
14.9,12.36162,20.306982536712127
14.9,12.56263,20.353959231783193
14.9,12.76364,20.39892868567413
14.9,12.96465,20.44388918866921
14.9,13.16566,20.486942069949603
14.9,13.36667,20.529586082959266
14.9,13.56768,20.57164123230794
14.9,13.76869,20.6123481186331
14.9,13.9697,20.653035700145
14.9,14.17071,20.692274846450328
14.9,14.37172,20.73126470580023
14.9,14.57273,20.769755299808796
14.9,14.77374,20.80721704585102
14.9,14.97475,20.844659252495443
14.9,15.17576,20.880862510635904
14.9,15.37677,20.916886216224455
14.9,15.57778,20.952490382801095
14.9,15.77879,20.987215326103147
14.9,15.9798,21.02193056653863
14.9,16.18081,21.055526504565567
14.9,16.38182,21.089012714760795
14.9,16.58283,21.12209919980908
14.9,16.78384,21.15442620124563
14.9,16.98485,21.186743386455547
14.9,17.18586,21.218051019094588
14.9,17.38687,21.24926881000865
14.9,17.58788,21.280126754472366
14.9,17.78889,21.310315032862164
14.9,17.9899,21.340493419503492
14.9,18.19091,21.36974208210861
14.9,18.39192,21.398930832288496
14.9,18.59293,21.42778966140122
14.9,18.79394,21.4560587012949
14.9,18.99495,21.484317801629253
14.9,19.19596,21.51171706665881
14.9,19.39697,21.53909637745143
14.9,19.59798,21.56614571866794
14.9,19.79899,21.58884526697761
14.9,20.0,21.611504839579148
15.200000000000001,0.1,1.647443545951067
15.200000000000001,0.3010101,2.1768239530544244
15.200000000000001,0.5020202,2.3362629034662556
15.200000000000001,0.7030303,2.305473770864934
15.200000000000001,1.306061,2.5639323558821054
15.200000000000001,1.507071,3.361354202386504
15.200000000000001,1.708081,3.320619653811392
15.200000000000001,1.909091,3.2509637274936165
15.200000000000001,2.110101,3.1865161057870535
15.200000000000001,2.311111,3.143214910854752
15.200000000000001,2.512121,3.1231127942007224
15.200000000000001,2.713131,3.130251760007868
15.200000000000001,2.914141,3.1629292030393494
15.200000000000001,3.115152,3.219686970270328
15.200000000000001,3.316162,3.3032320893420617
15.200000000000001,3.517172,3.4103426741678717
15.200000000000001,3.718182,3.5440033146877052
15.200000000000001,3.919192,3.705353308715112
15.200000000000001,4.120202,3.8960876749058295
15.200000000000001,4.321212,4.126380767968448
15.200000000000001,4.522222,4.3980374675963025
15.200000000000001,4.723232,4.722851047412934
15.200000000000001,4.924242,5.110635063997228
15.200000000000001,5.125253,5.5660690112389
15.200000000000001,5.326263,6.09580507979441
15.200000000000001,5.527273,6.754254596477087
15.200000000000001,5.728283,7.475178620368964
15.200000000000001,5.929293,8.297203821001672
15.200000000000001,6.130303,9.208541968641637
15.200000000000001,6.331313,10.182303736342707
15.200000000000001,6.532323,11.225932215212001
15.200000000000001,6.733333,12.30881117595451
15.200000000000001,6.934343,13.392006675956088
15.200000000000001,7.135354,14.444769383989845
15.200000000000001,7.336364,15.412643621291842
15.200000000000001,7.537374,16.28261968626725
15.200000000000001,7.738384,17.010413112764155
15.200000000000001,7.939394,17.570640074648882
15.200000000000001,8.140404,18.015046323427764
15.200000000000001,8.341414,18.36600268743908
15.200000000000001,8.542424,18.639915413401642
15.200000000000001,8.743434,18.856363551650634
15.200000000000001,8.944444,19.025642690072292
15.200000000000001,9.145455,19.16910348013096
15.200000000000001,9.346465,19.293840229854954
15.200000000000001,9.547475,19.40279217774307
15.200000000000001,9.748485,19.500155800575314
15.200000000000001,9.949495,19.583193864086603
15.200000000000001,10.15051,19.657272110769906
15.200000000000001,10.35152,19.732991508018216
15.200000000000001,10.55253,19.80864429340726
15.200000000000001,10.75354,19.872009874040597
15.200000000000001,10.95455,19.93528827388647
15.200000000000001,11.15556,19.993133645226518
15.200000000000001,11.35657,20.049571959938646
15.200000000000001,11.55758,20.1046034794261
15.200000000000001,11.75859,20.15613967392839
15.200000000000001,11.9596,20.207637566865703
15.200000000000001,12.16061,20.256179509356247
15.200000000000001,12.36162,20.304063164519853
15.200000000000001,12.56263,20.35105881720754
15.200000000000001,12.76364,20.396097181828317
15.200000000000001,12.96465,20.441106645326922
15.200000000000001,13.16566,20.48418863845284
15.200000000000001,13.36667,20.526911665977046
15.200000000000001,13.56768,20.568976010447546
15.200000000000001,13.76869,20.609742034855657
15.200000000000001,13.9697,20.650488803666967
15.200000000000001,14.17071,20.689757247277292
15.200000000000001,14.37172,20.728816318272457
15.200000000000001,14.57273,20.767326285617656
15.200000000000001,14.77374,20.80485733666464
15.200000000000001,14.97475,20.84235890183186
15.200000000000001,15.17576,20.878601607022567
15.200000000000001,15.37677,20.914714681261533
15.200000000000001,15.57778,20.950338367489458
15.200000000000001,15.77879,20.985142757947724
15.200000000000001,15.9798,21.019917501819094
15.200000000000001,16.18081,21.053563015113422
15.200000000000001,16.38182,21.087148732976694
15.200000000000001,16.58283,21.12024486033636
15.200000000000001,16.78384,21.152671435869408
15.200000000000001,16.98485,21.185038249763835
15.200000000000001,17.18586,21.216385566584158
15.200000000000001,17.38687,21.247702987886182
15.200000000000001,17.58788,21.278570674442193
15.200000000000001,17.78889,21.308848636811486
15.200000000000001,17.9899,21.33908675600113
15.200000000000001,18.19091,21.36837519146341
15.200000000000001,18.39192,21.39766367422283
15.200000000000001,18.59293,21.42652232306307
15.200000000000001,18.79394,21.454871135601408
15.200000000000001,18.99495,21.483190049632377
15.200000000000001,19.19596,21.510629156355495
15.200000000000001,19.39697,21.53808827973483
15.200000000000001,19.59798,21.565137497791103
15.200000000000001,19.79899,21.591736804494015
15.200000000000001,20.0,21.61637622323686
15.5,0.1,1.5446790708992137
15.5,0.3010101,2.298177020282927
15.5,0.5020202,2.4326960348930884
15.5,0.7030303,1.807209812226736
15.5,1.306061,2.5689788885593563
15.5,1.507071,3.366082367036542
15.5,1.708081,3.3431670478223987
15.5,1.909091,3.285910435986343
15.5,2.110101,3.233976323756418
15.5,2.311111,3.201672191929329
15.5,2.512121,3.1923626416400355
15.5,2.713131,3.2094697908978453
15.5,2.914141,3.2505537602957193
15.5,3.115152,3.315278363909955
15.5,3.316162,3.405715875217397
15.5,3.517172,3.51933152889699
15.5,3.718182,3.659072092189755
15.5,3.919192,3.82561402244947
15.5,4.120202,4.021176082648414
15.5,4.321212,4.25560364151537
15.5,4.522222,4.530793879471706
15.5,4.723232,4.858258947759796
15.5,4.924242,5.247208613802224
15.5,5.125253,5.70222663414127
15.5,5.326263,6.2606647371146975
15.5,5.527273,6.8816633941540655
15.5,5.728283,7.594571004620754
15.5,5.929293,8.409022803179292
15.5,6.130303,9.299194345838092
15.5,6.331313,10.266305335172852
15.5,6.532323,11.284703644038016
15.5,6.733333,12.34850926418165
15.5,6.934343,13.418286024977892
15.5,7.135354,14.444909382361066
15.5,7.336364,15.40692466593292
15.5,7.537374,16.26441396933485
15.5,7.738384,16.988517845975206
15.5,7.939394,17.549244126350363
15.5,8.140404,17.99676832872111
15.5,8.341414,18.348886710046425
15.5,8.542424,18.626799336552146
15.5,8.743434,18.845400396446436
15.5,8.944444,19.016083937711237
15.5,9.145455,19.161698592007617
15.5,9.346465,19.286901764885247
15.5,9.547475,19.397079260879295
15.5,9.748485,19.494999638016502
15.5,9.949495,19.57238119678748
15.5,10.15051,19.649683824218734
15.5,10.35152,19.73306345356546
15.5,10.55253,19.804837765793927
15.5,10.75354,19.868201807273824
15.5,10.95455,19.93178810670591
15.5,11.15556,19.98999134846052
15.5,11.35657,20.046468303033663
15.5,11.55758,20.101498589540764
15.5,11.75859,20.153033652210738
15.5,11.9596,20.204660132945055
15.5,12.16061,20.253370663669333
15.5,12.36162,20.301273306629458
15.5,12.56263,20.348268018791657
15.5,12.76364,20.393305509441802
15.5,12.96465,20.438393916689268
15.5,13.16566,20.481594846105793
15.5,13.36667,20.524327087402337
15.5,13.56768,20.566390696140154
15.5,13.76869,20.607156032601754
15.5,13.9697,20.6479819524997
15.5,14.17071,20.68737953260869
15.5,14.37172,20.726447985600753
15.5,14.57273,20.76495737665346
15.5,14.77374,20.80248788814279
15.5,14.97475,20.840088750143746
15.5,15.17576,20.87647074200876
15.5,15.37677,20.91260333695895
15.5,15.57778,20.948216579287134
15.5,15.77879,20.98302055482273
15.5,15.9798,21.01791472073687
15.5,16.18081,21.051709658585256
15.5,16.38182,21.08530501500414
15.5,16.58283,21.118400809402736
15.5,16.78384,21.15082707462862
15.5,16.98485,21.183323427540277
15.5,17.18586,21.21482029856146
15.5,17.38687,21.246147456072862
15.5,17.58788,21.277014900211793
15.5,17.78889,21.307292637260876
15.5,17.9899,21.337660401682932
15.5,18.19091,21.367088504709002
15.5,18.39192,21.396376801065436
15.5,18.59293,21.42523527845881
15.5,18.79394,21.453593932004978
15.5,18.99495,21.48202258021473
15.5,19.19596,21.50958144284723
15.5,19.39697,21.537050438877056
15.5,19.59798,21.564089538520648
15.5,19.79899,21.59069873453824
15.5,20.0,21.613498025330376
15.8,0.1,1.7619624438285013
15.8,0.3010101,2.3728590816813546
15.8,0.5020202,2.449349427768331
15.8,0.7030303,1.944910627330415
15.8,1.306061,2.185231196756368
15.8,1.507071,3.3795176630058914
15.8,1.708081,3.367741420667044
15.8,1.909091,3.323489738682487
15.8,2.110101,3.284099544055589
15.8,2.311111,3.263341177285621
15.8,2.512121,3.2638225467507107
15.8,2.713131,3.289610365868031
15.8,2.914141,3.339170768590183
15.8,3.115152,3.411784402756881
15.8,3.316162,3.509324264549073
15.8,3.517172,3.6290034780184266
15.8,3.718182,3.7740752624977647
15.8,3.919192,3.945842837636684
15.8,4.120202,4.146326785980484
15.8,4.321212,4.385027801878622
15.8,4.522222,4.663573077636127
15.8,4.723232,4.993362023107262
15.8,4.924242,5.383514270855751
15.8,5.125253,5.8380827553295855
15.8,5.326263,6.392763296283546
15.8,5.527273,7.009671206960493
15.8,5.728283,7.715142753436339
15.8,5.929293,8.517322443219431
15.8,6.130303,9.396155681755744
15.8,6.331313,10.343192608243339
15.8,6.532323,11.34672873760572
15.8,6.733333,12.391850616728542
15.8,6.934343,13.440575627920541
15.8,7.135354,14.453130944180344
15.8,7.336364,15.398379887760731
15.8,7.537374,16.248101516308235
15.8,7.738384,16.967986782359937
15.8,7.939394,17.52873295728366
15.8,8.140404,17.977787503488322
15.8,8.341414,18.333255689332635
15.8,8.542424,18.613440546966952
15.8,8.743434,18.834444478786658
15.8,8.944444,19.007072028003076
15.8,9.145455,19.153872017708743
15.8,9.346465,19.280460541706145
15.8,9.547475,19.391344537521768
15.8,9.748485,19.489941642199035
15.8,9.949495,19.57680111724619
15.8,10.15051,19.65457170566566
15.8,10.35152,19.729328256162432
15.8,10.55253,19.801180743424297
15.8,10.75354,19.864832742862273
15.8,10.95455,19.928487463383732
15.8,11.15556,19.98668938655998
15.8,11.35657,20.04330479236354
15.8,11.55758,20.09849354758402
15.8,11.75859,20.15014725401264
15.8,11.9596,20.20179260186852
15.8,12.16061,20.2505021404777
15.8,12.36162,20.29847366845537
15.8,12.56263,20.345547281419446
15.8,12.76364,20.390653762131247
15.8,12.96465,20.435761301305774
15.8,13.16566,20.47895145652922
15.8,13.36667,20.52174282667785
15.8,13.56768,20.56386557517103
15.8,13.76869,20.604710103863585
15.8,13.9697,20.64554533940487
15.8,14.17071,20.684932307807216
15.8,14.37172,20.724060049791404
15.8,14.57273,20.76264873821903
15.8,14.77374,20.800248585092874
15.8,14.97475,20.837858907506224
15.8,15.17576,20.874240420260378
15.8,15.37677,20.910442430560483
15.8,15.57778,20.946145098276823
15.8,15.77879,20.981038531845037
15.8,15.9798,21.015942280573928
15.8,16.18081,21.049736851387447
15.8,16.38182,21.083411736535247
15.8,16.58283,21.11660707271097
15.8,16.78384,21.149112909179802
15.8,16.98485,21.18162894877372
15.8,17.18586,21.21312554616812
15.8,17.38687,21.244532335620818
15.8,17.58788,21.27548942680574
15.8,17.78889,21.305866836046324
15.8,17.9899,21.336234372201137
15.8,18.19091,21.365662276689072
15.8,18.39192,21.395040294025325
15.8,18.59293,21.423978507441717
15.8,18.79394,21.45241691685924
15.8,18.99495,21.48085540329204
15.8,19.19596,21.50841412516619
15.8,19.39697,21.535952911019017
15.8,19.59798,21.561171885523756
15.8,19.79899,21.583961036837344
15.8,20.0,21.606740222677068
16.1,0.1,1.5691694730745405
16.1,0.3010101,2.0491112402447262
16.1,0.5020202,2.168266521253942
16.1,0.7030303,2.1187549701873234
16.1,1.306061,2.5852921291216617
16.1,1.507071,3.392543117021686
16.1,1.708081,3.391160749407935
16.1,1.909091,3.3610760634548247
16.1,2.110101,3.3344017458759305
16.1,2.311111,3.325284947746538
16.1,2.512121,3.3355414676478343
16.1,2.713131,3.36997858573653
16.1,2.914141,3.427897724003128
16.1,3.115152,3.508242834750738
16.1,3.316162,3.612775383302725
16.1,3.517172,3.7384498530051626
16.1,3.718182,3.8888279025417614
16.1,3.919192,4.06575421921789
16.1,4.120202,4.271085583764844
16.1,4.321212,4.513999521294899
16.1,4.522222,4.795843268358363
16.1,4.723232,5.127909292988686
16.1,4.924242,5.5192080753066435
16.1,5.125253,5.9732790183472675
16.1,5.326263,6.524194128324158
16.1,5.527273,7.136969448132341
16.1,5.728283,7.835086222062092
16.1,5.929293,8.625209535697316
16.1,6.130303,9.49287049616769
16.1,6.331313,10.42035167437382
16.1,6.532323,11.409264571723925
16.1,6.733333,12.43609212370189
16.1,6.934343,13.46421529341791
16.1,7.135354,14.462862868565216
16.1,7.336364,15.39138590719305
16.1,7.537374,16.233250824210895
16.1,7.738384,16.94861882344452
16.1,7.939394,17.50895594597402
16.1,8.140404,17.959381512064564
16.1,8.341414,18.317920286252047
16.1,8.542424,18.600287797681755
16.1,8.743434,18.823634999025384
16.1,8.944444,18.998186901077798
16.1,9.145455,19.146162480171856
16.1,9.346465,19.274136671644907
16.1,9.547475,19.385737395749757
16.1,9.748485,19.48501146072138
16.1,9.949495,19.563308083793515
16.1,10.15051,19.639977345861162
16.1,10.35152,19.721085063170484
16.1,10.55253,19.7977110077255
16.1,10.75354,19.861641221184332
16.1,10.95455,19.9253645307271
16.1,11.15556,19.98356526629256
16.1,11.35657,20.040309312339854
16.1,11.55758,20.09565672907607
16.1,11.75859,20.147419252733346
16.1,11.9596,20.19909358015181
16.1,12.16061,20.24780221953185
16.1,12.36162,20.295832765135557
16.1,12.56263,20.34297541387592
16.1,12.76364,20.38814100774812
16.1,12.96465,20.43325775922465
16.1,13.16566,20.476457206138676
16.1,13.36667,20.519287801915276
16.1,13.56768,20.56146978678973
16.1,13.76869,20.60236359578462
16.1,13.9697,20.643208204384468
16.1,14.17071,20.68259460925759
16.1,14.37172,20.72177170982568
16.1,14.57273,20.760419763670434
16.1,14.77374,20.79808900683616
16.1,14.97475,20.835698830241956
16.1,15.17576,20.872079898513924
16.1,15.37677,20.908351371384814
16.1,15.57778,20.944123508952188
16.1,15.77879,20.97910643936863
16.1,15.9798,21.0140097987314
16.1,16.18081,21.04780402669222
16.1,16.38182,21.081548469240996
16.1,16.58283,21.114833372774076
16.1,16.78384,21.147428801776556
16.1,16.98485,21.17994454653258
16.1,17.18586,21.211440886713827
16.1,17.38687,21.242927322514817
16.1,17.58788,21.27397407256271
16.1,17.78889,21.30443116317212
16.1,17.9899,21.334798483005482
16.1,18.19091,21.364226199728805
16.1,18.39192,21.3936839432735
16.1,18.59293,21.422711896572828
16.1,18.79394,21.451220064579875
16.1,18.99495,21.479658396713173
16.1,19.19596,21.50721698450807
16.1,19.39697,21.534825566625447
16.1,19.59798,21.562014280628844
16.1,19.79899,21.588763121486597
16.1,20.0,21.611562221192415
16.4,0.1,1.7274340170333404
16.4,0.3010101,2.255227954003805
16.4,0.5020202,2.400505681034881
16.4,0.7030303,2.3328177921987296
16.4,0.9040404,0.7771094345432592
16.4,1.306061,2.5283305382692847
16.4,1.507071,3.414293606003167
16.4,1.708081,3.4241400844178393
16.4,1.909091,3.403892974413553
16.4,2.110101,3.3882003717795524
16.4,2.311111,3.3888746268749332
16.4,2.512121,3.408794425506052
16.4,2.713131,3.452188587502256
16.4,2.914141,3.5176869478449793
16.4,3.115152,3.6052454724580985
16.4,3.316162,3.716078025184885
16.4,3.517172,3.847761585938434
16.4,3.718182,4.00380987015608
16.4,3.919192,4.1856054306521076
16.4,4.120202,4.395475065559636
16.4,4.321212,4.642271021208367
16.4,4.522222,4.927412861965764
16.4,4.723232,5.261901042284448
16.4,4.924242,5.654169391970187
16.4,5.125253,6.107683705012946
16.4,5.326263,6.6268291054789055
16.4,5.527273,7.262617553071241
16.4,5.728283,7.952947714037011
16.4,5.929293,8.735786396353465
16.4,6.130303,9.583373327216856
16.4,6.331313,10.504502699626302
16.4,6.532323,11.469680904069069
16.4,6.733333,12.478493541598459
16.4,6.934343,13.493838328367177
16.4,7.135354,14.467396866126514
16.4,7.336364,15.39013291361648
16.4,7.537374,16.218893860151606
16.4,7.738384,16.929785346197182
16.4,7.939394,17.48996413028736
16.4,8.140404,17.942280313959674
16.4,8.341414,18.301782329559533
16.4,8.542424,18.587721302894018
16.4,8.743434,18.813102411712844
16.4,8.944444,18.989009499980742
16.4,9.145455,19.139099855072995
16.4,9.346465,19.26753099235973
16.4,9.547475,19.380357987643325
16.4,9.748485,19.480189330178728
16.4,9.949495,19.564917164665005
16.4,10.15051,19.64027651035402
16.4,10.35152,19.71869550952487
16.4,10.55253,19.79422094537072
16.4,10.75354,19.85814984527408
16.4,10.95455,19.922171440086228
16.4,11.15556,19.980720533838795
16.4,11.35657,20.037503417240146
16.4,11.55758,20.092849772780973
16.4,11.75859,20.144611324424066
16.4,11.9596,20.196404510794725
16.4,12.16061,20.245242067556177
16.4,12.36162,20.293291740174208
16.4,12.56263,20.340433571453364
16.4,12.76364,20.385598405901597
16.4,12.96465,20.430784296795505
16.4,13.16566,20.474072910180414
16.4,13.36667,20.51691281691405
16.4,13.56768,20.559094152613124
16.4,13.76869,20.599987353449404
16.4,13.9697,20.64089125474529
16.4,14.17071,20.680366953990003
16.4,14.37172,20.71955350139196
16.4,14.57273,20.75820103656113
16.4,14.77374,20.795869792370155
16.4,14.97475,20.833559008403633
16.4,15.17576,20.870049462316494
16.4,15.37677,20.906320494985895
16.4,15.57778,20.942092222973184
16.4,15.77879,20.97707476859576
16.4,15.9798,21.012077606039416
16.4,16.18081,21.046001309403717
16.4,16.38182,21.07975540995927
16.4,16.58283,21.11302999725751
16.4,16.78384,21.145625129610313
16.4,16.98485,21.17825043695614
16.4,17.18586,21.20987634685288
16.4,17.38687,21.24138252476057
16.4,17.58788,21.272419036859052
16.4,17.78889,21.302875904613835
16.4,17.9899,21.333362870099478
16.4,18.19091,21.362910248835764
16.4,18.39192,21.39236780336821
16.4,18.59293,21.42139558179972
16.4,18.79394,21.449903586184167
16.4,18.99495,21.478451641332615
16.4,19.19596,21.506119977546135
16.4,19.39697,21.53373842423159
16.4,19.59798,21.560927011490605
16.4,19.79899,21.58767573307768
16.4,20.0,21.61250457434584
16.700000000000003,0.1,1.5147880143855397
16.700000000000003,0.3010101,1.863341478460033
16.700000000000003,0.5020202,2.0677812088307945
16.700000000000003,0.7030303,2.1672670472628135
16.700000000000003,1.306061,2.596732474313552
16.700000000000003,1.507071,3.442073691705015
16.700000000000003,1.708081,3.46109128909572
16.700000000000003,1.909091,3.4505246416618696
16.700000000000003,2.110101,3.443600276131638
16.700000000000003,2.311111,3.4538561382638213
16.700000000000003,2.512121,3.4831127533646096
16.700000000000003,2.713131,3.5349638930009175
16.700000000000003,2.914141,3.6082839401466975
16.700000000000003,3.115152,3.702099431151743
16.700000000000003,3.316162,3.819073901494963
16.700000000000003,3.517172,3.956799426019502
16.700000000000003,3.718182,4.118351377304451
16.700000000000003,3.919192,4.305195678912845
16.700000000000003,4.120202,4.519137724456917
16.700000000000003,4.321212,4.769644706862101
16.700000000000003,4.522222,5.058150083983228
16.700000000000003,4.723232,5.394964756021091
16.700000000000003,4.924242,5.7881376057945415
16.700000000000003,5.125253,6.241040779004318
16.700000000000003,5.326263,6.756067386479925
16.700000000000003,5.527273,7.388993587308964
16.700000000000003,5.728283,8.071291684285459
16.700000000000003,5.929293,8.839261186831322
16.700000000000003,6.130303,9.683336769874014
16.700000000000003,6.331313,10.579425442021902
16.700000000000003,6.532323,11.53517317504283
16.700000000000003,6.733333,12.524008722815445
16.700000000000003,6.934343,13.514619634567154
16.700000000000003,7.135354,14.483662705423367
16.700000000000003,7.336364,15.38415476093157
16.700000000000003,7.537374,16.207289630842553
16.700000000000003,7.738384,16.91239592099238
16.700000000000003,7.939394,17.471427215039306
16.700000000000003,8.140404,17.92436627890714
16.700000000000003,8.341414,18.28741905231052
16.700000000000003,8.542424,18.5745523447
16.700000000000003,8.743434,18.80256695800506
16.700000000000003,8.944444,18.98074852475475
16.700000000000003,9.145455,19.131315660874883
16.700000000000003,9.346465,19.26159237682681
16.700000000000003,9.547475,19.37482681914375
16.700000000000003,9.748485,19.475465307852907
16.700000000000003,9.949495,19.56078076945564
16.700000000000003,10.15051,19.64239162347628
16.700000000000003,10.35152,19.71816217888092
16.700000000000003,10.55253,19.790849208647742
16.700000000000003,10.75354,19.854996631815112
16.700000000000003,10.95455,19.919226790264016
16.700000000000003,11.15556,19.977814750233666
16.700000000000003,11.35657,20.034766407108826
16.700000000000003,11.55758,20.090151733132313
16.700000000000003,11.75859,20.141992285439443
16.700000000000003,11.9596,20.19385449480181
16.700000000000003,12.16061,20.242721206045594
16.700000000000003,12.36162,20.290840007169088
16.700000000000003,12.56263,20.338001057088878
16.700000000000003,12.76364,20.383205130017856
16.700000000000003,12.96465,20.42843027409134
16.700000000000003,13.16566,20.471718216383735
16.700000000000003,13.36667,20.514607429844283
16.700000000000003,13.56768,20.556798144217233
16.700000000000003,13.76869,20.597720717466707
16.700000000000003,13.9697,20.638664008777905
16.700000000000003,14.17071,20.678149155865476
16.700000000000003,14.37172,20.717395116735464
16.700000000000003,14.57273,20.75604215016746
16.700000000000003,14.77374,20.793760369458063
16.700000000000003,14.97475,20.83147907542796
16.700000000000003,15.17576,20.867989071407244
16.700000000000003,15.37677,20.904329599743075
16.700000000000003,15.57778,20.940110926851958
16.700000000000003,15.77879,20.975143014034256
16.700000000000003,15.9798,21.010195428531798
16.700000000000003,16.18081,21.04413875702426
16.700000000000003,16.38182,21.07797243136669
16.700000000000003,16.58283,21.111246706670194
16.700000000000003,16.78384,21.143921456291775
16.700000000000003,16.98485,21.176586422673314
16.700000000000003,17.18586,21.208252032925287
16.700000000000003,17.38687,21.239827862431106
16.700000000000003,17.58788,21.270874139122025
16.700000000000003,17.78889,21.30140069786404
16.700000000000003,17.9899,21.33192739757128
16.700000000000003,18.19091,21.36151454360101
16.700000000000003,18.39192,21.3910518241109
16.700000000000003,18.59293,21.420079430088283
16.700000000000003,18.79394,21.44865719514473
16.700000000000003,18.99495,21.477245050546276
16.700000000000003,19.19596,21.50495321217094
16.700000000000003,19.39697,21.53263145324613
16.700000000000003,19.59798,21.559829916317135
16.700000000000003,19.79899,21.582758672490645
16.700000000000003,20.0,21.605657472737686
17.0,0.1,1.586831251311043
17.0,0.3010101,2.2705821848136374
17.0,0.5020202,2.4708999322575558
17.0,0.7030303,0.9137756778372936
17.0,0.9040404,0.04270410469438337
17.0,1.306061,2.633413164722086
17.0,1.507071,3.4645372228515323
17.0,1.708081,3.4968361650373394
17.0,1.909091,3.4968927490376185
17.0,2.110101,3.500526017814733
17.0,2.311111,3.5198524503938047
17.0,2.512121,3.557991428708463
17.0,2.713131,3.61810288432258
17.0,2.914141,3.698472127988027
17.0,3.115152,3.7990415566724085
17.0,3.316162,3.9219480763371517
17.0,3.517172,4.065347329828238
17.0,3.718182,4.232279688409819
17.0,3.919192,4.423766869576775
17.0,4.120202,4.64204720926054
17.0,4.321212,4.896252096463307
17.0,4.522222,5.187869182470937
17.0,4.723232,5.526918790705692
17.0,4.924242,5.920922439872423
17.0,5.125253,6.373176299763657
17.0,5.326263,6.9159866237103556
17.0,5.527273,7.512524076608326
17.0,5.728283,8.187259831239514
17.0,5.929293,8.948243574940056
17.0,6.130303,9.772955542018442
17.0,6.331313,10.663012891783652
17.0,6.532323,11.595963778797918
17.0,6.733333,12.567563682002783
17.0,6.934343,13.545936421380237
17.0,7.135354,14.490591127579236
17.0,7.336364,15.385417397049093
17.0,7.537374,16.195289728483505
17.0,7.738384,16.895470996382883
17.0,7.939394,17.453885444136336
17.0,8.140404,17.90809664504339
17.0,8.341414,18.271933524985627
17.0,8.542424,18.562349218738184
17.0,8.743434,18.792288387994585
17.0,8.944444,18.971805648905328
17.0,9.145455,19.12444808392241
17.0,9.346465,19.255182109733425
17.0,9.547475,19.369643245673547
17.0,9.748485,19.47083935570946
17.0,9.949495,19.550379890743116
17.0,10.15051,19.627913554288337
17.0,10.35152,19.710135215164527
17.0,10.55253,19.78773568061127
17.0,10.75354,19.852161721377755
17.0,10.95455,19.916390770856314
17.0,11.15556,19.974977728137837
17.0,11.35657,20.03197838555379
17.0,11.55758,20.087622564992714
17.0,11.75859,20.139552213204624
17.0,11.9596,20.19141358400987
17.0,12.16061,20.240279526834296
17.0,12.36162,20.288417573893593
17.0,12.56263,20.335687831282733
17.0,12.76364,20.38093121692409
17.0,12.96465,20.42615569621998
17.0,13.16566,20.46945302489512
17.0,13.36667,20.5123516333658
17.0,13.56768,20.554611698631657
17.0,13.76869,20.595563702757307
17.0,13.9697,20.63650645619238
17.0,14.17071,20.675991105792434
17.0,14.37172,20.71524656354539
17.0,14.57273,20.75398301180582
17.0,14.77374,20.791730744657976
17.0,14.97475,20.829459015351187
17.0,15.17576,20.865968609960877
17.0,15.37677,20.90232871663795
17.0,15.57778,20.93821950419255
17.0,15.77879,20.973291179755687
17.0,15.9798,21.00834324736195
17.0,16.18081,21.04228625792619
17.0,16.38182,21.07613958310783
17.0,16.58283,21.10955337346879
17.0,16.78384,21.142267785818728
17.0,16.98485,21.174942481884056
17.0,17.18586,21.206597846506185
17.0,17.38687,21.238203393272684
17.0,17.58788,21.269399252695965
17.0,17.78889,21.299965545323616
17.0,17.9899,21.33050203948463
17.0,18.19091,21.360089000410568
17.0,18.39192,21.38965605737217
17.0,18.59293,21.418823319935864
17.0,18.79394,21.447450881135826
17.0,18.99495,21.47603858382785
17.0,19.19596,21.503736609329977
17.0,19.39697,21.531454676951153
17.0,19.59798,21.558782864878097
17.0,19.79899,21.5836913648795
17.0,20.0,21.606590073789896
17.3,0.1,1.558660118153605
17.3,0.3010101,2.017548865789519
17.3,0.5020202,2.1516299209016565
17.3,0.7030303,1.928306232415747
17.3,1.306061,2.2611929672635376
17.3,1.507071,3.496826302605744
17.3,1.708081,3.5349057962791184
17.3,1.909091,3.5453029021418767
17.3,2.110101,3.5590937661956565
17.3,2.311111,3.587783084004283
17.3,2.512121,3.63391067126923
17.3,2.713131,3.7011757634793674
17.3,2.914141,3.7886283950504613
17.3,3.115152,3.8958782296730754
17.3,3.316162,4.024899335883688
17.3,3.517172,4.173590740587874
17.3,3.718182,4.345230307947816
17.3,3.919192,4.541375747858055
17.3,4.120202,4.764055721522775
17.3,4.321212,5.022058375158012
17.3,4.522222,5.316595284062457
17.3,4.723232,5.657580072116914
17.3,4.924242,6.052434925132036
17.3,5.125253,6.503994598023358
17.3,5.326263,7.043067557927745
17.3,5.527273,7.6356434753481075
17.3,5.728283,8.303419399741868
17.3,5.929293,9.053144889428944
17.3,6.130303,9.867591356557918
17.3,6.331313,10.739544310108291
17.3,6.532323,11.659138621684374
17.3,6.733333,12.61395269699094
17.3,6.934343,13.573223502833232
17.3,7.135354,14.504851824270222
17.3,7.336364,15.383434450894796
17.3,7.537374,16.18522294576182
17.3,7.738384,16.87999011759838
17.3,7.939394,17.436848718973753
17.3,8.140404,17.89159348604435
17.3,8.341414,18.25771322764807
17.3,8.542424,18.54994317377376
17.3,8.743434,18.782016938723935
17.3,8.944444,18.963369640549264
17.3,9.145455,19.11714856428488
17.3,9.346465,19.249249123215737
17.3,9.547475,19.364417687205695
17.3,9.748485,19.466301431281387
17.3,9.949495,19.555539471596553
17.3,10.15051,19.635050248407236
17.3,10.35152,19.71132766151437
17.3,10.55253,19.784531672711076
17.3,10.75354,19.849036554020188
17.3,10.95455,19.91354429321497
17.3,11.15556,19.97233014205443
17.3,11.35657,20.02943979018986
17.3,11.55758,20.085083076431044
17.3,11.75859,20.13704189180718
17.3,11.9596,20.18901240412709
17.3,12.16061,20.237947579782443
17.3,12.36162,20.28612489202661
17.3,12.56263,20.333394451989523
17.3,12.76364,20.378657186071266
17.3,12.96465,20.423921010734617
17.3,13.16566,20.467247729841382
17.3,13.36667,20.510175746567562
17.3,13.56768,20.55243524950908
17.3,13.76869,20.59340671697324
17.3,13.9697,20.634378920145444
17.3,14.17071,20.673913045097386
17.3,14.37172,20.713188001940136
17.3,14.57273,20.751913992385056
17.3,14.77374,20.789681272926945
17.3,14.97475,20.827449060428282
17.3,15.17576,20.864018191319825
17.3,15.37677,20.90040786988021
17.3,15.57778,20.93629828766893
17.3,15.77879,20.971399582433385
17.3,15.9798,21.006501225869613
17.3,16.18081,21.040513832113405
17.3,16.38182,21.07439679833921
17.3,16.58283,21.107820295755797
17.3,16.78384,21.14055439322374
17.3,16.98485,21.173298726611858
17.3,17.18586,21.205023750064054
17.3,17.38687,21.23667900514463
17.3,17.58788,21.267864637953487
17.3,17.78889,21.298470676279287
17.3,17.9899,21.329076870864913
17.3,18.19091,21.358733553524914
17.3,18.39192,21.38834038087245
17.3,18.59293,21.417507472044928
17.3,18.79394,21.44616483177629
17.3,18.99495,21.47482229284941
17.3,19.19596,21.50259009678181
17.3,19.39697,21.530337988115914
17.3,19.59798,21.557666048540725
17.3,19.79899,21.584534272047296
17.3,20.0,21.611412561644197
17.6,0.1,1.508681792692204
17.6,0.3010101,2.155232449997098
17.6,0.5020202,2.301520246745232
17.6,0.7030303,2.2939414666528863
17.6,1.306061,2.5337224185961005
17.6,1.507071,3.5122447751197834
17.6,1.708081,3.57155999709295
17.6,1.909091,3.5935953764459114
17.6,2.110101,3.617252048139349
17.6,2.311111,3.655084524909836
17.6,2.512121,3.709063703818771
17.6,2.713131,3.783413048226237
17.6,2.914141,3.877836205146971
17.6,3.115152,3.9916455383319716
17.6,3.316162,4.126712000417135
17.6,3.517172,4.280658227657979
17.6,3.718182,4.4569972468724535
17.6,3.919192,4.657747567418258
17.6,4.120202,4.884756911919726
17.6,4.321212,5.146486892478978
17.6,4.522222,5.443881068529422
17.6,4.723232,5.786743110485915
17.6,4.924242,6.182391681397491
17.6,5.125253,6.633216391587699
17.6,5.326263,7.168516030391175
17.6,5.527273,7.757122160506496
17.6,5.728283,8.418069279151567
17.6,5.929293,9.15683397482162
17.6,6.130303,9.961218520333283
17.6,6.331313,10.81566702618734
17.6,6.532323,11.722174404714444
17.6,6.733333,12.660632550039969
17.6,6.934343,13.601351545816035
17.6,7.135354,14.520153917314824
17.6,7.336364,15.382733368752916
17.6,7.537374,16.176418723458102
17.6,7.738384,16.865592619028938
17.6,7.939394,17.420556278422406
17.6,8.140404,17.87568525156417
17.6,8.341414,18.243798628533536
17.6,8.542424,18.53777324098962
17.6,8.743434,18.771912000131305
17.6,8.944444,18.955040477723674
17.6,9.145455,19.109966126872017
17.6,9.346465,19.24341350938884
17.6,9.547475,19.359299709633596
17.6,9.748485,19.461861300121203
17.6,9.949495,19.54232837393253
17.6,10.15051,19.628159933026403
17.6,10.35152,19.707902323889538
17.6,10.55253,19.781484969454738
17.6,10.75354,19.8460688447072
17.6,10.95455,19.910855487047897
17.6,11.15556,19.969830418068117
17.6,11.35657,20.027059213644016
17.6,11.55758,20.082701701687842
17.6,11.75859,20.134689791053017
17.6,11.9596,20.186749593483917
17.6,12.16061,20.235754136132698
17.6,12.36162,20.283970823456432
17.6,12.56263,20.3312397543539
17.6,12.76364,20.376511915473944
17.6,12.96465,20.421815193189424
17.6,13.16566,20.46518140179931
17.6,13.36667,20.50811890755519
17.6,13.56768,20.550387898373582
17.6,13.76869,20.591368888869436
17.6,13.9697,20.632360623235307
17.6,14.17071,20.671924297898045
17.6,14.37172,20.711218813453783
17.6,14.57273,20.749954383407506
17.6,14.77374,20.787731257110966
17.6,14.97475,20.82553862225393
17.6,15.17576,20.86213734449648
17.6,15.37677,20.89854663845462
17.6,15.57778,20.934436714043393
17.6,15.77879,20.96955766173072
17.6,15.9798,21.00470892481103
17.6,16.18081,21.0387811653301
17.6,16.38182,21.07270380282845
17.6,16.58283,21.106117027307704
17.6,16.78384,21.13888083356076
17.6,16.98485,21.171684833696236
17.6,17.18586,21.20347954077672
17.6,17.38687,21.23516452397988
17.6,17.58788,21.266349944313117
17.6,17.78889,21.296985743835354
17.6,17.9899,21.32765165632006
17.6,18.19091,21.357378074131855
17.6,18.39192,21.3870146835053
17.6,18.59293,21.416191613214867
17.6,18.79394,21.44487878070742
17.6,18.99495,21.47359600878882
17.6,19.19596,21.501423591241647
17.6,19.39697,21.529211309856453
17.6,19.59798,21.556529250062646
17.6,19.79899,21.581497457602868
17.6,20.0,21.60449582263741
17.9,0.1,1.5281285866643282
17.9,0.3010101,2.079438770744205
17.9,0.5020202,2.2137797143885285
17.9,0.7030303,2.235677890871424
17.9,1.306061,2.6385335500458145
17.9,1.507071,3.5641982469314155
17.9,1.708081,3.6190363280981503
17.9,1.909091,3.6465068735296726
17.9,2.110101,3.6777598948267762
17.9,2.311111,3.7229332074488135
17.9,2.512121,3.7844967316102283
17.9,2.713131,3.866139833845527
17.9,2.914141,3.966923012556203
17.9,3.115152,4.086890474779297
17.9,3.316162,4.227455193672685
17.9,3.517172,4.386704791627691
17.9,3.718182,4.568097031360259
17.9,3.919192,4.773217940699635
17.9,4.120202,5.004288413388586
17.9,4.321212,5.269455654663933
17.9,4.522222,5.569705063291668
17.9,4.723232,5.914551053006981
17.9,4.924242,6.310835134297623
17.9,5.125253,6.760887406509107
17.9,5.326263,7.2652417933762505
17.9,5.527273,7.876321493834923
17.9,5.728283,8.530089336022895
17.9,5.929293,9.262277992926743
17.9,6.130303,10.048698504449183
17.9,6.331313,10.897471370915238
17.9,6.532323,11.782830217209863
17.9,6.733333,12.705252370144217
17.9,6.934343,13.634493862134162
17.9,7.135354,14.530368530615764
17.9,7.336364,15.387453894972467
17.9,7.537374,16.167768652871214
17.9,7.738384,16.851539745253955
17.9,7.939394,17.405348692405063
17.9,8.140404,17.860662362105188
17.9,8.341414,18.229381056710874
17.9,8.542424,18.52614970465547
17.9,8.743434,18.7620440250849
17.9,8.944444,18.946448962511337
17.9,9.145455,19.10338079090607
17.9,9.346465,19.23728596926712
17.9,9.547475,19.354389528932508
17.9,9.748485,19.45751921286706
17.9,9.949495,19.54455747709573
17.9,10.15051,19.62158872404249
17.9,10.35152,19.70007131694615
17.9,10.55253,19.77864757102899
17.9,10.75354,19.8435003989224
17.9,10.95455,19.908286123557783
17.9,11.15556,19.96726022633391
17.9,11.35657,20.0245382125871
17.9,11.55758,20.08041995686017
17.9,11.75859,20.13249737092502
17.9,11.9596,20.184556470725727
17.9,12.16061,20.233560370093567
17.9,12.36162,20.281796442596907
17.9,12.56263,20.329154872233758
17.9,12.76364,20.37445650796376
17.9,12.96465,20.419759221064112
17.9,13.16566,20.463124907771693
17.9,13.36667,20.50608191092265
17.9,13.56768,20.548390473967558
17.9,13.76869,20.589391011424784
17.9,13.9697,20.63038228078983
17.9,14.17071,20.669945524353018
17.9,14.37172,20.709249612833425
17.9,14.57273,20.74803476627695
17.9,14.77374,20.78584123525059
17.9,14.97475,20.823648216641228
17.9,15.17576,20.860246583492767
17.9,15.37677,20.896675509523746
17.9,15.57778,20.93264516933629
17.9,15.77879,20.967805759157958
17.9,15.9798,21.00295670941558
17.9,16.18081,21.03701866158834
17.9,16.38182,21.070960984998507
17.9,16.58283,21.104483808154644
17.9,16.78384,21.137287308774226
17.9,16.98485,21.170091059071588
17.9,17.18586,21.20188553740216
17.9,17.38687,21.23359025793057
17.9,17.58788,21.264905309987714
17.9,17.78889,21.295570858586952
17.9,17.9899,21.326236576064176
17.9,18.19091,21.355962816602002
17.9,18.39192,21.385639210958203
17.9,18.59293,21.41492581693148
17.9,18.79394,21.443652784642346
17.9,18.99495,21.472369863738816
17.9,19.19596,21.500207311521436
17.9,19.39697,21.52801485439015
17.9,19.59798,21.55545252095339
17.9,19.79899,21.57849072784492
17.9,20.0,21.601498991608803
18.200000000000003,0.1,1.4306213173365234
18.200000000000003,0.3010101,2.045692612862262
18.200000000000003,0.5020202,2.22090699512034
18.200000000000003,0.7030303,1.7909112811876486
18.200000000000003,1.306061,2.687765134307514
18.200000000000003,1.507071,3.601971416267487
18.200000000000003,1.708081,3.665908179307479
18.200000000000003,1.909091,3.700609003267087
18.200000000000003,2.110101,3.7381296523409326
18.200000000000003,2.311111,3.790423485584555
18.200000000000003,2.512121,3.859366064636865
18.200000000000003,2.713131,3.948002125503208
18.200000000000003,2.914141,4.055478960725443
18.200000000000003,3.115152,4.180906061663183
18.200000000000003,3.316162,4.326909265572211
18.200000000000003,3.517172,4.4915819213480495
18.200000000000003,3.718182,4.6779454681592725
18.200000000000003,3.919192,4.887638015339897
18.200000000000003,4.120202,5.122374719685979
18.200000000000003,4.321212,5.3908366198293365
18.200000000000003,4.522222,5.694001335492442
18.200000000000003,4.723232,6.040749097370085
18.200000000000003,4.924242,6.437597431784037
18.200000000000003,5.125253,6.886854482419581
18.200000000000003,5.326263,7.387184672032056
18.200000000000003,5.527273,7.9955244160412375
18.200000000000003,5.728283,8.641922766804035
18.200000000000003,5.929293,9.360736611944171
18.200000000000003,6.130303,10.144023495948076
18.200000000000003,6.331313,10.970555817692011
18.200000000000003,6.532323,11.84756222069845
18.200000000000003,6.733333,12.752256517045726
18.200000000000003,6.934343,13.659404618619266
18.200000000000003,7.135354,14.551116105939098
18.200000000000003,7.336364,15.387199538618297
18.200000000000003,7.537374,16.161961221335293
18.200000000000003,7.738384,16.838930940699438
18.200000000000003,7.939394,17.389946738522454
18.200000000000003,8.140404,17.84552574800016
18.200000000000003,8.341414,18.216378801985186
18.200000000000003,8.542424,18.514033513729995
18.200000000000003,8.743434,18.75219322282971
18.200000000000003,8.944444,18.938704175871607
18.200000000000003,9.145455,19.0961037048924
18.200000000000003,9.346465,19.2317957525319
18.200000000000003,9.547475,19.34930751796392
18.200000000000003,9.748485,19.45324525733512
18.200000000000003,9.949495,19.54089195519396
18.200000000000003,10.15051,19.618311966571294
18.200000000000003,10.35152,19.69717332397255
18.200000000000003,10.55253,19.775748554138307
18.200000000000003,10.75354,19.84082048859715
18.200000000000003,10.95455,19.905815330968586
18.200000000000003,11.15556,19.964838682858367
18.200000000000003,11.35657,20.022265975700307
18.200000000000003,11.55758,20.078187018976006
18.200000000000003,11.75859,20.13033384650517
18.200000000000003,11.9596,20.18246235122266
18.200000000000003,12.16061,20.231475683023735
18.200000000000003,12.36162,20.279771262757603
18.200000000000003,12.56263,20.327139145979398
18.200000000000003,12.76364,20.37247032399094
18.200000000000003,12.96465,20.41779256578057
18.200000000000003,13.16566,20.461167787835254
18.200000000000003,13.36667,20.504134379426812
18.200000000000003,13.56768,20.5464524891616
18.200000000000003,13.76869,20.58747262852254
18.200000000000003,13.9697,20.62848349048764
18.200000000000003,14.17071,20.668046336935383
18.200000000000003,14.37172,20.707380048593734
18.200000000000003,14.57273,20.74616481911126
18.200000000000003,14.77374,20.784000922562242
18.200000000000003,14.97475,20.82181754040593
18.200000000000003,15.17576,20.858435562472334
18.200000000000003,15.37677,20.89489413542644
18.200000000000003,15.57778,20.93086347352456
18.200000000000003,15.77879,20.96605372580954
18.200000000000003,15.9798,21.001234353808538
18.200000000000003,16.18081,21.035316008921292
18.200000000000003,16.38182,21.069308007367695
18.200000000000003,16.58283,21.10283056628967
18.200000000000003,16.78384,21.135683762254164
18.200000000000003,16.98485,21.16851723521805
18.200000000000003,17.18586,21.200331462706203
18.200000000000003,17.38687,21.23209589507549
18.200000000000003,17.58788,21.263410736296105
18.200000000000003,17.78889,21.294136019139675
18.200000000000003,17.9899,21.324841506241498
18.200000000000003,18.19091,21.354587540027286
18.200000000000003,18.39192,21.384323688574558
18.200000000000003,18.59293,21.413610131075643
18.200000000000003,18.79394,21.4423868744628
18.200000000000003,18.99495,21.47114376835665
18.200000000000003,19.19596,21.499001051145648
18.200000000000003,19.39697,21.52686839489838
18.200000000000003,19.59798,21.554305937144385
18.200000000000003,19.79899,21.5813036716961
18.200000000000003,20.0,21.606311665099025
8.0,6.7,11.511106533203167
8.0,6.834343,12.568257435088379
8.0,6.968687,13.627824018397522
8.0,7.10303,14.601142396835927
8.0,7.237374,15.551344685133927
8.0,7.371717,16.288673630872854
8.0,7.506061,16.991077219499978
8.0,7.640404,17.458049705554327
8.0,7.774747,17.890302411421423
8.0,7.909091,18.18056342449894
8.0,8.043434,18.438847235710693
8.0,8.177778,18.628301453354425
8.0,8.312121,18.789865332684595
8.0,8.446465,18.92376999260769
8.0,8.580808,19.038765164165405
8.0,8.715152,19.141090637605
8.0,8.849495,19.228696525438423
8.0,8.983838,19.312053544343055
8.0,9.118182,19.384301733674622
8.0,9.252525,19.454640069577053
8.0,9.386869,19.51630964987081
8.0,9.521212,19.577079931149523
8.0,9.655556,19.63226121916058
8.0,9.789899,19.685672513451884
8.0,9.924242,19.729044395849456
8.0,10.05859,19.772436501427986
8.0,10.19293,19.81914963191249
8.0,10.32727,19.867033400994497
8.0,10.46162,19.914907455377353
8.0,10.59596,19.95650204573305
8.0,10.7303,19.995516749401798
8.0,10.86465,20.03429088752064
8.0,10.99899,20.07305520647994
8.0,11.13333,20.10795956897996
8.0,11.26768,20.142824077511772
8.0,11.40202,20.177969487102683
8.0,11.53636,20.212395109351696
8.0,11.67071,20.244610330403
8.0,11.80505,20.276504675891122
8.0,11.93939,20.308318837927462
8.0,12.07374,20.338852502679945
8.0,12.20808,20.368355747253176
8.0,12.34242,20.397979493475425
8.0,12.47677,20.427864281363227
8.0,12.61111,20.456238249251058
8.0,12.74545,20.484181597370526
8.0,12.8798,20.51189402872335
8.0,13.01414,20.53945637846139
8.0,13.14848,20.565677788565175
8.0,13.28283,20.591909214465897
8.0,13.41717,20.61842195202166
8.0,13.55152,20.64447449735629
8.0,13.68586,20.669746398848233
8.0,13.8202,20.694746974943797
8.0,13.95455,20.719707401521536
8.0,14.08889,20.74396717837281
8.0,14.22323,20.76785662557131
8.0,14.35758,20.79186670755243
8.0,14.49192,20.816027635073436
8.0,14.62626,20.83927770519928
8.0,14.76061,20.862367085186218
8.0,14.89495,20.885325695241157
8.0,15.02929,20.908104155525486
8.0,15.16364,20.93023205900574
8.0,15.29798,20.952369976574744
8.0,15.43232,20.974699207835293
8.0,15.56667,20.996648131946767
8.0,15.70101,21.018216716860938
8.0,15.83535,21.039604086733345
8.0,15.9697,21.060991477100792
8.0,16.10404,21.081868525715738
8.0,16.23838,21.10257549518184
8.0,16.37273,21.12337309700057
8.0,16.50707,21.144201204438673
8.0,16.64141,21.164418914020082
8.0,16.77576,21.18456606282449
8.0,16.9101,21.20465279411945
8.0,17.04444,21.224559470567055
8.0,17.17879,21.244066006531337
8.0,17.31313,21.263592668648293
8.0,17.44747,21.283210182349556
8.0,17.58182,21.30247756329932
8.0,17.71616,21.32152477019812
8.0,17.85051,21.340491285793803
8.0,17.98485,21.35945784171849
8.0,18.11919,21.37797433142368
8.0,18.25354,21.39642085039618
8.0,18.38788,21.414927881539604
8.0,18.52222,21.433365169375993
8.0,18.65657,21.45137237747871
8.0,18.79091,21.469359181333953
8.0,18.92525,21.487315819725296
8.0,19.0596,21.50507249561047
8.0,19.19394,21.522559207656602
8.0,19.32828,21.540056079348926
8.0,19.46263,21.557593420800156
8.0,19.59697,21.574780758358393
8.0,19.73131,21.591248111087495
8.0,19.86566,21.605785485871934
8.0,20.0,21.620322891944458
7.700000000000001,0.1,1.9065105636877036
7.700000000000001,0.3010101,5.787415930634027
7.700000000000001,0.5020202,6.060358389750334
7.700000000000001,0.7030303,5.8903787955766544
7.700000000000001,0.9040404,5.5323783225405805
7.700000000000001,1.105051,5.07980242273135
7.700000000000001,1.306061,4.575598100911308
7.700000000000001,1.507071,4.066638602792963
7.700000000000001,1.708081,3.5812689512961624
7.700000000000001,1.909091,3.147035141288249
7.700000000000001,2.110101,2.7772992237294027
7.700000000000001,2.311111,2.492241997601163
7.700000000000001,2.512121,2.2797562282008106
7.700000000000001,2.713131,2.1404801174771606
7.700000000000001,2.914141,2.0599251655182256
7.700000000000001,3.115152,2.026806291273683
7.700000000000001,3.316162,2.0341472513602517
7.700000000000001,3.517172,2.071008617901322
7.700000000000001,3.718182,2.1380965550546116
7.700000000000001,3.919192,2.234899397523455
7.700000000000001,4.120202,2.36290524615568
7.700000000000001,4.321212,2.5323661309997822
7.700000000000001,4.522222,2.7452546805375957
7.700000000000001,4.723232,3.0136517614856526
7.700000000000001,4.924242,3.3373275039930577
7.700000000000001,5.125253,3.771629327558782
7.700000000000001,5.326263,4.282587532491824
7.700000000000001,5.527273,4.87891519723464
7.700000000000001,5.728283,5.610589383657135
7.700000000000001,5.929293,6.5120114445507085
7.700000000000001,6.130303,7.565524768531945
7.700000000000001,6.331313,8.798560545706374
7.700000000000001,6.532323,10.199139613677746
7.700000000000001,6.733333,11.758172056274901
7.700000000000001,6.934343,13.36400303450957
7.700000000000001,7.135354,14.869862092264368
7.700000000000001,7.336364,16.147658995303082
7.700000000000001,7.537374,17.14878414354577
7.700000000000001,7.738384,17.839769053833983
7.700000000000001,7.939394,18.28201471470795
7.700000000000001,8.140404,18.60047856132245
7.700000000000001,8.341414,18.841651891145304
7.700000000000001,8.542424,19.0267726679764
7.700000000000001,8.743434,19.177385048938806
7.700000000000001,8.944444,19.301379745041935
7.700000000000001,9.145455,19.410625726568394
7.700000000000001,9.346465,19.509314998949264
7.700000000000001,9.547475,19.59847531023942
7.700000000000001,9.748485,19.680438294346402
7.700000000000001,9.949495,19.752062305069625
7.700000000000001,10.15051,19.82371777518836
7.700000000000001,10.35152,19.88967351143661
7.700000000000001,10.55253,19.952418072072554
7.700000000000001,10.75354,20.010435810869442
7.700000000000001,10.95455,20.068884748637434
7.700000000000001,11.15556,20.121491061315457
7.700000000000001,11.35657,20.173669568490507
7.700000000000001,11.55758,20.22388658952627
7.700000000000001,11.75859,20.271323249382974
7.700000000000001,11.9596,20.318920675134326
7.700000000000001,12.16061,20.36375676918574
7.700000000000001,12.36162,20.407902609792888
7.700000000000001,12.56263,20.450695589085147
7.700000000000001,12.76364,20.492059207835943
7.700000000000001,12.96465,20.53352341746891
7.700000000000001,13.16566,20.5731661662855
7.700000000000001,13.36667,20.61240862608047
7.700000000000001,13.56768,20.6505880908176
7.700000000000001,13.76869,20.687868329009795
7.700000000000001,13.9697,20.725229046983607
7.700000000000001,14.17071,20.761218368983947
7.700000000000001,14.37172,20.796967454065946
7.700000000000001,14.57273,20.831863694119722
7.700000000000001,14.77374,20.866171027797463
7.700000000000001,14.97475,20.90051873972368
7.700000000000001,15.17576,20.93378542716632
7.700000000000001,15.37677,20.966901996718935
7.700000000000001,15.57778,20.999336159384974
7.700000000000001,15.77879,21.031311603443694
7.700000000000001,15.9798,21.06331734242081
7.700000000000001,16.18081,21.09441244479035
7.700000000000001,16.38182,21.12540753130802
7.700000000000001,16.58283,21.155840710395736
7.700000000000001,16.78384,21.18588521579229
7.700000000000001,16.98485,21.215949949850888
7.700000000000001,17.18586,21.245214367533276
7.700000000000001,17.38687,21.27440883715145
7.700000000000001,17.58788,21.30313185850945
7.700000000000001,17.78889,21.331506140964006
7.700000000000001,17.9899,21.359880601221448
7.700000000000001,18.19091,21.387534970559763
7.700000000000001,18.39192,21.415149426868343
7.700000000000001,18.59293,21.44234280626534
7.700000000000001,18.79394,21.469207322789348
7.700000000000001,18.99495,21.496091977829476
7.700000000000001,19.19596,21.522276709858282
7.700000000000001,19.39697,21.548441540565307
7.700000000000001,19.59798,21.574225568311913
7.700000000000001,19.79899,21.596011342615935
7.700000000000001,20.0,21.617767203882117
7.4,0.3010101,6.283183499270207
7.4,0.5020202,6.267243763198104
7.4,0.7030303,6.015424645596685
7.4,0.9040404,5.620047847750624
7.4,1.105051,5.142579007816257
7.4,1.306061,4.620656276516767
7.4,1.507071,4.096452118302125
7.4,1.708081,3.6010719969658287
7.4,1.909091,3.162091537272896
7.4,2.110101,2.7935824941738003
7.4,2.311111,2.5154053059795993
7.4,2.512121,2.3156869184420343
7.4,2.713131,2.1934199292672347
7.4,2.914141,2.131129482253441
7.4,3.115152,2.1131879021305036
7.4,3.316162,2.1338233567433305
7.4,3.517172,2.1809568934656576
7.4,3.718182,2.2532043215498256
7.4,3.919192,2.350707659066943
7.4,4.120202,2.4764842255262525
7.4,4.321212,2.641391987503005
7.4,4.522222,2.847806456717398
7.4,4.723232,3.086975495994464
7.4,4.924242,3.434637410643984
7.4,5.125253,3.8502621977166704
7.4,5.326263,4.33140711307605
7.4,5.527273,4.916616626700246
7.4,5.728283,5.626463651317745
7.4,5.929293,6.498740455128137
7.4,6.130303,7.548383202938866
7.4,6.331313,8.76634776125311
7.4,6.532323,10.16625989376618
7.4,6.733333,11.743481042610087
7.4,6.934343,13.385764092825271
7.4,7.135354,14.897840772962738
7.4,7.336364,16.198528547725143
7.4,7.537374,17.201668465565593
7.4,7.738384,17.883723347950962
7.4,7.939394,18.313886760777905
7.4,8.140404,18.630144723939406
7.4,8.341414,18.862255059323083
7.4,8.542424,19.045395100471573
7.4,8.743434,19.193034650730866
7.4,8.944444,19.314926958735068
7.4,9.145455,19.42378314056012
7.4,9.346465,19.520980503808893
7.4,9.547475,19.609811554168548
7.4,9.748485,19.69107532422833
7.4,9.949495,19.76222751502526
7.4,10.15051,19.830504758574
7.4,10.35152,19.90158113386414
7.4,10.55253,19.962072633549965
7.4,10.75354,20.02171592343979
7.4,10.95455,20.07718931209603
7.4,11.15556,20.129556693446776
7.4,11.35657,20.18083571668089
7.4,11.55758,20.2308638500158
7.4,11.75859,20.277739273760858
7.4,11.9596,20.32483575716053
7.4,12.16061,20.369471820392278
7.4,12.36162,20.412935126233556
7.4,12.56263,20.455597911955923
7.4,12.76364,20.496499450134078
7.4,12.96465,20.537592055779673
7.4,13.16566,20.577054104007374
7.4,13.36667,20.615763621387114
7.4,13.56768,20.653852489214064
7.4,13.76869,20.690730060195772
7.4,13.9697,20.72776876377934
7.4,14.17071,20.76360691468962
7.4,14.37172,20.798922811426465
7.4,14.57273,20.833758230483532
7.4,14.77374,20.86775278854615
7.4,14.97475,20.901868468476447
7.4,15.17576,20.935023823168066
7.4,15.37677,20.96782741497222
7.4,15.57778,21.00022074474273
7.4,15.77879,21.03197362561968
7.4,15.9798,21.06381754996117
7.4,16.18081,21.094831351266567
7.4,16.38182,21.125603863254625
7.4,16.58283,21.15601629995373
7.4,16.78384,21.185908588654392
7.4,16.98485,21.215871807652885
7.4,17.18586,21.245065057267162
7.4,17.38687,21.27411740534486
7.4,17.58788,21.302829810166784
7.4,17.78889,21.331102252544486
7.4,17.9899,21.359415498841642
7.4,18.19091,21.387028867755454
7.4,18.39192,21.414551623427567
7.4,18.59293,21.44173451147354
7.4,18.79394,21.46853752999749
7.4,18.99495,21.495381231993772
7.4,19.19596,21.52154512142443
7.4,19.39697,21.547658588651224
7.4,19.59798,21.573432236277345
7.4,19.79899,21.59885606307291
7.4,20.0,21.622460851480017
7.1000000000000005,0.3010101,6.239113021375315
7.1000000000000005,0.5020202,6.322692026344013
7.1000000000000005,0.7030303,6.07702379573168
7.1000000000000005,0.9040404,5.674272590436327
7.1000000000000005,1.105051,5.183882205343933
7.1000000000000005,1.306061,4.6509429519938745
7.1000000000000005,1.507071,4.116907870701112
7.1000000000000005,1.708081,3.6146765443986073
7.1000000000000005,1.909091,3.172920257259268
7.1000000000000005,2.110101,2.8072678034915537
7.1000000000000005,2.311111,2.537997130926936
7.1000000000000005,2.512121,2.3531724269911836
7.1000000000000005,2.713131,2.25152048137375
7.1000000000000005,2.914141,2.2100614940524985
7.1000000000000005,3.115152,2.212780563429496
7.1000000000000005,3.316162,2.2497626429139963
7.1000000000000005,3.517172,2.3089943976961074
7.1000000000000005,3.718182,2.38734480340082
7.1000000000000005,3.919192,2.4854529229853686
7.1000000000000005,4.120202,2.6083388510763834
7.1000000000000005,4.321212,2.766651685152904
7.1000000000000005,4.522222,2.9553759700353166
7.1000000000000005,4.723232,3.213565938217735
7.1000000000000005,4.924242,3.537993250391249
7.1000000000000005,5.125253,3.9255167636987323
7.1000000000000005,5.326263,4.399596379651143
7.1000000000000005,5.527273,4.957867347414879
7.1000000000000005,5.728283,5.64452483237755
7.1000000000000005,5.929293,6.500970831259615
7.1000000000000005,6.130303,7.520669378275642
7.1000000000000005,6.331313,8.73280099837506
7.1000000000000005,6.532323,10.134735613172735
7.1000000000000005,6.733333,11.728927751715787
7.1000000000000005,6.934343,13.39211565319022
7.1000000000000005,7.135354,14.942112484593451
7.1000000000000005,7.336364,16.249505073799146
7.1000000000000005,7.537374,17.25389368858652
7.1000000000000005,7.738384,17.927981027775612
7.1000000000000005,7.939394,18.351092486405324
7.1000000000000005,8.140404,18.656019884456704
7.1000000000000005,8.341414,18.885789769419706
7.1000000000000005,8.542424,19.06369449590524
7.1000000000000005,8.743434,19.20914070777272
7.1000000000000005,8.944444,19.329820834077076
7.1000000000000005,9.145455,19.43690381336333
7.1000000000000005,9.346465,19.53373113622055
7.1000000000000005,9.547475,19.62164102030778
7.1000000000000005,9.748485,19.70258494917251
7.1000000000000005,9.949495,19.776535178310954
7.1000000000000005,10.15051,19.845524852586777
7.1000000000000005,10.35152,19.91073872435933
7.1000000000000005,10.55253,19.972014954890387
7.1000000000000005,10.75354,20.030633696612846
7.1000000000000005,10.95455,20.078888946772665
7.1000000000000005,11.15556,20.13015817019553
7.1000000000000005,11.35657,20.185317509562203
7.1000000000000005,11.55758,20.23809611004826
7.1000000000000005,11.75859,20.284982425982232
7.1000000000000005,11.9596,20.331117413639976
7.1000000000000005,12.16061,20.374497861975556
7.1000000000000005,12.36162,20.417820782681012
7.1000000000000005,12.56263,20.46048395310977
7.1000000000000005,12.76364,20.501385700337732
7.1000000000000005,12.96465,20.54175422969776
7.1000000000000005,13.16566,20.58023991156017
7.1000000000000005,13.36667,20.6188486527289
7.1000000000000005,13.56768,20.656937387160458
7.1000000000000005,13.76869,20.693814677490384
7.1000000000000005,13.9697,20.730228531355703
7.1000000000000005,14.17071,20.765330355283943
7.1000000000000005,14.37172,20.80058528722253
7.1000000000000005,14.57273,20.8354202531855
7.1000000000000005,14.77374,20.869404272176183
7.1000000000000005,14.97475,20.903065305511312
7.1000000000000005,15.17576,20.935705139478358
7.1000000000000005,15.37677,20.968467797512883
7.1000000000000005,15.57778,21.000870552743162
7.1000000000000005,15.77879,21.03261281505067
7.1000000000000005,15.9798,21.06413264713275
7.1000000000000005,16.18081,21.094791924801903
7.1000000000000005,16.38182,21.125553626661226
7.1000000000000005,16.58283,21.15596548462896
7.1000000000000005,16.78384,21.18585717498373
7.1000000000000005,16.98485,21.215586967205393
7.1000000000000005,17.18586,21.244576653438425
7.1000000000000005,17.38687,21.273618342091815
7.1000000000000005,17.58788,21.302330222717533
7.1000000000000005,17.78889,21.330592134600813
7.1000000000000005,17.9899,21.358772600868825
7.1000000000000005,18.19091,21.38624322809482
7.1000000000000005,18.39192,21.413765466132837
7.1000000000000005,18.59293,21.440947904860042
7.1000000000000005,18.79394,21.46776047420185
7.1000000000000005,18.99495,21.494501955703836
7.1000000000000005,19.19596,21.520593748800017
7.1000000000000005,19.39697,21.546706819036604
7.1000000000000005,19.59798,21.57249009561223
7.1000000000000005,19.79899,21.59790355488025
7.1000000000000005,20.0,21.619627214607362
6.800000000000001,0.3010101,6.172450198351748
6.800000000000001,0.5020202,6.31333469855604
6.800000000000001,0.7030303,6.088649688225258
6.800000000000001,0.9040404,5.693974462889745
6.800000000000001,1.105051,5.201920570422639
6.800000000000001,1.306061,4.664418403559542
6.800000000000001,1.507071,4.125386353366769
6.800000000000001,1.708081,3.619843388841911
6.800000000000001,1.909091,3.177106651138323
6.800000000000001,2.110101,2.816130791270653
6.800000000000001,2.311111,2.5584096446181523
6.800000000000001,2.512121,2.390493222082223
6.800000000000001,2.713131,2.3102799482166825
6.800000000000001,2.914141,2.294144206522095
6.800000000000001,3.115152,2.3225898839230923
6.800000000000001,3.316162,2.3804928382362616
6.800000000000001,3.517172,2.4533610867116264
6.800000000000001,3.718182,2.538154743994306
6.800000000000001,3.919192,2.6369603810481697
6.800000000000001,4.120202,2.75548581954521
6.800000000000001,4.321212,2.898608147884524
6.800000000000001,4.522222,3.092525360093258
6.800000000000001,4.723232,3.334017397604583
6.800000000000001,4.924242,3.6421120518089007
6.800000000000001,5.125253,4.017245344761962
6.800000000000001,5.326263,4.469120678556573
6.800000000000001,5.527273,5.009548778522517
6.800000000000001,5.728283,5.672130588930509
6.800000000000001,5.929293,6.498770934097002
6.800000000000001,6.130303,7.49898296433717
6.800000000000001,6.331313,8.69500006527198
6.800000000000001,6.532323,10.096764358225315
6.800000000000001,6.733333,11.709197817642577
6.800000000000001,6.934343,13.40617680331533
6.800000000000001,7.135354,14.978706833207681
6.800000000000001,7.336364,16.30427735334665
6.800000000000001,7.537374,17.309381298301556
6.800000000000001,7.738384,17.974273856788297
6.800000000000001,7.939394,18.386752724476327
6.800000000000001,8.140404,18.685290467772987
6.800000000000001,8.341414,18.90825523522943
6.800000000000001,8.542424,19.08307531823061
6.800000000000001,8.743434,19.226056468439264
6.800000000000001,8.944444,19.345042421585024
6.800000000000001,9.145455,19.451142705687335
6.800000000000001,9.346465,19.546846925385395
6.800000000000001,9.547475,19.634154651555132
6.800000000000001,9.748485,19.7145654668324
6.800000000000001,9.949495,19.7882757114813
6.800000000000001,10.15051,19.856566735701055
6.800000000000001,10.35152,19.92070983617136
6.800000000000001,10.55253,19.98151536081493
6.800000000000001,10.75354,20.03934265594505
6.800000000000001,10.95455,20.09346820681444
6.800000000000001,11.15556,20.147159313072954
6.800000000000001,11.35657,20.19777341285517
6.800000000000001,11.55758,20.245202281785343
6.800000000000001,11.75859,20.291147434912222
6.800000000000001,11.9596,20.33710267576966
6.800000000000001,12.16061,20.380483203564545
6.800000000000001,12.36162,20.423212571656922
6.800000000000001,12.56263,20.46517138464794
6.800000000000001,12.76364,20.50541891246618
6.800000000000001,12.96465,20.545666477223456
6.800000000000001,13.16566,20.584151672821257
6.800000000000001,13.36667,20.622246407473085
6.800000000000001,13.56768,20.659760389693503
6.800000000000001,13.76869,20.696102859422492
6.800000000000001,13.9697,20.732435409826138
6.800000000000001,14.17071,20.76753643515227
6.800000000000001,14.37172,20.802407285164396
6.800000000000001,14.57273,20.836827717239032
6.800000000000001,14.77374,20.87043734645614
6.800000000000001,14.97475,20.904047116842932
6.800000000000001,15.17576,20.936686079672498
6.800000000000001,15.37677,20.9691750721922
6.800000000000001,15.57778,21.00128392752087
6.800000000000001,15.77879,21.0327824828997
6.800000000000001,15.9798,21.064271224398055
6.800000000000001,16.18081,21.09493968386821
6.800000000000001,16.38182,21.125508291255965
6.800000000000001,16.58283,21.15572696945677
6.800000000000001,16.78384,21.185455669041183
6.800000000000001,16.98485,21.2151745767927
6.800000000000001,17.18586,21.244163553344926
6.800000000000001,17.38687,21.273082730195714
6.800000000000001,17.58788,21.30168210390128
6.800000000000001,17.78889,21.329841670838942
6.800000000000001,17.9899,21.358011447841726
6.800000000000001,18.19091,21.385491485109412
6.800000000000001,18.39192,21.412931731268706
6.800000000000001,18.59293,21.440042230552738
6.800000000000001,18.79394,21.466792986281142
6.800000000000001,18.99495,21.49353394126596
6.800000000000001,19.19596,21.51962525697724
6.800000000000001,19.39697,21.545696767213197
6.800000000000001,19.59798,21.569639106323585
6.800000000000001,19.79899,21.591332265414806
6.800000000000001,20.0,21.613025557388443
6.500000000000001,0.3010101,6.123159151755961
6.500000000000001,0.5020202,6.292525361863092
6.500000000000001,0.7030303,6.080286698973376
6.500000000000001,0.9040404,5.692302074723423
6.500000000000001,1.105051,5.201570820879923
6.500000000000001,1.306061,4.662924002954453
6.500000000000001,1.507071,4.121783527285017
6.500000000000001,1.708081,3.6150529490956904
6.500000000000001,1.909091,3.1733163551850407
6.500000000000001,2.110101,2.8185379155054107
6.500000000000001,2.311111,2.5739816796764137
6.500000000000001,2.512121,2.4248337363011263
6.500000000000001,2.713131,2.3686793607199323
6.500000000000001,2.914141,2.3819261189684355
6.500000000000001,3.115152,2.4409220461231467
6.500000000000001,3.316162,2.524109141577905
6.500000000000001,3.517172,2.6133568725153706
6.500000000000001,3.718182,2.7058642653886325
6.500000000000001,3.919192,2.8054755896339167
6.500000000000001,4.120202,2.9186867877161258
6.500000000000001,4.321212,3.059087815032193
6.500000000000001,4.522222,3.233993531827475
6.500000000000001,4.723232,3.465583531807107
6.500000000000001,4.924242,3.7585181951243594
6.500000000000001,5.125253,4.120659382691388
6.500000000000001,5.326263,4.548315628124254
6.500000000000001,5.527273,5.069653251156376
6.500000000000001,5.728283,5.705331905260612
6.500000000000001,5.929293,6.496920027825125
6.500000000000001,6.130303,7.475132560423876
6.500000000000001,6.331313,8.651062877624073
6.500000000000001,6.532323,10.05232484021997
6.500000000000001,6.733333,11.685265528539416
6.500000000000001,6.934343,13.420407292865681
6.500000000000001,7.135354,15.017004797647315
6.500000000000001,7.336364,16.36195602488836
6.500000000000001,7.537374,17.36744258542575
6.500000000000001,7.738384,18.022194495764854
6.500000000000001,7.939394,18.42345149014913
6.500000000000001,8.140404,18.71547880485884
6.500000000000001,8.341414,18.931607206627824
6.500000000000001,8.542424,19.103351498495226
6.500000000000001,8.743434,19.243876474058347
6.500000000000001,8.944444,19.36115723391314
6.500000000000001,9.145455,19.46624401894682
6.500000000000001,9.346465,19.560704092168958
6.500000000000001,9.547475,19.647289416458417
6.500000000000001,9.748485,19.726817323112783
6.500000000000001,9.949495,19.799306581485098
6.500000000000001,10.15051,19.86726741261138
6.500000000000001,10.35152,19.931029057200846
6.500000000000001,10.55253,19.991613751933883
6.500000000000001,10.75354,20.049148821612103
6.500000000000001,10.95455,20.103628556540357
6.500000000000001,11.15556,20.155476858252573
6.500000000000001,11.35657,20.202647665562413
6.500000000000001,11.55758,20.247164506376826
6.500000000000001,11.75859,20.298776068921363
6.500000000000001,11.9596,20.344021802892467
6.500000000000001,12.16061,20.387233373149197
6.500000000000001,12.36162,20.42982159738483
6.500000000000001,12.56263,20.469846509273374
6.500000000000001,12.76364,20.509209798079723
6.500000000000001,12.96465,20.54929636690686
6.500000000000001,13.16566,20.587781020014354
6.500000000000001,13.36667,20.62532011472414
6.500000000000001,13.56768,20.662187446106643
6.500000000000001,13.76869,20.69794325637536
6.500000000000001,13.9697,20.734194180190304
6.500000000000001,14.17071,20.769284349234777
6.500000000000001,14.37172,20.80377990677116
6.500000000000001,14.57273,20.837774505840038
6.500000000000001,14.77374,20.871018597658235
6.500000000000001,14.97475,20.904576921290413
6.500000000000001,15.17576,20.93721496665329
6.500000000000001,15.37677,20.969439430797756
6.500000000000001,15.57778,21.001273491003815
6.500000000000001,15.77879,21.03252754621722
6.500000000000001,15.9798,21.06399508771351
6.500000000000001,16.18081,21.094652696052158
6.500000000000001,16.38182,21.125057609003004
6.500000000000001,16.58283,21.155112508220736
6.500000000000001,16.78384,21.184687688158164
6.500000000000001,16.98485,21.214395651345708
6.500000000000001,17.18586,21.243373896400115
6.500000000000001,17.38687,21.272200155276785
6.500000000000001,17.58788,21.30068663055473
6.500000000000001,17.78889,21.328773507892837
6.500000000000001,17.9899,21.356932565084808
6.500000000000001,18.19091,21.384411999494898
6.500000000000001,18.39192,21.411789987074293
6.500000000000001,18.59293,21.438858302207674
6.500000000000001,18.79394,21.46555703523574
6.500000000000001,18.99495,21.492297449566813
6.500000000000001,19.19596,21.51838827995377
6.500000000000001,19.39697,21.544438073615506
6.500000000000001,19.59798,21.57015822246563
6.500000000000001,19.79899,21.59552874841124
6.500000000000001,20.0,21.61724172102916
6.200000000000001,0.3010101,6.079983583967786
6.200000000000001,0.5020202,6.269401513807872
6.200000000000001,0.7030303,6.06430907100129
6.200000000000001,0.9040404,5.679403547523709
6.200000000000001,1.105051,5.189353094008007
6.200000000000001,1.306061,4.650319651732498
6.200000000000001,1.507071,4.108299270681794
6.200000000000001,1.708081,3.6017665450036516
6.200000000000001,1.909091,3.1624460050778067
6.200000000000001,2.110101,2.8146864277376964
6.200000000000001,2.311111,2.5829526047847255
6.200000000000001,2.512121,2.4542464102606183
6.200000000000001,2.713131,2.4272870471763106
6.200000000000001,2.914141,2.4721982448875575
6.200000000000001,3.115152,2.5649857637194975
6.200000000000001,3.316162,2.676001544664388
6.200000000000001,3.517172,2.7859573963687727
6.200000000000001,3.718182,2.8886878108829817
6.200000000000001,3.919192,2.9887654835659205
6.200000000000001,4.120202,3.0958501981601545
6.200000000000001,4.321212,3.2205156216168107
6.200000000000001,4.522222,3.386127125640524
6.200000000000001,4.723232,3.604989506803051
6.200000000000001,4.924242,3.8894009006741657
6.200000000000001,5.125253,4.22613599817384
6.200000000000001,5.326263,4.645867307769852
6.200000000000001,5.527273,5.132443135451308
6.200000000000001,5.728283,5.736113287665634
6.200000000000001,5.929293,6.504707091931311
6.200000000000001,6.130303,7.434864821031756
6.200000000000001,6.331313,8.602094727062836
6.200000000000001,6.532323,10.004123645908782
6.200000000000001,6.733333,11.660479300422555
6.200000000000001,6.934343,13.423204128155326
6.200000000000001,7.135354,15.069158440426232
6.200000000000001,7.336364,16.42180038460612
6.200000000000001,7.537374,17.426209929125037
6.200000000000001,7.738384,18.07056611915476
6.200000000000001,7.939394,18.463951377574976
6.200000000000001,8.140404,18.74379622764635
6.200000000000001,8.341414,18.957560959695034
6.200000000000001,8.542424,19.124165998874812
6.200000000000001,8.743434,19.262524403762683
6.200000000000001,8.944444,19.37857017013702
6.200000000000001,9.145455,19.48174046798826
6.200000000000001,9.346465,19.575778300031555
6.200000000000001,9.547475,19.6610585973409
6.200000000000001,9.748485,19.73988374789967
6.200000000000001,9.949495,19.811671351113606
6.200000000000001,10.15051,19.878669163097918
6.200000000000001,10.35152,19.942200066854696
6.200000000000001,10.55253,20.001899610027042
6.200000000000001,10.75354,20.058961186073507
6.200000000000001,10.95455,20.112949718814907
6.200000000000001,11.15556,20.163887764445647
6.200000000000001,11.35657,20.212747672701475
6.200000000000001,11.55758,20.259960878194754
6.200000000000001,11.75859,20.306976604319768
6.200000000000001,11.9596,20.350301449654058
6.200000000000001,12.16061,20.392947246749188
6.200000000000001,12.36162,20.434568859353806
6.200000000000001,12.56263,20.471598531264107
6.200000000000001,12.76364,20.51096108684258
6.200000000000001,12.96465,20.55332341142853
6.200000000000001,13.16566,20.590354891461164
6.200000000000001,13.36667,20.627771814259944
6.200000000000001,13.56768,20.664637944066182
6.200000000000001,13.76869,20.70039240009812
6.200000000000001,13.9697,20.735944503789103
6.200000000000001,14.17071,20.77025372740325
6.200000000000001,14.37172,20.804677288343893
6.200000000000001,14.57273,20.83867062108934
6.200000000000001,14.77374,20.871913388413414
6.200000000000001,14.97475,20.90502440983552
6.200000000000001,15.17576,20.93716388350056
6.200000000000001,15.37677,20.96935669628
6.200000000000001,15.57778,21.001189597094562
6.200000000000001,15.77879,21.03244247329315
6.200000000000001,15.9798,21.06360401811639
6.200000000000001,16.18081,21.09396507413039
6.200000000000001,16.38182,21.1243486955429
6.200000000000001,16.58283,21.154402608253392
6.200000000000001,16.78384,21.183976802891866
6.200000000000001,16.98485,21.21350002233009
6.200000000000001,17.18586,21.242313389001747
6.200000000000001,17.38687,21.271128669788645
6.200000000000001,17.58788,21.29961434350036
6.200000000000001,17.78889,21.327700426315634
6.200000000000001,17.9899,21.355755809238044
6.200000000000001,18.19091,21.383141665425214
6.200000000000001,18.39192,21.410518927085
6.200000000000001,18.59293,21.437586605071044
6.200000000000001,18.79394,21.46428471058893
6.200000000000001,18.99495,21.490982320328804
6.200000000000001,19.19596,21.51703056944161
6.200000000000001,19.39697,21.543069829279503
6.200000000000001,19.59798,21.568789477892995
6.200000000000001,19.79899,21.594169511952785
6.200000000000001,20.0,21.617710011577724
5.9,0.3010101,6.037221907377839
5.9,0.5020202,6.243350902409032
5.9,0.7030303,6.041816295015043
5.9,0.9040404,5.657871511491961
5.9,1.105051,5.167590365686141
5.9,1.306061,4.627993398294476
5.9,1.507071,4.085662848903298
5.9,1.708081,3.58043082948379
5.9,1.909091,3.1450663916768784
5.9,2.110101,2.804234802385574
5.9,2.311111,2.5856949640150044
5.9,2.512121,2.478592758893834
5.9,2.713131,2.4826906135592988
5.9,2.914141,2.5648565703987147
5.9,3.115152,2.6913860634644102
5.9,3.316162,2.83490849526452
5.9,3.517172,2.970667574428501
5.9,3.718182,3.0859309766803356
5.9,3.919192,3.1864318312045716
5.9,4.120202,3.2868112649456673
5.9,4.321212,3.395780162572081
5.9,4.522222,3.551603264486637
5.9,4.723232,3.7573019200466593
5.9,4.924242,4.021104043678638
5.9,5.125253,4.3539475268073335
5.9,5.326263,4.737739766147029
5.9,5.527273,5.208316953511172
5.9,5.728283,5.774495522860012
5.9,5.929293,6.486915774315357
5.9,6.130303,7.408744128134538
5.9,6.331313,8.541106238117836
5.9,6.532323,9.940047809341147
5.9,6.733333,11.627366045369234
5.9,6.934343,13.44930845357944
5.9,7.135354,15.103995125212528
5.9,7.336364,16.486149080283226
5.9,7.537374,17.49146966418649
5.9,7.738384,18.12178928788997
5.9,7.939394,18.500256276045928
5.9,8.140404,18.777801233510644
5.9,8.341414,18.982297047733148
5.9,8.542424,19.146966209372593
5.9,8.743434,19.28242631167995
5.9,8.944444,19.396294642805515
5.9,9.145455,19.499011572131977
5.9,9.346465,19.591192323031937
5.9,9.547475,19.676020204779785
5.9,9.748485,19.753750569838544
5.9,9.949495,19.8244738559796
5.9,10.15051,19.891150107071507
5.9,10.35152,19.953474736734325
5.9,10.55253,20.012882601465815
5.9,10.75354,20.06895818761811
5.9,10.95455,20.121792286091367
5.9,11.15556,20.17258795123514
5.9,11.35657,20.221217671328045
5.9,11.55758,20.26842741647108
5.9,11.75859,20.313193603016796
5.9,11.9596,20.356301181723886
5.9,12.16061,20.39839990824779
5.9,12.36162,20.438954994986933
5.9,12.56263,20.477765695605704
5.9,12.76364,20.518748793649316
5.9,12.96465,20.556630621810605
5.9,13.16566,20.59338866988173
5.9,13.36667,20.63000921131345
5.9,13.56768,20.666743222941815
5.9,13.76869,20.701989437858387
5.9,13.9697,20.737144762215404
5.9,14.17071,20.77129980540744
5.9,14.37172,20.805275175858924
5.9,14.57273,20.839206237270233
5.9,14.77374,20.872142494658092
5.9,14.97475,20.90502840714607
5.9,15.17576,20.937064385529965
5.9,15.37677,20.968970791014257
5.9,15.57778,21.000771906007568
5.9,15.77879,21.031819565485883
5.9,15.9798,21.06284719998021
5.9,16.18081,21.09314543218409
5.9,16.38182,21.123364149470675
5.9,16.58283,21.153396711573716
5.9,16.78384,21.18285687136737
5.9,16.98485,21.21230719532984
5.9,17.18586,21.241088347520684
5.9,17.38687,21.269809960391385
5.9,17.58788,21.298294638606546
5.9,17.78889,21.326317655063256
5.9,17.9899,21.354330925994567
5.9,18.19091,21.38170507292217
5.9,18.39192,21.409049619949723
5.9,18.59293,21.436106573966974
5.9,18.79394,21.462782371854953
5.9,18.99495,21.489468453214627
5.9,19.19596,21.51551540492127
5.9,19.39697,21.541542687500257
5.9,19.59798,21.567261812128745
5.9,19.79899,21.588971851875606
5.9,20.0,21.610652107786006
5.6000000000000005,0.3010101,5.9905208330176825
5.6000000000000005,0.5020202,6.212346774831432
5.6000000000000005,0.7030303,6.012533365274613
5.6000000000000005,0.9040404,5.628388114135331
5.6000000000000005,1.105051,5.13710628139247
5.6000000000000005,1.306061,4.596632669462725
5.6000000000000005,1.507071,4.054263508567031
5.6000000000000005,1.708081,3.5513086712256934
5.6000000000000005,1.909091,3.1206612403589147
5.6000000000000005,2.110101,2.7885838833304764
5.6000000000000005,2.311111,2.583917015923054
5.6000000000000005,2.512121,2.498293318539576
5.6000000000000005,2.713131,2.534098822057645
5.6000000000000005,2.914141,2.6528715761531156
5.6000000000000005,3.115152,2.8208739036871733
5.6000000000000005,3.316162,3.0011959453993216
5.6000000000000005,3.517172,3.1664295865460126
5.6000000000000005,3.718182,3.297203965612753
5.6000000000000005,3.919192,3.3988601394703477
5.6000000000000005,4.120202,3.491051483826768
5.6000000000000005,4.321212,3.5960988111014163
5.6000000000000005,4.522222,3.7252022654498127
5.6000000000000005,4.723232,3.9165696666162297
5.6000000000000005,4.924242,4.171122792115995
5.6000000000000005,5.125253,4.476329380595768
5.6000000000000005,5.326263,4.850754368345
5.6000000000000005,5.527273,5.28002173153207
5.6000000000000005,5.728283,5.805874706339817
5.6000000000000005,5.929293,6.487810922386742
5.6000000000000005,6.130303,7.349993573851429
5.6000000000000005,6.331313,8.470975431199564
5.6000000000000005,6.532323,9.873453719868229
5.6000000000000005,6.733333,11.593059648955549
5.6000000000000005,6.934343,13.4501810458042
5.6000000000000005,7.135354,15.162578445174624
5.6000000000000005,7.336364,16.553616565880446
5.6000000000000005,7.537374,17.555931714772356
5.6000000000000005,7.738384,18.173720748345726
5.6000000000000005,7.939394,18.543689725598256
5.6000000000000005,8.140404,18.8086347367839
5.6000000000000005,8.341414,19.01072628698809
5.6000000000000005,8.542424,19.170236117194136
5.6000000000000005,8.743434,19.3034788637431
5.6000000000000005,8.944444,19.4160111310258
5.6000000000000005,9.145455,19.516630355084647
5.6000000000000005,9.346465,19.608277598792277
5.6000000000000005,9.547475,19.691578629183713
5.6000000000000005,9.748485,19.768454522340875
5.6000000000000005,9.949495,19.83840350149884
5.6000000000000005,10.15051,19.903802655560742
5.6000000000000005,10.35152,19.965744472835247
5.6000000000000005,10.55253,20.02392396964583
5.6000000000000005,10.75354,20.079314170962633
5.6000000000000005,10.95455,20.131392389726603
5.6000000000000005,11.15556,20.181067904482244
5.6000000000000005,11.35657,20.22926379001723
5.6000000000000005,11.55758,20.2752547994636
5.6000000000000005,11.75859,20.319605519778026
5.6000000000000005,11.9596,20.362225454477873
5.6000000000000005,12.16061,20.403584221882035
5.6000000000000005,12.36162,20.444093467770344
5.6000000000000005,12.56263,20.483554669032525
5.6000000000000005,12.76364,20.522268704346985
5.6000000000000005,12.96465,20.554915128203497
5.6000000000000005,13.16566,20.591432138985503
5.6000000000000005,13.36667,20.630456025867094
5.6000000000000005,13.56768,20.667986780201954
5.6000000000000005,13.76869,20.702784072961855
5.6000000000000005,13.9697,20.73793744131175
5.6000000000000005,14.17071,20.77208047755218
5.6000000000000005,14.37172,20.805890962468126
5.6000000000000005,14.57273,20.83906689892724
5.6000000000000005,14.77374,20.871736115589744
5.6000000000000005,14.97475,20.904620345807118
5.6000000000000005,15.17576,20.936654620441622
5.6000000000000005,15.37677,20.9684670370207
5.6000000000000005,15.57778,20.999806586891278
5.6000000000000005,15.77879,21.030719143846962
5.6000000000000005,15.9798,21.061745388398744
5.6000000000000005,16.18081,21.092042241235298
5.6000000000000005,16.38182,21.12219781490761
5.6000000000000005,16.58283,21.151981738187413
5.6000000000000005,16.78384,21.181378296169
5.6000000000000005,16.98485,21.210827516339453
5.6000000000000005,17.18586,21.239597589454647
5.6000000000000005,17.38687,21.268286786002346
5.6000000000000005,17.58788,21.296655112524423
5.6000000000000005,17.78889,21.32464561312186
5.6000000000000005,17.9899,21.352668027029303
5.6000000000000005,18.19091,21.380041344123452
5.6000000000000005,18.39192,21.40737405073008
5.6000000000000005,18.59293,21.43439634966046
5.6000000000000005,18.79394,21.461070388116514
5.6000000000000005,18.99495,21.487745812125073
5.6000000000000005,19.19596,21.513792133268257
5.6000000000000005,19.39697,21.539828005164978
5.6000000000000005,19.59798,21.565553716016407
5.6000000000000005,19.79899,21.589111691403676
5.6000000000000005,20.0,21.610791540202115
5.300000000000001,0.3010101,5.937739239199726
5.300000000000001,0.5020202,6.174611321012555
5.300000000000001,0.7030303,5.975595981023827
5.300000000000001,0.9040404,5.590778132251839
5.300000000000001,1.105051,5.098062529358289
5.300000000000001,1.306061,4.556284225054466
5.300000000000001,1.507071,4.014086542546517
5.300000000000001,1.708081,3.513992703197047
5.300000000000001,1.909091,3.089541580909338
5.300000000000001,2.110101,2.767794765150106
5.300000000000001,2.311111,2.579078029449805
5.300000000000001,2.512121,2.5146501021765273
5.300000000000001,2.713131,2.5788890977711243
5.300000000000001,2.914141,2.736538975180236
5.300000000000001,3.115152,2.950534431105368
5.300000000000001,3.316162,3.1751368539192018
5.300000000000001,3.517172,3.3730797970035553
5.300000000000001,3.718182,3.521294730667629
5.300000000000001,3.919192,3.6259742947376528
5.300000000000001,4.120202,3.7086563093392932
5.300000000000001,4.321212,3.795037063160736
5.300000000000001,4.522222,3.910504318210274
5.300000000000001,4.723232,4.08844298320774
5.300000000000001,4.924242,4.325416869907098
5.300000000000001,5.125253,4.61453483393677
5.300000000000001,5.326263,4.9574234586231185
5.300000000000001,5.527273,5.358561184676121
5.300000000000001,5.728283,5.84206449823409
5.300000000000001,5.929293,6.467714413156257
5.300000000000001,6.130303,7.292966164950671
5.300000000000001,6.331313,8.384798985503894
5.300000000000001,6.532323,9.790524962170771
5.300000000000001,6.733333,11.547818069668857
5.300000000000001,6.934343,13.463687304797123
5.300000000000001,7.135354,15.210878437949383
5.300000000000001,7.336364,16.62547781223181
5.300000000000001,7.537374,17.625731712542862
5.300000000000001,7.738384,18.22910114372047
5.300000000000001,7.939394,18.586029418968923
5.300000000000001,8.140404,18.843947025226893
5.300000000000001,8.341414,19.039093118426912
5.300000000000001,8.542424,19.195506289421804
5.300000000000001,8.743434,19.326161478840426
5.300000000000001,8.944444,19.436726507473434
5.300000000000001,9.145455,19.536049676992345
5.300000000000001,9.346465,19.626059639030206
5.300000000000001,9.547475,19.708344980391452
5.300000000000001,9.748485,19.784054306461627
5.300000000000001,9.949495,19.85290630707732
5.300000000000001,10.15051,19.917439098298125
5.300000000000001,10.35152,19.97816194435537
5.300000000000001,10.55253,20.03551422228038
5.300000000000001,10.75354,20.08989540648055
5.300000000000001,10.95455,20.14099433807149
5.300000000000001,11.15556,20.189911317877076
5.300000000000001,11.35657,20.23691606729727
5.300000000000001,11.55758,20.282178645529196
5.300000000000001,11.75859,20.32584940711316
5.300000000000001,11.9596,20.36784854856524
5.300000000000001,12.16061,20.40870674889584
5.300000000000001,12.36162,20.448712364006987
5.300000000000001,12.56263,20.487675536163692
5.300000000000001,12.76364,20.525267744073023
5.300000000000001,12.96465,20.561734108312834
5.300000000000001,13.16566,20.597829237461685
5.300000000000001,13.36667,20.633854569523116
5.300000000000001,13.56768,20.669388784218278
5.300000000000001,13.76869,20.703990339428998
5.300000000000001,13.9697,20.73859263873882
5.300000000000001,14.17071,20.7722748238349
5.300000000000001,14.37172,20.805797626383356
5.300000000000001,14.57273,20.83897116459663
5.300000000000001,14.77374,20.871515410782063
5.300000000000001,14.97475,20.904060420037375
5.300000000000001,15.17576,20.93582636322894
5.300000000000001,15.37677,20.96747307891043
5.300000000000001,15.57778,20.998810717925384
5.300000000000001,15.77879,21.029649368839554
5.300000000000001,15.9798,21.06047873309619
5.300000000000001,16.18081,21.090639430140637
5.300000000000001,16.38182,21.12071087345679
5.300000000000001,16.58283,21.15049332340334
5.300000000000001,16.78384,21.17984689375087
5.300000000000001,16.98485,21.20920109204405
5.300000000000001,17.18586,21.237906701175746
5.300000000000001,17.38687,21.266562956320662
5.300000000000001,17.58788,21.294920167445717
5.300000000000001,17.78889,21.32289841047648
5.300000000000001,17.9899,21.350887185228363
5.300000000000001,18.19091,21.378237272555403
5.300000000000001,18.39192,21.405557889546103
5.300000000000001,18.59293,21.432579349951588
5.300000000000001,18.79394,21.459251682323963
5.300000000000001,18.99495,21.48592445776594
5.300000000000001,19.19596,21.51197840629949
5.300000000000001,19.39697,21.538022775655854
5.300000000000001,19.59798,21.563747859792148
5.300000000000001,19.79899,21.58913364920978
5.300000000000001,20.0,21.614519802647177
5.000000000000001,0.3010101,5.876237605627589
5.000000000000001,0.5020202,6.127402327965672
5.000000000000001,0.7030303,5.92865627794889
5.000000000000001,0.9040404,5.5431629490419265
5.000000000000001,1.105051,5.048960535174351
5.000000000000001,1.306061,4.5054342371854395
5.000000000000001,1.507071,3.9633297000618217
5.000000000000001,1.708081,3.466838084197162
5.000000000000001,1.909091,3.050457073400131
5.000000000000001,2.110101,2.741396765984021
5.000000000000001,2.311111,2.5700586847076643
5.000000000000001,2.512121,2.5270326172676323
5.000000000000001,2.713131,2.6194881790156503
5.000000000000001,2.914141,2.816372483857668
5.000000000000001,3.115152,3.0789536150668466
5.000000000000001,3.316162,3.353634591729075
5.000000000000001,3.517172,3.5903084372921126
5.000000000000001,3.718182,3.7602482143727727
5.000000000000001,3.919192,3.8698090162211884
5.000000000000001,4.120202,3.941626832417979
5.000000000000001,4.321212,4.0073654300461055
5.000000000000001,4.522222,4.107836653632209
5.000000000000001,4.723232,4.271149953127014
5.000000000000001,4.924242,4.488714901849868
5.000000000000001,5.125253,4.7605333632872044
5.000000000000001,5.326263,5.0670784373595215
5.000000000000001,5.527273,5.437430327459829
5.000000000000001,5.728283,5.872941922106369
5.000000000000001,5.929293,6.432956392235994
5.000000000000001,6.130303,7.217926942411183
5.000000000000001,6.331313,8.27894432151133
5.000000000000001,6.532323,9.689987524858516
5.000000000000001,6.733333,11.492296535315134
5.000000000000001,6.934343,13.47682758608488
5.000000000000001,7.135354,15.261804751549452
5.000000000000001,7.336364,16.70214530967463
5.000000000000001,7.537374,17.69978231151108
5.000000000000001,7.738384,18.28726624517509
5.000000000000001,7.939394,18.630624667186634
5.000000000000001,8.140404,18.88145853531221
5.000000000000001,8.341414,19.06958442534158
5.000000000000001,8.542424,19.222861867006692
5.000000000000001,8.743434,19.350790384846036
5.000000000000001,8.944444,19.459218317631475
5.000000000000001,9.145455,19.557124762239237
5.000000000000001,9.346465,19.645216160726612
5.000000000000001,9.547475,19.726354485605597
5.000000000000001,9.748485,19.80071514719807
5.000000000000001,9.949495,19.868257502366475
5.000000000000001,10.15051,19.93181180058945
5.000000000000001,10.35152,19.991051608235995
5.000000000000001,10.55253,20.047474287869463
5.000000000000001,10.75354,20.10067294598798
5.000000000000001,10.95455,20.1506790231642
5.000000000000001,11.15556,20.198744964831867
5.000000000000001,11.35657,20.24450380312786
5.000000000000001,11.55758,20.289005215390432
5.000000000000001,11.75859,20.331761905795123
5.000000000000001,11.9596,20.372977312055635
5.000000000000001,12.16061,20.41319335133835
5.000000000000001,12.36162,20.452172896046367
5.000000000000001,12.56263,20.49052562253995
5.000000000000001,12.76364,20.527776568798775
5.000000000000001,12.96465,20.55970430399751
5.000000000000001,13.16566,20.59509182461828
5.000000000000001,13.36667,20.633232385842565
5.000000000000001,13.56768,20.670186036664575
5.000000000000001,13.76869,20.70456208887705
5.000000000000001,13.9697,20.738504161412095
5.000000000000001,14.17071,20.77172355166005
5.000000000000001,14.37172,20.804957128826825
5.000000000000001,14.57273,20.83812815801943
5.000000000000001,14.77374,20.87055653839533
5.000000000000001,14.97475,20.902770160196724
5.000000000000001,15.17576,20.93430619677168
5.000000000000001,15.37677,20.965826302226763
5.000000000000001,15.57778,20.99716197918226
5.000000000000001,15.77879,21.027936248972505
5.000000000000001,15.9798,21.058617648245885
5.000000000000001,16.18081,21.088671305997146
5.000000000000001,16.38182,21.118688118631702
5.000000000000001,16.58283,21.14845907203891
5.000000000000001,16.78384,21.17778936493723
5.000000000000001,16.98485,21.207077905474087
5.000000000000001,17.18586,21.235758536821116
5.000000000000001,17.38687,21.26440157354638
5.000000000000001,17.58788,21.292757661013738
5.000000000000001,17.78889,21.32073347004712
5.000000000000001,17.9899,21.348708235021398
5.000000000000001,18.19091,21.376064797759714
5.000000000000001,18.39192,21.40338317372064
5.000000000000001,18.59293,21.430403795047894
5.000000000000001,18.79394,21.45708431953071
5.000000000000001,18.99495,21.483774239633984
5.000000000000001,19.19596,21.509855677416112
5.000000000000001,19.39697,21.535918477662747
5.000000000000001,19.59798,21.561632936169133
5.000000000000001,19.79899,21.585218514789705
5.000000000000001,20.0,21.606934839926815
4.700000000000001,0.3010101,5.80361123169188
4.700000000000001,0.5020202,6.069035636851518
4.700000000000001,0.7030303,5.870146108136578
4.700000000000001,0.9040404,5.484435278021934
4.700000000000001,1.105051,4.989076988061817
4.700000000000001,1.306061,4.443529645437102
4.700000000000001,1.507071,3.9009237483101025
4.700000000000001,1.708081,3.409107166556179
4.700000000000001,1.909091,3.0025607491357773
4.700000000000001,2.110101,2.7089697659157808
4.700000000000001,2.311111,2.556155475600676
4.700000000000001,2.512121,2.5359900658946777
4.700000000000001,2.713131,2.6593828545283773
4.700000000000001,2.914141,2.8939514989791637
4.700000000000001,3.115152,3.2049743267429633
4.700000000000001,3.316162,3.5311287843270067
4.700000000000001,3.517172,3.81541686272917
4.700000000000001,3.718182,4.015308476670858
4.700000000000001,3.919192,4.130731869913002
4.700000000000001,4.120202,4.190832294779404
4.700000000000001,4.321212,4.239298400864805
4.700000000000001,4.522222,4.315515964690902
4.700000000000001,4.723232,4.460163874393319
4.700000000000001,4.924242,4.665961900545659
4.700000000000001,5.125253,4.900518754977605
4.700000000000001,5.326263,5.194970478901912
4.700000000000001,5.527273,5.50559825115283
4.700000000000001,5.728283,5.882277022672009
4.700000000000001,5.929293,6.399074221439606
4.700000000000001,6.130303,7.0991110508043205
4.700000000000001,6.331313,8.146651008172045
4.700000000000001,6.532323,9.57703412899175
4.700000000000001,6.733333,11.433988074982384
4.700000000000001,6.934343,13.468934607029185
4.700000000000001,7.135354,15.336079981849705
4.700000000000001,7.336364,16.78717030481129
4.700000000000001,7.537374,17.77650874994466
4.700000000000001,7.738384,18.346909585850373
4.700000000000001,7.939394,18.681037854001822
4.700000000000001,8.140404,18.91841484225518
4.700000000000001,8.341414,19.104099211897548
4.700000000000001,8.542424,19.251836167803692
4.700000000000001,8.743434,19.37720887591858
4.700000000000001,8.944444,19.483949960580443
4.700000000000001,9.145455,19.578977048343024
4.700000000000001,9.346465,19.66636205511807
4.700000000000001,9.547475,19.745177185675807
4.700000000000001,9.748485,19.818267842500678
4.700000000000001,9.949495,19.88463924241871
4.700000000000001,10.15051,19.946155157389374
4.700000000000001,10.35152,20.004856937749494
4.700000000000001,10.55253,20.05936849594063
4.700000000000001,10.75354,20.11156357013206
4.700000000000001,10.95455,20.160544643590065
4.700000000000001,11.15556,20.20697763263857
4.700000000000001,11.35657,20.252296885155648
4.700000000000001,11.55758,20.29529454412457
4.700000000000001,11.75859,20.337347141571527
4.700000000000001,11.9596,20.377796601095376
4.700000000000001,12.16061,20.41689047491231
4.700000000000001,12.36162,20.4555506947675
4.700000000000001,12.56263,20.492933301110725
4.700000000000001,12.76364,20.52980390363548
4.700000000000001,12.96465,20.565919157787782
4.700000000000001,13.16566,20.60129314480415
4.700000000000001,13.36667,20.636318795987602
4.700000000000001,13.56768,20.667861488150535
4.700000000000001,13.76869,20.701799015650348
4.700000000000001,13.9697,20.738140221594367
4.700000000000001,14.17071,20.77124111174
4.700000000000001,14.37172,20.804327515486097
4.700000000000001,14.57273,20.83677730521587
4.700000000000001,14.77374,20.8689554586607
4.700000000000001,14.97475,20.90117629204746
4.700000000000001,15.17576,20.932709626265456
4.700000000000001,15.37677,20.96414424987683
4.700000000000001,15.57778,20.995173634834675
4.700000000000001,15.77879,21.025841165693333
4.700000000000001,15.9798,21.056530492971778
4.700000000000001,16.18081,21.086572154087246
4.700000000000001,16.38182,21.11654489783581
4.700000000000001,16.58283,21.14620443355487
4.700000000000001,16.78384,21.17550018848957
4.700000000000001,16.98485,21.20478720238213
4.700000000000001,17.18586,21.233466373372693
4.700000000000001,17.38687,21.26209641901778
4.700000000000001,17.58788,21.2904444908108
4.700000000000001,17.78889,21.318417248532107
4.700000000000001,17.9899,21.346390893274997
4.700000000000001,18.19091,21.373746389407856
4.700000000000001,18.39192,21.401072566768573
4.700000000000001,18.59293,21.42813753839277
4.700000000000001,18.79394,21.45482600024967
4.700000000000001,18.99495,21.481525095489285
4.700000000000001,19.19596,21.507605752611706
4.700000000000001,19.39697,21.533666931090917
4.700000000000001,19.59798,21.559477361328465
4.700000000000001,19.79899,21.581232771173113
4.700000000000001,20.0,21.602948547880064
4.4,0.3010101,5.718149767129464
4.4,0.5020202,5.996298767825628
4.4,0.7030303,5.796831830555022
4.4,0.9040404,5.411774098681721
4.4,1.105051,4.915972067781053
4.4,1.306061,4.367991524949873
4.4,1.507071,3.8239904919513035
4.4,1.708081,3.337127680869721
4.4,1.909091,2.943627250267005
4.4,2.110101,2.666594743878419
4.4,2.311111,2.5363120012403066
4.4,2.512121,2.542099908247408
4.4,2.713131,2.6962939503800714
4.4,2.914141,2.970476832004414
4.4,3.115152,3.324865558435138
4.4,3.316162,3.7062624253371372
4.4,3.517172,4.047917218966985
4.4,3.718182,4.28614629808083
4.4,3.919192,4.4106907746478985
4.4,4.120202,4.45956507309681
4.4,4.321212,4.481224703751587
4.4,4.522222,4.541010800635153
4.4,4.723232,4.657435876494646
4.4,4.924242,4.821833618162892
4.4,5.125253,5.048372435842868
4.4,5.326263,5.271098341834476
4.4,5.527273,5.5494233481018025
4.4,5.728283,5.8447117644367585
4.4,5.929293,6.233988952059166
4.4,6.130303,6.915555689365953
4.4,6.331313,7.8952230433101
4.4,6.532323,9.326472570779917
4.4,6.733333,11.27668511521929
4.4,6.934343,13.484098405079882
4.4,7.135354,15.373051505314324
4.4,7.336364,16.88412874009324
4.4,7.537374,17.86533488697679
4.4,7.738384,18.413221498733716
4.4,7.939394,18.728716382041696
4.4,8.140404,18.963562817308066
4.4,8.341414,19.13889623115128
4.4,8.542424,19.28438103227456
4.4,8.743434,19.405908341829722
4.4,8.944444,19.509502072268635
4.4,9.145455,19.60373119425055
4.4,9.346465,19.687800309314493
4.4,9.547475,19.76577662502526
4.4,9.748485,19.836719676798026
4.4,9.949495,19.90102056794968
4.4,10.15051,19.961875284508796
4.4,10.35152,20.0180275470865
4.4,10.55253,20.071947421362115
4.4,10.75354,20.12235651060505
4.4,10.95455,20.16975174538984
4.4,11.15556,20.215620952580082
4.4,11.35657,20.259006828642818
4.4,11.55758,20.30160243410182
4.4,11.75859,20.342348057122248
4.4,11.9596,20.381743407345574
4.4,12.16061,20.42044379520159
4.4,12.36162,20.457865047984818
4.4,12.56263,20.495027729977455
4.4,12.76364,20.531263428025213
4.4,12.96465,20.567087650201355
4.4,13.16566,20.601956005580863
4.4,13.36667,20.635875340317604
4.4,13.56768,20.668932651719455
4.4,13.76869,20.70372878967128
4.4,13.9697,20.73708247457319
4.4,14.17071,20.770026343437664
4.4,14.37172,20.802640408814135
4.4,14.57273,20.835025207435674
4.4,14.77374,20.86698013200808
4.4,14.97475,20.899030942992585
4.4,15.17576,20.930508065140607
4.4,15.37677,20.961781080123608
4.4,15.57778,20.992786662869616
4.4,15.77879,21.023375311897297
4.4,15.9798,21.05399815895647
4.4,16.18081,21.084025346148945
4.4,16.38182,21.11395018455302
4.4,16.58283,21.143607191510466
4.4,16.78384,21.172876676681337
4.4,16.98485,21.20215929688062
4.4,17.18586,21.230835230322125
4.4,17.38687,21.259469817881868
4.4,17.58788,21.287816198542487
4.4,17.78889,21.31581452839391
4.4,17.9899,21.343795191393745
4.4,18.19091,21.371168341317038
4.4,18.39192,21.39853073085799
4.4,18.59293,21.42560456120648
4.4,18.79394,21.452339882541985
4.4,18.99495,21.479046941188958
4.4,19.19596,21.50515589690807
4.4,19.39697,21.531274440998196
4.4,19.59798,21.557074094035148
4.4,19.79899,21.582554836286235
4.4,20.0,21.606158108406017
4.1000000000000005,0.3010101,5.616775597008739
4.1000000000000005,0.5020202,5.905680824374015
4.1000000000000005,0.7030303,5.7049373770655025
4.1000000000000005,0.9040404,5.321557587974253
4.1000000000000005,1.105051,4.826292848090568
4.1000000000000005,1.306061,4.275529366008427
4.1000000000000005,1.507071,3.728928635888454
4.1000000000000005,1.708081,3.2466540510072672
4.1000000000000005,1.909091,2.866813625989251
4.1000000000000005,2.110101,2.6123515319546526
4.1000000000000005,2.311111,2.507704588349373
4.1000000000000005,2.512121,2.5422478298257962
4.1000000000000005,2.713131,2.7285561200430988
4.1000000000000005,2.914141,3.0378205220885994
4.1000000000000005,3.115152,3.439385728282288
4.1000000000000005,3.316162,3.8786432665869555
4.1000000000000005,3.517172,4.2834973613629845
4.1000000000000005,3.718182,4.570483046134017
4.1000000000000005,3.919192,4.70924103002273
4.1000000000000005,4.120202,4.7446339517151985
4.1000000000000005,4.321212,4.742490862697779
4.1000000000000005,4.522222,4.764266948745822
4.1000000000000005,4.723232,4.841201742102014
4.1000000000000005,4.924242,4.974539935291604
4.1000000000000005,5.125253,5.147193885489511
4.1000000000000005,5.326263,5.3427313763771656
4.1000000000000005,5.527273,5.542627658113686
4.1000000000000005,5.728283,5.74919785350149
4.1000000000000005,5.929293,6.037440922624477
4.1000000000000005,6.130303,6.534382478888345
4.1000000000000005,6.331313,7.48813583762716
4.1000000000000005,6.532323,8.996980839387815
4.1000000000000005,6.733333,11.062544215295752
4.1000000000000005,6.934343,13.415806273977786
4.1000000000000005,7.135354,15.586944690635477
4.1000000000000005,7.336364,17.054306263417235
4.1000000000000005,7.537374,18.000322729055497
4.1000000000000005,7.738384,18.494291082765233
4.1000000000000005,7.939394,18.808619283473618
4.1000000000000005,8.140404,19.016402237829293
4.1000000000000005,8.341414,19.180656740278707
4.1000000000000005,8.542424,19.318370041077994
4.1000000000000005,8.743434,19.436817643290404
4.1000000000000005,8.944444,19.538212836072788
4.1000000000000005,9.145455,19.628706820008695
4.1000000000000005,9.346465,19.711754601011616
4.1000000000000005,9.547475,19.7867376891237
4.1000000000000005,9.748485,19.85593142926613
4.1000000000000005,9.949495,19.918640686431903
4.1000000000000005,10.15051,19.97687179759729
4.1000000000000005,10.35152,20.032277532054366
4.1000000000000005,10.55253,20.083810198766596
4.1000000000000005,10.75354,20.13295402473145
4.1000000000000005,10.95455,20.179082246270642
4.1000000000000005,11.15556,20.223033289673904
4.1000000000000005,11.35657,20.265881666323356
4.1000000000000005,11.55758,20.30678936091667
4.1000000000000005,11.75859,20.346711529679602
4.1000000000000005,11.9596,20.3852615485187
4.1000000000000005,12.16061,20.422768956121857
4.1000000000000005,12.36162,20.459875320840375
4.1000000000000005,12.56263,20.496025951090328
4.1000000000000005,12.76364,20.531802977912808
4.1000000000000005,12.96465,20.566959243563787
4.1000000000000005,13.16566,20.601358294920864
4.1000000000000005,13.36667,20.63538474022932
4.1000000000000005,13.56768,20.66912499491995
4.1000000000000005,13.76869,20.702553872067188
4.1000000000000005,13.9697,20.731157773611734
4.1000000000000005,14.17071,20.763841563716678
4.1000000000000005,14.37172,20.79874906701398
4.1000000000000005,14.57273,20.832582206715625
4.1000000000000005,14.77374,20.864533210968997
4.1000000000000005,14.97475,20.896356276624655
4.1000000000000005,15.17576,20.927613843901174
4.1000000000000005,15.37677,20.95887273200572
4.1000000000000005,15.57778,20.989875475943364
4.1000000000000005,15.77879,21.02046137827748
4.1000000000000005,15.9798,21.051011685346943
4.1000000000000005,16.18081,21.081006056306595
4.1000000000000005,16.38182,21.110928198947335
4.1000000000000005,16.58283,21.140583192188533
4.1000000000000005,16.78384,21.169850730766182
4.1000000000000005,16.98485,21.199154585388094
4.1000000000000005,17.18586,21.227881962179392
4.1000000000000005,17.38687,21.256514769114926
4.1000000000000005,17.58788,21.284869717507593
4.1000000000000005,17.78889,21.312866665548377
4.1000000000000005,17.9899,21.340911187281584
4.1000000000000005,18.19091,21.368378588092796
4.1000000000000005,18.39192,21.395739789721578
4.1000000000000005,18.59293,21.422812597173017
4.1000000000000005,18.79394,21.4495469277174
4.1000000000000005,18.99495,21.476349655776236
4.1000000000000005,19.19596,21.502554742506433
4.1000000000000005,19.39697,21.52867248543101
4.1000000000000005,19.59798,21.554481398178556
4.1000000000000005,19.79899,21.579961421819366
4.1000000000000005,20.0,21.601803479111677
3.8000000000000007,0.3010101,5.496697427255743
3.8000000000000007,0.5020202,5.793969762635436
3.8000000000000007,0.7030303,5.590301590139748
3.8000000000000007,0.9040404,5.209402936822383
3.8000000000000007,1.105051,4.716363785802965
3.8000000000000007,1.306061,4.161985685404699
3.8000000000000007,1.507071,3.6115621581354107
3.8000000000000007,1.708081,3.132205278620105
3.8000000000000007,1.909091,2.7670604120552955
3.8000000000000007,2.110101,2.5399584706682625
3.8000000000000007,2.311111,2.4684917213673376
3.8000000000000007,2.512121,2.5349282192555354
3.8000000000000007,2.713131,2.751107149613357
3.8000000000000007,2.914141,3.0946240148336925
3.8000000000000007,3.115152,3.5414246754407737
3.8000000000000007,3.316162,4.043800586463823
3.8000000000000007,3.517172,4.516217189308
3.8000000000000007,3.718182,4.8578147386989965
3.8000000000000007,3.919192,5.021294205224666
3.8000000000000007,4.120202,5.043263049388136
3.8000000000000007,4.321212,5.002889876434044
3.8000000000000007,4.522222,4.983730241405123
3.8000000000000007,4.723232,5.0231833146868246
3.8000000000000007,4.924242,5.120451443827024
3.8000000000000007,5.125253,5.254504224168241
3.8000000000000007,5.326263,5.401918566458629
3.8000000000000007,5.527273,5.5398610155353145
3.8000000000000007,5.728283,5.6680906637739
3.8000000000000007,5.929293,5.863317491782703
3.8000000000000007,6.130303,6.275414127236787
3.8000000000000007,6.331313,7.200044995247816
3.8000000000000007,6.532323,8.75114117066633
3.8000000000000007,6.733333,10.914631810444149
3.8000000000000007,6.934343,13.396268261878737
3.8000000000000007,7.135354,15.68402804285151
3.8000000000000007,7.336364,17.236918339410934
3.8000000000000007,7.537374,18.106781437463752
3.8000000000000007,7.738384,18.579823167612517
3.8000000000000007,7.939394,18.863381922708495
3.8000000000000007,8.140404,19.06781256970985
3.8000000000000007,8.341414,19.221924748534615
3.8000000000000007,8.542424,19.357118495018643
3.8000000000000007,8.743434,19.471315173240637
3.8000000000000007,8.944444,19.568565247627326
3.8000000000000007,9.145455,19.656372814971267
3.8000000000000007,9.346465,19.736165366120723
3.8000000000000007,9.547475,19.809045568413993
3.8000000000000007,9.748485,19.875809190188363
3.8000000000000007,9.949495,19.93622355142819
3.8000000000000007,10.15051,19.992702089623577
3.8000000000000007,10.35152,20.045705212090287
3.8000000000000007,10.55253,20.095683440844464
3.8000000000000007,10.75354,20.14301739541976
3.8000000000000007,10.95455,20.187546283849066
3.8000000000000007,11.15556,20.23027298615478
3.8000000000000007,11.35657,20.271478537541768
3.8000000000000007,11.55758,20.31137379601887
3.8000000000000007,11.75859,20.350129584430842
3.8000000000000007,11.9596,20.387716384381175
3.8000000000000007,12.16061,20.424515537912814
3.8000000000000007,12.36162,20.460667623223483
3.8000000000000007,12.56263,20.496263063912824
3.8000000000000007,12.76364,20.5313521797565
3.8000000000000007,12.96465,20.565945005503856
3.8000000000000007,13.16566,20.600102892508495
3.8000000000000007,13.36667,20.634044140925454
3.8000000000000007,13.56768,20.667538966255925
3.8000000000000007,13.76869,20.70026870307769
3.8000000000000007,13.9697,20.732528359660567
3.8000000000000007,14.17071,20.764993734303946
3.8000000000000007,14.37172,20.79749216707791
3.8000000000000007,14.57273,20.82974373691389
3.8000000000000007,14.77374,20.861538856247826
3.8000000000000007,14.97475,20.89334635118531
3.8000000000000007,15.17576,20.92459005157075
3.8000000000000007,15.37677,20.955766422778964
3.8000000000000007,15.57778,20.98668661140966
3.8000000000000007,15.77879,21.017241434671355
3.8000000000000007,15.9798,21.047788087750586
3.8000000000000007,16.18081,21.077779804936636
3.8000000000000007,16.38182,21.107703503624947
3.8000000000000007,16.58283,21.137370164114344
3.8000000000000007,16.78384,21.16667023288111
3.8000000000000007,16.98485,21.19598170133375
3.8000000000000007,17.18586,21.224707238521994
3.8000000000000007,17.38687,21.253384225283128
3.8000000000000007,17.58788,21.28179355431569
3.8000000000000007,17.78889,21.309845440508468
3.8000000000000007,17.9899,21.337898392879467
3.8000000000000007,18.19091,21.36536450611054
3.8000000000000007,18.39192,21.39279166580814
3.8000000000000007,18.59293,21.419930648844627
3.8000000000000007,18.79394,21.44674151789426
3.8000000000000007,18.99495,21.473553200834672
3.8000000000000007,19.19596,21.499757377151788
3.8000000000000007,19.39697,21.52594230680774
3.8000000000000007,19.59798,21.550010255127926
3.8000000000000007,19.79899,21.57184115201504
3.8000000000000007,20.0,21.59366250223577
3.500000000000001,0.3010101,5.353327337986957
3.500000000000001,0.5020202,5.653521934240997
3.500000000000001,0.7030303,5.443491897520702
3.500000000000001,0.9040404,5.065854999799201
3.500000000000001,1.105051,4.5778049397779546
3.500000000000001,1.306061,4.019126962973476
3.500000000000001,1.507071,3.4625713431444614
3.500000000000001,1.708081,2.984415833287261
3.500000000000001,1.909091,2.633945316404731
3.500000000000001,2.110101,2.4372185382374805
3.500000000000001,2.311111,2.405816548510011
3.500000000000001,2.512121,2.5095679840316043
3.500000000000001,2.713131,2.757627798149878
3.500000000000001,2.914141,3.133323019369209
3.500000000000001,3.115152,3.619309781557431
3.500000000000001,3.316162,4.1818885595940145
3.500000000000001,3.517172,4.7270882659740225
3.500000000000001,3.718182,5.133594782035645
3.500000000000001,3.919192,5.332722146987613
3.500000000000001,4.120202,5.344364553951765
3.500000000000001,4.321212,5.2577034924785
3.500000000000001,4.522222,5.186555296773667
3.500000000000001,4.723232,5.179450203832143
3.500000000000001,4.924242,5.232893165644543
3.500000000000001,5.125253,5.322564879827493
3.500000000000001,5.326263,5.417042747023241
3.500000000000001,5.527273,5.488229346521163
3.500000000000001,5.728283,5.533714007535562
3.500000000000001,5.929293,5.629381212697737
3.500000000000001,6.130303,5.952504373073132
3.500000000000001,6.331313,6.85494248666956
3.500000000000001,6.532323,8.46326845152756
3.500000000000001,6.733333,10.739533731035728
3.500000000000001,6.934343,13.364836834934112
3.500000000000001,7.135354,15.773337403803252
3.500000000000001,7.336364,17.348712687433054
3.500000000000001,7.537374,18.2024572170518
3.500000000000001,7.738384,18.654557642073073
3.500000000000001,7.939394,18.924293732683378
3.500000000000001,8.140404,19.119986686933878
3.500000000000001,8.341414,19.27200121922353
3.500000000000001,8.542424,19.398367112918944
3.500000000000001,8.743434,19.507638176445386
3.500000000000001,8.944444,19.603599312272305
3.500000000000001,9.145455,19.689190155505546
3.500000000000001,9.346465,19.762334258044895
3.500000000000001,9.547475,19.83233705716867
3.500000000000001,9.748485,19.896058301533756
3.500000000000001,9.949495,19.953781330141773
3.500000000000001,10.15051,20.008295831916058
3.500000000000001,10.35152,20.058515480084075
3.500000000000001,10.55253,20.106808623258296
3.500000000000001,10.75354,20.152137884897854
3.500000000000001,10.95455,20.194924226698024
3.500000000000001,11.15556,20.23637776948918
3.500000000000001,11.35657,20.275845693390032
3.500000000000001,11.55758,20.31470116792462
3.500000000000001,11.75859,20.35226076508162
3.500000000000001,11.9596,20.38888651428849
3.500000000000001,12.16061,20.424982164227096
3.500000000000001,12.36162,20.460231628026737
3.500000000000001,12.56263,20.495277841678703
3.500000000000001,12.76364,20.52976377258256
3.500000000000001,12.96465,20.563878772648234
3.500000000000001,13.16566,20.597683383289553
3.500000000000001,13.36667,20.63109649382456
3.500000000000001,13.56768,20.664302873367888
3.500000000000001,13.76869,20.697083041407808
3.500000000000001,13.9697,20.725476710953668
3.500000000000001,14.17071,20.761359818445836
3.500000000000001,14.37172,20.793839267585067
3.500000000000001,14.57273,20.825950973948316
3.500000000000001,14.77374,20.85757242813073
3.500000000000001,14.97475,20.889354596325894
3.500000000000001,15.17576,20.920594386428995
3.500000000000001,15.37677,20.951746417621735
3.500000000000001,15.57778,20.98267236185032
3.500000000000001,15.77879,21.01326491652188
3.500000000000001,15.9798,21.043817811105487
3.500000000000001,16.18081,21.073796894274256
3.500000000000001,16.38182,21.10378145969485
3.500000000000001,16.58283,21.13352913750028
3.500000000000001,16.78384,21.162921208682313
3.500000000000001,16.98485,21.19223027911423
3.500000000000001,17.18586,21.2209540049526
3.500000000000001,17.38687,21.249724814794885
3.500000000000001,17.58788,21.278228196867307
3.500000000000001,17.78889,21.306384754443947
3.500000000000001,17.9899,21.33444615236848
3.500000000000001,18.19091,21.361901006795836
3.500000000000001,18.39192,21.389433928857798
3.500000000000001,18.59293,21.416678903048144
3.500000000000001,18.79394,21.443596145448904
3.500000000000001,18.99495,21.470406805695003
3.500000000000001,19.19596,21.49661009831329
3.500000000000001,19.39697,21.522892044733606
3.500000000000001,19.59798,21.548875570541266
3.500000000000001,19.79899,21.574520688351228
3.500000000000001,20.0,21.596371559862373
3.200000000000001,0.3010101,5.182197447987901
3.200000000000001,0.5020202,5.4783834849968756
3.200000000000001,0.7030303,5.25647216348935
3.200000000000001,0.9040404,4.883229717010602
3.200000000000001,1.105051,4.403451605646167
3.200000000000001,1.306061,3.8403037891739578
3.200000000000001,1.507071,3.2737391029023666
3.200000000000001,1.708081,2.794161765833701
3.200000000000001,1.909091,2.4587883588336434
3.200000000000001,2.110101,2.2945135807758494
3.200000000000001,2.311111,2.3049748256715104
3.200000000000001,2.512121,2.4532140306802583
3.200000000000001,2.713131,2.7387826879080297
3.200000000000001,2.914141,3.1419818023984014
3.200000000000001,3.115152,3.6580049465045246
3.200000000000001,3.316162,4.26897530328539
3.200000000000001,3.517172,4.888276037203393
3.200000000000001,3.718182,5.376219448820453
3.200000000000001,3.919192,5.617745912532237
3.200000000000001,4.120202,5.623384420976613
3.200000000000001,4.321212,5.48729554890672
3.200000000000001,4.522222,5.352486341927785
3.200000000000001,4.723232,5.283608083272433
3.200000000000001,4.924242,5.28756735671135
3.200000000000001,5.125253,5.332130560355825
3.200000000000001,5.326263,5.374707695475057
3.200000000000001,5.527273,5.37701210851597
3.200000000000001,5.728283,5.32457405187207
3.200000000000001,5.929293,5.3131196271546015
3.200000000000001,6.130303,5.551191335746809
3.200000000000001,6.331313,6.43840398897883
3.200000000000001,6.532323,8.111324144468615
3.200000000000001,6.733333,10.53202100080626
3.200000000000001,6.934343,13.328569361897706
3.200000000000001,7.135354,15.866781113574545
3.200000000000001,7.336364,17.471910645538465
3.200000000000001,7.537374,18.305403895656656
3.200000000000001,7.738384,18.733156424809632
3.200000000000001,7.939394,18.98838997121367
3.200000000000001,8.140404,19.174883228127175
3.200000000000001,8.341414,19.31984599975077
3.200000000000001,8.542424,19.44155130452051
3.200000000000001,8.743434,19.546793039323614
3.200000000000001,8.944444,19.637495619707618
3.200000000000001,9.145455,19.71859116146714
3.200000000000001,9.346465,19.791163083028284
3.200000000000001,9.547475,19.851563147987488
3.200000000000001,9.748485,19.916387346827793
3.200000000000001,9.949495,19.971644305290752
3.200000000000001,10.15051,20.02212739256806
3.200000000000001,10.35152,20.071346515432
3.200000000000001,10.55253,20.116394479978425
3.200000000000001,10.75354,20.160095077686506
3.200000000000001,10.95455,20.201341653370623
3.200000000000001,11.15556,20.240501432726166
3.200000000000001,11.35657,20.279364375921023
3.200000000000001,11.55758,20.316373020471154
3.200000000000001,11.75859,20.353078341566214
3.200000000000001,11.9596,20.388858064452048
3.200000000000001,12.16061,20.423834634021283
3.200000000000001,12.36162,20.45877896884363
3.200000000000001,12.56263,20.492962411923482
3.200000000000001,12.76364,20.52706928102174
3.200000000000001,12.96465,20.560792966227886
3.200000000000001,13.16566,20.59415994420948
3.200000000000001,13.36667,20.627436656852023
3.200000000000001,13.56768,20.66037111759288
3.200000000000001,13.76869,20.693065340442537
3.200000000000001,13.9697,20.725640961660886
3.200000000000001,14.17071,20.757781321335923
3.200000000000001,14.37172,20.79002138050442
3.200000000000001,14.57273,20.819401143499753
3.200000000000001,14.77374,20.85102731425515
3.200000000000001,14.97475,20.884982315718883
3.200000000000001,15.17576,20.916267431895786
3.200000000000001,15.37677,20.94741408890097
3.200000000000001,15.57778,20.978336266700328
3.200000000000001,15.77879,21.00892524725734
3.200000000000001,15.9798,21.039562877127914
3.200000000000001,16.18081,21.06969666254571
3.200000000000001,16.38182,21.099687934175435
3.200000000000001,16.58283,21.129433106510508
3.200000000000001,16.78384,21.158822781334003
3.200000000000001,16.98485,21.188271693533892
3.200000000000001,17.18586,21.21717559890524
3.200000000000001,17.38687,21.245954308209882
3.200000000000001,17.58788,21.274455987610995
3.200000000000001,17.78889,21.302610913814515
3.200000000000001,17.9899,21.33082541047598
3.200000000000001,18.19091,21.358473849981323
3.200000000000001,18.39192,21.38600541230033
3.200000000000001,18.59293,21.413249212006875
3.200000000000001,18.79394,21.440155324154873
3.200000000000001,18.99495,21.467131202406055
3.200000000000001,19.19596,21.493510188351483
3.200000000000001,19.39697,21.519801240585423
3.200000000000001,19.59798,21.545773944236004
3.200000000000001,19.79899,21.571428267516588
3.200000000000001,20.0,21.595264363310665
2.9000000000000004,0.3010101,4.975497102831787
2.9000000000000004,0.5020202,5.258334391860361
2.9000000000000004,0.7030303,5.016034627603734
2.9000000000000004,0.9040404,4.648254636848702
2.9000000000000004,1.105051,4.178836254106361
2.9000000000000004,1.306061,3.6108342834557026
2.9000000000000004,1.507071,3.028314642944635
2.9000000000000004,1.708081,2.5434071943029575
2.9000000000000004,1.909091,2.22392937417258
2.9000000000000004,2.110101,2.0907163152119237
2.9000000000000004,2.311111,2.147641738883108
2.9000000000000004,2.512121,2.345898777954624
2.9000000000000004,2.713131,2.669840120095059
2.9000000000000004,2.914141,3.096717628116714
2.9000000000000004,3.115152,3.62928407493473
2.9000000000000004,3.316162,4.274517750361379
2.9000000000000004,3.517172,4.9614091236397035
2.9000000000000004,3.718182,5.535362223674554
2.9000000000000004,3.919192,5.830831004207165
2.9000000000000004,4.120202,5.835201538601258
2.9000000000000004,4.321212,5.6481469428238364
2.9000000000000004,4.522222,5.438088495274037
2.9000000000000004,4.723232,5.2981352871359935
2.9000000000000004,4.924242,5.247753175497014
2.9000000000000004,5.125253,5.249929028570893
2.9000000000000004,5.326263,5.243048804446109
2.9000000000000004,5.527273,5.170501800156849
2.9000000000000004,5.728283,5.01534130313416
2.9000000000000004,5.929293,4.886982866802136
2.9000000000000004,6.130303,5.043334149734429
2.9000000000000004,6.331313,5.923114107094852
2.9000000000000004,6.532323,7.679598894497616
2.9000000000000004,6.733333,10.270348774933614
2.9000000000000004,6.934343,13.27548748100138
2.9000000000000004,7.135354,15.966122571302332
2.9000000000000004,7.336364,17.605624611516703
2.9000000000000004,7.537374,18.415893546011112
2.9000000000000004,7.738384,18.81740193752987
2.9000000000000004,7.939394,19.05714560877755
2.9000000000000004,8.140404,19.23377317979232
2.9000000000000004,8.341414,19.372289969939363
2.9000000000000004,8.542424,19.487543762338937
2.9000000000000004,8.743434,19.586833355992937
2.9000000000000004,8.944444,19.672741465527803
2.9000000000000004,9.145455,19.74951168400088
2.9000000000000004,9.346465,19.8184153196617
2.9000000000000004,9.547475,19.88057464248653
2.9000000000000004,9.748485,19.932623613998583
2.9000000000000004,9.949495,19.989047801235674
2.9000000000000004,10.15051,20.036656883030474
2.9000000000000004,10.35152,20.081282160427282
2.9000000000000004,10.55253,20.125336081692044
2.9000000000000004,10.75354,20.16632932849913
2.9000000000000004,10.95455,20.205368712373826
2.9000000000000004,11.15556,20.243808943586362
2.9000000000000004,11.35657,20.280342932627676
2.9000000000000004,11.55758,20.31686255471262
2.9000000000000004,11.75859,20.352199550691957
2.9000000000000004,11.9596,20.386973867968337
2.9000000000000004,12.16061,20.42158510884015
2.9000000000000004,12.36162,20.455518048204603
2.9000000000000004,12.56263,20.4895269321948
2.9000000000000004,12.76364,20.523082894429415
2.9000000000000004,12.96465,20.556436591052254
2.9000000000000004,13.16566,20.589670384214998
2.9000000000000004,13.36667,20.62265373696465
2.9000000000000004,13.56768,20.65553366772024
2.9000000000000004,13.76869,20.688283753579796
2.9000000000000004,13.9697,20.721033888839983
2.9000000000000004,14.17071,20.753094805495035
2.9000000000000004,14.37172,20.78472528573888
2.9000000000000004,14.57273,20.81561369489061
2.9000000000000004,14.77374,20.848045783256257
2.9000000000000004,14.97475,20.879891462890473
2.9000000000000004,15.17576,20.91121694020236
2.9000000000000004,15.37677,20.94246686743566
2.9000000000000004,15.57778,20.973403875892355
2.9000000000000004,15.77879,21.0041003675482
2.9000000000000004,15.9798,21.034818688508665
2.9000000000000004,16.18081,21.06500613827354
2.9000000000000004,16.38182,21.095136810408825
2.9000000000000004,16.58283,21.124888809296152
2.9000000000000004,16.78384,21.154410311022897
2.9000000000000004,16.98485,21.183943378146903
2.9000000000000004,17.18586,21.21291301990934
2.9000000000000004,17.38687,21.24183484197289
2.9000000000000004,17.58788,21.270344524863184
2.9000000000000004,17.78889,21.29863399842115
2.9000000000000004,17.9899,21.326934750403364
2.9000000000000004,18.19091,21.354640276813402
2.9000000000000004,18.39192,21.38230729170866
2.9000000000000004,18.59293,21.409559810713642
2.9000000000000004,18.79394,21.436602216551716
2.9000000000000004,18.99495,21.463645647128835
2.9000000000000004,19.19596,21.49007260370412
2.9000000000000004,19.39697,21.51649058718985
2.9000000000000004,19.59798,21.542472455150396
2.9000000000000004,19.79899,21.564528205572373
2.9000000000000004,20.0,21.586544591103284
2.6000000000000005,0.3010101,4.7249345622432095
2.6000000000000005,0.5020202,4.981776994714049
2.6000000000000005,0.7030303,4.705173798374825
2.6000000000000005,0.9040404,4.341126414602231
2.6000000000000005,1.105051,3.889122625515469
2.6000000000000005,1.306061,3.3131545797826956
2.6000000000000005,1.507071,2.7061849207979325
2.6000000000000005,1.708081,2.2091890367933535
2.6000000000000005,1.909091,1.9046388441484945
2.6000000000000005,2.110101,1.8091578514509343
2.6000000000000005,2.311111,1.9135573510428816
2.6000000000000005,2.512121,2.1602279728795875
2.6000000000000005,2.713131,2.5193621362877696
2.6000000000000005,2.914141,2.959797162570868
2.6000000000000005,3.115152,3.4956584907894035
2.6000000000000005,3.316162,4.15576498826835
2.6000000000000005,3.517172,4.890789743057484
2.6000000000000005,3.718182,5.545580245500761
2.6000000000000005,3.919192,5.898244317079428
2.6000000000000005,4.120202,5.907575004335637
2.6000000000000005,4.321212,5.667813196231881
2.6000000000000005,4.522222,5.378991974687969
2.6000000000000005,4.723232,5.165524689559902
2.6000000000000005,4.924242,5.0651182840259095
2.6000000000000005,5.125253,5.0297004762100395
2.6000000000000005,5.326263,4.973012652443677
2.6000000000000005,5.527273,4.832274438534513
2.6000000000000005,5.728283,4.571667103527336
2.6000000000000005,5.929293,4.326594853736897
2.6000000000000005,6.130303,4.398074132947057
2.6000000000000005,6.331313,5.283495871344313
2.6000000000000005,6.532323,7.141713796301421
2.6000000000000005,6.733333,9.932465973079749
2.6000000000000005,6.934343,13.180726395399041
2.6000000000000005,7.135354,16.06505172194617
2.6000000000000005,7.336364,17.75204623581549
2.6000000000000005,7.537374,18.53568397141413
2.6000000000000005,7.738384,18.908297955698927
2.6000000000000005,7.939394,19.13163674949168
2.6000000000000005,8.140404,19.297713819725093
2.6000000000000005,8.341414,19.427688827573807
2.6000000000000005,8.542424,19.536087690863145
2.6000000000000005,8.743434,19.62868654545348
2.6000000000000005,8.944444,19.708728557614823
2.6000000000000005,9.145455,19.78055822343377
2.6000000000000005,9.346465,19.844598968469533
2.6000000000000005,9.547475,19.90249355099551
2.6000000000000005,9.748485,19.955447647270358
2.6000000000000005,9.949495,20.00319913762269
2.6000000000000005,10.15051,20.048274735599318
2.6000000000000005,10.35152,20.091040349509125
2.6000000000000005,10.55253,20.131234337752257
2.6000000000000005,10.75354,20.17045598620257
2.6000000000000005,10.95455,20.20792752856046
2.6000000000000005,11.15556,20.244110537861157
2.6000000000000005,11.35657,20.280079059470587
2.6000000000000005,11.55758,20.31490841332134
2.6000000000000005,11.75859,20.34950066855994
2.6000000000000005,11.9596,20.383580027291547
2.6000000000000005,12.16061,20.417291748615042
2.6000000000000005,12.36162,20.45101990093413
2.6000000000000005,12.56263,20.484400649784252
2.6000000000000005,12.76364,20.517728487402128
2.6000000000000005,12.96465,20.550871952821037
2.6000000000000005,13.16566,20.583878829010168
2.6000000000000005,13.36667,20.61681122745785
2.6000000000000005,13.56768,20.64958909374472
2.6000000000000005,13.76869,20.682286384078232
2.6000000000000005,13.9697,20.714873431331
2.6000000000000005,14.17071,20.747071969561652
2.6000000000000005,14.37172,20.777197669903817
2.6000000000000005,14.57273,20.80764427826356
2.6000000000000005,14.77374,20.84225263764485
2.6000000000000005,14.97475,20.87409316634829
2.6000000000000005,15.17576,20.90541375622508
2.6000000000000005,15.37677,20.93674436762756
2.6000000000000005,15.57778,20.96799568074881
2.6000000000000005,15.77879,20.998831042971812
2.6000000000000005,15.9798,21.02954596015123
2.6000000000000005,16.18081,21.05973025192075
2.6000000000000005,16.38182,21.08994452401383
2.6000000000000005,16.58283,21.120039808139385
2.6000000000000005,16.78384,21.149694626161175
2.6000000000000005,16.98485,21.179225450947957
2.6000000000000005,17.18586,21.208193012551238
2.6000000000000005,17.38687,21.23720058326853
2.6000000000000005,17.58788,21.266049464258714
2.6000000000000005,17.78889,21.294454817643658
2.6000000000000005,17.9899,21.32275406319273
2.6000000000000005,18.19091,21.35044818995579
2.6000000000000005,18.39192,21.378202325174602
2.6000000000000005,18.59293,21.405757717876345
2.6000000000000005,18.79394,21.432887526777122
2.6000000000000005,18.99495,21.45992992367945
2.6000000000000005,19.19596,21.48636591913107
2.6000000000000005,19.39697,21.5128619220717
2.6000000000000005,19.59798,21.539108959881073
2.6000000000000005,19.79899,21.563101053505136
2.6000000000000005,20.0,21.585116872321894
2.3000000000000007,0.3010101,4.414807926178086
2.3000000000000007,0.5020202,4.63404773786566
2.3000000000000007,0.7030303,4.306846187497133
2.3000000000000007,0.9040404,3.94158924476529
2.3000000000000007,1.105051,3.5177460295271437
2.3000000000000007,1.306061,2.9273937273929462
2.3000000000000007,1.507071,2.286939819158416
2.3000000000000007,1.708081,1.773883946762972
2.3000000000000007,1.909091,1.4866433671576853
2.3000000000000007,2.110101,1.4395662471241188
2.3000000000000007,2.311111,1.5955206182089436
2.3000000000000007,2.512121,1.877175734354802
2.3000000000000007,2.713131,2.2532630830371585
2.3000000000000007,2.914141,2.693957391453274
2.3000000000000007,3.115152,3.2118415022766316
2.3000000000000007,3.316162,3.858408327645203
2.3000000000000007,3.517172,4.615825508132765
2.3000000000000007,3.718182,5.331812555540846
2.3000000000000007,3.919192,5.742038961071355
2.3000000000000007,4.120202,5.7573133845283255
2.3000000000000007,4.321212,5.458685965978406
2.3000000000000007,4.522222,5.093870039527707
2.3000000000000007,4.723232,4.816704755866872
2.3000000000000007,4.924242,4.680892568953431
2.3000000000000007,5.125253,4.621389494878269
2.3000000000000007,5.326263,4.526083412665829
2.3000000000000007,5.527273,4.322362907355948
2.3000000000000007,5.728283,3.9692324847854263
2.3000000000000007,5.929293,3.606941032742143
2.3000000000000007,6.130303,3.5865482468160055
2.3000000000000007,6.331313,4.493539832588849
2.3000000000000007,6.532323,6.483282472557914
2.3000000000000007,6.733333,9.484442963682012
2.3000000000000007,6.934343,13.01102306972814
2.3000000000000007,7.135354,16.167357708554537
2.3000000000000007,7.336364,17.915325195387233
2.3000000000000007,7.537374,18.663664171967397
2.3000000000000007,7.738384,19.007245800899867
2.3000000000000007,7.939394,19.213034852986414
2.3000000000000007,8.140404,19.365974713058712
2.3000000000000007,8.341414,19.48581382631792
2.3000000000000007,8.542424,19.585673527630565
2.3000000000000007,8.743434,19.671246720853798
2.3000000000000007,8.944444,19.744960814135265
2.3000000000000007,9.145455,19.810590805749843
2.3000000000000007,9.346465,19.869094954932056
2.3000000000000007,9.547475,19.922116892227965
2.3000000000000007,9.748485,19.97092436911863
2.3000000000000007,9.949495,20.01590781130808
2.3000000000000007,10.15051,20.057668146348327
2.3000000000000007,10.35152,20.096630275980804
2.3000000000000007,10.55253,20.13482430778984
2.3000000000000007,10.75354,20.171847724268332
2.3000000000000007,10.95455,20.207555932462984
2.3000000000000007,11.15556,20.242511240204337
2.3000000000000007,11.35657,20.276924007097595
2.3000000000000007,11.55758,20.310914612736138
2.3000000000000007,11.75859,20.34460325233652
2.3000000000000007,11.9596,20.37805294634624
2.3000000000000007,12.16061,20.411370683517475
2.3000000000000007,12.36162,20.444594732915117
2.3000000000000007,12.56263,20.47775394493923
2.3000000000000007,12.76364,20.510857104605417
2.3000000000000007,12.96465,20.54388534678795
2.3000000000000007,13.16566,20.57684554275623
2.3000000000000007,13.36667,20.609725378929173
2.3000000000000007,13.56768,20.64252359247399
2.3000000000000007,13.76869,20.67521891388644
2.3000000000000007,13.9697,20.70779100583433
2.3000000000000007,14.17071,20.74013914357373
2.3000000000000007,14.37172,20.772300998338476
2.3000000000000007,14.57273,20.804267101193012
2.3000000000000007,14.77374,20.836106690035486
2.3000000000000007,14.97475,20.86795165083114
2.3000000000000007,15.17576,20.899453926462687
2.3000000000000007,15.37677,20.930912378415815
2.3000000000000007,15.57778,20.962159181308373
2.3000000000000007,15.77879,20.993076174128767
2.3000000000000007,15.9798,21.023986832936654
2.3000000000000007,16.18081,21.054389207900797
2.3000000000000007,16.38182,21.084725560367474
2.3000000000000007,16.58283,21.114817961045905
2.3000000000000007,16.78384,21.144557355711626
2.3000000000000007,16.98485,21.174299290499498
2.3000000000000007,17.18586,21.20346933074962
2.3000000000000007,17.38687,21.23259197356588
2.3000000000000007,17.58788,21.26142896464472
2.3000000000000007,17.78889,21.289920706120153
2.3000000000000007,17.9899,21.318414239064264
2.3000000000000007,18.19091,21.346293504675472
2.3000000000000007,18.39192,21.374134502861633
2.3000000000000007,18.59293,21.40168862628576
2.3000000000000007,18.79394,21.428895975200295
2.3000000000000007,18.99495,21.456104611491103
2.3000000000000007,19.19596,21.48269740533565
2.3000000000000007,19.39697,21.5092613718935
2.3000000000000007,19.59798,21.535517537314487
2.3000000000000007,19.79899,21.561435851581265
2.3000000000000007,20.0,21.587345114013676
2.000000000000001,0.3010101,4.025180779489607
2.000000000000001,0.5020202,4.194030854707292
2.000000000000001,0.7030303,3.7879442742937606
2.000000000000001,0.9040404,3.4091034777132965
2.000000000000001,1.105051,3.0362217252030828
2.000000000000001,1.306061,2.4275408513765804
2.000000000000001,1.507071,1.739246659572822
2.000000000000001,1.708081,1.2170422740191094
2.000000000000001,1.909091,0.9901803754085313
2.000000000000001,2.110101,1.0321754869005075
2.000000000000001,2.311111,1.2253321744584895
2.000000000000001,2.512121,1.498234500015685
2.000000000000001,2.713131,1.841598383679311
2.000000000000001,2.914141,2.2416521834850385
2.000000000000001,3.115152,2.703313219162145
2.000000000000001,3.316162,3.2914617958201684
2.000000000000001,3.517172,4.035343266366488
2.000000000000001,3.718182,4.790900511616834
2.000000000000001,3.919192,5.246049061791508
2.000000000000001,4.120202,5.254142488518141
2.000000000000001,4.321212,4.900424434026822
2.000000000000001,4.522222,4.468663117147831
2.000000000000001,4.723232,4.145768060472126
2.000000000000001,4.924242,4.002954185608247
2.000000000000001,5.125253,3.9550369901649653
2.000000000000001,5.326263,3.84645161547811
2.000000000000001,5.527273,3.600148802311849
2.000000000000001,5.728283,3.172879912516925
2.000000000000001,5.929293,2.692788033025169
2.000000000000001,6.130303,2.5715433142887756
2.000000000000001,6.331313,3.5093194468107227
2.000000000000001,6.532323,5.647243583405282
2.000000000000001,6.733333,8.881009839936977
2.000000000000001,6.934343,12.747570617438962
2.000000000000001,7.135354,16.279045498152037
2.000000000000001,7.336364,18.104041372964296
2.000000000000001,7.537374,18.805199852964336
2.000000000000001,7.738384,19.115321871806696
2.000000000000001,7.939394,19.30085281580538
2.000000000000001,8.140404,19.438125309854023
2.000000000000001,8.341414,19.545721729622763
2.000000000000001,8.542424,19.635371109042623
2.000000000000001,8.743434,19.712793632430515
2.000000000000001,8.944444,19.779275434419652
2.000000000000001,9.145455,19.837847872225673
2.000000000000001,9.346465,19.890263517283547
2.000000000000001,9.547475,19.938020949909422
2.000000000000001,9.748485,19.982604926788532
2.000000000000001,9.949495,20.023842676810553
2.000000000000001,10.15051,20.06244403081721
2.000000000000001,10.35152,20.099725542950534
2.000000000000001,10.55253,20.13469350202686
2.000000000000001,10.75354,20.169438535546668
2.000000000000001,10.95455,20.20357125668206
2.000000000000001,11.15556,20.237439093585436
2.000000000000001,11.35657,20.27062736112493
2.000000000000001,11.55758,20.30391609641049
2.000000000000001,11.75859,20.336965592591408
2.000000000000001,11.9596,20.36998437830543
2.000000000000001,12.16061,20.40303103300782
2.000000000000001,12.36162,20.43606086909505
2.000000000000001,12.56263,20.469103770434522
2.000000000000001,12.76364,20.50217659316589
2.000000000000001,12.96465,20.5352356783963
2.000000000000001,13.16566,20.56822662646659
2.000000000000001,13.36667,20.60126038832643
2.000000000000001,13.56768,20.634147301871515
2.000000000000001,13.76869,20.667008852659247
2.000000000000001,13.9697,20.69970419810675
2.000000000000001,14.17071,20.732201122912116
2.000000000000001,14.37172,20.76295775948419
2.000000000000001,14.57273,20.793656077735253
2.000000000000001,14.77374,20.82829174207206
2.000000000000001,14.97475,20.860696044779075
2.000000000000001,15.17576,20.892521808794733
2.000000000000001,15.37677,20.924119941107925
2.000000000000001,15.57778,20.955362390625815
2.000000000000001,15.77879,20.98639062168866
2.000000000000001,15.9798,21.017615873127937
2.000000000000001,16.18081,21.0483059677809
2.000000000000001,16.38182,21.078824312999927
2.000000000000001,16.58283,21.108913981198636
2.000000000000001,16.78384,21.138768023065793
2.000000000000001,16.98485,21.16879104828418
2.000000000000001,17.18586,21.19822360591976
2.000000000000001,17.38687,21.227491396962925
2.000000000000001,17.58788,21.25632660502625
2.000000000000001,17.78889,21.2849248185086
2.000000000000001,17.9899,21.313642702261138
2.000000000000001,18.19091,21.341747182355977
2.000000000000001,18.39192,21.369705121501866
2.000000000000001,18.59293,21.397258051497474
2.000000000000001,18.79394,21.424563019030384
2.000000000000001,18.99495,21.451967982310467
2.000000000000001,19.19596,21.478737653808928
2.000000000000001,19.39697,21.505399651665513
2.000000000000001,19.59798,21.531644997799575
2.000000000000001,19.79899,21.555774137368058
2.000000000000001,20.0,21.5780457526286
1.700000000000001,0.3010101,3.5349800477906084
1.700000000000001,0.5020202,3.664136241226502
1.700000000000001,0.7030303,3.129373674946099
1.700000000000001,0.9040404,2.735091377035866
1.700000000000001,1.105051,2.4420457549201884
1.700000000000001,1.306061,1.824675558420096
1.700000000000001,1.507071,1.0787493249563844
1.700000000000001,1.708081,0.6483799682959461
1.700000000000001,1.909091,0.7398729117417193
1.700000000000001,2.110101,0.9603300605154094
1.700000000000001,2.311111,1.111158210452499
1.700000000000001,2.512121,1.2361855864641402
1.700000000000001,2.713131,1.40108138585453
1.700000000000001,2.914141,1.6412914822149203
1.700000000000001,3.115152,1.9562728558125042
1.700000000000001,3.316162,2.4077781348031175
1.700000000000001,3.517172,3.0773607401262932
1.700000000000001,3.718182,3.8603602187711976
1.700000000000001,3.919192,4.352094370796159
1.700000000000001,4.120202,4.327085510437211
1.700000000000001,4.321212,3.9165403054152272
1.700000000000001,4.522222,3.440172806408425
1.700000000000001,4.723232,3.1050525886514255
1.700000000000001,4.924242,3.0097674649616852
1.700000000000001,5.125253,3.0337003748329194
1.700000000000001,5.326263,2.9692174104190503
1.700000000000001,5.527273,2.7406186420195273
1.700000000000001,5.728283,2.2813522581609904
1.700000000000001,5.929293,1.693500740739773
1.700000000000001,6.130303,1.3972042665205615
1.700000000000001,6.331313,2.334216650489505
1.700000000000001,6.532323,4.596462280457684
1.700000000000001,6.733333,8.094343862396013
1.700000000000001,6.934343,12.398518014179231
1.700000000000001,7.135354,16.41159551701376
1.700000000000001,7.336364,18.326737684654145
1.700000000000001,7.537374,18.96616018368885
1.700000000000001,7.738384,19.231204208442083
1.700000000000001,7.939394,19.392076267911587
1.700000000000001,8.140404,19.51224684839929
1.700000000000001,8.341414,19.605424600383607
1.700000000000001,8.542424,19.68390160051758
1.700000000000001,8.743434,19.750967788939054
1.700000000000001,8.944444,19.80881365069089
1.700000000000001,9.145455,19.86048556310053
1.700000000000001,9.346465,19.906537017639543
1.700000000000001,9.547475,19.949349947803963
1.700000000000001,9.748485,19.989312108505374
1.700000000000001,9.949495,20.02679362877478
1.700000000000001,10.15051,20.062740556683217
1.700000000000001,10.35152,20.09707167640732
1.700000000000001,10.55253,20.130250722200348
1.700000000000001,10.75354,20.162020846005976
1.700000000000001,10.95455,20.196121962474674
1.700000000000001,11.15556,20.228579455922333
1.700000000000001,11.35657,20.261388144460106
1.700000000000001,11.55758,20.293950397398223
1.700000000000001,11.75859,20.32669217318908
1.700000000000001,11.9596,20.359526490124377
1.700000000000001,12.16061,20.39247976157718
1.700000000000001,12.36162,20.425471909119757
1.700000000000001,12.56263,20.458672659428174
1.700000000000001,12.76364,20.491815587603288
1.700000000000001,12.96465,20.52502328495153
1.700000000000001,13.16566,20.558315326288863
1.700000000000001,13.36667,20.591413261907753
1.700000000000001,13.56768,20.624690655872886
1.700000000000001,13.76869,20.657705940792777
1.700000000000001,13.9697,20.690652883361754
1.700000000000001,14.17071,20.72352041583441
1.700000000000001,14.37172,20.756071591646577
1.700000000000001,14.57273,20.788782715798593
1.700000000000001,14.77374,20.820702987168772
1.700000000000001,14.97475,20.851411798489014
1.700000000000001,15.17576,20.885184256315803
1.700000000000001,15.37677,20.916873911336722
1.700000000000001,15.57778,20.948537218928916
1.700000000000001,15.77879,20.97979296369138
1.700000000000001,15.9798,21.011014392637804
1.700000000000001,16.18081,21.04170100668732
1.700000000000001,16.38182,21.072342482170114
1.700000000000001,16.58283,21.103054811713015
1.700000000000001,16.78384,21.13310189887354
1.700000000000001,16.98485,21.163122518638406
1.700000000000001,17.18586,21.19255286604199
1.700000000000001,17.38687,21.22192625680134
1.700000000000001,17.58788,21.251300637903036
1.700000000000001,17.78889,21.280034646295377
1.700000000000001,17.9899,21.308760957137228
1.700000000000001,18.19091,21.336853986926
1.700000000000001,18.39192,21.36491900057585
1.700000000000001,18.59293,21.392914914049527
1.700000000000001,18.79394,21.42032727366905
1.700000000000001,18.99495,21.447731180299577
1.700000000000001,19.19596,21.474499877066823
1.700000000000001,19.39697,21.501249892380166
1.700000000000001,19.59798,21.52787056879142
1.700000000000001,19.79899,21.550180660315423
1.700000000000001,20.0,21.57246158919549
1.4000000000000004,0.3010101,2.8979759560642493
1.4000000000000004,0.5020202,3.0473220069948432
1.4000000000000004,0.7030303,2.33591225572715
1.4000000000000004,0.9040404,1.9399625223989587
1.4000000000000004,1.105051,1.7668057179687444
1.4000000000000004,1.306061,1.1730736818416183
1.4000000000000004,1.507071,0.5261486770939865
1.4000000000000004,1.708081,0.8427984891298645
1.4000000000000004,1.909091,1.299376854548865
1.4000000000000004,2.110101,1.5714657482091934
1.4000000000000004,2.311111,1.6411904777600193
1.4000000000000004,2.512121,1.5673621301933673
1.4000000000000004,2.713131,1.4196426748589166
1.4000000000000004,2.914141,1.2908190406192381
1.4000000000000004,3.115152,1.2274788883841221
1.4000000000000004,3.316162,1.3168371760320257
1.4000000000000004,3.517172,1.7214602115456343
1.4000000000000004,3.718182,2.470636041318316
1.4000000000000004,3.919192,3.0094589821726467
1.4000000000000004,4.120202,2.929819498388126
1.4000000000000004,4.321212,2.46865025048968
1.4000000000000004,4.522222,2.0242264396143654
1.4000000000000004,4.723232,1.7972084474540646
1.4000000000000004,4.924242,1.8759381642458823
1.4000000000000004,5.125253,2.079257713636097
1.4000000000000004,5.326263,2.1658155484702686
1.4000000000000004,5.527273,2.0627083581257533
1.4000000000000004,5.728283,1.7323608684382852
1.4000000000000004,5.929293,1.23537718042767
1.4000000000000004,6.130303,0.5969885778572234
1.4000000000000004,6.331313,1.0248439180725744
1.4000000000000004,6.532323,3.332887818412165
1.4000000000000004,6.733333,7.048832158600904
1.4000000000000004,6.934343,11.91747830325302
1.4000000000000004,7.135354,16.600934011995534
1.4000000000000004,7.336364,18.60326963907857
1.4000000000000004,7.537374,19.143964308146078
1.4000000000000004,7.738384,19.354085062608323
1.4000000000000004,7.939394,19.484566904424682
1.4000000000000004,8.140404,19.583651148250812
1.4000000000000004,8.341414,19.66244107756393
1.4000000000000004,8.542424,19.726810929959118
1.4000000000000004,8.743434,19.782380336498257
1.4000000000000004,8.944444,19.83095020331583
1.4000000000000004,9.145455,19.87510726359483
1.4000000000000004,9.346465,19.915914504620325
1.4000000000000004,9.547475,19.953470506847182
1.4000000000000004,9.748485,19.989151060258685
1.4000000000000004,9.949495,20.023259023935555
1.4000000000000004,10.15051,20.056424690969628
1.4000000000000004,10.35152,20.088971235608387
1.4000000000000004,10.55253,20.121159394077647
1.4000000000000004,10.75354,20.150515418693235
1.4000000000000004,10.95455,20.184085273860436
1.4000000000000004,11.15556,20.21627179176234
1.4000000000000004,11.35657,20.248475998274778
1.4000000000000004,11.55758,20.280913709551186
1.4000000000000004,11.75859,20.313600494761335
1.4000000000000004,11.9596,20.346533500706727
1.4000000000000004,12.16061,20.37956358984797
1.4000000000000004,12.36162,20.412945780719426
1.4000000000000004,12.56263,20.446205565517182
1.4000000000000004,12.76364,20.47976920251964
1.4000000000000004,12.96465,20.513346801065737
1.4000000000000004,13.16566,20.54682471879384
1.4000000000000004,13.36667,20.58052101434754
1.4000000000000004,13.56768,20.61387770087288
1.4000000000000004,13.76869,20.64740034821307
1.4000000000000004,13.9697,20.680745999157587
1.4000000000000004,14.17071,20.71386304005963
1.4000000000000004,14.37172,20.747209265962052
1.4000000000000004,14.57273,20.780029167495194
1.4000000000000004,14.77374,20.812383135799514
1.4000000000000004,14.97475,20.842634962225763
1.4000000000000004,15.17576,20.8743472203597
1.4000000000000004,15.37677,20.908493480520242
1.4000000000000004,15.57778,20.9407773147953
1.4000000000000004,15.77879,20.972419109173135
1.4000000000000004,15.9798,21.003890318524967
1.4000000000000004,16.18081,21.034740208970074
1.4000000000000004,16.38182,21.065760314728184
1.4000000000000004,16.58283,21.09650897122738
1.4000000000000004,16.78384,21.12687751284238
1.4000000000000004,16.98485,21.157092104987434
1.4000000000000004,17.18586,21.18664813970294
1.4000000000000004,17.38687,21.21634450310173
1.4000000000000004,17.58788,21.245736681403656
1.4000000000000004,17.78889,21.274735206049222
1.4000000000000004,17.9899,21.30361779320894
1.4000000000000004,18.19091,21.331817961992265
1.4000000000000004,18.39192,21.360138469626463
1.4000000000000004,18.59293,21.38813301949243
1.4000000000000004,18.79394,21.415771733663075
1.4000000000000004,18.99495,21.44329326204192
1.4000000000000004,19.19596,21.470160002439343
1.4000000000000004,19.39697,21.497117029633248
1.4000000000000004,19.59798,21.523736841090198
1.4000000000000004,19.79899,21.55000936724205
1.4000000000000004,20.0,21.574296417634027
1.1000000000000005,0.3010101,2.102862281744758
1.1000000000000005,0.5020202,2.3755107690725654
1.1000000000000005,0.7030303,1.4775582605753999
1.1000000000000005,0.9040404,1.1161388665215848
1.1000000000000005,1.105051,1.200302294120731
1.1000000000000005,1.306061,0.7785529696654943
1.1000000000000005,1.507071,0.968889056884915
1.1000000000000005,1.708081,1.658041549652181
1.1000000000000005,1.909091,2.1315444299680237
1.1000000000000005,2.110101,2.388275308377179
1.1000000000000005,2.311111,2.440183613067911
1.1000000000000005,2.512121,2.319396829847511
1.1000000000000005,2.713131,2.087063289698384
1.1000000000000005,2.914141,1.829610673404834
1.1000000000000005,3.115152,1.5463234752560797
1.1000000000000005,3.316162,1.2153398969599838
1.1000000000000005,3.517172,0.8266896103993384
1.1000000000000005,3.718182,0.920515966148301
1.1000000000000005,3.919192,1.4792902982361846
1.1000000000000005,4.120202,1.4410259489459236
1.1000000000000005,4.321212,1.1785190240462207
1.1000000000000005,4.522222,1.2169332777185033
1.1000000000000005,4.723232,1.482537785493766
1.1000000000000005,4.924242,1.7458009843880746
1.1000000000000005,5.125253,2.0022829511828792
1.1000000000000005,5.326263,2.1698645318014718
1.1000000000000005,5.527273,2.1627990199250346
1.1000000000000005,5.728283,2.056545964018128
1.1000000000000005,5.929293,1.8824411162487633
1.1000000000000005,6.130303,1.4532882820302409
1.1000000000000005,6.331313,0.3540886431587435
1.1000000000000005,6.532323,1.884603922318719
1.1000000000000005,6.733333,5.681917386951039
1.1000000000000005,6.934343,11.213093778412826
1.1000000000000005,7.135354,16.871876229125427
1.1000000000000005,7.336364,18.92403360068528
1.1000000000000005,7.537374,19.334190072803082
1.1000000000000005,7.738384,19.478219733971287
1.1000000000000005,7.939394,19.572962827655157
1.1000000000000005,8.140404,19.64829779946063
1.1000000000000005,8.341414,19.708194369783673
1.1000000000000005,8.542424,19.758708944239842
1.1000000000000005,8.743434,19.802437797890722
1.1000000000000005,8.944444,19.842059983339862
1.1000000000000005,9.145455,19.879566431810073
1.1000000000000005,9.346465,19.91470071292217
1.1000000000000005,9.547475,19.948190449712545
1.1000000000000005,9.748485,19.980403502661872
1.1000000000000005,9.949495,20.011938590754347
1.1000000000000005,10.15051,20.043290278506678
1.1000000000000005,10.35152,20.07441568853379
1.1000000000000005,10.55253,20.105517072312875
1.1000000000000005,10.75354,20.135556851748188
1.1000000000000005,10.95455,20.167546250654365
1.1000000000000005,11.15556,20.199741829344745
1.1000000000000005,11.35657,20.231984263571395
1.1000000000000005,11.55758,20.264663612817703
1.1000000000000005,11.75859,20.29757454648139
1.1000000000000005,11.9596,20.330858497325305
1.1000000000000005,12.16061,20.36448109856381
1.1000000000000005,12.36162,20.398069452412077
1.1000000000000005,12.56263,20.432028460923885
1.1000000000000005,12.76364,20.46595755986484
1.1000000000000005,12.96465,20.500009807940078
1.1000000000000005,13.16566,20.534155152558107
1.1000000000000005,13.36667,20.568054020902313
1.1000000000000005,13.56768,20.602108785497236
1.1000000000000005,13.76869,20.635943975046285
1.1000000000000005,13.9697,20.66971941350519
1.1000000000000005,14.17071,20.703391633977702
1.1000000000000005,14.37172,20.736823444827692
1.1000000000000005,14.57273,20.77013108570566
1.1000000000000005,14.77374,20.80287287114126
1.1000000000000005,14.97475,20.83129287938392
1.1000000000000005,15.17576,20.864017465379245
1.1000000000000005,15.37677,20.898863268744165
1.1000000000000005,15.57778,20.932461720038894
1.1000000000000005,15.77879,20.964099305732134
1.1000000000000005,15.9798,20.996204074930642
1.1000000000000005,16.18081,21.027757478084936
1.1000000000000005,16.38182,21.058813956758705
1.1000000000000005,16.58283,21.089569840786186
1.1000000000000005,16.78384,21.1199257773823
1.1000000000000005,16.98485,21.150669791415375
1.1000000000000005,17.18586,21.180775826493665
1.1000000000000005,17.38687,21.210490011213977
1.1000000000000005,17.58788,21.239880422666083
1.1000000000000005,17.78889,21.268877272189755
1.1000000000000005,17.9899,21.29819303764777
1.1000000000000005,18.19091,21.326826968372178
1.1000000000000005,18.39192,21.355146129312754
1.1000000000000005,18.59293,21.38314951541025
1.1000000000000005,18.79394,21.410777121704157
1.1000000000000005,18.99495,21.438664118096856
1.1000000000000005,19.19596,21.465866834326544
1.1000000000000005,19.39697,21.49282300635457
1.1000000000000005,19.59798,21.519452032016623
1.1000000000000005,19.79899,21.54571380451804
1.1000000000000005,20.0,21.568350761373065
0.8000000000000007,0.3010101,1.3079590043062743
0.8000000000000007,0.5020202,1.7775036908411213
0.8000000000000007,0.7030303,0.7709282628544882
0.8000000000000007,0.9040404,0.802582724507375
0.8000000000000007,1.105051,1.1559981418348042
0.8000000000000007,1.306061,1.172928534692792
0.8000000000000007,1.507071,1.7770184745829432
0.8000000000000007,1.708081,2.408460849434477
0.8000000000000007,1.909091,2.7470537516069826
0.8000000000000007,2.110101,2.8622993442824756
0.8000000000000007,2.311111,2.867989572761554
0.8000000000000007,2.512121,2.746223127659662
0.8000000000000007,2.713131,2.531854502973174
0.8000000000000007,2.914141,2.354088725796622
0.8000000000000007,3.115152,2.2074289397681457
0.8000000000000007,3.316162,2.0341544587532923
0.8000000000000007,3.517172,1.7481454099369336
0.8000000000000007,3.718182,1.3637303972685213
0.8000000000000007,3.919192,1.4205805001938892
0.8000000000000007,4.120202,1.8426121146157812
0.8000000000000007,4.321212,2.1340621338144987
0.8000000000000007,4.522222,2.328187916593807
0.8000000000000007,4.723232,2.582927189181912
0.8000000000000007,4.924242,2.7179272419154272
0.8000000000000007,5.125253,2.7735141116746838
0.8000000000000007,5.326263,2.728287327537369
0.8000000000000007,5.527273,2.5919523929685533
0.8000000000000007,5.728283,2.5291648788262737
0.8000000000000007,5.929293,2.4704143633437843
0.8000000000000007,6.130303,2.226052180496824
0.8000000000000007,6.331313,1.4474268311598335
0.8000000000000007,6.532323,0.6500638818380621
0.8000000000000007,6.733333,4.0260435991610395
0.8000000000000007,6.934343,10.119743104178816
0.8000000000000007,7.135354,17.305792899012285
0.8000000000000007,7.336364,19.273376260051588
0.8000000000000007,7.537374,19.51698578376471
0.8000000000000007,7.738384,19.59264777795007
0.8000000000000007,7.939394,19.64910790012601
0.8000000000000007,8.140404,19.695870497354363
0.8000000000000007,8.341414,19.73594008810518
0.8000000000000007,8.542424,19.77230505072134
0.8000000000000007,8.743434,19.806392815110712
0.8000000000000007,8.944444,19.83887187208494
0.8000000000000007,9.145455,19.870424699708003
0.8000000000000007,9.346465,19.901263643221895
0.8000000000000007,9.547475,19.931681635716664
0.8000000000000007,9.748485,19.961896293938626
0.8000000000000007,9.949495,19.992069144233074
0.8000000000000007,10.15051,20.02236538777806
0.8000000000000007,10.35152,20.052905754387172
0.8000000000000007,10.55253,20.083761659512128
0.8000000000000007,10.75354,20.11516432999558
0.8000000000000007,10.95455,20.14681462495245
0.8000000000000007,11.15556,20.1790825918184
0.8000000000000007,11.35657,20.2117711546728
0.8000000000000007,11.55758,20.245021630988685
0.8000000000000007,11.75859,20.278623391281755
0.8000000000000007,11.9596,20.312617844601917
0.8000000000000007,12.16061,20.346859002494234
0.8000000000000007,12.36162,20.381284145324503
0.8000000000000007,12.56263,20.415864716556143
0.8000000000000007,12.76364,20.450523007203792
0.8000000000000007,12.96465,20.485228721624633
0.8000000000000007,13.16566,20.519909580481702
0.8000000000000007,13.36667,20.554537528979644
0.8000000000000007,13.56768,20.58908794831785
0.8000000000000007,13.76869,20.623526683278254
0.8000000000000007,13.9697,20.657793216900178
0.8000000000000007,14.17071,20.691881973872917
0.8000000000000007,14.37172,20.72577746697217
0.8000000000000007,14.57273,20.759457594690527
0.8000000000000007,14.77374,20.792870615033934
0.8000000000000007,14.97475,20.82599622898765
0.8000000000000007,15.17576,20.85879605200392
0.8000000000000007,15.37677,20.8915456826177
0.8000000000000007,15.57778,20.92407075428842
0.8000000000000007,15.77879,20.95622483551475
0.8000000000000007,15.9798,20.98838483550502
0.8000000000000007,16.18081,21.01992481785823
0.8000000000000007,16.38182,21.05141116142432
0.8000000000000007,16.58283,21.082597248009098
0.8000000000000007,16.78384,21.11336460413401
0.8000000000000007,16.98485,21.144145786024218
0.8000000000000007,17.18586,21.174249678959182
0.8000000000000007,17.38687,21.204297451215773
0.8000000000000007,17.58788,21.234031778137307
0.8000000000000007,17.78889,21.263353257585297
0.8000000000000007,17.9899,21.292677305015612
0.8000000000000007,18.19091,21.321309850315075
0.8000000000000007,18.39192,21.34990485093499
0.8000000000000007,18.59293,21.378174357424143
0.8000000000000007,18.79394,21.40605850453918
0.8000000000000007,18.99495,21.433944425703558
0.8000000000000007,19.19596,21.46114621899304
0.8000000000000007,19.39697,21.488339609129188
0.8000000000000007,19.59798,21.513299012894517
0.8000000000000007,19.79899,21.535914247358004
0.8000000000000007,20.0,21.558530404931496
0.5000000000000009,0.3010101,1.1729160592443206
0.5000000000000009,0.5020202,1.9518218190840713
0.5000000000000009,0.7030303,0.886303568584786
0.5000000000000009,0.9040404,1.5742388910420433
0.5000000000000009,1.105051,2.1572323658748047
0.5000000000000009,1.306061,2.2705213638990758
0.5000000000000009,1.507071,2.5799605359768374
0.5000000000000009,1.708081,2.8673697703452596
0.5000000000000009,1.909091,2.9454039874764586
0.5000000000000009,2.110101,2.732026845609576
0.5000000000000009,2.311111,2.4706879000487616
0.5000000000000009,2.512121,2.144488487002189
0.5000000000000009,2.713131,1.8702128706727834
0.5000000000000009,2.914141,1.6812189413588952
0.5000000000000009,3.115152,1.5228322528229963
0.5000000000000009,3.316162,1.3414299305254722
0.5000000000000009,3.517172,1.3008765732182541
0.5000000000000009,3.718182,1.2082587632056454
0.5000000000000009,3.919192,1.3526588653982978
0.5000000000000009,4.120202,1.620701776091089
0.5000000000000009,4.321212,1.8758128058782944
0.5000000000000009,4.522222,2.1806449003179957
0.5000000000000009,4.723232,2.590145067558425
0.5000000000000009,4.924242,2.6189854935132493
0.5000000000000009,5.125253,3.10255130774687
0.5000000000000009,5.326263,2.8400078927001684
0.5000000000000009,5.527273,2.6294868543270584
0.5000000000000009,5.728283,2.54301025970555
0.5000000000000009,5.929293,2.5518572121144554
0.5000000000000009,6.130303,2.517175821658384
0.5000000000000009,6.331313,2.2238017720241365
0.5000000000000009,6.532323,1.6953030679345216
0.5000000000000009,6.733333,2.4403926150476054
0.5000000000000009,6.934343,8.411619585982827
0.5000000000000009,7.135354,18.076451084829753
0.5000000000000009,7.336364,19.617895261961355
0.5000000000000009,7.537374,19.66125508185711
0.5000000000000009,7.738384,19.670576298032717
0.5000000000000009,7.939394,19.68929377978429
0.5000000000000009,8.140404,19.709622734271008
0.5000000000000009,8.341414,19.73326127868492
0.5000000000000009,8.542424,19.759163263680957
0.5000000000000009,8.743434,19.786609838108028
0.5000000000000009,8.944444,19.814768513895864
0.5000000000000009,9.145455,19.84339369154179
0.5000000000000009,9.346465,19.872490469505482
0.5000000000000009,9.547475,19.901972088767618
0.5000000000000009,9.748485,19.93170651245445
0.5000000000000009,9.949495,19.96183670566839
0.5000000000000009,10.15051,19.99252220778533
0.5000000000000009,10.35152,20.023722217016847
0.5000000000000009,10.55253,20.055475765711037
0.5000000000000009,10.75354,20.087712329133367
0.5000000000000009,10.95455,20.1200945065501
0.5000000000000009,11.15556,20.153526674273678
0.5000000000000009,11.35657,20.18745095380655
0.5000000000000009,11.55758,20.22157244317698
0.5000000000000009,11.75859,20.256397178762796
0.5000000000000009,11.9596,20.29147392486446
0.5000000000000009,12.16061,20.326544840469033
0.5000000000000009,12.36162,20.36227019435755
0.5000000000000009,12.56263,20.397603731359244
0.5000000000000009,12.76364,20.43327373530153
0.5000000000000009,12.96465,20.468804851514733
0.5000000000000009,13.16566,20.504122514222246
0.5000000000000009,13.36667,20.539712126083252
0.5000000000000009,13.56768,20.574839349334194
0.5000000000000009,13.76869,20.610023498691415
0.5000000000000009,13.9697,20.644882492172023
0.5000000000000009,14.17071,20.67942887276302
0.5000000000000009,14.37172,20.714009416060122
0.5000000000000009,14.57273,20.748112291898423
0.5000000000000009,14.77374,20.78212666623606
0.5000000000000009,14.97475,20.811448017168935
0.5000000000000009,15.17576,20.84606833271484
0.5000000000000009,15.37677,20.882191447786045
0.5000000000000009,15.57778,20.914948730085868
0.5000000000000009,15.77879,20.947699986735394
0.5000000000000009,15.9798,20.979915680873898
0.5000000000000009,16.18081,21.01146263222731
0.5000000000000009,16.38182,21.043419686063366
0.5000000000000009,16.58283,21.07511684000027
0.5000000000000009,16.78384,21.10635645571172
0.5000000000000009,16.98485,21.137165123942133
0.5000000000000009,17.18586,21.16726712395114
0.5000000000000009,17.38687,21.197689116419095
0.5000000000000009,17.58788,21.227807960466528
0.5000000000000009,17.78889,21.257484605572323
0.5000000000000009,17.9899,21.28682712751445
0.5000000000000009,18.19091,21.315458446496265
0.5000000000000009,18.39192,21.344359701609825
0.5000000000000009,18.59293,21.372935706286675
0.5000000000000009,18.79394,21.401096726684983
0.5000000000000009,18.99495,21.428991693288538
0.5000000000000009,19.19596,21.456192670389605
0.5000000000000009,19.39697,21.483623582746333
0.5000000000000009,19.59798,21.51070774116774
0.5000000000000009,19.79899,21.53741509561929
0.5000000000000009,20.0,21.56005093312496
0.20000000000000107,0.3010101,0.9235115613563318
0.20000000000000107,0.5020202,1.878160363909219
0.20000000000000107,0.7030303,2.1580024269315476
0.20000000000000107,0.9040404,3.165961732218657
0.20000000000000107,1.105051,3.583729427960237
0.20000000000000107,1.306061,2.1808235107185086
0.20000000000000107,6.733333,0.8869423516539368
0.20000000000000107,6.934343,4.689329525273031
0.20000000000000107,7.135354,20.131783824100847
0.20000000000000107,7.336364,19.873969486236767
0.20000000000000107,7.537374,19.72700120649561
0.20000000000000107,7.738384,19.67797372488998
0.20000000000000107,7.939394,19.66798162974277
0.20000000000000107,8.140404,19.67423624432617
0.20000000000000107,8.341414,19.691224224480358
0.20000000000000107,8.542424,19.714002903112885
0.20000000000000107,8.743434,19.740144009405302
0.20000000000000107,8.944444,19.768400254261653
0.20000000000000107,9.145455,19.797821106257622
0.20000000000000107,9.346465,19.828264656187006
0.20000000000000107,9.547475,19.859003546221075
0.20000000000000107,9.748485,19.890233555257975
0.20000000000000107,9.949495,19.922004608228576
0.20000000000000107,10.15051,19.954288467937932
0.20000000000000107,10.35152,19.9873705153653
0.20000000000000107,10.55253,20.020773600187653
0.20000000000000107,10.75354,20.054704340310874
0.20000000000000107,10.95455,20.087756314482384
0.20000000000000107,11.15556,20.1227001076846
0.20000000000000107,11.35657,20.158949458904946
0.20000000000000107,11.55758,20.19544310230354
0.20000000000000107,11.75859,20.231382785756256
0.20000000000000107,11.9596,20.267713524302163
0.20000000000000107,12.16061,20.30468430422778
0.20000000000000107,12.36162,20.340887296571843
0.20000000000000107,12.56263,20.377998370610005
0.20000000000000107,12.76364,20.414427471699213
0.20000000000000107,12.96465,20.450897887112006
0.20000000000000107,13.16566,20.487529502385954
0.20000000000000107,13.36667,20.523453658177623
0.20000000000000107,13.56768,20.5598353057496
0.20000000000000107,13.76869,20.59552476259203
0.20000000000000107,13.9697,20.631067368311438
0.20000000000000107,14.17071,20.666515389003933
0.20000000000000107,14.37172,20.70133257153296
0.20000000000000107,14.57273,20.736331339430954
0.20000000000000107,14.77374,20.77069282326804
0.20000000000000107,14.97475,20.80295188427905
0.20000000000000107,15.17576,20.835870815162068
0.20000000000000107,15.37677,20.870417180281088
0.20000000000000107,15.57778,20.905356649899666
0.20000000000000107,15.77879,20.93810406700644
0.20000000000000107,15.9798,20.971145197866395
0.20000000000000107,16.18081,21.003598000160537
0.20000000000000107,16.38182,21.035611741276924
0.20000000000000107,16.58283,21.06729638937915
0.20000000000000107,16.78384,21.098533657430238
0.20000000000000107,16.98485,21.1299932758404
0.20000000000000107,17.18586,21.160756824108493
0.20000000000000107,17.38687,21.19121685451423
0.20000000000000107,17.58788,21.221324114665915
0.20000000000000107,17.78889,21.250999264506536
0.20000000000000107,17.9899,21.280855977987148
0.20000000000000107,18.19091,21.309992030927262
0.20000000000000107,18.39192,21.338912080707892
0.20000000000000107,18.59293,21.36747705003727
0.20000000000000107,18.79394,21.39564708684663
0.20000000000000107,18.99495,21.423958213970884
0.20000000000000107,19.19596,21.451545835702415
0.20000000000000107,19.39697,21.478985986755692
0.20000000000000107,19.59798,21.506059448167473
0.20000000000000107,19.79899,21.532766132728838
0.20000000000000107,20.0,21.557636734433256
